customerId,monthsActive,planTier,monthlyFee,monitoringType,numSensors,hasCamera,alarmTriggersYtd,mobileAppActive,contractLengthMonths,installType,supportCallsYtd,estimatedValue,cancelled
BHS-00001,27,Standard,35.47,Self-Monitored,2,Yes,4,Yes,12,DIY,0,796.43,No
BHS-00002,19,Standard,36.93,Self-Monitored,6,Yes,4,No,24,DIY,1,834.97,No
BHS-00003,17,Standard,30.91,Hybrid,4,Yes,2,Yes,12,DIY,3,855.86,No
BHS-00004,70,Premium,52.76,Self-Monitored,8,No,0,Yes,0,DIY,2,5859.47,No
BHS-00005,54,Basic,20.88,Professional,3,Yes,0,Yes,12,DIY,2,1062.8,Yes
BHS-00006,0,Premium,55.06,Professional,3,No,0,Yes,0,Professional,2,119.25,No
BHS-00007,64,Basic,23.54,Hybrid,1,No,0,No,24,Professional,0,1513.12,Yes
BHS-00008,23,Basic,19.23,Professional,6,Yes,1,Yes,0,Professional,1,505.97,No
BHS-00009,18,Standard,36.86,Hybrid,4,No,2,Yes,36,DIY,0,1118.76,No
BHS-00010,48,Basic,17.48,Professional,6,No,1,No,0,DIY,1,1113.56,Yes
BHS-00011,68,Standard,39.85,Professional,5,No,3,Yes,24,Professional,2,3438.36,No
BHS-00012,33,Premium,64.94,Self-Monitored,5,Yes,2,Yes,24,Professional,1,1534.85,No
BHS-00013,67,Basic,22.39,Professional,4,Yes,0,No,36,Professional,1,2552.29,Yes
BHS-00014,36,Premium,62.9,Self-Monitored,3,No,2,Yes,12,DIY,1,1609.17,No
BHS-00015,36,Premium,66.73,Hybrid,5,No,1,Yes,0,Professional,2,2208.54,No
BHS-00016,42,Basic,19.1,Professional,4,Yes,1,No,24,Professional,2,770.08,Yes
BHS-00017,69,Basic,19.09,Professional,4,No,3,No,12,Professional,1,1141.72,No
BHS-00018,55,Basic,15.82,Self-Monitored,4,Yes,2,Yes,0,Professional,1,970.9,No
BHS-00019,47,Standard,41.59,Hybrid,8,Yes,4,Yes,12,Professional,1,2014.45,No
BHS-00020,7,Standard,34.49,Self-Monitored,5,No,3,Yes,36,DIY,1,255.64,No
BHS-00021,15,Premium,68.68,Professional,7,Yes,3,Yes,12,DIY,0,2129.72,Yes
BHS-00022,4,Basic,15.87,Professional,11,Yes,3,No,12,DIY,1,514.39,No
BHS-00023,29,Standard,42.14,Professional,4,Yes,0,No,24,Professional,2,1732.99,No
BHS-00024,24,Standard,34.33,Professional,2,Yes,1,Yes,24,DIY,2,1483.82,No
BHS-00025,1,Premium,52.24,Self-Monitored,3,No,4,Yes,12,Professional,0,162.01,No
BHS-00026,33,Standard,37.77,Hybrid,6,No,3,Yes,24,Professional,2,1428.71,No
BHS-00027,16,Premium,48.92,Hybrid,5,Yes,1,Yes,12,Professional,0,935.39,No
BHS-00028,59,Standard,35.24,Professional,4,Yes,5,Yes,24,Professional,2,1014.4,Yes
BHS-00029,31,Premium,55.97,Professional,6,Yes,2,Yes,24,Professional,1,2632.14,No
BHS-00030,0,Basic,22.08,Self-Monitored,4,Yes,1,No,0,Professional,2,195.01,Yes
BHS-00031,52,Basic,16.9,Hybrid,1,Yes,3,Yes,12,Professional,0,1003.29,Yes
BHS-00032,46,Basic,24.41,Self-Monitored,3,Yes,4,Yes,24,Professional,2,973.23,Yes
BHS-00033,53,Premium,56.95,Self-Monitored,2,Yes,3,No,12,DIY,0,2963.84,No
BHS-00034,24,Basic,24.98,Hybrid,5,No,1,Yes,0,Professional,0,1821.12,No
BHS-00035,68,Standard,40.07,Hybrid,7,Yes,3,Yes,24,DIY,1,1110.29,Yes
BHS-00036,32,Premium,46.15,Self-Monitored,2,No,2,Yes,36,Professional,0,2231.19,No
BHS-00037,44,Basic,17.38,Hybrid,3,Yes,3,Yes,0,DIY,2,2031.62,Yes
BHS-00038,41,Standard,35.81,Hybrid,5,Yes,1,Yes,0,Professional,2,834.64,No
BHS-00039,41,Standard,32.59,Self-Monitored,2,Yes,0,No,0,Professional,0,1021.77,Yes
BHS-00040,15,Basic,18.26,Professional,9,No,1,Yes,0,DIY,1,661.37,Yes
BHS-00041,34,Standard,39.15,Self-Monitored,3,Yes,0,Yes,0,DIY,0,1276.26,No
BHS-00042,15,Standard,33.01,Professional,5,Yes,3,Yes,0,DIY,1,549.79,No
BHS-00043,17,Premium,59.75,Professional,11,No,3,Yes,12,Professional,1,1683.55,No
BHS-00044,56,Standard,36.24,Professional,9,No,0,Yes,12,Professional,1,866.63,No
BHS-00045,57,Standard,28.22,Hybrid,6,No,2,Yes,12,Professional,2,2376.98,Yes
BHS-00046,60,Premium,48.75,Professional,2,No,2,Yes,12,Professional,0,4130.71,No
BHS-00047,43,Premium,52.54,Self-Monitored,5,No,1,Yes,12,DIY,3,3705.79,No
BHS-00048,19,Standard,38.3,Hybrid,5,No,0,Yes,0,Professional,0,1037.83,No
BHS-00049,8,Standard,27.48,Professional,9,Yes,1,Yes,36,Professional,1,508.02,No
BHS-00050,45,Standard,32.99,Self-Monitored,5,Yes,0,Yes,0,Professional,2,1718.39,Yes
BHS-00051,64,Standard,29.53,Self-Monitored,2,Yes,0,Yes,12,DIY,1,950.16,No
BHS-00052,37,Premium,59.45,Self-Monitored,2,Yes,6,Yes,12,DIY,0,1849.98,No
BHS-00053,20,Standard,30.51,Hybrid,2,No,3,Yes,24,Professional,1,559.29,No
BHS-00054,43,Basic,21.75,Self-Monitored,3,Yes,1,No,12,Professional,3,843.63,Yes
BHS-00055,12,Standard,34.85,Professional,2,Yes,1,Yes,12,DIY,4,439.94,Yes
BHS-00056,63,Basic,23.81,Self-Monitored,2,No,4,Yes,12,DIY,1,1281.46,Yes
BHS-00057,28,Basic,20.41,Professional,3,Yes,3,Yes,12,DIY,1,829.42,No
BHS-00058,43,Basic,18.36,Hybrid,7,Yes,0,Yes,0,DIY,0,1148.79,No
BHS-00059,49,Standard,32.3,Hybrid,7,Yes,1,No,36,Professional,0,1222.16,No
BHS-00060,62,Basic,19.02,Professional,6,Yes,2,Yes,12,DIY,0,1681.55,No
BHS-00061,24,Premium,57.84,Professional,7,Yes,0,Yes,12,DIY,0,1814.1,No
BHS-00062,34,Basic,20.27,Professional,4,Yes,1,No,24,DIY,3,401.3,Yes
BHS-00063,27,Standard,37.94,Hybrid,7,No,1,Yes,12,DIY,0,1148.26,Yes
BHS-00064,4,Standard,34.0,Professional,5,Yes,1,Yes,24,DIY,2,308.3,No
BHS-00065,22,Premium,55.44,Professional,6,Yes,3,No,24,DIY,2,1064.83,No
BHS-00066,11,Standard,35.66,Professional,8,Yes,3,Yes,24,DIY,0,649.86,No
BHS-00067,54,Basic,18.65,Professional,7,Yes,3,No,12,DIY,2,932.16,No
BHS-00068,47,Standard,31.72,Hybrid,5,Yes,0,Yes,12,DIY,0,1350.25,No
BHS-00069,7,Basic,23.04,Professional,5,Yes,5,No,24,Professional,3,365.79,No
BHS-00070,27,Standard,37.98,Professional,5,Yes,0,No,24,Professional,2,2096.8,No
BHS-00071,1,Premium,56.44,Hybrid,5,Yes,0,No,12,DIY,1,307.51,Yes
BHS-00072,34,Standard,35.72,Professional,6,Yes,0,Yes,0,Professional,0,1122.41,No
BHS-00073,17,Standard,37.09,Professional,2,Yes,2,No,24,Professional,1,844.11,No
BHS-00074,54,Standard,38.03,Professional,8,No,1,Yes,0,DIY,0,2182.31,No
BHS-00075,68,Premium,58.93,Self-Monitored,4,Yes,4,No,12,Professional,3,6537.09,No
BHS-00076,45,Standard,38.45,Hybrid,1,Yes,2,Yes,0,DIY,1,2012.86,No
BHS-00077,10,Standard,36.65,Professional,3,Yes,4,Yes,12,DIY,0,411.65,Yes
BHS-00078,53,Basic,18.26,Hybrid,3,No,0,Yes,24,Professional,0,994.75,No
BHS-00079,37,Basic,21.14,Professional,5,Yes,1,No,12,Professional,1,1019.16,Yes
BHS-00080,2,Standard,35.69,Hybrid,4,No,1,Yes,0,Professional,2,56.18,Yes
BHS-00081,5,Basic,21.89,Professional,2,No,1,No,0,DIY,0,178.69,Yes
BHS-00082,67,Standard,39.41,Professional,3,Yes,2,Yes,12,Professional,0,7712.86,No
BHS-00083,54,Standard,35.64,Self-Monitored,4,No,3,Yes,0,DIY,2,1580.43,No
BHS-00084,26,Basic,20.01,Professional,3,No,1,Yes,24,Professional,1,280.36,No
BHS-00085,0,Standard,33.34,Professional,2,Yes,1,Yes,12,Professional,1,0.0,No
BHS-00086,51,Premium,51.37,Self-Monitored,3,Yes,1,Yes,12,DIY,1,7577.4,No
BHS-00087,33,Standard,38.66,Professional,6,No,1,Yes,12,Professional,1,998.74,No
BHS-00088,30,Basic,19.42,Self-Monitored,3,No,0,Yes,24,DIY,1,1045.54,No
BHS-00089,1,Standard,39.17,Hybrid,6,Yes,0,Yes,12,Professional,1,220.75,No
BHS-00090,15,Standard,34.78,Professional,5,Yes,3,Yes,0,DIY,1,827.38,No
BHS-00091,17,Standard,37.47,Professional,4,Yes,1,Yes,0,DIY,1,818.64,No
BHS-00092,40,Standard,36.81,Self-Monitored,5,No,0,Yes,12,Professional,0,1010.95,No
BHS-00093,45,Basic,19.93,Self-Monitored,4,Yes,1,Yes,12,DIY,1,735.81,No
BHS-00094,6,Basic,17.81,Self-Monitored,7,Yes,2,No,12,Professional,2,415.72,Yes
BHS-00095,69,Basic,21.93,Professional,5,Yes,1,No,24,DIY,0,2926.02,Yes
BHS-00096,3,Standard,35.35,Self-Monitored,6,Yes,0,Yes,24,Professional,1,290.28,No
BHS-00097,49,Standard,29.11,Self-Monitored,3,No,0,No,24,Professional,1,1053.13,No
BHS-00098,20,Premium,56.96,Self-Monitored,3,No,1,Yes,12,DIY,0,1128.77,No
BHS-00099,72,Standard,30.58,Professional,3,No,0,Yes,12,Professional,0,2081.57,No
BHS-00100,31,Standard,33.51,Professional,3,Yes,0,No,36,DIY,0,1405.32,No
BHS-00101,43,Premium,54.96,Self-Monitored,5,Yes,3,No,24,DIY,1,2472.38,No
BHS-00102,17,Basic,19.66,Professional,2,No,2,Yes,24,Professional,1,209.25,Yes
BHS-00103,24,Standard,35.16,Professional,6,Yes,0,Yes,24,DIY,1,888.53,No
BHS-00104,72,Basic,19.36,Professional,4,Yes,2,Yes,0,DIY,0,1550.23,Yes
BHS-00105,61,Premium,55.82,Professional,6,Yes,0,Yes,0,Professional,2,6889.46,No
BHS-00106,2,Standard,30.28,Professional,1,No,1,Yes,12,Professional,2,122.38,No
BHS-00107,49,Premium,61.94,Professional,1,No,3,No,24,Professional,0,3815.18,No
BHS-00108,63,Premium,56.71,Professional,6,Yes,1,No,12,DIY,0,4186.63,No
BHS-00109,47,Standard,26.62,Professional,2,No,0,Yes,24,DIY,0,878.31,No
BHS-00110,30,Standard,34.58,Self-Monitored,6,Yes,3,Yes,0,Professional,2,1135.16,No
BHS-00111,30,Standard,35.02,Self-Monitored,4,No,1,Yes,12,Professional,2,1152.78,No
BHS-00112,55,Basic,17.25,Hybrid,2,Yes,0,Yes,24,Professional,0,1459.89,No
BHS-00113,66,Basic,24.86,Hybrid,7,Yes,3,Yes,36,Professional,1,1777.09,No
BHS-00114,66,Basic,22.13,Self-Monitored,4,Yes,0,Yes,0,Professional,0,1256.01,No
BHS-00115,41,Premium,63.53,Professional,6,Yes,1,Yes,12,Professional,2,2732.11,No
BHS-00116,42,Basic,16.34,Hybrid,4,Yes,2,Yes,12,DIY,2,1269.48,No
BHS-00117,53,Standard,38.45,Professional,5,Yes,1,Yes,12,Professional,0,3022.9,No
BHS-00118,36,Standard,42.72,Professional,7,No,1,No,24,Professional,1,1986.07,No
BHS-00119,3,Standard,29.56,Professional,6,Yes,3,Yes,0,Professional,0,232.97,No
BHS-00120,46,Basic,21.4,Professional,6,Yes,3,Yes,36,Professional,0,885.39,Yes
BHS-00121,58,Standard,36.36,Professional,7,Yes,3,Yes,36,DIY,0,2134.74,No
BHS-00122,71,Standard,44.5,Hybrid,2,Yes,0,Yes,0,Professional,1,2599.62,No
BHS-00123,21,Premium,52.02,Professional,2,No,0,Yes,12,Professional,0,677.21,Yes
BHS-00124,5,Premium,54.43,Professional,4,Yes,1,Yes,12,Professional,2,299.41,No
BHS-00125,43,Basic,18.47,Professional,10,No,3,Yes,24,DIY,0,1053.82,Yes
BHS-00126,41,Standard,29.72,Professional,4,Yes,1,Yes,24,Professional,0,1596.75,No
BHS-00127,51,Standard,31.08,Self-Monitored,1,No,1,No,12,Professional,1,1676.35,Yes
BHS-00128,35,Standard,38.88,Professional,3,No,2,Yes,24,Professional,0,1316.92,Yes
BHS-00129,49,Basic,17.72,Professional,9,Yes,2,No,36,Professional,4,1308.41,Yes
BHS-00130,59,Standard,35.75,Self-Monitored,6,Yes,1,Yes,12,DIY,1,1460.64,Yes
BHS-00131,16,Basic,18.16,Professional,7,No,2,No,24,Professional,0,245.38,Yes
BHS-00132,7,Basic,21.29,Professional,2,Yes,1,Yes,36,Professional,1,212.51,No
BHS-00133,57,Standard,36.09,Hybrid,3,Yes,1,Yes,24,Professional,0,2738.19,No
BHS-00134,46,Basic,19.63,Professional,7,Yes,0,Yes,12,DIY,3,2131.61,No
BHS-00135,11,Standard,37.47,Hybrid,6,Yes,1,Yes,0,Professional,0,561.98,Yes
BHS-00136,21,Premium,45.86,Hybrid,3,Yes,2,Yes,24,Professional,0,1457.75,No
BHS-00137,40,Standard,37.95,Hybrid,4,No,3,Yes,12,Professional,1,831.22,No
BHS-00138,55,Premium,49.22,Self-Monitored,6,Yes,1,Yes,0,DIY,1,1623.96,No
BHS-00139,39,Standard,36.68,Self-Monitored,6,Yes,3,No,0,Professional,0,1674.59,No
BHS-00140,4,Standard,37.17,Professional,3,No,1,Yes,36,Professional,2,365.92,No
BHS-00141,56,Premium,52.75,Professional,3,No,0,Yes,0,Professional,1,3011.85,No
BHS-00142,61,Standard,30.2,Self-Monitored,1,Yes,1,Yes,24,DIY,0,928.56,No
BHS-00143,3,Basic,19.86,Professional,2,Yes,3,No,24,Professional,0,43.6,Yes
BHS-00144,0,Basic,20.7,Self-Monitored,5,Yes,1,Yes,12,DIY,1,171.02,Yes
BHS-00145,9,Standard,38.92,Self-Monitored,4,Yes,3,No,24,DIY,1,482.72,No
BHS-00146,64,Premium,57.83,Professional,1,No,1,Yes,24,Professional,3,2398.83,No
BHS-00147,68,Premium,51.99,Self-Monitored,5,Yes,1,Yes,12,DIY,1,5917.58,No
BHS-00148,35,Standard,41.25,Self-Monitored,5,Yes,4,Yes,0,Professional,1,1106.69,No
BHS-00149,30,Standard,39.43,Professional,4,Yes,4,Yes,0,Professional,1,836.23,Yes
BHS-00150,67,Standard,36.99,Self-Monitored,7,Yes,3,Yes,24,Professional,2,5422.51,Yes
BHS-00151,17,Basic,22.34,Hybrid,1,Yes,0,Yes,24,Professional,3,277.68,Yes
BHS-00152,0,Standard,42.54,Professional,5,No,1,Yes,24,Professional,0,210.64,Yes
BHS-00153,61,Standard,35.74,Professional,5,Yes,0,Yes,24,Professional,1,1644.34,Yes
BHS-00154,67,Standard,38.96,Professional,2,No,2,No,12,DIY,0,1747.66,No
BHS-00155,59,Standard,41.76,Professional,8,No,1,Yes,24,DIY,2,3980.72,No
BHS-00156,39,Standard,33.53,Self-Monitored,4,No,2,No,12,Professional,0,1499.78,No
BHS-00157,72,Standard,40.23,Self-Monitored,1,Yes,0,Yes,12,DIY,1,1811.84,Yes
BHS-00158,4,Standard,30.46,Professional,4,No,3,Yes,0,Professional,1,180.36,No
BHS-00159,64,Standard,31.53,Hybrid,4,Yes,1,Yes,24,Professional,0,1312.05,Yes
BHS-00160,71,Premium,48.45,Professional,4,Yes,3,Yes,12,DIY,4,1860.76,No
BHS-00161,39,Premium,57.06,Professional,2,No,0,Yes,36,DIY,3,2573.33,No
BHS-00162,20,Premium,44.99,Hybrid,8,Yes,3,Yes,12,Professional,2,939.94,No
BHS-00163,14,Standard,31.06,Professional,5,Yes,1,No,12,DIY,0,1020.53,No
BHS-00164,13,Basic,25.77,Professional,4,Yes,0,Yes,24,Professional,1,363.87,No
BHS-00165,7,Basic,19.33,Professional,5,Yes,0,No,36,Professional,0,322.49,Yes
BHS-00166,4,Basic,18.93,Professional,3,Yes,2,Yes,24,Professional,2,119.8,Yes
BHS-00167,38,Standard,26.39,Professional,6,No,3,Yes,24,Professional,1,898.83,No
BHS-00168,37,Standard,32.12,Hybrid,4,No,5,Yes,12,Professional,1,1089.36,No
BHS-00169,7,Basic,20.26,Self-Monitored,6,Yes,0,No,0,DIY,1,238.08,Yes
BHS-00170,49,Basic,21.75,Professional,3,Yes,0,Yes,12,DIY,1,1344.07,Yes
BHS-00171,38,Premium,45.21,Self-Monitored,5,Yes,6,No,0,DIY,0,1741.26,No
BHS-00172,21,Standard,35.32,Professional,6,Yes,2,No,24,DIY,2,1505.78,Yes
BHS-00173,65,Standard,33.77,Professional,4,Yes,2,Yes,36,DIY,0,5841.15,No
BHS-00174,50,Standard,29.89,Hybrid,5,Yes,4,No,0,DIY,0,1302.92,Yes
BHS-00175,27,Standard,25.13,Professional,5,Yes,0,Yes,24,DIY,1,730.12,No
BHS-00176,61,Premium,50.07,Hybrid,5,Yes,1,Yes,24,Professional,3,9239.3,No
BHS-00177,71,Standard,31.99,Professional,2,No,1,No,0,DIY,1,1114.09,No
BHS-00178,33,Basic,22.73,Hybrid,5,No,1,Yes,24,Professional,1,1670.9,Yes
BHS-00179,45,Basic,17.5,Professional,3,Yes,1,Yes,36,Professional,0,1158.92,No
BHS-00180,70,Basic,26.05,Professional,4,No,0,Yes,12,Professional,0,847.39,No
BHS-00181,33,Basic,17.04,Self-Monitored,4,Yes,2,Yes,12,DIY,2,574.18,No
BHS-00182,7,Premium,57.36,Professional,2,Yes,0,Yes,12,DIY,2,1137.28,Yes
BHS-00183,30,Basic,22.22,Professional,2,Yes,6,No,24,Professional,1,929.43,Yes
BHS-00184,53,Standard,31.59,Professional,8,No,4,Yes,24,Professional,1,1446.56,No
BHS-00185,71,Standard,42.57,Professional,2,Yes,5,Yes,12,Professional,0,1991.32,No
BHS-00186,53,Standard,34.91,Professional,3,No,1,No,12,Professional,0,919.79,No
BHS-00187,70,Standard,42.0,Hybrid,2,Yes,0,No,24,DIY,0,3485.6,No
BHS-00188,40,Standard,32.12,Professional,1,Yes,1,No,0,DIY,2,2238.63,No
BHS-00189,53,Basic,21.87,Professional,3,Yes,3,Yes,36,Professional,1,1744.01,No
BHS-00190,10,Premium,49.76,Self-Monitored,6,Yes,0,Yes,12,Professional,0,689.26,No
BHS-00191,61,Standard,39.2,Hybrid,4,No,1,Yes,24,Professional,1,2884.13,No
BHS-00192,39,Standard,35.97,Professional,3,No,1,Yes,24,Professional,2,1367.05,Yes
BHS-00193,2,Basic,16.49,Professional,5,Yes,0,No,24,Professional,2,229.71,Yes
BHS-00194,12,Premium,55.57,Self-Monitored,5,Yes,3,Yes,0,Professional,1,660.68,No
BHS-00195,53,Premium,59.49,Professional,4,No,1,No,0,Professional,0,1816.91,No
BHS-00196,6,Basic,20.66,Professional,5,No,0,Yes,12,DIY,0,197.2,No
BHS-00197,46,Standard,31.75,Professional,6,Yes,1,Yes,24,DIY,2,857.01,No
BHS-00198,39,Standard,36.02,Hybrid,1,Yes,2,Yes,0,Professional,1,3016.61,No
BHS-00199,33,Basic,15.62,Professional,2,Yes,4,No,12,Professional,1,650.54,Yes
BHS-00200,44,Basic,17.92,Professional,3,Yes,1,No,12,Professional,1,913.31,No
BHS-00201,48,Premium,57.82,Professional,2,No,4,Yes,24,DIY,1,4248.29,No
BHS-00202,58,Basic,19.82,Hybrid,1,No,1,Yes,12,DIY,2,774.53,Yes
BHS-00203,39,Standard,34.17,Hybrid,2,Yes,2,Yes,36,DIY,2,819.49,No
BHS-00204,14,Standard,33.77,Self-Monitored,7,Yes,2,No,12,DIY,0,590.98,No
BHS-00205,64,Premium,65.36,Self-Monitored,8,No,5,No,0,DIY,0,3559.74,No
BHS-00206,68,Standard,28.35,Self-Monitored,6,Yes,0,Yes,0,DIY,0,2388.15,Yes
BHS-00207,13,Basic,20.34,Hybrid,7,Yes,0,Yes,24,Professional,1,444.24,Yes
BHS-00208,41,Basic,23.1,Professional,5,Yes,0,No,24,Professional,0,1047.62,Yes
BHS-00209,34,Standard,42.87,Hybrid,6,Yes,0,Yes,24,Professional,0,1757.52,No
BHS-00210,47,Premium,55.97,Hybrid,6,No,1,Yes,12,DIY,2,2399.64,Yes
BHS-00211,4,Standard,37.16,Professional,4,No,3,No,12,DIY,3,380.68,Yes
BHS-00212,12,Premium,63.54,Professional,8,No,0,No,0,DIY,0,1080.62,No
BHS-00213,11,Standard,30.54,Self-Monitored,3,No,1,Yes,12,DIY,2,320.22,No
BHS-00214,58,Premium,58.74,Professional,1,Yes,0,Yes,0,Professional,1,5803.89,No
BHS-00215,45,Basic,18.26,Professional,7,Yes,1,Yes,24,Professional,0,1151.34,No
BHS-00216,47,Standard,36.55,Professional,3,Yes,3,Yes,0,Professional,0,786.12,No
BHS-00217,22,Premium,52.64,Hybrid,4,Yes,0,Yes,36,Professional,0,2172.28,No
BHS-00218,13,Standard,33.6,Self-Monitored,6,No,2,No,12,DIY,1,416.51,No
BHS-00219,7,Basic,20.9,Self-Monitored,5,No,2,Yes,24,Professional,0,323.36,No
BHS-00220,36,Standard,40.59,Professional,3,Yes,6,No,24,Professional,1,1188.93,No
BHS-00221,55,Basic,22.3,Self-Monitored,2,No,1,No,24,Professional,1,1408.62,No
BHS-00222,28,Basic,19.84,Hybrid,3,Yes,2,No,24,DIY,2,454.88,Yes
BHS-00223,71,Basic,19.98,Professional,4,Yes,2,Yes,0,Professional,3,1640.28,Yes
BHS-00224,72,Standard,33.82,Self-Monitored,3,Yes,1,Yes,0,Professional,2,3707.19,Yes
BHS-00225,4,Standard,34.81,Professional,4,Yes,3,No,36,Professional,1,278.42,No
BHS-00226,71,Premium,49.23,Self-Monitored,5,No,4,Yes,0,Professional,2,2410.83,No
BHS-00227,56,Basic,16.35,Self-Monitored,2,No,4,Yes,36,DIY,0,517.58,No
BHS-00228,43,Basic,15.95,Self-Monitored,10,No,2,Yes,0,DIY,2,1607.45,Yes
BHS-00229,14,Basic,17.89,Professional,2,Yes,1,Yes,24,DIY,1,436.6,Yes
BHS-00230,28,Premium,55.96,Hybrid,2,Yes,0,No,24,DIY,0,1419.09,No
BHS-00231,60,Premium,47.2,Professional,4,Yes,1,Yes,24,Professional,1,1906.06,No
BHS-00232,34,Standard,32.49,Hybrid,3,No,4,Yes,24,Professional,1,832.64,No
BHS-00233,66,Standard,36.92,Professional,4,Yes,3,Yes,12,Professional,0,1241.85,No
BHS-00234,19,Standard,34.92,Professional,1,Yes,1,No,36,Professional,1,1052.74,Yes
BHS-00235,22,Premium,53.69,Professional,5,No,5,Yes,12,DIY,1,942.7,No
BHS-00236,56,Basic,23.47,Professional,7,Yes,0,Yes,0,DIY,0,1420.32,No
BHS-00237,8,Standard,39.99,Professional,2,No,0,Yes,36,Professional,2,461.9,No
BHS-00238,36,Standard,36.22,Hybrid,6,No,1,Yes,24,Professional,2,3731.71,No
BHS-00239,24,Basic,23.48,Self-Monitored,4,No,1,No,24,Professional,3,350.08,No
BHS-00240,40,Standard,44.77,Self-Monitored,4,Yes,3,No,12,DIY,2,2096.32,Yes
BHS-00241,11,Basic,23.11,Professional,1,No,3,No,24,DIY,1,319.77,Yes
BHS-00242,3,Premium,54.11,Hybrid,6,No,1,Yes,24,DIY,2,178.28,No
BHS-00243,56,Premium,62.07,Professional,3,No,2,No,12,DIY,1,10884.95,No
BHS-00244,6,Basic,20.92,Self-Monitored,2,Yes,1,Yes,12,Professional,0,155.87,Yes
BHS-00245,28,Basic,21.3,Hybrid,5,Yes,5,No,24,Professional,0,801.43,Yes
BHS-00246,15,Basic,18.96,Professional,4,Yes,2,No,24,DIY,2,358.63,No
BHS-00247,51,Standard,34.43,Professional,1,Yes,1,Yes,0,Professional,1,2030.83,No
BHS-00248,31,Standard,31.82,Hybrid,2,Yes,7,Yes,0,Professional,2,5476.02,No
BHS-00249,72,Standard,32.09,Professional,1,No,1,Yes,24,DIY,1,2575.14,Yes
BHS-00250,31,Premium,50.73,Professional,6,No,1,No,36,DIY,1,1450.56,Yes
BHS-00251,19,Standard,32.11,Hybrid,4,Yes,1,Yes,12,Professional,1,1038.33,No
BHS-00252,62,Basic,19.06,Professional,2,Yes,1,Yes,24,Professional,2,1281.11,No
BHS-00253,60,Standard,31.74,Self-Monitored,2,No,1,Yes,0,Professional,1,3047.89,No
BHS-00254,56,Premium,57.64,Self-Monitored,7,Yes,1,Yes,24,Professional,1,5437.11,No
BHS-00255,33,Standard,41.07,Professional,7,Yes,2,Yes,24,DIY,1,1501.93,Yes
BHS-00256,46,Basic,14.91,Professional,4,Yes,1,Yes,0,DIY,1,1086.17,No
BHS-00257,20,Standard,33.97,Self-Monitored,4,Yes,0,No,24,DIY,0,1401.19,No
BHS-00258,2,Premium,49.16,Professional,1,Yes,1,Yes,12,Professional,1,197.39,No
BHS-00259,6,Premium,60.19,Self-Monitored,7,Yes,3,Yes,12,Professional,0,790.31,No
BHS-00260,40,Basic,20.51,Hybrid,7,No,1,Yes,36,Professional,2,868.64,Yes
BHS-00261,17,Premium,64.08,Professional,3,No,4,Yes,36,Professional,1,1340.24,No
BHS-00262,71,Basic,21.17,Professional,5,Yes,0,Yes,12,DIY,3,1137.57,Yes
BHS-00263,4,Premium,50.01,Self-Monitored,5,No,2,Yes,24,Professional,1,343.11,No
BHS-00264,36,Basic,18.45,Self-Monitored,4,No,3,No,12,DIY,1,1455.58,No
BHS-00265,41,Standard,36.2,Self-Monitored,1,Yes,0,Yes,0,DIY,0,1711.42,Yes
BHS-00266,40,Basic,22.27,Professional,5,Yes,0,No,12,DIY,0,976.8,No
BHS-00267,37,Basic,23.06,Hybrid,2,Yes,5,Yes,12,Professional,0,1665.37,Yes
BHS-00268,3,Standard,29.9,Self-Monitored,2,No,1,No,12,Professional,0,146.47,No
BHS-00269,48,Standard,35.01,Self-Monitored,5,Yes,3,Yes,0,Professional,2,1667.14,No
BHS-00270,19,Standard,25.64,Professional,1,Yes,1,Yes,12,DIY,1,455.69,No
BHS-00271,19,Basic,17.18,Professional,4,Yes,4,Yes,0,Professional,1,579.6,Yes
BHS-00272,44,Standard,36.43,Self-Monitored,3,No,2,Yes,12,Professional,1,2239.46,No
BHS-00273,57,Standard,32.89,Professional,7,No,3,Yes,24,DIY,0,2337.81,Yes
BHS-00274,63,Premium,55.85,Professional,9,Yes,2,Yes,12,DIY,2,9473.33,No
BHS-00275,62,Standard,41.42,Professional,4,Yes,2,Yes,0,Professional,1,1966.48,No
BHS-00276,55,Basic,25.77,Hybrid,4,Yes,0,Yes,24,Professional,1,1905.37,No
BHS-00277,31,Premium,70.53,Self-Monitored,7,Yes,3,Yes,12,DIY,1,2117.22,No
BHS-00278,61,Basic,21.35,Hybrid,5,Yes,2,Yes,0,DIY,0,1206.69,No
BHS-00279,66,Premium,50.56,Professional,3,Yes,2,No,0,Professional,1,3011.54,Yes
BHS-00280,57,Basic,23.87,Professional,4,Yes,3,Yes,12,Professional,3,1731.62,No
BHS-00281,0,Standard,38.33,Self-Monitored,4,Yes,1,No,36,DIY,0,149.8,Yes
BHS-00282,45,Standard,38.24,Hybrid,4,Yes,4,Yes,12,Professional,2,1365.77,No
BHS-00283,66,Standard,31.52,Self-Monitored,4,Yes,1,Yes,36,DIY,1,832.92,No
BHS-00284,38,Basic,18.27,Professional,4,No,2,Yes,24,DIY,1,1228.45,No
BHS-00285,5,Standard,36.47,Self-Monitored,5,Yes,2,Yes,36,Professional,0,322.25,No
BHS-00286,26,Premium,46.27,Professional,6,No,2,Yes,36,Professional,2,1884.9,No
BHS-00287,51,Premium,56.35,Professional,1,Yes,2,Yes,24,Professional,3,1853.34,No
BHS-00288,59,Basic,23.62,Hybrid,2,Yes,1,Yes,0,Professional,1,1803.08,No
BHS-00289,45,Standard,42.85,Self-Monitored,12,Yes,1,Yes,12,DIY,1,2482.27,Yes
BHS-00290,31,Standard,31.98,Self-Monitored,3,Yes,1,No,24,DIY,2,1088.87,No
BHS-00291,37,Standard,31.66,Hybrid,3,Yes,2,Yes,12,Professional,2,1089.46,Yes
BHS-00292,39,Standard,35.24,Hybrid,1,No,6,Yes,24,Professional,1,861.38,No
BHS-00293,72,Standard,36.02,Self-Monitored,4,No,1,Yes,0,DIY,0,3227.9,No
BHS-00294,72,Premium,48.6,Hybrid,7,Yes,2,Yes,12,DIY,2,3463.31,Yes
BHS-00295,32,Basic,21.64,Professional,2,Yes,3,Yes,24,DIY,0,680.08,Yes
BHS-00296,20,Standard,37.73,Hybrid,5,Yes,1,Yes,24,Professional,0,694.31,No
BHS-00297,16,Standard,37.19,Self-Monitored,7,No,4,Yes,12,DIY,0,721.48,No
BHS-00298,30,Premium,57.23,Hybrid,3,No,0,No,24,Professional,1,3010.57,No
BHS-00299,11,Standard,35.96,Hybrid,3,No,2,Yes,12,Professional,0,617.46,No
BHS-00300,5,Basic,19.26,Professional,7,No,2,Yes,12,DIY,1,362.25,Yes
BHS-00301,23,Standard,32.2,Hybrid,5,Yes,1,Yes,0,DIY,0,1065.22,No
BHS-00302,24,Basic,17.24,Self-Monitored,5,Yes,1,Yes,0,DIY,0,375.18,No
BHS-00303,54,Premium,60.22,Hybrid,5,Yes,3,Yes,0,DIY,0,7927.89,Yes
BHS-00304,65,Premium,48.85,Self-Monitored,2,Yes,2,No,24,Professional,0,8408.75,No
BHS-00305,24,Standard,42.99,Hybrid,1,No,4,Yes,0,DIY,0,655.8,No
BHS-00306,19,Premium,46.16,Self-Monitored,2,No,3,Yes,12,Professional,1,843.28,Yes
BHS-00307,28,Premium,61.14,Self-Monitored,4,Yes,0,Yes,0,DIY,0,2164.75,No
BHS-00308,61,Basic,20.02,Hybrid,4,Yes,0,Yes,24,Professional,1,1812.24,Yes
BHS-00309,23,Standard,41.1,Hybrid,1,No,0,No,0,DIY,1,851.18,Yes
BHS-00310,39,Basic,21.94,Self-Monitored,6,Yes,3,Yes,24,DIY,0,1134.95,No
BHS-00311,33,Premium,65.39,Self-Monitored,6,Yes,2,Yes,24,DIY,2,2917.26,No
BHS-00312,39,Premium,53.16,Professional,4,No,1,No,0,Professional,0,1315.41,Yes
BHS-00313,36,Premium,63.29,Self-Monitored,5,Yes,1,Yes,12,Professional,3,2125.36,No
BHS-00314,71,Standard,36.95,Hybrid,6,Yes,3,Yes,36,Professional,1,4160.22,No
BHS-00315,9,Standard,40.09,Professional,2,No,2,Yes,0,DIY,0,726.45,No
BHS-00316,34,Basic,20.18,Hybrid,4,No,2,Yes,24,DIY,0,1048.93,Yes
BHS-00317,47,Standard,34.94,Self-Monitored,7,No,4,No,24,DIY,1,2420.54,No
BHS-00318,22,Basic,20.21,Professional,5,Yes,2,Yes,0,Professional,2,566.66,Yes
BHS-00319,36,Basic,18.77,Hybrid,9,No,2,No,36,Professional,1,757.93,No
BHS-00320,47,Basic,16.68,Professional,6,No,0,Yes,0,Professional,2,952.7,No
BHS-00321,58,Standard,30.27,Professional,4,Yes,0,No,12,DIY,1,1341.46,No
BHS-00322,36,Standard,38.72,Self-Monitored,2,Yes,1,Yes,0,Professional,3,1405.67,No
BHS-00323,52,Basic,20.43,Professional,7,No,2,Yes,12,DIY,1,1368.0,Yes
BHS-00324,34,Standard,30.08,Self-Monitored,6,Yes,0,Yes,24,DIY,2,2159.61,No
BHS-00325,31,Basic,17.67,Self-Monitored,3,Yes,4,Yes,0,DIY,1,1479.02,No
BHS-00326,65,Standard,43.43,Hybrid,5,Yes,1,Yes,24,Professional,0,7019.06,No
BHS-00327,27,Standard,30.65,Self-Monitored,6,Yes,3,Yes,0,Professional,0,693.08,No
BHS-00328,53,Standard,40.82,Professional,5,Yes,4,No,0,Professional,1,4334.52,Yes
BHS-00329,15,Standard,42.69,Hybrid,6,Yes,3,Yes,24,Professional,0,841.2,No
BHS-00330,30,Premium,65.59,Hybrid,3,Yes,4,Yes,0,Professional,1,1783.17,No
BHS-00331,12,Premium,59.27,Self-Monitored,1,Yes,1,Yes,36,DIY,0,673.56,No
BHS-00332,13,Basic,22.37,Hybrid,5,No,1,Yes,36,Professional,0,235.53,Yes
BHS-00333,23,Basic,22.09,Self-Monitored,2,Yes,1,Yes,0,DIY,3,722.68,Yes
BHS-00334,5,Basic,24.16,Professional,5,Yes,0,No,12,DIY,1,415.15,Yes
BHS-00335,45,Premium,55.83,Self-Monitored,5,No,2,Yes,24,DIY,1,1575.62,No
BHS-00336,18,Basic,19.05,Self-Monitored,3,No,3,Yes,0,DIY,2,338.43,Yes
BHS-00337,46,Standard,29.79,Self-Monitored,4,Yes,0,Yes,36,Professional,0,1413.91,Yes
BHS-00338,71,Standard,29.4,Professional,6,No,0,Yes,12,Professional,2,4332.07,No
BHS-00339,67,Premium,59.06,Professional,6,Yes,2,Yes,0,Professional,2,1595.93,Yes
BHS-00340,8,Standard,37.25,Professional,3,Yes,2,Yes,36,DIY,0,577.3,No
BHS-00341,44,Standard,41.4,Self-Monitored,6,Yes,1,Yes,0,DIY,0,2360.59,No
BHS-00342,72,Basic,19.88,Professional,4,Yes,3,No,12,Professional,3,1909.94,Yes
BHS-00343,50,Standard,38.07,Professional,4,No,2,Yes,12,Professional,2,811.47,Yes
BHS-00344,46,Standard,31.94,Professional,4,Yes,0,Yes,12,Professional,0,1232.5,No
BHS-00345,58,Premium,60.21,Professional,4,No,1,No,36,Professional,1,2849.37,No
BHS-00346,35,Premium,41.52,Professional,5,Yes,4,Yes,12,DIY,0,886.01,No
BHS-00347,51,Basic,16.31,Professional,7,Yes,1,Yes,24,Professional,0,2133.72,No
BHS-00348,61,Basic,18.6,Self-Monitored,3,No,1,Yes,24,DIY,1,1633.91,Yes
BHS-00349,42,Standard,41.45,Hybrid,6,Yes,2,Yes,36,DIY,0,2883.17,No
BHS-00350,22,Standard,44.24,Self-Monitored,5,Yes,2,Yes,24,DIY,0,1541.39,No
BHS-00351,55,Standard,31.48,Self-Monitored,7,Yes,2,Yes,0,Professional,0,1082.9,No
BHS-00352,4,Basic,19.98,Self-Monitored,7,Yes,1,No,24,DIY,1,328.24,Yes
BHS-00353,49,Basic,20.19,Self-Monitored,4,No,1,Yes,12,DIY,0,1603.12,Yes
BHS-00354,12,Standard,36.81,Self-Monitored,4,Yes,4,Yes,36,DIY,2,392.23,No
BHS-00355,1,Basic,19.04,Professional,2,Yes,2,Yes,36,Professional,0,152.54,Yes
BHS-00356,58,Standard,37.81,Professional,9,No,3,Yes,36,Professional,3,1597.48,No
BHS-00357,58,Basic,18.42,Self-Monitored,7,Yes,3,Yes,24,DIY,1,1072.85,No
BHS-00358,42,Standard,34.17,Professional,3,Yes,2,Yes,24,DIY,1,1519.39,Yes
BHS-00359,1,Basic,20.6,Professional,5,Yes,1,Yes,12,DIY,2,272.6,Yes
BHS-00360,34,Basic,19.24,Self-Monitored,2,Yes,2,No,24,Professional,0,386.39,Yes
BHS-00361,32,Basic,23.27,Self-Monitored,4,Yes,1,Yes,0,Professional,1,995.24,Yes
BHS-00362,55,Premium,54.29,Professional,7,Yes,3,Yes,12,DIY,1,9260.05,No
BHS-00363,62,Basic,20.62,Professional,6,Yes,4,Yes,36,DIY,0,1883.24,No
BHS-00364,35,Standard,31.7,Hybrid,6,Yes,0,No,36,Professional,2,969.69,No
BHS-00365,50,Standard,31.04,Professional,3,No,2,Yes,36,Professional,0,1231.82,No
BHS-00366,34,Standard,28.18,Professional,3,No,0,Yes,0,Professional,1,940.8,Yes
BHS-00367,67,Standard,38.75,Self-Monitored,10,Yes,0,Yes,24,Professional,1,2882.97,No
BHS-00368,66,Standard,33.24,Hybrid,3,Yes,2,Yes,24,Professional,0,1621.99,No
BHS-00369,53,Basic,18.66,Self-Monitored,5,Yes,1,Yes,0,Professional,1,1730.9,No
BHS-00370,41,Standard,41.93,Self-Monitored,4,Yes,1,Yes,12,Professional,2,1346.69,No
BHS-00371,36,Basic,22.7,Hybrid,1,Yes,3,No,0,DIY,1,838.5,Yes
BHS-00372,47,Standard,37.46,Professional,3,Yes,3,No,12,Professional,0,3835.37,No
BHS-00373,26,Standard,34.95,Self-Monitored,2,No,0,Yes,24,Professional,1,860.98,No
BHS-00374,46,Standard,41.09,Professional,6,Yes,2,Yes,24,Professional,0,5177.61,No
BHS-00375,1,Basic,17.47,Self-Monitored,8,Yes,1,No,0,Professional,1,266.19,No
BHS-00376,20,Basic,19.01,Self-Monitored,4,Yes,1,Yes,12,DIY,0,516.12,Yes
BHS-00377,52,Standard,34.97,Hybrid,3,Yes,2,No,12,DIY,1,1867.46,No
BHS-00378,72,Standard,33.02,Self-Monitored,2,Yes,4,Yes,12,DIY,0,1924.12,Yes
BHS-00379,14,Standard,38.2,Self-Monitored,5,Yes,0,Yes,24,Professional,4,514.02,Yes
BHS-00380,2,Basic,17.37,Self-Monitored,7,No,7,Yes,36,Professional,0,230.32,Yes
BHS-00381,25,Basic,19.35,Professional,3,No,2,Yes,0,Professional,1,418.91,No
BHS-00382,23,Basic,23.42,Professional,2,No,1,Yes,12,DIY,1,177.13,No
BHS-00383,72,Premium,47.14,Professional,6,Yes,1,Yes,36,DIY,0,2338.31,No
BHS-00384,25,Premium,49.57,Self-Monitored,4,Yes,0,No,24,Professional,0,2194.85,No
BHS-00385,67,Basic,20.46,Professional,4,No,1,No,24,Professional,1,1236.58,Yes
BHS-00386,71,Standard,33.03,Professional,2,No,3,Yes,12,DIY,1,4945.76,Yes
BHS-00387,0,Basic,15.67,Self-Monitored,6,Yes,3,Yes,0,DIY,0,183.49,Yes
BHS-00388,43,Basic,19.03,Professional,3,Yes,2,Yes,12,DIY,1,1389.62,No
BHS-00389,19,Premium,56.92,Self-Monitored,1,Yes,3,No,0,DIY,2,1074.71,No
BHS-00390,27,Standard,35.9,Self-Monitored,7,No,2,Yes,0,DIY,1,991.08,No
BHS-00391,31,Basic,20.66,Self-Monitored,3,No,0,Yes,12,Professional,1,1230.73,No
BHS-00392,23,Standard,36.64,Professional,3,Yes,0,Yes,12,Professional,0,2307.76,No
BHS-00393,12,Basic,20.72,Hybrid,4,Yes,1,No,12,Professional,0,454.93,No
BHS-00394,6,Basic,19.55,Professional,5,Yes,1,No,24,Professional,3,321.87,Yes
BHS-00395,10,Standard,35.42,Professional,4,Yes,1,No,24,DIY,1,537.13,No
BHS-00396,2,Basic,21.91,Self-Monitored,8,Yes,2,Yes,24,DIY,0,260.29,No
BHS-00397,29,Standard,36.7,Hybrid,5,No,5,No,12,DIY,0,1456.8,No
BHS-00398,11,Basic,21.45,Hybrid,4,Yes,1,Yes,24,DIY,1,329.27,Yes
BHS-00399,13,Premium,54.41,Self-Monitored,2,Yes,0,No,24,Professional,1,576.11,Yes
BHS-00400,33,Basic,19.61,Professional,2,Yes,3,Yes,36,DIY,0,1752.18,Yes
BHS-00401,42,Basic,20.58,Self-Monitored,3,Yes,2,Yes,0,Professional,2,686.17,No
BHS-00402,21,Premium,55.19,Professional,6,Yes,0,No,24,DIY,2,1368.22,No
BHS-00403,34,Standard,36.71,Professional,6,No,1,Yes,0,DIY,0,2112.49,No
BHS-00404,71,Basic,19.64,Professional,2,Yes,1,Yes,12,Professional,1,1029.61,No
BHS-00405,64,Premium,54.21,Professional,4,Yes,1,Yes,12,Professional,2,3591.2,No
BHS-00406,20,Premium,53.87,Self-Monitored,3,No,1,No,0,DIY,2,1484.06,No
BHS-00407,51,Standard,35.89,Self-Monitored,6,No,2,Yes,12,Professional,0,1980.95,No
BHS-00408,60,Standard,33.03,Self-Monitored,3,Yes,0,Yes,12,DIY,1,2534.27,No
BHS-00409,40,Premium,54.91,Professional,7,Yes,3,Yes,12,DIY,2,2113.07,No
BHS-00410,62,Standard,30.99,Professional,6,No,2,Yes,12,DIY,0,2410.65,No
BHS-00411,23,Standard,32.17,Self-Monitored,1,Yes,1,Yes,24,Professional,2,577.96,No
BHS-00412,15,Standard,32.42,Professional,6,Yes,3,No,36,DIY,2,322.62,No
BHS-00413,31,Basic,20.13,Professional,5,No,3,Yes,24,DIY,0,601.73,No
BHS-00414,16,Standard,37.75,Professional,9,No,1,Yes,24,DIY,0,892.52,No
BHS-00415,43,Basic,20.47,Professional,4,Yes,4,Yes,24,DIY,1,1331.97,Yes
BHS-00416,52,Basic,22.53,Self-Monitored,4,Yes,0,Yes,0,DIY,1,2206.6,No
BHS-00417,65,Premium,64.37,Professional,4,Yes,3,No,12,Professional,0,8684.49,No
BHS-00418,70,Premium,58.88,Hybrid,6,No,0,Yes,12,DIY,2,2182.63,Yes
BHS-00419,35,Standard,42.01,Self-Monitored,4,No,4,Yes,12,Professional,2,1042.77,No
BHS-00420,38,Basic,21.17,Professional,2,No,1,Yes,24,Professional,0,728.59,Yes
BHS-00421,0,Basic,20.0,Professional,2,Yes,3,No,12,Professional,2,110.08,Yes
BHS-00422,27,Basic,18.98,Professional,8,No,1,Yes,0,Professional,0,669.5,Yes
BHS-00423,21,Standard,35.08,Hybrid,5,Yes,3,No,0,Professional,0,1138.45,No
BHS-00424,2,Standard,40.03,Professional,4,Yes,2,No,24,Professional,0,216.52,No
BHS-00425,3,Basic,21.65,Hybrid,4,No,1,Yes,36,Professional,1,253.99,Yes
BHS-00426,57,Basic,20.78,Hybrid,4,No,1,No,36,DIY,0,668.94,No
BHS-00427,8,Basic,19.75,Professional,3,No,1,Yes,24,DIY,0,218.19,Yes
BHS-00428,18,Premium,49.37,Hybrid,7,Yes,3,No,24,DIY,0,1239.87,No
BHS-00429,45,Basic,19.23,Professional,4,No,2,Yes,12,Professional,1,967.5,Yes
BHS-00430,14,Standard,32.3,Professional,5,Yes,2,Yes,24,Professional,0,578.98,No
BHS-00431,42,Standard,34.52,Hybrid,5,No,2,Yes,12,DIY,1,3023.4,No
BHS-00432,15,Premium,52.34,Self-Monitored,6,Yes,1,Yes,24,DIY,2,1126.74,No
BHS-00433,26,Premium,59.1,Self-Monitored,6,Yes,1,Yes,0,DIY,1,1107.09,No
BHS-00434,49,Premium,53.38,Professional,5,Yes,3,Yes,24,Professional,0,1783.68,No
BHS-00435,59,Basic,20.15,Self-Monitored,6,No,1,No,12,DIY,3,1208.85,Yes
BHS-00436,30,Standard,34.42,Self-Monitored,4,No,1,Yes,24,DIY,0,633.75,No
BHS-00437,43,Standard,37.47,Professional,2,Yes,3,Yes,36,Professional,0,3626.2,No
BHS-00438,59,Basic,18.32,Hybrid,2,Yes,2,No,24,Professional,1,2182.77,Yes
BHS-00439,59,Basic,16.38,Hybrid,8,Yes,1,Yes,12,Professional,0,990.34,Yes
BHS-00440,6,Premium,58.07,Professional,7,Yes,4,Yes,12,DIY,2,658.62,No
BHS-00441,3,Standard,32.63,Self-Monitored,3,No,2,Yes,36,Professional,1,243.97,No
BHS-00442,50,Basic,23.92,Professional,4,Yes,1,Yes,0,Professional,1,1271.29,No
BHS-00443,35,Basic,23.99,Self-Monitored,7,Yes,4,No,0,Professional,1,955.0,Yes
BHS-00444,63,Basic,20.37,Hybrid,4,Yes,2,No,36,Professional,2,1822.95,No
BHS-00445,43,Basic,21.34,Professional,5,Yes,2,Yes,24,DIY,1,997.93,No
BHS-00446,62,Standard,38.07,Professional,4,Yes,0,No,0,Professional,1,2205.5,No
BHS-00447,56,Basic,19.46,Self-Monitored,3,Yes,2,Yes,12,Professional,0,1002.84,Yes
BHS-00448,12,Basic,21.3,Self-Monitored,7,Yes,3,Yes,24,Professional,0,652.8,Yes
BHS-00449,64,Standard,36.5,Professional,6,No,2,Yes,36,Professional,1,1763.92,No
BHS-00450,43,Basic,20.3,Professional,4,Yes,2,Yes,24,DIY,3,877.94,Yes
BHS-00451,6,Basic,20.52,Self-Monitored,5,No,0,No,12,DIY,1,211.69,No
BHS-00452,69,Premium,54.86,Self-Monitored,3,Yes,2,Yes,24,Professional,0,5431.04,No
BHS-00453,16,Standard,35.75,Professional,2,No,1,Yes,24,Professional,0,1202.37,Yes
BHS-00454,58,Standard,32.81,Professional,3,Yes,1,Yes,12,Professional,1,1507.66,Yes
BHS-00455,27,Standard,28.45,Professional,3,No,2,Yes,36,Professional,0,1578.7,No
BHS-00456,62,Premium,56.25,Hybrid,2,Yes,2,No,12,Professional,1,5979.63,No
BHS-00457,7,Premium,62.64,Professional,3,Yes,1,No,12,Professional,0,372.33,No
BHS-00458,67,Premium,57.4,Self-Monitored,3,Yes,2,No,36,Professional,0,4430.43,No
BHS-00459,36,Standard,33.29,Professional,5,No,2,Yes,24,Professional,2,863.86,Yes
BHS-00460,8,Standard,38.08,Professional,6,No,3,Yes,24,Professional,0,321.22,No
BHS-00461,32,Standard,28.01,Self-Monitored,1,No,0,Yes,12,DIY,0,519.22,No
BHS-00462,13,Standard,28.77,Professional,6,No,3,Yes,24,DIY,0,488.59,No
BHS-00463,38,Premium,66.6,Self-Monitored,4,No,0,Yes,36,DIY,3,2331.71,No
BHS-00464,58,Premium,51.02,Self-Monitored,5,No,3,Yes,24,DIY,1,2051.73,No
BHS-00465,8,Standard,33.91,Hybrid,7,Yes,3,Yes,36,Professional,2,631.52,No
BHS-00466,57,Premium,49.5,Professional,5,Yes,2,No,36,Professional,0,4777.28,No
BHS-00467,59,Standard,31.68,Professional,4,Yes,1,Yes,24,Professional,1,2568.15,No
BHS-00468,7,Premium,57.38,Professional,6,No,3,Yes,36,Professional,3,227.29,No
BHS-00469,61,Standard,47.89,Professional,9,Yes,3,Yes,24,DIY,1,5315.29,Yes
BHS-00470,62,Premium,53.7,Self-Monitored,6,No,2,Yes,12,Professional,1,3653.37,No
BHS-00471,45,Standard,36.0,Professional,5,No,1,Yes,12,DIY,0,1323.91,No
BHS-00472,22,Basic,17.58,Professional,5,Yes,3,No,12,DIY,2,520.49,No
BHS-00473,12,Standard,33.42,Hybrid,4,Yes,1,Yes,12,Professional,0,867.54,No
BHS-00474,67,Standard,39.58,Professional,2,Yes,1,Yes,12,Professional,1,2710.04,Yes
BHS-00475,58,Standard,34.76,Self-Monitored,5,Yes,0,Yes,24,DIY,0,1733.78,No
BHS-00476,4,Standard,34.68,Hybrid,4,No,0,Yes,24,Professional,0,222.66,No
BHS-00477,18,Premium,55.79,Professional,4,Yes,3,Yes,36,DIY,0,750.16,No
BHS-00478,44,Standard,42.32,Professional,2,Yes,0,Yes,24,Professional,0,1405.75,No
BHS-00479,43,Basic,24.5,Professional,7,Yes,2,No,12,Professional,0,1573.86,Yes
BHS-00480,71,Standard,26.69,Self-Monitored,3,No,0,Yes,24,Professional,1,1725.45,No
BHS-00481,49,Standard,31.16,Self-Monitored,1,No,1,No,0,DIY,6,1384.04,No
BHS-00482,42,Basic,17.27,Professional,4,Yes,1,Yes,12,DIY,0,900.4,No
BHS-00483,24,Standard,37.14,Professional,6,Yes,0,Yes,24,Professional,1,1433.29,No
BHS-00484,8,Standard,31.2,Self-Monitored,8,No,2,Yes,36,Professional,1,1077.04,No
BHS-00485,20,Standard,31.15,Professional,4,No,2,Yes,0,DIY,0,396.83,No
BHS-00486,6,Basic,22.15,Hybrid,3,No,2,No,36,Professional,2,205.91,Yes
BHS-00487,69,Basic,18.05,Professional,2,No,0,Yes,24,Professional,1,1192.5,No
BHS-00488,41,Standard,38.32,Self-Monitored,1,Yes,1,Yes,0,DIY,1,2843.94,No
BHS-00489,30,Basic,15.13,Professional,3,Yes,1,Yes,0,DIY,2,665.22,No
BHS-00490,53,Standard,32.31,Professional,5,Yes,4,Yes,12,Professional,1,1557.48,No
BHS-00491,46,Standard,36.49,Self-Monitored,4,Yes,2,Yes,12,Professional,1,1599.16,No
BHS-00492,58,Basic,22.41,Hybrid,10,Yes,1,No,12,Professional,3,2838.85,No
BHS-00493,3,Premium,57.14,Self-Monitored,6,Yes,0,Yes,0,DIY,1,294.36,No
BHS-00494,42,Standard,34.0,Professional,4,No,2,Yes,12,Professional,1,1695.73,No
BHS-00495,0,Standard,36.42,Self-Monitored,2,No,2,Yes,36,DIY,0,101.35,No
BHS-00496,22,Basic,20.47,Professional,2,No,0,Yes,36,Professional,1,980.17,Yes
BHS-00497,24,Premium,47.24,Self-Monitored,5,No,6,Yes,12,DIY,2,657.72,Yes
BHS-00498,7,Premium,41.92,Professional,7,Yes,4,Yes,36,Professional,1,439.43,No
BHS-00499,68,Basic,16.65,Hybrid,4,Yes,2,Yes,0,DIY,1,1510.52,No
BHS-00500,48,Premium,59.32,Hybrid,6,Yes,0,No,24,Professional,0,2535.41,No
BHS-00501,59,Basic,21.72,Self-Monitored,6,No,0,No,12,DIY,1,825.2,No
BHS-00502,40,Basic,19.17,Professional,7,Yes,2,No,0,Professional,2,1358.21,Yes
BHS-00503,35,Basic,24.62,Hybrid,4,Yes,4,Yes,0,Professional,1,1001.66,Yes
BHS-00504,18,Standard,34.62,Professional,8,Yes,4,Yes,0,DIY,2,679.55,Yes
BHS-00505,16,Standard,38.36,Professional,3,Yes,3,Yes,12,DIY,0,533.42,No
BHS-00506,69,Basic,16.55,Professional,6,No,2,Yes,12,DIY,4,1491.66,Yes
BHS-00507,67,Basic,18.49,Hybrid,3,Yes,2,Yes,24,Professional,0,839.5,Yes
BHS-00508,41,Premium,46.38,Professional,3,Yes,1,No,24,Professional,1,2408.46,No
BHS-00509,63,Basic,22.13,Hybrid,2,Yes,2,Yes,12,Professional,1,5337.66,Yes
BHS-00510,57,Standard,38.82,Self-Monitored,6,Yes,2,No,12,DIY,1,1517.73,No
BHS-00511,54,Premium,51.93,Hybrid,12,Yes,4,Yes,24,Professional,1,6321.94,No
BHS-00512,44,Standard,32.22,Self-Monitored,5,Yes,1,No,36,DIY,1,2720.52,No
BHS-00513,27,Basic,19.01,Professional,3,Yes,2,Yes,36,Professional,1,513.12,Yes
BHS-00514,11,Basic,18.03,Self-Monitored,5,Yes,2,Yes,12,Professional,1,277.58,No
BHS-00515,33,Standard,28.55,Hybrid,4,No,1,No,12,DIY,0,863.2,No
BHS-00516,67,Standard,34.46,Professional,5,Yes,3,Yes,12,Professional,2,2923.68,No
BHS-00517,7,Standard,32.67,Professional,9,Yes,1,No,12,Professional,0,499.55,No
BHS-00518,42,Basic,20.64,Self-Monitored,2,No,1,Yes,12,Professional,1,817.33,Yes
BHS-00519,35,Basic,22.82,Professional,5,No,2,Yes,12,Professional,0,791.52,Yes
BHS-00520,47,Basic,19.95,Self-Monitored,2,Yes,1,Yes,0,DIY,0,803.94,No
BHS-00521,51,Basic,19.54,Self-Monitored,1,Yes,1,Yes,24,Professional,2,1458.17,No
BHS-00522,37,Standard,32.15,Professional,7,Yes,0,Yes,12,Professional,2,999.16,Yes
BHS-00523,43,Standard,28.06,Professional,5,Yes,2,No,0,DIY,3,1060.97,No
BHS-00524,56,Standard,33.36,Self-Monitored,8,No,2,Yes,12,Professional,0,2709.59,No
BHS-00525,14,Premium,53.95,Professional,7,Yes,1,No,24,Professional,2,776.65,No
BHS-00526,68,Basic,18.18,Self-Monitored,7,No,1,Yes,0,Professional,3,1177.78,Yes
BHS-00527,37,Standard,35.16,Self-Monitored,4,Yes,3,Yes,36,Professional,1,1221.42,No
BHS-00528,24,Premium,54.49,Self-Monitored,5,No,2,Yes,0,DIY,1,3102.84,No
BHS-00529,65,Premium,59.68,Professional,4,Yes,1,No,12,Professional,0,2557.4,Yes
BHS-00530,62,Basic,18.95,Professional,5,Yes,0,No,0,Professional,1,2322.5,Yes
BHS-00531,12,Basic,17.29,Self-Monitored,5,Yes,3,No,24,Professional,2,365.83,No
BHS-00532,8,Basic,23.13,Self-Monitored,5,No,3,No,0,Professional,0,323.45,Yes
BHS-00533,61,Basic,21.84,Professional,2,No,2,Yes,24,DIY,1,1138.03,Yes
BHS-00534,31,Standard,32.63,Professional,4,No,1,No,12,Professional,1,1678.22,No
BHS-00535,71,Standard,34.79,Self-Monitored,7,No,2,No,12,Professional,2,1402.67,No
BHS-00536,65,Basic,16.85,Self-Monitored,3,Yes,5,Yes,24,DIY,0,956.92,Yes
BHS-00537,8,Basic,18.64,Hybrid,3,Yes,5,Yes,36,DIY,0,192.72,No
BHS-00538,42,Premium,58.99,Self-Monitored,3,No,3,Yes,0,Professional,2,2789.52,Yes
BHS-00539,40,Premium,56.42,Professional,6,No,0,Yes,24,Professional,2,2542.77,No
BHS-00540,2,Standard,37.59,Self-Monitored,1,Yes,0,Yes,0,Professional,0,139.81,No
BHS-00541,24,Basic,21.94,Self-Monitored,3,Yes,4,No,0,Professional,2,422.41,No
BHS-00542,26,Premium,58.4,Professional,6,No,1,Yes,24,Professional,0,3531.14,Yes
BHS-00543,43,Standard,40.66,Professional,4,Yes,0,Yes,12,Professional,2,1886.01,Yes
BHS-00544,52,Basic,21.7,Self-Monitored,5,No,2,No,24,DIY,1,510.98,No
BHS-00545,10,Standard,41.13,Self-Monitored,1,Yes,1,No,36,DIY,1,677.09,Yes
BHS-00546,23,Standard,32.39,Self-Monitored,6,No,3,Yes,24,Professional,1,816.16,No
BHS-00547,29,Premium,48.82,Professional,4,No,1,Yes,12,DIY,2,1739.91,No
BHS-00548,17,Standard,31.99,Self-Monitored,4,Yes,1,Yes,0,Professional,0,762.5,Yes
BHS-00549,62,Premium,50.49,Professional,5,Yes,3,Yes,0,Professional,2,2123.5,No
BHS-00550,58,Standard,29.46,Self-Monitored,1,Yes,2,Yes,24,Professional,1,2175.34,Yes
BHS-00551,7,Basic,19.82,Professional,4,Yes,1,Yes,12,DIY,2,308.97,Yes
BHS-00552,18,Basic,19.44,Professional,6,Yes,0,Yes,24,DIY,0,561.8,No
BHS-00553,20,Standard,38.25,Professional,1,No,1,Yes,0,Professional,2,1215.85,No
BHS-00554,14,Basic,20.05,Professional,8,Yes,2,Yes,12,Professional,1,375.31,Yes
BHS-00555,11,Standard,35.72,Professional,5,Yes,1,Yes,0,Professional,2,677.7,No
BHS-00556,50,Standard,40.67,Self-Monitored,3,Yes,1,Yes,36,DIY,2,1356.71,No
BHS-00557,62,Standard,35.71,Professional,4,No,0,Yes,12,Professional,2,883.7,No
BHS-00558,50,Basic,18.95,Professional,6,No,3,Yes,0,Professional,3,697.71,Yes
BHS-00559,50,Basic,22.75,Hybrid,2,Yes,3,Yes,0,Professional,0,628.77,No
BHS-00560,0,Standard,32.76,Professional,4,Yes,1,Yes,12,Professional,0,135.72,No
BHS-00561,6,Premium,75.0,Professional,3,Yes,1,Yes,0,Professional,3,418.75,No
BHS-00562,41,Standard,34.8,Self-Monitored,7,No,2,Yes,12,Professional,1,1934.33,Yes
BHS-00563,46,Standard,34.12,Professional,6,Yes,1,Yes,24,Professional,3,1439.93,No
BHS-00564,4,Standard,32.11,Professional,5,Yes,2,No,0,Professional,2,321.62,No
BHS-00565,53,Standard,35.33,Hybrid,5,No,1,No,12,Professional,0,1502.19,No
BHS-00566,66,Standard,31.49,Hybrid,6,Yes,0,Yes,24,DIY,1,2475.61,Yes
BHS-00567,47,Standard,40.55,Self-Monitored,4,No,1,Yes,24,Professional,0,1391.11,No
BHS-00568,53,Standard,28.1,Professional,2,No,0,Yes,0,Professional,1,1971.77,No
BHS-00569,54,Premium,55.9,Self-Monitored,7,No,2,No,0,Professional,0,2967.76,No
BHS-00570,53,Premium,60.27,Professional,4,Yes,4,No,36,Professional,1,4190.53,No
BHS-00571,38,Standard,39.8,Self-Monitored,3,Yes,0,No,24,Professional,0,926.45,No
BHS-00572,54,Standard,32.98,Self-Monitored,5,Yes,2,No,12,Professional,1,2310.02,No
BHS-00573,0,Standard,25.0,Professional,2,Yes,2,No,24,Professional,2,161.66,No
BHS-00574,13,Standard,27.79,Self-Monitored,3,No,0,Yes,0,Professional,1,222.63,No
BHS-00575,34,Premium,48.1,Self-Monitored,5,Yes,5,Yes,0,Professional,2,814.13,No
BHS-00576,7,Standard,34.73,Self-Monitored,4,Yes,2,Yes,24,Professional,0,640.7,No
BHS-00577,33,Basic,21.82,Self-Monitored,5,Yes,2,Yes,24,Professional,1,1049.66,Yes
BHS-00578,32,Basic,20.78,Self-Monitored,5,Yes,3,Yes,24,Professional,0,916.2,Yes
BHS-00579,35,Basic,17.33,Self-Monitored,8,No,0,No,24,Professional,4,1318.2,No
BHS-00580,51,Standard,33.3,Self-Monitored,2,Yes,1,No,12,Professional,1,2635.06,No
BHS-00581,25,Standard,36.62,Professional,4,Yes,3,Yes,12,DIY,2,1747.85,Yes
BHS-00582,72,Premium,59.4,Self-Monitored,3,Yes,2,Yes,24,Professional,0,2675.61,No
BHS-00583,2,Standard,33.29,Hybrid,8,No,0,Yes,36,Professional,2,349.39,No
BHS-00584,20,Standard,37.3,Professional,3,Yes,4,Yes,12,Professional,1,2532.12,No
BHS-00585,63,Basic,18.53,Professional,2,Yes,1,Yes,0,DIY,0,1619.22,No
BHS-00586,66,Standard,35.03,Self-Monitored,6,No,0,No,24,DIY,0,751.87,No
BHS-00587,65,Premium,53.47,Professional,3,Yes,2,Yes,12,DIY,1,4037.23,No
BHS-00588,5,Standard,37.59,Professional,7,Yes,1,Yes,0,DIY,1,476.41,Yes
BHS-00589,34,Basic,18.5,Hybrid,7,No,0,No,0,Professional,1,541.23,No
BHS-00590,21,Basic,19.15,Professional,2,Yes,1,Yes,36,Professional,1,823.76,No
BHS-00591,5,Basic,20.5,Professional,5,Yes,1,Yes,36,DIY,1,258.72,Yes
BHS-00592,29,Basic,24.0,Self-Monitored,1,Yes,0,No,24,Professional,2,868.57,Yes
BHS-00593,2,Standard,38.46,Hybrid,3,No,3,No,12,Professional,0,155.92,Yes
BHS-00594,25,Standard,37.02,Professional,5,Yes,2,Yes,24,DIY,2,1255.4,No
BHS-00595,42,Premium,51.8,Professional,4,Yes,0,Yes,12,Professional,2,3001.52,No
BHS-00596,60,Standard,33.8,Hybrid,2,Yes,0,Yes,0,Professional,0,2386.88,No
BHS-00597,6,Standard,40.68,Professional,4,Yes,0,No,24,Professional,1,464.18,Yes
BHS-00598,31,Standard,34.72,Professional,4,Yes,1,No,24,Professional,0,1365.87,No
BHS-00599,30,Basic,20.5,Professional,7,Yes,2,Yes,36,Professional,0,1789.81,No
BHS-00600,56,Standard,32.08,Hybrid,5,Yes,2,Yes,36,Professional,2,2986.68,Yes
BHS-00601,18,Premium,65.54,Hybrid,3,No,1,Yes,24,Professional,0,1090.0,No
BHS-00602,64,Standard,33.29,Professional,3,No,2,Yes,24,DIY,2,1466.01,No
BHS-00603,19,Premium,64.24,Hybrid,5,No,0,Yes,0,DIY,2,635.59,No
BHS-00604,36,Premium,54.82,Professional,6,Yes,5,Yes,0,Professional,3,1214.74,No
BHS-00605,59,Standard,36.53,Professional,1,Yes,0,Yes,12,Professional,2,1093.6,No
BHS-00606,28,Standard,38.98,Self-Monitored,5,Yes,6,Yes,0,Professional,1,694.08,No
BHS-00607,55,Basic,16.61,Self-Monitored,3,Yes,3,Yes,0,Professional,1,1285.65,Yes
BHS-00608,0,Standard,37.66,Professional,1,No,0,Yes,0,DIY,1,10.27,No
BHS-00609,70,Basic,21.76,Professional,2,Yes,0,Yes,36,Professional,2,1285.59,No
BHS-00610,53,Basic,16.69,Professional,5,No,2,No,24,Professional,0,938.16,Yes
BHS-00611,10,Basic,21.19,Self-Monitored,5,No,4,Yes,0,Professional,1,453.28,Yes
BHS-00612,70,Premium,56.47,Professional,4,No,4,No,0,DIY,2,5262.4,No
BHS-00613,62,Standard,37.67,Self-Monitored,6,No,0,Yes,24,Professional,3,3107.29,No
BHS-00614,17,Standard,33.51,Professional,3,Yes,0,Yes,12,DIY,1,1073.36,No
BHS-00615,26,Premium,52.72,Professional,10,No,3,Yes,36,DIY,3,1994.14,No
BHS-00616,68,Standard,39.34,Professional,6,Yes,1,No,36,Professional,3,2017.19,Yes
BHS-00617,26,Standard,35.02,Hybrid,2,Yes,3,Yes,24,Professional,0,1135.77,No
BHS-00618,71,Premium,48.15,Self-Monitored,2,No,0,Yes,12,Professional,0,8022.17,No
BHS-00619,19,Premium,55.56,Self-Monitored,4,No,1,No,24,Professional,1,1121.75,No
BHS-00620,48,Basic,18.96,Professional,8,No,1,No,12,DIY,1,1598.14,Yes
BHS-00621,14,Standard,32.81,Professional,7,Yes,0,No,12,Professional,0,1319.25,No
BHS-00622,46,Premium,56.48,Professional,3,No,3,Yes,0,Professional,1,2205.58,No
BHS-00623,60,Standard,27.35,Professional,7,No,2,Yes,12,Professional,1,1175.42,No
BHS-00624,61,Premium,61.31,Self-Monitored,3,Yes,2,Yes,12,Professional,0,3874.07,No
BHS-00625,30,Basic,21.49,Professional,3,Yes,1,No,24,DIY,1,608.87,Yes
BHS-00626,71,Premium,58.58,Self-Monitored,3,Yes,0,Yes,24,Professional,0,4387.9,No
BHS-00627,30,Premium,49.09,Hybrid,4,No,3,Yes,12,DIY,1,995.73,No
BHS-00628,45,Basic,21.37,Professional,8,No,1,No,24,Professional,1,805.5,Yes
BHS-00629,64,Standard,37.41,Professional,1,Yes,0,Yes,12,DIY,1,2229.48,No
BHS-00630,1,Basic,20.48,Self-Monitored,3,No,1,Yes,0,Professional,2,25.7,Yes
BHS-00631,51,Standard,32.65,Hybrid,5,Yes,3,Yes,12,Professional,0,3642.12,No
BHS-00632,55,Premium,42.76,Hybrid,10,Yes,1,Yes,24,DIY,1,1884.96,No
BHS-00633,30,Basic,17.44,Professional,4,Yes,0,Yes,0,Professional,0,609.4,No
BHS-00634,21,Standard,30.64,Professional,4,Yes,1,Yes,12,Professional,3,923.66,No
BHS-00635,53,Premium,53.12,Professional,6,Yes,3,Yes,24,Professional,2,9537.45,No
BHS-00636,37,Standard,29.87,Hybrid,4,Yes,0,Yes,36,Professional,4,1131.05,No
BHS-00637,8,Standard,38.57,Professional,4,Yes,3,Yes,12,Professional,1,651.7,No
BHS-00638,45,Standard,35.67,Self-Monitored,2,Yes,2,Yes,12,DIY,2,1436.63,Yes
BHS-00639,69,Basic,18.49,Self-Monitored,2,Yes,2,Yes,12,Professional,0,742.49,No
BHS-00640,26,Standard,37.04,Professional,4,No,1,Yes,24,Professional,0,665.14,Yes
BHS-00641,57,Standard,34.12,Self-Monitored,4,Yes,2,Yes,0,DIY,0,1865.94,No
BHS-00642,8,Standard,35.15,Self-Monitored,2,Yes,2,No,0,Professional,1,748.9,No
BHS-00643,3,Standard,34.82,Professional,6,Yes,2,No,24,Professional,1,406.48,Yes
BHS-00644,39,Basic,21.33,Professional,1,No,2,No,12,Professional,1,1098.79,Yes
BHS-00645,18,Premium,47.33,Professional,7,Yes,0,Yes,12,Professional,2,949.72,No
BHS-00646,34,Standard,30.34,Hybrid,5,No,2,Yes,12,DIY,0,952.09,No
BHS-00647,27,Standard,38.25,Hybrid,5,No,2,Yes,12,DIY,1,775.8,No
BHS-00648,71,Basic,20.5,Professional,4,Yes,6,No,0,Professional,0,2181.52,Yes
BHS-00649,26,Premium,54.42,Hybrid,5,Yes,0,Yes,36,Professional,2,2379.53,No
BHS-00650,5,Standard,31.56,Self-Monitored,4,Yes,0,Yes,0,Professional,1,363.04,Yes
BHS-00651,17,Standard,32.82,Hybrid,3,Yes,3,No,12,Professional,0,516.25,No
BHS-00652,63,Premium,57.73,Self-Monitored,4,Yes,0,Yes,12,Professional,1,2608.58,No
BHS-00653,35,Standard,36.47,Professional,5,Yes,0,No,24,DIY,1,3368.44,No
BHS-00654,36,Basic,24.6,Hybrid,4,No,1,Yes,0,DIY,1,1193.39,No
BHS-00655,60,Premium,57.02,Professional,8,Yes,1,Yes,12,Professional,0,5907.01,No
BHS-00656,15,Premium,52.37,Professional,3,No,1,Yes,24,Professional,2,762.24,No
BHS-00657,60,Basic,20.39,Self-Monitored,3,Yes,1,No,24,Professional,1,1890.94,No
BHS-00658,21,Standard,39.13,Hybrid,3,Yes,2,Yes,0,DIY,1,910.37,Yes
BHS-00659,56,Standard,32.51,Self-Monitored,1,Yes,1,No,24,Professional,0,2437.27,No
BHS-00660,0,Standard,38.04,Self-Monitored,3,No,4,Yes,12,Professional,1,0.0,No
BHS-00661,28,Basic,21.99,Professional,2,No,2,Yes,24,Professional,1,545.37,Yes
BHS-00662,39,Standard,36.3,Self-Monitored,1,No,3,Yes,0,Professional,0,1357.69,No
BHS-00663,36,Standard,34.11,Professional,4,Yes,1,Yes,12,Professional,0,566.22,No
BHS-00664,67,Standard,34.65,Professional,5,Yes,0,No,12,Professional,0,1523.05,No
BHS-00665,25,Basic,19.04,Hybrid,6,No,0,Yes,36,Professional,1,925.73,Yes
BHS-00666,54,Standard,34.61,Self-Monitored,5,Yes,2,Yes,36,Professional,0,2703.4,No
BHS-00667,65,Basic,17.9,Hybrid,4,No,0,Yes,12,Professional,2,1615.05,Yes
BHS-00668,21,Standard,35.9,Professional,7,No,0,No,12,Professional,0,597.74,No
BHS-00669,54,Basic,22.9,Self-Monitored,9,No,1,Yes,12,Professional,2,1220.64,Yes
BHS-00670,25,Standard,39.6,Professional,6,Yes,2,Yes,12,Professional,2,1880.35,No
BHS-00671,32,Standard,36.16,Professional,3,Yes,5,No,12,DIY,1,728.07,Yes
BHS-00672,21,Basic,18.23,Professional,5,Yes,3,Yes,24,DIY,0,554.25,No
BHS-00673,24,Premium,57.53,Professional,2,No,1,Yes,36,DIY,1,707.14,No
BHS-00674,9,Premium,63.48,Hybrid,5,Yes,1,Yes,24,Professional,0,894.24,No
BHS-00675,56,Standard,33.9,Self-Monitored,4,Yes,3,Yes,0,Professional,0,1494.89,No
BHS-00676,11,Premium,57.51,Hybrid,4,No,1,Yes,12,Professional,2,1152.3,No
BHS-00677,53,Basic,16.46,Professional,4,No,1,Yes,24,DIY,0,957.08,Yes
BHS-00678,52,Standard,33.19,Hybrid,3,Yes,1,Yes,36,Professional,1,2119.58,No
BHS-00679,64,Standard,35.56,Professional,10,No,3,No,0,Professional,1,3077.43,No
BHS-00680,42,Premium,57.3,Professional,6,No,2,No,0,DIY,3,4861.93,No
BHS-00681,10,Standard,33.09,Hybrid,8,Yes,1,Yes,0,Professional,0,668.13,No
BHS-00682,21,Basic,16.67,Professional,4,Yes,3,No,36,Professional,0,689.36,Yes
BHS-00683,56,Basic,20.91,Hybrid,3,No,1,Yes,12,Professional,1,1036.4,Yes
BHS-00684,19,Standard,27.88,Hybrid,7,No,4,Yes,12,Professional,0,647.74,No
BHS-00685,59,Premium,51.87,Professional,4,No,1,No,12,DIY,1,1687.1,Yes
BHS-00686,52,Standard,39.57,Hybrid,7,Yes,2,Yes,0,Professional,0,2851.64,Yes
BHS-00687,46,Standard,34.48,Self-Monitored,6,No,0,No,24,DIY,2,1554.92,No
BHS-00688,6,Premium,56.11,Self-Monitored,5,Yes,2,Yes,12,DIY,3,519.0,No
BHS-00689,40,Standard,34.27,Hybrid,6,Yes,1,Yes,12,Professional,1,1506.37,No
BHS-00690,15,Standard,40.39,Self-Monitored,4,Yes,3,Yes,24,Professional,0,849.4,Yes
BHS-00691,72,Premium,64.29,Hybrid,5,Yes,0,Yes,0,Professional,2,3771.1,No
BHS-00692,25,Premium,54.78,Hybrid,6,Yes,1,Yes,12,DIY,0,1837.18,No
BHS-00693,31,Standard,32.94,Professional,5,No,0,No,12,Professional,0,790.73,Yes
BHS-00694,63,Premium,53.22,Self-Monitored,5,Yes,3,Yes,12,Professional,2,6023.76,No
BHS-00695,2,Basic,18.32,Professional,13,No,1,Yes,12,Professional,0,390.3,Yes
BHS-00696,59,Basic,16.21,Professional,4,Yes,2,Yes,24,DIY,0,804.78,No
BHS-00697,20,Premium,62.47,Professional,2,Yes,2,Yes,24,Professional,4,1773.34,No
BHS-00698,6,Premium,54.22,Professional,8,Yes,1,Yes,0,Professional,3,659.55,No
BHS-00699,13,Premium,58.79,Self-Monitored,3,Yes,0,Yes,0,Professional,1,1113.1,No
BHS-00700,40,Standard,36.69,Professional,5,Yes,3,No,0,DIY,2,1001.31,No
BHS-00701,16,Standard,34.97,Professional,8,No,3,Yes,36,DIY,1,389.74,No
BHS-00702,61,Premium,56.51,Hybrid,2,Yes,1,Yes,12,Professional,1,6674.51,No
BHS-00703,5,Standard,36.37,Hybrid,6,Yes,1,Yes,24,Professional,2,366.99,Yes
BHS-00704,39,Standard,32.6,Self-Monitored,7,Yes,1,Yes,0,DIY,0,1862.85,No
BHS-00705,2,Standard,38.6,Hybrid,11,No,3,Yes,0,DIY,3,365.61,Yes
BHS-00706,33,Premium,58.36,Professional,7,No,2,Yes,12,DIY,1,2044.67,No
BHS-00707,53,Premium,60.28,Self-Monitored,5,Yes,1,Yes,24,DIY,2,1809.49,Yes
BHS-00708,65,Basic,24.8,Professional,5,Yes,3,Yes,12,DIY,0,1683.29,No
BHS-00709,62,Standard,42.09,Professional,1,No,1,No,0,Professional,3,3982.21,No
BHS-00710,53,Basic,14.53,Professional,5,Yes,3,No,0,Professional,2,507.99,Yes
BHS-00711,62,Premium,62.92,Self-Monitored,3,Yes,4,Yes,12,Professional,1,10635.84,No
BHS-00712,37,Premium,61.63,Self-Monitored,2,Yes,0,Yes,24,DIY,1,1264.48,Yes
BHS-00713,65,Standard,31.24,Self-Monitored,6,Yes,0,Yes,0,DIY,1,1824.15,No
BHS-00714,12,Standard,38.03,Professional,4,No,2,Yes,36,Professional,4,539.77,No
BHS-00715,33,Premium,64.02,Self-Monitored,7,Yes,0,Yes,0,DIY,1,5804.7,No
BHS-00716,12,Basic,18.96,Hybrid,4,Yes,1,Yes,24,Professional,1,354.3,Yes
BHS-00717,10,Basic,24.05,Hybrid,5,No,4,No,24,Professional,2,269.82,No
BHS-00718,17,Premium,53.78,Professional,5,No,0,No,24,Professional,2,710.98,No
BHS-00719,53,Basic,20.14,Professional,4,Yes,3,Yes,12,Professional,1,964.1,Yes
BHS-00720,42,Basic,26.15,Hybrid,2,No,1,Yes,12,DIY,1,1151.07,No
BHS-00721,41,Standard,35.47,Professional,6,Yes,0,No,0,Professional,0,851.71,Yes
BHS-00722,39,Basic,21.95,Professional,3,Yes,3,No,12,Professional,2,652.46,Yes
BHS-00723,31,Standard,36.46,Professional,4,Yes,1,No,12,Professional,0,996.35,No
BHS-00724,46,Standard,36.85,Self-Monitored,6,Yes,0,Yes,12,DIY,0,2269.51,Yes
BHS-00725,12,Basic,17.04,Professional,5,No,1,Yes,24,DIY,1,269.3,No
BHS-00726,14,Basic,21.87,Professional,1,No,0,Yes,12,Professional,1,448.08,Yes
BHS-00727,22,Basic,18.57,Professional,1,Yes,2,No,12,DIY,2,431.2,Yes
BHS-00728,37,Basic,19.36,Self-Monitored,4,No,0,No,36,Professional,1,1383.7,Yes
BHS-00729,46,Standard,29.98,Self-Monitored,4,Yes,2,Yes,0,Professional,0,2048.71,No
BHS-00730,44,Standard,31.83,Hybrid,5,No,0,Yes,36,Professional,2,1302.5,No
BHS-00731,9,Standard,34.02,Professional,1,Yes,2,Yes,12,Professional,3,302.67,No
BHS-00732,62,Premium,48.05,Self-Monitored,3,No,2,No,12,Professional,0,2414.07,No
BHS-00733,53,Basic,17.48,Professional,6,No,2,Yes,0,Professional,1,736.89,Yes
BHS-00734,20,Standard,39.88,Self-Monitored,4,Yes,0,No,0,Professional,1,704.39,Yes
BHS-00735,11,Basic,18.36,Professional,3,Yes,1,Yes,0,Professional,1,407.83,No
BHS-00736,20,Basic,21.8,Professional,4,No,1,Yes,12,Professional,1,597.66,Yes
BHS-00737,71,Premium,54.34,Professional,5,Yes,3,Yes,0,DIY,0,5845.72,No
BHS-00738,72,Basic,17.72,Hybrid,4,Yes,1,No,12,Professional,1,1577.09,Yes
BHS-00739,30,Basic,15.15,Professional,5,Yes,1,No,36,DIY,3,407.2,Yes
BHS-00740,4,Premium,72.54,Hybrid,3,Yes,1,No,36,Professional,2,425.55,No
BHS-00741,25,Standard,33.78,Self-Monitored,1,No,1,Yes,36,Professional,1,1138.6,No
BHS-00742,35,Standard,36.86,Self-Monitored,1,Yes,4,Yes,12,Professional,2,3044.34,No
BHS-00743,70,Basic,21.02,Self-Monitored,5,No,1,Yes,0,DIY,1,1555.79,Yes
BHS-00744,67,Basic,19.38,Professional,4,Yes,3,Yes,12,DIY,0,1431.88,No
BHS-00745,50,Basic,22.29,Self-Monitored,5,Yes,1,No,12,DIY,1,1314.95,Yes
BHS-00746,40,Basic,18.07,Professional,2,No,3,Yes,36,DIY,2,798.27,Yes
BHS-00747,37,Standard,35.21,Hybrid,3,Yes,4,Yes,12,DIY,1,990.38,Yes
BHS-00748,42,Basic,22.55,Professional,3,Yes,0,No,24,Professional,1,1561.8,No
BHS-00749,7,Basic,21.78,Hybrid,6,No,0,No,36,DIY,0,382.62,Yes
BHS-00750,19,Standard,35.26,Professional,8,Yes,1,Yes,24,Professional,0,2148.08,No
BHS-00751,42,Premium,54.73,Hybrid,7,No,3,Yes,36,Professional,1,2543.98,No
BHS-00752,53,Premium,44.11,Professional,6,Yes,2,Yes,36,Professional,0,3570.78,No
BHS-00753,31,Basic,21.28,Professional,8,Yes,1,Yes,24,Professional,0,824.45,Yes
BHS-00754,70,Basic,16.62,Hybrid,5,No,1,Yes,24,Professional,2,1458.29,Yes
BHS-00755,54,Basic,19.84,Hybrid,4,Yes,2,Yes,12,Professional,1,1569.89,Yes
BHS-00756,33,Standard,35.6,Self-Monitored,2,No,2,No,24,Professional,1,2687.09,No
BHS-00757,71,Premium,71.28,Professional,6,Yes,1,Yes,36,DIY,1,4475.47,No
BHS-00758,63,Basic,22.25,Professional,7,Yes,0,No,12,Professional,0,1327.97,Yes
BHS-00759,37,Standard,31.73,Hybrid,10,Yes,1,Yes,12,DIY,0,1519.96,No
BHS-00760,2,Standard,34.37,Professional,6,Yes,0,Yes,24,Professional,1,268.17,Yes
BHS-00761,42,Basic,18.61,Self-Monitored,5,Yes,0,No,0,Professional,0,1319.36,No
BHS-00762,61,Premium,56.52,Professional,5,Yes,0,Yes,24,Professional,4,3503.17,No
BHS-00763,65,Premium,50.33,Professional,4,Yes,1,Yes,24,DIY,0,4127.17,No
BHS-00764,69,Standard,33.35,Self-Monitored,3,No,2,No,24,Professional,1,1876.9,No
BHS-00765,5,Basic,14.74,Professional,3,Yes,1,Yes,12,Professional,2,161.66,No
BHS-00766,62,Basic,18.3,Self-Monitored,8,Yes,2,Yes,0,Professional,1,1914.19,No
BHS-00767,29,Premium,48.34,Hybrid,2,Yes,2,Yes,24,DIY,1,1857.79,No
BHS-00768,6,Premium,56.24,Professional,3,Yes,0,Yes,12,Professional,1,335.18,No
BHS-00769,31,Standard,34.76,Professional,5,No,2,No,12,DIY,0,1667.05,No
BHS-00770,46,Standard,32.28,Professional,4,Yes,1,Yes,24,DIY,2,1784.33,No
BHS-00771,44,Standard,42.26,Professional,1,Yes,2,No,12,Professional,1,1769.66,No
BHS-00772,5,Standard,28.16,Professional,3,Yes,2,Yes,0,DIY,1,283.3,Yes
BHS-00773,7,Standard,28.29,Professional,3,Yes,0,No,12,DIY,2,450.51,No
BHS-00774,4,Standard,36.7,Professional,4,Yes,1,Yes,24,Professional,2,311.56,Yes
BHS-00775,5,Standard,38.29,Hybrid,4,Yes,1,Yes,24,DIY,1,273.04,No
BHS-00776,5,Standard,41.42,Professional,2,No,1,Yes,0,DIY,1,346.41,Yes
BHS-00777,14,Premium,59.91,Self-Monitored,3,Yes,4,Yes,12,DIY,2,1072.98,Yes
BHS-00778,10,Basic,17.62,Professional,6,No,0,Yes,36,Professional,0,416.44,Yes
BHS-00779,55,Standard,33.94,Professional,10,No,0,Yes,0,Professional,1,1880.0,No
BHS-00780,39,Basic,18.47,Self-Monitored,6,Yes,1,Yes,36,DIY,0,1258.68,No
BHS-00781,41,Basic,16.38,Professional,4,Yes,2,Yes,0,Professional,0,608.59,Yes
BHS-00782,54,Standard,35.01,Professional,4,No,3,Yes,12,DIY,1,2447.21,No
BHS-00783,43,Basic,21.93,Hybrid,4,Yes,1,Yes,36,Professional,1,755.91,No
BHS-00784,11,Basic,21.51,Professional,4,Yes,1,No,36,DIY,4,585.04,Yes
BHS-00785,65,Standard,36.99,Self-Monitored,7,Yes,2,No,12,Professional,0,3793.56,Yes
BHS-00786,0,Premium,59.46,Self-Monitored,4,No,2,Yes,36,DIY,1,157.11,No
BHS-00787,22,Premium,60.81,Professional,5,No,0,No,36,Professional,0,1186.1,No
BHS-00788,31,Basic,17.72,Professional,3,No,1,Yes,12,DIY,0,738.18,No
BHS-00789,15,Premium,46.45,Hybrid,9,Yes,4,Yes,0,DIY,2,791.73,No
BHS-00790,31,Standard,40.59,Professional,6,Yes,3,Yes,24,Professional,0,1045.6,Yes
BHS-00791,12,Standard,29.75,Professional,6,Yes,3,Yes,12,Professional,3,925.95,No
BHS-00792,31,Premium,48.34,Professional,4,No,1,No,24,DIY,2,1440.68,No
BHS-00793,8,Premium,55.34,Professional,3,No,2,No,0,DIY,0,563.29,Yes
BHS-00794,40,Standard,35.76,Professional,3,Yes,2,Yes,0,Professional,3,845.73,No
BHS-00795,40,Basic,18.91,Hybrid,4,No,3,Yes,12,Professional,0,1037.61,Yes
BHS-00796,70,Standard,37.55,Professional,8,Yes,1,Yes,12,DIY,4,5567.48,No
BHS-00797,12,Standard,33.65,Hybrid,2,Yes,0,Yes,12,DIY,3,581.7,No
BHS-00798,20,Basic,17.81,Professional,3,Yes,6,Yes,12,Professional,2,795.27,No
BHS-00799,45,Premium,62.2,Self-Monitored,8,Yes,3,Yes,24,Professional,3,2388.28,No
BHS-00800,41,Basic,21.21,Self-Monitored,3,Yes,1,Yes,12,Professional,2,2421.06,No
BHS-00801,43,Basic,17.48,Self-Monitored,3,Yes,1,No,24,Professional,1,763.29,No
BHS-00802,61,Standard,36.72,Hybrid,4,Yes,1,Yes,0,Professional,1,1555.41,Yes
BHS-00803,35,Basic,17.85,Professional,5,Yes,0,Yes,0,DIY,1,481.45,No
BHS-00804,31,Basic,20.24,Self-Monitored,4,No,0,Yes,12,DIY,1,939.71,Yes
BHS-00805,25,Premium,52.8,Hybrid,5,No,1,Yes,24,Professional,4,2338.32,Yes
BHS-00806,1,Standard,32.54,Professional,9,No,2,Yes,24,Professional,0,270.65,Yes
BHS-00807,29,Basic,17.87,Professional,4,Yes,2,Yes,12,Professional,1,794.38,No
BHS-00808,25,Premium,41.66,Professional,7,No,0,Yes,24,Professional,0,1050.83,Yes
BHS-00809,52,Standard,39.87,Professional,7,Yes,1,Yes,12,DIY,0,3534.97,No
BHS-00810,51,Basic,24.18,Professional,6,Yes,1,Yes,12,DIY,1,1129.84,No
BHS-00811,19,Basic,18.19,Professional,5,Yes,2,No,0,Professional,2,719.59,Yes
BHS-00812,13,Premium,60.49,Professional,4,Yes,4,Yes,12,Professional,0,2113.36,Yes
BHS-00813,49,Basic,21.82,Professional,5,No,2,No,36,Professional,1,934.28,No
BHS-00814,48,Standard,27.94,Hybrid,5,Yes,2,No,24,DIY,0,1094.07,No
BHS-00815,20,Basic,22.2,Self-Monitored,4,Yes,3,No,12,Professional,0,1243.97,No
BHS-00816,3,Basic,16.48,Professional,4,No,0,Yes,12,Professional,3,169.09,Yes
BHS-00817,35,Basic,19.33,Hybrid,5,Yes,2,No,0,Professional,0,844.42,Yes
BHS-00818,48,Basic,17.81,Self-Monitored,1,Yes,3,Yes,12,Professional,2,762.25,No
BHS-00819,14,Basic,22.25,Professional,4,Yes,1,Yes,24,Professional,0,646.62,No
BHS-00820,36,Premium,40.0,Self-Monitored,3,Yes,5,Yes,0,Professional,2,1405.71,No
BHS-00821,66,Basic,19.8,Hybrid,7,Yes,2,No,0,Professional,3,1467.16,Yes
BHS-00822,51,Premium,52.39,Professional,2,Yes,2,Yes,12,Professional,2,2176.49,No
BHS-00823,62,Premium,60.1,Hybrid,5,Yes,3,No,12,Professional,0,3953.79,No
BHS-00824,2,Basic,22.22,Professional,9,No,3,No,0,DIY,1,286.4,No
BHS-00825,68,Standard,33.95,Self-Monitored,2,Yes,1,Yes,36,Professional,4,4113.61,No
BHS-00826,69,Basic,24.07,Professional,4,Yes,3,Yes,24,DIY,0,1161.25,No
BHS-00827,48,Premium,59.9,Professional,7,Yes,1,No,24,Professional,0,2580.33,Yes
BHS-00828,42,Standard,37.26,Professional,5,Yes,2,Yes,12,Professional,2,3526.9,No
BHS-00829,12,Standard,33.84,Hybrid,4,No,1,No,24,Professional,1,544.04,No
BHS-00830,48,Standard,38.41,Self-Monitored,5,No,1,Yes,12,DIY,0,2573.99,No
BHS-00831,45,Premium,45.43,Hybrid,7,No,1,Yes,12,DIY,2,2022.14,No
BHS-00832,59,Basic,24.31,Self-Monitored,2,No,1,Yes,24,Professional,0,1284.37,No
BHS-00833,14,Premium,60.79,Hybrid,5,Yes,4,No,36,DIY,1,1438.88,Yes
BHS-00834,3,Standard,35.27,Professional,4,No,1,No,12,DIY,0,168.16,Yes
BHS-00835,34,Standard,36.19,Hybrid,1,Yes,2,Yes,36,Professional,1,1715.65,No
BHS-00836,11,Premium,63.62,Hybrid,3,Yes,0,Yes,12,DIY,0,1231.69,No
BHS-00837,63,Standard,37.25,Self-Monitored,5,Yes,1,Yes,12,Professional,1,1313.68,No
BHS-00838,11,Basic,17.31,Self-Monitored,6,No,2,No,36,Professional,1,354.34,No
BHS-00839,13,Basic,17.04,Self-Monitored,3,Yes,1,No,24,Professional,2,356.4,Yes
BHS-00840,11,Standard,34.78,Professional,6,No,3,Yes,12,Professional,1,583.3,No
BHS-00841,64,Standard,28.37,Professional,6,Yes,2,Yes,0,Professional,3,3391.83,Yes
BHS-00842,6,Standard,42.0,Hybrid,5,Yes,0,Yes,12,DIY,1,345.74,No
BHS-00843,35,Basic,17.04,Professional,3,No,2,No,12,Professional,2,986.3,Yes
BHS-00844,67,Basic,22.83,Professional,4,Yes,0,No,24,DIY,0,2511.34,Yes
BHS-00845,22,Basic,21.87,Self-Monitored,2,No,0,Yes,12,Professional,1,643.39,No
BHS-00846,25,Basic,21.69,Professional,4,Yes,0,Yes,36,DIY,2,631.56,No
BHS-00847,49,Basic,21.36,Hybrid,2,No,2,Yes,36,DIY,0,1060.16,No
BHS-00848,8,Basic,18.97,Self-Monitored,5,Yes,3,Yes,24,Professional,1,304.29,No
BHS-00849,41,Basic,20.21,Hybrid,4,Yes,0,Yes,12,DIY,0,1338.17,No
BHS-00850,51,Standard,40.46,Self-Monitored,6,No,3,No,24,DIY,0,2490.81,Yes
BHS-00851,29,Basic,20.83,Self-Monitored,8,No,2,Yes,24,DIY,4,930.61,Yes
BHS-00852,26,Basic,20.27,Self-Monitored,6,Yes,1,Yes,36,Professional,0,1199.67,No
BHS-00853,11,Premium,59.34,Professional,4,Yes,1,No,12,Professional,1,689.23,No
BHS-00854,15,Standard,37.88,Professional,7,Yes,3,Yes,0,DIY,1,789.3,Yes
BHS-00855,21,Premium,53.94,Self-Monitored,5,Yes,2,Yes,24,Professional,1,684.17,No
BHS-00856,67,Standard,33.54,Self-Monitored,3,Yes,1,No,36,Professional,1,3002.67,No
BHS-00857,11,Standard,36.78,Professional,4,No,1,No,0,DIY,2,318.29,Yes
BHS-00858,61,Basic,18.37,Self-Monitored,5,No,2,No,24,Professional,1,1376.27,Yes
BHS-00859,24,Standard,28.08,Professional,3,Yes,2,Yes,36,Professional,0,528.99,Yes
BHS-00860,43,Basic,24.01,Self-Monitored,5,Yes,0,Yes,24,DIY,1,1305.22,No
BHS-00861,57,Standard,28.74,Hybrid,5,Yes,2,No,24,Professional,1,2037.87,Yes
BHS-00862,36,Standard,44.63,Professional,7,Yes,2,Yes,24,Professional,1,1646.72,No
BHS-00863,70,Basic,16.99,Self-Monitored,7,No,1,Yes,24,DIY,2,1241.46,Yes
BHS-00864,7,Basic,18.94,Professional,3,Yes,2,No,0,DIY,2,218.14,No
BHS-00865,47,Standard,30.03,Self-Monitored,5,Yes,2,Yes,36,DIY,3,2822.08,No
BHS-00866,35,Standard,33.78,Self-Monitored,4,Yes,1,Yes,12,DIY,2,978.74,No
BHS-00867,38,Premium,58.2,Professional,5,Yes,1,Yes,12,Professional,1,4928.67,No
BHS-00868,30,Basic,23.64,Professional,4,No,4,Yes,12,Professional,1,785.19,Yes
BHS-00869,61,Standard,35.57,Self-Monitored,1,No,6,No,12,Professional,0,4267.9,No
BHS-00870,36,Premium,50.98,Hybrid,3,Yes,2,Yes,12,Professional,0,2122.57,No
BHS-00871,61,Premium,61.86,Self-Monitored,3,Yes,0,Yes,24,DIY,0,5626.21,No
BHS-00872,29,Standard,36.37,Professional,5,Yes,2,Yes,12,DIY,0,827.97,No
BHS-00873,3,Basic,22.31,Self-Monitored,3,Yes,1,No,0,DIY,3,163.09,No
BHS-00874,38,Standard,34.99,Professional,4,Yes,1,Yes,12,Professional,1,2562.37,No
BHS-00875,72,Standard,33.51,Hybrid,4,No,0,No,0,DIY,2,4905.5,Yes
BHS-00876,41,Basic,16.82,Self-Monitored,2,Yes,1,No,0,Professional,0,476.51,No
BHS-00877,68,Premium,64.51,Self-Monitored,1,No,0,Yes,12,Professional,1,9825.41,No
BHS-00878,6,Premium,52.84,Professional,8,Yes,2,Yes,36,Professional,2,431.41,No
BHS-00879,48,Premium,60.08,Professional,2,No,0,Yes,0,DIY,0,2913.15,No
BHS-00880,15,Premium,61.5,Professional,7,No,0,Yes,12,Professional,1,941.22,No
BHS-00881,3,Standard,34.58,Self-Monitored,2,Yes,4,No,0,Professional,2,159.79,No
BHS-00882,33,Premium,54.02,Self-Monitored,6,No,4,No,0,Professional,1,3270.05,Yes
BHS-00883,47,Basic,14.51,Professional,5,Yes,2,Yes,0,DIY,2,510.48,Yes
BHS-00884,65,Standard,39.54,Professional,8,Yes,1,No,24,Professional,2,3082.71,No
BHS-00885,40,Basic,17.41,Self-Monitored,6,Yes,1,Yes,24,DIY,1,585.62,No
BHS-00886,68,Basic,20.29,Professional,4,Yes,3,No,12,DIY,0,1077.13,No
BHS-00887,42,Standard,37.54,Self-Monitored,4,Yes,2,Yes,0,Professional,4,2105.37,No
BHS-00888,41,Standard,37.72,Professional,3,Yes,1,No,0,DIY,3,1555.8,No
BHS-00889,14,Basic,20.14,Professional,2,No,3,Yes,0,Professional,1,335.97,Yes
BHS-00890,41,Basic,19.91,Hybrid,6,No,1,Yes,36,DIY,1,579.59,No
BHS-00891,71,Premium,41.65,Professional,2,No,2,Yes,12,Professional,1,5010.91,No
BHS-00892,38,Standard,27.24,Professional,3,Yes,2,No,0,Professional,0,875.75,No
BHS-00893,45,Standard,37.09,Self-Monitored,5,No,2,Yes,36,Professional,0,2687.24,No
BHS-00894,21,Premium,56.28,Professional,2,Yes,1,No,24,Professional,0,1174.99,No
BHS-00895,66,Standard,35.5,Professional,1,Yes,0,No,36,Professional,1,3706.52,No
BHS-00896,33,Premium,40.0,Self-Monitored,7,Yes,2,Yes,0,Professional,2,3150.91,Yes
BHS-00897,28,Standard,32.45,Professional,2,Yes,3,Yes,12,DIY,1,1011.66,No
BHS-00898,41,Standard,42.36,Hybrid,2,Yes,2,No,36,DIY,0,4242.99,No
BHS-00899,49,Premium,65.08,Hybrid,3,Yes,1,Yes,12,Professional,0,4499.16,No
BHS-00900,63,Basic,21.43,Hybrid,3,Yes,1,Yes,24,DIY,2,1696.96,No
BHS-00901,40,Standard,29.12,Self-Monitored,7,Yes,1,Yes,0,Professional,1,804.1,Yes
BHS-00902,25,Standard,34.85,Self-Monitored,6,No,2,Yes,36,DIY,1,780.14,No
BHS-00903,22,Premium,59.0,Self-Monitored,1,No,1,Yes,36,DIY,1,1513.18,No
BHS-00904,15,Standard,39.72,Self-Monitored,5,Yes,3,Yes,24,DIY,0,848.22,No
BHS-00905,19,Premium,53.84,Hybrid,2,Yes,2,Yes,24,Professional,2,1394.85,No
BHS-00906,10,Basic,20.06,Professional,4,Yes,0,Yes,12,Professional,1,482.47,Yes
BHS-00907,56,Standard,35.61,Professional,3,Yes,4,Yes,12,DIY,0,1281.87,No
BHS-00908,23,Premium,61.08,Self-Monitored,8,Yes,1,Yes,12,DIY,0,1394.21,No
BHS-00909,70,Standard,27.14,Professional,2,No,1,Yes,12,Professional,0,3494.71,No
BHS-00910,36,Basic,22.37,Hybrid,6,Yes,1,Yes,12,Professional,0,947.34,Yes
BHS-00911,7,Standard,40.75,Professional,6,No,1,Yes,12,DIY,2,341.1,No
BHS-00912,71,Basic,21.88,Self-Monitored,4,No,1,Yes,24,DIY,3,1148.63,Yes
BHS-00913,49,Basic,14.59,Hybrid,3,Yes,0,Yes,0,DIY,1,1113.1,No
BHS-00914,14,Premium,48.29,Professional,7,Yes,3,No,12,Professional,0,811.48,No
BHS-00915,55,Basic,20.21,Self-Monitored,3,Yes,1,No,12,Professional,3,760.39,No
BHS-00916,3,Standard,28.18,Hybrid,3,Yes,3,Yes,24,DIY,0,187.67,Yes
BHS-00917,6,Standard,30.2,Hybrid,4,Yes,3,Yes,24,Professional,2,349.03,No
BHS-00918,19,Standard,38.86,Professional,4,Yes,1,Yes,12,DIY,0,725.01,No
BHS-00919,50,Standard,31.14,Professional,6,Yes,1,Yes,0,Professional,1,2145.2,No
BHS-00920,44,Basic,19.45,Professional,5,No,4,Yes,12,Professional,2,1077.94,Yes
BHS-00921,23,Standard,33.97,Professional,2,Yes,4,Yes,0,Professional,0,975.83,No
BHS-00922,69,Standard,31.09,Professional,1,No,1,Yes,24,Professional,1,1495.9,No
BHS-00923,53,Basic,20.68,Professional,9,Yes,2,Yes,24,DIY,1,936.25,Yes
BHS-00924,49,Premium,62.21,Professional,7,Yes,0,Yes,24,Professional,3,5353.27,No
BHS-00925,2,Basic,19.39,Professional,7,Yes,1,Yes,12,Professional,1,234.86,No
BHS-00926,57,Standard,35.28,Hybrid,6,No,1,Yes,24,Professional,0,2576.79,Yes
BHS-00927,10,Standard,39.78,Self-Monitored,3,No,2,Yes,12,DIY,0,492.71,No
BHS-00928,45,Standard,28.68,Professional,7,Yes,4,Yes,24,Professional,1,2057.09,No
BHS-00929,20,Basic,15.96,Professional,2,No,1,Yes,12,DIY,2,289.58,No
BHS-00930,70,Premium,56.7,Professional,5,No,2,Yes,12,DIY,4,6217.83,No
BHS-00931,70,Standard,35.96,Self-Monitored,4,Yes,2,No,24,DIY,0,2338.28,Yes
BHS-00932,42,Basic,21.14,Professional,2,Yes,3,No,12,DIY,1,1022.59,No
BHS-00933,36,Premium,56.8,Self-Monitored,3,No,2,Yes,24,DIY,0,4213.14,No
BHS-00934,49,Basic,21.73,Professional,6,Yes,3,No,12,DIY,0,1580.05,Yes
BHS-00935,64,Standard,28.1,Self-Monitored,3,Yes,3,Yes,24,DIY,1,1410.25,No
BHS-00936,71,Standard,43.39,Professional,7,No,1,No,36,DIY,4,4125.18,No
BHS-00937,67,Standard,31.3,Self-Monitored,4,No,1,Yes,24,DIY,0,1902.17,No
BHS-00938,40,Basic,15.38,Professional,2,Yes,1,Yes,12,DIY,0,702.37,Yes
BHS-00939,8,Premium,52.77,Professional,3,Yes,1,No,24,DIY,1,598.44,No
BHS-00940,17,Standard,37.24,Professional,6,Yes,3,Yes,24,DIY,1,481.82,No
BHS-00941,27,Basic,24.31,Self-Monitored,3,No,2,Yes,24,Professional,2,599.64,Yes
BHS-00942,69,Standard,36.16,Self-Monitored,3,Yes,1,No,24,DIY,2,2219.22,No
BHS-00943,25,Premium,53.45,Professional,3,Yes,1,Yes,12,Professional,1,1485.94,No
BHS-00944,40,Premium,58.58,Self-Monitored,5,Yes,1,Yes,0,DIY,3,1454.37,Yes
BHS-00945,54,Standard,35.53,Professional,2,Yes,1,No,0,Professional,1,1027.1,No
BHS-00946,58,Basic,22.34,Professional,2,Yes,1,Yes,24,DIY,0,1523.64,No
BHS-00947,17,Premium,49.71,Professional,3,Yes,2,Yes,12,Professional,5,1578.44,No
BHS-00948,29,Premium,47.63,Self-Monitored,6,Yes,2,No,36,Professional,0,1849.69,No
BHS-00949,64,Basic,17.74,Self-Monitored,4,Yes,0,Yes,0,Professional,3,3763.53,No
BHS-00950,70,Basic,17.24,Hybrid,7,Yes,4,Yes,24,DIY,1,1391.79,No
BHS-00951,42,Premium,61.56,Professional,2,Yes,3,Yes,24,DIY,2,2554.97,No
BHS-00952,57,Standard,33.23,Hybrid,4,No,2,Yes,36,Professional,0,1349.95,Yes
BHS-00953,36,Standard,29.51,Professional,7,Yes,5,Yes,12,Professional,1,2211.48,No
BHS-00954,46,Premium,58.23,Self-Monitored,3,Yes,2,No,24,DIY,2,2040.22,No
BHS-00955,71,Standard,40.88,Professional,8,Yes,0,No,12,Professional,2,3237.18,No
BHS-00956,55,Premium,49.28,Self-Monitored,6,Yes,2,Yes,12,DIY,2,1213.35,No
BHS-00957,56,Basic,20.5,Professional,3,Yes,1,No,12,DIY,2,2211.12,Yes
BHS-00958,59,Standard,31.22,Professional,3,Yes,1,Yes,12,Professional,2,2781.09,No
BHS-00959,0,Standard,34.52,Self-Monitored,1,Yes,4,No,0,Professional,0,16.05,No
BHS-00960,62,Standard,33.6,Self-Monitored,4,Yes,2,Yes,24,Professional,1,2101.2,No
BHS-00961,44,Basic,20.31,Professional,2,Yes,1,No,0,Professional,0,1196.03,Yes
BHS-00962,40,Premium,55.67,Self-Monitored,3,Yes,0,No,12,DIY,2,5865.58,No
BHS-00963,68,Premium,55.3,Self-Monitored,6,Yes,1,No,12,Professional,0,3187.18,No
BHS-00964,51,Premium,50.7,Self-Monitored,4,Yes,5,Yes,0,DIY,2,3208.43,No
BHS-00965,42,Basic,21.54,Hybrid,5,Yes,3,Yes,12,Professional,1,610.7,No
BHS-00966,70,Basic,21.22,Professional,4,No,3,No,24,Professional,2,2339.81,No
BHS-00967,41,Basic,21.46,Self-Monitored,3,No,6,Yes,0,Professional,0,1614.24,Yes
BHS-00968,41,Basic,17.21,Professional,3,No,2,No,0,DIY,0,579.32,Yes
BHS-00969,7,Premium,56.32,Professional,6,Yes,1,Yes,36,Professional,0,597.75,No
BHS-00970,0,Basic,19.64,Self-Monitored,6,Yes,3,Yes,24,Professional,2,201.71,No
BHS-00971,28,Premium,54.83,Self-Monitored,5,Yes,1,Yes,24,Professional,1,1955.22,Yes
BHS-00972,0,Basic,20.85,Hybrid,4,Yes,2,No,12,Professional,1,205.4,Yes
BHS-00973,41,Standard,38.92,Professional,10,Yes,3,Yes,0,Professional,2,2924.6,No
BHS-00974,56,Standard,44.09,Professional,2,No,2,Yes,24,DIY,0,2182.43,No
BHS-00975,24,Standard,32.26,Self-Monitored,6,Yes,1,No,0,Professional,1,663.77,Yes
BHS-00976,3,Basic,19.4,Hybrid,5,Yes,1,No,0,DIY,2,329.88,Yes
BHS-00977,64,Basic,21.61,Self-Monitored,6,No,0,Yes,12,Professional,0,4070.6,No
BHS-00978,49,Standard,35.55,Professional,4,No,3,Yes,12,DIY,1,1920.77,No
BHS-00979,6,Premium,60.42,Self-Monitored,7,Yes,1,Yes,0,Professional,2,525.93,No
BHS-00980,65,Standard,39.29,Self-Monitored,2,Yes,1,No,12,Professional,1,1328.51,No
BHS-00981,33,Standard,40.31,Self-Monitored,7,Yes,2,Yes,24,DIY,2,986.05,Yes
BHS-00982,40,Basic,22.68,Self-Monitored,3,Yes,3,Yes,12,Professional,1,485.41,Yes
BHS-00983,58,Basic,17.92,Hybrid,7,Yes,1,Yes,12,DIY,0,976.42,No
BHS-00984,17,Standard,34.37,Professional,3,Yes,2,Yes,36,DIY,1,525.26,No
BHS-00985,14,Basic,19.9,Self-Monitored,7,No,2,Yes,36,DIY,1,398.55,No
BHS-00986,67,Premium,57.51,Self-Monitored,6,No,1,Yes,24,Professional,2,3426.1,No
BHS-00987,8,Basic,18.67,Professional,3,Yes,3,Yes,24,Professional,0,263.76,Yes
BHS-00988,36,Premium,51.77,Hybrid,7,Yes,0,Yes,12,Professional,0,1350.94,Yes
BHS-00989,18,Premium,51.61,Hybrid,2,No,1,Yes,24,DIY,2,808.64,No
BHS-00990,13,Premium,57.61,Professional,2,Yes,1,Yes,24,DIY,1,1158.37,No
BHS-00991,65,Premium,44.21,Hybrid,6,No,1,Yes,12,Professional,1,4669.78,No
BHS-00992,30,Basic,18.93,Professional,8,Yes,1,No,12,Professional,2,985.79,No
BHS-00993,71,Premium,48.23,Professional,4,Yes,1,Yes,12,DIY,1,6437.22,No
BHS-00994,55,Premium,53.89,Professional,5,No,1,Yes,24,DIY,2,1686.7,No
BHS-00995,47,Premium,54.2,Professional,5,No,2,Yes,0,Professional,2,798.92,No
BHS-00996,42,Premium,60.93,Professional,4,Yes,2,Yes,24,DIY,1,3453.08,No
BHS-00997,10,Premium,46.5,Hybrid,1,No,3,No,12,Professional,1,970.17,No
BHS-00998,40,Premium,52.31,Hybrid,6,Yes,4,Yes,24,Professional,2,1298.6,No
BHS-00999,69,Basic,15.88,Self-Monitored,5,Yes,4,Yes,0,Professional,1,1169.18,No
BHS-01000,3,Standard,34.52,Professional,4,Yes,1,No,12,Professional,3,267.44,Yes
BHS-01001,61,Premium,54.95,Self-Monitored,5,Yes,2,No,12,Professional,0,7372.0,No
BHS-01002,30,Basic,21.02,Self-Monitored,8,No,1,Yes,24,DIY,0,896.13,Yes
BHS-01003,32,Basic,27.16,Hybrid,2,No,3,Yes,12,DIY,2,765.51,Yes
BHS-01004,50,Premium,53.05,Professional,4,No,2,Yes,12,Professional,2,4454.15,Yes
BHS-01005,56,Basic,21.03,Professional,6,No,2,Yes,24,Professional,0,1490.6,No
BHS-01006,12,Basic,25.71,Professional,2,No,2,Yes,24,Professional,4,266.02,No
BHS-01007,52,Basic,23.22,Hybrid,9,Yes,1,Yes,24,Professional,0,2220.38,No
BHS-01008,71,Standard,40.12,Self-Monitored,7,No,1,No,24,Professional,2,1579.67,No
BHS-01009,17,Premium,50.51,Professional,7,Yes,1,Yes,12,Professional,0,970.22,Yes
BHS-01010,1,Standard,27.61,Professional,4,Yes,2,No,24,Professional,3,170.36,No
BHS-01011,18,Premium,51.18,Self-Monitored,7,Yes,0,Yes,12,Professional,0,3018.35,No
BHS-01012,19,Standard,38.64,Self-Monitored,6,No,1,No,36,DIY,2,537.98,No
BHS-01013,34,Premium,56.51,Professional,4,Yes,2,No,12,Professional,0,1413.18,No
BHS-01014,2,Basic,18.11,Hybrid,1,Yes,3,Yes,0,DIY,0,122.8,Yes
BHS-01015,41,Standard,31.79,Self-Monitored,4,Yes,3,No,12,Professional,1,1088.38,No
BHS-01016,18,Standard,35.59,Self-Monitored,3,No,3,Yes,0,Professional,0,874.41,Yes
BHS-01017,40,Standard,35.24,Professional,3,Yes,3,Yes,24,DIY,1,1364.29,No
BHS-01018,22,Standard,32.56,Self-Monitored,4,Yes,3,Yes,24,Professional,1,555.49,No
BHS-01019,66,Premium,53.36,Self-Monitored,2,Yes,3,No,36,Professional,0,3800.98,No
BHS-01020,35,Basic,21.05,Hybrid,5,No,4,Yes,12,DIY,0,1190.95,Yes
BHS-01021,71,Premium,52.73,Professional,2,Yes,4,Yes,12,Professional,0,2641.32,No
BHS-01022,63,Standard,36.23,Hybrid,4,No,0,No,0,Professional,3,1424.71,No
BHS-01023,54,Premium,47.92,Self-Monitored,6,Yes,1,Yes,12,Professional,0,2433.91,No
BHS-01024,21,Standard,33.56,Professional,7,No,1,No,0,DIY,2,687.76,Yes
BHS-01025,61,Standard,39.04,Hybrid,4,Yes,4,No,36,DIY,1,3233.66,No
BHS-01026,14,Basic,21.95,Self-Monitored,5,Yes,2,No,12,DIY,1,557.22,Yes
BHS-01027,58,Basic,21.82,Professional,4,Yes,2,Yes,12,DIY,1,1563.84,No
BHS-01028,14,Basic,18.19,Self-Monitored,4,No,0,Yes,12,Professional,0,286.23,Yes
BHS-01029,38,Premium,68.71,Self-Monitored,2,Yes,1,No,24,Professional,2,2121.67,Yes
BHS-01030,6,Standard,31.92,Professional,5,No,5,No,24,Professional,1,504.49,Yes
BHS-01031,41,Standard,30.8,Professional,3,No,1,Yes,12,Professional,1,1389.88,No
BHS-01032,10,Standard,35.43,Hybrid,1,Yes,2,Yes,24,DIY,2,231.94,No
BHS-01033,62,Basic,20.52,Hybrid,8,No,0,Yes,36,Professional,1,1814.93,Yes
BHS-01034,21,Standard,34.7,Hybrid,4,No,0,Yes,36,DIY,2,485.38,No
BHS-01035,72,Standard,41.03,Self-Monitored,2,Yes,4,No,24,DIY,1,3581.66,No
BHS-01036,16,Standard,34.89,Professional,4,Yes,3,Yes,0,Professional,3,1166.66,No
BHS-01037,54,Basic,24.17,Self-Monitored,1,Yes,5,Yes,12,DIY,2,1564.1,Yes
BHS-01038,5,Basic,16.1,Hybrid,3,No,1,Yes,24,DIY,0,318.42,Yes
BHS-01039,40,Premium,55.87,Hybrid,1,No,2,No,0,Professional,2,1176.82,Yes
BHS-01040,70,Basic,22.58,Self-Monitored,4,Yes,4,Yes,24,Professional,1,2509.93,Yes
BHS-01041,16,Standard,34.98,Professional,10,Yes,2,Yes,24,Professional,0,778.05,No
BHS-01042,5,Premium,64.45,Professional,5,Yes,1,Yes,24,DIY,2,310.49,No
BHS-01043,43,Standard,30.15,Self-Monitored,6,No,2,Yes,24,Professional,0,2797.41,No
BHS-01044,53,Premium,53.31,Hybrid,6,Yes,1,No,0,Professional,2,2786.51,No
BHS-01045,19,Basic,22.94,Hybrid,3,Yes,1,No,12,DIY,0,518.1,Yes
BHS-01046,19,Basic,15.71,Professional,4,No,1,Yes,0,Professional,1,448.41,No
BHS-01047,43,Basic,18.42,Professional,5,Yes,1,Yes,0,DIY,1,2562.72,No
BHS-01048,40,Basic,19.3,Hybrid,8,No,3,Yes,24,Professional,2,1256.28,No
BHS-01049,19,Standard,35.76,Professional,4,No,0,Yes,12,DIY,2,1383.9,Yes
BHS-01050,0,Standard,30.42,Professional,6,Yes,1,No,12,DIY,1,330.39,No
BHS-01051,28,Standard,34.24,Professional,7,No,2,Yes,12,Professional,0,783.75,No
BHS-01052,0,Basic,22.18,Professional,2,Yes,1,Yes,0,Professional,1,268.59,Yes
BHS-01053,59,Standard,31.32,Professional,1,Yes,2,No,36,DIY,2,1648.8,No
BHS-01054,24,Premium,55.72,Professional,6,Yes,2,Yes,24,Professional,0,1031.4,No
BHS-01055,5,Basic,20.01,Hybrid,5,No,1,Yes,12,DIY,3,225.21,Yes
BHS-01056,51,Standard,37.05,Self-Monitored,3,Yes,1,Yes,24,Professional,2,3451.13,No
BHS-01057,53,Basic,18.61,Hybrid,3,No,0,No,24,DIY,0,1139.06,Yes
BHS-01058,70,Basic,20.19,Professional,2,No,3,Yes,0,Professional,1,618.79,No
BHS-01059,55,Premium,58.04,Hybrid,2,No,1,No,0,DIY,0,6162.34,No
BHS-01060,32,Standard,34.55,Professional,2,No,2,Yes,12,Professional,2,576.63,Yes
BHS-01061,26,Premium,54.26,Professional,5,Yes,0,Yes,24,DIY,1,2517.32,No
BHS-01062,49,Standard,39.59,Self-Monitored,4,Yes,0,Yes,12,Professional,1,1983.5,No
BHS-01063,13,Basic,21.07,Self-Monitored,7,No,2,Yes,24,Professional,0,1065.71,No
BHS-01064,41,Premium,55.72,Professional,1,No,0,Yes,0,DIY,0,4898.6,No
BHS-01065,23,Standard,30.97,Professional,3,Yes,2,Yes,0,DIY,1,1144.15,No
BHS-01066,68,Premium,56.41,Professional,3,Yes,0,Yes,24,DIY,1,3939.09,No
BHS-01067,13,Standard,35.14,Professional,6,Yes,4,Yes,24,DIY,2,1079.74,No
BHS-01068,40,Basic,19.59,Professional,4,Yes,2,No,0,DIY,3,971.0,Yes
BHS-01069,20,Standard,35.48,Self-Monitored,3,No,3,Yes,36,Professional,1,1004.13,Yes
BHS-01070,20,Standard,34.38,Professional,6,Yes,3,No,24,Professional,0,944.16,No
BHS-01071,50,Standard,39.3,Self-Monitored,6,Yes,2,Yes,0,Professional,0,1631.67,No
BHS-01072,51,Premium,53.69,Professional,7,Yes,3,Yes,24,Professional,2,3391.93,Yes
BHS-01073,61,Basic,24.05,Professional,5,Yes,4,No,12,Professional,2,1191.83,No
BHS-01074,62,Basic,20.07,Professional,4,Yes,3,Yes,0,Professional,2,1942.09,No
BHS-01075,64,Standard,34.67,Self-Monitored,4,No,2,Yes,36,Professional,1,2258.51,No
BHS-01076,61,Standard,30.77,Self-Monitored,3,Yes,3,No,0,Professional,0,1636.19,Yes
BHS-01077,8,Basic,21.84,Professional,5,Yes,5,No,12,DIY,2,477.59,No
BHS-01078,58,Premium,54.39,Professional,8,Yes,2,No,12,DIY,0,7057.39,No
BHS-01079,65,Basic,17.35,Self-Monitored,6,No,2,Yes,24,DIY,1,826.05,Yes
BHS-01080,6,Basic,20.9,Self-Monitored,3,Yes,1,Yes,36,DIY,1,254.34,No
BHS-01081,59,Standard,36.55,Self-Monitored,8,Yes,0,Yes,12,DIY,0,1549.79,No
BHS-01082,33,Standard,42.1,Self-Monitored,3,Yes,1,Yes,24,Professional,1,1813.0,No
BHS-01083,26,Premium,61.2,Professional,7,No,0,No,12,DIY,0,1530.61,No
BHS-01084,31,Standard,32.21,Self-Monitored,1,Yes,3,Yes,24,Professional,0,1031.79,No
BHS-01085,33,Standard,34.66,Hybrid,3,No,1,Yes,24,Professional,1,1007.32,Yes
BHS-01086,71,Standard,35.75,Professional,3,No,1,No,24,DIY,1,998.71,Yes
BHS-01087,63,Standard,38.7,Hybrid,2,Yes,5,Yes,12,DIY,0,2921.49,No
BHS-01088,10,Basic,18.72,Professional,6,Yes,0,No,0,Professional,1,493.42,No
BHS-01089,66,Standard,37.94,Professional,5,Yes,1,Yes,12,DIY,1,1679.32,No
BHS-01090,33,Basic,18.73,Self-Monitored,2,No,2,Yes,12,DIY,2,663.57,Yes
BHS-01091,63,Standard,35.43,Professional,2,Yes,2,No,12,Professional,0,2683.32,No
BHS-01092,53,Standard,33.27,Hybrid,6,No,0,No,12,DIY,1,2232.47,No
BHS-01093,51,Basic,23.84,Professional,5,Yes,4,Yes,12,DIY,1,1471.3,Yes
BHS-01094,4,Premium,49.17,Self-Monitored,3,Yes,3,Yes,24,DIY,0,379.86,No
BHS-01095,28,Premium,65.46,Professional,4,Yes,0,Yes,24,Professional,1,2806.35,No
BHS-01096,65,Basic,18.34,Professional,9,Yes,1,Yes,12,Professional,0,1595.06,No
BHS-01097,24,Basic,18.71,Self-Monitored,5,Yes,0,Yes,24,DIY,1,431.33,No
BHS-01098,51,Standard,33.06,Professional,6,No,1,Yes,0,Professional,0,1505.28,No
BHS-01099,26,Standard,36.87,Self-Monitored,4,No,0,Yes,0,Professional,3,1274.04,No
BHS-01100,9,Basic,15.67,Hybrid,2,Yes,0,Yes,12,Professional,1,344.65,No
BHS-01101,31,Standard,32.1,Professional,5,Yes,1,Yes,0,DIY,2,1264.43,No
BHS-01102,50,Standard,29.43,Self-Monitored,4,Yes,2,Yes,0,Professional,2,1026.33,No
BHS-01103,67,Basic,17.78,Self-Monitored,4,No,4,No,24,Professional,0,637.15,Yes
BHS-01104,46,Basic,15.75,Hybrid,5,No,1,Yes,0,Professional,2,892.06,No
BHS-01105,33,Standard,34.05,Professional,7,Yes,0,Yes,24,Professional,1,1249.29,No
BHS-01106,8,Premium,58.5,Self-Monitored,3,No,3,No,24,DIY,0,737.31,No
BHS-01107,63,Standard,32.89,Self-Monitored,3,Yes,3,Yes,0,Professional,0,1348.11,No
BHS-01108,70,Standard,33.44,Self-Monitored,3,Yes,0,Yes,36,Professional,1,2810.84,No
BHS-01109,37,Standard,37.1,Self-Monitored,7,Yes,0,No,0,Professional,4,1551.36,No
BHS-01110,37,Basic,22.94,Hybrid,4,Yes,6,Yes,0,Professional,1,740.12,Yes
BHS-01111,59,Premium,53.27,Self-Monitored,4,No,3,No,36,Professional,0,6369.08,No
BHS-01112,39,Basic,20.91,Professional,2,Yes,3,Yes,12,Professional,3,1406.86,Yes
BHS-01113,9,Premium,60.46,Professional,5,No,1,No,12,DIY,1,580.06,No
BHS-01114,49,Standard,35.34,Self-Monitored,9,Yes,1,Yes,12,DIY,1,1270.0,Yes
BHS-01115,14,Standard,34.04,Professional,3,Yes,0,No,0,DIY,0,689.92,Yes
BHS-01116,14,Basic,22.0,Professional,2,Yes,3,Yes,0,Professional,0,255.0,Yes
BHS-01117,17,Basic,21.15,Professional,7,Yes,1,Yes,12,Professional,1,773.85,No
BHS-01118,43,Basic,17.59,Professional,8,Yes,0,Yes,12,Professional,1,1135.9,No
BHS-01119,12,Basic,22.03,Self-Monitored,5,Yes,3,Yes,24,Professional,1,344.54,Yes
BHS-01120,23,Basic,19.51,Hybrid,5,Yes,6,Yes,24,Professional,0,609.35,No
BHS-01121,60,Premium,60.06,Self-Monitored,4,Yes,2,Yes,12,Professional,0,5640.01,No
BHS-01122,64,Premium,57.0,Professional,2,Yes,1,No,0,DIY,0,1833.06,No
BHS-01123,22,Premium,54.41,Self-Monitored,3,No,1,Yes,24,DIY,2,1345.32,Yes
BHS-01124,65,Basic,21.44,Self-Monitored,6,No,2,No,12,Professional,1,3049.33,No
BHS-01125,24,Basic,13.16,Professional,5,Yes,1,No,12,DIY,2,472.15,No
BHS-01126,55,Premium,45.28,Self-Monitored,5,Yes,1,No,24,DIY,1,1395.23,No
BHS-01127,2,Basic,17.01,Self-Monitored,1,No,0,Yes,36,Professional,2,254.09,No
BHS-01128,12,Basic,18.23,Self-Monitored,3,Yes,2,No,12,DIY,1,271.14,No
BHS-01129,23,Standard,30.22,Self-Monitored,9,Yes,1,Yes,24,Professional,1,974.91,Yes
BHS-01130,34,Basic,20.76,Professional,7,Yes,1,No,24,Professional,2,1530.29,No
BHS-01131,40,Basic,16.05,Professional,3,Yes,1,Yes,12,DIY,1,1282.36,No
BHS-01132,70,Basic,25.67,Hybrid,4,No,4,No,24,DIY,1,2246.96,No
BHS-01133,4,Basic,23.15,Self-Monitored,6,No,0,Yes,36,DIY,2,336.55,Yes
BHS-01134,26,Standard,33.36,Hybrid,7,No,1,No,24,Professional,0,957.79,Yes
BHS-01135,29,Standard,28.5,Professional,2,No,0,Yes,0,Professional,1,721.46,No
BHS-01136,23,Premium,50.88,Hybrid,1,Yes,0,Yes,12,DIY,2,1411.56,No
BHS-01137,35,Basic,23.24,Professional,5,Yes,3,Yes,12,Professional,2,1284.78,Yes
BHS-01138,15,Standard,31.87,Self-Monitored,6,No,0,Yes,36,Professional,0,660.73,Yes
BHS-01139,31,Basic,23.58,Professional,6,Yes,1,No,12,Professional,1,745.47,No
BHS-01140,5,Standard,31.75,Hybrid,5,Yes,2,Yes,0,Professional,1,334.94,No
BHS-01141,11,Standard,35.02,Self-Monitored,7,No,2,Yes,24,DIY,0,412.44,No
BHS-01142,5,Standard,35.21,Hybrid,10,No,1,Yes,36,DIY,2,417.73,No
BHS-01143,44,Basic,21.35,Professional,9,No,3,Yes,24,Professional,1,1510.97,No
BHS-01144,12,Basic,17.17,Hybrid,4,Yes,1,Yes,0,Professional,1,341.91,Yes
BHS-01145,63,Basic,21.14,Professional,4,No,2,Yes,36,Professional,2,3229.32,No
BHS-01146,30,Standard,33.97,Professional,2,Yes,0,Yes,12,Professional,1,922.34,No
BHS-01147,18,Standard,30.42,Hybrid,6,Yes,1,No,0,DIY,0,1002.49,Yes
BHS-01148,40,Premium,55.5,Professional,7,Yes,2,Yes,24,Professional,0,5754.08,No
BHS-01149,3,Basic,18.76,Professional,4,Yes,1,Yes,24,Professional,3,379.32,No
BHS-01150,38,Standard,28.09,Self-Monitored,4,Yes,3,Yes,36,Professional,1,1899.55,No
BHS-01151,40,Premium,58.0,Self-Monitored,3,No,0,No,24,Professional,2,1336.3,No
BHS-01152,31,Basic,19.41,Professional,6,No,3,No,24,Professional,2,485.59,Yes
BHS-01153,54,Premium,55.52,Hybrid,4,Yes,3,Yes,12,Professional,2,2289.8,No
BHS-01154,63,Standard,40.38,Hybrid,5,Yes,5,Yes,0,DIY,0,2967.1,No
BHS-01155,52,Premium,57.59,Self-Monitored,12,Yes,1,Yes,0,DIY,1,7537.1,No
BHS-01156,60,Standard,31.6,Hybrid,4,Yes,1,Yes,12,DIY,3,1975.12,No
BHS-01157,30,Standard,33.83,Professional,2,Yes,2,Yes,0,Professional,1,772.71,No
BHS-01158,28,Premium,53.63,Self-Monitored,4,No,0,Yes,24,Professional,2,2634.83,No
BHS-01159,3,Standard,33.06,Hybrid,5,Yes,4,No,12,Professional,0,337.04,Yes
BHS-01160,37,Standard,38.43,Professional,3,No,2,Yes,12,DIY,4,2296.18,No
BHS-01161,69,Premium,58.95,Hybrid,5,Yes,1,Yes,12,Professional,2,3558.21,No
BHS-01162,64,Premium,68.11,Self-Monitored,4,Yes,1,No,24,Professional,0,6586.66,No
BHS-01163,8,Basic,22.13,Professional,3,No,1,Yes,0,DIY,0,339.08,No
BHS-01164,13,Standard,36.15,Hybrid,4,No,4,Yes,0,Professional,0,579.16,Yes
BHS-01165,65,Standard,32.12,Professional,7,Yes,2,Yes,36,DIY,0,1467.41,No
BHS-01166,25,Basic,18.58,Professional,5,Yes,1,Yes,0,Professional,3,673.25,Yes
BHS-01167,41,Standard,37.05,Professional,3,No,0,Yes,0,Professional,3,936.53,No
BHS-01168,43,Standard,29.58,Hybrid,3,Yes,1,Yes,0,Professional,0,1517.34,No
BHS-01169,30,Basic,18.45,Self-Monitored,10,No,5,No,0,DIY,1,1159.36,Yes
BHS-01170,32,Basic,22.39,Self-Monitored,7,Yes,3,No,24,Professional,3,1149.66,No
BHS-01171,61,Standard,34.59,Professional,4,Yes,0,Yes,24,Professional,2,2225.95,No
BHS-01172,40,Basic,17.94,Self-Monitored,5,Yes,0,Yes,24,DIY,0,836.02,No
BHS-01173,71,Standard,25.0,Self-Monitored,3,Yes,2,Yes,12,DIY,0,2589.62,No
BHS-01174,2,Standard,36.24,Professional,2,No,2,Yes,12,Professional,2,124.81,Yes
BHS-01175,9,Standard,33.29,Professional,4,No,1,Yes,0,DIY,1,405.24,Yes
BHS-01176,35,Premium,56.11,Professional,6,Yes,4,Yes,24,Professional,1,1178.59,No
BHS-01177,49,Basic,19.22,Self-Monitored,4,No,2,No,24,DIY,5,827.2,No
BHS-01178,69,Basic,19.78,Professional,4,Yes,1,No,36,DIY,0,1716.9,No
BHS-01179,68,Basic,21.44,Self-Monitored,1,Yes,3,Yes,12,Professional,2,865.93,Yes
BHS-01180,68,Premium,54.36,Hybrid,3,Yes,1,Yes,12,Professional,1,4263.33,No
BHS-01181,32,Standard,34.08,Professional,7,Yes,1,Yes,12,Professional,1,1680.78,Yes
BHS-01182,50,Basic,21.82,Hybrid,5,Yes,1,No,24,Professional,1,992.55,No
BHS-01183,20,Basic,18.33,Professional,6,No,1,Yes,0,DIY,3,444.28,Yes
BHS-01184,68,Basic,15.81,Professional,3,No,2,Yes,24,Professional,1,610.5,Yes
BHS-01185,62,Standard,39.82,Professional,7,No,7,Yes,36,Professional,2,3224.97,No
BHS-01186,55,Standard,31.99,Self-Monitored,5,No,0,No,36,Professional,3,1538.59,No
BHS-01187,49,Standard,32.16,Self-Monitored,6,No,1,No,12,Professional,4,1205.08,No
BHS-01188,13,Basic,23.19,Professional,5,Yes,3,Yes,12,Professional,0,311.18,No
BHS-01189,51,Standard,29.03,Hybrid,6,Yes,1,Yes,12,Professional,0,1114.32,No
BHS-01190,50,Premium,55.07,Professional,9,No,2,No,12,Professional,1,4102.69,No
BHS-01191,22,Standard,35.18,Self-Monitored,6,Yes,0,Yes,12,Professional,1,1112.02,Yes
BHS-01192,72,Standard,34.72,Hybrid,1,Yes,2,Yes,24,Professional,3,4065.11,No
BHS-01193,25,Basic,14.36,Self-Monitored,4,Yes,0,Yes,0,Professional,0,355.23,No
BHS-01194,47,Basic,21.01,Hybrid,2,Yes,1,Yes,0,Professional,0,1621.16,No
BHS-01195,71,Standard,37.9,Self-Monitored,4,No,1,Yes,36,DIY,4,1444.85,No
BHS-01196,58,Standard,34.85,Professional,10,Yes,3,No,12,DIY,3,2300.83,No
BHS-01197,56,Premium,60.0,Professional,4,Yes,1,No,12,Professional,1,10026.0,No
BHS-01198,50,Basic,19.87,Self-Monitored,3,No,1,Yes,0,DIY,2,548.23,Yes
BHS-01199,4,Basic,20.64,Hybrid,4,Yes,1,Yes,12,DIY,1,306.64,Yes
BHS-01200,2,Basic,20.76,Hybrid,4,Yes,0,Yes,12,Professional,0,167.5,Yes
BHS-01201,53,Basic,19.4,Professional,3,Yes,2,Yes,12,DIY,0,889.21,No
BHS-01202,1,Premium,54.89,Self-Monitored,6,No,1,No,0,Professional,1,230.27,No
BHS-01203,49,Basic,19.78,Hybrid,9,No,1,Yes,12,DIY,2,585.79,No
BHS-01204,54,Basic,20.82,Professional,5,Yes,0,Yes,0,DIY,2,1694.9,No
BHS-01205,16,Basic,20.66,Self-Monitored,4,Yes,0,Yes,0,DIY,0,592.92,No
BHS-01206,22,Basic,13.04,Self-Monitored,4,Yes,1,No,12,Professional,2,358.98,Yes
BHS-01207,61,Premium,59.9,Professional,5,Yes,1,Yes,12,DIY,0,6633.25,No
BHS-01208,35,Standard,36.33,Professional,5,Yes,0,Yes,24,DIY,2,1929.89,Yes
BHS-01209,49,Standard,37.07,Professional,2,Yes,2,Yes,12,DIY,1,1991.43,No
BHS-01210,24,Premium,60.64,Self-Monitored,5,Yes,2,No,12,Professional,1,2133.39,No
BHS-01211,11,Basic,19.82,Hybrid,6,No,4,Yes,12,DIY,0,486.85,Yes
BHS-01212,14,Basic,21.99,Professional,6,Yes,2,Yes,24,Professional,0,466.57,No
BHS-01213,16,Premium,65.85,Self-Monitored,6,No,3,Yes,12,DIY,2,1423.49,No
BHS-01214,22,Standard,36.44,Professional,6,No,2,No,24,DIY,1,947.13,No
BHS-01215,51,Basic,18.18,Self-Monitored,4,Yes,2,No,12,DIY,1,928.88,No
BHS-01216,31,Standard,34.46,Hybrid,6,Yes,2,Yes,12,DIY,0,950.95,No
BHS-01217,35,Standard,37.14,Self-Monitored,7,Yes,4,Yes,0,Professional,1,1149.75,No
BHS-01218,21,Standard,37.57,Self-Monitored,2,No,3,Yes,24,Professional,1,560.28,No
BHS-01219,43,Standard,39.0,Hybrid,1,Yes,3,Yes,24,Professional,3,1593.89,No
BHS-01220,70,Basic,21.15,Self-Monitored,5,Yes,2,Yes,36,DIY,1,1976.26,Yes
BHS-01221,59,Standard,44.11,Self-Monitored,5,Yes,4,Yes,12,DIY,1,4153.3,No
BHS-01222,68,Basic,22.54,Self-Monitored,5,Yes,1,Yes,12,Professional,3,1832.45,No
BHS-01223,31,Standard,30.99,Professional,8,No,4,Yes,12,DIY,1,1758.39,No
BHS-01224,7,Basic,20.22,Professional,8,No,2,Yes,12,Professional,1,358.39,Yes
BHS-01225,18,Standard,37.06,Self-Monitored,4,Yes,1,Yes,0,Professional,2,1187.48,No
BHS-01226,17,Standard,34.93,Hybrid,4,No,2,Yes,24,DIY,1,1068.96,Yes
BHS-01227,38,Basic,20.3,Professional,3,No,3,Yes,12,DIY,1,408.22,No
BHS-01228,8,Basic,16.6,Professional,8,No,1,No,36,DIY,2,286.13,Yes
BHS-01229,31,Basic,19.76,Professional,3,Yes,0,Yes,24,DIY,3,626.06,No
BHS-01230,43,Premium,57.9,Hybrid,4,No,0,Yes,0,DIY,1,3152.79,No
BHS-01231,30,Basic,21.23,Professional,2,Yes,1,Yes,24,Professional,2,401.36,No
BHS-01232,39,Standard,35.79,Professional,4,Yes,0,Yes,0,Professional,2,1758.99,No
BHS-01233,37,Premium,55.78,Hybrid,1,Yes,2,Yes,12,DIY,2,2759.87,No
BHS-01234,9,Basic,18.9,Professional,7,Yes,0,Yes,12,Professional,2,690.39,No
BHS-01235,13,Standard,38.02,Hybrid,4,Yes,3,Yes,0,Professional,2,1172.19,Yes
BHS-01236,47,Standard,35.88,Professional,4,Yes,3,Yes,36,Professional,0,1553.68,No
BHS-01237,33,Standard,30.73,Hybrid,2,No,1,Yes,0,Professional,1,726.24,No
BHS-01238,25,Basic,19.02,Hybrid,4,Yes,2,Yes,36,DIY,0,1065.31,No
BHS-01239,39,Standard,32.9,Professional,9,Yes,1,No,0,Professional,2,2519.51,No
BHS-01240,34,Standard,37.28,Professional,6,Yes,5,Yes,12,Professional,0,1682.58,No
BHS-01241,45,Standard,31.89,Professional,6,Yes,2,Yes,12,Professional,2,1138.03,No
BHS-01242,52,Basic,21.29,Professional,6,Yes,1,Yes,24,Professional,2,1335.32,No
BHS-01243,7,Premium,57.25,Self-Monitored,8,Yes,2,Yes,36,Professional,1,573.32,No
BHS-01244,2,Premium,55.15,Professional,6,Yes,3,Yes,12,Professional,0,270.07,No
BHS-01245,48,Standard,30.58,Professional,4,Yes,1,Yes,12,DIY,1,1880.49,No
BHS-01246,64,Basic,20.88,Self-Monitored,3,Yes,3,Yes,36,DIY,1,1159.97,No
BHS-01247,51,Premium,56.28,Hybrid,2,Yes,2,Yes,12,DIY,0,8088.22,No
BHS-01248,8,Premium,63.42,Professional,4,Yes,3,No,24,Professional,1,428.29,No
BHS-01249,63,Standard,33.78,Professional,4,Yes,0,Yes,0,Professional,3,873.85,No
BHS-01250,39,Standard,29.21,Self-Monitored,3,Yes,3,No,0,Professional,3,1293.91,No
BHS-01251,0,Standard,31.94,Professional,7,Yes,2,Yes,24,Professional,2,226.64,No
BHS-01252,68,Standard,42.75,Self-Monitored,9,Yes,5,Yes,12,Professional,1,3485.24,No
BHS-01253,2,Basic,21.16,Self-Monitored,3,No,2,No,0,Professional,1,119.79,Yes
BHS-01254,69,Standard,32.8,Self-Monitored,5,No,1,Yes,12,Professional,1,1549.8,No
BHS-01255,55,Standard,36.52,Hybrid,5,Yes,5,Yes,0,DIY,1,1293.84,No
BHS-01256,54,Basic,16.07,Professional,4,Yes,3,Yes,0,DIY,0,807.54,No
BHS-01257,65,Standard,31.69,Professional,5,Yes,0,Yes,24,Professional,1,1413.35,Yes
BHS-01258,46,Basic,21.05,Professional,4,No,2,Yes,36,DIY,0,1139.62,No
BHS-01259,8,Basic,15.99,Hybrid,2,Yes,2,No,0,DIY,1,221.46,Yes
BHS-01260,36,Premium,52.35,Professional,3,Yes,3,Yes,12,Professional,1,2129.2,No
BHS-01261,11,Premium,47.32,Professional,6,Yes,3,Yes,12,Professional,3,603.25,No
BHS-01262,11,Premium,55.98,Professional,2,Yes,2,Yes,24,DIY,2,552.32,No
BHS-01263,6,Basic,19.32,Self-Monitored,2,Yes,3,Yes,36,Professional,1,194.91,No
BHS-01264,35,Standard,37.51,Professional,6,Yes,0,Yes,0,Professional,0,865.96,No
BHS-01265,48,Basic,24.84,Self-Monitored,3,Yes,5,Yes,12,Professional,0,877.25,Yes
BHS-01266,24,Standard,33.94,Professional,6,Yes,3,Yes,24,Professional,1,977.55,No
BHS-01267,51,Basic,21.41,Hybrid,6,Yes,1,No,24,Professional,2,945.73,Yes
BHS-01268,66,Standard,38.15,Hybrid,6,No,0,No,24,DIY,0,5208.03,Yes
BHS-01269,23,Premium,56.32,Professional,5,Yes,1,Yes,12,DIY,0,805.95,No
BHS-01270,1,Basic,20.81,Professional,6,No,1,No,0,DIY,2,225.37,Yes
BHS-01271,51,Standard,33.7,Professional,7,Yes,1,Yes,24,DIY,2,3144.89,Yes
BHS-01272,44,Basic,17.9,Professional,3,Yes,1,Yes,12,DIY,1,630.79,No
BHS-01273,4,Basic,23.85,Hybrid,5,Yes,0,Yes,24,Professional,0,341.18,Yes
BHS-01274,61,Standard,33.12,Hybrid,5,Yes,2,No,24,DIY,0,2502.49,No
BHS-01275,44,Premium,61.12,Professional,6,Yes,3,Yes,36,Professional,1,4856.52,No
BHS-01276,3,Standard,34.38,Self-Monitored,4,Yes,0,Yes,12,Professional,0,132.46,Yes
BHS-01277,48,Premium,54.25,Self-Monitored,1,No,2,Yes,12,Professional,1,1927.61,No
BHS-01278,42,Standard,35.01,Self-Monitored,7,Yes,3,Yes,12,Professional,2,1026.03,No
BHS-01279,1,Basic,20.77,Professional,2,Yes,2,Yes,12,DIY,5,223.68,Yes
BHS-01280,39,Standard,35.9,Hybrid,3,Yes,2,Yes,36,Professional,0,2857.51,No
BHS-01281,36,Basic,14.19,Professional,8,Yes,3,Yes,12,DIY,2,665.58,Yes
BHS-01282,4,Basic,18.29,Hybrid,7,Yes,2,Yes,24,Professional,2,194.67,Yes
BHS-01283,26,Premium,52.46,Professional,2,No,1,Yes,0,Professional,1,1312.69,No
BHS-01284,51,Standard,32.21,Hybrid,3,Yes,4,Yes,12,DIY,1,2248.4,No
BHS-01285,42,Standard,31.4,Professional,7,No,0,Yes,0,Professional,2,2075.9,Yes
BHS-01286,30,Premium,51.48,Professional,3,No,1,Yes,24,DIY,1,1418.16,No
BHS-01287,43,Standard,29.34,Professional,10,No,3,Yes,12,DIY,0,2854.01,No
BHS-01288,32,Premium,51.39,Professional,4,No,0,Yes,12,Professional,2,2313.22,No
BHS-01289,6,Basic,20.67,Professional,5,Yes,4,Yes,12,DIY,3,293.42,Yes
BHS-01290,3,Basic,19.43,Self-Monitored,9,No,2,Yes,0,Professional,1,155.54,Yes
BHS-01291,46,Standard,32.64,Professional,1,Yes,3,No,0,Professional,2,704.01,No
BHS-01292,28,Standard,28.22,Professional,3,Yes,4,Yes,24,DIY,2,753.39,No
BHS-01293,55,Premium,50.12,Self-Monitored,5,No,2,No,12,Professional,0,1931.22,No
BHS-01294,7,Premium,47.94,Self-Monitored,2,Yes,0,Yes,12,Professional,1,344.17,No
BHS-01295,59,Premium,41.99,Self-Monitored,8,Yes,2,No,36,Professional,1,2030.94,No
BHS-01296,52,Basic,22.7,Self-Monitored,5,No,2,Yes,0,Professional,3,715.78,No
BHS-01297,60,Standard,29.87,Self-Monitored,4,No,2,Yes,12,DIY,0,2876.49,No
BHS-01298,57,Standard,34.02,Professional,4,Yes,1,Yes,12,Professional,2,1008.85,No
BHS-01299,3,Basic,17.17,Professional,2,No,0,Yes,0,DIY,1,226.78,Yes
BHS-01300,11,Standard,37.33,Hybrid,1,Yes,1,No,12,Professional,1,229.43,No
BHS-01301,12,Premium,60.04,Self-Monitored,3,No,1,Yes,24,Professional,0,753.96,No
BHS-01302,8,Standard,33.64,Hybrid,8,No,2,Yes,24,Professional,3,331.61,Yes
BHS-01303,53,Premium,56.29,Hybrid,6,Yes,0,No,12,Professional,2,2150.62,No
BHS-01304,70,Basic,20.43,Professional,4,Yes,3,Yes,36,Professional,4,2188.97,No
BHS-01305,60,Premium,67.7,Self-Monitored,8,No,0,Yes,0,Professional,2,3077.15,No
BHS-01306,32,Basic,18.42,Hybrid,5,Yes,4,Yes,36,Professional,0,687.21,Yes
BHS-01307,66,Basic,20.38,Self-Monitored,2,No,1,Yes,12,DIY,1,2090.75,No
BHS-01308,53,Basic,18.62,Professional,3,Yes,2,No,12,Professional,3,2444.2,No
BHS-01309,51,Standard,42.96,Self-Monitored,3,Yes,0,Yes,0,DIY,2,1976.27,Yes
BHS-01310,16,Standard,36.2,Professional,5,Yes,3,No,12,DIY,0,432.89,No
BHS-01311,58,Basic,20.14,Self-Monitored,2,No,0,Yes,12,Professional,2,1035.37,No
BHS-01312,11,Basic,23.76,Hybrid,3,Yes,0,Yes,12,Professional,1,370.19,No
BHS-01313,41,Premium,46.25,Professional,3,No,1,Yes,12,Professional,1,1854.26,No
BHS-01314,22,Standard,35.8,Professional,2,No,3,No,0,DIY,0,1204.93,No
BHS-01315,51,Basic,16.04,Professional,4,Yes,3,Yes,0,Professional,1,1307.93,Yes
BHS-01316,54,Basic,25.14,Self-Monitored,1,No,3,Yes,12,DIY,2,906.42,No
BHS-01317,42,Premium,66.81,Professional,2,Yes,1,No,36,Professional,0,3057.51,No
BHS-01318,38,Basic,28.0,Professional,3,Yes,1,No,24,Professional,3,1204.22,Yes
BHS-01319,0,Premium,54.14,Self-Monitored,4,No,0,Yes,0,DIY,0,76.66,No
BHS-01320,60,Standard,30.46,Professional,1,Yes,1,Yes,24,Professional,4,2887.24,Yes
BHS-01321,49,Standard,37.32,Professional,7,Yes,0,No,0,Professional,0,1599.71,No
BHS-01322,0,Premium,45.52,Self-Monitored,4,Yes,1,No,24,Professional,1,115.32,No
BHS-01323,38,Premium,42.99,Self-Monitored,7,No,0,Yes,0,Professional,0,1423.42,No
BHS-01324,40,Standard,37.3,Self-Monitored,7,Yes,2,Yes,12,DIY,2,1782.08,No
BHS-01325,1,Standard,31.2,Self-Monitored,5,Yes,1,Yes,24,DIY,2,157.77,Yes
BHS-01326,31,Premium,51.83,Self-Monitored,4,Yes,2,Yes,0,Professional,2,1166.94,No
BHS-01327,5,Standard,35.15,Self-Monitored,1,Yes,0,Yes,24,Professional,1,223.54,No
BHS-01328,11,Premium,60.46,Self-Monitored,4,Yes,1,Yes,12,Professional,1,1215.03,No
BHS-01329,61,Premium,56.64,Professional,1,Yes,6,Yes,12,Professional,1,1515.53,No
BHS-01330,26,Premium,52.82,Professional,4,Yes,1,Yes,24,DIY,1,2459.59,No
BHS-01331,9,Premium,61.83,Hybrid,7,No,1,Yes,12,DIY,1,716.59,No
BHS-01332,35,Basic,18.73,Self-Monitored,8,Yes,2,Yes,0,Professional,2,747.36,No
BHS-01333,38,Standard,41.11,Hybrid,1,Yes,1,No,0,Professional,3,1685.6,No
BHS-01334,28,Standard,36.03,Professional,1,No,3,Yes,36,Professional,2,1533.02,No
BHS-01335,8,Premium,55.74,Self-Monitored,7,Yes,1,Yes,24,DIY,0,757.62,No
BHS-01336,66,Standard,38.39,Hybrid,2,No,1,Yes,24,Professional,1,1949.93,No
BHS-01337,4,Basic,23.49,Professional,5,Yes,0,Yes,24,DIY,1,195.35,Yes
BHS-01338,27,Standard,33.64,Professional,4,Yes,1,No,36,Professional,0,1064.23,No
BHS-01339,48,Basic,22.23,Professional,8,Yes,1,No,12,Professional,1,1638.36,No
BHS-01340,63,Basic,21.91,Hybrid,3,No,0,Yes,24,DIY,0,688.7,Yes
BHS-01341,50,Premium,45.54,Professional,2,Yes,4,Yes,0,Professional,0,1924.94,No
BHS-01342,42,Basic,18.09,Hybrid,7,No,2,Yes,12,DIY,3,826.6,No
BHS-01343,32,Basic,17.63,Professional,4,No,0,Yes,12,Professional,0,743.6,Yes
BHS-01344,59,Basic,18.8,Hybrid,2,No,2,Yes,12,Professional,1,1014.7,Yes
BHS-01345,33,Premium,62.75,Professional,3,Yes,3,Yes,12,Professional,0,2311.83,No
BHS-01346,43,Premium,48.76,Professional,4,No,3,Yes,12,Professional,2,866.06,No
BHS-01347,31,Standard,27.97,Hybrid,2,Yes,1,Yes,24,Professional,0,561.74,No
BHS-01348,56,Basic,18.93,Hybrid,4,Yes,1,Yes,0,DIY,2,2186.52,Yes
BHS-01349,3,Premium,48.62,Professional,7,No,2,No,12,DIY,1,348.33,Yes
BHS-01350,15,Basic,16.92,Self-Monitored,6,Yes,2,Yes,24,Professional,0,514.81,Yes
BHS-01351,61,Standard,36.91,Professional,3,Yes,1,No,24,DIY,1,1181.52,No
BHS-01352,6,Standard,34.36,Hybrid,4,Yes,2,Yes,12,Professional,3,165.85,No
BHS-01353,44,Standard,35.96,Hybrid,3,No,1,No,0,DIY,0,2010.25,No
BHS-01354,44,Premium,53.7,Hybrid,4,Yes,4,No,12,DIY,2,4341.12,No
BHS-01355,9,Standard,35.18,Hybrid,1,Yes,2,Yes,24,DIY,0,272.11,No
BHS-01356,18,Premium,57.01,Self-Monitored,5,Yes,3,Yes,24,Professional,1,1323.0,No
BHS-01357,22,Basic,18.02,Professional,4,Yes,2,No,12,Professional,1,724.56,Yes
BHS-01358,34,Standard,31.85,Hybrid,4,No,0,Yes,12,Professional,0,986.65,Yes
BHS-01359,39,Basic,22.51,Professional,5,No,1,Yes,12,Professional,3,1589.14,No
BHS-01360,17,Standard,35.24,Hybrid,4,Yes,0,Yes,0,DIY,1,602.86,No
BHS-01361,23,Standard,32.45,Professional,3,No,2,Yes,0,Professional,0,903.43,No
BHS-01362,46,Basic,23.85,Self-Monitored,6,Yes,2,Yes,0,DIY,5,2669.84,Yes
BHS-01363,64,Basic,17.72,Self-Monitored,4,No,0,Yes,36,DIY,4,1776.52,Yes
BHS-01364,52,Basic,26.09,Professional,5,Yes,2,No,24,Professional,1,1488.95,No
BHS-01365,66,Premium,51.14,Professional,6,Yes,2,Yes,12,DIY,0,2852.05,No
BHS-01366,36,Standard,30.87,Hybrid,5,No,0,No,36,Professional,2,1861.68,No
BHS-01367,2,Premium,44.44,Professional,6,Yes,5,Yes,24,DIY,0,431.7,No
BHS-01368,26,Basic,16.4,Self-Monitored,5,Yes,1,No,24,Professional,0,741.32,Yes
BHS-01369,72,Premium,51.36,Self-Monitored,4,No,1,No,36,DIY,0,4177.14,No
BHS-01370,44,Standard,38.12,Professional,5,Yes,1,Yes,12,Professional,2,2579.74,No
BHS-01371,20,Standard,31.61,Professional,7,No,2,No,12,Professional,0,656.65,No
BHS-01372,61,Basic,17.03,Professional,6,Yes,4,Yes,24,Professional,0,886.1,Yes
BHS-01373,27,Standard,34.4,Professional,2,Yes,0,No,36,DIY,1,657.45,No
BHS-01374,21,Standard,31.44,Professional,1,Yes,1,No,36,DIY,1,1087.53,No
BHS-01375,0,Standard,40.77,Professional,3,No,1,Yes,24,Professional,1,23.65,No
BHS-01376,9,Standard,36.95,Hybrid,7,No,0,Yes,36,DIY,3,422.45,No
BHS-01377,31,Standard,31.01,Professional,3,Yes,1,No,12,Professional,1,1085.91,No
BHS-01378,41,Basic,15.27,Hybrid,6,No,1,No,12,DIY,0,548.51,Yes
BHS-01379,12,Standard,35.01,Professional,5,No,1,Yes,24,DIY,1,770.05,No
BHS-01380,31,Premium,60.94,Hybrid,5,No,1,Yes,0,Professional,2,1604.91,Yes
BHS-01381,29,Basic,15.47,Professional,2,No,0,Yes,24,Professional,3,858.53,Yes
BHS-01382,39,Basic,22.84,Self-Monitored,3,Yes,1,Yes,24,DIY,1,1749.5,Yes
BHS-01383,65,Standard,35.09,Self-Monitored,9,Yes,1,Yes,24,Professional,1,5103.8,No
BHS-01384,33,Standard,35.42,Professional,6,No,1,Yes,36,Professional,0,861.68,No
BHS-01385,51,Basic,18.79,Professional,5,Yes,2,Yes,12,DIY,0,1057.1,No
BHS-01386,44,Standard,32.52,Hybrid,3,No,2,Yes,12,Professional,0,2423.11,No
BHS-01387,61,Standard,32.3,Professional,3,Yes,1,No,36,Professional,0,4322.96,No
BHS-01388,69,Premium,54.98,Professional,6,No,2,Yes,36,Professional,1,2082.5,Yes
BHS-01389,57,Standard,40.91,Self-Monitored,5,No,0,Yes,12,DIY,1,3167.14,No
BHS-01390,15,Standard,31.4,Professional,4,Yes,1,No,0,DIY,1,685.94,Yes
BHS-01391,18,Standard,30.82,Self-Monitored,1,No,1,No,12,DIY,1,617.74,No
BHS-01392,17,Basic,19.87,Professional,5,Yes,1,No,0,Professional,0,385.82,Yes
BHS-01393,55,Premium,61.7,Professional,7,No,1,Yes,0,Professional,0,3035.96,Yes
BHS-01394,72,Basic,19.08,Professional,10,Yes,1,Yes,12,Professional,0,2539.67,No
BHS-01395,4,Standard,27.69,Professional,9,Yes,0,No,12,Professional,1,439.46,No
BHS-01396,71,Premium,58.11,Professional,5,No,1,Yes,12,Professional,1,4755.08,No
BHS-01397,46,Standard,33.98,Self-Monitored,6,Yes,3,Yes,12,Professional,0,2973.81,No
BHS-01398,33,Standard,29.83,Self-Monitored,2,Yes,1,Yes,24,Professional,0,1493.07,Yes
BHS-01399,55,Basic,16.63,Hybrid,6,No,1,Yes,0,DIY,1,2075.8,No
BHS-01400,35,Standard,43.78,Professional,4,Yes,2,No,24,DIY,1,2298.17,No
BHS-01401,25,Premium,51.69,Self-Monitored,5,Yes,2,Yes,24,Professional,0,4946.41,No
BHS-01402,41,Standard,29.54,Professional,2,Yes,1,Yes,12,Professional,1,1146.53,No
BHS-01403,34,Basic,15.53,Professional,6,Yes,0,No,36,Professional,5,1511.83,No
BHS-01404,40,Premium,50.68,Professional,3,Yes,5,No,12,Professional,0,1402.38,Yes
BHS-01405,60,Premium,56.14,Professional,4,Yes,0,Yes,36,Professional,2,3424.98,Yes
BHS-01406,52,Standard,31.91,Self-Monitored,6,Yes,0,Yes,12,Professional,1,2511.46,No
BHS-01407,56,Basic,14.28,Hybrid,7,No,1,Yes,24,Professional,1,329.56,Yes
BHS-01408,38,Premium,56.17,Self-Monitored,1,Yes,3,No,36,Professional,3,1796.8,No
BHS-01409,72,Basic,19.05,Professional,5,No,0,Yes,0,Professional,2,3915.53,No
BHS-01410,53,Basic,20.78,Professional,5,No,0,Yes,24,DIY,1,2285.38,Yes
BHS-01411,22,Standard,43.68,Self-Monitored,4,No,0,Yes,24,DIY,3,605.74,No
BHS-01412,56,Basic,17.32,Self-Monitored,3,Yes,1,Yes,0,DIY,1,557.43,Yes
BHS-01413,26,Basic,13.99,Hybrid,1,Yes,3,No,12,Professional,2,360.21,Yes
BHS-01414,25,Standard,39.31,Hybrid,4,Yes,0,No,24,Professional,3,744.34,No
BHS-01415,32,Standard,27.68,Professional,8,No,2,Yes,0,DIY,0,1076.92,No
BHS-01416,50,Basic,21.95,Hybrid,2,No,3,Yes,12,Professional,0,1674.43,Yes
BHS-01417,20,Basic,22.29,Self-Monitored,4,Yes,5,Yes,0,DIY,2,862.06,Yes
BHS-01418,39,Premium,55.69,Professional,3,No,2,Yes,12,Professional,1,5080.51,No
BHS-01419,60,Standard,35.03,Professional,7,Yes,1,Yes,12,Professional,3,4099.63,Yes
BHS-01420,69,Premium,56.22,Self-Monitored,3,No,4,No,0,Professional,2,1399.88,No
BHS-01421,23,Basic,16.09,Self-Monitored,6,Yes,3,Yes,12,Professional,0,451.35,Yes
BHS-01422,39,Basic,16.59,Hybrid,6,Yes,1,No,0,Professional,2,547.42,Yes
BHS-01423,65,Basic,21.54,Professional,3,Yes,1,Yes,36,DIY,1,4314.6,Yes
BHS-01424,56,Premium,54.16,Self-Monitored,6,Yes,0,Yes,12,DIY,1,2814.67,No
BHS-01425,48,Basic,14.74,Self-Monitored,1,Yes,2,Yes,12,Professional,1,520.02,No
BHS-01426,8,Standard,35.94,Self-Monitored,3,Yes,1,No,0,DIY,1,529.8,No
BHS-01427,59,Basic,16.15,Hybrid,4,Yes,3,Yes,24,Professional,2,1015.52,No
BHS-01428,47,Basic,23.24,Self-Monitored,4,Yes,1,Yes,0,Professional,0,1938.0,No
BHS-01429,36,Standard,31.04,Professional,8,Yes,0,No,12,Professional,1,1090.05,No
BHS-01430,8,Standard,37.44,Self-Monitored,4,Yes,3,Yes,12,DIY,2,703.69,No
BHS-01431,51,Standard,29.29,Self-Monitored,4,Yes,2,Yes,12,Professional,0,541.16,Yes
BHS-01432,48,Premium,54.28,Hybrid,5,No,3,Yes,12,DIY,2,8428.38,Yes
BHS-01433,18,Standard,28.14,Self-Monitored,4,Yes,0,No,0,DIY,1,765.69,Yes
BHS-01434,23,Basic,18.27,Professional,11,Yes,3,Yes,12,Professional,3,848.42,Yes
BHS-01435,70,Premium,50.1,Self-Monitored,5,Yes,0,Yes,12,DIY,1,2963.72,No
BHS-01436,46,Premium,48.64,Professional,6,No,4,Yes,24,DIY,2,2409.91,No
BHS-01437,38,Standard,38.77,Self-Monitored,5,Yes,1,Yes,36,Professional,2,1752.45,No
BHS-01438,31,Basic,19.69,Self-Monitored,2,Yes,0,Yes,24,Professional,2,669.87,No
BHS-01439,39,Basic,16.64,Hybrid,5,No,0,Yes,12,Professional,4,950.22,Yes
BHS-01440,59,Premium,59.46,Hybrid,5,Yes,0,Yes,12,Professional,2,3563.71,No
BHS-01441,4,Standard,37.25,Professional,5,No,2,No,0,DIY,0,298.58,No
BHS-01442,8,Standard,42.33,Professional,7,Yes,0,No,0,DIY,1,456.09,No
BHS-01443,15,Standard,34.53,Hybrid,2,No,3,Yes,0,Professional,2,606.46,No
BHS-01444,17,Standard,41.19,Professional,1,Yes,3,No,12,Professional,1,896.77,No
BHS-01445,9,Basic,22.46,Professional,4,No,1,Yes,12,DIY,1,254.95,Yes
BHS-01446,30,Standard,32.71,Hybrid,6,Yes,2,Yes,24,Professional,1,1108.44,Yes
BHS-01447,0,Premium,49.04,Professional,3,Yes,1,Yes,12,DIY,2,101.72,No
BHS-01448,25,Basic,19.38,Professional,4,No,2,No,12,DIY,1,678.64,Yes
BHS-01449,1,Basic,22.13,Self-Monitored,3,Yes,0,Yes,0,DIY,0,143.32,No
BHS-01450,6,Basic,18.26,Professional,4,Yes,2,No,12,DIY,1,245.06,Yes
BHS-01451,48,Basic,16.71,Professional,1,No,1,Yes,36,Professional,1,786.18,No
BHS-01452,31,Basic,19.27,Self-Monitored,3,Yes,2,No,0,Professional,1,1049.88,Yes
BHS-01453,70,Standard,39.55,Hybrid,2,Yes,3,Yes,0,Professional,1,3531.96,No
BHS-01454,41,Premium,43.73,Professional,1,No,2,Yes,12,Professional,2,2686.13,No
BHS-01455,28,Premium,52.91,Professional,8,Yes,3,No,12,Professional,1,1555.58,No
BHS-01456,53,Standard,42.42,Hybrid,3,Yes,4,No,0,Professional,2,3019.31,Yes
BHS-01457,60,Premium,56.64,Professional,2,No,2,Yes,12,Professional,3,8692.89,No
BHS-01458,14,Basic,17.44,Hybrid,4,No,0,Yes,36,DIY,4,175.06,Yes
BHS-01459,39,Basic,18.26,Professional,3,Yes,1,Yes,36,Professional,1,949.73,No
BHS-01460,20,Basic,17.43,Self-Monitored,4,Yes,2,No,12,DIY,1,531.38,No
BHS-01461,72,Basic,16.38,Professional,4,Yes,1,No,0,Professional,1,2205.47,Yes
BHS-01462,32,Standard,31.29,Professional,2,Yes,1,No,0,Professional,6,1087.43,No
BHS-01463,5,Premium,53.98,Self-Monitored,4,Yes,1,Yes,36,Professional,1,304.54,No
BHS-01464,61,Standard,27.79,Hybrid,4,No,2,Yes,12,Professional,1,1012.29,No
BHS-01465,65,Premium,47.82,Professional,4,Yes,2,Yes,24,Professional,0,2221.19,No
BHS-01466,27,Premium,61.61,Hybrid,2,Yes,2,Yes,12,DIY,2,1553.7,No
BHS-01467,33,Standard,35.84,Professional,7,Yes,4,Yes,12,Professional,1,2035.55,Yes
BHS-01468,52,Premium,56.38,Professional,4,Yes,1,Yes,36,DIY,0,5985.07,No
BHS-01469,2,Basic,21.49,Hybrid,6,Yes,3,Yes,12,Professional,2,281.15,Yes
BHS-01470,64,Basic,20.74,Self-Monitored,5,Yes,1,Yes,24,DIY,1,1333.44,Yes
BHS-01471,0,Basic,17.04,Professional,1,No,1,No,24,Professional,0,27.92,No
BHS-01472,13,Premium,61.93,Professional,5,No,3,Yes,12,Professional,1,961.75,No
BHS-01473,23,Basic,24.01,Hybrid,7,Yes,1,No,24,Professional,0,772.44,No
BHS-01474,46,Basic,17.7,Professional,8,No,1,No,24,DIY,0,1055.69,No
BHS-01475,57,Standard,35.74,Professional,6,No,0,Yes,0,Professional,0,2431.21,No
BHS-01476,12,Standard,34.32,Hybrid,6,Yes,1,Yes,0,DIY,0,832.56,No
BHS-01477,24,Basic,21.65,Self-Monitored,2,Yes,3,Yes,12,Professional,0,535.26,No
BHS-01478,58,Basic,12.99,Hybrid,8,Yes,2,Yes,12,Professional,2,574.72,Yes
BHS-01479,24,Standard,38.82,Professional,6,Yes,1,Yes,12,Professional,2,1166.02,No
BHS-01480,26,Basic,18.81,Professional,5,Yes,1,Yes,0,DIY,0,464.89,Yes
BHS-01481,30,Basic,14.9,Professional,4,Yes,2,Yes,12,Professional,2,959.2,No
BHS-01482,45,Premium,54.72,Professional,7,Yes,1,Yes,24,DIY,3,3189.13,No
BHS-01483,58,Standard,30.46,Self-Monitored,2,Yes,3,No,12,DIY,1,1851.21,No
BHS-01484,67,Standard,34.47,Hybrid,2,No,1,Yes,24,DIY,1,2385.78,No
BHS-01485,61,Premium,57.94,Professional,1,Yes,2,Yes,24,Professional,0,4287.77,No
BHS-01486,18,Standard,31.86,Professional,5,No,2,Yes,0,DIY,1,974.98,Yes
BHS-01487,27,Premium,48.16,Professional,3,Yes,2,Yes,12,Professional,1,4057.19,No
BHS-01488,46,Premium,40.0,Professional,4,No,4,Yes,0,Professional,0,1262.13,No
BHS-01489,28,Premium,55.2,Professional,8,Yes,0,Yes,36,Professional,0,2676.28,No
BHS-01490,39,Standard,41.47,Hybrid,4,Yes,1,Yes,0,DIY,2,4726.6,No
BHS-01491,24,Premium,46.97,Hybrid,5,Yes,0,Yes,0,Professional,0,1561.83,No
BHS-01492,48,Standard,38.05,Professional,1,Yes,1,Yes,0,Professional,0,2083.09,No
BHS-01493,44,Standard,32.12,Hybrid,1,Yes,1,Yes,12,Professional,0,1239.92,No
BHS-01494,7,Premium,60.2,Hybrid,3,No,3,No,12,Professional,0,535.26,No
BHS-01495,72,Basic,17.38,Professional,3,Yes,1,Yes,12,Professional,1,1442.2,Yes
BHS-01496,7,Premium,60.55,Self-Monitored,2,No,1,No,24,Professional,0,807.88,No
BHS-01497,29,Basic,20.58,Professional,5,Yes,2,No,12,Professional,0,1197.76,No
BHS-01498,61,Basic,20.29,Professional,4,Yes,1,No,0,DIY,2,1134.36,No
BHS-01499,2,Premium,56.86,Professional,7,Yes,2,Yes,24,Professional,1,478.43,Yes
BHS-01500,20,Standard,35.14,Self-Monitored,4,No,4,Yes,12,Professional,0,916.22,No
BHS-01501,51,Standard,34.26,Professional,6,Yes,2,No,24,DIY,2,2112.35,No
BHS-01502,49,Premium,49.95,Hybrid,4,No,6,Yes,36,Professional,2,3801.98,No
BHS-01503,64,Standard,29.68,Self-Monitored,2,Yes,0,Yes,12,Professional,1,1929.92,No
BHS-01504,50,Basic,17.63,Self-Monitored,5,Yes,0,No,24,DIY,1,1190.68,No
BHS-01505,42,Premium,54.93,Self-Monitored,6,Yes,0,Yes,12,DIY,2,3012.93,No
BHS-01506,13,Basic,19.66,Self-Monitored,4,Yes,1,Yes,12,Professional,2,770.62,Yes
BHS-01507,64,Basic,20.31,Hybrid,6,Yes,3,Yes,24,DIY,1,782.2,No
BHS-01508,29,Basic,17.95,Self-Monitored,4,No,0,No,12,Professional,0,578.72,Yes
BHS-01509,12,Standard,41.31,Professional,1,Yes,2,Yes,0,Professional,3,492.73,Yes
BHS-01510,8,Standard,33.24,Self-Monitored,4,No,4,No,24,DIY,1,560.96,No
BHS-01511,70,Standard,47.31,Professional,2,No,3,Yes,0,Professional,2,2155.62,No
BHS-01512,7,Basic,21.24,Hybrid,7,Yes,4,No,0,DIY,1,433.98,Yes
BHS-01513,13,Standard,35.11,Professional,2,No,0,No,0,Professional,2,469.35,No
BHS-01514,64,Basic,19.9,Professional,4,No,1,Yes,12,DIY,3,3229.76,Yes
BHS-01515,49,Standard,39.96,Professional,4,Yes,1,Yes,12,Professional,1,1532.16,No
BHS-01516,47,Standard,35.09,Professional,1,No,3,Yes,24,Professional,2,1741.51,No
BHS-01517,7,Premium,58.31,Self-Monitored,3,Yes,4,Yes,36,Professional,2,649.49,Yes
BHS-01518,23,Premium,57.42,Professional,6,Yes,2,Yes,0,Professional,0,1433.23,No
BHS-01519,56,Standard,36.2,Hybrid,3,Yes,1,No,0,Professional,0,1209.22,No
BHS-01520,40,Standard,33.31,Self-Monitored,2,Yes,2,Yes,12,Professional,0,1690.22,No
BHS-01521,4,Basic,18.2,Self-Monitored,4,Yes,2,Yes,12,Professional,1,148.57,No
BHS-01522,45,Standard,27.79,Professional,4,Yes,2,No,12,DIY,2,1594.0,No
BHS-01523,3,Standard,41.66,Professional,4,Yes,1,Yes,36,Professional,0,305.14,No
BHS-01524,1,Basic,24.12,Professional,5,Yes,2,No,12,Professional,4,152.75,Yes
BHS-01525,16,Basic,18.55,Self-Monitored,2,Yes,0,Yes,12,DIY,1,201.38,Yes
BHS-01526,25,Basic,16.87,Professional,5,Yes,1,Yes,0,DIY,2,389.56,Yes
BHS-01527,40,Basic,22.02,Professional,3,Yes,1,No,24,DIY,1,668.5,No
BHS-01528,41,Basic,21.11,Self-Monitored,7,No,2,Yes,36,Professional,0,955.46,Yes
BHS-01529,64,Basic,14.47,Self-Monitored,4,Yes,1,Yes,12,DIY,1,1235.86,No
BHS-01530,25,Basic,14.61,Professional,6,No,2,Yes,12,Professional,0,638.0,Yes
BHS-01531,22,Premium,49.49,Hybrid,5,Yes,0,No,0,Professional,0,801.32,No
BHS-01532,21,Premium,43.66,Professional,9,No,1,Yes,12,Professional,0,1942.75,No
BHS-01533,32,Premium,57.25,Self-Monitored,4,Yes,2,Yes,12,Professional,0,3380.44,No
BHS-01534,34,Basic,20.74,Hybrid,5,No,3,Yes,24,Professional,1,810.03,Yes
BHS-01535,16,Basic,17.79,Self-Monitored,4,No,4,No,12,DIY,1,474.43,Yes
BHS-01536,53,Premium,54.87,Self-Monitored,3,No,2,Yes,36,DIY,2,2209.07,No
BHS-01537,38,Standard,32.53,Professional,5,No,3,Yes,36,DIY,1,1190.16,No
BHS-01538,53,Standard,40.84,Professional,5,No,3,No,12,DIY,1,897.6,Yes
BHS-01539,1,Premium,58.42,Self-Monitored,7,No,5,Yes,24,Professional,2,291.2,Yes
BHS-01540,43,Premium,54.87,Professional,6,Yes,2,Yes,0,Professional,2,2241.74,No
BHS-01541,63,Premium,54.03,Professional,2,Yes,0,No,12,Professional,1,5012.31,No
BHS-01542,56,Standard,43.35,Professional,3,No,3,Yes,36,Professional,1,3610.72,No
BHS-01543,21,Basic,20.31,Professional,6,Yes,6,Yes,12,Professional,1,420.36,Yes
BHS-01544,10,Standard,32.35,Self-Monitored,2,Yes,1,Yes,12,DIY,1,252.2,No
BHS-01545,67,Basic,18.56,Professional,7,No,1,No,12,DIY,3,1184.12,Yes
BHS-01546,11,Basic,20.87,Professional,7,Yes,1,Yes,0,Professional,0,610.46,No
BHS-01547,32,Standard,31.6,Hybrid,3,Yes,3,Yes,36,DIY,3,1580.77,Yes
BHS-01548,55,Standard,32.65,Self-Monitored,3,Yes,1,No,12,DIY,1,2167.69,No
BHS-01549,40,Basic,21.44,Professional,5,Yes,1,Yes,24,Professional,1,1216.29,Yes
BHS-01550,19,Premium,53.92,Self-Monitored,8,Yes,1,Yes,12,Professional,2,1319.92,No
BHS-01551,61,Standard,27.34,Hybrid,5,No,1,Yes,36,Professional,0,1926.78,No
BHS-01552,14,Premium,53.09,Professional,3,No,0,Yes,12,DIY,1,513.76,No
BHS-01553,68,Standard,36.37,Hybrid,4,Yes,3,No,24,Professional,0,2047.22,No
BHS-01554,8,Standard,40.16,Self-Monitored,4,Yes,0,No,12,Professional,1,337.76,No
BHS-01555,1,Standard,31.2,Professional,9,Yes,0,Yes,36,Professional,0,368.63,Yes
BHS-01556,31,Standard,36.86,Self-Monitored,1,No,2,Yes,12,Professional,0,2468.77,No
BHS-01557,30,Standard,34.08,Self-Monitored,2,Yes,1,Yes,0,Professional,5,1120.9,Yes
BHS-01558,39,Premium,69.39,Hybrid,2,Yes,1,Yes,0,Professional,1,5684.19,No
BHS-01559,37,Basic,14.85,Hybrid,4,No,0,Yes,24,DIY,1,924.69,Yes
BHS-01560,20,Standard,34.1,Self-Monitored,3,Yes,0,Yes,24,DIY,4,789.9,No
BHS-01561,24,Premium,53.59,Self-Monitored,1,Yes,1,No,12,DIY,1,512.03,Yes
BHS-01562,26,Standard,34.91,Professional,8,No,1,Yes,36,Professional,0,2797.58,No
BHS-01563,72,Premium,53.04,Self-Monitored,8,Yes,1,No,36,Professional,1,6214.05,No
BHS-01564,70,Basic,17.03,Hybrid,4,No,0,Yes,12,Professional,0,1192.46,No
BHS-01565,40,Standard,36.31,Hybrid,1,Yes,0,No,0,DIY,1,1601.57,No
BHS-01566,18,Standard,32.43,Professional,2,Yes,2,Yes,0,Professional,3,1190.6,Yes
BHS-01567,37,Basic,23.54,Self-Monitored,4,Yes,2,Yes,36,Professional,0,882.33,Yes
BHS-01568,30,Basic,20.65,Hybrid,6,Yes,3,Yes,12,Professional,2,578.15,No
BHS-01569,1,Basic,21.29,Self-Monitored,5,Yes,1,Yes,12,Professional,2,236.56,No
BHS-01570,26,Basic,25.36,Professional,8,Yes,7,Yes,12,DIY,1,787.43,No
BHS-01571,25,Premium,59.33,Professional,2,Yes,2,No,12,Professional,0,1349.49,Yes
BHS-01572,41,Basic,22.52,Hybrid,3,No,0,Yes,24,DIY,5,588.9,Yes
BHS-01573,58,Standard,35.03,Self-Monitored,4,No,2,No,12,Professional,2,4019.9,No
BHS-01574,60,Basic,19.85,Hybrid,4,No,1,Yes,12,DIY,0,1896.6,Yes
BHS-01575,72,Basic,16.74,Professional,7,No,2,No,12,Professional,0,694.77,No
BHS-01576,66,Basic,22.99,Self-Monitored,5,No,1,Yes,0,Professional,2,2446.01,Yes
BHS-01577,11,Premium,57.69,Hybrid,3,No,0,Yes,24,DIY,2,936.82,No
BHS-01578,29,Standard,32.58,Self-Monitored,3,Yes,0,Yes,0,DIY,0,1808.03,Yes
BHS-01579,10,Standard,35.5,Professional,2,Yes,2,No,0,Professional,1,305.22,Yes
BHS-01580,30,Standard,31.31,Professional,1,Yes,2,Yes,36,DIY,0,506.84,No
BHS-01581,57,Premium,55.51,Professional,7,No,0,Yes,12,DIY,0,2729.25,No
BHS-01582,41,Basic,23.05,Professional,7,No,0,No,36,Professional,1,659.23,No
BHS-01583,52,Standard,38.62,Professional,6,Yes,2,Yes,24,DIY,1,3522.09,No
BHS-01584,64,Premium,49.84,Self-Monitored,5,No,3,No,24,DIY,2,1074.5,Yes
BHS-01585,68,Premium,47.12,Hybrid,2,No,3,Yes,36,Professional,1,2792.33,No
BHS-01586,5,Premium,54.66,Hybrid,3,Yes,1,Yes,24,Professional,2,232.58,No
BHS-01587,22,Basic,20.32,Professional,6,Yes,0,No,12,Professional,0,525.89,Yes
BHS-01588,71,Premium,53.83,Professional,6,Yes,2,Yes,24,Professional,0,3526.78,No
BHS-01589,29,Basic,24.63,Professional,5,Yes,0,Yes,24,Professional,1,1014.9,Yes
BHS-01590,56,Premium,51.98,Professional,4,Yes,2,Yes,12,Professional,1,3102.14,No
BHS-01591,36,Basic,20.7,Self-Monitored,6,Yes,3,Yes,12,DIY,0,1006.27,No
BHS-01592,33,Premium,59.78,Professional,4,Yes,1,Yes,12,Professional,1,1933.93,Yes
BHS-01593,21,Standard,33.59,Hybrid,4,Yes,1,Yes,24,Professional,1,1516.97,No
BHS-01594,44,Standard,29.99,Professional,2,Yes,1,No,36,Professional,1,1841.62,No
BHS-01595,3,Basic,20.15,Self-Monitored,4,No,1,Yes,12,Professional,2,157.84,No
BHS-01596,70,Standard,34.13,Hybrid,1,No,1,Yes,36,Professional,0,1280.1,Yes
BHS-01597,56,Premium,60.54,Professional,3,No,1,Yes,24,Professional,0,3767.68,No
BHS-01598,14,Premium,61.9,Hybrid,5,No,1,Yes,12,Professional,0,994.24,No
BHS-01599,44,Basic,22.99,Self-Monitored,9,No,3,No,0,Professional,1,939.28,Yes
BHS-01600,68,Basic,21.23,Professional,8,Yes,0,No,0,DIY,1,1268.8,Yes
BHS-01601,5,Standard,34.69,Professional,5,No,2,No,24,Professional,1,358.33,No
BHS-01602,13,Premium,48.84,Professional,7,No,1,No,12,DIY,0,1961.45,Yes
BHS-01603,37,Basic,21.9,Self-Monitored,5,Yes,0,No,36,Professional,0,1550.84,No
BHS-01604,70,Standard,33.03,Self-Monitored,4,No,2,Yes,12,Professional,1,1687.37,No
BHS-01605,5,Standard,28.54,Professional,7,Yes,1,Yes,12,Professional,1,485.02,Yes
BHS-01606,1,Premium,61.22,Self-Monitored,5,No,0,Yes,12,Professional,1,257.05,No
BHS-01607,30,Basic,14.61,Hybrid,7,Yes,1,No,12,Professional,2,838.31,Yes
BHS-01608,51,Premium,43.62,Hybrid,6,Yes,1,Yes,36,DIY,1,4934.51,No
BHS-01609,48,Standard,34.47,Hybrid,4,No,1,No,0,Professional,1,1524.44,No
BHS-01610,2,Basic,20.89,Professional,5,Yes,4,Yes,24,DIY,0,220.92,Yes
BHS-01611,32,Premium,54.66,Professional,4,Yes,0,Yes,24,DIY,1,2038.54,No
BHS-01612,33,Standard,35.64,Self-Monitored,4,No,2,No,12,DIY,1,822.37,No
BHS-01613,36,Standard,36.68,Professional,9,Yes,1,Yes,24,Professional,2,1614.86,No
BHS-01614,0,Premium,60.17,Hybrid,6,Yes,2,Yes,12,Professional,1,354.25,No
BHS-01615,32,Standard,39.04,Self-Monitored,4,Yes,2,Yes,0,Professional,1,1902.47,No
BHS-01616,3,Premium,48.81,Professional,4,Yes,2,Yes,0,Professional,1,334.8,Yes
BHS-01617,33,Premium,46.96,Hybrid,1,No,1,Yes,12,DIY,2,1066.04,No
BHS-01618,57,Basic,18.74,Self-Monitored,1,Yes,2,Yes,24,DIY,4,727.22,Yes
BHS-01619,2,Basic,18.58,Hybrid,4,Yes,2,Yes,0,DIY,1,293.84,Yes
BHS-01620,67,Standard,36.99,Self-Monitored,5,No,1,Yes,0,Professional,0,2327.24,No
BHS-01621,42,Standard,36.3,Hybrid,3,No,5,Yes,36,Professional,0,2202.3,No
BHS-01622,52,Premium,54.67,Hybrid,4,Yes,3,Yes,0,DIY,2,1489.5,No
BHS-01623,35,Standard,37.26,Hybrid,3,No,0,Yes,0,Professional,1,1562.19,No
BHS-01624,61,Basic,19.4,Hybrid,2,No,1,Yes,12,Professional,1,2586.3,Yes
BHS-01625,20,Standard,32.72,Self-Monitored,5,Yes,1,No,12,DIY,1,659.09,No
BHS-01626,11,Standard,38.72,Hybrid,6,Yes,1,No,0,DIY,1,589.67,Yes
BHS-01627,34,Standard,34.68,Professional,6,Yes,3,Yes,0,Professional,3,1089.44,No
BHS-01628,43,Standard,34.23,Professional,1,No,1,Yes,24,Professional,0,2776.94,No
BHS-01629,61,Premium,64.9,Self-Monitored,7,Yes,4,Yes,36,Professional,1,4401.43,No
BHS-01630,36,Standard,30.0,Professional,6,No,0,Yes,36,Professional,0,1632.41,No
BHS-01631,6,Basic,18.25,Professional,2,Yes,2,No,12,Professional,2,172.28,Yes
BHS-01632,62,Premium,65.21,Self-Monitored,2,Yes,2,Yes,24,Professional,2,6233.09,No
BHS-01633,60,Standard,36.76,Professional,4,No,4,No,0,Professional,1,2277.25,Yes
BHS-01634,40,Basic,21.78,Professional,1,No,0,Yes,24,DIY,0,1866.87,No
BHS-01635,4,Standard,36.34,Professional,2,Yes,2,Yes,24,DIY,2,348.31,No
BHS-01636,66,Premium,62.04,Self-Monitored,2,Yes,1,Yes,12,DIY,1,8696.24,No
BHS-01637,48,Standard,37.96,Self-Monitored,5,Yes,2,Yes,12,Professional,1,3231.27,No
BHS-01638,66,Standard,29.45,Professional,1,No,0,Yes,24,Professional,1,1295.57,No
BHS-01639,9,Basic,16.96,Self-Monitored,7,Yes,2,No,36,DIY,3,532.86,No
BHS-01640,25,Basic,15.45,Professional,5,No,3,Yes,12,Professional,1,978.5,No
BHS-01641,16,Basic,19.61,Self-Monitored,5,Yes,0,Yes,24,Professional,1,330.0,Yes
BHS-01642,54,Basic,23.31,Professional,6,No,1,No,12,Professional,2,1400.12,No
BHS-01643,22,Basic,18.66,Professional,5,Yes,0,Yes,12,DIY,0,453.27,No
BHS-01644,64,Basic,19.31,Professional,10,Yes,1,Yes,12,Professional,0,1800.31,Yes
BHS-01645,30,Premium,49.0,Hybrid,3,Yes,1,Yes,12,Professional,3,1732.11,No
BHS-01646,26,Standard,37.86,Self-Monitored,7,Yes,1,Yes,12,DIY,1,1544.09,No
BHS-01647,44,Standard,34.28,Self-Monitored,1,Yes,2,Yes,12,DIY,2,1178.27,No
BHS-01648,56,Standard,31.4,Professional,5,Yes,5,Yes,24,DIY,0,1136.34,Yes
BHS-01649,28,Basic,19.25,Professional,4,No,1,Yes,36,Professional,1,418.47,No
BHS-01650,0,Standard,33.14,Self-Monitored,9,Yes,0,Yes,0,DIY,3,310.2,Yes
BHS-01651,66,Premium,55.01,Self-Monitored,7,No,4,Yes,12,DIY,0,2625.48,No
BHS-01652,31,Standard,31.72,Professional,6,Yes,3,Yes,12,DIY,3,801.6,No
BHS-01653,8,Basic,26.27,Hybrid,4,Yes,1,Yes,24,Professional,2,332.76,Yes
BHS-01654,46,Premium,68.42,Hybrid,4,Yes,2,Yes,0,Professional,1,4732.17,No
BHS-01655,52,Premium,60.41,Professional,4,No,1,Yes,0,DIY,0,2242.89,No
BHS-01656,26,Premium,45.71,Professional,5,No,0,Yes,0,Professional,2,1706.49,No
BHS-01657,11,Premium,59.82,Hybrid,4,Yes,5,Yes,12,DIY,1,764.28,No
BHS-01658,64,Basic,22.33,Hybrid,3,Yes,1,Yes,12,DIY,0,1588.7,No
BHS-01659,63,Basic,18.48,Professional,8,No,1,Yes,12,Professional,1,1672.63,Yes
BHS-01660,47,Standard,36.31,Hybrid,4,Yes,2,Yes,36,Professional,5,1001.28,No
BHS-01661,19,Basic,19.46,Self-Monitored,6,Yes,2,Yes,12,Professional,1,685.69,No
BHS-01662,39,Standard,33.25,Self-Monitored,7,Yes,1,Yes,12,Professional,1,1334.08,No
BHS-01663,44,Premium,50.58,Self-Monitored,3,Yes,1,No,24,Professional,1,2000.98,No
BHS-01664,63,Standard,34.66,Professional,2,No,4,No,12,Professional,2,1805.32,No
BHS-01665,65,Premium,53.27,Professional,2,No,1,No,12,Professional,3,3158.32,No
BHS-01666,54,Standard,33.12,Professional,2,No,0,No,12,Professional,0,2153.12,No
BHS-01667,48,Basic,18.01,Professional,3,Yes,2,Yes,36,DIY,0,1286.86,No
BHS-01668,17,Basic,24.64,Professional,6,No,2,Yes,0,Professional,0,746.4,Yes
BHS-01669,8,Basic,16.14,Professional,3,Yes,1,Yes,12,Professional,0,790.36,No
BHS-01670,58,Standard,34.48,Professional,3,No,1,No,24,Professional,2,2243.97,No
BHS-01671,7,Standard,30.44,Self-Monitored,4,Yes,1,Yes,36,DIY,4,572.64,No
BHS-01672,37,Basic,17.53,Hybrid,6,No,2,No,12,DIY,1,792.89,Yes
BHS-01673,38,Basic,22.2,Self-Monitored,6,Yes,4,No,12,DIY,0,756.16,Yes
BHS-01674,14,Standard,26.95,Professional,6,Yes,1,Yes,0,Professional,1,555.86,Yes
BHS-01675,19,Standard,45.63,Professional,7,Yes,0,Yes,36,DIY,1,844.05,No
BHS-01676,71,Basic,24.24,Self-Monitored,5,Yes,4,Yes,12,Professional,0,3150.87,No
BHS-01677,54,Basic,19.94,Hybrid,6,No,2,Yes,12,Professional,2,2537.13,No
BHS-01678,29,Standard,35.14,Hybrid,6,Yes,1,Yes,0,DIY,2,1630.45,No
BHS-01679,54,Premium,59.47,Self-Monitored,3,Yes,1,Yes,24,Professional,2,3303.41,No
BHS-01680,2,Basic,19.29,Professional,6,Yes,1,Yes,0,DIY,0,208.53,No
BHS-01681,13,Standard,46.79,Professional,4,Yes,1,Yes,12,Professional,1,981.31,No
BHS-01682,67,Standard,34.69,Professional,3,No,2,Yes,24,DIY,2,5221.51,No
BHS-01683,58,Basic,20.08,Professional,2,Yes,2,Yes,24,DIY,0,1941.26,Yes
BHS-01684,9,Premium,52.82,Professional,7,Yes,1,No,24,Professional,0,1281.94,No
BHS-01685,15,Premium,51.88,Professional,4,Yes,3,No,0,DIY,1,913.91,No
BHS-01686,33,Premium,61.47,Self-Monitored,1,No,1,Yes,12,Professional,3,1860.92,No
BHS-01687,28,Standard,34.87,Professional,8,Yes,0,No,0,DIY,2,1321.07,No
BHS-01688,37,Basic,20.17,Hybrid,5,Yes,2,No,12,DIY,2,771.24,No
BHS-01689,61,Premium,59.52,Professional,5,Yes,0,Yes,0,Professional,0,5657.08,No
BHS-01690,55,Premium,57.0,Hybrid,4,Yes,2,Yes,36,DIY,0,2549.67,No
BHS-01691,54,Standard,33.81,Professional,1,Yes,2,Yes,24,DIY,2,1049.03,No
BHS-01692,5,Basic,25.24,Professional,8,Yes,2,Yes,12,DIY,2,641.25,Yes
BHS-01693,32,Standard,37.23,Hybrid,3,Yes,1,No,12,Professional,1,2362.89,No
BHS-01694,54,Premium,67.64,Self-Monitored,8,Yes,1,Yes,12,Professional,3,4987.65,Yes
BHS-01695,51,Standard,35.37,Professional,4,No,0,Yes,24,Professional,0,2697.22,No
BHS-01696,51,Premium,56.29,Hybrid,4,No,2,Yes,24,Professional,3,4283.71,No
BHS-01697,58,Standard,29.59,Self-Monitored,6,Yes,0,Yes,24,DIY,1,1858.88,No
BHS-01698,22,Basic,21.08,Self-Monitored,6,Yes,2,Yes,12,DIY,1,1191.62,Yes
BHS-01699,59,Standard,30.74,Self-Monitored,3,No,1,No,12,DIY,1,3484.2,No
BHS-01700,57,Standard,30.11,Self-Monitored,4,Yes,1,Yes,24,DIY,1,2587.87,No
BHS-01701,15,Premium,56.94,Professional,2,Yes,3,Yes,0,DIY,3,599.1,No
BHS-01702,13,Basic,19.06,Hybrid,3,Yes,2,Yes,12,Professional,3,256.17,Yes
BHS-01703,23,Standard,35.39,Hybrid,9,Yes,2,Yes,12,Professional,0,1374.66,No
BHS-01704,70,Premium,53.13,Self-Monitored,4,Yes,2,Yes,12,Professional,0,6932.02,No
BHS-01705,41,Standard,35.57,Self-Monitored,3,Yes,3,Yes,12,Professional,0,1049.11,Yes
BHS-01706,68,Premium,49.21,Hybrid,5,Yes,1,Yes,24,DIY,0,5772.35,No
BHS-01707,27,Basic,20.98,Professional,7,No,0,No,0,DIY,1,669.31,Yes
BHS-01708,48,Basic,22.33,Hybrid,9,Yes,0,Yes,12,Professional,0,1528.11,Yes
BHS-01709,72,Standard,35.39,Hybrid,6,No,2,Yes,12,DIY,2,2601.61,No
BHS-01710,24,Basic,17.62,Professional,3,No,2,No,24,DIY,0,323.7,No
BHS-01711,53,Premium,46.5,Self-Monitored,1,Yes,1,Yes,24,Professional,0,2367.8,No
BHS-01712,30,Premium,60.18,Self-Monitored,5,No,1,Yes,12,Professional,0,2535.95,No
BHS-01713,65,Standard,32.08,Hybrid,3,No,2,No,12,DIY,0,4102.58,No
BHS-01714,55,Basic,20.63,Hybrid,1,Yes,2,Yes,36,DIY,0,958.82,No
BHS-01715,53,Standard,30.09,Self-Monitored,12,Yes,4,Yes,24,DIY,1,1710.29,No
BHS-01716,15,Basic,20.05,Hybrid,7,Yes,1,No,0,DIY,1,558.85,Yes
BHS-01717,69,Standard,39.49,Professional,5,Yes,1,Yes,0,Professional,2,3772.23,No
BHS-01718,22,Standard,35.75,Self-Monitored,8,Yes,0,No,24,DIY,0,686.63,Yes
BHS-01719,29,Standard,37.25,Hybrid,3,Yes,1,Yes,12,Professional,1,437.98,No
BHS-01720,32,Basic,17.11,Self-Monitored,2,No,1,Yes,24,DIY,1,265.17,Yes
BHS-01721,51,Premium,52.34,Self-Monitored,6,No,2,Yes,12,DIY,1,2335.3,No
BHS-01722,57,Standard,38.75,Professional,2,No,0,Yes,36,DIY,2,2196.08,Yes
BHS-01723,67,Standard,26.73,Self-Monitored,3,Yes,0,Yes,0,Professional,1,2843.75,No
BHS-01724,10,Standard,35.17,Professional,4,Yes,3,Yes,0,Professional,1,385.2,Yes
BHS-01725,61,Standard,39.39,Self-Monitored,4,Yes,1,Yes,12,Professional,2,2377.58,No
BHS-01726,8,Standard,29.98,Self-Monitored,3,No,0,Yes,24,DIY,2,562.24,No
BHS-01727,39,Basic,18.93,Hybrid,1,Yes,2,No,36,Professional,1,671.06,Yes
BHS-01728,65,Basic,18.78,Self-Monitored,2,Yes,3,No,12,DIY,0,2252.03,No
BHS-01729,55,Standard,30.39,Professional,2,No,1,Yes,0,Professional,1,2543.27,No
BHS-01730,70,Standard,30.31,Self-Monitored,7,Yes,2,No,24,Professional,1,4055.43,No
BHS-01731,2,Basic,18.75,Hybrid,7,No,2,Yes,24,DIY,1,279.26,Yes
BHS-01732,39,Standard,28.79,Self-Monitored,7,No,2,Yes,24,Professional,1,1330.3,No
BHS-01733,5,Basic,24.67,Professional,3,Yes,3,Yes,0,DIY,1,105.24,No
BHS-01734,51,Standard,37.21,Professional,3,No,3,Yes,12,DIY,0,3395.29,No
BHS-01735,13,Premium,70.52,Hybrid,5,No,1,No,24,Professional,1,1029.52,No
BHS-01736,14,Standard,35.65,Self-Monitored,3,Yes,1,No,0,Professional,2,722.24,No
BHS-01737,21,Premium,49.7,Professional,3,Yes,1,No,0,Professional,0,485.83,No
BHS-01738,63,Basic,20.04,Professional,13,Yes,1,Yes,12,Professional,1,955.59,Yes
BHS-01739,24,Standard,29.89,Self-Monitored,3,No,0,Yes,0,DIY,0,1155.23,No
BHS-01740,63,Standard,27.55,Self-Monitored,1,No,1,No,36,DIY,0,2669.73,No
BHS-01741,43,Standard,31.45,Professional,3,Yes,0,No,12,Professional,2,1681.7,Yes
BHS-01742,11,Standard,39.17,Professional,4,Yes,1,No,24,Professional,0,1773.64,No
BHS-01743,17,Basic,20.86,Self-Monitored,3,Yes,6,Yes,36,Professional,1,370.21,Yes
BHS-01744,54,Premium,50.47,Professional,6,Yes,2,Yes,0,DIY,1,4036.43,No
BHS-01745,61,Premium,57.01,Self-Monitored,3,No,1,Yes,24,Professional,1,4608.85,No
BHS-01746,15,Standard,30.15,Hybrid,8,No,1,Yes,0,Professional,0,917.37,No
BHS-01747,35,Basic,21.63,Self-Monitored,4,No,3,Yes,36,Professional,0,1151.1,No
BHS-01748,32,Basic,19.83,Professional,7,Yes,1,No,24,Professional,1,531.06,Yes
BHS-01749,33,Premium,48.85,Self-Monitored,5,No,1,Yes,12,Professional,1,1157.94,No
BHS-01750,24,Standard,27.82,Professional,5,Yes,2,Yes,0,DIY,0,808.03,No
BHS-01751,63,Standard,34.17,Hybrid,3,Yes,4,Yes,24,Professional,1,3147.89,No
BHS-01752,63,Standard,29.84,Self-Monitored,1,Yes,1,No,12,DIY,3,4505.08,No
BHS-01753,27,Standard,41.41,Professional,3,No,1,Yes,36,DIY,0,1735.48,No
BHS-01754,33,Standard,35.21,Self-Monitored,2,Yes,2,Yes,24,DIY,2,1177.75,No
BHS-01755,65,Basic,18.88,Professional,7,Yes,3,Yes,36,DIY,1,1500.4,No
BHS-01756,59,Standard,33.07,Professional,5,Yes,3,Yes,0,DIY,1,3046.57,No
BHS-01757,37,Standard,33.13,Professional,3,Yes,4,Yes,24,Professional,0,1288.4,No
BHS-01758,44,Standard,32.2,Self-Monitored,1,Yes,1,No,0,Professional,2,2062.67,No
BHS-01759,60,Premium,46.05,Self-Monitored,8,Yes,1,No,12,Professional,1,1440.98,No
BHS-01760,35,Basic,23.72,Professional,1,Yes,1,Yes,12,DIY,1,585.73,No
BHS-01761,63,Standard,32.59,Hybrid,6,Yes,2,No,24,Professional,2,2827.81,No
BHS-01762,49,Basic,23.73,Professional,2,Yes,1,Yes,36,DIY,0,3176.02,Yes
BHS-01763,28,Standard,44.23,Hybrid,4,Yes,2,Yes,12,Professional,0,1191.22,No
BHS-01764,0,Standard,38.41,Professional,1,No,1,No,12,Professional,0,0.0,No
BHS-01765,58,Premium,59.08,Self-Monitored,3,Yes,0,No,24,Professional,0,6666.54,No
BHS-01766,39,Basic,22.26,Professional,5,Yes,1,Yes,12,Professional,2,1302.89,Yes
BHS-01767,42,Basic,19.71,Self-Monitored,5,No,4,Yes,24,Professional,2,938.63,Yes
BHS-01768,13,Basic,20.87,Professional,4,Yes,2,Yes,12,Professional,2,735.9,No
BHS-01769,62,Basic,17.96,Self-Monitored,6,Yes,3,Yes,12,Professional,3,841.41,Yes
BHS-01770,57,Basic,20.24,Professional,10,Yes,1,No,12,DIY,1,753.76,Yes
BHS-01771,5,Standard,33.69,Self-Monitored,3,No,1,Yes,12,Professional,0,242.32,No
BHS-01772,63,Basic,17.05,Self-Monitored,4,No,1,No,12,Professional,0,567.01,Yes
BHS-01773,30,Premium,41.88,Hybrid,4,Yes,1,No,36,Professional,0,1074.83,No
BHS-01774,54,Standard,35.42,Hybrid,9,Yes,3,No,24,Professional,0,2123.27,No
BHS-01775,70,Basic,21.98,Professional,5,Yes,2,No,24,DIY,1,1506.66,Yes
BHS-01776,68,Standard,31.56,Professional,7,Yes,1,Yes,12,Professional,3,923.24,No
BHS-01777,63,Premium,56.21,Professional,3,Yes,2,Yes,36,DIY,0,3269.11,No
BHS-01778,10,Standard,38.56,Professional,4,Yes,0,Yes,12,DIY,0,551.89,No
BHS-01779,40,Basic,24.1,Self-Monitored,7,No,1,Yes,24,Professional,0,1471.47,No
BHS-01780,15,Basic,17.17,Self-Monitored,2,Yes,4,Yes,24,Professional,0,564.02,Yes
BHS-01781,59,Basic,24.38,Self-Monitored,2,No,3,Yes,0,Professional,2,2007.11,Yes
BHS-01782,52,Basic,21.56,Professional,4,Yes,1,No,24,Professional,2,425.89,Yes
BHS-01783,26,Basic,18.05,Self-Monitored,3,No,7,Yes,36,Professional,0,370.51,Yes
BHS-01784,10,Basic,20.63,Self-Monitored,4,No,3,Yes,12,Professional,2,368.72,No
BHS-01785,65,Basic,23.84,Hybrid,9,Yes,1,No,12,DIY,1,1193.74,No
BHS-01786,37,Basic,23.09,Self-Monitored,3,No,2,Yes,12,Professional,1,1842.04,Yes
BHS-01787,51,Standard,25.0,Professional,3,No,2,Yes,36,DIY,0,1088.67,No
BHS-01788,49,Basic,23.01,Professional,4,No,1,No,0,Professional,0,772.31,Yes
BHS-01789,47,Standard,32.11,Professional,5,Yes,5,Yes,0,Professional,2,2142.38,Yes
BHS-01790,15,Standard,30.09,Self-Monitored,2,Yes,2,Yes,12,DIY,2,350.66,No
BHS-01791,11,Standard,37.92,Professional,3,Yes,4,Yes,36,Professional,0,350.25,No
BHS-01792,29,Premium,56.34,Professional,3,Yes,0,Yes,12,DIY,2,2096.51,No
BHS-01793,68,Basic,19.06,Professional,6,No,0,No,24,Professional,0,1013.2,No
BHS-01794,59,Standard,34.25,Professional,4,Yes,2,Yes,24,Professional,1,4592.92,No
BHS-01795,66,Standard,27.24,Hybrid,2,Yes,3,No,12,Professional,4,2344.23,Yes
BHS-01796,26,Standard,33.74,Professional,6,Yes,3,No,0,DIY,1,1188.8,No
BHS-01797,26,Premium,60.6,Professional,5,Yes,1,Yes,24,Professional,2,1945.68,No
BHS-01798,50,Basic,17.65,Self-Monitored,6,Yes,2,Yes,12,Professional,0,796.26,Yes
BHS-01799,3,Standard,34.1,Hybrid,2,Yes,2,Yes,24,Professional,2,310.4,Yes
BHS-01800,69,Basic,19.99,Hybrid,5,Yes,1,Yes,24,DIY,0,1085.05,No
BHS-01801,59,Basic,20.29,Professional,4,Yes,0,No,12,Professional,1,2212.69,No
BHS-01802,55,Premium,57.9,Professional,5,Yes,0,No,0,Professional,0,8264.82,No
BHS-01803,56,Premium,71.74,Self-Monitored,2,No,1,No,36,Professional,2,2339.55,No
BHS-01804,57,Premium,52.75,Self-Monitored,3,Yes,1,Yes,24,DIY,1,2473.78,No
BHS-01805,38,Premium,47.04,Professional,1,Yes,0,No,24,Professional,0,2022.68,No
BHS-01806,22,Basic,19.45,Self-Monitored,5,Yes,1,Yes,12,DIY,2,841.42,No
BHS-01807,71,Premium,71.54,Hybrid,5,No,1,Yes,12,DIY,2,12715.77,No
BHS-01808,12,Basic,18.46,Professional,6,Yes,0,Yes,24,DIY,0,517.03,No
BHS-01809,67,Standard,40.04,Self-Monitored,6,No,2,Yes,0,DIY,0,5362.9,No
BHS-01810,54,Premium,55.62,Self-Monitored,3,No,4,No,24,Professional,0,3192.79,No
BHS-01811,60,Premium,49.76,Self-Monitored,6,Yes,0,Yes,36,DIY,4,2748.51,No
BHS-01812,32,Standard,35.23,Self-Monitored,4,No,0,No,24,DIY,0,630.53,Yes
BHS-01813,53,Standard,33.92,Hybrid,2,Yes,1,Yes,36,Professional,1,1502.37,No
BHS-01814,50,Standard,34.3,Professional,8,Yes,3,No,12,DIY,0,2029.99,No
BHS-01815,61,Standard,25.0,Hybrid,4,Yes,4,No,36,DIY,0,1455.02,No
BHS-01816,22,Standard,30.78,Self-Monitored,6,No,0,No,24,Professional,0,2559.87,No
BHS-01817,54,Standard,26.17,Hybrid,6,Yes,1,Yes,24,DIY,2,1803.31,No
BHS-01818,15,Basic,17.47,Hybrid,7,No,2,Yes,0,Professional,3,528.88,No
BHS-01819,71,Premium,45.51,Self-Monitored,5,Yes,1,Yes,0,Professional,1,1841.82,No
BHS-01820,36,Premium,53.11,Professional,6,Yes,1,Yes,24,DIY,0,1861.98,No
BHS-01821,66,Standard,42.13,Self-Monitored,1,Yes,2,Yes,12,DIY,2,2106.94,Yes
BHS-01822,8,Premium,50.32,Professional,6,Yes,1,Yes,0,DIY,0,588.97,No
BHS-01823,25,Basic,21.77,Professional,5,No,2,No,0,DIY,1,1394.45,Yes
BHS-01824,41,Premium,50.37,Professional,5,No,4,No,0,Professional,0,2852.84,No
BHS-01825,71,Premium,42.55,Hybrid,4,Yes,3,Yes,0,DIY,2,3624.51,No
BHS-01826,17,Premium,52.78,Hybrid,4,Yes,2,Yes,36,DIY,2,1031.89,No
BHS-01827,33,Basic,18.22,Self-Monitored,2,Yes,0,Yes,12,DIY,0,660.53,No
BHS-01828,10,Basic,22.0,Professional,2,Yes,2,No,36,Professional,1,406.51,No
BHS-01829,57,Standard,32.12,Professional,4,No,1,Yes,0,Professional,0,2623.02,No
BHS-01830,35,Premium,57.57,Professional,6,No,2,Yes,12,Professional,3,2874.93,No
BHS-01831,16,Standard,36.65,Hybrid,6,Yes,2,No,12,Professional,1,1164.04,No
BHS-01832,43,Standard,29.96,Professional,4,Yes,2,Yes,24,Professional,2,2116.86,No
BHS-01833,51,Standard,32.47,Self-Monitored,6,Yes,0,Yes,0,DIY,0,1080.93,No
BHS-01834,57,Premium,48.97,Self-Monitored,10,No,2,Yes,12,Professional,0,3418.43,No
BHS-01835,24,Basic,19.24,Professional,1,No,1,Yes,12,Professional,0,852.19,No
BHS-01836,20,Standard,32.7,Self-Monitored,3,Yes,1,Yes,24,DIY,0,560.77,Yes
BHS-01837,50,Standard,36.12,Professional,3,Yes,3,Yes,12,Professional,0,1396.99,No
BHS-01838,41,Basic,19.75,Professional,6,Yes,0,Yes,0,Professional,1,603.94,No
BHS-01839,15,Standard,33.41,Professional,3,Yes,4,Yes,0,Professional,1,423.72,No
BHS-01840,42,Premium,52.38,Self-Monitored,4,No,1,No,0,Professional,4,2013.57,No
BHS-01841,43,Standard,31.39,Hybrid,6,No,0,Yes,0,Professional,1,2420.58,No
BHS-01842,12,Premium,52.08,Professional,8,Yes,3,No,12,Professional,0,591.21,No
BHS-01843,72,Standard,25.77,Self-Monitored,8,Yes,1,Yes,36,DIY,1,3463.73,No
BHS-01844,1,Premium,55.54,Professional,8,Yes,3,No,24,Professional,0,328.3,Yes
BHS-01845,47,Premium,65.04,Professional,1,Yes,2,Yes,12,Professional,3,1515.65,No
BHS-01846,44,Standard,42.91,Self-Monitored,6,Yes,3,Yes,0,DIY,0,2734.11,No
BHS-01847,23,Premium,56.25,Professional,8,No,1,Yes,12,DIY,1,1989.08,No
BHS-01848,39,Premium,48.05,Self-Monitored,5,Yes,4,Yes,24,DIY,2,2181.95,No
BHS-01849,21,Basic,17.04,Hybrid,5,Yes,2,Yes,0,Professional,0,520.95,Yes
BHS-01850,69,Standard,31.89,Professional,1,Yes,1,Yes,24,DIY,0,3193.03,No
BHS-01851,32,Standard,32.41,Self-Monitored,5,No,2,Yes,24,DIY,1,1313.53,No
BHS-01852,43,Basic,20.99,Professional,7,No,1,Yes,24,Professional,0,1534.15,Yes
BHS-01853,25,Standard,31.65,Self-Monitored,8,No,2,Yes,12,DIY,1,677.8,No
BHS-01854,14,Basic,19.3,Self-Monitored,2,Yes,1,No,12,Professional,2,372.25,No
BHS-01855,11,Basic,17.3,Hybrid,4,Yes,3,No,24,Professional,3,352.36,Yes
BHS-01856,54,Basic,19.42,Self-Monitored,5,No,0,No,12,Professional,2,1868.38,Yes
BHS-01857,69,Basic,17.83,Professional,1,No,4,No,0,DIY,3,1721.6,Yes
BHS-01858,1,Premium,54.25,Hybrid,4,Yes,0,No,36,DIY,1,228.86,No
BHS-01859,10,Basic,16.05,Hybrid,2,Yes,1,Yes,24,DIY,2,349.31,Yes
BHS-01860,51,Basic,21.88,Self-Monitored,3,Yes,0,No,0,DIY,0,1043.86,Yes
BHS-01861,15,Standard,39.58,Self-Monitored,7,Yes,1,Yes,12,Professional,0,454.21,No
BHS-01862,59,Standard,31.32,Self-Monitored,5,No,1,Yes,24,Professional,1,1947.46,No
BHS-01863,56,Premium,57.14,Professional,4,Yes,0,No,36,DIY,2,2169.21,No
BHS-01864,12,Basic,17.12,Self-Monitored,2,Yes,1,Yes,24,DIY,1,244.4,Yes
BHS-01865,6,Standard,32.02,Self-Monitored,4,Yes,3,Yes,0,DIY,0,444.0,No
BHS-01866,20,Standard,34.8,Professional,5,No,2,Yes,24,Professional,2,1194.0,No
BHS-01867,10,Standard,38.84,Professional,3,No,2,No,12,Professional,2,363.55,No
BHS-01868,7,Standard,33.92,Professional,4,No,0,Yes,12,Professional,0,200.64,No
BHS-01869,68,Basic,21.12,Professional,3,Yes,2,No,24,Professional,0,1015.58,Yes
BHS-01870,14,Basic,25.7,Hybrid,6,No,3,Yes,36,DIY,1,383.06,No
BHS-01871,40,Standard,34.17,Hybrid,4,Yes,3,Yes,0,DIY,0,3969.6,No
BHS-01872,18,Premium,47.65,Self-Monitored,5,Yes,0,Yes,12,Professional,2,848.48,No
BHS-01873,13,Basic,17.64,Professional,6,Yes,2,No,12,DIY,0,771.42,Yes
BHS-01874,20,Standard,33.51,Professional,5,Yes,3,Yes,12,Professional,2,1017.8,No
BHS-01875,17,Premium,49.5,Professional,5,No,0,Yes,24,DIY,1,930.62,No
BHS-01876,33,Standard,32.1,Professional,3,No,0,Yes,24,Professional,1,1042.89,Yes
BHS-01877,44,Standard,41.38,Self-Monitored,7,Yes,1,Yes,0,Professional,1,3350.62,No
BHS-01878,68,Basic,21.16,Hybrid,5,No,0,No,12,Professional,1,1200.13,No
BHS-01879,51,Standard,30.74,Professional,2,No,1,Yes,12,Professional,1,3670.35,No
BHS-01880,5,Standard,35.58,Professional,9,Yes,0,No,24,DIY,0,495.24,Yes
BHS-01881,12,Standard,31.73,Professional,3,Yes,4,Yes,12,Professional,0,541.44,No
BHS-01882,24,Basic,18.97,Self-Monitored,5,No,1,No,24,Professional,0,487.6,No
BHS-01883,43,Basic,20.61,Professional,12,Yes,2,Yes,24,Professional,1,1766.44,No
BHS-01884,15,Premium,49.39,Hybrid,3,Yes,1,No,24,DIY,0,1786.72,No
BHS-01885,40,Basic,15.56,Self-Monitored,3,No,5,Yes,24,DIY,2,786.61,Yes
BHS-01886,55,Standard,36.38,Self-Monitored,2,No,0,Yes,12,Professional,0,1609.93,No
BHS-01887,2,Standard,33.76,Hybrid,9,No,2,Yes,24,Professional,1,258.48,Yes
BHS-01888,68,Standard,34.97,Self-Monitored,1,Yes,2,No,12,DIY,2,1549.09,No
BHS-01889,51,Basic,21.01,Hybrid,6,No,2,No,12,DIY,1,1676.71,No
BHS-01890,31,Premium,53.86,Self-Monitored,7,No,1,Yes,0,Professional,1,1484.72,No
BHS-01891,16,Basic,20.25,Professional,9,No,2,Yes,36,DIY,3,528.27,No
BHS-01892,65,Basic,26.02,Professional,8,Yes,1,Yes,24,Professional,0,2752.23,No
BHS-01893,23,Basic,14.88,Hybrid,3,Yes,1,Yes,0,Professional,1,678.91,Yes
BHS-01894,62,Premium,52.73,Professional,4,No,0,No,36,DIY,2,2378.78,No
BHS-01895,64,Basic,18.78,Self-Monitored,2,No,3,Yes,36,Professional,0,1373.58,No
BHS-01896,26,Basic,21.13,Professional,5,No,4,Yes,12,Professional,1,775.69,Yes
BHS-01897,2,Basic,22.19,Professional,5,No,2,No,12,Professional,1,120.79,Yes
BHS-01898,7,Basic,19.68,Professional,4,Yes,3,Yes,0,Professional,3,377.42,No
BHS-01899,45,Basic,23.15,Self-Monitored,4,Yes,4,No,24,Professional,0,1240.1,Yes
BHS-01900,70,Premium,44.88,Hybrid,3,No,1,Yes,12,DIY,0,2895.46,No
BHS-01901,58,Standard,34.34,Professional,5,Yes,2,Yes,12,Professional,0,3147.13,No
BHS-01902,59,Standard,29.57,Professional,5,Yes,3,Yes,24,Professional,1,1128.17,No
BHS-01903,65,Basic,20.15,Hybrid,4,No,2,Yes,36,Professional,0,1160.74,No
BHS-01904,52,Basic,20.33,Self-Monitored,3,Yes,0,Yes,36,Professional,1,1056.6,Yes
BHS-01905,15,Standard,33.74,Professional,6,No,2,No,24,Professional,1,497.48,Yes
BHS-01906,32,Premium,51.5,Hybrid,5,No,2,No,0,Professional,2,1976.71,Yes
BHS-01907,25,Standard,26.71,Professional,3,No,2,Yes,24,Professional,0,547.62,No
BHS-01908,15,Premium,54.78,Self-Monitored,3,Yes,2,Yes,12,Professional,0,736.31,No
BHS-01909,36,Standard,34.87,Hybrid,4,No,2,No,0,Professional,1,1842.52,Yes
BHS-01910,24,Basic,15.66,Professional,6,No,1,Yes,12,Professional,2,280.02,Yes
BHS-01911,60,Standard,31.95,Self-Monitored,5,Yes,0,No,24,Professional,1,2748.06,No
BHS-01912,33,Premium,61.43,Professional,5,No,2,Yes,0,DIY,0,3916.52,No
BHS-01913,45,Standard,33.08,Professional,2,Yes,0,Yes,24,Professional,1,1764.48,No
BHS-01914,45,Basic,21.45,Professional,7,Yes,1,Yes,0,Professional,0,1657.34,Yes
BHS-01915,11,Basic,23.78,Hybrid,4,No,1,Yes,24,DIY,1,939.08,Yes
BHS-01916,8,Standard,34.09,Professional,1,Yes,1,Yes,12,Professional,3,464.13,Yes
BHS-01917,35,Basic,17.51,Professional,5,Yes,1,Yes,24,Professional,2,998.77,No
BHS-01918,52,Premium,47.04,Professional,7,Yes,1,Yes,24,DIY,1,4037.39,No
BHS-01919,46,Basic,18.89,Professional,1,Yes,1,Yes,0,DIY,2,733.69,Yes
BHS-01920,53,Premium,49.47,Self-Monitored,5,Yes,3,No,0,Professional,2,2033.39,No
BHS-01921,61,Standard,34.57,Professional,3,Yes,5,Yes,24,Professional,2,2284.89,No
BHS-01922,72,Standard,25.0,Hybrid,4,No,3,Yes,36,Professional,1,1601.07,No
BHS-01923,57,Standard,32.47,Self-Monitored,7,Yes,1,Yes,0,Professional,0,1164.84,Yes
BHS-01924,56,Premium,48.17,Self-Monitored,3,No,1,Yes,12,DIY,0,1529.54,No
BHS-01925,45,Standard,35.03,Professional,4,Yes,2,No,12,DIY,1,1044.19,No
BHS-01926,72,Premium,45.15,Hybrid,6,Yes,3,Yes,36,DIY,1,2916.59,No
BHS-01927,59,Premium,40.0,Professional,1,Yes,2,Yes,12,DIY,3,1440.69,No
BHS-01928,4,Standard,40.28,Hybrid,4,No,1,Yes,24,Professional,0,255.2,Yes
BHS-01929,5,Premium,57.65,Professional,6,Yes,1,Yes,12,Professional,0,768.09,No
BHS-01930,67,Premium,55.69,Self-Monitored,4,Yes,1,Yes,12,Professional,1,4891.14,No
BHS-01931,68,Basic,16.45,Self-Monitored,2,Yes,1,Yes,24,Professional,0,1045.26,Yes
BHS-01932,58,Standard,44.34,Self-Monitored,4,Yes,2,Yes,24,DIY,0,6942.13,No
BHS-01933,56,Basic,21.15,Professional,5,Yes,4,Yes,0,DIY,4,1140.2,Yes
BHS-01934,41,Basic,19.58,Professional,6,No,2,Yes,0,DIY,1,819.38,No
BHS-01935,48,Basic,22.02,Professional,5,Yes,3,Yes,36,DIY,0,1209.9,No
BHS-01936,25,Standard,41.95,Hybrid,3,Yes,2,No,24,Professional,3,1717.83,No
BHS-01937,45,Standard,31.06,Professional,6,Yes,2,Yes,0,Professional,3,1181.46,No
BHS-01938,10,Standard,36.21,Self-Monitored,1,No,1,Yes,0,Professional,0,672.69,Yes
BHS-01939,39,Premium,57.45,Professional,6,No,0,Yes,36,DIY,1,1151.62,No
BHS-01940,5,Basic,19.8,Professional,2,No,0,Yes,24,DIY,1,218.41,Yes
BHS-01941,15,Standard,38.52,Professional,5,No,2,No,12,DIY,1,1034.11,No
BHS-01942,26,Standard,36.74,Hybrid,4,No,4,Yes,36,Professional,0,2925.45,No
BHS-01943,45,Standard,33.95,Self-Monitored,6,Yes,2,Yes,12,Professional,0,3241.29,Yes
BHS-01944,29,Premium,56.56,Self-Monitored,5,No,3,Yes,36,DIY,1,2394.77,No
BHS-01945,30,Standard,35.3,Self-Monitored,3,No,1,No,12,DIY,1,757.31,Yes
BHS-01946,55,Standard,35.78,Professional,1,No,1,Yes,12,DIY,1,1502.76,No
BHS-01947,53,Standard,31.8,Professional,8,Yes,1,Yes,0,Professional,3,2586.89,Yes
BHS-01948,18,Basic,19.75,Hybrid,6,Yes,0,No,0,Professional,0,750.06,No
BHS-01949,15,Standard,35.34,Self-Monitored,2,No,0,No,0,Professional,1,603.0,No
BHS-01950,20,Premium,52.32,Self-Monitored,4,No,2,Yes,12,Professional,0,984.65,No
BHS-01951,10,Standard,29.36,Self-Monitored,1,Yes,3,Yes,0,Professional,2,650.0,Yes
BHS-01952,13,Premium,51.1,Professional,8,No,4,Yes,12,Professional,0,1104.32,No
BHS-01953,67,Basic,19.84,Professional,4,No,2,Yes,36,Professional,2,1690.97,Yes
BHS-01954,69,Premium,61.32,Professional,4,Yes,4,Yes,24,Professional,3,3270.53,No
BHS-01955,38,Premium,58.82,Self-Monitored,3,Yes,2,Yes,36,Professional,2,2831.64,No
BHS-01956,10,Standard,43.85,Professional,2,No,1,Yes,24,Professional,5,355.69,Yes
BHS-01957,71,Standard,32.94,Professional,1,Yes,3,Yes,12,DIY,3,2381.91,Yes
BHS-01958,38,Basic,20.41,Professional,4,No,2,Yes,12,DIY,0,944.99,Yes
BHS-01959,17,Standard,36.69,Hybrid,7,Yes,3,Yes,36,Professional,0,1021.79,No
BHS-01960,26,Premium,54.2,Professional,3,No,1,No,12,Professional,1,738.12,No
BHS-01961,27,Standard,35.44,Professional,4,No,1,Yes,12,DIY,1,1507.92,No
BHS-01962,41,Premium,48.97,Professional,7,No,2,Yes,24,DIY,1,3308.36,No
BHS-01963,25,Premium,55.53,Professional,1,Yes,2,Yes,24,Professional,3,1936.63,No
BHS-01964,0,Standard,35.05,Hybrid,1,No,1,Yes,12,Professional,2,85.96,No
BHS-01965,20,Standard,37.0,Professional,3,Yes,2,No,12,Professional,0,505.02,No
BHS-01966,62,Basic,20.05,Professional,7,No,3,No,36,Professional,4,2099.27,Yes
BHS-01967,64,Basic,21.05,Hybrid,4,Yes,1,No,12,Professional,1,1300.41,No
BHS-01968,29,Premium,56.13,Professional,7,No,5,Yes,36,Professional,2,1283.49,No
BHS-01969,57,Standard,39.07,Self-Monitored,6,No,2,Yes,24,DIY,1,5666.08,No
BHS-01970,19,Standard,34.99,Self-Monitored,4,No,0,No,0,DIY,2,887.84,No
BHS-01971,21,Basic,23.56,Professional,4,No,0,Yes,0,Professional,1,518.47,No
BHS-01972,22,Premium,51.21,Professional,4,No,2,Yes,0,DIY,1,874.59,Yes
BHS-01973,61,Standard,37.86,Professional,6,No,2,No,36,DIY,3,2782.58,No
BHS-01974,70,Premium,56.41,Professional,4,Yes,2,Yes,24,DIY,1,2991.75,No
BHS-01975,69,Basic,22.43,Self-Monitored,3,Yes,2,Yes,12,Professional,2,689.98,No
BHS-01976,26,Standard,36.53,Professional,4,Yes,3,Yes,12,DIY,0,740.92,No
BHS-01977,52,Basic,24.38,Professional,3,Yes,1,Yes,12,Professional,0,1526.53,Yes
BHS-01978,34,Standard,29.49,Hybrid,3,Yes,0,Yes,36,DIY,1,1490.06,Yes
BHS-01979,61,Basic,17.07,Professional,2,No,1,Yes,12,DIY,2,1505.83,No
BHS-01980,63,Standard,34.77,Professional,1,No,5,No,0,DIY,1,3076.52,Yes
BHS-01981,62,Standard,33.78,Professional,3,Yes,2,No,12,DIY,0,1469.47,No
BHS-01982,72,Basic,18.1,Self-Monitored,5,Yes,1,Yes,0,Professional,1,1615.8,No
BHS-01983,17,Premium,58.44,Professional,3,Yes,3,No,36,DIY,2,1505.71,No
BHS-01984,71,Premium,57.59,Professional,5,Yes,3,No,24,DIY,1,5863.9,No
BHS-01985,15,Premium,60.71,Hybrid,8,No,0,No,24,Professional,1,948.96,No
BHS-01986,9,Premium,60.1,Self-Monitored,2,Yes,2,Yes,12,DIY,1,891.06,No
BHS-01987,55,Premium,61.18,Self-Monitored,5,Yes,1,Yes,12,DIY,2,3752.04,No
BHS-01988,40,Standard,37.12,Hybrid,7,No,0,No,12,DIY,1,1471.62,No
BHS-01989,55,Basic,22.76,Professional,1,Yes,2,Yes,36,Professional,1,787.58,Yes
BHS-01990,43,Standard,37.47,Self-Monitored,6,No,2,Yes,24,DIY,1,1539.33,No
BHS-01991,30,Basic,17.46,Professional,6,Yes,2,Yes,36,Professional,2,596.72,No
BHS-01992,57,Basic,24.04,Professional,6,No,0,No,0,DIY,0,1001.77,No
BHS-01993,46,Basic,18.71,Professional,9,No,2,No,12,Professional,1,1005.53,Yes
BHS-01994,35,Standard,35.18,Professional,3,Yes,2,Yes,24,Professional,0,1033.76,No
BHS-01995,38,Premium,51.76,Hybrid,5,No,1,No,12,DIY,0,5527.32,No
BHS-01996,34,Basic,19.63,Professional,1,No,2,No,12,Professional,3,1068.78,Yes
BHS-01997,13,Standard,36.25,Professional,5,No,3,No,24,Professional,0,345.54,No
BHS-01998,26,Premium,59.67,Hybrid,1,No,1,Yes,36,DIY,1,2683.05,No
BHS-01999,8,Premium,57.87,Professional,6,No,2,Yes,0,Professional,0,829.82,Yes
BHS-02000,53,Premium,59.86,Professional,2,Yes,1,Yes,12,DIY,0,1903.84,No
