cust_id,mo_active,box_tier,sub_fee,gear_cat,boxes_skip,ref_cnt,app_use,avg_rating,pay_meth,loyalty_pts,gift_sub,ltv_est,churn
RID-00001,29,plus,41.42,camping,1,0,no,3.7,card,456,no,1504.26,no
RID-00002,55,core,21.87,hiking,0,1,yes,2.9,card,186,no,1621.46,yes
RID-00003,5,core,26.86,camping,1,1,no,4.5,card,439,no,384.46,yes
RID-00004,7,plus,40.3,climbing,0,0,yes,4.4,paypal,389,no,276.63,no
RID-00005,53,plus,49.41,camping,4,1,no,3.4,card,479,no,3534.06,yes
RID-00006,50,summit,89.59,fishing,1,0,yes,3.4,card,630,no,3329.83,no
RID-00007,31,plus,49.07,fishing,0,0,yes,4.4,card,544,no,2185.93,no
RID-00008,21,core,19.06,climbing,1,0,yes,5.0,paypal,433,no,372.4,yes
RID-00009,6,core,21.43,fishing,3,1,yes,4.8,card,326,no,277.68,yes
RID-00010,41,core,21.79,fishing,1,0,yes,4.9,paypal,257,no,906.79,yes
RID-00011,32,core,23.48,climbing,1,1,yes,3.8,card,274,no,2027.23,yes
RID-00012,49,plus,42.58,climbing,0,2,no,4.3,paypal,42,no,1442.15,no
RID-00013,22,plus,44.02,hiking,1,0,no,3.9,paypal,301,no,631.65,yes
RID-00014,48,summit,91.51,climbing,0,0,no,3.5,paypal,256,no,8666.76,no
RID-00015,58,plus,32.29,climbing,3,0,yes,4.1,paypal,272,no,2779.22,yes
RID-00016,9,core,28.89,hiking,3,0,yes,3.3,bnpl,232,no,280.24,yes
RID-00017,46,plus,42.7,hiking,0,0,yes,3.4,card,163,no,1591.28,yes
RID-00018,37,core,27.25,camping,1,0,no,3.7,card,612,no,849.63,no
RID-00019,24,core,25.31,climbing,3,0,no,3.7,card,959,no,858.32,no
RID-00020,13,plus,51.21,fishing,1,0,yes,4.0,bnpl,281,no,675.91,yes
RID-00021,9,core,25.16,camping,2,0,yes,2.5,card,1062,no,574.34,yes
RID-00022,6,core,24.95,camping,1,0,yes,3.3,paypal,368,no,253.79,yes
RID-00023,16,plus,42.43,fishing,3,2,no,5.0,bnpl,188,no,599.94,yes
RID-00024,31,plus,39.53,camping,2,1,no,4.0,card,707,no,2248.59,yes
RID-00025,32,core,29.11,climbing,1,1,no,4.4,card,208,no,555.86,no
RID-00026,60,plus,51.87,hiking,1,0,no,4.3,card,110,no,3842.81,no
RID-00027,45,core,19.54,hiking,0,1,yes,3.9,card,304,no,1224.09,no
RID-00028,59,plus,39.42,camping,2,0,yes,3.3,card,113,no,2193.74,yes
RID-00029,45,plus,52.72,camping,3,0,yes,3.6,card,560,no,3427.6,no
RID-00030,34,plus,59.43,hiking,1,1,no,5.0,card,805,no,2701.69,no
RID-00031,49,plus,44.44,hiking,0,0,no,3.6,card,105,no,2291.92,yes
RID-00032,47,core,27.3,climbing,2,0,yes,5.0,card,272,no,2086.68,yes
RID-00033,49,core,23.47,fishing,1,0,yes,3.7,card,369,no,520.33,yes
RID-00034,15,plus,51.21,climbing,0,0,yes,3.8,paypal,84,no,2227.18,yes
RID-00035,44,core,26.5,hiking,0,0,yes,4.1,card,332,no,2032.35,yes
RID-00036,13,core,26.51,hiking,1,0,yes,3.9,bnpl,27,no,797.15,no
RID-00037,19,plus,36.65,camping,1,2,no,3.3,card,156,no,550.68,no
RID-00038,43,core,27.19,climbing,4,0,yes,4.0,card,635,no,1417.41,no
RID-00039,30,plus,36.43,hiking,1,3,no,2.9,card,45,no,1356.0,no
RID-00040,47,plus,41.01,fishing,0,1,yes,4.3,card,958,no,1977.03,no
RID-00041,43,summit,74.38,climbing,1,0,yes,4.2,bnpl,266,no,3532.62,no
RID-00042,45,summit,82.91,camping,1,0,no,4.5,paypal,126,no,4217.21,no
RID-00043,9,plus,49.1,hiking,0,0,yes,3.6,card,377,no,484.42,no
RID-00044,6,summit,73.49,climbing,1,0,no,4.6,bnpl,513,no,796.18,no
RID-00045,15,plus,45.0,fishing,1,0,no,4.3,paypal,538,yes,1254.2,no
RID-00046,21,plus,44.06,hiking,2,0,yes,4.1,paypal,357,no,715.64,no
RID-00047,50,plus,38.54,climbing,1,0,no,5.0,card,432,no,1204.69,no
RID-00048,2,summit,70.6,camping,0,2,yes,4.4,card,239,no,336.76,no
RID-00049,32,plus,44.35,fishing,2,0,yes,3.7,card,44,no,960.03,no
RID-00050,47,summit,64.94,hiking,0,0,no,5.0,card,284,no,3574.56,no
RID-00051,22,plus,41.77,climbing,5,0,yes,4.4,bnpl,571,no,819.55,yes
RID-00052,19,summit,75.77,hiking,2,0,no,5.0,card,215,no,2831.04,no
RID-00053,12,core,29.74,fishing,1,2,yes,2.6,card,609,yes,493.38,yes
RID-00054,26,core,20.88,climbing,0,0,no,3.8,paypal,310,no,538.27,no
RID-00055,37,core,28.01,camping,2,0,yes,3.8,card,112,no,1062.02,yes
RID-00056,35,plus,40.38,hiking,0,1,yes,2.6,card,932,no,1068.08,no
RID-00057,51,core,24.8,camping,1,1,no,4.1,card,234,no,932.49,no
RID-00058,0,core,23.61,fishing,1,0,no,3.7,card,554,yes,268.28,yes
RID-00059,17,core,31.09,climbing,3,1,no,2.5,card,904,no,859.27,yes
RID-00060,21,plus,39.95,hiking,0,1,yes,3.4,paypal,1355,no,1821.17,no
RID-00061,23,core,27.1,camping,0,2,no,5.0,card,196,yes,589.99,yes
RID-00062,44,plus,45.95,fishing,2,0,yes,4.7,bnpl,831,no,3838.87,no
RID-00063,6,plus,41.39,fishing,0,1,yes,3.5,card,129,yes,306.29,no
RID-00064,17,plus,44.96,hiking,3,0,yes,3.4,bnpl,1005,no,923.33,no
RID-00065,3,plus,36.14,climbing,1,0,yes,4.6,bnpl,324,no,319.33,no
RID-00066,34,core,23.74,camping,0,1,yes,2.5,card,429,no,1325.2,yes
RID-00067,58,summit,84.75,hiking,2,0,no,4.4,paypal,179,no,6089.89,no
RID-00068,59,summit,63.52,fishing,1,1,yes,2.6,card,44,no,6322.27,no
RID-00069,2,core,27.86,climbing,3,0,yes,5.0,card,7,no,88.9,yes
RID-00070,7,core,24.85,camping,3,0,no,4.5,paypal,268,no,269.27,no
RID-00071,34,plus,47.51,hiking,3,0,yes,2.6,card,166,no,1297.93,no
RID-00072,16,summit,72.41,hiking,3,1,yes,3.7,paypal,242,no,2837.08,no
RID-00073,14,summit,71.97,camping,2,0,yes,4.2,card,407,no,967.09,no
RID-00074,41,summit,77.21,fishing,1,0,yes,2.5,card,128,no,3000.88,no
RID-00075,18,summit,77.35,camping,0,0,no,4.0,card,226,no,1658.71,no
RID-00076,36,plus,46.19,camping,1,0,yes,4.4,bnpl,235,no,2409.32,no
RID-00077,2,core,23.69,fishing,0,0,yes,2.4,paypal,491,no,116.83,yes
RID-00078,59,core,23.17,camping,3,0,yes,4.6,paypal,1124,no,880.84,yes
RID-00079,5,core,25.9,hiking,1,0,yes,3.9,paypal,263,no,489.22,no
RID-00080,2,core,23.15,climbing,0,1,yes,4.7,paypal,59,no,64.53,yes
RID-00081,25,core,25.46,hiking,0,1,yes,3.8,card,425,no,1311.33,no
RID-00082,53,plus,43.83,hiking,2,1,yes,3.2,bnpl,390,no,2636.7,yes
RID-00083,38,summit,79.83,hiking,2,1,no,3.1,card,143,no,5431.78,no
RID-00084,29,core,27.65,fishing,2,0,yes,3.8,card,254,no,977.56,yes
RID-00085,16,summit,92.06,fishing,2,0,yes,3.9,paypal,639,no,1957.84,no
RID-00086,13,summit,67.16,camping,1,1,no,4.8,paypal,132,no,1243.91,no
RID-00087,39,core,25.32,hiking,0,3,yes,3.8,card,534,no,1663.83,yes
RID-00088,30,core,30.92,climbing,1,0,yes,2.8,card,367,no,1645.87,no
RID-00089,37,plus,45.8,hiking,2,2,no,3.7,card,244,no,898.2,no
RID-00090,25,summit,66.66,camping,1,1,yes,2.9,card,752,no,1954.22,yes
RID-00091,18,plus,49.66,hiking,1,2,no,4.3,paypal,209,no,596.65,no
RID-00092,10,core,25.03,hiking,0,1,no,4.4,paypal,499,no,595.95,yes
RID-00093,17,plus,37.75,fishing,2,0,yes,4.6,card,524,no,665.37,no
RID-00094,13,summit,77.22,camping,1,0,yes,3.8,card,334,no,886.57,no
RID-00095,29,core,29.04,camping,0,0,yes,3.5,card,812,no,1672.78,no
RID-00096,17,plus,45.32,fishing,1,0,yes,3.6,card,109,no,1448.69,no
RID-00097,48,plus,38.46,fishing,0,1,yes,3.9,card,612,no,3037.5,no
RID-00098,33,core,27.92,hiking,0,1,no,3.6,paypal,132,no,1396.24,yes
RID-00099,18,summit,88.06,climbing,1,0,yes,5.0,card,565,no,1084.17,no
RID-00100,5,core,29.57,fishing,1,0,no,3.7,bnpl,257,no,208.39,yes
RID-00101,7,summit,61.83,camping,0,0,yes,3.9,paypal,838,yes,579.18,no
RID-00102,5,plus,45.43,climbing,0,2,no,3.4,card,334,no,219.89,no
RID-00103,19,core,30.91,climbing,2,0,yes,3.5,card,240,no,820.43,no
RID-00104,20,plus,43.7,hiking,3,0,yes,3.0,card,49,no,1512.78,yes
RID-00105,3,core,19.71,fishing,1,0,yes,3.2,paypal,108,no,119.45,yes
RID-00106,43,core,25.79,fishing,1,0,yes,5.0,card,97,no,558.05,yes
RID-00107,32,core,24.65,hiking,1,0,no,4.4,paypal,627,no,1029.74,yes
RID-00108,59,summit,77.97,camping,2,2,no,3.7,paypal,184,no,4137.88,no
RID-00109,54,summit,73.18,fishing,0,1,yes,3.5,card,1827,no,2109.66,no
RID-00110,0,core,25.32,hiking,2,0,yes,4.9,card,94,no,0.0,yes
RID-00111,42,plus,44.87,camping,0,1,no,3.4,card,104,no,2779.58,no
RID-00112,59,summit,82.68,climbing,2,0,yes,2.7,paypal,183,no,3751.91,no
RID-00113,48,plus,49.23,climbing,1,0,no,4.4,bnpl,167,no,2164.44,yes
RID-00114,41,core,23.8,camping,2,1,yes,3.3,bnpl,557,no,1249.92,no
RID-00115,8,core,23.36,camping,0,1,yes,3.0,card,273,no,275.66,yes
RID-00116,54,plus,49.08,fishing,1,0,yes,3.2,paypal,417,no,2110.14,no
RID-00117,50,core,21.69,fishing,3,1,yes,4.3,paypal,328,yes,900.8,no
RID-00118,32,plus,50.42,hiking,0,0,no,3.9,bnpl,328,no,1104.95,no
RID-00119,56,plus,43.01,camping,2,2,yes,3.3,card,222,no,4757.89,no
RID-00120,28,plus,48.51,hiking,2,1,no,4.4,card,587,no,2693.71,no
RID-00121,32,core,25.28,hiking,2,2,yes,3.4,card,502,no,631.49,no
RID-00122,47,plus,47.52,camping,0,1,no,2.8,paypal,129,no,1633.12,no
RID-00123,43,plus,43.13,hiking,1,0,no,3.0,paypal,187,no,1297.47,yes
RID-00124,33,plus,45.58,camping,2,1,yes,4.0,card,116,no,881.35,no
RID-00125,47,core,27.79,climbing,1,1,no,3.4,bnpl,283,no,3312.43,no
RID-00126,54,core,23.51,fishing,3,1,yes,4.1,paypal,353,no,1018.01,yes
RID-00127,39,core,24.0,climbing,0,0,yes,4.8,card,168,no,1355.79,no
RID-00128,54,core,22.9,camping,1,1,yes,3.5,card,190,no,1264.08,no
RID-00129,25,plus,44.33,climbing,1,1,yes,5.0,card,128,no,1129.51,no
RID-00130,32,plus,51.96,hiking,1,1,yes,4.2,paypal,106,no,1543.43,no
RID-00131,39,core,22.01,hiking,0,0,yes,3.9,card,184,no,1056.82,yes
RID-00132,34,plus,49.04,climbing,2,0,no,3.0,bnpl,227,no,1576.59,no
RID-00133,10,plus,43.31,fishing,2,0,no,3.7,card,126,no,591.15,no
RID-00134,27,plus,42.96,fishing,1,0,no,3.8,card,99,no,1953.71,no
RID-00135,8,plus,49.78,camping,0,0,no,4.6,card,1031,no,702.45,no
RID-00136,42,summit,80.64,climbing,0,0,no,3.6,card,174,no,3797.46,no
RID-00137,48,plus,51.69,camping,1,0,no,4.3,paypal,303,no,1387.97,yes
RID-00138,41,core,24.28,climbing,0,2,yes,4.0,paypal,399,no,1092.99,yes
RID-00139,52,summit,75.43,hiking,0,0,no,4.7,bnpl,328,yes,4181.31,no
RID-00140,39,core,26.02,climbing,2,0,yes,4.8,paypal,431,no,1029.64,yes
RID-00141,23,plus,46.57,fishing,2,0,yes,4.3,card,285,yes,1093.58,no
RID-00142,3,summit,79.38,camping,3,0,yes,4.6,card,60,no,272.42,no
RID-00143,2,core,28.76,fishing,3,1,yes,4.8,paypal,297,no,276.31,yes
RID-00144,58,core,21.41,climbing,1,0,yes,4.4,paypal,202,yes,610.93,yes
RID-00145,47,core,24.9,hiking,1,0,no,4.2,card,121,no,1295.98,yes
RID-00146,20,summit,69.07,hiking,1,0,yes,4.3,bnpl,835,no,1532.97,no
RID-00147,58,plus,48.28,camping,2,0,yes,5.0,bnpl,43,no,2291.9,yes
RID-00148,15,summit,82.19,camping,2,1,no,4.1,paypal,366,no,2503.74,no
RID-00149,47,core,28.52,camping,1,0,no,4.5,card,351,no,830.29,yes
RID-00150,12,core,21.45,climbing,0,0,no,3.5,card,701,no,551.59,yes
RID-00151,43,core,28.79,camping,1,0,yes,5.0,paypal,322,no,2489.42,no
RID-00152,4,summit,87.47,hiking,1,0,yes,4.3,card,161,no,458.03,no
RID-00153,41,core,23.67,fishing,0,0,no,3.7,card,39,no,643.5,no
RID-00154,27,summit,75.89,climbing,1,1,yes,3.9,paypal,48,no,1916.21,no
RID-00155,35,plus,51.51,camping,1,0,yes,3.8,card,177,no,4067.54,yes
RID-00156,2,summit,71.32,climbing,2,0,yes,4.0,card,625,no,570.82,no
RID-00157,22,core,27.12,camping,1,0,no,4.2,card,57,no,579.64,no
RID-00158,9,plus,44.12,climbing,3,1,yes,3.9,card,291,no,910.85,yes
RID-00159,37,core,24.34,camping,0,1,no,2.8,card,583,no,1571.62,no
RID-00160,0,plus,45.41,camping,1,0,no,5.0,paypal,790,no,335.72,no
RID-00161,55,plus,47.42,fishing,0,0,no,4.2,card,213,no,2604.41,no
RID-00162,10,core,26.37,camping,0,1,yes,4.2,card,529,no,911.39,no
RID-00163,31,summit,73.68,camping,0,1,yes,4.0,card,176,no,2334.3,no
RID-00164,60,core,29.82,camping,0,1,no,4.7,card,374,no,3781.06,yes
RID-00165,25,core,24.63,hiking,0,1,no,4.0,card,382,no,509.38,yes
RID-00166,33,plus,42.85,fishing,3,2,yes,3.8,card,115,no,828.35,yes
RID-00167,58,plus,53.49,camping,1,1,yes,3.8,paypal,14,no,5203.14,no
RID-00168,4,core,27.98,camping,1,1,no,4.9,bnpl,284,no,327.68,yes
RID-00169,34,summit,82.1,fishing,0,0,no,4.2,card,467,no,2978.0,no
RID-00170,34,core,25.81,camping,1,0,yes,4.0,card,552,no,1511.86,yes
RID-00171,44,plus,42.8,camping,0,2,yes,3.7,paypal,341,no,1553.59,no
RID-00172,36,core,22.63,camping,1,0,yes,3.8,paypal,446,no,688.4,no
RID-00173,29,core,24.55,fishing,0,1,yes,4.8,card,138,no,876.12,yes
RID-00174,33,plus,45.3,hiking,2,1,yes,3.3,bnpl,585,no,1459.75,no
RID-00175,17,summit,74.61,hiking,1,0,no,4.5,card,495,no,1680.54,no
RID-00176,20,plus,54.57,hiking,1,0,yes,4.5,bnpl,402,no,1337.0,no
RID-00177,57,core,24.37,hiking,0,1,yes,4.2,bnpl,148,yes,1218.24,no
RID-00178,40,core,20.75,climbing,0,1,yes,3.9,bnpl,266,no,2068.6,yes
RID-00179,41,summit,64.19,fishing,2,0,yes,2.9,card,200,no,1658.58,no
RID-00180,8,core,26.37,climbing,0,0,no,4.5,card,213,no,246.22,no
RID-00181,23,plus,35.68,fishing,1,1,yes,2.8,card,429,no,1044.35,yes
RID-00182,13,core,26.96,camping,1,0,yes,4.1,paypal,402,no,622.89,yes
RID-00183,57,core,27.43,hiking,2,1,yes,4.0,card,30,no,1637.05,yes
RID-00184,60,core,29.28,hiking,1,2,yes,4.6,card,146,no,3014.6,no
RID-00185,20,core,27.85,camping,0,1,no,3.3,card,351,no,748.45,yes
RID-00186,25,plus,46.07,camping,2,0,yes,3.3,card,218,no,993.91,yes
RID-00187,41,core,23.18,camping,0,1,yes,4.4,paypal,88,no,631.75,no
RID-00188,9,summit,83.56,camping,0,1,no,3.9,bnpl,540,no,846.37,no
RID-00189,34,core,23.82,fishing,1,0,yes,2.5,card,1839,no,1313.69,no
RID-00190,13,plus,41.69,camping,2,0,yes,4.0,card,88,no,720.27,no
RID-00191,32,plus,44.99,hiking,1,0,yes,5.0,paypal,33,no,1484.55,no
RID-00192,44,core,27.51,camping,2,2,yes,4.4,card,755,yes,1739.71,no
RID-00193,45,core,26.16,hiking,1,1,no,3.1,card,128,no,622.58,no
RID-00194,7,core,24.94,camping,0,0,no,4.4,card,450,no,425.02,yes
RID-00195,17,core,22.37,camping,0,1,yes,4.7,card,125,no,569.59,no
RID-00196,21,core,23.4,hiking,1,0,yes,2.7,card,869,no,1082.46,yes
RID-00197,44,core,26.74,camping,3,1,yes,3.8,paypal,478,no,796.54,yes
RID-00198,20,core,19.14,hiking,4,0,no,5.0,bnpl,127,no,820.06,yes
RID-00199,28,plus,38.96,climbing,2,1,yes,2.9,bnpl,109,no,2084.87,no
RID-00200,13,plus,43.14,fishing,0,2,yes,3.8,paypal,119,no,897.73,no
RID-00201,21,core,17.97,hiking,5,0,no,3.8,card,177,no,733.76,yes
RID-00202,29,plus,45.11,hiking,0,1,no,3.7,bnpl,557,no,1393.68,no
RID-00203,12,core,27.07,hiking,1,0,no,5.0,paypal,39,no,294.51,yes
RID-00204,6,summit,66.14,hiking,0,0,no,4.9,card,146,no,439.68,no
RID-00205,8,core,23.39,hiking,4,0,yes,3.8,card,485,no,460.21,yes
RID-00206,27,core,26.4,hiking,2,0,yes,3.2,paypal,496,yes,827.79,no
RID-00207,9,summit,78.81,hiking,0,1,yes,5.0,paypal,599,no,1121.23,no
RID-00208,1,core,29.72,climbing,1,0,yes,4.6,card,67,no,128.86,yes
RID-00209,50,core,21.95,hiking,1,1,yes,4.0,card,208,no,1734.61,yes
RID-00210,59,summit,58.19,camping,2,0,no,4.5,card,137,no,3547.34,no
RID-00211,31,plus,46.18,climbing,2,1,no,4.5,paypal,803,no,807.99,no
RID-00212,36,plus,49.47,climbing,2,0,yes,3.3,card,286,no,1057.28,no
RID-00213,10,core,19.98,climbing,1,1,no,3.6,card,110,no,168.24,yes
RID-00214,4,core,24.16,camping,1,0,yes,4.0,card,770,no,439.02,yes
RID-00215,4,core,22.94,climbing,2,1,yes,2.5,paypal,229,no,126.46,no
RID-00216,11,plus,33.37,fishing,1,1,yes,3.7,card,281,no,505.35,no
RID-00217,6,core,24.91,camping,0,1,no,3.4,card,897,no,561.98,yes
RID-00218,44,plus,44.36,hiking,4,0,no,4.1,bnpl,297,no,1971.33,yes
RID-00219,46,summit,75.96,camping,3,0,yes,3.2,card,638,no,3012.29,yes
RID-00220,44,summit,74.38,climbing,1,0,no,4.3,card,180,no,1596.33,no
RID-00221,17,core,26.6,hiking,0,0,yes,4.2,card,466,no,862.75,yes
RID-00222,22,plus,44.12,climbing,1,2,yes,3.9,paypal,314,no,898.27,no
RID-00223,21,plus,44.67,camping,1,1,yes,4.4,card,529,no,2192.52,no
RID-00224,9,summit,57.29,camping,4,1,no,4.4,card,285,no,697.48,no
RID-00225,28,summit,77.99,camping,0,1,yes,3.8,card,279,yes,2736.64,no
RID-00226,32,plus,45.15,camping,1,0,yes,4.0,paypal,615,no,2317.89,no
RID-00227,12,plus,40.84,fishing,0,0,no,3.5,card,144,no,453.56,no
RID-00228,16,core,25.97,camping,1,0,yes,3.5,card,160,no,560.37,yes
RID-00229,28,plus,37.26,camping,2,0,yes,5.0,paypal,997,no,1209.7,yes
RID-00230,5,plus,46.08,fishing,1,0,yes,3.8,paypal,136,no,247.97,no
RID-00231,35,plus,40.02,hiking,1,0,yes,4.0,paypal,187,no,943.31,no
RID-00232,21,plus,47.0,hiking,1,0,no,3.9,card,137,no,845.28,yes
RID-00233,43,core,25.13,camping,0,0,no,4.3,bnpl,165,no,2760.23,yes
RID-00234,45,plus,40.3,fishing,1,0,yes,3.6,card,63,no,1178.91,no
RID-00235,22,summit,65.08,hiking,1,1,no,3.7,paypal,400,no,2027.83,no
RID-00236,21,core,28.16,camping,0,0,yes,4.7,card,454,no,650.95,yes
RID-00237,32,summit,75.75,climbing,2,0,no,2.9,card,24,no,1357.78,no
RID-00238,2,plus,48.45,hiking,1,1,yes,4.1,card,196,no,230.87,no
RID-00239,11,plus,44.72,hiking,1,0,yes,3.4,card,192,no,528.05,no
RID-00240,7,core,27.0,hiking,0,0,yes,2.5,card,92,no,175.51,yes
RID-00241,17,plus,45.06,hiking,1,1,no,3.9,paypal,89,no,1347.14,yes
RID-00242,36,summit,71.28,hiking,0,1,yes,3.1,card,189,no,2411.51,no
RID-00243,14,core,24.45,camping,1,2,yes,3.0,paypal,608,no,585.15,yes
RID-00244,31,summit,61.66,climbing,4,0,yes,5.0,card,323,no,1969.91,no
RID-00245,42,plus,43.76,camping,1,0,no,4.4,card,332,no,1811.1,no
RID-00246,41,core,26.9,climbing,3,1,yes,4.4,card,154,no,693.77,yes
RID-00247,32,core,20.35,camping,1,0,no,4.0,card,93,no,1028.23,yes
RID-00248,34,core,28.18,hiking,1,1,yes,3.1,paypal,896,no,1425.68,no
RID-00249,26,core,25.06,hiking,1,0,yes,3.9,card,589,no,1131.12,no
RID-00250,30,core,21.39,climbing,4,0,yes,3.7,card,563,no,898.41,no
RID-00251,48,core,23.74,climbing,2,0,yes,2.6,card,335,no,2010.48,no
RID-00252,28,summit,65.58,hiking,0,0,yes,5.0,card,522,no,2212.17,no
RID-00253,21,plus,42.96,fishing,0,0,yes,3.9,card,427,no,1876.43,no
RID-00254,58,summit,66.3,fishing,0,3,yes,3.4,paypal,111,no,2643.07,no
RID-00255,55,plus,43.83,fishing,2,0,yes,4.1,card,915,no,2125.52,no
RID-00256,52,plus,50.9,camping,5,0,no,3.0,paypal,528,no,6069.57,no
RID-00257,50,summit,83.83,camping,1,0,yes,3.3,card,230,yes,6138.73,no
RID-00258,23,core,28.1,climbing,0,4,yes,5.0,card,83,no,1501.06,no
RID-00259,58,plus,37.32,camping,1,0,no,3.6,card,89,no,2864.85,no
RID-00260,39,summit,82.51,climbing,1,1,no,4.0,card,335,no,3069.29,no
RID-00261,54,summit,94.74,camping,1,1,no,4.1,card,245,no,11914.3,no
RID-00262,1,plus,41.75,climbing,1,0,yes,3.9,card,164,no,40.99,yes
RID-00263,6,summit,70.38,camping,2,0,no,3.6,paypal,327,no,635.22,yes
RID-00264,1,plus,50.27,fishing,1,0,yes,5.0,card,267,no,162.32,no
RID-00265,60,core,22.69,climbing,1,0,yes,3.4,card,220,no,2768.37,no
RID-00266,19,core,26.22,camping,0,0,yes,3.3,card,95,no,436.08,yes
RID-00267,2,plus,49.09,hiking,0,0,no,4.4,bnpl,266,no,276.68,yes
RID-00268,46,core,27.63,hiking,3,0,yes,3.0,card,671,no,1024.73,no
RID-00269,48,core,25.06,fishing,1,0,yes,4.8,card,85,no,1600.6,no
RID-00270,56,core,22.4,hiking,1,1,yes,3.8,card,639,no,1493.15,yes
RID-00271,35,summit,70.09,hiking,1,1,yes,4.1,bnpl,658,no,4795.25,no
RID-00272,41,summit,76.2,camping,1,1,yes,4.2,paypal,311,no,2512.81,no
RID-00273,37,summit,71.79,climbing,4,1,yes,3.7,card,311,no,1543.49,yes
RID-00274,43,plus,51.71,camping,2,0,no,4.7,card,286,no,1910.27,yes
RID-00275,31,summit,69.75,fishing,3,1,yes,4.5,paypal,361,no,4632.41,yes
RID-00276,1,plus,44.69,hiking,1,0,yes,4.4,paypal,196,no,214.1,no
RID-00277,10,plus,38.4,fishing,4,0,yes,2.9,card,417,no,790.76,yes
RID-00278,56,plus,39.45,climbing,1,1,yes,3.7,card,32,yes,1792.88,no
RID-00279,2,core,24.8,camping,4,1,yes,3.9,card,1109,no,509.34,no
RID-00280,5,plus,43.5,camping,1,0,yes,5.0,card,475,no,557.53,no
RID-00281,48,plus,48.79,camping,1,0,yes,2.9,card,328,no,1444.93,yes
RID-00282,57,summit,75.48,camping,0,1,yes,3.5,card,463,no,4538.99,no
RID-00283,27,core,20.76,camping,2,0,yes,4.8,card,288,no,440.61,no
RID-00284,8,core,23.52,fishing,4,1,no,3.3,paypal,439,yes,408.6,no
RID-00285,35,core,21.67,hiking,3,0,no,3.5,card,287,no,438.45,yes
RID-00286,2,core,24.85,hiking,2,0,yes,5.0,card,200,no,181.34,no
RID-00287,21,summit,81.32,hiking,2,0,yes,4.3,bnpl,385,no,3333.87,no
RID-00288,34,plus,43.72,camping,1,0,yes,4.6,card,332,no,2572.64,no
RID-00289,53,core,21.18,hiking,1,0,no,4.5,card,411,no,902.19,yes
RID-00290,6,plus,43.33,camping,1,0,yes,4.1,card,175,no,339.61,no
RID-00291,37,plus,46.97,fishing,1,0,yes,4.1,card,47,no,1597.35,no
RID-00292,1,core,25.24,climbing,0,0,yes,4.7,card,316,no,137.02,yes
RID-00293,28,core,28.39,camping,1,0,no,3.4,card,457,no,1924.66,no
RID-00294,40,core,28.58,climbing,0,1,yes,5.0,card,911,no,1287.11,yes
RID-00295,2,plus,45.13,hiking,0,0,no,3.6,card,377,no,293.1,yes
RID-00296,45,summit,55.98,camping,1,2,yes,4.8,paypal,126,no,1266.84,no
RID-00297,60,core,21.25,camping,2,0,yes,4.4,card,616,no,1566.64,yes
RID-00298,17,plus,42.79,camping,0,1,yes,3.6,card,299,no,1336.34,no
RID-00299,46,plus,39.98,climbing,2,0,no,4.4,paypal,621,no,1935.09,no
RID-00300,32,core,22.99,fishing,2,0,yes,4.1,card,170,no,1070.83,yes
RID-00301,56,plus,49.72,hiking,1,0,yes,2.7,card,249,no,2056.95,yes
RID-00302,35,core,27.55,camping,1,0,yes,3.9,card,480,no,981.62,yes
RID-00303,48,core,27.1,camping,2,0,no,3.1,card,522,no,1305.32,yes
RID-00304,9,plus,50.23,hiking,3,0,yes,4.4,paypal,355,no,479.86,yes
RID-00305,15,core,23.14,camping,2,2,no,3.9,paypal,403,no,589.88,no
RID-00306,26,plus,39.7,hiking,1,0,no,4.7,paypal,513,yes,1863.68,no
RID-00307,55,plus,42.98,camping,2,1,yes,3.5,card,272,no,3274.66,yes
RID-00308,38,core,23.53,camping,2,2,no,3.0,card,301,no,557.85,yes
RID-00309,12,summit,69.84,hiking,1,0,yes,3.2,card,896,no,1130.08,no
RID-00310,54,core,25.24,camping,0,1,yes,5.0,card,174,no,2005.27,yes
RID-00311,37,plus,48.32,climbing,0,0,yes,5.0,bnpl,71,no,1701.4,no
RID-00312,25,plus,39.3,climbing,3,1,no,5.0,card,303,no,1041.83,no
RID-00313,23,plus,46.82,hiking,0,0,no,2.8,card,297,no,1765.15,no
RID-00314,42,summit,62.36,fishing,0,1,yes,3.0,card,95,no,4128.36,no
RID-00315,53,core,19.49,climbing,3,0,yes,3.2,paypal,283,no,1432.19,yes
RID-00316,30,core,26.57,climbing,2,0,yes,4.6,paypal,72,no,458.42,no
RID-00317,51,plus,43.36,climbing,2,0,yes,5.0,card,163,no,1417.4,no
RID-00318,43,plus,38.91,climbing,0,3,no,4.7,paypal,375,no,2207.32,no
RID-00319,4,summit,73.61,hiking,3,1,yes,4.1,card,76,no,202.73,yes
RID-00320,48,summit,78.88,hiking,3,0,no,3.3,paypal,225,no,8057.52,no
RID-00321,34,core,28.24,hiking,3,0,yes,3.8,card,32,no,1040.06,no
RID-00322,32,plus,53.88,hiking,0,1,yes,4.1,card,177,no,1323.56,no
RID-00323,37,plus,43.28,hiking,1,1,yes,4.7,card,614,no,1557.28,yes
RID-00324,3,plus,47.61,fishing,3,0,no,3.6,card,1171,no,664.96,no
RID-00325,55,core,23.82,hiking,1,1,no,4.3,paypal,245,no,699.38,no
RID-00326,53,summit,85.04,hiking,0,0,yes,4.2,bnpl,363,no,1938.02,no
RID-00327,60,plus,39.38,hiking,2,0,yes,4.1,card,100,no,1438.71,no
RID-00328,36,core,20.73,climbing,1,1,yes,3.7,card,347,no,1031.4,yes
RID-00329,14,core,29.23,climbing,2,1,no,4.1,card,688,no,1131.14,yes
RID-00330,36,plus,52.75,climbing,0,1,yes,3.9,card,283,no,3451.05,yes
RID-00331,17,summit,71.09,camping,2,0,no,3.4,paypal,562,no,1248.91,no
RID-00332,31,plus,54.73,fishing,1,0,yes,4.7,paypal,163,no,2054.61,yes
RID-00333,48,summit,75.95,fishing,2,0,yes,5.0,card,49,no,4350.97,no
RID-00334,10,core,25.65,fishing,0,0,yes,4.1,bnpl,208,no,423.32,no
RID-00335,27,core,27.12,climbing,1,0,yes,4.0,card,158,no,423.03,yes
RID-00336,29,plus,37.48,camping,0,0,yes,4.6,paypal,537,no,1256.88,no
RID-00337,56,core,21.03,fishing,2,0,yes,4.1,paypal,543,no,2022.68,yes
RID-00338,32,core,21.04,camping,4,0,yes,4.9,card,93,no,1600.56,yes
RID-00339,20,plus,44.17,camping,1,1,yes,4.1,card,388,no,1310.44,no
RID-00340,23,core,26.23,climbing,1,0,yes,4.4,bnpl,470,no,1139.56,no
RID-00341,18,core,28.07,hiking,1,0,no,5.0,card,183,no,793.21,yes
RID-00342,9,core,21.6,climbing,1,1,no,5.0,paypal,303,no,391.04,no
RID-00343,43,core,24.68,climbing,1,0,yes,3.9,card,431,no,760.33,yes
RID-00344,46,core,20.23,camping,1,2,no,4.8,paypal,581,no,1694.0,no
RID-00345,12,core,22.89,climbing,1,3,no,3.2,card,308,yes,703.0,yes
RID-00346,27,summit,59.85,fishing,1,1,yes,3.8,paypal,370,no,1444.42,no
RID-00347,45,plus,51.63,fishing,2,1,no,4.6,card,466,no,4094.16,no
RID-00348,42,plus,42.65,camping,1,2,yes,5.0,card,93,no,1999.08,no
RID-00349,4,core,24.22,hiking,2,0,yes,3.4,paypal,23,no,9.47,yes
RID-00350,2,core,26.46,camping,3,1,yes,4.0,card,422,no,212.57,yes
RID-00351,4,summit,67.25,climbing,1,0,yes,4.0,paypal,315,no,297.86,no
RID-00352,30,plus,47.04,climbing,1,1,yes,3.9,card,85,no,1680.94,no
RID-00353,55,summit,76.85,hiking,0,1,no,3.1,card,443,no,5163.63,no
RID-00354,4,core,18.67,camping,1,0,no,4.4,paypal,83,no,143.75,no
RID-00355,42,plus,36.59,climbing,1,1,yes,3.0,paypal,296,no,997.58,no
RID-00356,44,plus,41.05,climbing,1,1,yes,4.9,paypal,428,no,1455.54,no
RID-00357,58,core,28.95,hiking,2,1,no,5.0,card,543,no,3558.14,yes
RID-00358,35,summit,62.76,camping,1,1,no,3.5,card,208,no,1438.51,no
RID-00359,58,core,24.48,hiking,1,0,yes,3.0,paypal,517,no,2207.91,no
RID-00360,27,plus,46.52,fishing,0,0,no,4.0,card,231,no,1864.19,yes
RID-00361,16,core,28.87,hiking,1,0,yes,3.6,card,125,no,394.9,yes
RID-00362,59,plus,42.04,climbing,0,1,yes,3.8,card,162,no,1791.17,no
RID-00363,31,summit,86.12,camping,3,0,yes,4.1,bnpl,186,no,3509.14,no
RID-00364,19,core,27.09,hiking,1,0,no,3.3,bnpl,7,no,418.27,yes
RID-00365,39,summit,79.7,camping,2,0,yes,5.0,card,463,no,2685.31,no
RID-00366,25,core,27.55,hiking,1,0,no,3.5,paypal,361,no,972.42,yes
RID-00367,45,summit,66.85,camping,1,2,no,4.7,card,164,no,6491.57,no
RID-00368,44,plus,43.19,hiking,2,3,yes,3.3,bnpl,382,no,3456.77,no
RID-00369,1,summit,61.65,hiking,3,1,yes,4.0,card,81,yes,78.96,no
RID-00370,32,plus,37.41,fishing,0,1,yes,4.3,card,394,no,430.5,no
RID-00371,52,plus,48.26,hiking,0,0,yes,4.1,paypal,448,no,2489.46,yes
RID-00372,40,core,31.05,camping,1,0,yes,3.8,bnpl,68,no,869.17,yes
RID-00373,43,summit,68.52,camping,2,0,no,3.6,card,488,no,2784.07,no
RID-00374,59,summit,66.9,camping,2,0,yes,3.7,card,234,no,3545.11,no
RID-00375,20,plus,38.29,climbing,2,0,yes,3.5,paypal,235,no,748.54,yes
RID-00376,42,plus,52.69,climbing,1,1,no,4.2,card,69,no,3465.49,no
RID-00377,1,plus,41.58,hiking,2,1,no,5.0,paypal,551,no,264.59,no
RID-00378,9,core,22.65,fishing,3,0,no,4.3,paypal,554,no,340.93,yes
RID-00379,42,core,25.4,camping,3,0,yes,4.4,card,751,no,1693.38,yes
RID-00380,12,plus,48.99,hiking,1,0,yes,4.8,card,594,no,623.57,no
RID-00381,48,plus,48.5,camping,1,2,no,3.7,card,313,no,2202.51,no
RID-00382,53,plus,40.06,camping,0,0,yes,2.6,bnpl,344,no,1355.26,no
RID-00383,54,plus,42.11,hiking,0,1,yes,4.0,paypal,24,no,2998.04,no
RID-00384,2,core,22.02,climbing,2,0,no,4.6,card,18,yes,71.06,yes
RID-00385,19,core,24.68,fishing,1,1,no,5.0,bnpl,248,no,1363.45,no
RID-00386,31,core,27.15,camping,5,3,yes,3.3,bnpl,241,no,532.76,no
RID-00387,0,core,28.37,hiking,2,2,no,4.8,bnpl,119,yes,11.18,yes
RID-00388,55,plus,42.7,fishing,0,1,yes,4.2,card,255,no,1262.03,no
RID-00389,58,plus,43.04,climbing,1,0,no,3.7,paypal,140,no,1652.24,no
RID-00390,47,summit,64.04,climbing,1,0,yes,3.2,card,557,no,1321.63,no
RID-00391,16,core,23.84,hiking,0,0,yes,3.6,card,291,no,624.81,yes
RID-00392,7,summit,62.33,hiking,0,1,no,4.4,paypal,156,no,447.85,no
RID-00393,50,plus,38.5,climbing,2,0,yes,4.9,card,556,no,1847.59,yes
RID-00394,45,core,21.38,camping,0,1,no,2.0,card,80,no,363.99,no
RID-00395,57,plus,47.66,hiking,2,0,yes,4.4,card,969,no,2578.0,no
RID-00396,23,summit,72.92,camping,0,1,yes,3.6,card,322,no,1891.84,no
RID-00397,10,core,25.21,climbing,1,2,yes,3.6,card,243,no,236.15,no
RID-00398,54,plus,41.55,hiking,1,0,no,4.3,bnpl,53,no,2299.18,no
RID-00399,6,core,22.43,camping,1,0,no,5.0,card,269,no,373.37,yes
RID-00400,34,core,23.26,hiking,0,1,yes,3.5,card,226,no,690.49,yes
RID-00401,28,core,27.01,camping,3,0,yes,3.9,paypal,422,no,646.49,no
RID-00402,33,core,26.45,climbing,0,0,yes,2.8,paypal,241,no,870.42,no
RID-00403,24,plus,44.42,fishing,3,1,yes,4.3,card,84,no,2439.64,yes
RID-00404,0,core,27.49,camping,4,0,yes,3.5,paypal,214,no,81.4,yes
RID-00405,37,plus,50.02,camping,1,0,no,5.0,bnpl,141,no,917.07,no
RID-00406,15,summit,81.58,fishing,0,1,yes,4.3,paypal,80,no,2191.8,no
RID-00407,7,summit,68.59,fishing,3,0,yes,3.8,card,618,no,621.77,no
RID-00408,25,core,23.98,climbing,0,0,no,3.8,paypal,43,no,620.16,yes
RID-00409,17,core,28.02,hiking,3,0,no,4.3,paypal,568,no,528.72,no
RID-00410,44,plus,47.85,camping,4,0,no,4.5,card,279,no,2326.36,yes
RID-00411,22,core,25.03,fishing,2,1,yes,3.1,paypal,449,no,570.3,yes
RID-00412,31,core,24.14,hiking,0,1,yes,3.9,card,655,no,654.92,yes
RID-00413,29,plus,41.88,hiking,0,0,yes,4.0,card,158,no,1692.87,no
RID-00414,52,plus,50.19,climbing,1,1,yes,4.2,card,291,no,2854.16,yes
RID-00415,6,core,21.69,climbing,2,0,no,5.0,card,170,no,233.53,yes
RID-00416,2,core,18.72,camping,0,0,no,2.9,card,228,no,118.69,yes
RID-00417,52,summit,78.99,fishing,1,0,yes,4.7,bnpl,427,no,5777.72,yes
RID-00418,19,summit,72.04,hiking,1,0,no,4.3,card,258,no,1787.17,no
RID-00419,43,plus,48.32,camping,2,0,no,3.6,card,288,yes,2904.25,yes
RID-00420,36,plus,41.46,camping,3,0,yes,4.6,paypal,113,no,964.01,yes
RID-00421,46,plus,42.42,hiking,1,1,yes,3.7,paypal,247,no,1517.92,no
RID-00422,40,core,20.3,hiking,0,0,no,2.6,paypal,184,no,1855.97,yes
RID-00423,14,summit,80.5,camping,3,2,yes,1.4,bnpl,273,no,1194.32,no
RID-00424,30,core,25.64,hiking,2,1,yes,3.1,paypal,105,no,705.09,no
RID-00425,18,plus,49.99,hiking,0,0,yes,3.6,paypal,159,no,995.99,yes
RID-00426,24,core,22.27,hiking,2,2,no,4.1,card,326,no,815.5,yes
RID-00427,33,plus,48.88,fishing,2,0,no,4.4,card,409,no,1135.28,yes
RID-00428,4,plus,37.48,camping,1,0,yes,3.8,paypal,303,yes,115.43,no
RID-00429,1,plus,39.96,fishing,0,0,yes,2.9,card,211,no,34.09,yes
RID-00430,42,plus,48.47,hiking,1,0,no,3.7,card,151,no,2066.52,no
RID-00431,5,plus,39.12,camping,1,1,no,3.8,card,40,no,71.05,no
RID-00432,55,plus,49.01,camping,1,1,no,5.0,card,632,no,3281.11,no
RID-00433,39,plus,54.67,fishing,1,3,no,4.4,card,539,no,2626.57,no
RID-00434,49,plus,46.86,camping,2,0,no,2.8,paypal,695,no,3793.89,yes
RID-00435,28,plus,40.38,camping,0,0,yes,3.8,paypal,682,no,990.01,yes
RID-00436,42,plus,45.87,hiking,2,0,yes,4.5,card,337,no,2489.61,yes
RID-00437,11,core,20.05,climbing,0,1,yes,4.0,card,1114,no,737.48,yes
RID-00438,38,plus,50.16,hiking,1,0,yes,2.8,card,232,yes,3769.23,no
RID-00439,18,core,23.73,camping,0,0,yes,4.6,card,292,yes,781.28,no
RID-00440,47,plus,45.48,hiking,2,1,yes,4.3,card,155,no,3577.34,yes
RID-00441,22,core,25.83,fishing,0,2,yes,3.9,bnpl,76,yes,719.35,yes
RID-00442,47,summit,67.91,fishing,2,1,yes,3.4,card,181,no,2714.14,yes
RID-00443,54,core,26.24,fishing,0,0,yes,4.8,paypal,172,no,2532.63,no
RID-00444,0,plus,47.41,hiking,1,0,no,2.6,card,450,yes,176.69,yes
RID-00445,3,core,24.9,camping,0,1,yes,2.8,paypal,313,no,294.67,no
RID-00446,21,summit,77.52,camping,1,0,yes,3.4,card,378,no,2328.62,no
RID-00447,33,core,24.81,fishing,1,0,yes,4.2,paypal,337,no,840.2,no
RID-00448,52,plus,40.99,climbing,1,0,yes,3.0,bnpl,345,no,1283.97,no
RID-00449,26,core,23.37,climbing,3,0,yes,3.6,bnpl,159,no,613.9,yes
RID-00450,51,summit,76.07,hiking,0,0,yes,3.7,paypal,330,no,2938.3,yes
RID-00451,44,core,26.89,hiking,2,0,no,4.3,card,472,no,729.29,no
RID-00452,43,plus,41.37,hiking,1,0,yes,3.8,card,608,no,1576.59,no
RID-00453,55,core,24.46,hiking,4,1,no,3.8,bnpl,535,no,2306.39,yes
RID-00454,18,core,24.76,hiking,1,0,yes,3.5,bnpl,419,no,769.31,yes
RID-00455,40,core,28.1,camping,2,1,yes,4.8,card,309,no,1147.77,yes
RID-00456,48,plus,49.52,camping,1,0,no,4.5,card,194,no,1200.08,no
RID-00457,59,core,27.37,camping,2,2,yes,4.5,card,344,no,1565.53,no
RID-00458,14,summit,87.25,fishing,1,0,yes,3.4,card,716,no,2828.23,yes
RID-00459,47,core,24.44,fishing,1,0,yes,3.6,card,218,no,1298.93,yes
RID-00460,13,plus,41.43,climbing,0,0,yes,4.4,paypal,827,no,858.82,yes
RID-00461,58,core,24.01,fishing,1,1,yes,3.6,card,355,no,2066.44,no
RID-00462,32,core,23.99,camping,0,0,no,3.3,card,629,no,1706.19,yes
RID-00463,53,summit,80.02,camping,0,1,yes,4.2,card,170,yes,7978.32,no
RID-00464,34,plus,32.06,camping,1,0,no,3.0,card,154,no,1291.59,yes
RID-00465,4,plus,43.46,camping,3,1,no,3.8,paypal,84,no,0.0,no
RID-00466,21,plus,46.56,climbing,0,1,yes,4.7,card,711,no,1788.0,yes
RID-00467,37,core,18.93,camping,1,0,no,4.1,bnpl,354,no,697.09,no
RID-00468,36,summit,77.29,fishing,0,0,no,3.2,card,468,no,2318.43,no
RID-00469,33,plus,50.28,climbing,3,0,yes,4.4,paypal,292,no,1214.06,no
RID-00470,43,summit,61.76,camping,1,1,yes,3.5,card,311,no,3479.09,no
RID-00471,35,plus,53.22,climbing,2,1,no,4.6,paypal,72,no,2843.56,yes
RID-00472,10,core,28.28,fishing,0,0,no,4.4,paypal,358,no,297.58,yes
RID-00473,4,plus,45.41,hiking,1,0,no,3.7,card,505,no,359.42,yes
RID-00474,17,summit,70.26,camping,0,1,yes,3.4,card,33,no,1944.24,no
RID-00475,8,core,22.94,hiking,1,0,yes,3.4,paypal,196,no,262.06,no
RID-00476,42,plus,48.28,hiking,0,1,no,5.0,card,140,yes,2076.07,no
RID-00477,59,plus,45.59,climbing,1,2,yes,2.3,card,414,no,2713.07,no
RID-00478,56,core,27.55,camping,1,0,no,2.7,card,398,no,1399.38,yes
RID-00479,34,core,25.11,fishing,3,0,yes,4.8,paypal,466,no,1449.5,yes
RID-00480,53,plus,46.76,camping,2,0,yes,4.7,card,295,no,4162.66,no
RID-00481,40,summit,67.79,fishing,2,1,no,4.3,paypal,44,no,2954.72,no
RID-00482,7,plus,44.06,camping,0,0,no,2.5,bnpl,343,no,454.64,no
RID-00483,35,summit,67.59,fishing,1,1,no,4.4,paypal,76,yes,3033.98,yes
RID-00484,34,core,29.17,camping,2,0,no,3.3,card,392,no,790.28,yes
RID-00485,33,core,26.58,climbing,1,1,yes,3.9,card,79,no,1670.58,yes
RID-00486,48,core,27.73,fishing,4,0,no,4.3,card,114,no,2216.33,yes
RID-00487,60,plus,46.92,camping,1,0,yes,4.4,card,585,no,3818.73,no
RID-00488,14,plus,41.34,camping,4,0,yes,3.5,card,250,no,639.52,yes
RID-00489,1,core,23.21,fishing,0,0,no,5.0,card,257,no,154.06,yes
RID-00490,39,plus,54.89,fishing,2,0,no,4.6,bnpl,111,no,914.83,no
RID-00491,6,plus,33.03,climbing,1,0,yes,3.3,paypal,543,no,369.72,no
RID-00492,26,plus,47.84,hiking,2,0,no,3.6,card,357,yes,1924.07,no
RID-00493,56,plus,46.59,camping,1,0,yes,3.4,card,338,no,1980.45,no
RID-00494,40,plus,46.85,hiking,4,0,no,4.0,paypal,95,no,5519.31,yes
RID-00495,57,summit,75.13,climbing,1,0,no,4.5,card,294,no,3520.2,no
RID-00496,1,plus,39.08,camping,1,0,no,2.6,card,1234,no,487.71,yes
RID-00497,43,summit,77.16,camping,0,0,no,2.5,bnpl,152,no,3916.47,yes
RID-00498,19,summit,77.51,fishing,3,1,no,3.4,paypal,574,no,2056.85,yes
RID-00499,4,summit,86.34,climbing,2,0,yes,5.0,bnpl,26,no,606.59,no
RID-00500,18,core,21.13,climbing,0,3,no,4.2,paypal,457,no,564.76,no
RID-00501,56,plus,36.6,fishing,1,0,no,5.0,paypal,369,no,1360.4,no
RID-00502,25,core,25.43,hiking,2,1,yes,3.9,paypal,231,no,556.39,yes
RID-00503,55,core,19.24,camping,0,1,no,3.4,card,354,no,2009.48,no
RID-00504,6,plus,48.02,fishing,3,0,yes,2.7,card,361,no,807.7,yes
RID-00505,40,core,23.59,fishing,1,0,yes,3.4,card,359,no,798.34,no
RID-00506,26,plus,51.7,camping,0,0,no,3.5,paypal,199,no,1353.1,no
RID-00507,18,summit,79.34,hiking,1,2,yes,2.2,card,180,no,2792.73,yes
RID-00508,33,core,21.42,hiking,0,0,no,3.4,paypal,136,no,989.93,no
RID-00509,37,summit,63.94,camping,0,0,no,3.4,card,64,no,1740.34,no
RID-00510,1,plus,46.09,camping,3,0,no,4.0,bnpl,255,no,47.76,yes
RID-00511,39,summit,76.81,camping,1,1,no,4.0,card,521,no,2328.08,no
RID-00512,18,core,22.47,climbing,2,0,no,4.2,card,173,no,697.11,yes
RID-00513,49,summit,80.25,camping,0,0,yes,2.8,card,96,no,2028.75,no
RID-00514,10,core,26.78,fishing,1,0,yes,3.1,card,139,no,319.12,yes
RID-00515,17,summit,86.35,hiking,2,1,no,4.7,card,288,no,1297.81,no
RID-00516,59,core,26.58,hiking,0,1,no,3.8,card,287,no,1301.24,yes
RID-00517,15,core,24.5,climbing,2,0,no,4.6,paypal,126,no,328.59,yes
RID-00518,7,core,25.95,climbing,3,0,yes,3.9,card,259,no,388.05,yes
RID-00519,33,plus,49.02,climbing,1,0,yes,4.1,bnpl,227,no,2066.36,yes
RID-00520,38,summit,73.6,fishing,0,0,yes,4.4,card,391,no,4486.97,yes
RID-00521,34,plus,42.7,climbing,1,0,yes,3.6,card,671,no,1323.02,no
RID-00522,24,plus,46.65,climbing,2,0,no,3.5,bnpl,169,yes,591.46,no
RID-00523,6,core,23.37,climbing,2,0,yes,3.5,paypal,147,no,218.68,yes
RID-00524,17,summit,73.69,hiking,1,0,yes,3.9,card,285,no,1362.81,yes
RID-00525,3,core,32.27,climbing,4,1,yes,4.4,card,329,no,273.27,yes
RID-00526,52,summit,84.7,hiking,1,0,yes,3.7,card,406,no,2016.45,yes
RID-00527,15,plus,51.12,fishing,0,0,yes,4.9,paypal,53,no,1069.49,no
RID-00528,40,core,25.89,hiking,2,1,no,5.0,paypal,935,no,635.19,no
RID-00529,15,core,23.22,camping,2,0,no,3.3,bnpl,208,no,494.36,yes
RID-00530,37,plus,43.42,hiking,1,0,yes,4.9,card,155,no,2213.02,no
RID-00531,5,summit,76.6,hiking,0,0,yes,4.0,card,96,no,510.57,no
RID-00532,5,plus,50.92,hiking,1,0,yes,4.3,card,176,no,294.96,yes
RID-00533,19,summit,60.6,hiking,0,2,yes,3.9,bnpl,62,no,432.1,no
RID-00534,15,summit,58.67,fishing,1,1,no,4.9,bnpl,570,no,638.93,no
RID-00535,19,core,27.62,camping,1,2,yes,4.3,card,231,no,611.74,yes
RID-00536,16,plus,36.82,fishing,3,2,yes,3.7,card,148,no,1291.5,yes
RID-00537,42,plus,41.92,climbing,2,0,no,3.7,paypal,497,no,2859.86,no
RID-00538,26,core,28.71,camping,3,1,no,3.1,card,219,no,682.35,yes
RID-00539,9,summit,91.56,camping,0,0,yes,3.6,bnpl,148,no,685.39,no
RID-00540,56,core,22.67,fishing,2,0,yes,4.9,paypal,756,no,1546.48,yes
RID-00541,38,plus,47.72,climbing,5,0,yes,4.8,paypal,181,no,2686.84,yes
RID-00542,24,plus,54.5,camping,2,0,yes,3.5,paypal,34,no,1446.69,yes
RID-00543,31,summit,59.57,hiking,0,0,no,3.2,card,258,no,1141.64,yes
RID-00544,20,plus,45.06,camping,1,0,yes,4.7,card,233,no,1699.67,no
RID-00545,23,plus,39.82,climbing,2,0,yes,4.3,paypal,152,no,1101.12,no
RID-00546,4,core,20.73,camping,2,1,yes,2.5,card,133,no,55.49,yes
RID-00547,50,summit,73.49,hiking,0,1,yes,5.0,card,275,no,4388.21,no
RID-00548,23,core,21.33,hiking,1,0,yes,4.0,paypal,184,no,921.42,no
RID-00549,42,plus,54.39,hiking,2,2,no,5.0,card,208,no,2758.85,yes
RID-00550,3,summit,82.94,camping,1,1,yes,4.1,paypal,318,no,470.65,no
RID-00551,5,plus,44.36,climbing,1,0,yes,3.2,paypal,198,yes,378.69,no
RID-00552,22,core,22.98,climbing,0,1,yes,4.1,card,160,no,431.76,yes
RID-00553,2,core,24.83,climbing,3,0,yes,2.9,card,410,no,193.74,yes
RID-00554,59,plus,48.31,fishing,0,0,no,3.9,card,184,no,2390.7,no
RID-00555,2,core,20.1,climbing,2,1,yes,3.2,card,152,no,128.94,no
RID-00556,33,core,23.74,camping,3,0,yes,3.8,card,77,no,1250.59,yes
RID-00557,21,core,24.37,camping,0,0,no,4.2,paypal,122,no,625.07,yes
RID-00558,12,plus,43.32,climbing,1,0,no,4.2,bnpl,91,no,507.35,no
RID-00559,8,plus,45.7,climbing,0,0,no,2.9,card,72,no,885.31,no
RID-00560,18,plus,42.18,fishing,0,0,yes,3.5,card,134,no,412.55,no
RID-00561,3,plus,56.28,camping,2,1,no,2.5,card,325,no,323.34,no
RID-00562,34,plus,50.95,camping,0,1,yes,4.5,card,250,no,1358.47,no
RID-00563,14,core,25.96,fishing,3,0,no,4.2,bnpl,195,no,628.76,yes
RID-00564,1,summit,59.11,fishing,1,1,no,3.1,card,353,no,114.54,yes
RID-00565,7,plus,53.83,hiking,3,0,no,5.0,bnpl,162,no,836.35,no
RID-00566,54,summit,65.26,hiking,0,0,no,4.3,card,309,no,5187.46,yes
RID-00567,14,plus,41.05,fishing,2,0,no,3.9,card,399,yes,581.77,yes
RID-00568,35,core,26.83,hiking,1,0,yes,3.6,bnpl,35,no,761.33,no
RID-00569,24,plus,35.86,climbing,2,1,yes,3.5,paypal,248,yes,756.71,no
RID-00570,30,core,26.19,fishing,2,0,no,3.4,paypal,340,no,1570.02,yes
RID-00571,52,summit,63.77,camping,3,0,no,4.9,card,323,no,4946.85,yes
RID-00572,43,plus,43.53,camping,2,0,no,4.2,card,259,no,928.22,yes
RID-00573,33,core,30.37,fishing,1,0,yes,3.2,card,169,no,1272.35,no
RID-00574,12,plus,57.57,hiking,2,0,yes,5.0,card,214,yes,738.27,no
RID-00575,51,plus,43.38,camping,1,0,yes,3.9,card,595,yes,1521.18,no
RID-00576,1,core,28.27,hiking,0,0,yes,3.3,paypal,45,no,22.78,yes
RID-00577,34,core,25.66,hiking,0,0,yes,5.0,card,140,no,775.04,no
RID-00578,37,summit,91.2,camping,1,1,yes,3.2,card,250,no,1336.34,no
RID-00579,57,core,22.08,climbing,2,1,yes,3.4,paypal,74,no,1351.18,yes
RID-00580,9,core,22.96,camping,3,0,yes,4.0,card,203,no,339.69,yes
RID-00581,17,core,20.7,camping,0,0,yes,4.2,paypal,414,no,568.55,no
RID-00582,0,plus,50.25,camping,1,0,no,3.4,paypal,369,no,152.48,yes
RID-00583,15,plus,39.87,hiking,1,1,yes,2.3,card,246,no,684.78,no
RID-00584,56,plus,40.84,fishing,2,0,yes,4.0,paypal,282,no,1448.31,yes
RID-00585,0,summit,93.15,hiking,1,0,yes,3.2,paypal,17,no,19.79,no
RID-00586,48,core,25.45,fishing,3,1,yes,3.7,paypal,97,no,901.88,yes
RID-00587,57,core,25.98,camping,1,2,no,3.4,bnpl,153,yes,2097.3,yes
RID-00588,6,core,27.67,hiking,1,0,no,3.2,card,191,no,140.7,yes
RID-00589,21,plus,44.59,hiking,1,0,no,3.8,card,427,no,893.21,yes
RID-00590,54,core,25.79,climbing,0,0,yes,3.5,paypal,783,no,1653.41,no
RID-00591,43,core,28.15,hiking,1,0,yes,3.4,card,212,no,729.74,no
RID-00592,4,summit,68.38,climbing,2,1,no,4.7,card,205,no,269.87,no
RID-00593,52,core,28.21,hiking,0,0,yes,3.3,card,245,no,1557.57,no
RID-00594,48,summit,80.21,fishing,2,0,yes,3.8,paypal,131,no,4122.32,no
RID-00595,19,summit,77.76,climbing,0,0,yes,4.0,paypal,646,no,1963.49,yes
RID-00596,25,plus,55.54,fishing,2,0,no,2.7,paypal,118,no,1066.89,no
RID-00597,18,summit,72.46,camping,0,0,yes,3.2,bnpl,122,no,859.74,yes
RID-00598,31,plus,50.49,camping,1,0,no,4.0,card,160,yes,1398.39,no
RID-00599,47,core,21.91,hiking,1,1,yes,3.9,paypal,708,no,1364.75,yes
RID-00600,40,plus,34.72,hiking,1,0,yes,3.4,card,338,no,1344.38,yes
RID-00601,59,core,23.44,climbing,1,0,yes,4.0,bnpl,243,no,994.88,no
RID-00602,6,plus,48.32,camping,2,1,yes,4.2,paypal,196,no,806.46,no
RID-00603,56,summit,60.35,hiking,2,0,yes,4.4,bnpl,230,yes,2516.81,yes
RID-00604,55,plus,39.25,camping,0,0,yes,4.5,bnpl,99,no,1310.37,no
RID-00605,23,core,24.96,hiking,0,1,yes,4.9,paypal,30,no,367.09,yes
RID-00606,8,plus,41.58,camping,0,0,yes,4.1,card,455,no,815.56,yes
RID-00607,13,summit,95.76,fishing,1,0,yes,3.0,bnpl,82,no,1621.67,no
RID-00608,57,core,22.87,camping,1,1,no,3.8,card,627,no,3062.46,yes
RID-00609,0,core,24.26,hiking,3,1,yes,3.0,paypal,345,no,75.46,yes
RID-00610,5,core,25.89,camping,4,0,no,4.6,card,212,no,185.24,yes
RID-00611,4,summit,58.65,camping,2,0,no,5.0,card,324,no,471.9,no
RID-00612,10,plus,47.54,hiking,0,0,no,4.0,card,267,no,352.8,yes
RID-00613,48,core,24.62,camping,0,3,no,4.9,card,234,no,2026.83,no
RID-00614,3,plus,51.98,hiking,4,1,yes,4.8,paypal,249,no,177.04,yes
RID-00615,58,plus,51.74,camping,1,0,no,4.2,paypal,460,no,2375.07,yes
RID-00616,24,core,24.99,climbing,1,1,no,4.4,card,330,no,433.81,yes
RID-00617,32,summit,76.9,fishing,1,1,no,4.7,card,221,no,3264.75,no
RID-00618,36,plus,46.65,climbing,2,0,no,3.0,card,406,no,3366.64,yes
RID-00619,49,core,22.16,camping,3,0,yes,4.2,card,678,no,1509.9,no
RID-00620,38,summit,69.16,hiking,0,0,no,4.4,paypal,218,no,3164.9,yes
RID-00621,3,core,26.51,camping,3,1,no,2.9,paypal,141,no,119.65,no
RID-00622,50,core,26.29,hiking,3,1,no,5.0,card,427,no,2229.06,no
RID-00623,5,plus,46.72,fishing,2,1,no,4.8,paypal,221,no,471.78,no
RID-00624,32,core,22.7,camping,0,0,no,4.8,bnpl,519,no,397.06,yes
RID-00625,52,plus,51.72,camping,2,1,yes,4.3,paypal,98,no,2331.65,yes
RID-00626,31,core,21.11,fishing,3,1,yes,3.3,card,172,no,614.43,no
RID-00627,25,core,28.68,hiking,2,2,no,3.0,paypal,823,no,1086.18,yes
RID-00628,19,summit,84.06,camping,0,0,yes,3.9,card,166,no,1476.21,no
RID-00629,47,core,30.23,fishing,1,0,no,4.5,card,531,yes,1925.0,yes
RID-00630,39,core,25.69,camping,0,0,yes,4.4,card,136,no,1364.14,no
RID-00631,49,core,23.9,climbing,2,1,yes,5.0,card,405,no,734.84,no
RID-00632,55,summit,82.6,camping,4,0,yes,3.8,paypal,115,no,1748.82,yes
RID-00633,36,core,28.13,fishing,2,0,no,3.7,paypal,434,no,1600.95,yes
RID-00634,21,core,26.4,climbing,0,0,yes,4.0,card,200,no,543.66,yes
RID-00635,36,summit,66.18,camping,1,1,no,3.1,card,171,no,5257.62,no
RID-00636,21,core,24.36,fishing,1,1,yes,5.0,card,203,no,874.41,no
RID-00637,12,summit,67.88,camping,1,0,no,3.8,bnpl,251,no,591.63,no
RID-00638,20,plus,37.11,fishing,2,0,yes,4.2,card,286,no,645.22,no
RID-00639,29,summit,61.04,climbing,3,0,yes,4.6,card,89,no,1881.29,yes
RID-00640,13,core,27.89,camping,2,1,yes,3.4,bnpl,309,no,437.06,no
RID-00641,19,summit,76.74,hiking,1,0,yes,4.2,card,70,no,1447.08,no
RID-00642,34,core,22.56,camping,2,1,no,4.0,card,479,no,682.86,yes
RID-00643,8,core,22.92,hiking,1,0,yes,4.7,bnpl,325,no,274.72,no
RID-00644,6,plus,54.13,hiking,3,0,no,4.0,card,325,no,452.55,yes
RID-00645,47,core,26.08,hiking,3,0,no,1.9,card,431,no,1983.65,yes
RID-00646,50,core,25.33,fishing,1,1,yes,3.3,card,333,yes,1293.85,no
RID-00647,19,plus,41.31,fishing,1,1,no,2.9,card,698,no,773.93,yes
RID-00648,8,core,26.9,hiking,0,0,no,5.0,paypal,117,no,225.46,yes
RID-00649,28,core,28.57,climbing,0,0,yes,5.0,paypal,85,no,1044.66,yes
RID-00650,10,plus,46.29,camping,1,0,yes,2.4,card,714,no,626.04,no
RID-00651,53,plus,42.51,fishing,2,1,yes,3.2,card,334,no,4062.9,no
RID-00652,4,plus,39.21,fishing,0,0,yes,3.0,card,361,no,270.4,yes
RID-00653,30,plus,47.3,fishing,1,0,yes,4.2,bnpl,107,no,2178.67,yes
RID-00654,23,core,20.33,climbing,1,0,yes,3.3,card,347,no,320.06,yes
RID-00655,28,core,25.11,hiking,0,2,yes,3.8,card,230,yes,1056.07,yes
RID-00656,46,core,30.69,camping,2,0,yes,3.0,card,401,yes,654.94,yes
RID-00657,15,core,23.2,hiking,0,0,yes,4.3,paypal,261,no,417.33,yes
RID-00658,55,core,22.85,camping,0,1,no,2.7,paypal,230,yes,1975.42,yes
RID-00659,59,plus,46.17,hiking,0,1,yes,5.0,card,263,no,2392.11,no
RID-00660,26,core,18.27,hiking,2,1,yes,5.0,card,154,yes,518.4,no
RID-00661,23,plus,44.46,climbing,1,0,yes,5.0,paypal,183,no,1148.58,yes
RID-00662,14,core,25.3,climbing,0,2,yes,4.5,card,548,no,389.07,yes
RID-00663,49,core,26.73,camping,0,1,yes,5.0,card,353,no,1625.89,no
RID-00664,44,core,26.73,climbing,0,0,no,4.7,card,219,no,866.52,yes
RID-00665,27,plus,44.23,camping,1,2,yes,3.2,card,351,no,1973.9,yes
RID-00666,41,plus,52.62,camping,0,1,no,3.7,card,315,no,2232.63,no
RID-00667,22,plus,55.95,hiking,1,0,yes,4.3,paypal,187,no,1482.62,no
RID-00668,41,summit,81.39,camping,0,2,yes,4.9,card,154,no,2024.78,no
RID-00669,50,core,21.88,hiking,0,0,yes,4.0,card,182,no,1500.56,yes
RID-00670,27,core,24.96,camping,0,2,no,4.4,paypal,493,no,837.06,no
RID-00671,40,summit,71.02,camping,0,0,no,3.8,paypal,218,no,1341.82,no
RID-00672,34,plus,51.25,camping,1,0,no,3.7,paypal,539,no,1481.14,no
RID-00673,4,core,25.65,hiking,0,0,yes,2.9,card,170,no,266.3,no
RID-00674,3,core,25.15,fishing,1,0,no,4.3,card,140,yes,99.25,yes
RID-00675,16,plus,46.38,camping,1,1,no,3.6,card,227,no,1156.12,no
RID-00676,15,core,21.71,hiking,0,1,yes,3.0,card,300,no,341.85,no
RID-00677,11,plus,36.8,camping,1,2,no,3.6,card,264,no,784.19,yes
RID-00678,56,core,25.22,camping,0,0,yes,4.2,paypal,328,no,2731.91,no
RID-00679,36,summit,72.79,hiking,2,1,no,4.5,paypal,335,no,1387.3,yes
RID-00680,2,plus,48.13,hiking,0,0,no,3.9,card,389,no,330.74,yes
RID-00681,55,plus,48.35,climbing,1,0,yes,4.8,paypal,110,no,5134.46,no
RID-00682,18,core,22.55,climbing,0,0,yes,5.0,paypal,158,no,517.64,yes
RID-00683,60,plus,48.85,fishing,1,0,no,3.8,card,275,no,2921.5,no
RID-00684,13,summit,92.16,fishing,2,2,yes,4.7,paypal,187,no,868.03,no
RID-00685,5,core,19.37,camping,2,0,no,3.5,paypal,229,no,171.86,yes
RID-00686,7,plus,39.29,camping,2,0,yes,3.0,paypal,250,no,257.72,no
RID-00687,23,core,27.03,hiking,2,0,yes,3.3,card,210,no,933.02,no
RID-00688,56,plus,49.24,hiking,1,0,yes,3.4,card,185,no,4270.04,yes
RID-00689,33,summit,83.42,hiking,1,0,no,3.7,card,130,no,2558.01,no
RID-00690,7,plus,52.8,hiking,0,0,yes,5.0,card,215,no,260.91,no
RID-00691,19,plus,40.08,fishing,1,0,no,3.6,card,178,no,407.4,no
RID-00692,29,core,25.41,hiking,0,0,no,3.7,bnpl,416,yes,1058.39,no
RID-00693,33,summit,87.12,fishing,0,0,no,4.1,card,361,no,3735.93,yes
RID-00694,51,plus,48.41,fishing,2,1,yes,3.0,paypal,109,no,1001.26,no
RID-00695,2,core,26.77,hiking,2,3,yes,4.1,card,643,no,316.89,yes
RID-00696,0,summit,55.0,camping,0,0,yes,4.5,paypal,183,no,0.0,no
RID-00697,43,core,23.39,hiking,2,0,yes,5.0,card,83,no,290.69,no
RID-00698,6,core,26.87,hiking,1,0,yes,5.0,card,167,no,162.15,yes
RID-00699,41,summit,79.91,fishing,2,0,no,4.3,card,72,no,9823.46,yes
RID-00700,20,core,28.06,fishing,2,0,yes,3.8,card,82,no,630.36,yes
RID-00701,23,core,30.25,camping,5,1,yes,3.9,card,1125,no,2340.29,yes
RID-00702,8,core,27.43,camping,2,0,no,4.3,paypal,404,no,432.34,yes
RID-00703,47,summit,77.25,fishing,0,0,no,4.0,paypal,100,no,5869.92,no
RID-00704,11,core,26.14,hiking,3,1,yes,3.9,card,57,yes,332.84,no
RID-00705,0,core,20.85,climbing,1,1,no,3.3,paypal,228,no,154.34,no
RID-00706,36,core,24.67,hiking,2,1,no,4.5,card,49,no,470.31,yes
RID-00707,9,core,20.72,camping,0,0,yes,4.2,paypal,220,no,365.94,yes
RID-00708,10,core,22.53,camping,1,0,no,3.4,card,316,no,257.25,yes
RID-00709,13,summit,63.72,camping,0,0,yes,5.0,paypal,332,no,652.38,no
RID-00710,38,plus,40.93,hiking,0,1,yes,4.2,card,99,no,793.6,no
RID-00711,45,summit,65.59,camping,1,1,no,2.9,paypal,285,no,3172.96,yes
RID-00712,55,plus,44.47,hiking,0,1,no,4.7,card,481,no,3634.67,no
RID-00713,59,core,30.86,climbing,3,0,no,3.5,card,188,no,1653.91,yes
RID-00714,13,core,21.92,camping,0,1,yes,3.7,bnpl,95,no,282.72,yes
RID-00715,13,plus,40.25,fishing,1,0,yes,3.9,paypal,181,no,1078.13,no
RID-00716,12,core,17.96,camping,3,0,yes,4.6,card,110,no,155.37,no
RID-00717,11,plus,43.24,climbing,4,0,yes,4.0,card,1337,no,1592.39,no
RID-00718,0,core,27.43,camping,1,0,yes,4.5,card,428,no,86.78,yes
RID-00719,35,plus,43.28,fishing,0,1,no,2.8,card,368,no,1518.72,no
RID-00720,0,core,22.97,camping,1,0,yes,3.2,card,58,no,0.0,yes
RID-00721,2,plus,47.05,hiking,1,0,no,4.0,paypal,197,no,304.44,no
RID-00722,24,summit,73.02,fishing,0,0,no,3.5,bnpl,174,no,808.98,no
RID-00723,49,core,27.29,camping,0,2,no,3.8,card,147,no,1531.81,yes
RID-00724,29,core,21.48,climbing,1,1,no,4.6,paypal,523,no,781.11,yes
RID-00725,24,core,23.71,climbing,2,0,no,3.4,paypal,967,no,1334.18,yes
RID-00726,11,core,28.58,camping,1,1,yes,3.4,paypal,147,no,300.64,no
RID-00727,41,plus,49.44,camping,5,0,no,4.1,paypal,34,no,846.79,yes
RID-00728,19,summit,62.91,fishing,1,2,no,2.4,paypal,153,no,1520.89,no
RID-00729,60,summit,67.8,fishing,1,1,yes,4.8,card,506,no,4308.16,no
RID-00730,8,plus,51.07,camping,2,0,yes,4.1,bnpl,428,yes,1121.99,no
RID-00731,47,plus,41.73,fishing,0,0,yes,4.1,card,249,no,3132.96,no
RID-00732,41,core,21.02,fishing,2,2,yes,3.6,card,366,no,812.12,no
RID-00733,22,summit,70.84,hiking,2,0,no,4.5,paypal,186,no,2498.51,no
RID-00734,23,plus,46.79,climbing,0,0,no,3.9,card,142,no,1186.08,yes
RID-00735,58,core,24.48,camping,1,0,yes,4.9,card,120,no,2042.51,yes
RID-00736,44,summit,80.15,hiking,1,2,yes,2.7,card,239,no,2576.99,no
RID-00737,2,plus,39.5,fishing,1,0,yes,4.0,card,156,no,308.44,yes
RID-00738,33,core,25.86,climbing,1,0,no,4.0,card,102,no,1193.55,yes
RID-00739,45,plus,44.44,camping,1,0,yes,4.2,card,274,no,2875.64,no
RID-00740,23,core,22.83,climbing,2,0,no,5.0,card,171,no,322.46,no
RID-00741,42,core,25.72,camping,0,1,no,3.0,paypal,519,no,1681.45,yes
RID-00742,38,core,25.04,camping,0,1,yes,3.0,card,312,no,740.79,no
RID-00743,20,plus,45.2,camping,0,2,yes,3.7,paypal,784,no,1228.66,no
RID-00744,0,core,26.59,camping,0,1,no,2.6,paypal,336,no,121.05,yes
RID-00745,2,core,30.52,hiking,0,0,yes,5.0,paypal,225,no,197.91,no
RID-00746,42,core,33.02,camping,1,0,yes,4.7,card,463,no,2020.31,yes
RID-00747,47,core,26.38,climbing,2,0,yes,4.4,card,723,no,1142.89,yes
RID-00748,22,plus,40.38,fishing,1,1,yes,4.6,card,48,yes,1082.42,yes
RID-00749,29,plus,47.79,hiking,1,0,yes,5.0,bnpl,467,no,1451.77,no
RID-00750,31,core,24.66,camping,3,3,yes,3.5,card,239,no,1158.38,no
RID-00751,53,core,26.31,fishing,0,0,yes,3.7,card,340,no,937.97,yes
RID-00752,31,core,24.29,camping,0,0,yes,4.3,card,763,no,753.35,yes
RID-00753,34,plus,44.21,hiking,0,1,no,3.6,bnpl,254,no,1212.76,no
RID-00754,34,summit,68.63,camping,0,2,yes,3.3,card,96,no,2292.38,yes
RID-00755,7,core,20.23,fishing,0,0,yes,3.6,card,66,yes,314.35,yes
RID-00756,42,core,24.85,hiking,4,0,no,4.3,card,746,no,1466.63,no
RID-00757,55,core,28.24,fishing,1,0,yes,4.7,bnpl,311,yes,2419.15,yes
RID-00758,6,plus,45.76,fishing,3,1,no,3.0,card,254,no,231.86,no
RID-00759,4,core,20.6,fishing,2,1,no,3.9,bnpl,689,no,260.24,no
RID-00760,29,plus,51.11,climbing,0,1,yes,4.0,bnpl,135,no,1255.02,no
RID-00761,46,plus,42.85,climbing,0,0,yes,3.0,paypal,136,no,1840.63,yes
RID-00762,5,core,22.04,fishing,1,1,no,4.3,card,848,no,580.66,yes
RID-00763,45,core,23.24,camping,1,2,yes,3.9,bnpl,118,no,954.95,yes
RID-00764,14,summit,70.96,climbing,3,0,yes,3.3,card,81,yes,1006.93,no
RID-00765,11,core,26.11,camping,1,0,yes,3.6,card,838,no,782.14,no
RID-00766,11,plus,49.24,hiking,3,0,no,4.4,paypal,454,yes,571.74,no
RID-00767,32,plus,52.2,hiking,1,0,yes,4.7,paypal,238,no,1280.98,no
RID-00768,36,core,32.12,fishing,4,0,no,4.3,bnpl,1121,no,1382.45,yes
RID-00769,28,plus,51.9,hiking,0,2,yes,5.0,bnpl,166,no,3422.71,no
RID-00770,36,core,22.56,hiking,3,1,yes,4.8,card,388,no,1433.45,yes
RID-00771,49,core,25.26,climbing,2,0,yes,4.4,card,356,no,3162.57,no
RID-00772,50,plus,44.05,climbing,3,0,yes,3.5,bnpl,701,no,1588.77,no
RID-00773,44,summit,84.21,camping,1,0,yes,4.8,card,133,no,4495.38,no
RID-00774,31,core,25.01,hiking,4,0,no,3.4,card,838,no,1012.1,yes
RID-00775,13,plus,40.13,climbing,1,1,no,4.6,card,1042,no,861.75,no
RID-00776,45,core,24.09,fishing,1,1,yes,2.2,card,617,no,904.66,yes
RID-00777,41,plus,41.44,fishing,0,0,yes,3.6,card,147,no,3056.99,no
RID-00778,54,core,24.85,camping,1,0,no,3.0,paypal,302,no,705.2,no
RID-00779,43,plus,37.06,camping,0,0,yes,3.8,bnpl,355,no,2454.22,yes
RID-00780,8,summit,59.11,climbing,2,0,no,2.8,bnpl,346,no,598.91,no
RID-00781,34,plus,48.42,hiking,2,0,yes,4.0,card,63,no,1175.51,yes
RID-00782,43,core,23.6,climbing,0,1,no,4.4,card,426,no,863.8,yes
RID-00783,60,summit,77.04,fishing,0,1,yes,3.5,card,320,no,4881.11,no
RID-00784,20,core,33.22,camping,1,0,yes,3.8,card,229,no,584.04,yes
RID-00785,52,plus,48.73,fishing,1,0,yes,4.2,card,246,no,2653.8,yes
RID-00786,16,plus,45.58,camping,0,0,yes,4.0,bnpl,1148,no,831.61,no
RID-00787,22,summit,78.49,fishing,0,0,yes,5.0,card,623,no,866.13,no
RID-00788,58,core,27.24,hiking,2,0,yes,3.5,card,54,no,644.68,no
RID-00789,10,plus,38.11,fishing,1,1,yes,4.4,paypal,231,no,664.41,no
RID-00790,12,plus,43.16,camping,0,0,yes,4.2,card,547,no,1258.57,no
RID-00791,50,plus,51.89,hiking,3,0,yes,2.8,card,634,no,2606.8,no
RID-00792,55,summit,78.74,camping,0,1,no,4.1,paypal,339,no,6267.79,no
RID-00793,6,core,23.62,climbing,1,0,no,3.9,card,102,no,216.07,no
RID-00794,50,core,28.54,fishing,1,2,yes,3.6,paypal,93,no,2365.45,yes
RID-00795,35,plus,48.04,fishing,0,0,yes,5.0,paypal,419,no,3090.67,no
RID-00796,53,core,25.76,climbing,0,0,yes,5.0,card,193,yes,931.27,yes
RID-00797,30,summit,70.48,camping,2,2,no,3.4,card,119,no,2329.15,no
RID-00798,35,core,25.16,fishing,1,0,no,4.5,card,19,no,1294.17,yes
RID-00799,14,plus,48.91,hiking,0,0,no,4.6,paypal,71,no,906.42,no
RID-00800,35,plus,60.0,climbing,3,1,no,4.1,bnpl,314,no,3080.71,no
RID-00801,25,summit,65.41,camping,2,0,no,3.2,bnpl,217,no,1793.98,no
RID-00802,24,plus,46.63,fishing,2,1,yes,3.3,card,679,no,1768.76,yes
RID-00803,17,core,24.44,hiking,0,1,yes,4.4,card,85,no,196.37,yes
RID-00804,24,core,24.24,hiking,2,1,no,4.4,card,147,no,496.73,yes
RID-00805,10,plus,34.2,camping,0,0,yes,3.8,card,171,no,779.59,yes
RID-00806,51,summit,88.67,hiking,2,0,yes,5.0,card,291,no,7524.99,no
RID-00807,24,plus,39.48,camping,2,1,no,5.0,card,172,no,2016.15,yes
RID-00808,23,plus,46.52,fishing,0,0,no,5.0,card,132,no,1010.77,yes
RID-00809,59,core,21.33,climbing,0,0,yes,5.0,paypal,345,no,932.73,no
RID-00810,29,plus,45.08,fishing,4,0,yes,4.0,card,279,no,1413.13,yes
RID-00811,42,plus,44.13,hiking,0,0,yes,3.0,paypal,465,yes,4578.14,yes
RID-00812,60,core,19.97,climbing,0,0,yes,3.8,paypal,213,no,988.71,no
RID-00813,52,core,26.1,hiking,3,0,yes,3.9,paypal,591,no,1512.65,yes
RID-00814,21,plus,44.22,fishing,2,1,no,3.5,card,120,no,1682.04,no
RID-00815,32,plus,41.07,hiking,2,0,yes,3.7,card,418,no,1429.69,yes
RID-00816,50,core,24.41,hiking,2,0,no,3.1,card,497,no,1249.35,no
RID-00817,30,summit,67.28,hiking,2,1,yes,4.5,card,24,no,2847.97,no
RID-00818,16,core,27.62,hiking,3,1,yes,5.0,bnpl,425,no,436.27,yes
RID-00819,32,plus,46.86,fishing,0,0,yes,5.0,card,237,yes,1956.12,no
RID-00820,1,summit,64.94,camping,1,2,no,4.2,card,296,no,127.78,no
RID-00821,53,summit,75.17,climbing,0,1,no,3.9,card,668,no,2101.12,no
RID-00822,36,summit,68.34,camping,1,1,yes,4.0,paypal,255,no,2271.93,no
RID-00823,15,summit,84.45,camping,0,2,yes,5.0,bnpl,113,yes,2306.4,no
RID-00824,29,plus,51.96,fishing,1,1,yes,5.0,card,402,no,1572.72,yes
RID-00825,1,plus,53.65,climbing,1,2,yes,3.8,paypal,223,no,130.89,no
RID-00826,47,summit,72.6,fishing,0,1,yes,4.9,card,259,no,3907.96,no
RID-00827,32,plus,53.51,hiking,1,0,yes,4.1,card,240,no,1445.53,yes
RID-00828,0,plus,40.21,climbing,0,1,no,3.4,card,452,no,183.86,yes
RID-00829,28,core,22.32,climbing,2,0,no,3.9,card,343,no,1027.67,yes
RID-00830,4,plus,44.89,hiking,2,0,no,5.0,card,262,no,323.65,no
RID-00831,23,core,21.7,camping,2,0,no,4.5,card,326,no,690.62,yes
RID-00832,52,plus,43.42,camping,1,1,no,3.6,paypal,118,no,1322.61,yes
RID-00833,39,core,27.32,camping,3,0,yes,4.7,paypal,426,no,2237.04,yes
RID-00834,29,core,24.1,climbing,2,1,yes,4.5,paypal,350,no,677.91,yes
RID-00835,31,core,27.56,climbing,2,0,yes,3.8,card,728,no,1967.83,yes
RID-00836,30,plus,47.95,climbing,3,0,yes,3.4,card,162,no,669.65,no
RID-00837,5,summit,85.61,camping,1,0,yes,3.2,bnpl,165,no,437.99,no
RID-00838,13,core,25.09,climbing,2,1,yes,2.8,bnpl,307,no,755.74,yes
RID-00839,49,core,30.62,camping,1,1,no,3.5,card,254,no,1593.59,no
RID-00840,56,plus,44.58,fishing,1,0,yes,3.9,card,114,no,910.24,no
RID-00841,8,plus,43.86,hiking,1,1,yes,4.9,paypal,94,no,147.37,no
RID-00842,55,core,27.26,climbing,1,0,yes,4.6,card,571,no,2024.2,yes
RID-00843,1,plus,52.26,camping,1,0,yes,4.1,paypal,147,no,148.76,yes
RID-00844,31,summit,79.03,camping,1,0,yes,2.6,card,214,no,2294.49,yes
RID-00845,50,core,26.22,hiking,1,0,yes,4.2,card,87,no,2209.28,yes
RID-00846,13,plus,45.48,hiking,1,0,no,2.8,paypal,1047,yes,1047.62,no
RID-00847,57,core,27.39,camping,2,1,no,4.7,card,156,no,1337.97,yes
RID-00848,59,summit,71.5,hiking,1,1,no,4.7,card,235,no,5996.22,yes
RID-00849,25,summit,85.02,camping,0,0,yes,4.0,paypal,62,no,3253.03,no
RID-00850,54,plus,45.61,fishing,1,1,no,4.6,card,295,no,2297.14,no
RID-00851,4,summit,69.13,hiking,1,1,no,4.8,card,866,no,557.05,no
RID-00852,31,core,24.17,hiking,3,1,no,4.1,card,97,no,367.01,no
RID-00853,17,plus,47.06,hiking,0,0,yes,3.9,card,305,no,1072.31,yes
RID-00854,38,plus,48.37,climbing,2,0,no,3.0,card,185,yes,1498.77,yes
RID-00855,15,summit,72.11,camping,2,0,yes,3.7,card,264,yes,1514.13,no
RID-00856,26,plus,48.4,climbing,3,0,yes,3.3,card,198,no,1477.21,no
RID-00857,44,core,20.06,fishing,2,0,yes,3.2,bnpl,82,no,1057.97,yes
RID-00858,12,core,26.07,hiking,1,1,yes,3.5,paypal,325,no,351.81,yes
RID-00859,51,core,30.81,camping,0,0,no,2.5,paypal,474,no,1001.56,yes
RID-00860,41,summit,79.75,camping,5,0,no,4.7,paypal,191,no,4189.14,no
RID-00861,15,core,18.12,fishing,1,1,no,4.2,paypal,567,no,721.34,yes
RID-00862,40,plus,52.75,camping,0,1,yes,4.9,card,573,no,6255.36,no
RID-00863,19,core,26.4,camping,0,0,yes,4.6,bnpl,475,no,554.44,no
RID-00864,33,plus,38.56,fishing,1,0,yes,4.4,paypal,109,no,809.62,yes
RID-00865,37,core,20.38,fishing,1,1,no,4.6,paypal,395,no,683.65,yes
RID-00866,49,plus,46.61,hiking,0,0,yes,4.1,card,366,no,2146.17,yes
RID-00867,21,core,24.92,camping,1,1,no,5.0,paypal,128,no,945.15,yes
RID-00868,27,core,25.23,hiking,3,1,yes,3.6,card,177,no,1099.3,yes
RID-00869,26,core,27.23,climbing,2,2,yes,4.0,paypal,266,no,1401.04,yes
RID-00870,52,summit,77.03,camping,1,3,yes,3.8,paypal,171,no,4999.73,no
RID-00871,51,plus,44.48,camping,1,1,yes,5.0,card,237,no,1279.32,yes
RID-00872,13,plus,43.49,fishing,2,1,no,3.5,card,749,no,800.48,no
RID-00873,6,summit,68.93,climbing,1,1,yes,5.0,bnpl,136,no,167.93,no
RID-00874,58,plus,48.78,hiking,0,3,yes,3.0,card,133,no,2484.19,no
RID-00875,10,plus,51.47,fishing,0,0,yes,4.1,paypal,542,no,714.08,no
RID-00876,12,plus,42.03,hiking,1,0,no,3.9,card,277,no,710.5,yes
RID-00877,7,core,25.62,fishing,0,1,yes,3.2,card,302,no,297.56,no
RID-00878,9,core,29.11,camping,1,1,yes,3.5,bnpl,216,no,262.25,yes
RID-00879,3,summit,61.16,hiking,0,0,no,4.4,paypal,218,no,201.7,no
RID-00880,36,plus,53.42,climbing,2,0,yes,3.7,card,245,no,2164.06,no
RID-00881,31,core,28.49,hiking,3,1,no,3.3,paypal,303,no,1285.38,yes
RID-00882,5,summit,74.82,hiking,1,0,no,4.7,card,471,yes,673.07,no
RID-00883,39,core,24.4,climbing,4,0,yes,4.0,card,118,no,791.29,yes
RID-00884,10,plus,37.83,hiking,2,0,yes,4.2,paypal,143,no,315.67,no
RID-00885,32,plus,47.94,camping,0,0,yes,4.8,paypal,549,no,1217.48,yes
RID-00886,44,core,28.27,hiking,0,0,no,5.0,paypal,287,no,894.68,yes
RID-00887,25,core,24.05,climbing,0,2,yes,2.3,card,198,no,367.39,yes
RID-00888,18,plus,40.54,climbing,0,1,no,3.9,card,334,no,726.94,no
RID-00889,54,plus,41.78,hiking,0,1,no,2.7,card,174,no,4180.83,yes
RID-00890,48,summit,68.45,camping,2,1,yes,5.0,card,528,no,6410.58,no
RID-00891,51,summit,75.26,camping,1,1,yes,4.1,bnpl,152,no,5025.29,yes
RID-00892,9,core,23.54,fishing,3,1,yes,4.7,card,169,no,501.19,yes
RID-00893,16,core,21.38,fishing,1,0,yes,3.5,paypal,193,no,559.31,yes
RID-00894,23,plus,45.29,hiking,1,1,no,3.7,card,367,yes,1274.11,no
RID-00895,10,plus,43.0,hiking,3,1,no,4.8,card,570,no,536.55,yes
RID-00896,23,core,28.93,camping,2,0,no,4.4,card,396,no,2000.08,yes
RID-00897,15,core,24.09,hiking,3,1,yes,5.0,bnpl,472,no,628.59,yes
RID-00898,29,core,17.73,hiking,1,0,yes,3.4,card,65,yes,459.8,no
RID-00899,43,core,26.62,hiking,0,0,yes,3.8,card,62,no,2206.35,no
RID-00900,25,plus,32.0,camping,3,0,no,4.4,card,82,no,772.06,yes
RID-00901,44,summit,71.2,camping,0,1,no,4.5,card,250,no,9871.97,no
RID-00902,23,core,23.69,fishing,1,0,yes,4.3,card,182,no,490.7,yes
RID-00903,30,plus,48.05,hiking,0,1,no,3.0,bnpl,87,no,2344.71,no
RID-00904,20,core,24.09,fishing,0,1,yes,3.3,bnpl,8,yes,468.66,no
RID-00905,5,core,24.29,climbing,1,1,no,4.3,card,385,no,340.07,yes
RID-00906,0,core,23.98,fishing,0,0,no,2.8,paypal,637,no,165.89,yes
RID-00907,11,core,33.17,camping,3,0,no,3.3,card,483,no,472.24,yes
RID-00908,37,core,29.98,camping,0,0,no,4.0,bnpl,240,no,2178.02,no
RID-00909,6,plus,48.89,hiking,2,1,no,3.4,card,310,no,483.86,no
RID-00910,28,plus,44.18,hiking,4,1,yes,4.2,card,153,no,1481.76,yes
RID-00911,8,plus,43.79,camping,1,0,no,3.9,card,261,no,337.35,no
RID-00912,22,plus,43.13,hiking,0,2,no,3.4,bnpl,247,no,581.68,no
RID-00913,16,core,27.09,camping,1,0,yes,3.4,card,352,no,425.32,yes
RID-00914,12,core,25.71,camping,2,0,no,5.0,card,145,no,291.74,no
RID-00915,31,core,28.38,fishing,1,1,no,4.3,card,1031,no,1314.15,yes
RID-00916,54,core,25.72,hiking,1,2,yes,4.2,card,95,no,1619.35,yes
RID-00917,39,core,27.44,hiking,2,0,yes,4.0,card,307,no,1904.86,yes
RID-00918,14,summit,68.53,camping,2,1,yes,3.3,paypal,426,no,2041.25,yes
RID-00919,51,summit,72.58,fishing,1,0,yes,3.6,paypal,102,no,4141.54,no
RID-00920,56,plus,36.43,fishing,1,0,yes,2.2,paypal,55,no,1469.98,no
RID-00921,46,plus,35.9,camping,2,0,no,3.5,card,431,no,2394.63,yes
RID-00922,13,plus,49.01,hiking,0,2,yes,3.5,card,1044,no,1151.47,no
RID-00923,10,plus,50.31,climbing,1,0,yes,4.4,bnpl,40,no,620.58,yes
RID-00924,59,plus,47.97,camping,2,0,yes,3.5,card,1038,no,5324.48,yes
RID-00925,54,core,26.66,hiking,3,1,no,4.6,card,443,no,1389.31,no
RID-00926,25,summit,74.33,camping,1,0,no,3.8,paypal,256,no,3567.81,no
RID-00927,27,plus,46.89,camping,1,0,yes,4.1,paypal,485,no,908.25,no
RID-00928,32,core,25.38,hiking,0,1,yes,4.0,bnpl,585,no,1233.8,yes
RID-00929,54,plus,48.9,camping,1,1,no,4.5,card,226,no,2075.63,no
RID-00930,18,summit,81.25,hiking,1,0,yes,4.9,card,1244,no,2229.35,no
RID-00931,41,summit,78.8,camping,3,0,no,3.3,paypal,1018,no,4237.3,no
RID-00932,57,core,27.81,hiking,2,0,yes,5.0,paypal,162,yes,1442.65,yes
RID-00933,18,plus,48.57,fishing,1,1,yes,3.4,card,332,no,763.73,yes
RID-00934,17,core,23.73,hiking,0,2,no,3.9,bnpl,98,no,323.68,yes
RID-00935,8,core,25.17,hiking,1,1,yes,3.6,card,75,no,328.7,yes
RID-00936,44,core,22.05,hiking,0,1,no,5.0,card,206,no,1332.24,yes
RID-00937,16,core,22.4,fishing,1,1,no,3.2,paypal,322,no,973.54,yes
RID-00938,1,core,17.4,climbing,0,2,yes,4.5,card,126,yes,27.86,yes
RID-00939,30,plus,41.06,camping,0,0,yes,2.3,card,474,no,789.98,no
RID-00940,34,plus,46.1,camping,1,2,no,4.6,bnpl,343,no,2060.6,no
RID-00941,1,plus,43.51,hiking,0,0,no,3.9,paypal,275,no,154.75,no
RID-00942,45,core,26.36,climbing,0,0,yes,3.7,bnpl,141,no,2528.17,yes
RID-00943,34,plus,43.58,camping,1,0,yes,3.5,card,154,no,2274.83,no
RID-00944,28,summit,93.84,hiking,0,0,yes,4.0,card,215,no,1745.84,no
RID-00945,20,plus,50.69,climbing,1,0,yes,3.7,card,164,no,581.76,no
RID-00946,39,plus,52.86,hiking,0,0,no,2.9,card,195,no,1547.31,no
RID-00947,45,core,27.18,climbing,2,0,no,3.4,card,143,no,1609.01,yes
RID-00948,46,core,28.25,hiking,2,1,no,4.6,bnpl,368,no,1078.81,no
RID-00949,23,summit,76.26,climbing,1,1,no,3.7,card,90,no,2529.84,no
RID-00950,30,core,21.68,climbing,1,2,no,3.4,paypal,521,no,1172.79,no
RID-00951,15,core,26.31,fishing,3,1,yes,4.0,paypal,172,no,392.5,no
RID-00952,13,core,24.99,climbing,2,0,yes,4.4,card,379,yes,586.42,no
RID-00953,52,plus,33.26,hiking,0,0,yes,4.5,card,269,no,3067.03,yes
RID-00954,24,plus,43.71,climbing,2,0,yes,4.3,paypal,77,no,1512.79,no
RID-00955,16,plus,43.45,climbing,0,0,no,4.9,card,498,no,1079.07,no
RID-00956,44,summit,68.93,hiking,2,1,no,4.0,card,799,no,2694.28,no
RID-00957,42,core,27.2,hiking,2,1,yes,3.8,paypal,232,no,2789.46,yes
RID-00958,16,core,23.04,camping,1,0,yes,4.7,card,47,no,282.22,yes
RID-00959,10,summit,73.49,climbing,3,0,yes,3.5,card,350,no,860.73,no
RID-00960,38,plus,50.8,hiking,0,2,yes,3.7,paypal,281,no,3019.4,no
RID-00961,56,summit,80.1,camping,1,0,no,2.8,card,130,no,3904.21,no
RID-00962,9,plus,37.74,hiking,2,1,no,5.0,card,283,no,379.26,no
RID-00963,14,core,23.98,fishing,1,1,yes,5.0,card,650,no,349.12,no
RID-00964,56,summit,84.02,camping,5,0,no,3.9,paypal,566,yes,4009.58,no
RID-00965,44,core,20.33,hiking,3,0,no,4.6,paypal,204,no,2691.91,no
RID-00966,36,plus,32.0,fishing,3,1,yes,4.5,bnpl,201,no,1073.65,no
RID-00967,20,core,22.84,fishing,0,0,yes,4.1,paypal,121,no,842.48,no
RID-00968,28,plus,49.09,hiking,0,0,yes,4.9,paypal,207,no,1120.87,yes
RID-00969,11,plus,49.8,camping,2,0,no,3.1,paypal,312,no,495.87,no
RID-00970,49,core,25.0,hiking,1,3,no,3.9,card,302,no,1073.34,no
RID-00971,30,summit,87.06,camping,3,0,no,2.4,card,335,no,3792.74,yes
RID-00972,48,core,25.51,hiking,0,2,no,3.2,paypal,333,no,615.47,no
RID-00973,53,plus,36.07,hiking,2,1,yes,2.8,card,144,no,4176.28,no
RID-00974,5,core,19.93,climbing,0,1,yes,2.6,bnpl,493,no,362.35,yes
RID-00975,52,plus,44.37,climbing,3,0,yes,3.6,card,555,no,2138.97,no
RID-00976,18,plus,52.64,fishing,3,1,no,4.3,card,279,no,831.58,no
RID-00977,19,plus,39.6,climbing,0,0,yes,3.5,card,1267,no,1024.89,no
RID-00978,27,plus,45.5,hiking,0,1,no,3.6,card,363,no,2108.83,no
RID-00979,18,plus,47.53,camping,2,2,yes,3.4,bnpl,91,no,506.84,no
RID-00980,20,summit,65.84,climbing,2,0,yes,4.1,card,216,no,1306.54,no
RID-00981,42,summit,86.52,climbing,3,0,no,3.5,paypal,205,no,6076.36,no
RID-00982,19,core,23.46,hiking,0,1,yes,3.2,card,46,no,141.74,no
RID-00983,37,plus,37.85,camping,2,0,no,4.7,bnpl,224,no,1180.94,no
RID-00984,21,core,25.47,climbing,0,1,yes,3.3,card,479,no,420.94,no
RID-00985,19,core,29.21,camping,2,1,yes,3.0,paypal,538,no,615.85,yes
RID-00986,8,plus,42.17,climbing,1,1,yes,4.6,paypal,839,no,760.07,no
RID-00987,52,plus,36.54,camping,1,0,yes,2.7,card,381,no,2713.04,no
RID-00988,7,plus,44.17,hiking,0,0,yes,4.9,card,451,no,533.47,yes
RID-00989,33,plus,41.04,camping,1,0,yes,3.2,card,166,no,700.1,no
RID-00990,15,plus,46.03,hiking,1,0,no,4.1,card,413,no,640.67,no
RID-00991,60,summit,74.58,climbing,2,0,yes,3.3,card,357,no,5355.36,no
RID-00992,4,core,22.45,camping,2,0,yes,4.0,card,207,no,139.5,yes
RID-00993,25,core,26.46,camping,0,0,no,3.6,card,861,no,654.3,yes
RID-00994,31,core,23.31,camping,1,0,yes,3.3,paypal,90,no,670.76,yes
RID-00995,60,core,23.65,camping,1,0,yes,2.8,bnpl,285,no,2205.16,yes
RID-00996,9,summit,66.65,hiking,2,0,yes,3.6,card,650,no,900.32,no
RID-00997,50,core,22.36,camping,0,1,yes,4.4,paypal,130,no,894.09,yes
RID-00998,4,core,21.86,hiking,0,0,no,4.5,card,180,no,119.41,no
RID-00999,17,plus,48.16,climbing,0,1,yes,3.5,card,465,no,757.04,yes
RID-01000,51,core,23.57,fishing,1,2,yes,3.5,card,466,no,1065.82,yes
RID-01001,22,plus,51.93,camping,1,3,yes,3.9,paypal,245,no,1352.82,no
RID-01002,35,summit,73.16,fishing,1,1,yes,4.0,card,335,no,1759.47,no
RID-01003,23,plus,56.65,fishing,1,1,yes,4.0,card,283,yes,1236.03,no
RID-01004,54,core,28.13,climbing,2,0,yes,3.7,paypal,502,no,2613.68,yes
RID-01005,5,plus,46.03,climbing,2,0,yes,3.7,card,517,no,973.47,no
RID-01006,59,summit,85.89,hiking,1,1,no,3.8,card,693,no,2596.54,no
RID-01007,14,core,22.73,camping,3,1,yes,2.2,card,690,no,671.4,yes
RID-01008,36,plus,43.41,fishing,0,0,yes,3.7,card,345,no,2801.32,no
RID-01009,15,plus,43.12,fishing,0,1,yes,4.6,card,108,no,296.42,yes
RID-01010,48,plus,40.17,hiking,2,1,yes,5.0,card,151,no,1858.06,no
RID-01011,42,core,22.26,camping,1,0,yes,4.9,bnpl,171,no,2121.92,yes
RID-01012,9,plus,47.23,camping,0,0,yes,4.1,paypal,251,no,533.9,yes
RID-01013,15,summit,79.11,hiking,2,0,yes,3.1,card,299,no,1123.41,no
RID-01014,42,plus,42.52,fishing,0,0,yes,3.6,card,125,no,915.36,no
RID-01015,30,core,25.62,camping,0,1,yes,3.4,bnpl,42,no,1131.05,no
RID-01016,33,core,25.01,hiking,1,0,yes,2.9,paypal,394,no,354.14,no
RID-01017,22,plus,47.58,fishing,0,1,yes,3.3,paypal,269,no,860.08,no
RID-01018,41,plus,40.32,hiking,0,0,yes,3.5,paypal,898,no,1330.01,no
RID-01019,56,summit,64.08,hiking,1,0,no,3.0,card,166,no,3149.18,no
RID-01020,6,plus,42.66,hiking,2,0,no,4.7,card,800,no,996.05,no
RID-01021,42,core,24.79,camping,1,0,no,4.5,card,134,no,1316.65,yes
RID-01022,57,plus,47.15,hiking,0,0,yes,4.0,card,260,no,3042.28,yes
RID-01023,13,plus,44.37,camping,2,1,yes,4.3,bnpl,281,no,791.62,no
RID-01024,25,plus,35.39,climbing,0,0,no,4.2,card,70,no,1009.14,no
RID-01025,34,plus,44.91,camping,0,0,yes,3.4,card,325,no,2866.59,no
RID-01026,47,core,25.75,climbing,1,0,no,5.0,bnpl,150,no,1806.79,no
RID-01027,41,core,21.96,hiking,1,1,no,3.4,paypal,590,no,772.59,yes
RID-01028,60,core,22.29,fishing,2,1,yes,2.7,card,458,no,2221.08,no
RID-01029,33,core,27.95,climbing,1,0,yes,4.1,card,362,yes,1071.33,no
RID-01030,53,plus,40.98,climbing,3,1,yes,4.4,paypal,180,no,2767.89,yes
RID-01031,31,core,24.55,camping,2,0,yes,3.8,card,99,no,435.85,no
RID-01032,19,summit,64.15,hiking,2,1,no,4.9,paypal,773,no,1571.66,no
RID-01033,41,core,26.78,climbing,0,0,yes,4.1,card,731,no,1244.08,no
RID-01034,24,plus,50.9,climbing,1,1,yes,3.4,card,176,no,997.62,no
RID-01035,40,plus,49.85,climbing,2,2,yes,3.6,card,513,no,3507.64,no
RID-01036,39,core,28.66,camping,1,0,no,4.1,paypal,128,no,659.2,no
RID-01037,4,plus,33.58,camping,2,0,yes,4.1,bnpl,152,no,623.49,no
RID-01038,32,summit,63.9,camping,2,1,yes,4.9,paypal,269,no,1367.2,no
RID-01039,0,summit,68.41,camping,1,0,yes,4.6,card,374,no,112.48,yes
RID-01040,25,core,27.53,climbing,1,3,no,2.8,paypal,93,no,804.75,no
RID-01041,40,plus,49.0,hiking,1,0,no,3.9,card,43,no,3394.0,no
RID-01042,39,core,20.88,hiking,0,0,no,3.1,card,145,no,1735.93,yes
RID-01043,6,plus,46.94,camping,1,1,no,5.0,card,249,no,285.87,no
RID-01044,55,core,24.64,climbing,0,0,no,3.3,card,87,no,1545.7,yes
RID-01045,45,summit,75.69,camping,1,0,no,4.2,card,191,no,2910.67,no
RID-01046,18,plus,37.57,camping,1,1,yes,3.5,paypal,196,no,611.55,yes
RID-01047,27,core,28.11,climbing,1,0,no,2.5,card,1016,no,1232.83,yes
RID-01048,7,summit,64.85,climbing,0,1,no,3.1,card,381,yes,575.32,yes
RID-01049,22,plus,49.38,camping,0,3,yes,3.8,card,314,no,1330.93,no
RID-01050,41,core,26.56,camping,0,1,no,4.4,card,216,no,1030.89,no
RID-01051,53,summit,71.14,hiking,2,1,no,4.4,card,690,yes,4720.4,no
RID-01052,35,plus,38.59,hiking,1,2,yes,3.0,card,98,no,1952.49,no
RID-01053,17,core,25.54,camping,1,1,yes,4.2,paypal,429,no,462.53,no
RID-01054,55,core,20.07,hiking,0,0,yes,4.7,card,719,yes,1714.81,yes
RID-01055,33,core,23.14,hiking,1,0,no,4.4,bnpl,487,no,1610.67,yes
RID-01056,45,core,25.2,hiking,3,0,no,3.7,bnpl,158,no,812.49,yes
RID-01057,43,summit,87.61,climbing,1,0,yes,4.0,card,89,no,4024.13,no
RID-01058,24,core,20.71,fishing,1,1,no,4.1,bnpl,505,no,786.44,yes
RID-01059,1,plus,50.72,camping,1,0,no,5.0,paypal,436,no,210.82,yes
RID-01060,38,summit,89.55,camping,1,0,no,5.0,card,570,yes,5432.9,no
RID-01061,54,summit,88.94,camping,2,1,yes,4.5,paypal,463,no,8480.53,no
RID-01062,52,summit,58.84,camping,0,2,yes,4.0,card,601,no,3546.12,no
RID-01063,52,summit,90.05,hiking,3,1,yes,4.0,card,215,no,3141.9,no
RID-01064,21,summit,75.82,camping,0,0,yes,4.1,card,287,no,1517.55,no
RID-01065,55,summit,75.69,fishing,0,0,yes,4.2,paypal,105,no,8027.73,no
RID-01066,0,plus,41.76,fishing,1,0,yes,3.6,bnpl,86,no,47.78,no
RID-01067,19,core,27.37,climbing,4,2,no,5.0,card,358,no,904.97,yes
RID-01068,38,core,24.64,hiking,2,1,no,3.4,paypal,173,no,1374.68,no
RID-01069,18,plus,37.4,climbing,1,0,yes,5.0,card,735,no,1129.72,no
RID-01070,1,core,19.05,hiking,2,0,no,2.4,bnpl,432,no,242.74,yes
RID-01071,10,core,23.29,climbing,0,0,yes,3.8,card,306,no,373.86,yes
RID-01072,57,core,24.13,camping,0,1,yes,3.7,card,67,no,1328.58,no
RID-01073,26,plus,55.59,fishing,1,0,yes,4.2,paypal,122,no,3465.84,no
RID-01074,10,core,24.6,hiking,0,0,yes,3.7,paypal,153,no,589.59,no
RID-01075,37,core,29.25,camping,0,2,no,5.0,card,205,no,2174.72,no
RID-01076,22,plus,37.26,hiking,1,0,yes,3.8,paypal,529,no,1279.83,no
RID-01077,23,core,26.73,camping,1,0,yes,3.2,paypal,81,no,484.16,yes
RID-01078,57,plus,40.96,fishing,4,0,yes,3.3,card,1006,no,2846.78,no
RID-01079,33,core,20.89,climbing,2,0,no,3.6,card,476,no,824.0,yes
RID-01080,4,plus,41.94,fishing,1,0,yes,4.5,card,109,no,415.86,no
RID-01081,57,summit,84.25,fishing,0,0,no,4.7,paypal,700,no,5983.13,yes
RID-01082,0,core,20.52,hiking,0,1,yes,3.1,paypal,427,yes,202.24,yes
RID-01083,41,summit,81.32,climbing,1,0,yes,3.4,card,168,no,3316.74,no
RID-01084,6,summit,58.17,fishing,1,0,yes,3.2,paypal,481,no,350.05,no
RID-01085,16,summit,69.48,camping,2,0,no,3.8,card,115,no,2118.57,no
RID-01086,60,summit,71.7,camping,3,1,no,4.7,card,290,no,4291.39,no
RID-01087,10,plus,42.71,hiking,1,0,yes,4.1,card,401,no,863.14,no
RID-01088,59,core,24.19,climbing,0,0,yes,4.4,card,119,no,1266.73,yes
RID-01089,17,core,25.37,climbing,3,0,yes,4.6,bnpl,317,no,1024.62,yes
RID-01090,23,core,27.97,hiking,5,2,no,3.6,bnpl,372,no,694.76,yes
RID-01091,57,plus,48.48,fishing,0,1,no,3.0,card,202,no,2782.75,no
RID-01092,45,summit,63.02,climbing,0,2,yes,3.6,card,156,no,2946.08,no
RID-01093,17,core,30.18,hiking,3,1,yes,4.6,card,298,no,297.61,yes
RID-01094,44,plus,45.28,climbing,1,1,yes,4.5,card,227,no,2419.67,no
RID-01095,29,summit,83.96,fishing,3,1,no,4.1,bnpl,776,no,3746.41,no
RID-01096,6,core,30.34,hiking,3,0,yes,4.7,card,406,no,298.22,yes
RID-01097,15,core,23.66,hiking,0,2,yes,4.1,card,232,no,1140.36,yes
RID-01098,14,core,27.79,climbing,1,3,no,3.8,card,271,no,367.26,yes
RID-01099,28,core,26.27,hiking,0,1,yes,2.8,card,164,no,372.7,yes
RID-01100,54,plus,50.01,camping,2,0,no,5.0,paypal,588,no,1923.31,yes
RID-01101,34,plus,46.85,fishing,1,1,yes,3.9,paypal,432,no,1905.8,yes
RID-01102,10,plus,36.63,camping,1,0,no,3.7,paypal,813,no,858.06,no
RID-01103,37,core,21.72,camping,0,1,yes,3.9,card,316,yes,950.12,no
RID-01104,31,plus,47.74,fishing,2,0,yes,5.0,card,240,no,1224.44,no
RID-01105,23,core,19.33,climbing,2,0,no,4.7,paypal,324,no,1005.4,yes
RID-01106,14,plus,46.16,hiking,1,1,no,3.7,paypal,791,no,858.86,yes
RID-01107,43,core,25.42,hiking,0,0,yes,4.4,card,198,no,627.4,yes
RID-01108,34,summit,87.94,camping,1,2,yes,4.9,paypal,180,no,4796.57,no
RID-01109,26,plus,41.87,camping,0,0,yes,4.3,paypal,218,no,1534.47,no
RID-01110,11,core,20.5,fishing,1,1,yes,4.1,card,161,no,243.24,no
RID-01111,7,plus,55.36,camping,3,1,yes,2.4,bnpl,341,no,952.89,yes
RID-01112,13,plus,48.03,camping,1,2,yes,4.9,paypal,202,no,697.32,no
RID-01113,37,summit,74.89,climbing,0,0,yes,3.2,bnpl,673,no,3424.95,yes
RID-01114,2,summit,77.68,fishing,0,0,no,2.6,paypal,107,no,58.49,no
RID-01115,4,core,22.44,climbing,0,0,no,2.6,paypal,439,no,299.85,yes
RID-01116,60,plus,49.7,camping,1,0,yes,3.4,card,615,no,2625.51,yes
RID-01117,16,core,22.94,camping,0,0,no,4.4,card,103,no,473.5,no
RID-01118,6,plus,49.87,fishing,1,0,yes,4.9,paypal,392,no,381.73,yes
RID-01119,58,core,25.65,climbing,2,0,yes,4.3,paypal,538,no,1679.39,yes
RID-01120,25,plus,42.89,fishing,0,0,yes,5.0,bnpl,65,no,1031.69,no
RID-01121,0,summit,74.89,hiking,3,1,yes,3.7,card,139,no,139.33,no
RID-01122,25,core,28.83,climbing,1,0,no,3.8,paypal,588,no,708.08,yes
RID-01123,1,summit,75.88,fishing,1,0,yes,2.6,card,589,no,207.56,no
RID-01124,18,core,25.03,hiking,3,0,no,3.6,paypal,263,no,353.76,yes
RID-01125,57,summit,85.05,hiking,3,0,yes,2.5,card,324,no,4722.01,no
RID-01126,48,summit,59.1,camping,0,0,yes,3.0,card,425,yes,2921.02,no
RID-01127,25,core,23.37,climbing,2,0,yes,4.5,card,526,no,793.96,no
RID-01128,20,core,18.78,camping,0,0,no,2.7,paypal,303,no,574.72,yes
RID-01129,35,plus,48.16,camping,3,0,yes,2.8,paypal,526,no,4045.76,no
RID-01130,38,plus,46.57,climbing,1,1,yes,2.7,card,41,yes,860.53,no
RID-01131,46,core,26.37,climbing,1,1,yes,4.6,paypal,238,no,1155.08,no
RID-01132,33,summit,79.36,hiking,2,0,no,5.0,paypal,418,no,1920.54,no
RID-01133,4,plus,42.2,fishing,0,1,yes,3.9,card,356,no,254.05,no
RID-01134,52,summit,75.1,camping,1,0,no,4.7,card,714,no,5691.98,no
RID-01135,20,core,25.08,hiking,0,1,yes,3.1,bnpl,138,no,319.88,no
RID-01136,49,plus,38.88,hiking,1,0,yes,4.9,card,129,yes,2262.88,no
RID-01137,49,core,23.34,hiking,0,4,no,3.5,card,772,no,2050.7,yes
RID-01138,13,core,28.49,climbing,1,0,yes,4.5,paypal,73,no,429.91,no
RID-01139,31,core,21.42,climbing,1,0,yes,4.0,card,472,no,717.75,yes
RID-01140,45,core,22.94,climbing,3,0,no,2.6,card,439,no,1576.93,yes
RID-01141,21,plus,45.11,climbing,2,1,yes,3.3,card,190,no,898.21,yes
RID-01142,48,core,24.25,fishing,0,0,yes,4.1,card,757,no,2155.5,yes
RID-01143,31,core,23.3,fishing,2,1,yes,2.6,card,274,no,963.21,no
RID-01144,56,plus,47.92,hiking,0,0,no,4.2,card,295,no,2513.75,yes
RID-01145,54,plus,45.07,climbing,2,1,yes,2.9,card,141,no,1569.78,no
RID-01146,58,plus,44.08,hiking,1,1,no,4.4,card,158,no,2667.24,yes
RID-01147,13,plus,45.13,climbing,1,0,no,3.0,paypal,123,no,409.19,no
RID-01148,44,core,26.64,camping,2,0,no,4.3,paypal,398,no,968.97,yes
RID-01149,45,plus,43.56,hiking,2,0,yes,4.6,card,386,no,1848.93,yes
RID-01150,27,plus,52.74,fishing,2,0,no,3.9,card,39,no,1386.76,no
RID-01151,10,core,26.38,climbing,3,1,no,3.9,card,566,no,291.06,yes
RID-01152,17,core,28.14,camping,0,0,yes,5.0,card,252,no,407.44,yes
RID-01153,31,summit,68.57,hiking,1,0,no,3.4,card,71,no,2011.64,yes
RID-01154,52,core,26.5,hiking,2,1,yes,3.6,paypal,723,no,1365.68,yes
RID-01155,55,core,24.64,climbing,3,0,yes,4.5,bnpl,215,no,1281.3,yes
RID-01156,55,core,23.97,camping,1,2,no,4.3,card,214,no,1852.16,yes
RID-01157,57,summit,70.46,hiking,0,0,yes,3.8,card,265,no,3497.69,no
RID-01158,5,plus,46.34,climbing,0,1,yes,3.1,bnpl,533,no,558.78,no
RID-01159,60,summit,91.48,hiking,1,1,yes,4.7,card,188,no,5330.43,no
RID-01160,33,summit,63.04,camping,0,0,yes,3.1,bnpl,638,no,3556.6,no
RID-01161,6,plus,42.56,climbing,0,0,no,5.0,paypal,122,no,448.33,no
RID-01162,7,core,26.36,climbing,0,0,no,3.1,paypal,204,yes,219.22,yes
RID-01163,15,core,24.42,hiking,1,0,no,3.2,paypal,28,no,147.31,yes
RID-01164,15,summit,73.47,camping,3,1,no,4.3,card,219,no,1418.76,no
RID-01165,6,summit,89.66,climbing,0,0,yes,4.4,paypal,86,no,381.04,no
RID-01166,23,summit,63.56,hiking,0,1,yes,3.3,card,101,no,840.15,no
RID-01167,33,summit,70.88,hiking,0,1,no,5.0,paypal,90,no,3241.51,yes
RID-01168,18,plus,35.95,hiking,1,0,no,4.2,card,273,no,540.66,no
RID-01169,40,plus,44.0,hiking,1,0,no,3.8,paypal,267,no,761.23,no
RID-01170,43,plus,42.11,fishing,1,1,no,4.3,card,463,no,1991.33,no
RID-01171,24,plus,41.92,fishing,1,1,yes,4.9,card,209,no,1675.93,no
RID-01172,4,core,25.13,climbing,1,2,no,5.0,card,404,no,203.38,no
RID-01173,19,core,26.52,camping,2,1,yes,4.1,card,297,no,529.09,yes
RID-01174,37,core,25.41,hiking,0,0,yes,3.0,card,173,yes,1235.32,yes
RID-01175,23,core,25.92,camping,1,0,no,3.1,card,548,yes,788.43,yes
RID-01176,35,core,22.62,climbing,1,0,no,2.9,paypal,150,no,692.43,yes
RID-01177,51,plus,49.7,hiking,2,1,yes,3.5,paypal,60,no,3737.13,no
RID-01178,48,plus,45.39,fishing,0,0,no,4.0,card,31,yes,3113.58,no
RID-01179,38,plus,36.58,hiking,1,0,no,4.2,paypal,182,no,1682.48,yes
RID-01180,5,plus,48.08,camping,1,2,yes,4.8,card,237,no,131.92,no
RID-01181,45,plus,37.08,hiking,0,2,yes,2.4,paypal,240,no,2467.35,no
RID-01182,20,plus,48.46,hiking,1,0,yes,4.0,card,28,no,860.79,no
RID-01183,25,plus,42.61,camping,0,0,yes,4.3,card,353,no,1475.81,no
RID-01184,42,core,29.04,hiking,2,1,yes,1.9,paypal,208,no,794.67,yes
RID-01185,50,plus,45.42,camping,1,0,yes,4.3,bnpl,444,no,3588.35,no
RID-01186,43,plus,44.87,camping,2,1,yes,5.0,card,271,no,1407.58,no
RID-01187,18,core,21.67,hiking,1,2,yes,4.6,card,394,no,648.75,no
RID-01188,27,summit,75.37,climbing,2,1,yes,4.2,paypal,78,no,3165.03,no
RID-01189,22,core,26.31,fishing,0,1,no,3.8,card,445,no,894.85,no
RID-01190,28,plus,44.25,camping,1,0,yes,4.2,card,334,no,1620.05,no
RID-01191,46,summit,78.7,hiking,0,0,yes,5.0,card,154,no,3804.69,no
RID-01192,58,plus,46.04,fishing,3,1,yes,3.7,card,711,no,1854.41,no
RID-01193,23,plus,45.4,fishing,2,0,no,4.9,paypal,1057,no,2334.84,no
RID-01194,19,plus,54.34,fishing,0,1,yes,4.3,bnpl,158,no,1759.4,yes
RID-01195,53,core,23.53,hiking,2,1,no,5.0,paypal,470,no,1228.44,yes
RID-01196,9,plus,46.11,fishing,0,3,yes,4.8,paypal,258,no,180.28,no
RID-01197,23,plus,46.23,climbing,3,1,yes,4.1,card,382,yes,1744.07,no
RID-01198,58,core,28.24,camping,1,0,yes,4.1,card,313,no,932.5,no
RID-01199,53,core,27.64,camping,1,0,no,3.8,card,459,no,2089.87,no
RID-01200,49,summit,74.27,fishing,0,2,no,4.7,card,39,no,2710.92,yes
RID-01201,54,core,24.98,fishing,2,1,yes,3.6,paypal,374,no,1760.91,no
RID-01202,14,summit,66.93,hiking,2,0,no,4.1,bnpl,325,no,695.51,no
RID-01203,3,core,29.65,climbing,1,1,yes,3.9,card,281,no,203.86,yes
RID-01204,52,core,24.43,camping,0,1,yes,3.0,bnpl,596,no,855.8,yes
RID-01205,30,plus,41.44,climbing,1,0,no,4.2,card,104,no,1247.2,yes
RID-01206,15,plus,46.89,hiking,1,1,yes,2.9,card,443,no,989.69,yes
RID-01207,29,plus,39.87,hiking,0,1,no,3.7,card,144,no,1714.12,no
RID-01208,50,core,27.64,hiking,0,0,yes,4.5,card,179,no,1196.83,yes
RID-01209,30,plus,50.74,hiking,0,1,yes,4.1,paypal,157,no,1816.4,no
RID-01210,38,plus,37.57,fishing,0,1,yes,4.1,paypal,277,no,1298.37,no
RID-01211,31,core,22.81,fishing,0,0,no,3.4,paypal,448,no,1005.53,yes
RID-01212,29,plus,40.77,camping,0,0,no,4.8,paypal,259,no,1368.8,no
RID-01213,58,core,26.2,camping,1,1,no,3.3,paypal,500,no,2516.64,no
RID-01214,56,core,22.19,camping,0,2,no,4.5,card,199,no,829.21,no
RID-01215,25,core,25.05,camping,2,1,no,5.0,bnpl,66,no,704.92,no
RID-01216,49,core,24.84,hiking,4,0,yes,2.9,card,311,no,1542.26,yes
RID-01217,44,plus,36.84,hiking,3,0,no,3.7,paypal,226,yes,3764.31,no
RID-01218,7,summit,79.02,camping,2,2,yes,3.6,paypal,700,no,1648.36,no
RID-01219,51,core,27.63,fishing,0,1,yes,4.2,card,116,no,773.08,yes
RID-01220,43,core,22.98,climbing,4,0,no,3.3,card,349,no,817.2,yes
RID-01221,52,summit,74.08,camping,2,1,yes,3.1,card,260,no,1302.4,no
RID-01222,48,core,34.21,climbing,0,1,yes,4.0,card,72,yes,4389.43,yes
RID-01223,57,core,20.84,hiking,2,1,no,3.6,paypal,50,yes,1385.23,yes
RID-01224,33,plus,47.09,climbing,2,1,no,3.9,bnpl,53,no,2092.65,no
RID-01225,3,core,25.69,hiking,0,2,yes,4.7,card,447,no,299.73,yes
RID-01226,16,plus,42.87,camping,2,0,yes,2.8,paypal,255,no,695.63,yes
RID-01227,8,summit,80.64,hiking,2,1,yes,3.9,card,387,no,1285.28,no
RID-01228,14,plus,48.42,fishing,1,2,yes,3.6,paypal,401,no,605.24,no
RID-01229,34,plus,40.11,climbing,1,0,yes,4.0,paypal,777,no,1173.32,no
RID-01230,59,core,25.85,climbing,2,0,no,3.6,paypal,521,no,1607.87,yes
RID-01231,46,core,26.6,fishing,1,0,yes,3.1,card,253,no,1229.83,yes
RID-01232,26,summit,83.3,fishing,0,0,yes,4.3,paypal,369,no,2940.26,no
RID-01233,29,summit,61.61,fishing,0,1,yes,5.0,paypal,94,no,1934.98,no
RID-01234,31,summit,84.29,camping,1,0,no,3.9,paypal,79,no,1746.96,no
RID-01235,25,core,23.44,camping,1,0,no,3.5,card,230,no,530.27,yes
RID-01236,36,summit,72.7,climbing,1,0,no,3.5,paypal,149,no,2774.4,no
RID-01237,57,core,25.72,fishing,0,1,no,4.7,card,267,no,2059.82,no
RID-01238,6,plus,47.65,hiking,1,0,yes,3.3,paypal,181,no,432.35,yes
RID-01239,21,plus,47.89,fishing,0,0,yes,5.0,paypal,494,no,1034.75,no
RID-01240,4,plus,46.05,climbing,1,0,yes,2.8,card,363,yes,293.96,no
RID-01241,51,plus,45.14,camping,0,1,yes,4.1,card,157,no,1655.01,yes
RID-01242,12,plus,45.68,fishing,1,2,yes,4.5,paypal,404,no,984.89,no
RID-01243,39,summit,82.42,fishing,3,0,no,4.6,paypal,97,no,2652.61,yes
RID-01244,3,core,23.3,hiking,1,0,yes,4.5,card,248,no,134.79,yes
RID-01245,29,core,30.61,climbing,1,1,yes,4.2,paypal,502,no,1156.55,no
RID-01246,54,plus,40.44,hiking,3,0,yes,4.9,bnpl,39,no,4578.97,yes
RID-01247,58,core,23.08,hiking,2,0,yes,3.3,card,614,no,1176.84,yes
RID-01248,9,core,24.55,hiking,0,1,yes,3.5,card,187,no,422.75,no
RID-01249,40,core,23.0,hiking,1,0,no,3.7,bnpl,509,no,967.84,yes
RID-01250,13,core,22.59,climbing,0,0,yes,5.0,card,188,no,368.85,yes
RID-01251,44,plus,39.61,camping,4,0,no,4.3,paypal,59,no,2503.67,yes
RID-01252,32,summit,79.43,camping,3,1,no,4.5,card,164,no,4501.5,no
RID-01253,48,summit,91.68,camping,1,2,yes,3.9,card,576,no,3660.35,no
RID-01254,54,plus,47.71,hiking,1,1,yes,4.6,paypal,294,no,3685.19,no
RID-01255,21,core,20.79,hiking,0,1,yes,2.8,paypal,517,yes,729.06,no
RID-01256,2,plus,43.15,hiking,1,0,no,3.7,card,192,no,225.11,no
RID-01257,19,plus,47.26,hiking,0,3,no,3.8,card,132,no,1638.18,no
RID-01258,13,plus,52.74,camping,1,0,yes,3.6,paypal,495,no,734.07,no
RID-01259,7,plus,42.7,climbing,3,1,yes,3.8,paypal,252,no,514.84,no
RID-01260,43,plus,41.99,climbing,0,0,yes,4.4,card,329,no,2060.3,no
RID-01261,55,core,27.01,climbing,2,1,yes,4.2,card,348,no,2698.44,no
RID-01262,31,summit,75.05,camping,0,0,yes,4.9,paypal,36,no,2765.38,no
RID-01263,32,plus,43.37,climbing,0,0,no,2.4,paypal,415,no,1505.7,no
RID-01264,36,core,22.97,hiking,0,0,no,5.0,paypal,98,no,1248.55,yes
RID-01265,54,summit,71.36,climbing,1,0,no,3.5,paypal,49,no,2993.49,no
RID-01266,1,core,22.6,camping,0,2,no,5.0,paypal,170,yes,105.16,no
RID-01267,32,core,22.1,climbing,1,1,no,3.7,paypal,222,no,649.53,yes
RID-01268,52,plus,45.18,fishing,0,0,yes,4.3,card,658,no,1902.82,no
RID-01269,9,plus,48.06,fishing,0,0,yes,3.2,card,432,no,223.08,no
RID-01270,35,core,25.9,fishing,2,0,yes,3.1,bnpl,46,no,800.38,no
RID-01271,0,core,25.06,camping,2,0,no,4.4,card,326,no,159.72,yes
RID-01272,50,core,25.07,hiking,0,0,no,2.0,card,250,no,1838.46,yes
RID-01273,39,core,22.71,camping,4,2,no,3.1,card,114,no,647.89,yes
RID-01274,58,plus,44.85,hiking,1,1,yes,4.6,paypal,399,no,2278.66,no
RID-01275,18,core,26.3,climbing,2,0,yes,3.7,paypal,656,no,792.88,yes
RID-01276,44,plus,55.38,climbing,0,0,yes,3.3,card,269,no,3521.22,no
RID-01277,46,plus,47.09,fishing,1,0,yes,5.0,paypal,191,no,2504.28,no
RID-01278,1,plus,48.89,fishing,0,0,no,5.0,paypal,280,no,203.93,no
RID-01279,46,summit,70.37,camping,0,0,no,4.0,bnpl,327,no,4889.79,no
RID-01280,43,core,23.0,fishing,2,0,yes,5.0,paypal,903,no,1564.9,yes
RID-01281,37,core,25.2,fishing,0,0,yes,5.0,paypal,142,no,840.25,no
RID-01282,34,core,24.57,climbing,2,0,yes,4.0,card,148,no,1947.73,no
RID-01283,48,core,19.92,camping,1,1,yes,3.6,bnpl,487,no,604.66,no
RID-01284,6,plus,44.81,camping,0,1,yes,4.1,paypal,176,no,545.71,yes
RID-01285,23,core,31.08,hiking,0,2,no,2.9,paypal,33,no,918.83,yes
RID-01286,16,plus,50.05,camping,3,1,no,4.4,paypal,662,no,1669.09,no
RID-01287,51,summit,65.66,camping,1,0,no,3.8,paypal,637,no,3281.29,no
RID-01288,10,core,26.71,camping,1,0,yes,4.0,paypal,84,no,163.58,yes
RID-01289,3,core,25.53,hiking,1,0,yes,4.0,card,269,no,137.98,yes
RID-01290,56,plus,43.96,hiking,1,1,yes,3.4,card,48,no,1519.64,no
RID-01291,24,plus,41.77,camping,0,1,yes,4.0,card,457,no,1179.32,yes
RID-01292,48,core,26.0,fishing,2,0,yes,3.0,card,442,no,1046.11,yes
RID-01293,14,plus,49.52,camping,0,0,yes,3.6,card,254,no,590.74,no
RID-01294,42,core,31.15,hiking,2,0,no,3.2,paypal,537,no,1093.49,yes
RID-01295,56,plus,44.7,hiking,3,1,no,3.3,paypal,54,no,3923.58,no
RID-01296,46,plus,46.22,hiking,0,1,no,2.3,paypal,306,no,1607.61,yes
RID-01297,17,core,28.4,camping,0,2,yes,3.7,paypal,33,no,680.5,no
RID-01298,36,core,26.04,climbing,2,1,yes,4.4,card,111,no,975.1,yes
RID-01299,50,plus,49.9,hiking,1,0,yes,4.1,paypal,47,no,2840.45,no
RID-01300,52,plus,45.68,camping,1,1,yes,4.8,bnpl,728,no,2421.67,no
RID-01301,18,summit,82.26,hiking,2,0,yes,3.3,paypal,522,no,2231.24,no
RID-01302,13,plus,44.24,camping,2,0,yes,3.6,card,37,no,747.23,no
RID-01303,26,summit,65.08,fishing,2,0,yes,4.7,bnpl,320,no,3071.38,yes
RID-01304,15,plus,42.31,hiking,2,0,yes,3.9,card,37,no,484.15,yes
RID-01305,43,plus,50.3,camping,1,1,yes,4.1,card,416,no,1646.34,no
RID-01306,36,core,22.87,climbing,0,0,yes,5.0,card,482,no,834.56,no
RID-01307,29,core,23.34,climbing,0,0,yes,3.8,paypal,420,no,949.54,yes
RID-01308,49,plus,43.28,hiking,0,0,no,3.6,paypal,319,no,2845.63,yes
RID-01309,13,core,19.58,fishing,2,0,yes,3.3,paypal,222,no,232.48,yes
RID-01310,50,core,23.89,hiking,1,0,yes,3.8,card,304,no,1435.88,yes
RID-01311,34,core,26.98,camping,1,2,no,4.8,card,115,no,885.34,yes
RID-01312,59,summit,82.18,climbing,0,0,no,4.4,bnpl,320,no,4396.4,no
RID-01313,36,plus,44.73,fishing,2,2,yes,5.0,paypal,196,no,1704.02,yes
RID-01314,46,summit,72.98,camping,2,1,no,4.3,paypal,48,no,6722.31,yes
RID-01315,11,summit,59.12,camping,2,0,yes,2.3,paypal,99,no,915.75,no
RID-01316,14,plus,46.42,hiking,0,0,no,4.5,card,480,no,1267.71,no
RID-01317,33,plus,46.4,climbing,0,1,no,4.1,card,53,no,1881.47,no
RID-01318,14,plus,50.06,camping,0,0,yes,4.0,card,284,no,1691.01,no
RID-01319,2,plus,44.64,fishing,1,1,yes,4.9,card,186,no,268.91,no
RID-01320,27,summit,88.38,camping,1,1,yes,3.8,card,98,no,1298.0,no
RID-01321,16,summit,55.0,climbing,1,0,no,4.4,card,545,no,1468.38,no
RID-01322,39,plus,51.87,fishing,2,1,no,3.2,paypal,611,no,2613.97,yes
RID-01323,35,plus,43.75,camping,1,1,yes,2.9,paypal,60,no,1979.51,yes
RID-01324,31,plus,46.84,hiking,2,0,yes,3.6,card,291,no,793.27,no
RID-01325,50,core,26.89,camping,0,1,no,3.8,bnpl,208,no,848.83,yes
RID-01326,4,core,26.84,climbing,0,0,yes,4.4,card,282,no,188.12,yes
RID-01327,47,core,23.44,hiking,5,0,yes,3.2,bnpl,1267,no,987.25,yes
RID-01328,29,core,26.64,climbing,1,0,yes,5.0,card,187,no,1180.91,no
RID-01329,42,plus,44.07,hiking,5,1,yes,3.3,card,130,no,2029.37,no
RID-01330,49,core,27.46,hiking,2,0,yes,3.9,paypal,237,no,3370.04,yes
RID-01331,18,summit,74.25,camping,1,1,no,4.0,card,337,no,1716.75,no
RID-01332,14,core,18.31,camping,0,0,yes,4.2,paypal,179,no,360.09,yes
RID-01333,45,core,25.9,hiking,3,0,yes,4.3,paypal,1196,no,2051.79,yes
RID-01334,38,plus,55.46,fishing,0,1,no,5.0,card,122,no,2189.16,no
RID-01335,11,core,31.23,climbing,1,0,yes,3.5,paypal,422,no,606.69,no
RID-01336,16,core,24.12,hiking,0,1,no,4.2,card,693,no,694.32,yes
RID-01337,52,core,17.42,fishing,0,0,no,3.9,card,16,no,284.57,no
RID-01338,33,plus,43.24,camping,0,0,yes,4.7,paypal,359,no,2543.65,no
RID-01339,55,core,22.55,fishing,0,1,no,4.3,bnpl,127,no,2093.75,yes
RID-01340,42,plus,43.69,camping,2,1,no,4.2,card,99,no,2706.98,no
RID-01341,12,core,19.55,camping,3,0,yes,2.9,card,222,no,345.66,no
RID-01342,12,core,23.09,fishing,0,1,no,3.7,card,661,no,578.32,yes
RID-01343,58,core,21.32,hiking,2,1,yes,3.3,paypal,497,no,964.11,no
RID-01344,45,core,27.78,fishing,2,0,no,3.7,bnpl,47,no,686.21,yes
RID-01345,36,summit,77.1,climbing,1,1,no,3.4,paypal,495,no,2248.22,no
RID-01346,41,plus,45.56,camping,1,0,no,3.6,paypal,124,no,2085.9,no
RID-01347,25,plus,43.66,camping,1,0,yes,3.7,card,588,no,1460.76,no
RID-01348,19,summit,55.0,hiking,1,0,no,3.7,paypal,27,yes,833.7,yes
RID-01349,50,core,27.33,hiking,1,0,yes,3.8,card,380,yes,909.99,yes
RID-01350,54,summit,78.96,hiking,0,1,no,3.3,card,111,no,3252.49,no
RID-01351,55,plus,46.56,camping,1,0,yes,4.0,card,491,yes,2662.12,no
RID-01352,47,plus,51.14,camping,1,1,yes,3.3,card,784,no,1569.35,yes
RID-01353,53,summit,68.96,hiking,1,0,no,3.6,paypal,225,no,4057.46,yes
RID-01354,31,core,26.02,camping,0,0,yes,4.0,paypal,157,no,1704.89,yes
RID-01355,18,plus,45.73,hiking,0,1,no,2.1,card,200,yes,686.29,no
RID-01356,5,plus,45.91,camping,2,0,yes,5.0,card,241,no,717.54,no
RID-01357,18,plus,43.84,fishing,0,0,yes,4.4,paypal,371,no,745.85,no
RID-01358,26,core,28.67,climbing,1,0,no,4.2,card,53,no,810.07,no
RID-01359,5,core,23.29,camping,0,0,no,3.6,card,87,no,219.42,yes
RID-01360,20,summit,72.75,climbing,0,0,yes,4.1,bnpl,276,no,1606.4,yes
RID-01361,56,plus,42.46,hiking,2,0,no,3.1,paypal,247,no,1142.54,yes
RID-01362,16,core,25.21,hiking,1,0,yes,4.4,bnpl,82,no,425.82,yes
RID-01363,23,core,31.57,camping,0,0,no,2.7,paypal,569,no,933.11,yes
RID-01364,39,plus,45.47,hiking,2,0,no,3.0,paypal,140,no,1632.41,no
RID-01365,53,core,26.75,fishing,1,0,yes,3.5,card,898,no,1814.86,yes
RID-01366,56,core,26.74,camping,0,1,yes,5.0,card,361,no,1993.88,no
RID-01367,49,summit,87.08,climbing,0,0,yes,3.2,card,463,no,3147.29,no
RID-01368,8,core,22.69,camping,1,0,no,4.3,card,305,no,347.65,yes
RID-01369,6,core,23.74,hiking,1,0,yes,2.5,paypal,159,no,200.92,yes
RID-01370,45,plus,45.03,hiking,0,2,yes,4.0,card,296,no,4179.6,yes
RID-01371,54,core,21.98,camping,1,1,yes,5.0,card,217,no,2053.63,yes
RID-01372,37,core,30.03,camping,4,1,no,4.4,card,64,no,779.9,yes
RID-01373,55,plus,50.86,hiking,1,0,no,2.4,paypal,66,no,4888.75,yes
RID-01374,40,plus,40.19,hiking,2,1,yes,4.0,card,188,no,2070.47,no
RID-01375,21,plus,52.26,fishing,1,1,yes,3.7,card,379,no,1587.89,no
RID-01376,51,summit,76.27,climbing,2,0,yes,4.9,paypal,188,no,3711.82,no
RID-01377,46,summit,71.83,fishing,2,0,yes,3.9,card,193,no,2911.68,yes
RID-01378,22,plus,44.26,fishing,0,0,no,2.9,card,388,no,1057.24,yes
RID-01379,35,plus,45.73,camping,4,0,no,3.9,card,186,yes,1103.09,yes
RID-01380,35,summit,73.46,fishing,0,0,yes,3.5,paypal,1133,no,1499.99,no
RID-01381,6,core,20.32,fishing,1,0,yes,2.4,card,140,no,120.0,yes
RID-01382,16,plus,39.67,hiking,0,1,yes,3.9,card,487,no,713.35,yes
RID-01383,13,core,27.73,climbing,1,0,no,4.0,card,274,no,362.4,no
RID-01384,17,core,26.73,hiking,1,0,no,4.3,paypal,1628,no,1200.49,yes
RID-01385,32,summit,90.97,camping,0,0,yes,4.8,card,175,no,3401.56,no
RID-01386,31,core,20.18,camping,0,0,yes,3.8,card,433,no,592.77,yes
RID-01387,52,core,28.42,camping,2,0,yes,2.9,card,244,no,1392.05,no
RID-01388,0,core,24.21,hiking,2,0,yes,3.4,paypal,23,no,0.0,yes
RID-01389,50,plus,47.8,climbing,1,0,no,4.0,card,264,no,1840.53,yes
RID-01390,15,summit,78.63,camping,1,0,yes,4.9,card,173,no,367.79,no
RID-01391,21,core,21.03,camping,0,1,no,4.0,card,317,no,789.92,no
RID-01392,9,summit,67.04,camping,2,2,no,3.9,paypal,133,no,602.7,no
RID-01393,0,plus,40.19,fishing,1,1,yes,3.8,card,15,no,53.25,yes
RID-01394,7,summit,70.6,climbing,0,1,yes,4.0,card,744,no,849.33,no
RID-01395,13,summit,64.28,camping,1,0,yes,5.0,card,149,no,414.85,no
RID-01396,23,core,26.08,climbing,2,1,no,3.9,bnpl,473,no,694.1,yes
RID-01397,19,summit,70.92,fishing,1,0,yes,3.8,paypal,230,no,1444.68,no
RID-01398,6,core,22.52,climbing,0,0,no,4.0,bnpl,313,no,293.95,yes
RID-01399,20,plus,46.86,fishing,0,0,no,3.5,card,292,no,659.0,no
RID-01400,9,core,24.38,hiking,2,0,no,2.8,card,186,no,222.84,yes
RID-01401,41,core,23.47,camping,1,2,no,2.7,paypal,265,no,1451.48,no
RID-01402,40,summit,89.46,fishing,0,1,yes,3.5,card,454,no,3192.85,no
RID-01403,3,plus,46.37,fishing,1,0,no,4.9,card,274,no,387.32,yes
RID-01404,39,plus,43.36,camping,1,1,yes,4.9,card,521,no,2341.14,yes
RID-01405,55,summit,73.49,hiking,1,0,yes,3.2,bnpl,173,no,4884.68,no
RID-01406,57,core,22.35,hiking,0,1,yes,3.9,paypal,244,no,1024.0,yes
RID-01407,3,core,21.42,hiking,1,0,yes,4.1,card,89,no,45.47,yes
RID-01408,56,summit,62.96,hiking,2,1,yes,3.5,paypal,334,yes,5358.85,no
RID-01409,24,core,27.38,camping,1,2,yes,5.0,paypal,229,no,499.27,yes
RID-01410,53,summit,78.87,hiking,0,2,yes,4.6,card,288,no,2441.25,no
RID-01411,12,core,25.96,camping,1,1,no,4.3,card,714,no,580.58,no
RID-01412,42,core,25.77,camping,3,0,yes,4.1,paypal,233,no,1180.81,yes
RID-01413,48,core,23.9,hiking,1,0,yes,2.8,card,657,no,1418.03,yes
RID-01414,16,core,25.14,hiking,2,0,yes,5.0,card,122,no,612.45,yes
RID-01415,44,core,22.78,hiking,3,0,yes,4.4,card,134,no,1189.15,yes
RID-01416,10,core,22.73,camping,1,1,no,4.3,card,126,no,292.09,no
RID-01417,43,core,30.12,hiking,0,1,yes,3.4,paypal,78,no,1225.88,yes
RID-01418,57,plus,34.66,camping,0,1,yes,3.5,card,275,no,2907.45,yes
RID-01419,18,plus,55.79,camping,1,2,yes,4.4,paypal,375,no,1868.34,no
RID-01420,58,core,27.64,climbing,0,1,yes,4.8,card,934,no,1699.55,yes
RID-01421,40,core,23.31,climbing,2,1,no,5.0,card,225,no,1150.34,yes
RID-01422,30,core,20.5,hiking,3,0,yes,3.4,card,693,no,837.48,no
RID-01423,19,core,19.89,climbing,2,0,no,3.9,card,94,no,303.34,yes
RID-01424,33,plus,39.72,hiking,0,2,yes,2.4,card,139,no,797.14,no
RID-01425,60,core,23.09,camping,0,0,no,2.2,card,216,no,2431.41,yes
RID-01426,0,summit,71.46,hiking,2,1,yes,4.4,card,99,no,21.89,no
RID-01427,52,core,25.31,climbing,1,1,yes,3.4,card,300,no,1699.47,yes
RID-01428,9,plus,46.35,hiking,4,2,yes,2.5,paypal,73,no,710.42,yes
RID-01429,53,plus,41.34,climbing,4,0,yes,3.1,paypal,257,no,1738.97,no
RID-01430,33,core,25.35,fishing,0,2,yes,4.3,card,243,no,1359.69,yes
RID-01431,54,core,25.43,camping,0,2,no,4.3,card,334,no,1687.31,yes
RID-01432,11,core,25.99,fishing,1,0,no,2.8,bnpl,653,no,519.88,yes
RID-01433,2,plus,50.23,climbing,2,0,yes,4.9,card,143,no,97.9,no
RID-01434,29,summit,80.04,hiking,2,0,yes,3.5,card,826,no,1547.85,no
RID-01435,47,core,21.87,hiking,2,0,yes,4.2,card,524,yes,2422.14,yes
RID-01436,48,summit,72.81,hiking,0,0,no,4.0,card,331,no,7717.78,no
RID-01437,46,plus,43.09,camping,1,1,yes,4.0,paypal,75,no,1053.37,yes
RID-01438,48,plus,41.23,camping,0,0,yes,3.3,card,295,no,831.67,yes
RID-01439,47,core,29.51,hiking,2,0,no,4.0,card,89,yes,2492.56,yes
RID-01440,52,summit,88.0,camping,2,2,yes,4.2,card,401,no,4556.22,no
RID-01441,10,core,24.4,camping,2,0,no,3.9,card,176,no,170.89,no
RID-01442,14,core,25.87,camping,1,0,yes,4.1,paypal,602,no,437.34,yes
RID-01443,0,plus,47.97,fishing,0,1,no,4.8,card,619,no,350.9,yes
RID-01444,26,summit,66.79,camping,1,2,yes,3.6,card,425,no,3230.24,no
RID-01445,16,core,23.02,fishing,1,0,no,4.5,paypal,103,no,370.11,yes
RID-01446,38,core,25.92,hiking,0,0,yes,3.8,paypal,199,no,564.02,no
RID-01447,33,summit,64.5,camping,0,0,yes,5.0,bnpl,621,no,1788.26,no
RID-01448,35,summit,83.43,camping,2,0,no,2.9,card,1187,no,6404.17,no
RID-01449,40,plus,38.63,camping,2,0,yes,5.0,paypal,166,no,1900.94,no
RID-01450,60,core,31.22,hiking,1,0,yes,3.6,card,297,no,1084.55,no
RID-01451,6,plus,42.92,camping,2,0,yes,5.0,card,170,no,166.3,yes
RID-01452,16,summit,56.96,fishing,0,0,yes,4.3,paypal,110,no,959.57,no
RID-01453,25,core,22.02,hiking,3,1,no,4.6,card,132,no,899.6,no
RID-01454,4,plus,48.44,hiking,0,0,no,3.9,card,250,yes,278.5,yes
RID-01455,49,plus,52.52,hiking,1,0,yes,4.5,card,51,no,4686.26,yes
RID-01456,23,summit,73.44,climbing,1,1,yes,4.5,card,541,no,2063.8,no
RID-01457,10,plus,40.18,fishing,0,0,yes,3.9,paypal,211,no,215.73,yes
RID-01458,31,core,21.64,hiking,0,3,no,4.6,card,314,no,934.61,yes
RID-01459,11,plus,41.93,hiking,1,0,yes,1.5,card,306,no,604.61,no
RID-01460,23,summit,82.2,fishing,2,0,yes,3.5,paypal,215,no,1588.03,no
RID-01461,39,summit,55.24,fishing,3,2,yes,4.0,card,162,no,2636.07,no
RID-01462,19,core,22.4,climbing,0,0,no,4.4,card,146,no,497.41,no
RID-01463,50,core,23.99,climbing,1,0,no,4.7,card,519,no,1485.79,yes
RID-01464,15,plus,46.75,hiking,0,0,no,3.8,card,75,no,607.24,no
RID-01465,7,plus,35.0,hiking,3,1,no,3.7,bnpl,423,yes,365.91,no
RID-01466,26,core,23.43,hiking,0,0,no,4.7,bnpl,441,no,1229.37,yes
RID-01467,11,core,21.87,hiking,0,0,no,4.9,card,143,no,336.73,yes
RID-01468,42,core,24.84,fishing,2,0,yes,4.6,card,183,no,1365.21,yes
RID-01469,31,core,29.67,hiking,0,0,yes,3.9,paypal,326,no,809.04,no
RID-01470,9,core,24.54,hiking,1,0,yes,5.0,paypal,308,no,446.13,yes
RID-01471,20,summit,75.57,climbing,0,0,no,4.1,card,517,no,1859.52,no
RID-01472,52,plus,51.78,camping,4,0,yes,4.2,paypal,450,no,2530.07,no
RID-01473,49,core,24.7,hiking,1,0,yes,5.0,card,131,no,2215.37,yes
RID-01474,39,plus,39.99,climbing,0,0,no,5.0,paypal,605,no,1628.19,no
RID-01475,55,plus,42.8,camping,3,1,yes,4.5,card,177,no,2580.26,no
RID-01476,6,plus,46.29,camping,0,1,no,3.3,card,72,no,117.2,yes
RID-01477,44,summit,61.53,camping,0,1,no,4.1,card,54,no,2042.46,no
RID-01478,1,core,26.02,camping,2,0,no,4.4,card,413,no,163.14,yes
RID-01479,36,summit,58.39,hiking,2,1,no,5.0,card,1001,no,2405.22,yes
RID-01480,3,core,26.93,climbing,0,0,yes,5.0,bnpl,123,no,120.91,yes
RID-01481,20,plus,45.25,hiking,0,0,yes,3.6,card,46,no,810.97,no
RID-01482,5,summit,65.4,climbing,2,2,yes,4.6,card,385,yes,453.54,no
RID-01483,15,plus,40.17,camping,0,0,yes,3.4,card,99,no,454.16,yes
RID-01484,39,core,29.11,fishing,0,0,no,3.9,card,478,no,1039.75,no
RID-01485,47,core,25.71,hiking,0,0,yes,3.3,paypal,216,no,1071.25,no
RID-01486,57,core,24.98,climbing,2,0,no,5.0,bnpl,132,no,1243.67,no
RID-01487,60,core,22.02,camping,1,0,no,4.2,card,224,no,1747.26,yes
RID-01488,8,core,27.21,climbing,2,2,no,4.2,card,700,no,540.09,no
RID-01489,56,core,22.46,hiking,0,0,no,4.0,card,42,no,2299.15,no
RID-01490,17,plus,53.6,fishing,2,1,yes,4.3,card,493,no,1435.83,no
RID-01491,53,core,22.36,hiking,0,0,yes,4.3,paypal,526,no,1043.96,no
RID-01492,52,plus,32.11,fishing,2,0,yes,3.5,card,178,no,1336.46,yes
RID-01493,56,plus,39.38,hiking,0,1,no,2.7,bnpl,401,no,3550.83,yes
RID-01494,30,core,25.57,camping,0,0,no,3.0,paypal,325,no,1151.27,yes
RID-01495,45,plus,41.81,climbing,1,1,no,2.8,card,523,no,3216.66,no
RID-01496,26,plus,40.24,camping,0,1,yes,4.1,card,225,no,1070.07,no
RID-01497,4,plus,51.09,climbing,0,0,no,3.4,card,68,no,166.87,yes
RID-01498,28,plus,36.7,hiking,1,0,no,4.7,paypal,630,yes,1494.94,no
RID-01499,12,plus,52.78,climbing,2,1,yes,4.2,card,139,no,370.19,no
RID-01500,6,plus,43.6,hiking,0,0,yes,2.6,paypal,175,no,294.0,no
RID-01501,8,plus,38.19,hiking,0,0,no,3.7,card,207,no,856.4,no
RID-01502,13,summit,73.34,climbing,0,3,yes,2.4,card,575,no,1085.42,no
RID-01503,48,summit,68.64,climbing,4,0,no,3.1,card,898,no,3631.14,no
RID-01504,58,core,29.61,climbing,2,0,yes,3.6,card,191,no,1628.86,yes
RID-01505,51,core,27.17,climbing,2,0,yes,3.3,card,198,no,2852.52,yes
RID-01506,39,summit,84.95,hiking,1,1,yes,5.0,bnpl,316,no,2036.97,no
RID-01507,53,plus,34.49,climbing,0,0,yes,4.6,card,106,no,2537.55,yes
RID-01508,17,plus,43.91,camping,2,1,no,3.8,card,387,no,767.77,no
RID-01509,55,core,24.88,camping,1,0,yes,5.0,paypal,390,no,1209.34,yes
RID-01510,57,core,22.05,climbing,1,0,yes,3.3,paypal,322,yes,757.14,yes
RID-01511,9,plus,41.48,hiking,0,0,no,3.8,card,75,no,843.78,no
RID-01512,24,summit,75.73,fishing,1,0,yes,4.6,paypal,875,no,2929.54,no
RID-01513,17,core,29.56,fishing,3,0,yes,3.2,card,412,no,482.56,no
RID-01514,8,summit,70.59,fishing,1,2,no,4.5,card,794,no,633.32,no
RID-01515,10,plus,46.17,hiking,3,1,no,4.2,bnpl,86,no,398.73,no
RID-01516,58,summit,63.2,climbing,0,0,no,4.4,paypal,121,no,4652.55,no
RID-01517,11,summit,77.01,hiking,1,0,yes,5.0,paypal,147,no,915.0,no
RID-01518,40,core,24.82,camping,1,0,yes,4.3,paypal,905,no,932.43,yes
RID-01519,53,core,24.12,climbing,1,0,no,4.1,paypal,305,no,1418.71,yes
RID-01520,45,core,26.66,climbing,1,1,no,2.9,card,257,no,2138.3,yes
RID-01521,27,core,23.65,camping,0,0,no,4.2,card,22,no,869.67,no
RID-01522,1,core,22.73,fishing,4,0,yes,3.6,paypal,196,no,114.33,no
RID-01523,25,plus,42.74,fishing,3,1,no,3.9,card,227,no,750.58,no
RID-01524,17,summit,93.52,hiking,1,0,no,3.6,bnpl,332,no,1666.46,no
RID-01525,52,core,23.02,camping,0,0,no,4.4,card,914,no,1565.71,no
RID-01526,57,plus,49.77,fishing,1,1,yes,3.3,card,688,no,5346.68,yes
RID-01527,14,plus,44.28,camping,1,1,yes,4.2,card,216,no,646.41,no
RID-01528,9,plus,42.87,camping,3,2,yes,3.2,paypal,117,no,511.82,no
RID-01529,50,summit,68.66,hiking,1,0,no,2.7,paypal,213,no,1430.04,no
RID-01530,53,core,23.01,climbing,0,0,no,3.7,card,284,no,1206.82,no
RID-01531,59,core,21.61,climbing,1,0,yes,4.3,card,401,yes,1900.84,yes
RID-01532,46,summit,69.72,climbing,0,0,yes,3.4,card,8,no,7516.23,no
RID-01533,28,core,21.27,fishing,1,0,yes,4.1,card,216,no,526.65,no
RID-01534,23,summit,65.44,climbing,2,0,yes,3.7,card,229,no,1459.75,yes
RID-01535,3,core,27.91,climbing,0,1,no,3.2,card,211,no,88.24,no
RID-01536,54,plus,49.86,camping,2,0,yes,4.4,paypal,910,no,2874.98,no
RID-01537,60,plus,46.13,hiking,1,1,no,3.5,card,239,no,4493.42,no
RID-01538,56,plus,48.86,hiking,0,0,yes,4.3,card,266,no,4193.49,yes
RID-01539,34,core,27.0,camping,1,0,no,2.9,card,839,no,1285.63,no
RID-01540,52,summit,85.65,hiking,2,0,yes,4.1,paypal,681,no,4318.52,no
RID-01541,0,summit,83.33,camping,1,1,yes,4.5,card,616,no,223.22,no
RID-01542,24,summit,70.97,camping,1,0,yes,4.3,card,322,no,1670.93,no
RID-01543,6,summit,69.6,hiking,3,1,yes,4.7,card,186,no,459.93,no
RID-01544,35,summit,66.5,camping,1,2,yes,4.5,card,114,no,1818.94,no
RID-01545,0,plus,50.73,camping,1,1,no,4.2,paypal,526,no,273.04,yes
RID-01546,18,plus,43.52,climbing,2,1,yes,4.6,paypal,790,no,1363.4,yes
RID-01547,25,summit,72.39,climbing,0,0,no,3.7,paypal,402,no,2508.86,yes
RID-01548,7,summit,84.17,climbing,3,0,yes,4.4,card,97,no,734.49,yes
RID-01549,5,plus,45.18,camping,3,0,yes,4.0,card,304,no,344.73,no
RID-01550,55,core,22.52,climbing,1,0,yes,5.0,card,603,no,1156.81,yes
RID-01551,16,core,27.66,climbing,1,0,no,4.2,paypal,125,no,385.2,no
RID-01552,59,summit,75.36,camping,3,0,yes,3.0,paypal,130,no,7578.45,no
RID-01553,22,summit,86.58,camping,0,0,yes,4.2,bnpl,381,no,1635.15,no
RID-01554,3,core,25.92,hiking,1,0,yes,3.3,bnpl,406,no,198.38,yes
RID-01555,6,summit,68.51,hiking,0,1,yes,4.5,paypal,368,no,818.03,no
RID-01556,41,core,24.02,camping,1,1,yes,4.6,card,654,no,906.42,no
RID-01557,0,core,21.31,camping,1,0,yes,3.5,bnpl,262,no,105.24,yes
RID-01558,57,summit,55.0,hiking,1,0,no,3.2,card,174,no,2061.72,no
RID-01559,15,summit,98.44,hiking,2,1,yes,4.1,card,498,no,5370.2,no
RID-01560,37,plus,49.21,hiking,1,1,yes,3.3,paypal,1040,no,3307.43,no
RID-01561,27,summit,76.92,fishing,0,0,yes,3.4,card,184,no,2724.31,no
RID-01562,2,summit,82.0,camping,2,0,yes,3.6,card,451,no,329.21,no
RID-01563,42,summit,67.9,climbing,2,2,yes,4.5,card,712,yes,3883.71,no
RID-01564,0,summit,62.73,hiking,2,1,no,2.9,paypal,341,no,172.87,yes
RID-01565,48,core,26.01,climbing,2,2,yes,3.4,card,101,no,1515.79,yes
RID-01566,30,core,30.59,climbing,2,0,no,5.0,card,348,no,749.68,yes
RID-01567,18,core,25.03,hiking,1,1,no,5.0,card,390,no,720.28,yes
RID-01568,57,core,27.99,climbing,1,0,no,4.9,card,221,no,1590.95,yes
RID-01569,12,core,24.35,climbing,0,1,yes,4.0,card,216,no,415.83,yes
RID-01570,17,core,27.76,climbing,3,1,no,4.6,paypal,78,no,349.52,yes
RID-01571,39,core,24.54,camping,3,1,yes,3.7,card,150,no,726.06,yes
RID-01572,21,plus,32.74,hiking,0,0,no,2.0,card,167,no,689.52,no
RID-01573,29,core,17.77,fishing,0,1,yes,3.6,paypal,130,no,504.21,no
RID-01574,48,core,22.82,hiking,2,1,yes,3.6,card,251,no,1289.5,yes
RID-01575,55,core,25.39,camping,1,0,yes,4.0,paypal,550,no,1254.36,no
RID-01576,48,core,28.24,fishing,0,1,yes,4.4,card,162,no,2916.3,no
RID-01577,4,plus,44.48,fishing,2,2,yes,5.0,card,750,no,552.36,no
RID-01578,57,summit,76.38,hiking,1,4,no,4.0,paypal,375,no,6252.56,no
RID-01579,25,plus,43.87,hiking,4,1,no,3.2,bnpl,1273,no,1599.14,yes
RID-01580,51,plus,46.86,camping,0,0,no,3.9,paypal,454,yes,1135.12,yes
RID-01581,17,summit,57.06,hiking,2,1,no,4.5,bnpl,63,no,1482.58,yes
RID-01582,36,plus,40.98,fishing,4,0,yes,3.9,card,662,no,1600.1,no
RID-01583,58,core,24.53,camping,1,0,yes,3.4,card,38,no,1765.46,yes
RID-01584,57,core,25.08,camping,1,0,no,4.4,paypal,51,no,1482.16,no
RID-01585,39,plus,50.47,fishing,2,1,no,3.1,paypal,550,yes,910.62,no
RID-01586,37,plus,41.3,hiking,1,0,no,3.3,card,957,no,1616.41,no
RID-01587,1,summit,72.59,fishing,1,0,yes,4.3,card,959,no,406.56,yes
RID-01588,36,core,23.23,hiking,3,1,yes,3.4,card,349,no,1037.24,no
RID-01589,25,summit,84.19,camping,2,0,no,3.7,paypal,213,no,2753.87,yes
RID-01590,0,plus,42.69,fishing,0,0,yes,4.0,paypal,258,no,112.17,no
RID-01591,57,summit,79.03,camping,1,1,yes,4.0,card,262,no,5613.26,yes
RID-01592,27,plus,41.67,climbing,0,1,yes,3.3,card,298,no,953.33,no
RID-01593,46,core,29.67,camping,3,0,yes,4.2,bnpl,144,no,1065.48,yes
RID-01594,2,core,29.49,climbing,0,2,no,3.3,card,287,no,158.62,yes
RID-01595,14,core,22.96,camping,1,1,yes,5.0,paypal,185,no,477.85,yes
RID-01596,54,core,20.44,climbing,0,0,no,3.7,paypal,130,no,612.04,yes
RID-01597,57,summit,77.28,fishing,4,0,no,4.5,bnpl,768,no,4225.41,yes
RID-01598,0,core,19.57,camping,2,0,yes,4.5,card,404,no,99.09,yes
RID-01599,54,core,26.8,hiking,0,0,no,3.7,paypal,400,no,852.25,yes
RID-01600,18,core,25.4,climbing,0,0,yes,3.3,paypal,303,no,777.26,no
RID-01601,13,plus,51.14,fishing,2,1,yes,4.5,card,144,no,819.75,yes
RID-01602,60,core,22.64,hiking,3,0,yes,2.9,card,282,no,1371.13,yes
RID-01603,32,core,25.81,fishing,3,0,no,3.0,card,935,no,1145.24,yes
RID-01604,48,summit,90.68,fishing,0,1,yes,4.5,card,405,no,5980.44,no
RID-01605,8,core,21.3,climbing,2,0,yes,3.8,card,250,no,583.59,yes
RID-01606,46,summit,78.37,hiking,0,1,no,3.5,card,365,no,5121.03,no
RID-01607,22,core,27.37,hiking,0,0,no,3.6,paypal,211,no,492.61,yes
RID-01608,43,plus,34.56,climbing,1,1,no,3.4,paypal,202,no,5377.37,no
RID-01609,39,plus,53.92,climbing,0,0,yes,5.0,paypal,571,no,1447.45,no
RID-01610,3,core,23.84,camping,1,1,no,4.8,paypal,304,no,288.34,no
RID-01611,53,plus,52.36,hiking,2,2,no,3.4,card,418,no,2699.33,no
RID-01612,17,core,21.75,fishing,1,0,yes,3.8,card,292,no,452.46,no
RID-01613,22,core,23.89,hiking,0,2,yes,4.4,card,483,no,898.5,yes
RID-01614,48,summit,57.85,hiking,1,2,yes,3.3,card,200,no,3315.87,no
RID-01615,53,summit,73.65,hiking,3,1,no,3.6,paypal,228,no,7358.22,no
RID-01616,54,core,23.79,camping,0,0,yes,3.8,bnpl,878,no,1218.04,yes
RID-01617,27,plus,42.17,camping,2,1,yes,3.3,card,51,no,1423.04,no
RID-01618,21,core,26.09,hiking,1,0,yes,4.8,card,473,no,1006.5,yes
RID-01619,49,core,28.49,climbing,1,2,no,3.5,card,326,no,4198.49,no
RID-01620,15,core,28.33,climbing,1,2,yes,3.9,paypal,237,no,758.1,yes
RID-01621,39,plus,50.12,camping,1,0,no,4.1,card,148,no,1236.59,no
RID-01622,14,plus,45.64,camping,1,2,yes,5.0,card,639,no,1541.2,no
RID-01623,12,plus,53.25,climbing,0,0,no,3.9,card,951,no,808.45,yes
RID-01624,33,summit,92.32,camping,0,0,yes,5.0,card,225,no,2170.53,no
RID-01625,52,plus,49.74,fishing,2,0,yes,3.7,paypal,442,no,4795.8,yes
RID-01626,17,core,25.47,climbing,1,0,no,3.8,paypal,430,no,654.6,yes
RID-01627,44,core,24.43,fishing,0,1,yes,4.7,paypal,453,no,1151.19,yes
RID-01628,1,plus,55.96,climbing,2,0,yes,5.0,bnpl,95,no,145.64,no
RID-01629,42,core,23.28,fishing,3,0,yes,3.8,card,596,no,1001.91,no
RID-01630,23,core,19.69,climbing,0,1,no,4.9,paypal,67,no,454.66,yes
RID-01631,4,core,24.93,camping,1,1,yes,4.6,card,426,no,313.17,no
RID-01632,33,core,22.44,climbing,2,0,yes,3.4,card,687,yes,554.27,yes
RID-01633,14,plus,37.18,camping,1,0,yes,4.0,paypal,190,no,636.66,no
RID-01634,38,plus,45.95,hiking,0,0,no,4.0,bnpl,321,no,1981.2,no
RID-01635,2,plus,36.37,hiking,0,1,no,3.2,card,490,no,238.87,no
RID-01636,20,summit,72.21,climbing,0,0,no,4.1,paypal,234,no,1460.44,no
RID-01637,14,summit,91.77,climbing,0,2,no,4.1,paypal,136,no,1568.9,yes
RID-01638,19,core,28.65,fishing,2,1,yes,4.3,card,450,no,693.93,yes
RID-01639,0,plus,42.4,camping,0,0,yes,4.1,paypal,113,yes,61.97,no
RID-01640,17,core,24.39,fishing,1,0,yes,3.5,card,41,no,530.36,yes
RID-01641,5,summit,84.2,climbing,0,0,no,5.0,card,309,no,449.52,no
RID-01642,38,plus,56.24,hiking,2,0,yes,4.2,card,235,no,2975.24,no
RID-01643,28,core,27.23,camping,1,0,yes,5.0,bnpl,455,no,956.46,no
RID-01644,17,plus,47.33,hiking,1,0,yes,4.3,paypal,327,no,3215.57,yes
RID-01645,37,plus,49.91,camping,2,0,no,5.0,card,1054,no,3411.74,no
RID-01646,55,summit,71.31,hiking,1,1,yes,3.4,card,655,no,3357.54,yes
RID-01647,33,core,23.54,camping,1,0,yes,3.9,card,354,no,584.74,yes
RID-01648,17,core,22.96,hiking,1,0,no,3.7,card,602,no,548.05,no
RID-01649,24,summit,65.27,climbing,0,0,no,3.6,card,724,no,880.35,yes
RID-01650,48,plus,47.56,hiking,1,0,yes,4.2,paypal,723,no,3327.65,no
RID-01651,6,core,26.8,fishing,1,1,no,3.8,card,123,no,291.7,yes
RID-01652,19,plus,47.24,camping,1,0,yes,2.9,paypal,148,no,741.17,no
RID-01653,28,plus,42.38,hiking,3,1,yes,3.8,paypal,812,no,1873.53,no
RID-01654,38,core,25.82,fishing,1,1,no,3.7,card,316,yes,971.94,no
RID-01655,35,core,25.96,hiking,1,0,no,4.7,bnpl,332,no,1191.03,no
RID-01656,42,core,24.71,hiking,1,0,no,2.9,bnpl,413,no,934.38,yes
RID-01657,57,core,27.36,fishing,3,1,yes,3.6,card,264,no,1731.78,yes
RID-01658,10,core,26.92,hiking,1,0,yes,3.4,card,865,no,752.43,yes
RID-01659,29,core,18.46,fishing,2,0,yes,4.6,paypal,376,no,936.76,yes
RID-01660,23,plus,41.45,fishing,2,1,yes,3.6,paypal,561,no,1972.02,no
RID-01661,5,plus,42.24,camping,1,0,yes,4.8,bnpl,219,no,323.02,no
RID-01662,7,plus,32.0,climbing,1,1,yes,4.0,card,246,no,144.35,no
RID-01663,38,core,24.22,climbing,0,0,yes,4.4,paypal,144,no,738.1,yes
RID-01664,31,plus,44.58,fishing,1,0,yes,4.8,card,513,no,914.9,no
RID-01665,17,core,28.03,hiking,2,0,yes,3.1,card,278,no,850.42,yes
RID-01666,55,summit,78.05,climbing,2,0,yes,3.8,card,513,no,4439.41,yes
RID-01667,18,core,21.93,hiking,2,0,yes,4.3,paypal,479,no,787.45,yes
RID-01668,36,summit,86.42,hiking,1,1,yes,4.1,card,132,no,4945.47,no
RID-01669,60,plus,46.19,climbing,0,0,yes,3.0,card,254,no,2781.99,no
RID-01670,42,summit,60.78,fishing,1,0,yes,4.5,paypal,119,no,5779.03,yes
RID-01671,44,summit,76.07,camping,2,0,yes,4.0,card,134,no,5167.27,no
RID-01672,17,summit,56.62,camping,0,1,yes,4.1,card,109,no,987.15,no
RID-01673,55,plus,41.89,fishing,2,2,no,3.8,card,155,yes,2960.13,no
RID-01674,28,core,19.91,hiking,0,2,yes,1.6,paypal,180,no,1113.19,yes
RID-01675,18,plus,44.34,camping,1,1,no,4.4,card,1210,no,1461.96,no
RID-01676,45,core,24.57,hiking,1,0,no,4.4,bnpl,233,no,922.28,yes
RID-01677,32,core,26.55,fishing,0,0,yes,3.7,paypal,535,no,673.3,yes
RID-01678,8,summit,71.93,fishing,1,0,yes,2.9,bnpl,435,yes,638.31,no
RID-01679,1,plus,47.62,hiking,4,1,yes,3.6,card,374,no,186.5,yes
RID-01680,7,core,23.61,climbing,0,0,yes,4.7,paypal,582,no,389.31,no
RID-01681,9,summit,60.1,hiking,0,1,yes,3.7,paypal,355,no,470.63,no
RID-01682,13,core,28.87,hiking,4,0,yes,4.0,bnpl,144,no,319.5,no
RID-01683,21,summit,80.05,climbing,4,2,yes,3.7,paypal,405,no,3067.8,no
RID-01684,14,plus,49.41,camping,1,2,yes,4.2,bnpl,478,yes,1628.31,no
RID-01685,55,core,30.52,hiking,1,3,yes,3.0,card,116,no,1278.79,no
RID-01686,58,core,19.21,camping,2,1,no,3.8,card,351,no,1048.08,yes
RID-01687,59,summit,68.79,camping,0,1,yes,4.8,card,563,no,4000.2,yes
RID-01688,9,core,23.84,hiking,1,2,yes,3.3,card,296,no,381.64,no
RID-01689,32,summit,85.41,fishing,2,0,no,3.8,bnpl,973,no,3584.49,yes
RID-01690,6,plus,39.0,hiking,1,0,no,4.8,card,187,no,230.16,no
RID-01691,43,core,18.14,climbing,2,0,yes,4.6,card,239,no,1060.8,yes
RID-01692,8,plus,41.02,camping,0,2,yes,4.3,card,418,no,333.39,yes
RID-01693,17,plus,48.75,fishing,1,1,yes,4.3,paypal,198,yes,786.3,no
RID-01694,12,core,26.97,climbing,2,0,no,4.3,card,194,no,410.67,yes
RID-01695,29,plus,47.94,fishing,1,0,no,3.8,paypal,685,no,2543.23,yes
RID-01696,22,core,22.95,hiking,1,0,yes,4.8,bnpl,241,no,758.55,yes
RID-01697,32,core,23.56,hiking,2,2,no,3.6,card,566,yes,1138.04,yes
RID-01698,12,summit,70.13,camping,4,0,yes,3.3,card,129,no,1212.43,no
RID-01699,31,plus,51.71,camping,3,1,yes,3.0,card,237,yes,2832.24,yes
RID-01700,5,plus,51.5,hiking,0,1,yes,3.5,card,229,yes,411.99,no
RID-01701,2,plus,57.06,climbing,1,1,no,3.5,card,242,no,398.76,no
RID-01702,8,plus,43.53,camping,2,0,no,3.5,card,130,no,345.87,no
RID-01703,16,core,28.43,climbing,2,1,yes,3.1,card,217,no,274.84,yes
RID-01704,48,summit,69.31,climbing,0,2,no,4.3,card,293,no,2363.34,no
RID-01705,20,plus,52.88,hiking,3,0,no,3.3,paypal,57,no,2855.44,no
RID-01706,31,summit,60.45,climbing,0,1,yes,4.4,paypal,191,no,1779.39,no
RID-01707,41,summit,78.51,hiking,2,0,no,4.5,paypal,415,yes,6712.56,no
RID-01708,45,plus,40.39,fishing,1,0,no,5.0,paypal,166,no,2422.92,no
RID-01709,35,plus,56.96,climbing,1,0,yes,3.7,paypal,342,no,2135.27,yes
RID-01710,10,core,21.0,fishing,0,1,yes,3.9,paypal,156,no,209.34,no
RID-01711,40,core,20.25,hiking,0,2,no,3.4,card,275,no,661.74,no
RID-01712,18,plus,47.26,climbing,2,0,no,3.1,card,40,no,818.87,yes
RID-01713,36,core,18.16,fishing,3,0,yes,3.7,card,407,no,888.65,yes
RID-01714,59,core,28.8,camping,1,1,yes,3.4,card,195,no,2201.83,yes
RID-01715,4,plus,47.7,hiking,1,0,no,3.1,bnpl,523,no,244.36,yes
RID-01716,5,core,28.1,fishing,1,1,yes,4.2,card,253,no,190.64,no
RID-01717,15,core,24.11,hiking,0,1,no,3.2,paypal,209,no,577.03,yes
RID-01718,26,plus,49.94,hiking,2,0,yes,4.4,bnpl,173,no,3009.18,yes
RID-01719,29,core,21.16,climbing,2,0,yes,4.6,card,193,no,739.35,yes
RID-01720,18,core,27.49,fishing,1,2,no,3.4,card,187,no,612.75,yes
RID-01721,54,core,33.25,camping,1,1,yes,5.0,card,154,no,1663.5,no
RID-01722,0,plus,38.21,hiking,1,1,yes,4.3,paypal,165,no,121.71,no
RID-01723,33,summit,79.42,hiking,0,1,yes,3.9,paypal,931,no,2845.6,yes
RID-01724,33,core,24.28,camping,1,0,no,2.7,bnpl,259,no,943.38,yes
RID-01725,46,plus,39.62,camping,0,0,yes,2.7,card,58,no,2269.38,no
RID-01726,33,core,21.38,climbing,4,0,no,5.0,paypal,58,no,978.11,yes
RID-01727,8,plus,45.57,fishing,1,0,no,5.0,card,947,no,621.36,no
RID-01728,19,core,28.72,fishing,2,2,yes,5.0,card,251,no,539.11,yes
RID-01729,10,summit,83.45,fishing,2,1,yes,5.0,bnpl,108,no,713.53,no
RID-01730,28,plus,46.72,fishing,1,1,yes,5.0,paypal,564,no,1857.57,no
RID-01731,55,plus,55.4,camping,0,1,yes,4.2,paypal,169,no,2229.3,no
RID-01732,23,core,21.59,hiking,1,0,yes,4.4,card,285,no,428.17,yes
RID-01733,22,summit,80.89,camping,1,1,yes,3.5,card,320,no,2191.44,yes
RID-01734,28,core,23.89,climbing,2,2,yes,4.2,card,116,no,632.87,yes
RID-01735,10,plus,40.24,fishing,1,0,no,4.6,card,172,no,573.67,yes
RID-01736,51,plus,52.69,camping,1,1,no,4.6,paypal,452,no,4112.98,no
RID-01737,40,plus,43.66,hiking,1,2,no,3.9,card,690,no,2015.25,no
RID-01738,43,summit,78.6,hiking,2,0,yes,2.5,card,485,no,2794.13,no
RID-01739,21,plus,43.59,camping,1,0,yes,2.9,card,358,no,1130.87,no
RID-01740,17,plus,44.17,fishing,0,1,no,4.4,card,207,yes,595.53,no
RID-01741,28,core,17.07,hiking,1,1,no,3.6,card,391,no,940.14,no
RID-01742,14,core,24.08,hiking,2,0,yes,4.5,card,442,no,508.29,no
RID-01743,1,plus,43.46,fishing,1,1,yes,3.1,card,678,no,363.02,yes
RID-01744,44,plus,47.42,camping,1,1,no,5.0,card,276,no,2347.67,no
RID-01745,52,plus,43.02,hiking,2,0,yes,3.3,card,1157,no,2157.28,yes
RID-01746,13,plus,37.94,climbing,1,2,yes,5.0,card,536,no,1007.19,no
RID-01747,38,plus,43.65,hiking,0,0,yes,2.8,card,255,no,1650.2,no
RID-01748,55,core,21.16,hiking,2,0,yes,4.5,card,605,no,1806.45,yes
RID-01749,45,core,28.77,hiking,0,1,yes,3.3,bnpl,214,no,1043.17,no
RID-01750,50,summit,80.35,camping,0,0,yes,4.0,card,170,no,3697.56,no
RID-01751,54,core,22.06,camping,1,0,yes,4.8,bnpl,60,no,1539.45,yes
RID-01752,15,core,27.33,fishing,0,2,no,4.7,bnpl,919,no,685.08,yes
RID-01753,4,plus,47.27,camping,0,1,no,3.4,bnpl,209,no,277.57,no
RID-01754,48,core,24.68,fishing,1,0,yes,3.5,paypal,438,no,1906.81,yes
RID-01755,48,plus,37.98,camping,1,0,yes,2.8,paypal,541,no,2265.15,yes
RID-01756,11,plus,47.9,fishing,1,2,yes,2.7,card,215,no,438.97,no
RID-01757,55,plus,50.89,fishing,2,0,no,3.4,card,231,no,2418.76,no
RID-01758,1,summit,81.26,camping,1,2,yes,3.4,paypal,58,no,159.97,no
RID-01759,22,summit,83.16,climbing,1,0,no,2.9,card,122,no,1440.54,no
RID-01760,58,plus,52.39,climbing,0,1,no,3.8,paypal,78,no,2576.06,no
RID-01761,21,summit,61.24,hiking,3,0,no,4.0,card,1072,no,1583.72,no
RID-01762,46,core,25.37,fishing,2,0,yes,4.0,card,244,no,661.66,no
RID-01763,2,core,26.56,camping,4,0,yes,3.4,paypal,165,no,66.87,yes
RID-01764,29,plus,46.68,fishing,1,1,yes,3.6,paypal,201,no,2203.29,no
RID-01765,47,plus,35.97,hiking,0,2,no,3.8,card,283,no,3726.01,no
RID-01766,51,core,24.83,hiking,1,1,yes,4.6,card,145,no,853.99,no
RID-01767,26,core,23.05,hiking,0,0,no,3.5,paypal,429,no,1154.14,yes
RID-01768,4,core,22.55,hiking,1,0,no,2.7,paypal,541,no,437.92,yes
RID-01769,32,core,26.52,hiking,0,1,no,3.8,card,248,no,910.42,yes
RID-01770,45,core,19.28,camping,0,2,yes,3.7,paypal,177,no,1126.13,no
RID-01771,27,summit,70.83,fishing,4,0,yes,2.8,card,212,yes,3085.89,no
RID-01772,58,summit,60.38,hiking,1,1,yes,3.7,card,126,no,2910.51,no
RID-01773,19,plus,48.23,hiking,4,1,yes,3.3,card,234,no,1427.91,no
RID-01774,49,plus,49.83,fishing,4,1,yes,3.9,card,459,no,2408.99,no
RID-01775,46,core,30.02,fishing,1,0,yes,4.3,card,791,no,2345.8,no
RID-01776,26,plus,41.51,climbing,2,2,yes,3.6,card,357,no,2256.5,no
RID-01777,5,plus,44.63,camping,1,3,yes,4.4,paypal,452,no,488.12,no
RID-01778,21,plus,47.41,fishing,2,0,yes,3.8,card,252,no,902.41,yes
RID-01779,46,core,25.39,camping,0,2,no,3.8,paypal,580,no,1717.06,no
RID-01780,54,summit,77.98,hiking,0,1,yes,3.8,card,151,no,3500.69,no
RID-01781,27,summit,89.66,fishing,0,0,no,3.9,bnpl,95,no,1428.35,no
RID-01782,17,core,23.98,camping,2,0,yes,3.0,paypal,242,yes,389.21,yes
RID-01783,46,summit,83.06,camping,0,1,yes,2.6,paypal,387,no,5657.39,no
RID-01784,57,core,25.79,hiking,0,0,no,4.8,card,90,no,1448.99,yes
RID-01785,8,summit,69.53,hiking,2,1,no,4.2,card,884,no,1329.86,yes
RID-01786,19,plus,53.93,hiking,0,1,yes,3.6,card,129,no,1159.61,no
RID-01787,48,core,23.21,climbing,1,1,yes,4.8,paypal,196,no,792.87,no
RID-01788,7,plus,43.71,fishing,0,0,no,5.0,paypal,388,no,549.62,yes
RID-01789,59,plus,49.45,fishing,0,1,no,2.9,paypal,349,no,2350.1,no
RID-01790,14,summit,79.54,camping,0,1,no,4.0,paypal,593,no,2259.68,no
RID-01791,29,summit,78.13,climbing,2,0,yes,4.5,card,468,no,3032.35,no
RID-01792,31,core,24.46,fishing,1,1,yes,2.8,card,132,no,793.34,yes
RID-01793,22,summit,77.09,camping,2,0,yes,2.9,card,202,no,2492.99,no
RID-01794,7,plus,46.57,hiking,2,1,yes,4.7,card,413,no,368.6,no
RID-01795,1,core,21.59,camping,2,0,yes,4.0,paypal,250,no,293.95,no
RID-01796,23,core,26.12,camping,0,1,yes,3.5,card,130,no,450.2,yes
RID-01797,16,summit,63.26,camping,3,0,no,2.8,paypal,40,no,447.97,no
RID-01798,55,plus,45.99,climbing,1,0,yes,4.2,card,687,no,1827.81,no
RID-01799,40,plus,51.64,climbing,0,0,yes,2.9,card,194,no,2738.54,no
RID-01800,5,plus,40.83,camping,0,0,yes,3.2,card,409,no,443.36,no
RID-01801,46,summit,86.83,hiking,1,0,no,3.3,card,138,no,2795.19,no
RID-01802,37,core,24.75,camping,0,2,no,3.7,card,359,no,544.24,no
RID-01803,7,core,25.55,camping,0,1,yes,3.2,card,50,no,262.4,no
RID-01804,24,core,29.44,fishing,2,0,no,3.3,bnpl,136,no,880.62,no
RID-01805,44,core,22.58,hiking,1,0,no,4.7,card,219,no,1530.46,no
RID-01806,39,core,24.6,climbing,1,1,no,4.1,paypal,152,no,1078.59,yes
RID-01807,34,plus,46.14,camping,3,2,yes,4.0,paypal,171,no,1049.62,yes
RID-01808,29,core,20.04,camping,2,1,no,4.3,card,481,no,973.83,no
RID-01809,42,summit,64.39,fishing,3,1,yes,3.2,paypal,193,no,3359.9,no
RID-01810,53,summit,71.69,camping,0,0,yes,4.3,paypal,115,no,5307.19,no
RID-01811,10,core,26.64,hiking,5,0,yes,4.3,paypal,196,no,340.31,yes
RID-01812,24,core,24.94,climbing,1,0,yes,3.2,card,39,no,856.6,yes
RID-01813,51,core,25.04,hiking,0,1,no,4.4,card,226,no,2027.21,yes
RID-01814,31,plus,45.13,fishing,1,0,yes,4.2,card,212,no,777.86,no
RID-01815,10,plus,37.46,fishing,0,1,yes,4.2,card,225,no,466.45,no
RID-01816,7,plus,51.15,camping,1,0,yes,5.0,card,81,no,187.0,no
RID-01817,44,plus,49.14,camping,1,0,no,4.1,card,322,no,1608.77,no
RID-01818,29,plus,45.16,climbing,1,0,yes,3.3,paypal,240,no,1376.83,no
RID-01819,48,plus,43.68,camping,1,2,no,4.1,paypal,673,no,1323.56,no
RID-01820,6,summit,83.62,hiking,1,0,no,4.0,card,508,no,1105.52,yes
RID-01821,37,summit,71.63,hiking,2,3,no,3.2,card,140,no,4523.59,no
RID-01822,35,plus,44.99,fishing,0,1,yes,2.5,card,135,no,1723.59,yes
RID-01823,28,core,24.52,fishing,2,0,yes,4.0,bnpl,520,no,736.81,no
RID-01824,26,plus,48.53,camping,2,2,yes,4.7,card,119,no,1289.7,no
RID-01825,16,summit,75.7,camping,2,0,yes,4.7,card,127,no,2506.54,no
RID-01826,47,plus,45.25,fishing,4,0,yes,4.2,card,341,no,2841.63,no
RID-01827,20,plus,41.65,camping,1,1,no,5.0,card,170,no,458.86,yes
RID-01828,25,core,23.26,camping,0,0,no,4.1,paypal,343,no,339.93,no
RID-01829,52,plus,42.4,camping,0,0,yes,3.9,card,54,no,1562.07,yes
RID-01830,38,summit,76.07,hiking,1,1,no,4.2,card,195,no,3106.06,no
RID-01831,2,summit,75.58,camping,2,0,no,3.5,card,556,no,252.17,no
RID-01832,3,core,32.48,hiking,1,1,yes,3.0,paypal,132,no,217.49,yes
RID-01833,32,core,25.1,camping,1,1,no,3.3,card,176,yes,538.19,yes
RID-01834,43,core,25.88,climbing,0,0,yes,3.6,card,222,no,1284.53,yes
RID-01835,28,core,21.57,camping,3,0,yes,4.6,paypal,183,no,753.93,yes
RID-01836,58,plus,44.93,climbing,2,0,no,2.9,bnpl,54,no,5675.26,no
RID-01837,51,core,27.65,climbing,0,0,yes,3.3,card,526,yes,1482.05,no
RID-01838,27,plus,40.33,hiking,0,2,no,4.6,paypal,236,no,1141.96,no
RID-01839,14,plus,46.66,fishing,0,0,no,3.7,paypal,362,no,1270.48,no
RID-01840,0,plus,41.02,hiking,4,0,yes,3.9,paypal,581,no,174.17,no
RID-01841,2,plus,40.22,camping,2,0,yes,3.7,card,175,no,135.02,yes
RID-01842,36,summit,76.03,hiking,0,1,yes,5.0,card,326,yes,2489.59,no
RID-01843,20,plus,60.0,camping,1,0,yes,4.4,paypal,10,no,2609.9,no
RID-01844,8,core,24.62,camping,3,0,yes,4.2,card,24,no,132.33,yes
RID-01845,4,plus,54.69,fishing,0,1,no,4.1,card,260,no,170.88,no
RID-01846,28,plus,45.71,fishing,2,0,no,4.3,card,70,no,1134.87,no
RID-01847,35,core,26.33,hiking,2,0,yes,5.0,paypal,368,no,1017.77,yes
RID-01848,1,summit,76.92,hiking,2,0,yes,3.7,card,418,no,331.2,yes
RID-01849,25,plus,49.25,hiking,3,0,yes,4.1,card,149,no,1302.13,no
RID-01850,27,core,27.7,camping,2,0,yes,4.0,paypal,397,no,1326.11,yes
RID-01851,3,plus,50.09,camping,0,1,yes,4.7,card,207,no,117.57,yes
RID-01852,53,core,24.68,hiking,2,1,yes,5.0,card,646,no,1295.62,no
RID-01853,14,plus,44.61,hiking,0,2,yes,3.6,card,88,no,1187.07,no
RID-01854,8,core,22.96,camping,1,0,no,4.3,card,234,no,267.61,yes
RID-01855,8,core,18.01,climbing,0,1,yes,4.1,paypal,312,no,339.42,yes
RID-01856,30,core,23.83,hiking,2,0,yes,3.0,card,462,no,1269.88,yes
RID-01857,43,plus,46.4,hiking,1,1,no,4.7,bnpl,437,no,1727.16,yes
RID-01858,15,core,22.94,fishing,0,0,no,5.0,bnpl,188,no,595.4,yes
RID-01859,46,core,21.56,climbing,3,1,yes,4.6,bnpl,213,no,876.9,no
RID-01860,15,core,29.35,hiking,1,0,no,3.5,card,128,no,334.08,yes
RID-01861,11,core,27.94,camping,1,0,no,3.0,card,599,yes,690.25,no
RID-01862,39,plus,43.68,climbing,2,2,no,4.5,paypal,775,no,1376.86,no
RID-01863,47,core,19.5,climbing,1,0,no,3.2,card,45,no,794.07,yes
RID-01864,45,plus,51.27,hiking,3,0,no,3.3,bnpl,513,no,3805.9,yes
RID-01865,34,plus,51.34,climbing,1,0,no,4.2,paypal,418,no,1387.0,yes
RID-01866,53,core,25.45,camping,0,0,yes,4.6,paypal,20,no,1462.52,no
RID-01867,51,plus,52.8,hiking,0,3,yes,3.7,bnpl,485,no,4394.69,yes
RID-01868,16,plus,46.32,fishing,1,0,no,3.8,bnpl,668,no,1011.66,no
RID-01869,38,plus,55.83,camping,1,2,yes,3.9,card,452,no,2510.67,yes
RID-01870,4,plus,44.61,hiking,0,0,yes,3.3,bnpl,120,yes,366.24,no
RID-01871,4,core,22.54,fishing,1,1,yes,3.7,card,866,no,579.52,yes
RID-01872,26,plus,55.22,camping,1,2,yes,2.8,paypal,535,no,1825.12,no
RID-01873,42,summit,75.66,fishing,0,0,no,4.6,paypal,127,no,2689.26,yes
RID-01874,35,plus,42.67,fishing,1,0,yes,5.0,card,376,no,2289.42,no
RID-01875,10,plus,38.5,climbing,0,1,yes,4.0,card,360,no,377.74,no
RID-01876,45,plus,55.13,climbing,1,0,no,4.9,paypal,85,no,4539.76,no
RID-01877,37,summit,66.93,fishing,1,0,yes,3.8,card,288,no,2032.28,no
RID-01878,46,core,26.09,camping,1,0,no,3.0,paypal,346,yes,1067.18,no
RID-01879,37,plus,48.29,climbing,1,1,yes,5.0,card,180,no,1148.71,no
RID-01880,52,plus,47.59,hiking,1,0,yes,3.4,card,719,no,2082.1,no
RID-01881,22,plus,43.19,fishing,0,0,yes,4.7,paypal,223,no,1697.78,no
RID-01882,1,plus,40.76,hiking,0,1,no,4.2,card,399,no,279.72,no
RID-01883,36,plus,41.24,climbing,0,0,no,4.9,paypal,277,no,1454.78,no
RID-01884,59,plus,45.68,camping,1,0,yes,3.9,card,148,no,6910.98,no
RID-01885,5,plus,44.24,camping,2,0,no,3.1,bnpl,328,no,411.2,no
RID-01886,58,core,22.59,fishing,2,1,yes,3.5,bnpl,253,no,1461.05,yes
RID-01887,46,summit,61.04,hiking,1,2,yes,5.0,paypal,856,no,1961.26,no
RID-01888,2,core,23.37,hiking,2,0,yes,4.2,card,518,no,241.6,yes
RID-01889,33,core,27.88,climbing,1,0,no,5.0,card,63,no,579.99,no
RID-01890,19,core,27.45,camping,1,0,yes,3.7,card,143,no,370.03,yes
RID-01891,39,plus,35.29,camping,2,2,yes,4.5,paypal,125,no,1065.16,yes
RID-01892,46,plus,53.46,hiking,1,2,no,3.0,card,19,no,2119.0,no
RID-01893,22,plus,42.89,fishing,1,2,yes,4.0,card,425,no,1406.65,no
RID-01894,29,plus,51.18,camping,2,0,no,5.0,card,368,no,1661.86,no
RID-01895,2,core,29.52,hiking,0,1,yes,3.4,card,103,no,143.3,yes
RID-01896,0,core,24.34,fishing,2,0,yes,3.5,paypal,107,no,33.48,yes
RID-01897,46,summit,83.97,fishing,0,1,yes,4.6,card,35,no,2903.2,no
RID-01898,21,plus,41.46,climbing,0,0,no,4.1,card,134,no,1125.01,yes
RID-01899,53,summit,84.38,hiking,1,0,yes,5.0,card,356,no,4886.53,yes
RID-01900,35,core,20.62,fishing,0,1,yes,3.8,card,924,no,1741.29,yes
RID-01901,24,summit,78.03,fishing,1,2,yes,4.1,card,66,no,2702.41,no
RID-01902,53,summit,77.95,fishing,2,0,no,4.2,paypal,333,no,4287.1,no
RID-01903,3,plus,45.76,climbing,3,0,yes,3.2,paypal,1013,no,729.16,no
RID-01904,50,plus,49.85,climbing,2,0,no,3.0,paypal,236,no,3336.22,no
RID-01905,4,core,27.75,climbing,2,0,yes,3.0,card,232,no,226.64,yes
RID-01906,57,plus,49.16,climbing,2,0,no,1.5,card,272,no,5612.2,no
RID-01907,34,summit,66.75,climbing,1,0,yes,3.9,card,247,no,3410.54,yes
RID-01908,28,plus,43.65,camping,1,0,yes,3.0,paypal,441,no,1616.16,no
RID-01909,39,core,27.77,climbing,2,0,no,3.6,paypal,1227,no,1554.5,yes
RID-01910,48,core,26.87,hiking,0,2,yes,4.8,paypal,147,no,584.04,no
RID-01911,17,plus,47.54,camping,1,1,no,3.3,bnpl,79,no,448.43,no
RID-01912,6,plus,48.37,camping,3,2,no,4.5,card,110,no,395.8,yes
RID-01913,59,plus,44.25,camping,1,1,yes,2.8,paypal,465,no,2252.66,no
RID-01914,31,summit,55.0,hiking,0,0,no,3.5,card,308,no,1900.72,no
RID-01915,17,core,22.76,camping,1,1,yes,5.0,card,522,no,860.16,yes
RID-01916,55,core,21.78,climbing,2,0,yes,3.7,paypal,45,no,867.08,no
RID-01917,2,core,26.6,fishing,2,1,yes,5.0,paypal,225,no,182.26,yes
RID-01918,51,summit,72.75,camping,1,0,no,5.0,paypal,430,no,2183.74,no
RID-01919,1,plus,39.42,camping,2,0,yes,3.7,paypal,44,no,0.0,yes
RID-01920,39,plus,41.87,camping,2,1,yes,3.5,bnpl,331,no,1146.22,no
RID-01921,2,summit,57.91,climbing,0,0,no,2.4,paypal,231,no,169.78,no
RID-01922,9,plus,43.09,camping,1,0,yes,4.2,paypal,777,no,1135.26,yes
RID-01923,19,core,22.33,camping,1,1,yes,4.3,card,72,no,609.84,yes
RID-01924,11,plus,45.12,camping,2,0,yes,4.6,card,553,no,1022.09,yes
RID-01925,2,core,24.07,camping,1,0,yes,5.0,card,185,no,67.85,no
RID-01926,41,plus,52.95,climbing,1,2,yes,3.2,card,42,no,1328.94,no
RID-01927,46,core,33.71,climbing,1,0,yes,5.0,bnpl,155,no,4282.54,yes
RID-01928,19,core,31.38,camping,1,0,no,3.8,paypal,507,yes,737.11,yes
RID-01929,42,plus,49.53,hiking,1,0,no,4.3,paypal,476,no,3183.69,yes
RID-01930,20,core,27.37,climbing,0,1,no,3.9,card,397,no,389.01,no
RID-01931,13,summit,76.65,fishing,1,1,no,3.4,paypal,110,no,1038.24,no
RID-01932,51,core,23.0,climbing,2,0,no,3.1,paypal,791,no,1427.37,yes
RID-01933,32,summit,86.73,climbing,0,1,yes,4.2,card,270,no,2561.18,no
RID-01934,1,core,22.82,fishing,5,0,yes,3.3,card,224,no,153.21,yes
RID-01935,42,summit,69.44,hiking,0,1,yes,3.8,paypal,268,no,3357.09,no
RID-01936,23,plus,40.91,camping,4,1,yes,3.7,card,81,no,1648.11,yes
RID-01937,4,core,27.14,climbing,0,0,no,3.7,paypal,46,no,250.79,yes
RID-01938,14,core,29.48,camping,0,1,yes,2.7,bnpl,236,yes,984.21,no
RID-01939,19,core,23.46,hiking,1,0,no,1.6,card,32,no,812.98,yes
RID-01940,1,summit,69.96,climbing,0,1,yes,4.6,card,491,no,257.73,no
RID-01941,44,core,23.62,hiking,1,1,yes,4.8,card,693,no,2661.25,yes
RID-01942,13,core,25.25,hiking,1,0,no,2.1,card,1176,no,638.95,no
RID-01943,9,plus,54.17,hiking,0,0,yes,4.3,paypal,143,no,488.24,no
RID-01944,11,plus,44.6,camping,1,0,no,4.2,card,477,no,490.67,yes
RID-01945,43,plus,48.35,camping,1,0,no,3.0,card,459,no,2760.43,no
RID-01946,30,core,20.82,hiking,1,0,yes,4.7,card,241,no,732.93,no
RID-01947,49,plus,40.3,camping,0,1,yes,4.9,paypal,380,no,2047.63,no
RID-01948,26,core,20.91,fishing,1,0,no,4.8,card,625,no,745.5,yes
RID-01949,41,plus,42.73,hiking,2,1,no,5.0,card,198,no,739.1,no
RID-01950,28,core,21.46,fishing,4,1,yes,4.8,card,407,no,481.71,yes
RID-01951,36,summit,65.94,fishing,0,2,no,3.4,card,372,no,3597.31,no
RID-01952,53,plus,50.18,hiking,1,1,yes,4.0,card,319,no,2158.81,no
RID-01953,37,plus,40.6,hiking,2,0,yes,4.3,card,127,no,2390.08,no
RID-01954,30,summit,75.39,fishing,1,0,yes,5.0,bnpl,104,yes,2200.19,no
RID-01955,52,summit,74.69,camping,0,0,yes,3.8,bnpl,200,no,1957.13,no
RID-01956,38,plus,45.27,hiking,1,0,yes,3.5,paypal,495,no,1038.31,no
RID-01957,56,plus,47.34,camping,1,1,yes,2.8,paypal,320,no,2119.66,no
RID-01958,39,summit,65.82,climbing,1,2,no,4.7,card,401,yes,1835.43,no
RID-01959,41,core,26.63,fishing,2,0,no,4.2,bnpl,379,no,1265.65,yes
RID-01960,31,plus,39.88,climbing,2,2,yes,3.4,paypal,1119,no,1923.79,no
RID-01961,51,plus,36.1,hiking,1,0,no,4.6,paypal,460,no,2225.93,no
RID-01962,18,plus,49.53,hiking,3,1,no,3.7,card,127,no,1045.23,yes
RID-01963,33,summit,83.2,hiking,1,0,yes,3.0,paypal,237,no,4220.83,yes
RID-01964,55,plus,59.31,climbing,0,0,yes,5.0,paypal,527,no,5340.53,no
RID-01965,12,plus,47.28,fishing,3,1,yes,2.5,card,38,no,403.87,no
RID-01966,26,summit,99.31,camping,1,1,yes,4.1,card,261,no,1242.78,no
RID-01967,1,plus,48.24,camping,0,0,no,3.9,card,191,no,15.84,no
RID-01968,34,core,25.81,camping,1,2,yes,2.8,paypal,112,no,1064.76,yes
RID-01969,21,core,28.4,climbing,2,1,yes,4.2,bnpl,106,yes,559.38,no
RID-01970,34,plus,40.57,fishing,1,0,no,3.5,card,447,no,1973.77,yes
RID-01971,14,core,19.78,hiking,0,0,no,5.0,card,494,no,304.72,yes
RID-01972,50,plus,52.34,hiking,1,1,yes,4.8,card,195,no,5465.62,no
RID-01973,60,summit,85.7,fishing,1,0,no,4.2,paypal,209,yes,7417.85,no
RID-01974,32,core,20.44,camping,1,1,yes,2.1,card,245,no,676.32,yes
RID-01975,37,summit,73.99,fishing,0,0,yes,3.6,paypal,15,no,1980.78,no
RID-01976,27,plus,43.11,fishing,3,0,yes,3.5,card,873,yes,1449.91,yes
RID-01977,18,summit,73.89,climbing,1,1,no,4.9,card,428,no,2294.2,no
RID-01978,28,core,26.36,hiking,1,0,yes,4.1,card,526,no,802.56,yes
RID-01979,30,plus,50.81,climbing,0,0,yes,4.2,card,198,no,1286.05,no
RID-01980,47,plus,48.03,camping,1,0,no,4.8,bnpl,423,no,2460.27,no
RID-01981,42,plus,48.15,camping,2,0,no,5.0,card,85,no,1155.04,yes
RID-01982,20,summit,70.37,camping,0,1,yes,5.0,paypal,408,no,2451.18,no
RID-01983,37,summit,70.18,camping,1,1,yes,4.4,bnpl,274,no,3620.34,yes
RID-01984,57,core,22.37,fishing,1,0,yes,3.8,paypal,87,no,2035.82,no
RID-01985,25,plus,47.96,climbing,0,0,yes,4.3,bnpl,762,no,2561.28,no
RID-01986,51,plus,47.8,hiking,1,1,yes,4.0,card,438,yes,1942.99,no
RID-01987,28,core,22.59,hiking,2,0,no,4.6,paypal,1192,no,1135.07,no
RID-01988,8,summit,83.61,hiking,1,1,yes,3.6,card,125,no,739.84,no
RID-01989,11,plus,46.41,camping,1,2,yes,4.7,paypal,230,yes,1145.83,no
RID-01990,19,summit,84.01,camping,3,0,no,4.0,paypal,444,no,1466.11,no
RID-01991,35,summit,64.46,hiking,2,0,yes,4.3,paypal,30,no,1131.11,no
RID-01992,55,core,28.03,fishing,1,0,yes,3.1,card,327,no,1492.15,yes
RID-01993,23,plus,49.84,camping,2,0,yes,3.8,paypal,449,no,1889.16,no
RID-01994,16,plus,41.36,fishing,2,0,yes,4.3,bnpl,108,no,908.11,no
RID-01995,39,summit,78.29,hiking,0,1,no,3.9,card,281,no,3056.63,no
RID-01996,19,plus,43.8,hiking,0,0,yes,2.2,card,149,no,764.16,no
RID-01997,26,core,23.33,camping,0,0,yes,3.1,card,355,no,854.96,no
RID-01998,13,plus,52.33,hiking,4,0,yes,4.3,paypal,417,no,1114.93,no
RID-01999,17,core,23.68,hiking,1,0,no,5.0,card,271,no,488.18,no
RID-02000,3,core,24.24,camping,0,1,yes,3.8,card,488,no,227.25,no
RID-02001,34,summit,84.99,fishing,3,0,no,3.6,bnpl,84,no,2939.3,no
RID-02002,29,core,24.42,hiking,3,1,no,4.8,card,500,no,771.41,yes
RID-02003,10,core,27.04,camping,1,0,yes,4.0,paypal,872,no,857.16,yes
RID-02004,46,core,21.36,camping,1,0,yes,4.6,paypal,98,yes,971.88,yes
RID-02005,12,summit,71.84,camping,2,0,yes,3.8,card,93,no,626.96,no
RID-02006,40,core,24.43,fishing,2,1,no,3.7,card,698,no,2976.92,yes
RID-02007,6,core,28.48,camping,0,0,yes,4.6,card,319,no,334.3,no
RID-02008,1,core,31.39,hiking,0,0,yes,4.5,card,458,yes,258.89,no
RID-02009,7,plus,45.85,climbing,0,0,yes,3.8,card,154,no,183.1,no
RID-02010,31,core,20.92,camping,0,0,yes,3.2,paypal,187,no,590.65,yes
RID-02011,10,summit,73.09,hiking,1,1,yes,2.7,card,603,no,1334.91,no
RID-02012,20,summit,81.25,climbing,1,1,yes,2.8,bnpl,211,yes,889.1,no
RID-02013,32,plus,43.36,fishing,0,0,no,3.5,card,170,no,1604.14,no
RID-02014,39,core,25.98,climbing,1,0,yes,4.2,card,44,no,877.69,no
RID-02015,47,plus,50.16,camping,3,1,no,2.8,paypal,185,no,1713.46,yes
RID-02016,24,core,24.42,hiking,0,1,yes,2.8,card,94,no,335.3,yes
RID-02017,6,plus,49.18,hiking,3,0,yes,4.3,card,113,no,308.42,no
RID-02018,59,plus,38.49,hiking,2,1,no,5.0,card,140,no,1147.62,yes
RID-02019,47,core,24.69,fishing,2,1,no,4.8,card,521,no,1183.88,no
RID-02020,50,core,22.62,camping,0,0,no,2.6,paypal,41,no,1378.07,no
RID-02021,56,core,27.26,camping,1,0,yes,4.3,card,293,no,764.73,yes
RID-02022,42,core,27.1,hiking,2,1,no,4.7,card,194,no,1589.5,no
RID-02023,60,core,32.56,camping,0,0,no,3.6,paypal,338,no,1020.96,yes
RID-02024,31,core,21.03,hiking,0,1,no,3.8,card,378,no,1635.91,no
RID-02025,34,plus,48.64,camping,1,2,no,4.3,card,139,no,1549.74,no
RID-02026,36,core,19.75,fishing,1,0,yes,4.4,card,538,no,689.2,yes
RID-02027,31,core,31.15,camping,1,2,no,4.3,paypal,900,no,1438.32,yes
RID-02028,26,summit,81.51,hiking,1,1,yes,4.5,paypal,88,no,1435.4,no
RID-02029,20,plus,45.68,hiking,1,0,yes,4.2,card,431,no,551.6,no
RID-02030,48,summit,78.85,camping,1,1,no,3.5,card,243,no,6409.07,no
RID-02031,20,plus,48.55,hiking,1,1,yes,3.7,paypal,275,no,970.72,no
RID-02032,55,core,24.83,hiking,1,0,yes,3.4,card,549,no,1764.39,yes
RID-02033,45,core,23.62,climbing,0,1,yes,3.7,card,429,no,1159.18,no
RID-02034,60,plus,45.04,hiking,1,2,yes,4.4,paypal,209,no,1931.79,no
RID-02035,39,summit,77.28,hiking,0,2,no,3.4,card,597,no,2056.88,no
RID-02036,36,plus,47.31,hiking,0,1,no,4.8,card,249,no,2542.57,yes
RID-02037,20,plus,35.84,hiking,4,1,no,3.3,paypal,140,no,964.01,no
RID-02038,41,plus,40.52,climbing,2,0,no,4.2,card,307,no,1772.17,no
RID-02039,35,core,25.55,camping,1,1,yes,4.6,card,651,no,1645.4,no
RID-02040,24,core,20.81,hiking,5,1,no,4.3,paypal,63,no,501.04,yes
RID-02041,4,summit,78.49,fishing,1,0,yes,2.6,card,405,no,743.07,no
RID-02042,0,core,26.12,hiking,0,1,no,4.1,paypal,33,no,0.0,no
RID-02043,14,core,24.75,hiking,1,3,no,3.4,card,457,no,663.54,no
RID-02044,42,plus,48.69,climbing,2,1,no,3.0,bnpl,359,no,2583.66,no
RID-02045,56,plus,58.1,hiking,3,1,no,4.2,paypal,745,no,2349.7,no
RID-02046,56,summit,72.49,hiking,1,0,yes,3.1,card,76,no,4973.79,no
RID-02047,32,core,28.21,camping,2,2,no,4.2,card,328,yes,862.52,no
RID-02048,52,summit,64.93,camping,0,1,yes,5.0,card,136,no,4733.68,no
RID-02049,0,core,27.56,camping,0,1,yes,4.2,bnpl,200,no,65.09,yes
RID-02050,53,core,27.81,climbing,1,0,yes,3.8,paypal,834,no,1833.86,yes
RID-02051,58,plus,46.83,hiking,2,0,yes,3.9,paypal,342,no,1830.55,no
RID-02052,24,summit,60.98,fishing,2,1,no,4.7,bnpl,403,no,2170.48,no
RID-02053,2,core,25.56,camping,2,0,yes,3.8,card,193,no,186.02,yes
RID-02054,43,core,29.8,camping,0,0,yes,3.7,card,265,no,2512.2,yes
RID-02055,0,core,26.72,climbing,1,0,yes,3.3,bnpl,559,no,247.07,yes
RID-02056,38,core,23.39,camping,0,0,yes,3.3,paypal,744,yes,1213.49,yes
RID-02057,19,summit,80.35,hiking,2,0,yes,4.7,card,268,no,1670.51,no
RID-02058,32,summit,75.96,camping,1,0,no,3.6,card,647,no,3086.04,no
RID-02059,56,plus,41.53,camping,3,0,no,4.4,card,262,no,1023.44,yes
RID-02060,9,plus,45.67,hiking,3,0,yes,4.5,paypal,145,no,366.6,yes
RID-02061,2,plus,40.52,hiking,0,0,yes,3.3,paypal,315,no,184.17,no
RID-02062,35,plus,51.24,camping,1,0,yes,3.4,paypal,131,no,1447.1,no
RID-02063,42,core,22.56,camping,1,1,no,4.4,bnpl,334,yes,1078.68,yes
RID-02064,18,core,22.9,camping,2,0,yes,4.1,card,88,no,424.14,yes
RID-02065,10,plus,45.23,camping,1,0,yes,3.9,bnpl,440,no,506.93,no
RID-02066,42,summit,79.09,fishing,1,2,yes,4.3,card,94,no,3208.39,no
RID-02067,42,core,26.76,climbing,4,0,yes,4.8,card,146,no,786.39,no
RID-02068,57,summit,67.53,camping,1,0,yes,4.0,bnpl,168,no,2103.69,no
RID-02069,52,plus,50.26,hiking,2,0,no,3.6,bnpl,104,no,2879.63,no
RID-02070,44,summit,75.91,camping,2,0,yes,4.1,bnpl,258,no,7038.62,no
RID-02071,1,summit,75.7,camping,1,0,yes,3.4,paypal,13,no,208.73,no
RID-02072,15,core,21.0,fishing,1,0,yes,4.1,card,234,no,638.81,yes
RID-02073,39,plus,44.22,camping,1,0,yes,4.0,card,4,no,2622.82,no
RID-02074,28,plus,50.7,fishing,0,0,yes,3.4,card,343,no,1707.27,no
RID-02075,3,summit,86.5,fishing,1,0,yes,3.7,card,85,no,210.8,no
RID-02076,34,core,25.46,climbing,2,0,yes,3.8,bnpl,364,yes,713.46,no
RID-02077,46,plus,36.87,hiking,1,1,yes,4.5,card,630,no,2646.77,yes
RID-02078,44,summit,82.66,camping,1,0,no,3.3,card,170,no,4227.32,no
RID-02079,56,core,22.49,fishing,2,1,no,3.4,paypal,282,no,1038.04,yes
RID-02080,9,core,21.23,fishing,0,0,no,3.7,paypal,71,no,152.84,yes
RID-02081,58,core,21.72,hiking,1,1,yes,4.4,card,366,no,946.55,no
RID-02082,32,core,24.92,camping,3,0,yes,4.5,bnpl,428,no,1122.0,no
RID-02083,18,plus,45.11,camping,0,1,yes,4.2,card,61,no,1614.74,no
RID-02084,52,core,27.28,camping,1,1,yes,4.5,paypal,435,yes,1013.81,no
RID-02085,6,plus,47.69,camping,3,0,yes,4.9,card,207,no,531.63,yes
RID-02086,1,core,22.96,hiking,0,0,yes,4.1,paypal,177,no,123.91,yes
RID-02087,44,summit,68.33,fishing,1,0,no,3.4,card,542,no,2012.59,yes
RID-02088,44,core,18.76,climbing,0,1,yes,3.9,paypal,164,no,363.25,no
RID-02089,5,summit,79.53,hiking,0,0,yes,3.0,card,76,no,456.59,no
RID-02090,53,core,34.45,climbing,1,1,no,4.3,card,240,no,1798.63,yes
RID-02091,51,plus,43.65,climbing,3,1,no,3.6,card,469,no,2213.24,yes
RID-02092,48,core,28.34,hiking,0,1,yes,4.1,bnpl,249,no,2274.96,yes
RID-02093,23,plus,46.79,climbing,1,1,yes,3.9,card,208,no,1037.59,no
RID-02094,56,core,27.79,camping,1,1,yes,3.7,card,384,no,4819.76,yes
RID-02095,7,core,29.87,fishing,2,1,yes,4.2,paypal,123,yes,207.14,yes
RID-02096,47,plus,46.7,camping,1,0,yes,3.9,bnpl,292,no,1612.68,yes
RID-02097,51,core,25.27,climbing,0,1,yes,3.5,paypal,35,no,955.95,no
RID-02098,31,summit,68.27,hiking,1,0,yes,3.2,paypal,368,no,2122.56,yes
RID-02099,21,plus,50.23,hiking,0,0,no,4.3,paypal,569,no,2202.58,yes
RID-02100,29,core,24.58,hiking,1,0,yes,3.1,bnpl,721,yes,716.83,yes
RID-02101,2,summit,55.0,camping,0,1,no,5.0,card,499,no,245.89,no
RID-02102,1,core,29.06,climbing,1,0,yes,5.0,card,422,no,132.15,yes
RID-02103,20,summit,90.52,hiking,1,0,yes,2.8,card,247,no,1880.28,yes
RID-02104,1,core,29.04,hiking,1,0,yes,4.5,paypal,441,no,193.04,yes
RID-02105,38,plus,48.1,fishing,0,2,yes,4.9,bnpl,273,no,1697.82,no
RID-02106,39,summit,71.62,hiking,1,0,no,3.6,card,86,no,1710.88,no
RID-02107,52,core,26.84,fishing,1,1,yes,4.3,paypal,588,no,1640.96,yes
RID-02108,16,plus,46.95,camping,1,0,yes,3.9,card,35,no,1388.8,yes
RID-02109,49,core,27.64,camping,3,1,no,4.5,paypal,181,no,2090.46,no
RID-02110,18,plus,49.39,camping,2,2,yes,3.7,card,138,no,826.93,yes
RID-02111,33,core,21.27,fishing,2,1,yes,4.8,paypal,278,yes,868.3,yes
RID-02112,49,core,24.22,climbing,2,0,no,3.9,card,486,no,1760.35,no
RID-02113,21,core,30.1,fishing,1,1,yes,3.8,card,411,no,1090.93,no
RID-02114,6,plus,38.22,hiking,2,0,yes,4.5,bnpl,51,no,402.68,yes
RID-02115,49,summit,84.35,camping,0,2,yes,4.7,card,88,yes,4657.32,no
RID-02116,17,summit,69.04,hiking,0,0,no,2.2,card,425,no,934.43,no
RID-02117,13,plus,41.23,hiking,0,1,no,1.8,card,1085,no,719.94,no
RID-02118,41,summit,67.72,camping,1,0,no,4.3,card,163,no,3757.71,no
RID-02119,32,summit,70.07,climbing,4,1,no,3.5,card,79,no,1187.49,no
RID-02120,1,plus,38.06,fishing,2,1,yes,3.0,card,195,no,96.25,no
RID-02121,55,core,27.4,hiking,3,1,no,3.7,card,69,no,1226.56,no
RID-02122,31,plus,47.73,climbing,3,1,no,5.0,card,230,no,875.89,yes
RID-02123,16,core,20.6,hiking,1,3,yes,3.0,bnpl,282,no,577.57,no
RID-02124,5,summit,77.26,camping,1,1,no,4.7,card,564,no,573.94,no
RID-02125,41,core,23.4,camping,2,0,no,3.4,paypal,386,no,1206.0,yes
RID-02126,46,core,29.61,hiking,0,2,no,2.9,bnpl,473,no,1625.28,yes
RID-02127,45,summit,76.58,climbing,2,0,no,3.5,paypal,228,no,1555.13,no
RID-02128,38,core,26.36,hiking,1,0,no,2.9,paypal,846,no,2205.5,yes
RID-02129,53,summit,79.47,camping,1,0,no,2.8,card,69,no,7559.52,no
RID-02130,37,summit,70.52,camping,0,0,yes,3.5,card,236,no,4231.58,no
RID-02131,14,plus,47.06,climbing,1,1,yes,3.2,paypal,229,no,1080.24,no
RID-02132,13,plus,51.92,hiking,0,0,no,3.9,paypal,145,no,532.09,yes
RID-02133,23,core,25.54,climbing,1,0,no,4.1,card,636,no,1185.32,yes
RID-02134,44,plus,46.75,camping,0,0,no,3.4,bnpl,13,no,2814.51,no
RID-02135,1,summit,75.35,climbing,0,0,yes,4.5,card,102,yes,96.91,no
RID-02136,18,core,25.63,hiking,1,1,yes,3.5,paypal,281,no,320.74,yes
RID-02137,26,core,24.74,camping,1,0,yes,3.9,bnpl,204,no,461.07,yes
RID-02138,34,core,23.42,hiking,2,0,yes,2.4,paypal,242,no,1647.9,yes
RID-02139,8,plus,41.83,climbing,2,1,no,4.1,card,112,no,303.24,no
RID-02140,5,plus,45.66,fishing,0,0,yes,5.0,paypal,166,no,189.71,no
RID-02141,55,core,22.49,fishing,1,1,yes,4.6,paypal,544,no,873.84,yes
RID-02142,5,core,28.02,hiking,1,0,no,3.9,paypal,408,no,178.18,yes
RID-02143,4,summit,67.4,hiking,0,1,no,3.1,card,255,no,568.49,no
RID-02144,11,core,25.7,hiking,3,1,yes,5.0,card,457,no,340.41,yes
RID-02145,20,core,27.11,hiking,3,0,yes,3.9,paypal,527,no,881.87,yes
RID-02146,13,core,26.63,camping,2,0,no,3.5,paypal,949,no,534.22,yes
RID-02147,49,plus,35.61,climbing,1,0,yes,3.5,bnpl,439,no,4296.95,no
RID-02148,7,core,29.22,fishing,0,0,no,5.0,card,512,no,390.17,no
RID-02149,8,core,26.35,camping,1,0,no,3.9,card,134,no,309.94,yes
RID-02150,7,plus,42.95,camping,3,0,no,4.3,paypal,362,no,336.94,yes
RID-02151,39,core,27.46,camping,1,0,yes,3.8,bnpl,271,no,1307.68,no
RID-02152,53,summit,88.21,hiking,3,0,no,4.0,card,523,no,2575.64,no
RID-02153,9,summit,63.16,hiking,2,0,yes,3.7,card,503,no,852.81,no
RID-02154,33,plus,33.25,hiking,1,0,no,5.0,bnpl,490,no,966.04,no
RID-02155,22,plus,46.63,hiking,0,2,yes,4.0,card,612,no,1048.46,no
RID-02156,37,core,25.49,climbing,1,0,yes,2.9,card,387,no,2464.48,yes
RID-02157,39,plus,43.59,camping,1,0,no,4.3,bnpl,144,no,3229.55,no
RID-02158,17,core,22.15,climbing,0,0,yes,3.9,paypal,417,no,931.6,yes
RID-02159,36,plus,44.33,climbing,1,0,yes,4.3,card,517,no,2478.08,yes
RID-02160,3,core,24.31,hiking,1,2,yes,3.8,bnpl,530,no,340.76,yes
RID-02161,29,plus,40.33,camping,0,0,no,3.6,paypal,184,no,2382.92,no
RID-02162,59,core,26.76,fishing,1,0,yes,4.7,bnpl,36,no,1724.36,no
RID-02163,54,plus,41.65,hiking,1,1,yes,5.0,card,694,no,3283.23,no
RID-02164,3,core,27.02,camping,1,0,yes,2.6,paypal,170,no,286.84,yes
RID-02165,3,core,29.34,camping,1,0,yes,4.1,card,235,yes,176.18,no
RID-02166,50,plus,48.45,fishing,1,1,yes,3.6,card,202,no,2993.22,no
RID-02167,12,plus,37.81,camping,1,1,yes,3.3,paypal,308,no,681.2,no
RID-02168,40,summit,67.59,hiking,3,0,yes,2.4,card,205,no,2866.39,yes
RID-02169,33,core,23.61,climbing,1,0,no,4.3,card,288,no,1155.52,yes
RID-02170,24,core,25.67,hiking,1,1,yes,3.6,card,132,no,842.78,yes
RID-02171,18,plus,47.52,climbing,0,0,no,3.6,card,637,no,775.58,yes
RID-02172,45,core,24.6,hiking,0,0,yes,4.9,bnpl,399,yes,916.9,yes
RID-02173,15,summit,71.18,climbing,0,1,yes,3.7,paypal,286,no,1595.69,no
RID-02174,46,core,29.86,camping,2,2,yes,3.6,card,22,yes,1554.06,no
RID-02175,14,summit,96.49,camping,1,1,no,3.0,paypal,112,no,1472.26,no
RID-02176,53,plus,40.93,camping,2,1,yes,3.3,bnpl,456,no,2673.69,yes
RID-02177,42,core,26.12,hiking,3,1,yes,5.0,card,127,no,494.34,no
RID-02178,33,core,26.18,camping,3,0,yes,4.5,paypal,371,no,901.5,yes
RID-02179,6,plus,36.58,hiking,0,0,yes,5.0,card,210,no,336.28,yes
RID-02180,13,plus,51.12,camping,0,0,yes,3.4,bnpl,286,no,827.85,no
RID-02181,38,core,24.88,hiking,2,0,yes,4.3,card,217,no,1553.57,no
RID-02182,34,plus,51.64,camping,0,1,no,4.8,paypal,232,no,1488.02,no
RID-02183,6,plus,42.29,hiking,2,0,yes,4.4,card,447,yes,617.52,no
RID-02184,6,plus,42.24,climbing,0,0,yes,5.0,paypal,457,no,337.51,no
RID-02185,37,plus,43.74,camping,4,1,no,4.3,paypal,308,no,2371.8,yes
RID-02186,22,summit,81.89,climbing,3,1,no,4.0,card,465,no,1541.24,no
RID-02187,28,plus,40.94,hiking,0,1,no,2.2,bnpl,81,yes,1969.55,no
RID-02188,37,core,24.31,camping,1,0,yes,4.3,card,266,no,1158.31,yes
RID-02189,51,core,20.64,camping,2,0,yes,4.4,card,189,no,706.23,yes
RID-02190,15,core,21.21,camping,2,0,yes,4.9,bnpl,184,yes,426.95,yes
RID-02191,42,core,25.53,climbing,2,0,no,3.4,card,168,no,1302.48,yes
RID-02192,52,core,25.15,camping,2,1,no,4.0,card,586,no,1675.29,yes
RID-02193,55,plus,41.82,fishing,0,0,yes,2.8,card,107,no,2648.29,no
RID-02194,59,core,25.54,climbing,0,0,yes,2.8,card,169,no,1490.19,yes
RID-02195,0,plus,47.24,hiking,0,0,yes,4.4,paypal,306,no,147.78,yes
RID-02196,4,core,27.81,fishing,1,0,no,4.9,paypal,177,no,131.57,no
RID-02197,52,core,25.27,camping,2,0,yes,5.0,card,175,no,1788.89,no
RID-02198,12,core,23.95,climbing,1,0,no,4.3,card,197,no,512.81,yes
RID-02199,17,plus,55.36,camping,0,0,no,5.0,paypal,405,no,2506.02,no
RID-02200,28,core,24.36,hiking,0,1,yes,3.7,paypal,610,no,924.9,no
RID-02201,40,core,25.72,camping,2,0,no,4.7,card,453,no,1351.81,no
RID-02202,2,plus,43.22,fishing,1,0,yes,3.0,card,902,no,477.15,no
RID-02203,39,core,23.85,hiking,1,2,no,1.6,bnpl,785,no,1787.82,no
RID-02204,5,core,28.18,hiking,0,0,yes,3.6,card,48,no,177.54,yes
RID-02205,22,core,24.96,fishing,2,0,yes,3.9,bnpl,594,no,849.19,yes
RID-02206,54,core,25.74,camping,1,3,yes,4.2,card,768,no,1780.17,yes
RID-02207,7,core,22.54,fishing,1,0,yes,3.9,card,393,yes,402.73,yes
RID-02208,2,core,28.18,hiking,1,0,no,4.3,card,234,no,163.04,yes
RID-02209,29,plus,50.11,climbing,1,1,no,5.0,bnpl,128,no,1808.5,yes
RID-02210,15,plus,46.75,hiking,1,0,no,4.6,card,429,no,489.9,yes
RID-02211,14,summit,67.31,climbing,0,2,yes,3.4,bnpl,87,no,598.75,no
RID-02212,25,summit,82.39,fishing,1,0,yes,2.1,paypal,295,no,3383.09,no
RID-02213,10,core,29.31,hiking,0,0,yes,3.2,card,1294,no,640.49,yes
RID-02214,1,core,20.9,climbing,2,0,yes,5.0,card,70,no,66.48,no
RID-02215,56,summit,79.63,fishing,1,1,yes,3.6,bnpl,302,yes,3418.6,yes
RID-02216,49,core,26.19,climbing,2,0,yes,4.5,card,530,no,4507.95,no
RID-02217,25,plus,36.63,fishing,1,1,yes,4.5,paypal,330,no,757.02,no
RID-02218,50,plus,44.87,climbing,6,0,no,4.0,paypal,433,no,1742.68,yes
RID-02219,60,plus,44.24,hiking,1,2,yes,3.9,paypal,72,yes,3740.76,no
RID-02220,24,core,24.67,fishing,4,1,no,3.5,card,880,no,841.1,yes
RID-02221,9,core,25.84,climbing,0,3,yes,5.0,paypal,321,no,362.06,yes
RID-02222,12,core,26.35,camping,0,0,yes,3.3,bnpl,90,no,184.93,yes
RID-02223,58,core,18.29,camping,2,0,no,4.8,paypal,512,no,919.32,yes
RID-02224,54,core,27.27,camping,0,0,no,4.6,bnpl,866,no,1433.61,yes
RID-02225,42,plus,52.31,climbing,1,1,no,4.5,card,216,no,2269.45,no
RID-02226,41,core,28.33,climbing,1,0,yes,3.9,paypal,257,no,2954.29,no
RID-02227,18,core,28.66,fishing,1,1,yes,2.9,card,598,no,1612.65,yes
RID-02228,31,core,22.16,camping,2,0,no,3.1,card,494,no,1970.38,no
RID-02229,22,summit,77.45,camping,2,2,yes,3.4,paypal,144,no,1753.05,yes
RID-02230,23,core,24.9,camping,0,0,no,4.3,paypal,35,no,788.21,yes
RID-02231,44,core,23.37,climbing,0,0,yes,4.7,bnpl,878,no,1370.66,no
RID-02232,32,plus,52.52,fishing,0,0,no,4.2,paypal,198,no,1272.01,no
RID-02233,26,core,19.24,fishing,2,0,yes,4.2,card,102,no,241.79,no
RID-02234,15,core,23.13,camping,2,0,yes,4.8,bnpl,154,no,254.68,yes
RID-02235,39,core,21.74,climbing,3,2,no,2.4,card,691,no,1252.69,yes
RID-02236,27,summit,81.25,climbing,1,0,yes,2.3,paypal,7,yes,1142.13,no
RID-02237,3,plus,46.87,fishing,0,0,yes,2.8,paypal,587,no,297.62,no
RID-02238,41,plus,51.06,climbing,0,3,yes,4.7,card,394,no,2643.37,no
RID-02239,20,summit,75.51,hiking,1,1,yes,2.5,card,227,no,702.23,no
RID-02240,25,plus,44.26,climbing,2,0,yes,4.0,paypal,305,no,2216.87,yes
RID-02241,60,core,25.99,camping,1,0,yes,3.3,paypal,473,no,1896.18,no
RID-02242,41,plus,50.59,climbing,0,0,yes,4.1,bnpl,208,no,1735.51,yes
RID-02243,4,plus,45.49,climbing,1,0,yes,3.9,bnpl,154,no,295.26,no
RID-02244,45,core,20.1,fishing,0,0,yes,4.2,card,453,no,1314.59,yes
RID-02245,17,plus,50.48,camping,1,0,yes,3.7,card,331,no,720.4,no
RID-02246,45,core,22.05,fishing,1,1,yes,4.5,card,722,no,2127.6,yes
RID-02247,21,core,23.43,camping,1,0,no,5.0,bnpl,681,no,860.49,no
RID-02248,34,core,27.3,climbing,0,1,no,4.9,card,228,no,750.68,no
RID-02249,42,core,33.32,fishing,0,0,yes,3.7,paypal,275,no,1382.39,no
RID-02250,11,summit,76.53,camping,1,1,yes,3.4,bnpl,653,no,1793.48,yes
RID-02251,8,plus,50.99,climbing,1,0,no,4.1,card,535,no,698.7,no
RID-02252,42,core,25.9,climbing,1,0,no,5.0,card,405,no,1230.04,no
RID-02253,4,plus,48.57,climbing,2,0,no,4.0,card,604,no,489.87,yes
RID-02254,49,summit,61.01,camping,1,0,yes,4.6,paypal,79,no,2908.94,no
RID-02255,26,core,21.89,fishing,2,2,no,4.6,card,401,no,657.54,yes
RID-02256,5,plus,41.28,fishing,0,0,no,4.6,card,135,no,229.92,no
RID-02257,46,plus,42.89,climbing,2,0,yes,5.0,card,506,no,1954.24,yes
RID-02258,54,core,22.95,hiking,0,2,no,3.0,bnpl,397,no,955.5,no
RID-02259,4,plus,48.75,climbing,3,1,yes,3.3,bnpl,586,no,645.09,no
RID-02260,57,plus,49.46,camping,0,1,yes,4.0,paypal,692,no,3796.85,no
RID-02261,25,summit,87.98,climbing,2,0,yes,4.9,card,96,no,1403.18,yes
RID-02262,40,summit,70.96,camping,1,1,yes,4.9,card,406,no,2402.84,no
RID-02263,16,summit,63.85,hiking,2,1,no,4.0,card,183,no,1590.4,no
RID-02264,6,core,26.96,camping,1,0,no,4.7,bnpl,473,no,344.95,no
RID-02265,60,summit,70.45,climbing,0,1,no,3.7,card,176,yes,4070.51,no
RID-02266,39,plus,45.78,hiking,3,2,yes,3.4,card,188,no,1667.3,yes
RID-02267,15,core,20.95,climbing,0,0,no,3.0,paypal,321,no,459.59,no
RID-02268,21,summit,70.81,camping,1,1,no,3.9,bnpl,92,no,982.51,no
RID-02269,46,summit,67.78,hiking,1,0,yes,3.7,card,136,no,3129.84,no
RID-02270,18,plus,43.43,hiking,1,0,no,4.8,paypal,432,yes,702.56,no
RID-02271,41,core,28.28,hiking,4,0,yes,4.4,bnpl,804,no,1195.49,no
RID-02272,2,core,25.81,camping,1,1,no,4.0,card,49,yes,130.69,no
RID-02273,60,summit,81.99,climbing,1,3,no,4.0,paypal,167,yes,3667.42,no
RID-02274,44,summit,83.76,hiking,4,0,no,3.7,card,377,no,4709.12,yes
RID-02275,20,core,24.61,fishing,1,0,yes,2.7,paypal,62,yes,650.97,yes
RID-02276,34,core,19.94,hiking,2,1,no,3.1,card,234,no,697.49,no
RID-02277,10,plus,45.95,camping,0,0,yes,4.6,card,348,no,689.44,no
RID-02278,27,core,27.75,camping,3,2,no,3.9,card,284,no,549.98,yes
RID-02279,21,plus,43.6,camping,1,1,no,3.0,card,198,no,1311.11,no
RID-02280,23,summit,57.36,camping,2,2,no,5.0,paypal,80,no,1854.35,no
RID-02281,49,core,22.71,climbing,1,1,no,5.0,card,1154,no,2632.07,no
RID-02282,25,plus,43.63,climbing,1,0,no,4.9,paypal,161,no,1974.51,no
RID-02283,0,plus,54.79,camping,1,1,yes,4.3,card,496,no,262.65,no
RID-02284,27,core,25.45,fishing,0,2,no,4.2,paypal,439,no,2630.76,yes
RID-02285,3,core,24.52,camping,3,0,yes,4.0,card,236,no,209.54,no
RID-02286,29,plus,42.61,climbing,2,0,no,4.1,paypal,201,no,2355.58,no
RID-02287,41,plus,47.53,camping,3,0,no,4.5,card,86,no,1586.9,no
RID-02288,5,plus,45.75,hiking,0,0,no,4.5,card,551,no,495.12,yes
RID-02289,3,summit,70.36,climbing,0,0,yes,4.3,card,584,no,507.84,no
RID-02290,23,core,20.24,camping,2,0,yes,1.5,paypal,245,no,436.61,no
RID-02291,29,summit,71.0,camping,1,1,yes,4.9,card,170,no,2170.66,no
RID-02292,3,plus,38.86,climbing,1,0,no,4.1,paypal,124,no,126.26,no
RID-02293,19,core,24.3,climbing,0,0,yes,3.0,card,260,no,862.25,yes
RID-02294,47,core,21.36,fishing,1,0,yes,4.1,bnpl,143,yes,1666.23,yes
RID-02295,34,core,23.03,climbing,1,0,yes,4.2,card,319,no,1019.45,yes
RID-02296,31,plus,38.68,camping,2,1,no,2.8,card,354,no,1135.91,yes
RID-02297,6,summit,73.44,climbing,0,1,yes,3.5,paypal,356,no,1112.78,no
RID-02298,48,plus,44.58,fishing,2,0,yes,3.2,card,128,no,1023.75,no
RID-02299,36,core,26.29,camping,2,1,no,3.3,card,139,no,472.33,yes
RID-02300,26,core,27.1,camping,1,0,yes,4.4,paypal,242,no,1131.24,no
RID-02301,37,plus,35.23,climbing,1,0,yes,3.5,paypal,542,no,1443.99,yes
RID-02302,9,summit,90.35,climbing,1,1,no,4.1,card,355,yes,920.13,no
RID-02303,41,plus,54.14,hiking,3,0,yes,4.6,card,119,no,946.67,yes
RID-02304,18,core,24.94,climbing,1,2,yes,3.7,card,363,no,381.1,no
RID-02305,2,core,22.34,camping,0,0,yes,4.6,card,462,no,271.11,yes
RID-02306,14,core,23.05,hiking,3,1,no,5.0,paypal,602,no,832.9,yes
RID-02307,22,plus,43.18,climbing,1,0,no,4.6,card,190,no,1396.27,no
RID-02308,26,core,23.0,camping,1,0,no,4.4,paypal,296,no,532.79,yes
RID-02309,13,core,18.58,hiking,5,1,no,4.6,paypal,135,no,222.4,yes
RID-02310,48,summit,67.67,climbing,2,0,yes,4.3,paypal,105,yes,2825.42,no
RID-02311,16,core,25.21,hiking,0,0,yes,4.6,card,529,no,630.21,no
RID-02312,7,summit,89.05,fishing,2,1,no,3.1,card,141,no,614.08,no
RID-02313,13,plus,42.77,fishing,1,0,yes,3.9,card,288,no,565.05,no
RID-02314,24,core,19.99,climbing,0,0,no,4.3,card,410,yes,438.19,no
RID-02315,2,core,25.22,climbing,0,0,no,3.9,card,321,no,179.76,yes
RID-02316,5,plus,51.11,fishing,2,0,yes,5.0,bnpl,76,no,236.34,no
RID-02317,9,plus,44.29,climbing,2,1,yes,3.9,paypal,247,yes,466.26,no
RID-02318,23,plus,48.25,climbing,2,0,yes,2.7,card,453,yes,734.0,yes
RID-02319,58,summit,73.67,camping,1,0,yes,4.0,card,250,yes,6184.33,no
RID-02320,35,plus,42.13,fishing,1,0,yes,4.6,paypal,259,no,1029.3,yes
RID-02321,4,plus,45.22,camping,0,1,yes,3.3,paypal,501,no,377.92,no
RID-02322,4,core,20.61,camping,4,1,yes,4.0,card,426,yes,171.61,yes
RID-02323,6,core,21.37,hiking,1,1,yes,3.9,paypal,193,no,201.93,yes
RID-02324,4,plus,49.83,camping,1,0,no,4.0,paypal,700,no,380.43,no
RID-02325,30,core,27.0,camping,0,1,no,3.6,card,147,no,840.52,yes
RID-02326,44,summit,89.14,hiking,0,0,yes,4.8,paypal,185,no,3914.74,no
RID-02327,26,plus,40.68,camping,0,0,yes,5.0,bnpl,285,no,1240.94,no
RID-02328,24,core,25.06,fishing,2,1,no,3.4,paypal,411,no,1076.57,no
RID-02329,36,plus,47.63,fishing,0,1,no,3.0,paypal,632,no,2477.82,no
RID-02330,21,plus,32.91,climbing,0,0,no,3.7,card,190,no,1457.38,no
RID-02331,49,core,19.34,camping,1,0,yes,5.0,card,293,no,640.98,no
RID-02332,41,plus,51.32,hiking,1,1,yes,3.8,paypal,701,no,5692.36,no
RID-02333,59,plus,42.21,camping,2,0,no,4.3,card,526,no,3993.25,yes
RID-02334,5,plus,44.56,climbing,2,1,no,3.3,card,367,no,259.68,no
RID-02335,26,core,23.31,camping,1,1,yes,5.0,card,320,no,1023.57,yes
RID-02336,52,plus,44.5,hiking,1,0,no,3.8,paypal,68,no,5213.43,yes
RID-02337,41,plus,40.12,camping,3,1,yes,4.2,paypal,406,no,2785.78,no
RID-02338,47,core,25.78,fishing,0,1,no,3.4,paypal,202,no,970.83,no
RID-02339,28,core,23.13,camping,3,0,no,3.3,paypal,571,no,847.51,yes
RID-02340,23,plus,39.73,hiking,3,0,no,4.0,bnpl,310,no,1301.24,yes
RID-02341,45,core,23.96,camping,1,0,yes,4.1,card,90,no,1066.54,no
RID-02342,28,summit,72.19,hiking,1,0,yes,4.6,card,120,no,2376.53,yes
RID-02343,24,core,25.72,fishing,4,0,no,2.7,card,972,no,1062.84,yes
RID-02344,24,plus,47.6,camping,0,1,yes,3.3,card,424,no,914.9,no
RID-02345,7,summit,71.14,camping,2,0,no,3.5,card,184,no,857.06,no
RID-02346,47,core,25.12,camping,0,1,yes,4.1,card,322,no,1274.72,no
RID-02347,51,plus,47.83,hiking,2,1,no,3.2,card,241,no,2496.79,no
RID-02348,1,core,22.01,hiking,2,2,yes,3.9,bnpl,566,no,258.46,no
RID-02349,24,plus,40.56,fishing,2,0,no,3.5,paypal,456,no,1085.29,yes
RID-02350,40,summit,74.79,fishing,0,0,no,3.9,bnpl,1281,no,5086.31,no
RID-02351,9,summit,86.62,camping,2,0,yes,3.4,card,355,no,1006.93,no
RID-02352,18,core,25.06,fishing,0,0,yes,3.2,card,105,yes,696.4,yes
RID-02353,58,summit,76.41,fishing,0,1,no,4.2,card,47,no,4444.27,no
RID-02354,47,summit,76.87,climbing,2,0,yes,4.8,card,27,no,3773.44,no
RID-02355,53,core,24.13,hiking,1,1,yes,4.6,card,531,no,860.19,yes
RID-02356,60,summit,80.72,climbing,1,0,yes,4.8,card,306,no,5741.17,no
RID-02357,41,core,30.16,climbing,0,0,yes,4.9,card,241,no,1202.69,yes
RID-02358,17,summit,67.07,hiking,1,0,no,3.9,paypal,129,no,1452.99,no
RID-02359,58,summit,78.02,camping,1,0,yes,5.0,bnpl,268,no,1792.44,no
RID-02360,27,plus,47.7,hiking,3,0,yes,4.6,card,454,no,4238.55,yes
RID-02361,32,core,24.68,hiking,1,0,yes,3.3,card,246,no,928.59,yes
RID-02362,33,summit,69.34,camping,5,2,yes,3.5,card,593,no,3028.96,yes
RID-02363,33,core,25.39,fishing,4,0,no,4.1,paypal,827,no,1355.2,yes
RID-02364,33,plus,47.78,camping,2,1,no,4.7,card,323,no,1475.88,yes
RID-02365,47,plus,43.1,camping,1,0,yes,3.8,card,228,no,2510.58,yes
RID-02366,9,core,25.77,hiking,0,0,no,3.3,card,212,yes,450.24,yes
RID-02367,26,core,24.02,climbing,1,0,yes,4.6,card,311,no,748.83,no
RID-02368,35,core,22.83,camping,2,0,no,3.2,card,320,no,1243.42,no
RID-02369,33,summit,88.23,climbing,0,1,yes,4.2,paypal,356,no,4234.97,no
RID-02370,44,summit,78.76,hiking,0,0,yes,4.0,paypal,67,no,4792.88,no
RID-02371,20,summit,81.22,camping,2,1,yes,3.0,bnpl,346,no,3858.07,no
RID-02372,57,plus,38.52,camping,0,0,yes,5.0,card,340,yes,2682.39,no
RID-02373,0,plus,44.8,hiking,3,0,yes,4.0,paypal,443,yes,331.07,yes
RID-02374,44,plus,46.82,hiking,0,0,yes,3.1,card,491,yes,2260.72,no
RID-02375,10,plus,44.7,camping,0,0,yes,4.0,card,621,yes,686.45,no
RID-02376,36,summit,56.64,hiking,1,0,no,2.7,card,366,no,1271.0,no
RID-02377,1,core,26.37,hiking,1,0,no,4.3,card,494,no,264.48,yes
RID-02378,14,summit,81.35,fishing,4,3,yes,4.6,paypal,369,no,1398.16,no
RID-02379,23,summit,73.39,climbing,2,0,yes,5.0,bnpl,613,yes,1885.0,no
RID-02380,5,core,26.39,camping,0,0,no,4.1,card,275,yes,309.78,yes
RID-02381,20,summit,62.06,hiking,1,1,yes,3.5,paypal,187,no,1361.02,no
RID-02382,38,summit,75.84,camping,1,2,yes,4.2,card,301,yes,1652.68,no
RID-02383,9,core,31.24,hiking,1,1,yes,5.0,paypal,707,no,351.77,no
RID-02384,38,core,27.22,hiking,1,0,yes,4.4,card,198,yes,876.85,no
RID-02385,28,plus,42.03,fishing,3,0,yes,4.6,card,698,no,1277.5,no
RID-02386,51,summit,61.33,hiking,0,1,no,4.6,paypal,379,no,2245.59,no
RID-02387,38,core,27.27,fishing,2,0,no,4.4,card,528,no,1420.55,yes
RID-02388,27,plus,47.32,hiking,1,0,no,2.9,card,404,no,2360.47,no
RID-02389,50,plus,51.32,hiking,2,0,yes,2.9,bnpl,318,no,2967.06,yes
RID-02390,10,plus,41.14,camping,2,1,no,2.8,card,186,yes,157.21,no
RID-02391,34,core,27.14,camping,1,0,yes,3.1,card,1204,no,1253.72,yes
RID-02392,13,core,22.92,climbing,1,3,no,3.2,card,81,no,515.95,no
RID-02393,27,summit,80.49,fishing,1,0,yes,5.0,paypal,580,no,2141.22,no
RID-02394,29,core,21.22,hiking,1,2,no,3.5,card,57,no,730.25,yes
RID-02395,36,plus,43.5,hiking,2,1,yes,4.1,bnpl,782,no,2089.83,yes
RID-02396,19,plus,58.71,camping,1,1,yes,3.8,card,454,no,811.76,no
RID-02397,40,summit,87.9,hiking,3,0,yes,4.1,card,146,no,6088.49,no
RID-02398,10,summit,58.87,fishing,3,0,yes,4.1,card,156,no,724.57,no
RID-02399,10,summit,74.72,camping,3,0,yes,3.1,card,301,no,872.37,no
RID-02400,6,plus,46.44,camping,0,1,yes,4.4,card,52,yes,385.68,no
RID-02401,29,core,21.98,climbing,1,0,yes,3.5,card,606,no,437.81,yes
RID-02402,25,core,27.05,camping,1,1,no,3.5,paypal,173,no,1302.52,no
RID-02403,50,plus,38.66,camping,2,0,yes,3.8,paypal,92,no,1263.31,no
RID-02404,20,core,29.25,hiking,1,0,no,4.6,paypal,541,no,1512.1,yes
RID-02405,35,core,27.19,climbing,0,0,yes,3.5,paypal,42,no,1596.35,no
RID-02406,58,core,24.49,fishing,1,0,no,4.1,card,277,no,1127.98,yes
RID-02407,37,core,30.02,fishing,0,2,no,4.3,card,122,no,1361.17,no
RID-02408,52,plus,42.6,hiking,1,0,no,4.2,card,395,no,1658.59,no
RID-02409,31,summit,73.51,climbing,5,1,yes,4.2,card,615,yes,1671.42,no
RID-02410,11,core,23.66,hiking,5,0,yes,2.9,paypal,50,yes,128.39,no
RID-02411,27,core,21.55,hiking,1,3,yes,4.1,card,619,no,1081.32,yes
RID-02412,45,plus,41.21,camping,3,0,no,3.3,paypal,249,no,1584.82,yes
RID-02413,7,core,25.75,camping,1,1,yes,2.7,card,109,no,225.54,no
RID-02414,29,summit,57.08,hiking,2,1,no,3.7,card,102,no,1975.39,no
RID-02415,31,plus,46.89,fishing,3,1,yes,3.6,bnpl,250,no,855.78,no
RID-02416,56,core,28.87,hiking,0,0,yes,5.0,card,42,no,2394.86,yes
RID-02417,59,plus,46.53,fishing,0,2,yes,4.7,bnpl,241,no,3686.4,no
RID-02418,37,plus,41.81,camping,0,2,yes,4.6,card,268,no,1387.85,no
RID-02419,12,plus,54.27,camping,0,0,yes,3.7,card,416,no,1212.73,no
RID-02420,12,core,22.46,fishing,2,1,yes,3.9,card,579,no,513.11,yes
RID-02421,36,core,19.88,hiking,2,2,yes,5.0,card,443,no,762.87,no
RID-02422,11,core,25.1,hiking,0,2,yes,3.5,bnpl,712,no,632.95,no
RID-02423,41,plus,45.42,camping,0,2,no,4.2,card,125,no,1554.1,yes
RID-02424,59,core,27.3,fishing,2,0,yes,5.0,card,378,no,1056.28,no
RID-02425,11,core,16.1,camping,0,0,yes,3.5,card,402,no,211.3,no
RID-02426,56,plus,42.71,fishing,0,0,yes,4.1,card,701,yes,5253.5,no
RID-02427,2,plus,38.88,camping,0,0,no,4.0,paypal,398,no,224.22,no
RID-02428,29,core,27.92,camping,3,1,yes,3.3,card,157,no,1659.48,yes
RID-02429,23,summit,83.24,fishing,0,0,no,4.6,paypal,283,no,2952.74,no
RID-02430,34,plus,40.52,hiking,0,0,yes,3.2,card,382,no,1301.01,no
RID-02431,29,summit,80.62,camping,3,2,yes,4.6,paypal,73,no,2202.07,no
RID-02432,33,core,20.89,hiking,4,1,yes,4.3,card,763,no,851.77,yes
RID-02433,7,plus,38.76,camping,0,3,yes,4.7,bnpl,287,yes,528.31,yes
RID-02434,46,core,27.16,camping,1,0,yes,3.9,card,988,no,2011.59,yes
RID-02435,57,core,19.0,camping,1,0,yes,4.3,paypal,85,yes,1031.61,yes
RID-02436,28,core,20.57,hiking,1,0,no,4.8,card,132,no,845.42,yes
RID-02437,52,core,26.85,camping,0,0,no,2.9,card,412,no,2502.45,no
RID-02438,7,summit,93.22,fishing,1,0,no,3.1,card,214,no,693.44,no
RID-02439,44,summit,79.46,climbing,0,1,no,4.4,paypal,562,no,2297.21,no
RID-02440,19,core,28.64,camping,0,0,yes,4.6,card,303,no,760.1,yes
RID-02441,40,core,24.96,hiking,2,1,no,4.1,card,292,no,620.38,yes
RID-02442,34,core,32.18,hiking,1,0,yes,4.7,paypal,283,no,858.1,no
RID-02443,2,plus,44.04,climbing,1,1,yes,3.7,card,95,no,185.49,no
RID-02444,21,core,21.92,hiking,1,0,no,5.0,card,309,no,804.32,yes
RID-02445,26,plus,40.57,climbing,2,0,yes,3.9,card,124,no,1145.01,yes
RID-02446,49,core,21.88,camping,2,0,yes,3.4,card,1014,yes,1150.11,yes
RID-02447,6,plus,48.91,hiking,0,0,yes,5.0,bnpl,32,no,1040.85,no
RID-02448,57,summit,67.08,camping,2,0,no,4.6,paypal,340,yes,3016.53,no
RID-02449,2,core,24.08,fishing,1,1,yes,3.7,card,371,no,132.4,yes
RID-02450,14,summit,79.62,hiking,0,0,yes,3.7,card,415,no,1047.45,no
RID-02451,8,summit,86.55,hiking,2,0,yes,4.5,paypal,495,no,542.96,yes
RID-02452,54,plus,42.07,hiking,3,1,no,3.2,paypal,59,no,2275.55,no
RID-02453,34,core,23.94,camping,4,2,yes,4.2,card,381,yes,740.99,yes
RID-02454,43,plus,49.19,camping,2,1,no,3.9,bnpl,270,no,2309.69,yes
RID-02455,41,core,25.84,camping,3,1,yes,4.2,bnpl,240,no,905.37,yes
RID-02456,35,summit,70.81,climbing,2,0,no,2.5,card,539,yes,2746.22,no
RID-02457,18,plus,47.45,climbing,0,0,yes,3.3,bnpl,655,no,916.64,no
RID-02458,7,summit,82.66,camping,0,0,yes,4.2,paypal,81,no,972.16,no
RID-02459,26,plus,48.22,hiking,1,0,no,4.8,paypal,286,no,1468.59,no
RID-02460,25,core,22.76,hiking,1,0,yes,3.9,card,476,no,730.44,yes
RID-02461,26,plus,49.47,hiking,0,1,yes,4.5,card,307,no,1360.56,no
RID-02462,60,summit,55.0,hiking,1,0,no,2.9,card,622,no,2987.59,no
RID-02463,7,core,26.69,fishing,1,0,no,3.7,card,152,no,181.81,yes
RID-02464,39,core,26.62,hiking,3,1,no,4.2,card,587,no,2276.97,no
RID-02465,9,summit,88.27,hiking,3,1,yes,4.0,card,216,no,692.08,yes
RID-02466,36,core,29.83,climbing,1,0,yes,4.6,card,123,yes,1187.72,yes
RID-02467,41,summit,82.19,climbing,2,0,no,3.8,bnpl,309,no,2501.49,no
RID-02468,2,core,23.52,hiking,0,2,no,3.8,card,251,no,142.82,yes
RID-02469,28,summit,55.0,camping,0,0,yes,4.5,bnpl,73,no,2046.17,no
RID-02470,19,plus,54.96,camping,1,0,yes,3.6,card,288,no,1692.36,yes
RID-02471,29,core,26.0,hiking,2,1,yes,3.3,card,524,yes,1130.38,no
RID-02472,29,core,26.81,climbing,1,1,no,4.3,paypal,683,no,2444.64,yes
RID-02473,28,core,24.97,climbing,2,0,yes,3.3,card,474,no,851.54,yes
RID-02474,39,plus,40.75,camping,1,0,yes,5.0,card,143,no,1144.84,yes
RID-02475,12,core,24.36,camping,0,0,yes,2.6,card,366,no,703.58,yes
RID-02476,52,core,18.8,climbing,0,1,no,3.8,paypal,62,no,1711.04,yes
RID-02477,51,plus,49.22,hiking,1,1,yes,5.0,paypal,432,no,4347.25,no
RID-02478,27,summit,78.43,climbing,1,0,yes,5.0,card,406,no,1397.14,no
RID-02479,55,core,25.24,climbing,1,0,no,3.9,card,142,no,1069.08,yes
RID-02480,16,plus,46.98,camping,3,0,no,4.8,bnpl,211,no,388.59,no
RID-02481,12,summit,57.11,climbing,1,1,yes,4.6,paypal,341,no,1843.81,no
RID-02482,17,plus,50.31,hiking,1,0,yes,3.6,card,403,no,829.66,yes
RID-02483,47,summit,69.49,hiking,3,0,yes,4.4,paypal,539,no,2134.19,no
RID-02484,8,plus,45.54,hiking,2,0,yes,3.4,card,61,no,282.23,no
RID-02485,18,plus,50.87,climbing,2,0,yes,2.8,paypal,56,no,947.05,no
RID-02486,8,summit,81.1,camping,0,2,yes,4.4,card,348,no,1211.3,no
RID-02487,27,core,26.78,camping,0,0,yes,4.4,card,464,no,916.62,yes
RID-02488,18,plus,38.53,camping,1,0,no,3.1,card,225,no,554.42,yes
RID-02489,49,plus,39.97,climbing,1,1,yes,3.9,bnpl,206,no,1783.09,yes
RID-02490,46,core,24.82,climbing,3,1,no,3.1,paypal,121,no,932.45,yes
RID-02491,53,plus,42.14,camping,1,1,yes,3.7,card,490,no,4541.42,no
RID-02492,25,plus,44.62,camping,0,1,yes,3.7,card,322,no,1251.83,no
RID-02493,32,core,22.64,camping,2,0,no,4.6,card,393,no,1105.87,yes
RID-02494,52,core,19.95,climbing,1,1,no,3.6,card,241,no,1042.72,yes
RID-02495,43,core,26.35,hiking,0,0,yes,3.1,paypal,215,no,560.67,yes
RID-02496,57,core,25.09,climbing,2,0,no,5.0,paypal,273,no,3061.74,yes
RID-02497,59,plus,45.22,climbing,1,0,no,4.4,card,253,no,3498.06,no
RID-02498,4,core,29.16,fishing,1,0,yes,4.7,card,649,no,369.7,yes
RID-02499,14,plus,41.29,hiking,1,0,no,4.5,card,109,yes,312.36,no
RID-02500,43,core,20.64,fishing,1,0,yes,4.7,card,496,no,1016.66,yes
RID-02501,5,summit,73.77,hiking,0,0,yes,4.3,paypal,172,yes,772.59,no
RID-02502,5,summit,86.3,climbing,0,0,yes,4.3,paypal,207,no,776.27,no
RID-02503,8,core,23.58,hiking,0,1,yes,4.1,paypal,348,yes,359.01,no
RID-02504,4,core,21.03,fishing,0,1,yes,3.7,paypal,455,no,430.67,no
RID-02505,40,core,28.07,hiking,2,1,yes,4.7,bnpl,244,no,2329.27,yes
RID-02506,16,core,28.71,climbing,2,0,yes,3.8,paypal,101,yes,430.66,yes
RID-02507,57,plus,40.04,hiking,2,0,yes,4.1,paypal,809,no,4398.35,yes
RID-02508,6,plus,41.71,fishing,0,0,no,4.3,card,67,no,519.72,no
RID-02509,27,plus,36.44,camping,0,0,no,4.3,card,106,no,1539.99,no
RID-02510,40,summit,75.56,hiking,2,0,no,3.2,card,702,no,4894.87,no
RID-02511,21,summit,74.65,camping,1,1,no,4.2,card,584,no,1227.06,no
RID-02512,43,core,30.76,fishing,2,0,no,3.2,paypal,742,no,2203.2,yes
RID-02513,51,plus,43.55,climbing,0,0,yes,4.1,paypal,172,no,2181.89,yes
RID-02514,38,plus,44.7,climbing,0,0,yes,4.6,card,134,no,1204.41,no
RID-02515,37,plus,47.2,hiking,2,0,yes,5.0,card,529,no,3610.93,no
RID-02516,35,core,26.55,climbing,2,0,yes,4.4,card,98,no,853.73,yes
RID-02517,60,core,27.36,hiking,2,0,yes,4.6,card,137,no,1781.68,yes
RID-02518,47,core,26.3,camping,1,2,no,3.2,paypal,71,no,1427.58,no
RID-02519,3,core,26.71,climbing,1,0,yes,4.4,card,163,no,176.04,yes
RID-02520,47,core,25.14,hiking,1,0,yes,3.2,card,120,no,985.28,yes
RID-02521,10,plus,45.82,camping,1,1,no,4.9,card,86,yes,642.03,no
RID-02522,53,core,26.85,climbing,0,1,no,3.2,bnpl,292,no,1508.02,yes
RID-02523,19,summit,84.88,camping,1,0,no,3.3,bnpl,199,no,1510.04,yes
RID-02524,42,core,31.41,climbing,1,0,no,4.6,card,383,no,1691.24,yes
RID-02525,45,summit,71.95,hiking,1,0,yes,5.0,card,103,no,5383.68,no
RID-02526,21,core,25.65,climbing,1,1,no,4.8,bnpl,159,no,310.79,yes
RID-02527,58,core,25.06,camping,0,2,yes,3.7,paypal,59,no,1342.82,no
RID-02528,32,core,25.58,climbing,2,2,no,3.3,paypal,193,no,871.71,yes
RID-02529,25,core,24.54,climbing,1,0,yes,3.7,paypal,528,yes,1516.84,no
RID-02530,29,core,25.73,climbing,1,1,yes,4.1,paypal,460,no,1537.74,yes
RID-02531,18,plus,53.96,hiking,2,0,no,3.9,paypal,249,no,736.81,no
RID-02532,6,core,24.44,climbing,2,0,no,3.2,paypal,983,no,690.6,yes
RID-02533,59,core,28.42,hiking,1,1,yes,5.0,paypal,63,no,1556.68,no
RID-02534,49,core,28.12,camping,1,0,yes,5.0,paypal,577,no,914.04,no
RID-02535,49,plus,49.05,camping,0,0,yes,5.0,bnpl,110,no,1259.26,yes
RID-02536,55,plus,48.68,hiking,0,1,yes,2.8,bnpl,263,no,5048.87,no
RID-02537,37,core,31.49,climbing,1,0,no,3.4,card,415,no,1495.15,no
RID-02538,60,core,24.92,hiking,1,1,yes,4.2,bnpl,145,no,1054.04,no
RID-02539,60,plus,46.81,climbing,0,0,no,4.0,card,170,no,5783.98,no
RID-02540,15,plus,47.67,climbing,2,0,yes,3.7,card,578,no,1264.54,yes
RID-02541,26,plus,43.89,hiking,2,0,no,3.4,card,287,no,1176.26,yes
RID-02542,5,plus,45.49,camping,0,3,no,3.3,card,71,no,274.8,yes
RID-02543,42,core,25.86,hiking,0,0,no,5.0,card,204,no,874.47,yes
RID-02544,6,plus,54.6,hiking,1,0,yes,2.9,bnpl,153,no,795.62,no
RID-02545,46,plus,44.64,camping,1,1,no,2.8,card,54,no,1390.28,no
RID-02546,49,plus,38.33,climbing,1,2,no,3.1,bnpl,72,no,1013.21,no
RID-02547,25,core,25.73,fishing,5,0,yes,4.1,card,339,no,882.47,yes
RID-02548,38,plus,48.47,camping,2,0,no,3.8,card,122,no,6857.14,no
RID-02549,57,plus,49.37,camping,0,0,no,4.3,card,1038,no,1920.89,no
RID-02550,46,plus,45.76,climbing,3,0,no,3.5,card,356,no,3118.31,yes
RID-02551,26,plus,35.6,fishing,0,1,no,4.1,bnpl,534,no,1128.78,no
RID-02552,55,plus,51.42,fishing,0,0,no,4.1,card,42,yes,3340.45,yes
RID-02553,2,core,25.59,fishing,2,1,yes,5.0,card,356,no,234.16,yes
RID-02554,13,core,28.38,hiking,2,0,yes,5.0,paypal,299,no,438.14,yes
RID-02555,19,core,20.12,fishing,4,1,yes,3.9,card,399,no,535.55,no
RID-02556,22,plus,46.14,hiking,2,0,no,4.6,card,18,no,754.89,yes
RID-02557,41,plus,43.44,camping,2,2,yes,4.1,card,852,no,3616.61,no
RID-02558,48,plus,50.93,climbing,1,1,yes,4.6,paypal,250,no,4542.21,no
RID-02559,3,plus,34.87,hiking,4,1,yes,4.3,card,249,no,158.68,no
RID-02560,15,plus,45.55,climbing,1,1,no,4.6,paypal,284,no,908.31,no
RID-02561,49,plus,42.29,climbing,0,0,no,4.6,paypal,138,yes,3390.95,no
RID-02562,30,core,26.37,fishing,1,0,yes,4.3,card,763,no,592.47,no
RID-02563,18,core,30.98,hiking,3,1,yes,4.1,paypal,32,no,1057.28,no
RID-02564,27,core,29.08,camping,0,0,no,4.8,bnpl,186,no,824.34,yes
RID-02565,36,plus,52.45,climbing,1,0,yes,3.9,card,192,no,1606.19,yes
RID-02566,36,core,28.74,hiking,2,0,yes,3.6,card,139,no,2068.64,yes
RID-02567,50,core,27.52,camping,1,0,no,2.8,paypal,228,no,2305.04,yes
RID-02568,60,core,23.2,hiking,1,2,no,4.3,paypal,186,yes,836.98,yes
RID-02569,49,plus,46.2,climbing,1,1,yes,4.5,card,117,no,3147.83,no
RID-02570,6,summit,74.76,fishing,1,0,no,2.7,bnpl,261,no,700.79,no
RID-02571,25,summit,75.95,climbing,1,1,no,3.5,card,302,no,888.98,no
RID-02572,29,core,22.74,climbing,0,0,yes,4.6,card,1134,no,1294.79,yes
RID-02573,38,plus,40.67,climbing,0,0,no,3.9,card,115,no,1313.37,no
RID-02574,58,core,22.76,camping,0,0,no,4.0,paypal,356,no,2195.45,yes
RID-02575,27,summit,74.38,hiking,0,1,yes,4.7,card,349,no,1559.85,no
RID-02576,21,core,21.57,hiking,1,0,yes,3.9,paypal,505,no,583.28,no
RID-02577,54,core,27.83,fishing,0,0,yes,4.3,bnpl,452,no,1333.63,yes
RID-02578,45,plus,50.68,camping,3,0,yes,3.2,card,45,no,1679.83,no
RID-02579,27,plus,32.69,fishing,0,0,yes,4.3,card,219,no,280.46,no
RID-02580,56,summit,85.43,climbing,1,0,yes,3.0,paypal,107,yes,7778.49,no
RID-02581,18,core,29.4,camping,0,0,yes,3.0,card,73,no,896.06,no
RID-02582,14,summit,68.99,hiking,0,0,no,3.6,card,217,no,1115.3,no
RID-02583,1,core,26.29,camping,0,0,no,4.4,paypal,367,yes,210.53,yes
RID-02584,4,core,27.4,hiking,0,0,no,4.0,paypal,693,no,392.89,yes
RID-02585,52,plus,47.53,hiking,0,2,no,3.4,card,281,no,4164.84,no
RID-02586,4,plus,38.67,climbing,0,2,yes,4.7,paypal,126,no,265.81,yes
RID-02587,46,summit,67.52,hiking,1,2,yes,4.2,paypal,307,no,3387.4,no
RID-02588,4,plus,42.68,climbing,1,0,no,4.8,card,391,no,508.93,no
RID-02589,14,plus,43.79,hiking,2,1,no,3.3,card,625,no,610.74,no
RID-02590,21,core,25.87,fishing,1,0,yes,5.0,paypal,109,no,260.29,yes
RID-02591,13,summit,65.43,fishing,1,0,no,5.0,card,71,no,1082.9,yes
RID-02592,7,plus,49.54,climbing,2,0,no,4.7,card,324,no,476.48,no
RID-02593,60,plus,56.01,camping,2,0,no,4.4,card,259,no,2149.44,no
RID-02594,24,summit,55.71,fishing,1,0,no,4.4,paypal,203,yes,1515.07,no
RID-02595,25,core,26.7,climbing,2,1,no,4.2,card,247,yes,1018.69,yes
RID-02596,46,summit,88.34,fishing,1,2,no,3.0,card,111,no,6185.28,no
RID-02597,55,plus,36.09,camping,0,1,yes,3.6,paypal,39,no,1181.26,yes
RID-02598,18,summit,66.88,fishing,2,0,no,3.9,bnpl,444,yes,1178.45,no
RID-02599,27,plus,47.22,camping,0,0,no,3.2,card,425,no,1725.29,no
RID-02600,29,plus,56.0,hiking,2,0,yes,5.0,paypal,79,yes,2652.75,yes
RID-02601,15,plus,42.13,climbing,0,1,no,4.4,card,237,no,978.84,no
RID-02602,7,plus,41.82,hiking,1,0,yes,5.0,card,409,no,558.66,yes
RID-02603,56,core,18.64,camping,1,3,no,4.6,card,373,no,1458.08,no
RID-02604,42,plus,46.17,hiking,4,0,no,3.0,paypal,142,no,1469.74,no
RID-02605,41,plus,49.13,camping,4,0,yes,5.0,card,300,yes,1743.55,no
RID-02606,19,summit,72.84,hiking,0,0,no,3.7,bnpl,98,no,1216.29,no
RID-02607,40,summit,89.01,camping,1,1,yes,5.0,card,474,no,2911.03,yes
RID-02608,8,core,25.93,hiking,0,1,no,5.0,paypal,223,no,386.41,yes
RID-02609,7,core,23.71,hiking,3,0,yes,5.0,card,309,no,291.23,yes
RID-02610,58,core,24.87,fishing,1,0,yes,4.8,paypal,350,no,1168.32,no
RID-02611,13,plus,48.28,hiking,0,0,no,4.3,bnpl,226,no,798.37,no
RID-02612,46,summit,73.71,hiking,0,1,yes,4.0,bnpl,350,no,3001.98,no
RID-02613,16,plus,43.2,fishing,2,2,yes,5.0,paypal,486,no,733.02,yes
RID-02614,39,summit,79.62,fishing,1,0,no,4.2,card,110,no,1906.49,no
RID-02615,37,plus,40.98,climbing,1,1,yes,3.7,paypal,564,yes,3545.69,no
RID-02616,44,plus,51.57,hiking,0,0,yes,4.3,bnpl,177,no,1661.7,no
RID-02617,58,summit,62.2,camping,1,0,no,4.9,card,363,no,4909.26,no
RID-02618,25,core,25.67,climbing,0,2,yes,4.8,card,221,no,889.02,no
RID-02619,52,plus,41.12,fishing,4,1,yes,3.2,card,322,no,1358.53,no
RID-02620,18,core,22.84,fishing,2,0,no,4.8,paypal,536,no,610.55,no
RID-02621,58,core,21.76,camping,2,0,yes,4.5,card,261,no,1624.19,yes
RID-02622,30,plus,35.41,camping,5,0,yes,3.7,card,346,no,1202.1,no
RID-02623,51,core,22.75,fishing,2,1,yes,3.4,card,644,no,1256.86,yes
RID-02624,50,plus,37.72,fishing,1,0,yes,5.0,paypal,182,yes,2034.79,no
RID-02625,38,core,20.64,climbing,1,1,no,5.0,card,130,no,1015.94,yes
RID-02626,58,core,21.52,camping,1,0,yes,5.0,bnpl,510,no,1038.62,yes
RID-02627,41,core,21.94,climbing,1,0,no,3.0,card,231,no,1744.76,yes
RID-02628,36,summit,87.58,hiking,3,0,yes,3.8,card,206,no,4428.87,no
RID-02629,15,plus,42.11,hiking,2,0,yes,4.0,paypal,569,no,348.05,no
RID-02630,22,summit,73.9,camping,1,1,no,5.0,card,144,no,1545.61,no
RID-02631,0,plus,52.45,camping,0,0,yes,4.6,paypal,367,no,177.78,no
RID-02632,43,core,20.68,hiking,1,0,yes,3.8,bnpl,720,no,1253.04,yes
RID-02633,37,plus,39.05,camping,1,1,yes,4.1,card,102,no,1163.7,no
RID-02634,42,core,26.58,hiking,0,2,no,4.5,card,733,no,1675.71,no
RID-02635,38,core,22.29,camping,1,0,yes,4.6,card,194,no,324.41,yes
RID-02636,15,plus,52.6,hiking,1,0,yes,5.0,card,205,yes,970.42,no
RID-02637,60,plus,51.52,fishing,1,0,no,5.0,card,68,no,2536.72,no
RID-02638,26,summit,65.83,climbing,0,0,yes,4.9,paypal,318,no,1790.05,no
RID-02639,42,core,19.4,camping,1,1,no,3.4,card,112,no,542.52,yes
RID-02640,8,plus,46.12,climbing,0,1,no,3.5,paypal,378,yes,510.75,yes
RID-02641,36,plus,32.24,camping,2,1,no,3.3,card,244,no,438.75,no
RID-02642,24,plus,39.07,hiking,1,2,yes,4.3,paypal,314,no,856.21,no
RID-02643,56,summit,65.82,camping,1,0,no,3.6,card,417,no,4129.31,no
RID-02644,46,plus,41.82,fishing,2,2,yes,4.4,card,856,no,3622.47,no
RID-02645,57,core,23.79,camping,0,0,yes,4.6,card,263,no,4184.61,yes
RID-02646,19,summit,90.2,fishing,1,1,yes,4.2,paypal,381,no,1294.41,no
RID-02647,40,plus,53.64,climbing,0,0,yes,4.7,bnpl,342,no,2821.13,no
RID-02648,38,summit,69.71,hiking,3,1,yes,3.5,card,310,no,2342.95,no
RID-02649,15,plus,42.14,fishing,3,0,no,2.9,bnpl,80,no,659.55,no
RID-02650,19,summit,66.02,hiking,2,0,yes,3.5,card,136,no,1389.28,no
RID-02651,41,core,21.65,climbing,1,1,yes,4.7,bnpl,86,no,867.14,no
RID-02652,8,plus,41.13,climbing,1,0,yes,5.0,card,672,no,1098.29,no
RID-02653,24,core,29.37,camping,0,1,yes,5.0,card,681,no,941.61,yes
RID-02654,45,plus,45.93,camping,0,0,no,3.9,paypal,419,no,1461.47,no
RID-02655,51,summit,71.09,fishing,0,1,yes,4.7,card,512,no,4182.37,no
RID-02656,35,plus,37.94,camping,0,0,no,3.0,bnpl,88,no,939.09,no
RID-02657,40,plus,44.87,fishing,2,0,no,5.0,bnpl,381,no,1590.47,no
RID-02658,50,core,25.39,camping,1,0,yes,4.4,card,160,no,2140.61,yes
RID-02659,14,core,20.58,hiking,4,1,no,4.6,card,110,no,402.45,yes
RID-02660,41,plus,41.0,hiking,2,0,no,2.6,card,512,no,2310.34,yes
RID-02661,44,plus,58.43,hiking,0,2,no,4.4,card,379,no,2469.98,yes
RID-02662,49,core,26.7,fishing,1,2,yes,5.0,paypal,97,no,1501.02,yes
RID-02663,37,plus,40.4,camping,2,0,yes,4.3,card,630,no,1344.79,no
RID-02664,9,plus,54.64,hiking,2,0,no,4.0,card,246,no,871.72,no
RID-02665,3,core,25.24,camping,1,0,yes,3.8,card,435,no,216.2,yes
RID-02666,37,core,24.27,camping,2,1,yes,3.5,paypal,178,no,771.94,yes
RID-02667,16,core,29.71,camping,0,0,yes,4.1,card,319,no,649.68,no
RID-02668,22,plus,39.29,hiking,2,0,yes,3.1,paypal,455,no,1490.98,no
RID-02669,28,summit,75.4,hiking,2,1,yes,4.4,paypal,104,no,2373.03,no
RID-02670,45,plus,46.3,camping,1,2,yes,4.9,card,749,no,2921.96,no
RID-02671,21,core,22.06,fishing,0,0,no,3.7,paypal,424,no,357.61,no
RID-02672,35,summit,76.36,hiking,1,1,yes,4.3,card,345,no,2316.74,no
RID-02673,30,core,28.1,fishing,0,1,yes,4.0,paypal,27,no,932.29,yes
RID-02674,3,plus,47.49,camping,0,1,no,4.3,card,265,no,107.01,no
RID-02675,42,core,23.76,climbing,0,0,no,4.7,card,518,no,814.94,yes
RID-02676,32,summit,78.99,camping,2,0,yes,4.3,bnpl,35,no,1783.28,no
RID-02677,13,plus,45.7,hiking,0,0,yes,4.7,card,676,no,831.79,yes
RID-02678,45,core,24.93,fishing,4,1,no,4.4,card,66,no,1433.12,yes
RID-02679,6,core,22.74,climbing,2,0,no,4.7,card,317,no,452.4,yes
RID-02680,16,core,22.93,hiking,3,0,no,4.3,paypal,776,no,566.29,yes
RID-02681,14,core,23.68,climbing,1,0,yes,4.3,paypal,355,no,556.08,no
RID-02682,39,core,19.29,hiking,0,1,no,4.6,card,474,no,701.76,no
RID-02683,60,plus,45.39,camping,0,0,yes,4.0,card,513,no,2897.57,no
RID-02684,51,summit,77.1,climbing,1,0,no,4.4,paypal,395,no,3491.26,no
RID-02685,8,core,26.03,fishing,0,0,yes,3.4,paypal,130,no,411.57,no
RID-02686,3,plus,49.3,camping,0,1,yes,2.7,paypal,220,no,155.26,no
RID-02687,48,summit,80.81,climbing,0,0,no,4.1,card,132,no,3302.32,no
RID-02688,35,plus,47.08,fishing,0,0,no,3.4,card,725,yes,1990.8,no
RID-02689,21,plus,44.13,hiking,2,0,no,5.0,card,224,no,1059.64,yes
RID-02690,54,plus,41.62,hiking,1,0,yes,3.4,card,546,no,2752.39,no
RID-02691,10,plus,44.16,camping,0,0,no,4.6,paypal,433,no,603.31,no
RID-02692,7,plus,44.1,camping,2,1,yes,3.5,bnpl,307,no,836.98,no
RID-02693,30,summit,72.54,hiking,1,0,yes,4.0,paypal,126,no,3946.85,no
RID-02694,16,core,25.33,climbing,2,2,no,3.2,card,153,no,411.36,yes
RID-02695,14,core,20.5,camping,3,1,yes,3.1,paypal,170,no,467.5,yes
RID-02696,38,plus,44.0,hiking,3,1,yes,4.2,card,91,no,1905.47,no
RID-02697,18,core,26.97,hiking,2,0,yes,3.7,card,909,no,1080.56,yes
RID-02698,35,core,29.36,camping,0,2,yes,4.6,card,413,no,1255.34,no
RID-02699,34,core,23.0,climbing,0,0,yes,5.0,paypal,306,yes,610.76,yes
RID-02700,48,plus,45.37,climbing,0,1,yes,2.8,paypal,46,no,3348.2,no
RID-02701,59,plus,37.94,hiking,0,0,yes,4.8,bnpl,236,no,2785.4,yes
RID-02702,38,summit,93.64,hiking,1,0,yes,3.3,card,252,no,7983.29,yes
RID-02703,17,core,22.64,hiking,0,1,no,3.8,card,289,no,293.27,yes
RID-02704,35,plus,39.85,hiking,1,1,yes,2.9,card,294,no,1646.54,yes
RID-02705,29,core,28.33,climbing,1,0,yes,3.0,bnpl,396,no,1052.34,no
RID-02706,27,core,26.2,climbing,3,1,yes,2.5,card,85,no,623.79,yes
RID-02707,21,plus,49.15,climbing,5,0,yes,3.7,card,185,no,776.74,no
RID-02708,4,core,24.58,camping,2,3,yes,4.0,card,376,no,253.23,no
RID-02709,15,plus,33.74,climbing,4,1,no,3.7,paypal,382,no,559.63,no
RID-02710,36,plus,50.98,hiking,2,0,yes,2.7,card,314,yes,1818.16,no
RID-02711,4,plus,42.2,camping,1,0,no,2.5,card,483,no,281.68,no
RID-02712,9,plus,53.34,camping,1,0,no,4.0,paypal,218,no,313.26,no
RID-02713,34,summit,70.59,fishing,1,0,no,4.6,paypal,266,no,1975.05,no
RID-02714,60,core,27.43,climbing,0,0,yes,4.2,paypal,487,no,1572.87,yes
RID-02715,10,summit,87.16,fishing,1,0,yes,5.0,card,92,no,937.71,no
RID-02716,4,core,25.81,hiking,0,2,yes,4.0,card,735,no,482.89,no
RID-02717,21,plus,51.12,fishing,0,3,yes,4.2,card,449,no,1515.83,yes
RID-02718,4,summit,69.6,hiking,0,0,no,4.0,bnpl,171,no,562.81,no
RID-02719,54,core,29.28,climbing,3,1,yes,3.4,card,500,yes,1924.26,no
RID-02720,48,summit,62.14,camping,2,2,yes,3.9,card,105,no,7394.63,no
RID-02721,7,plus,43.35,climbing,0,0,no,4.6,card,662,no,643.41,no
RID-02722,6,summit,59.99,hiking,4,0,yes,4.7,card,49,no,156.29,no
RID-02723,32,core,24.94,camping,1,0,yes,4.3,card,83,no,719.78,yes
RID-02724,24,plus,43.87,camping,3,0,yes,5.0,paypal,140,no,4456.73,no
RID-02725,42,core,26.27,hiking,0,0,yes,4.3,bnpl,151,no,590.31,yes
RID-02726,56,core,28.28,camping,0,0,no,4.2,card,337,no,1990.92,yes
RID-02727,20,plus,52.96,hiking,1,2,yes,5.0,paypal,475,no,2985.27,yes
RID-02728,48,plus,51.36,hiking,1,1,no,3.5,card,60,no,1435.16,no
RID-02729,20,plus,49.85,fishing,1,2,yes,5.0,card,691,no,2285.9,no
RID-02730,14,plus,50.71,hiking,0,0,yes,3.3,card,380,no,1556.64,yes
RID-02731,59,summit,77.73,climbing,3,2,yes,3.8,card,898,yes,4374.35,no
RID-02732,15,plus,39.55,climbing,0,0,no,2.6,card,257,no,325.15,no
RID-02733,8,core,17.65,climbing,0,2,yes,4.2,paypal,741,no,430.86,no
RID-02734,36,plus,46.02,camping,1,0,yes,5.0,paypal,951,no,1992.63,no
RID-02735,36,plus,41.14,hiking,0,0,yes,3.3,bnpl,151,no,1479.16,yes
RID-02736,29,core,28.39,camping,2,0,yes,3.8,card,136,yes,1149.51,no
RID-02737,5,plus,39.42,climbing,3,1,no,3.8,paypal,211,no,356.32,yes
RID-02738,7,core,23.47,camping,0,0,no,3.8,paypal,198,no,113.88,no
RID-02739,46,plus,45.81,hiking,4,0,yes,3.2,card,330,no,2036.51,no
RID-02740,9,core,26.49,fishing,0,2,yes,4.0,card,203,no,459.42,yes
RID-02741,16,plus,42.92,climbing,2,0,yes,5.0,paypal,499,no,942.8,yes
RID-02742,48,plus,44.16,camping,1,0,no,3.6,card,409,no,3934.53,no
RID-02743,20,summit,85.45,hiking,1,1,yes,4.2,paypal,141,no,830.54,no
RID-02744,21,plus,42.49,hiking,2,1,no,4.2,card,255,no,1602.05,no
RID-02745,55,summit,64.63,fishing,1,0,yes,3.7,card,520,no,3219.2,yes
RID-02746,48,plus,38.72,climbing,1,0,yes,4.2,bnpl,358,no,2148.99,no
RID-02747,43,core,29.98,camping,0,2,no,3.7,card,428,no,2233.47,yes
RID-02748,11,core,24.07,fishing,1,0,yes,4.3,bnpl,136,no,299.37,yes
RID-02749,17,core,23.62,camping,0,0,yes,3.9,paypal,280,yes,517.46,no
RID-02750,36,core,24.83,camping,4,0,no,2.9,card,98,no,1229.95,yes
RID-02751,51,plus,53.47,camping,2,1,no,2.7,card,307,no,2273.34,yes
RID-02752,30,core,20.63,camping,1,0,no,2.4,paypal,244,no,837.68,yes
RID-02753,45,summit,67.09,hiking,0,1,no,3.7,card,322,no,2002.98,yes
RID-02754,19,core,31.59,camping,1,0,yes,4.6,card,127,no,983.2,yes
RID-02755,22,core,24.86,camping,0,0,yes,3.5,card,382,no,846.33,no
RID-02756,37,plus,45.77,camping,4,0,yes,3.8,bnpl,531,no,1463.42,yes
RID-02757,34,summit,78.47,fishing,1,1,yes,3.5,card,30,no,4483.83,no
RID-02758,7,summit,74.97,climbing,0,0,no,3.4,card,76,no,680.65,no
RID-02759,23,summit,69.72,climbing,2,0,yes,5.0,paypal,149,no,1045.28,yes
RID-02760,52,summit,63.48,climbing,2,0,no,3.4,paypal,208,no,4624.76,yes
RID-02761,32,core,29.93,climbing,1,0,yes,3.0,card,172,no,1421.15,yes
RID-02762,45,plus,37.78,camping,1,1,yes,3.3,card,93,no,768.45,no
RID-02763,50,core,23.99,fishing,1,1,yes,4.1,card,324,no,630.71,no
RID-02764,17,summit,77.77,hiking,1,1,yes,3.6,card,311,no,1291.87,no
RID-02765,14,core,25.09,hiking,1,0,yes,4.2,card,172,no,258.68,no
RID-02766,35,plus,45.9,fishing,1,1,yes,3.5,paypal,360,no,2297.14,yes
RID-02767,29,core,27.82,camping,0,1,no,3.6,card,236,no,682.46,no
RID-02768,55,summit,80.87,camping,2,1,yes,3.5,paypal,764,no,3802.8,no
RID-02769,11,core,21.68,fishing,1,1,yes,3.9,card,63,no,540.17,yes
RID-02770,25,summit,79.42,hiking,0,1,yes,4.5,card,131,no,3509.88,no
RID-02771,2,summit,75.23,hiking,0,1,yes,4.6,bnpl,219,no,163.23,no
RID-02772,22,core,24.68,fishing,2,2,no,5.0,paypal,547,no,1173.28,yes
RID-02773,35,plus,52.6,fishing,0,0,no,3.0,paypal,450,no,3995.65,no
RID-02774,48,core,27.71,fishing,0,0,yes,3.2,paypal,381,no,1406.36,no
RID-02775,51,core,24.35,camping,2,3,yes,3.3,paypal,81,no,1030.91,no
RID-02776,0,core,23.54,fishing,0,1,yes,4.0,card,157,no,24.98,no
RID-02777,53,plus,49.78,climbing,2,2,no,3.2,paypal,237,no,1533.93,no
RID-02778,41,core,28.34,climbing,2,0,yes,3.5,card,498,no,1295.45,yes
RID-02779,12,plus,42.4,camping,0,3,no,4.5,bnpl,251,no,436.14,no
RID-02780,13,plus,42.52,hiking,1,0,yes,4.8,card,405,no,569.4,no
RID-02781,47,core,29.19,camping,0,0,no,4.5,paypal,366,no,1788.58,no
RID-02782,42,core,29.67,fishing,5,0,yes,4.2,card,407,no,3036.35,yes
RID-02783,12,core,22.97,hiking,2,1,yes,3.5,card,146,no,246.21,no
RID-02784,26,core,23.25,hiking,2,2,yes,4.0,card,458,no,669.11,no
RID-02785,52,summit,65.49,camping,1,0,no,4.9,card,389,yes,3533.06,no
RID-02786,1,core,23.58,hiking,1,1,no,4.5,card,727,no,331.76,no
RID-02787,31,plus,40.2,hiking,0,0,yes,4.7,paypal,195,no,2657.88,no
RID-02788,53,summit,77.82,climbing,2,1,yes,4.7,card,307,no,3974.77,no
RID-02789,0,core,27.15,hiking,2,2,no,3.8,card,92,no,61.54,no
RID-02790,33,plus,41.28,camping,1,0,yes,4.5,paypal,62,no,4407.15,yes
RID-02791,34,summit,77.15,hiking,0,0,yes,3.7,card,800,yes,6039.8,no
RID-02792,19,plus,41.69,camping,1,1,no,4.4,paypal,354,no,933.33,no
RID-02793,32,core,21.4,hiking,1,0,yes,4.9,paypal,57,no,419.24,no
RID-02794,42,plus,37.65,hiking,1,1,no,5.0,paypal,384,no,1171.89,no
RID-02795,17,summit,63.17,camping,2,1,no,4.4,bnpl,194,no,1198.12,yes
RID-02796,30,plus,42.77,camping,0,0,no,4.3,card,402,no,754.47,no
RID-02797,32,plus,46.71,climbing,2,1,yes,5.0,card,472,no,4323.63,yes
RID-02798,2,plus,42.92,hiking,2,0,no,3.4,paypal,332,no,124.66,yes
RID-02799,12,plus,46.08,camping,1,0,yes,5.0,paypal,214,no,686.15,no
RID-02800,39,core,21.57,hiking,2,1,yes,4.1,paypal,273,no,1250.48,yes
