customerID,Churn,MonthlyCharges,gender,SeniorCitizen,Partner,Dependents,tenure,PhoneService,MultipleLines,InternetService,OnlineSecurity,OnlineBackup,DeviceProtection,TechSupport,StreamingTV,StreamingMovies,Contract,PaperlessBilling,PaymentMethod,TotalCharges
MW-49541-DFWC,No,73.57,Female,0,Yes,No,6,Yes,No,DSL,Yes,Yes,No,Yes,No,No,Two year,No,Credit card (automatic),429.06
MW-24284-HAET,No,93.69,Male,0,Yes,Yes,56,Yes,Yes,DSL,No,Yes,No,No,Yes,Yes,One year,Yes,Electronic check,5247.28
MW-55234-PJCT,No,71.04,Male,1,No,Yes,47,Yes,Yes,DSL,No,No,No,No,No,No,Month-to-month,No,Mailed check,3353.7
MW-30423-GNDL,No,73.85,Male,1,Yes,No,32,Yes,No,No,No internet service,No internet service,No internet service,No internet service,No internet service,No internet service,One year,Yes,Electronic check,2337.51
MW-71851-WRME,Yes,37.96,Male,1,Yes,No,31,Yes,Yes,Fiber optic,Yes,No,Yes,No,No,No,Month-to-month,Yes,Electronic check,1174.22
MW-14694-GZYH,No,85.2,Female,1,No,No,62,Yes,No,DSL,Yes,No,No,Yes,No,No,One year,Yes,Bank transfer (automatic),5260.8
MW-65361-RUKF,Yes,58.31,Male,0,No,No,6,Yes,No,DSL,Yes,Yes,Yes,No,No,Yes,One year,Yes,Electronic check,345.67
MW-81138-JMJM,Yes,18.0,Female,0,Yes,No,50,No,No phone service,No,No internet service,No internet service,No internet service,No internet service,No internet service,No internet service,Month-to-month,Yes,Bank transfer (automatic),878.36
MW-41779-DHEJ,Yes,88.82,Male,0,Yes,No,14,Yes,Yes,Fiber optic,Yes,Yes,No,No,No,Yes,Month-to-month,Yes,Bank transfer (automatic),1245.91
MW-55292-GLZW,No,97.99,Female,0,Yes,No,6,Yes,No,Fiber optic,No,No,Yes,Yes,No,No,One year,Yes,Electronic check,581.55
MW-59793-QNHC,No,108.43,Female,1,Yes,No,38,Yes,Yes,DSL,No,No,No,No,No,No,Month-to-month,Yes,Mailed check,4131.55
MW-49890-QFAZ,No,120.0,Male,0,Yes,Yes,71,No,No phone service,DSL,No,Yes,No,No,Yes,Yes,Two year,Yes,Bank transfer (automatic),8538.43
MW-66314-FCQR,No,87.21,Male,0,Yes,No,53,Yes,Yes,No,No internet service,No internet service,No internet service,No internet service,No internet service,No internet service,One year,No,Credit card (automatic),4622.29
MW-83705-GFDL,Yes,79.42,Male,0,Yes,No,55,Yes,No,Fiber optic,No,No,No,No,No,No,One year,Yes,Electronic check,4381.5
MW-66617-KJYZ,No,96.75,Male,0,Yes,Yes,52,Yes,No,Fiber optic,No,No,No,No,No,No,Month-to-month,Yes,Credit card (automatic),5051.74
MW-12159-WPZF,No,37.39,Male,0,Yes,No,57,Yes,No,No,No internet service,No internet service,No internet service,No internet service,No internet service,No internet service,One year,No,Credit card (automatic),2117.4
MW-80800-TQQB,No,18.0,Male,0,No,Yes,37,Yes,No,Fiber optic,Yes,No,No,Yes,No,No,Two year,No,Bank transfer (automatic),687.52
MW-37287-DYGJ,Yes,49.69,Female,0,No,No,9,Yes,Yes,No,No internet service,No internet service,No internet service,No internet service,No internet service,No internet service,Month-to-month,Yes,Mailed check,446.66
MW-24920-SXKV,No,102.32,Female,0,No,No,61,Yes,No,DSL,No,No,No,Yes,No,Yes,Month-to-month,Yes,Bank transfer (automatic),6226.84
MW-40720-QEPZ,No,44.17,Female,0,No,Yes,32,Yes,No,DSL,No,Yes,No,No,No,No,Month-to-month,No,Credit card (automatic),1417.92
MW-38256-ZZBV,No,77.97,Female,0,Yes,No,36,Yes,No,No,No internet service,No internet service,No internet service,No internet service,No internet service,No internet service,Month-to-month,No,Electronic check,2805.84
MW-31312-MLLS,Yes,81.2,Male,0,No,Yes,27,No,No phone service,No,No internet service,No internet service,No internet service,No internet service,No internet service,No internet service,One year,Yes,Credit card (automatic),2171.29
MW-97790-NBKY,No,71.33,Female,0,Yes,No,13,Yes,No,Fiber optic,No,No,Yes,No,No,No,Month-to-month,No,Credit card (automatic),910.77
MW-88037-DFCT,No,25.67,Male,0,No,Yes,67,Yes,Yes,Fiber optic,Yes,No,Yes,Yes,No,No,One year,No,Mailed check,1744.45
MW-16285-VVBZ,No,74.28,Female,0,No,No,57,Yes,Yes,No,No internet service,No internet service,No internet service,No internet service,No internet service,No internet service,Month-to-month,Yes,Bank transfer (automatic),4238.14
MW-79537-XVWV,No,51.35,Female,0,No,No,47,Yes,No,Fiber optic,No,Yes,No,No,No,No,Month-to-month,Yes,Mailed check,2435.68
MW-74424-ASXP,Yes,115.09,Male,0,No,No,29,Yes,Yes,DSL,No,Yes,No,No,Yes,No,Month-to-month,Yes,Bank transfer (automatic),3331.36
MW-54982-XBQZ,No,98.11,Female,0,Yes,No,60,Yes,No,Fiber optic,Yes,No,No,Yes,Yes,No,Two year,Yes,Credit card (automatic),5874.58
MW-31277-PLGV,Yes,52.41,Male,1,Yes,No,39,Yes,Yes,Fiber optic,Yes,No,Yes,No,No,No,One year,Yes,Electronic check,2018.74
MW-40389-YKML,Yes,116.97,Female,1,Yes,No,32,Yes,Yes,Fiber optic,Yes,Yes,No,No,No,Yes,Month-to-month,Yes,Electronic check,3757.56
MW-99115-RMTZ,No,74.31,Male,0,Yes,Yes,32,No,No phone service,No,No internet service,No internet service,No internet service,No internet service,No internet service,No internet service,One year,Yes,Electronic check,2384.08
MW-82721-HFPN,No,18.0,Female,0,No,No,16,Yes,Yes,Fiber optic,Yes,Yes,Yes,Yes,No,No,Month-to-month,Yes,Credit card (automatic),281.89
MW-78967-LDCM,No,61.65,Male,0,Yes,No,6,Yes,No,DSL,Yes,No,No,Yes,Yes,No,Month-to-month,No,Mailed check,358.01
MW-77378-TPUD,No,113.06,Female,0,Yes,Yes,40,Yes,No,DSL,No,No,Yes,No,No,No,Month-to-month,No,Credit card (automatic),4539.3
MW-34138-YSRV,No,39.4,Female,0,No,No,64,Yes,No,No,No internet service,No internet service,No internet service,No internet service,No internet service,No internet service,Two year,Yes,Mailed check,2518.94
MW-80729-YVMT,No,61.95,Male,0,No,Yes,4,Yes,No,DSL,No,No,No,No,No,No,One year,Yes,Electronic check,245.3
MW-37444-LDZQ,No,23.2,Male,0,Yes,No,62,Yes,No,No,No internet service,No internet service,No internet service,No internet service,No internet service,No internet service,One year,Yes,Credit card (automatic),1429.39
MW-14516-USJU,No,27.97,Female,0,No,No,60,Yes,No,DSL,No,Yes,Yes,No,No,Yes,Month-to-month,Yes,Bank transfer (automatic),1672.09
MW-52699-HTVR,Yes,38.97,Male,0,Yes,Yes,20,Yes,No,Fiber optic,Yes,No,Yes,No,No,No,Month-to-month,Yes,Mailed check,787.65
MW-45241-MTBW,Yes,27.18,Male,0,No,No,46,Yes,No,No,No internet service,No internet service,No internet service,No internet service,No internet service,No internet service,One year,Yes,Electronic check,1229.03
MW-41665-NPED,Yes,45.45,Female,0,No,Yes,12,Yes,No,Fiber optic,Yes,Yes,Yes,No,No,No,Month-to-month,Yes,Electronic check,546.61
MW-25839-JVAR,Yes,116.15,Male,0,No,No,55,Yes,No,No,No internet service,No internet service,No internet service,No internet service,No internet service,No internet service,Two year,No,Electronic check,6402.58
MW-60991-ZSHH,No,62.92,Female,0,No,No,51,Yes,No,DSL,No,No,Yes,No,Yes,No,One year,No,Mailed check,3207.65
MW-53499-JDQU,Yes,87.57,Male,0,Yes,Yes,25,Yes,No,Fiber optic,Yes,No,Yes,No,No,Yes,Month-to-month,No,Bank transfer (automatic),2205.06
MW-17996-NBWK,No,96.75,Female,0,Yes,No,4,Yes,No,Fiber optic,No,Yes,No,Yes,No,Yes,One year,Yes,Electronic check,407.11
MW-34151-NNRA,No,30.75,Female,0,No,Yes,70,Yes,No,No,No internet service,No internet service,No internet service,No internet service,No internet service,No internet service,Two year,Yes,Electronic check,2166.05
MW-69559-FQKC,Yes,39.05,Female,0,No,No,32,Yes,No,DSL,No,No,Yes,Yes,No,Yes,Month-to-month,No,Electronic check,1241.54
MW-89072-YFFZ,No,86.97,Female,0,Yes,No,65,Yes,No,DSL,Yes,No,Yes,No,Yes,No,One year,Yes,Mailed check,5652.52
MW-60850-FPNZ,No,44.97,Female,0,No,Yes,49,Yes,No,Fiber optic,Yes,No,Yes,No,No,No,Two year,Yes,Credit card (automatic),2208.72
MW-28296-YMBV,Yes,84.99,Male,1,Yes,Yes,56,Yes,Yes,No,No internet service,No internet service,No internet service,No internet service,No internet service,No internet service,Month-to-month,No,Mailed check,4752.39
MW-87661-RADG,No,114.32,Female,0,Yes,No,55,Yes,Yes,No,No internet service,No internet service,No internet service,No internet service,No internet service,No internet service,Two year,Yes,Electronic check,6280.05
MW-91926-WGXB,No,20.34,Male,0,Yes,No,14,Yes,No,No,No internet service,No internet service,No internet service,No internet service,No internet service,No internet service,Month-to-month,Yes,Bank transfer (automatic),276.31
MW-69734-NYRN,No,53.29,Female,0,Yes,Yes,26,Yes,Yes,Fiber optic,No,No,No,No,No,Yes,One year,No,Credit card (automatic),1423.69
MW-20606-KQGN,No,58.05,Female,0,No,Yes,34,Yes,No,Fiber optic,Yes,No,No,No,No,No,One year,No,Credit card (automatic),1969.63
MW-81062-BFTY,No,48.21,Male,0,No,Yes,36,Yes,Yes,No,No internet service,No internet service,No internet service,No internet service,No internet service,No internet service,One year,Yes,Credit card (automatic),1751.59
MW-13410-LSLC,Yes,45.76,Female,1,No,Yes,3,Yes,No,No,No internet service,No internet service,No internet service,No internet service,No internet service,No internet service,Month-to-month,No,Credit card (automatic),124.24
MW-34398-ZMCA,No,49.24,Female,0,Yes,No,39,Yes,Yes,No,No internet service,No internet service,No internet service,No internet service,No internet service,No internet service,One year,No,Bank transfer (automatic),1945.89
MW-67342-ESHN,Yes,63.54,Male,0,No,Yes,11,Yes,Yes,No,No internet service,No internet service,No internet service,No internet service,No internet service,No internet service,Month-to-month,No,Credit card (automatic),693.26
MW-60504-DXZY,No,68.95,Male,0,Yes,Yes,54,Yes,Yes,No,No internet service,No internet service,No internet service,No internet service,No internet service,No internet service,Month-to-month,Yes,Electronic check,3724.09
MW-15871-QCCC,No,92.6,Female,0,Yes,No,49,Yes,Yes,DSL,No,Yes,No,Yes,No,Yes,Month-to-month,Yes,Credit card (automatic),4509.91
MW-50604-MXVN,No,63.25,Female,0,No,Yes,67,No,No phone service,DSL,Yes,Yes,No,Yes,No,No,One year,Yes,Credit card (automatic),4254.5
MW-55265-TMQP,No,97.55,Male,0,No,No,54,Yes,No,No,No internet service,No internet service,No internet service,No internet service,No internet service,No internet service,Month-to-month,Yes,Credit card (automatic),5287.7
MW-92285-QMTQ,No,46.25,Female,0,No,No,26,Yes,No,Fiber optic,Yes,No,No,Yes,No,No,Month-to-month,No,Mailed check,1184.69
MW-78414-GYMQ,No,27.96,Female,0,Yes,No,70,Yes,No,DSL,Yes,No,No,No,Yes,No,Two year,Yes,Credit card (automatic),1974.82
MW-84674-NHBF,No,54.86,Male,1,No,No,29,Yes,No,Fiber optic,No,No,No,No,Yes,No,Month-to-month,Yes,Electronic check,1570.88
MW-75899-YZDP,No,77.87,Female,0,No,No,23,Yes,Yes,Fiber optic,No,No,No,No,No,Yes,Month-to-month,Yes,Bank transfer (automatic),1800.49
MW-60818-GPRA,Yes,89.81,Female,0,Yes,Yes,66,Yes,No,No,No internet service,No internet service,No internet service,No internet service,No internet service,No internet service,Month-to-month,Yes,Mailed check,5923.14
MW-73560-YYYM,No,107.81,Female,0,No,No,27,Yes,Yes,No,No internet service,No internet service,No internet service,No internet service,No internet service,No internet service,Month-to-month,No,Bank transfer (automatic),2930.91
MW-64030-TZEE,No,72.71,Female,0,No,No,5,Yes,Yes,DSL,No,No,Yes,No,No,Yes,One year,Yes,Bank transfer (automatic),367.29
MW-72815-VHEF,Yes,86.59,Male,0,No,No,34,Yes,Yes,Fiber optic,No,No,No,Yes,No,Yes,Month-to-month,No,Mailed check,2958.03
MW-49243-SKHZ,Yes,105.06,Female,0,Yes,Yes,58,Yes,No,DSL,No,Yes,Yes,Yes,No,Yes,Month-to-month,Yes,Electronic check,6112.05
MW-56509-ZKFV,No,40.62,Male,0,No,Yes,13,Yes,Yes,No,No internet service,No internet service,No internet service,No internet service,No internet service,No internet service,Two year,Yes,Electronic check,523.69
MW-68050-UUFH,No,57.7,Male,0,No,No,33,Yes,No,DSL,No,Yes,Yes,No,No,Yes,Two year,No,Bank transfer (automatic),1903.67
MW-16816-BPBW,Yes,120.0,Male,0,No,No,9,Yes,No,Fiber optic,No,Yes,No,No,Yes,No,One year,No,Bank transfer (automatic),1063.33
MW-67913-HQDG,No,89.69,Male,0,Yes,No,50,Yes,Yes,Fiber optic,Yes,No,Yes,Yes,No,No,Two year,No,Bank transfer (automatic),4480.0
MW-55982-GWZP,No,79.32,Male,0,Yes,No,34,Yes,Yes,Fiber optic,No,Yes,No,Yes,No,Yes,Two year,No,Electronic check,2725.79
MW-69121-CZGR,No,90.81,Female,0,No,No,24,Yes,Yes,Fiber optic,No,No,No,No,No,Yes,Month-to-month,Yes,Credit card (automatic),2190.78
MW-41432-FLAL,No,23.93,Female,0,Yes,No,16,Yes,No,Fiber optic,No,Yes,No,No,No,Yes,One year,No,Bank transfer (automatic),367.21
MW-90768-SXYZ,Yes,44.6,Male,0,Yes,Yes,41,Yes,Yes,Fiber optic,Yes,Yes,No,No,No,No,One year,No,Electronic check,1853.07
MW-17336-ZKGD,Yes,33.63,Male,0,No,No,48,Yes,Yes,DSL,No,No,No,Yes,No,Yes,Month-to-month,No,Electronic check,1620.08
MW-52351-DATH,Yes,76.56,Male,0,Yes,Yes,68,Yes,No,Fiber optic,No,No,Yes,Yes,No,No,Month-to-month,Yes,Mailed check,5218.54
MW-59555-NJNL,No,52.93,Male,0,Yes,No,31,Yes,Yes,Fiber optic,No,No,Yes,No,No,Yes,Month-to-month,No,Mailed check,1648.19
MW-63558-QDXM,No,66.86,Male,0,Yes,No,11,Yes,Yes,DSL,Yes,No,No,No,No,Yes,One year,Yes,Electronic check,741.76
MW-90860-SYCF,No,54.67,Female,0,No,No,60,Yes,Yes,Fiber optic,Yes,No,No,No,No,No,One year,Yes,Electronic check,3250.23
MW-70155-PSMA,No,18.0,Female,0,No,No,45,Yes,Yes,DSL,Yes,No,Yes,No,Yes,No,One year,No,Electronic check,826.6
MW-11618-SRAY,Yes,90.55,Male,1,No,No,51,Yes,Yes,No,No internet service,No internet service,No internet service,No internet service,No internet service,No internet service,Month-to-month,Yes,Electronic check,4584.23
MW-58609-XGQV,Yes,18.0,Female,0,No,Yes,7,Yes,Yes,DSL,Yes,No,No,No,No,No,Month-to-month,No,Electronic check,141.24
MW-70552-LBKJ,Yes,42.17,Male,0,No,No,22,Yes,No,Fiber optic,Yes,No,No,Yes,No,Yes,Month-to-month,Yes,Credit card (automatic),929.23
MW-73642-VAYJ,No,24.54,Male,0,No,No,56,No,No phone service,DSL,No,No,No,No,No,Yes,Month-to-month,Yes,Mailed check,1386.77
MW-64034-KHAS,No,37.61,Male,0,No,No,60,Yes,No,Fiber optic,No,No,No,No,No,Yes,Two year,No,Mailed check,2258.98
MW-34726-THCV,No,70.06,Female,0,Yes,No,31,Yes,No,DSL,No,Yes,Yes,Yes,No,No,Two year,No,Bank transfer (automatic),2187.52
MW-73363-SGSF,No,101.05,Female,0,No,No,58,No,No phone service,Fiber optic,Yes,Yes,Yes,No,No,Yes,Two year,No,Bank transfer (automatic),5861.14
MW-48578-RMER,No,18.0,Female,1,No,No,61,Yes,No,DSL,Yes,Yes,No,No,Yes,No,Two year,Yes,Electronic check,1102.21
MW-97112-EXCV,No,47.28,Female,0,No,No,28,Yes,Yes,No,No internet service,No internet service,No internet service,No internet service,No internet service,No internet service,Two year,Yes,Electronic check,1329.91
MW-25851-GNWZ,No,18.0,Female,0,No,No,65,Yes,No,Fiber optic,No,No,No,No,No,Yes,Month-to-month,No,Electronic check,1198.18
MW-94769-MHTZ,Yes,45.84,Male,0,No,Yes,21,Yes,Yes,No,No internet service,No internet service,No internet service,No internet service,No internet service,No internet service,Month-to-month,No,Bank transfer (automatic),971.64
MW-98922-HKVG,Yes,66.16,Female,0,Yes,No,17,No,No phone service,Fiber optic,No,No,No,No,No,No,Month-to-month,No,Mailed check,1104.97
MW-37278-PKNQ,No,87.01,Male,0,No,No,49,Yes,No,Fiber optic,No,Yes,Yes,Yes,No,No,Month-to-month,Yes,Mailed check,4255.03
MW-27389-NMKB,No,18.0,Male,0,Yes,No,46,Yes,No,No,No internet service,No internet service,No internet service,No internet service,No internet service,No internet service,Month-to-month,Yes,Bank transfer (automatic),836.97
MW-51632-UJBM,No,80.52,Female,0,No,Yes,10,Yes,No,DSL,No,No,No,No,No,No,Month-to-month,Yes,Credit card (automatic),824.1
MW-13546-VRQY,No,34.82,Male,0,Yes,No,60,Yes,No,Fiber optic,Yes,Yes,No,No,Yes,No,Two year,No,Electronic check,2078.37
MW-52036-SYXN,Yes,27.51,Female,0,Yes,No,14,Yes,No,Fiber optic,No,Yes,No,No,No,No,Month-to-month,No,Mailed check,418.74
MW-45348-BPYS,No,66.02,Male,0,No,Yes,58,Yes,Yes,Fiber optic,No,Yes,Yes,Yes,No,Yes,Two year,Yes,Mailed check,3831.79
MW-74835-FWWT,No,82.81,Male,0,No,No,0,Yes,Yes,DSL,No,No,No,No,Yes,No,One year,Yes,Bank transfer (automatic),6.31
MW-53712-DTWL,No,60.99,Female,0,Yes,No,58,Yes,Yes,Fiber optic,Yes,Yes,No,No,No,Yes,One year,No,Bank transfer (automatic),3518.61
MW-84670-SWTR,No,31.21,Male,0,No,No,57,Yes,Yes,Fiber optic,No,No,No,No,No,No,One year,No,Bank transfer (automatic),1795.7
MW-52548-KDGQ,Yes,60.97,Female,0,Yes,No,56,No,No phone service,Fiber optic,No,No,No,Yes,Yes,No,Month-to-month,No,Electronic check,3407.63
MW-56214-THKE,No,42.24,Male,0,No,No,48,Yes,Yes,DSL,No,No,Yes,No,No,Yes,One year,Yes,Mailed check,2016.33
MW-26460-JRAR,No,82.12,Female,0,No,No,34,Yes,Yes,Fiber optic,Yes,No,No,Yes,No,No,Month-to-month,No,Credit card (automatic),2787.32
MW-45124-BYTZ,Yes,96.26,Male,0,No,No,51,Yes,Yes,No,No internet service,No internet service,No internet service,No internet service,No internet service,No internet service,Two year,No,Mailed check,4930.0
MW-57254-JKME,No,94.34,Male,0,No,Yes,20,Yes,Yes,DSL,No,Yes,Yes,No,No,No,Month-to-month,Yes,Credit card (automatic),1893.79
MW-83760-TDWZ,Yes,63.41,Male,0,Yes,No,56,Yes,Yes,Fiber optic,Yes,No,No,No,Yes,Yes,Month-to-month,No,Mailed check,3537.62
MW-69511-GKAJ,No,97.68,Female,0,Yes,No,40,Yes,Yes,No,No internet service,No internet service,No internet service,No internet service,No internet service,No internet service,One year,Yes,Mailed check,3899.24
MW-54261-FQUB,No,33.37,Male,0,No,Yes,33,Yes,Yes,No,No internet service,No internet service,No internet service,No internet service,No internet service,No internet service,One year,No,Mailed check,1122.35
MW-28783-ERLX,Yes,117.49,Male,0,Yes,No,36,Yes,Yes,DSL,No,No,No,Yes,No,No,Month-to-month,Yes,Mailed check,4226.09
MW-84448-UTZL,No,33.2,Male,1,Yes,Yes,41,Yes,No,Fiber optic,No,No,No,No,No,Yes,One year,Yes,Credit card (automatic),1369.61
MW-56792-RCCF,Yes,18.0,Female,0,Yes,No,2,Yes,Yes,DSL,Yes,No,No,No,No,No,Month-to-month,Yes,Electronic check,48.08
MW-26337-HGSK,No,104.96,Male,0,Yes,Yes,10,Yes,No,No,No internet service,No internet service,No internet service,No internet service,No internet service,No internet service,One year,No,Bank transfer (automatic),998.32
MW-11987-SDJP,Yes,42.7,Female,0,No,No,17,Yes,Yes,Fiber optic,Yes,No,Yes,No,No,Yes,Month-to-month,No,Bank transfer (automatic),744.87
MW-95469-ZJPM,Yes,67.5,Male,0,No,No,8,Yes,No,Fiber optic,Yes,Yes,Yes,Yes,No,Yes,Month-to-month,No,Credit card (automatic),527.21
MW-90041-AGGL,No,33.08,Female,0,No,No,32,Yes,Yes,DSL,No,No,No,Yes,No,Yes,Month-to-month,No,Bank transfer (automatic),1053.15
MW-14117-ETMC,Yes,120.0,Male,0,Yes,Yes,48,Yes,Yes,Fiber optic,No,Yes,No,No,Yes,No,Month-to-month,Yes,Credit card (automatic),5783.09
MW-30148-JNFQ,No,118.65,Male,0,No,No,47,Yes,No,DSL,Yes,No,No,No,No,Yes,Month-to-month,No,Credit card (automatic),5598.25
MW-63468-USSY,Yes,110.4,Male,0,No,Yes,34,Yes,No,No,No internet service,No internet service,No internet service,No internet service,No internet service,No internet service,Month-to-month,Yes,Mailed check,3760.99
MW-64161-NUJT,No,66.65,Male,0,No,No,62,No,No phone service,Fiber optic,No,Yes,No,No,No,No,Month-to-month,No,Credit card (automatic),4143.23
MW-34801-PWBX,No,93.42,Female,1,Yes,Yes,41,Yes,Yes,Fiber optic,Yes,No,Yes,No,No,No,Month-to-month,Yes,Credit card (automatic),3844.89
MW-73525-FWKQ,Yes,62.41,Male,0,Yes,No,5,Yes,No,No,No internet service,No internet service,No internet service,No internet service,No internet service,No internet service,Month-to-month,Yes,Electronic check,333.5
MW-26627-JWTH,Yes,97.67,Male,0,No,Yes,55,Yes,No,DSL,No,No,No,Yes,Yes,No,Month-to-month,No,Bank transfer (automatic),5395.21
MW-59800-DYZE,No,51.68,Female,0,No,No,41,Yes,Yes,DSL,Yes,No,Yes,No,Yes,No,One year,No,Electronic check,2120.5
MW-71349-HFFD,No,111.54,Female,0,Yes,No,46,Yes,Yes,Fiber optic,No,No,No,Yes,No,No,Two year,No,Bank transfer (automatic),5119.78
MW-40184-TUQL,No,50.17,Male,0,Yes,No,41,Yes,No,Fiber optic,Yes,Yes,Yes,Yes,No,Yes,Month-to-month,Yes,Electronic check,2053.14
MW-11563-ZTBN,No,53.58,Female,0,No,Yes,40,Yes,Yes,DSL,No,Yes,No,No,No,No,Two year,Yes,Bank transfer (automatic),2145.11
MW-64581-EKKX,No,50.0,Female,1,No,No,6,Yes,No,No,No internet service,No internet service,No internet service,No internet service,No internet service,No internet service,Month-to-month,No,Mailed check,299.2
MW-62049-VLUQ,No,69.77,Female,0,Yes,Yes,40,Yes,No,Fiber optic,No,No,No,Yes,No,No,Month-to-month,Yes,Bank transfer (automatic),2775.62
MW-71353-PWQF,Yes,52.35,Female,0,No,No,58,Yes,No,Fiber optic,No,No,No,No,No,No,One year,No,Electronic check,3042.85
MW-77421-KKWD,No,78.62,Female,0,No,No,22,Yes,No,Fiber optic,No,No,No,No,No,No,One year,Yes,Bank transfer (automatic),1706.12
MW-98849-MPYU,No,49.57,Female,1,No,Yes,44,Yes,No,DSL,No,Yes,No,Yes,No,No,Two year,Yes,Mailed check,2182.36
MW-73080-GBDB,Yes,87.72,Male,0,No,No,2,No,No phone service,DSL,No,No,Yes,No,No,No,Month-to-month,No,Bank transfer (automatic),177.68
MW-12184-KTRT,No,109.55,Male,1,No,No,25,Yes,Yes,Fiber optic,Yes,Yes,No,Yes,No,No,One year,Yes,Electronic check,2740.48
MW-86811-NKVJ,Yes,66.33,Female,0,No,Yes,31,No,No phone service,Fiber optic,Yes,Yes,No,Yes,Yes,No,Month-to-month,No,Electronic check,2069.0
MW-39528-QGJB,Yes,120.0,Female,0,No,Yes,71,Yes,Yes,Fiber optic,No,No,No,Yes,No,No,Month-to-month,Yes,Mailed check,8530.78
MW-40825-QNHQ,Yes,97.83,Female,0,No,No,15,No,No phone service,No,No internet service,No internet service,No internet service,No internet service,No internet service,No internet service,Month-to-month,Yes,Credit card (automatic),1500.79
MW-66841-DWAP,Yes,120.0,Male,0,No,Yes,20,No,No phone service,DSL,Yes,No,Yes,No,Yes,No,Two year,Yes,Electronic check,2392.23
MW-27437-GDEH,No,62.16,Male,0,No,No,29,Yes,Yes,Fiber optic,No,No,Yes,No,Yes,No,Month-to-month,Yes,Bank transfer (automatic),1806.83
MW-82487-RUYQ,No,18.0,Male,0,Yes,No,72,Yes,No,Fiber optic,Yes,Yes,No,Yes,Yes,No,Two year,Yes,Electronic check,1299.23
MW-34754-MUVK,Yes,42.82,Male,0,No,No,62,Yes,Yes,DSL,No,Yes,No,Yes,Yes,No,One year,Yes,Bank transfer (automatic),2657.36
MW-28472-LBAX,Yes,45.88,Female,0,No,No,2,Yes,Yes,No,No internet service,No internet service,No internet service,No internet service,No internet service,No internet service,One year,No,Electronic check,72.79
MW-80773-WJYC,Yes,35.41,Male,0,No,Yes,17,Yes,Yes,No,No internet service,No internet service,No internet service,No internet service,No internet service,No internet service,One year,No,Mailed check,584.22
MW-25652-YQNT,No,18.0,Male,0,Yes,No,59,Yes,No,DSL,Yes,Yes,No,No,No,No,Two year,Yes,Mailed check,1062.1
MW-64741-FMFQ,No,94.74,Female,0,Yes,No,4,Yes,No,No,No internet service,No internet service,No internet service,No internet service,No internet service,No internet service,Month-to-month,No,Electronic check,355.32
MW-56159-KLTV,Yes,18.0,Male,0,Yes,No,62,Yes,No,DSL,No,No,No,No,Yes,Yes,Month-to-month,Yes,Mailed check,1110.99
MW-87798-WUET,No,91.87,Female,0,No,No,20,No,No phone service,No,No internet service,No internet service,No internet service,No internet service,No internet service,No internet service,One year,Yes,Mailed check,1827.69
MW-81859-TAEN,No,120.0,Male,0,No,No,66,Yes,No,No,No internet service,No internet service,No internet service,No internet service,No internet service,No internet service,Month-to-month,No,Mailed check,7915.53
MW-40737-HUUF,No,40.65,Male,1,Yes,Yes,21,Yes,Yes,DSL,No,Yes,Yes,No,No,Yes,Month-to-month,No,Credit card (automatic),870.63
MW-92659-AGXX,No,75.63,Female,1,Yes,No,31,Yes,Yes,Fiber optic,Yes,Yes,No,Yes,No,No,Month-to-month,Yes,Mailed check,2328.35
MW-65452-NWPZ,No,52.04,Female,0,Yes,No,48,Yes,No,No,No internet service,No internet service,No internet service,No internet service,No internet service,No internet service,Month-to-month,No,Credit card (automatic),2510.97
MW-30018-DMEC,Yes,88.81,Male,0,Yes,No,9,Yes,No,DSL,No,No,Yes,Yes,Yes,Yes,Month-to-month,No,Mailed check,790.72
MW-98294-DAYS,No,28.17,Female,0,Yes,No,40,No,No phone service,Fiber optic,Yes,No,No,No,Yes,No,Month-to-month,No,Electronic check,1120.1
MW-25985-MVPL,No,60.05,Male,0,No,No,36,No,No phone service,Fiber optic,No,No,No,No,Yes,No,Two year,Yes,Electronic check,2168.78
MW-62431-MLKW,Yes,97.64,Female,0,No,No,57,Yes,Yes,DSL,No,No,No,Yes,No,No,Month-to-month,Yes,Mailed check,5561.37
MW-84696-ZETB,No,62.53,Male,1,Yes,No,72,Yes,Yes,DSL,Yes,No,Yes,Yes,Yes,No,Two year,Yes,Electronic check,4488.77
MW-14216-VZTP,No,18.0,Male,0,No,No,48,Yes,No,DSL,Yes,Yes,Yes,No,No,Yes,Two year,Yes,Credit card (automatic),858.45
MW-48756-YUUY,No,101.25,Female,0,No,Yes,29,Yes,Yes,Fiber optic,No,No,Yes,Yes,No,No,Month-to-month,No,Bank transfer (automatic),2909.6
MW-31432-PVXM,No,25.12,Male,0,Yes,No,29,Yes,Yes,Fiber optic,Yes,Yes,No,No,No,Yes,One year,Yes,Bank transfer (automatic),734.2
MW-99708-TRZR,Yes,66.36,Male,0,Yes,No,30,Yes,Yes,Fiber optic,Yes,No,No,No,No,No,One year,Yes,Mailed check,1944.27
MW-43499-TYAD,No,81.48,Female,0,No,No,59,Yes,Yes,DSL,Yes,No,No,No,Yes,No,One year,No,Mailed check,4820.64
MW-46296-HSLW,Yes,67.6,Male,0,No,Yes,23,Yes,Yes,DSL,Yes,No,No,No,Yes,Yes,Month-to-month,Yes,Bank transfer (automatic),1564.03
MW-67891-BJDS,Yes,120.0,Female,0,Yes,No,12,Yes,Yes,Fiber optic,No,No,No,No,No,Yes,Month-to-month,Yes,Electronic check,1464.02
MW-86719-GFQC,Yes,86.01,Male,1,No,Yes,24,Yes,Yes,DSL,Yes,No,Yes,No,No,Yes,Month-to-month,Yes,Electronic check,2096.97
MW-74405-YAJN,Yes,57.93,Female,0,No,No,1,Yes,Yes,Fiber optic,No,No,No,Yes,Yes,No,One year,No,Electronic check,71.97
MW-96782-ABZQ,No,82.08,Female,0,Yes,No,7,Yes,No,Fiber optic,No,Yes,Yes,Yes,No,No,Two year,Yes,Electronic check,565.15
MW-37842-AKHA,Yes,70.3,Female,0,No,No,6,Yes,No,Fiber optic,No,Yes,No,No,No,Yes,One year,No,Bank transfer (automatic),454.39
MW-96371-PFRT,No,65.33,Female,0,Yes,Yes,56,Yes,Yes,Fiber optic,Yes,No,No,No,No,Yes,One year,Yes,Electronic check,3640.57
MW-66266-LKRT,No,71.31,Male,1,Yes,No,52,Yes,No,No,No internet service,No internet service,No internet service,No internet service,No internet service,No internet service,Two year,No,Electronic check,3679.58
MW-16903-KVGV,Yes,50.98,Female,1,No,Yes,50,Yes,No,DSL,No,No,Yes,No,No,No,One year,No,Credit card (automatic),2576.79
MW-14113-JSZT,No,70.39,Female,0,No,No,33,No,No phone service,No,No internet service,No internet service,No internet service,No internet service,No internet service,No internet service,Month-to-month,No,Credit card (automatic),2331.89
MW-54049-HPEM,No,48.84,Female,0,No,No,52,Yes,Yes,DSL,Yes,Yes,No,Yes,No,Yes,Two year,No,Mailed check,2511.54
MW-25668-QBKZ,Yes,18.0,Male,0,Yes,No,11,Yes,No,DSL,No,No,No,Yes,No,No,Month-to-month,Yes,Mailed check,177.67
MW-28923-ZWTS,No,98.21,Female,0,No,Yes,65,Yes,Yes,Fiber optic,No,No,No,No,Yes,Yes,Month-to-month,No,Credit card (automatic),6391.92
MW-25271-NRFP,Yes,47.04,Female,0,Yes,Yes,36,Yes,Yes,DSL,Yes,No,Yes,No,No,No,Month-to-month,Yes,Electronic check,1680.39
MW-14736-PCGH,No,68.24,Male,0,No,Yes,68,Yes,No,Fiber optic,No,No,No,No,No,No,Two year,No,Mailed check,4629.43
MW-93975-SJFV,Yes,41.19,Male,0,No,Yes,11,Yes,No,No,No internet service,No internet service,No internet service,No internet service,No internet service,No internet service,Month-to-month,No,Electronic check,482.59
MW-64260-NQJK,No,42.09,Female,0,No,Yes,36,Yes,Yes,No,No internet service,No internet service,No internet service,No internet service,No internet service,No internet service,Month-to-month,Yes,Mailed check,1547.46
MW-50696-PHYW,No,32.83,Male,0,No,No,50,Yes,No,Fiber optic,No,No,No,Yes,Yes,No,Month-to-month,Yes,Credit card (automatic),1643.7
MW-52714-ZUCV,No,92.45,Female,0,Yes,Yes,36,Yes,No,No,No internet service,No internet service,No internet service,No internet service,No internet service,No internet service,Month-to-month,No,Bank transfer (automatic),3325.94
MW-89593-FKLM,No,99.69,Male,0,No,No,32,Yes,No,Fiber optic,No,Yes,No,No,No,No,Month-to-month,Yes,Credit card (automatic),3203.62
MW-75283-VPNE,No,64.78,Female,0,No,No,12,Yes,No,DSL,No,No,No,No,No,No,One year,No,Bank transfer (automatic),768.94
MW-61317-VJSM,No,47.9,Female,0,Yes,Yes,27,Yes,No,No,No internet service,No internet service,No internet service,No internet service,No internet service,No internet service,Two year,Yes,Bank transfer (automatic),1259.84
MW-18837-RSPL,No,18.0,Female,0,Yes,No,17,Yes,No,DSL,No,Yes,Yes,Yes,No,No,Month-to-month,Yes,Bank transfer (automatic),264.58
MW-59600-TDZL,No,87.86,Female,0,No,No,22,Yes,Yes,DSL,No,No,Yes,Yes,No,Yes,Month-to-month,No,Bank transfer (automatic),1931.82
MW-36006-ZNDR,No,43.7,Male,0,No,No,49,No,No phone service,DSL,No,No,No,No,No,Yes,Month-to-month,Yes,Mailed check,2154.53
MW-30499-NWWF,Yes,30.48,Female,1,Yes,Yes,46,Yes,No,DSL,Yes,No,Yes,Yes,Yes,No,Month-to-month,Yes,Electronic check,1402.32
MW-19918-UPLL,Yes,64.88,Female,0,Yes,Yes,44,Yes,No,DSL,Yes,No,Yes,No,Yes,No,One year,Yes,Mailed check,2866.87
MW-36868-SSXW,Yes,53.98,Male,0,Yes,Yes,26,Yes,Yes,DSL,Yes,No,No,Yes,No,No,One year,No,Electronic check,1417.13
MW-18984-FMZW,No,18.46,Female,0,No,No,70,Yes,Yes,Fiber optic,Yes,No,No,Yes,Yes,Yes,One year,Yes,Mailed check,1312.99
MW-75920-LAFX,Yes,22.58,Female,0,No,Yes,6,Yes,Yes,Fiber optic,No,No,No,No,No,Yes,Month-to-month,Yes,Electronic check,138.27
MW-58148-SUUD,Yes,74.1,Male,0,No,No,25,Yes,Yes,No,No internet service,No internet service,No internet service,No internet service,No internet service,No internet service,One year,Yes,Bank transfer (automatic),1856.64
MW-30774-QSCN,Yes,44.33,Female,0,Yes,No,8,Yes,No,DSL,Yes,Yes,No,No,No,No,Month-to-month,No,Electronic check,354.09
MW-18132-GZGH,No,79.31,Female,0,Yes,No,24,Yes,No,DSL,No,No,No,No,No,Yes,Month-to-month,Yes,Electronic check,1899.56
MW-37201-XQYN,No,68.4,Male,0,No,No,70,Yes,Yes,Fiber optic,Yes,Yes,No,Yes,No,No,Two year,Yes,Mailed check,4764.42
MW-78207-EFEV,No,95.43,Male,0,No,No,26,Yes,No,DSL,No,Yes,No,No,No,No,One year,Yes,Electronic check,2498.76
MW-14544-ATLP,No,39.04,Male,1,No,Yes,66,Yes,No,Fiber optic,No,No,No,Yes,Yes,No,Two year,No,Credit card (automatic),2570.88
MW-49914-VYGY,No,70.98,Female,1,No,No,36,Yes,Yes,Fiber optic,No,No,No,Yes,No,No,Two year,Yes,Mailed check,2548.66
MW-15199-XVCD,No,83.15,Male,0,No,No,51,Yes,Yes,Fiber optic,No,No,No,Yes,Yes,No,One year,Yes,Mailed check,4232.53
MW-69368-AXYH,No,45.21,Male,1,No,No,33,No,No phone service,DSL,No,Yes,No,Yes,No,Yes,Two year,No,Electronic check,1471.82
MW-99369-NPKZ,Yes,97.82,Male,1,Yes,No,19,Yes,No,Fiber optic,No,No,Yes,No,No,Yes,Month-to-month,Yes,Credit card (automatic),1857.3
MW-44583-YFPE,Yes,18.0,Female,0,Yes,Yes,55,Yes,No,Fiber optic,No,No,No,Yes,No,No,Month-to-month,Yes,Bank transfer (automatic),997.75
MW-55655-CWWA,No,39.01,Male,0,Yes,No,70,Yes,No,No,No internet service,No internet service,No internet service,No internet service,No internet service,No internet service,Month-to-month,Yes,Mailed check,2720.12
MW-32829-PEPH,Yes,18.0,Female,0,Yes,No,19,Yes,Yes,DSL,Yes,Yes,No,No,No,No,Month-to-month,No,Electronic check,357.56
MW-41437-NTCM,No,41.92,Male,0,Yes,No,56,Yes,Yes,Fiber optic,No,No,Yes,No,Yes,No,Month-to-month,Yes,Bank transfer (automatic),2341.99
MW-26601-JKYY,No,59.36,Female,0,Yes,No,19,Yes,No,Fiber optic,No,Yes,No,No,No,Yes,Month-to-month,Yes,Credit card (automatic),1104.85
MW-29679-RUKR,No,88.95,Female,1,No,No,52,Yes,Yes,DSL,No,No,Yes,Yes,No,No,One year,Yes,Mailed check,4646.01
MW-53931-MJUW,No,59.34,Female,1,No,No,57,Yes,Yes,Fiber optic,Yes,Yes,No,No,No,Yes,Two year,No,Electronic check,3385.36
MW-69870-JGKY,No,46.14,Female,0,No,No,32,Yes,Yes,Fiber optic,Yes,No,No,No,No,No,One year,Yes,Electronic check,1489.43
MW-29162-UGQV,Yes,18.0,Female,0,No,No,53,Yes,Yes,DSL,Yes,Yes,No,No,Yes,Yes,Month-to-month,Yes,Electronic check,967.3
MW-69890-JXYF,No,27.57,Female,0,No,No,19,Yes,Yes,Fiber optic,No,No,No,Yes,No,No,One year,No,Bank transfer (automatic),509.64
MW-76637-QFSB,No,73.31,Female,0,Yes,Yes,5,Yes,Yes,Fiber optic,Yes,No,Yes,Yes,No,No,Month-to-month,No,Credit card (automatic),358.72
MW-60855-RJNN,No,90.44,Male,0,No,No,7,Yes,Yes,Fiber optic,No,No,No,No,Yes,No,Month-to-month,No,Credit card (automatic),648.59
MW-23477-ZCPD,No,51.42,Female,0,Yes,No,32,Yes,No,DSL,Yes,Yes,Yes,Yes,No,Yes,Month-to-month,No,Credit card (automatic),1672.97
MW-83003-RLDE,Yes,100.33,Male,0,No,No,65,Yes,Yes,Fiber optic,Yes,No,No,Yes,No,No,Month-to-month,Yes,Electronic check,6522.4
MW-93322-CUXH,Yes,35.5,Male,0,No,Yes,9,Yes,No,DSL,Yes,Yes,No,No,Yes,Yes,Month-to-month,Yes,Credit card (automatic),310.09
MW-41448-KBED,No,52.28,Male,0,No,No,33,Yes,Yes,Fiber optic,No,No,Yes,Yes,No,Yes,Two year,Yes,Electronic check,1750.48
MW-83287-YHUD,No,54.82,Male,0,No,No,51,Yes,No,Fiber optic,Yes,Yes,No,No,No,No,One year,Yes,Electronic check,2786.42
MW-46202-EFEE,No,109.88,Female,0,No,No,14,No,No phone service,Fiber optic,Yes,Yes,No,No,No,Yes,One year,Yes,Bank transfer (automatic),1543.25
MW-25642-GLEN,Yes,68.01,Female,1,Yes,No,52,Yes,No,Fiber optic,Yes,No,No,No,No,Yes,Month-to-month,No,Electronic check,3530.1
MW-25040-JQPX,No,18.0,Male,0,No,No,22,Yes,No,DSL,No,No,No,No,No,No,Two year,Yes,Credit card (automatic),400.04
MW-27835-QSWE,No,92.55,Female,0,No,Yes,59,Yes,No,DSL,Yes,No,No,Yes,No,No,One year,No,Credit card (automatic),5446.27
MW-18320-WLRT,Yes,119.38,Female,0,Yes,No,42,Yes,No,Fiber optic,Yes,Yes,No,No,No,Yes,Month-to-month,Yes,Credit card (automatic),5008.34
MW-34889-FPGE,No,56.51,Female,0,Yes,No,39,Yes,No,DSL,Yes,No,No,No,No,No,One year,Yes,Credit card (automatic),2194.48
MW-77516-XUEE,No,37.09,Male,0,No,Yes,12,Yes,Yes,Fiber optic,Yes,No,Yes,Yes,Yes,No,Month-to-month,No,Mailed check,455.01
MW-36447-CJFT,Yes,89.93,Male,1,Yes,No,33,Yes,Yes,Fiber optic,Yes,No,Yes,No,Yes,No,Month-to-month,No,Electronic check,2970.14
MW-95510-KZPX,Yes,120.0,Female,0,No,No,62,Yes,No,No,No internet service,No internet service,No internet service,No internet service,No internet service,No internet service,Month-to-month,Yes,Credit card (automatic),7453.2
MW-41346-CZHK,Yes,89.46,Female,0,No,Yes,1,Yes,No,DSL,No,No,No,No,No,No,Month-to-month,Yes,Bank transfer (automatic),77.07
MW-57165-QLHD,Yes,18.0,Male,1,No,No,55,Yes,No,Fiber optic,No,Yes,Yes,Yes,No,No,Month-to-month,No,Credit card (automatic),986.87
MW-23252-LMDU,Yes,86.64,Female,0,No,Yes,35,Yes,Yes,DSL,No,No,Yes,No,Yes,No,Month-to-month,Yes,Electronic check,3041.78
MW-41645-EBHH,No,76.13,Male,0,No,Yes,52,Yes,No,No,No internet service,No internet service,No internet service,No internet service,No internet service,No internet service,Month-to-month,Yes,Electronic check,3971.64
MW-69433-HYQE,No,35.36,Male,0,Yes,Yes,48,Yes,No,Fiber optic,Yes,No,No,Yes,No,Yes,Two year,Yes,Mailed check,1675.59
MW-89572-NHYY,No,102.66,Female,1,No,No,31,Yes,Yes,Fiber optic,No,No,No,Yes,No,No,Month-to-month,No,Bank transfer (automatic),3187.23
MW-91388-QJDV,Yes,77.15,Male,0,No,Yes,22,Yes,No,Fiber optic,Yes,No,No,No,Yes,No,Month-to-month,Yes,Credit card (automatic),1685.1
MW-91693-AGPG,No,103.45,Male,0,Yes,No,45,No,No phone service,DSL,No,No,No,Yes,Yes,No,Month-to-month,Yes,Credit card (automatic),4668.89
MW-46381-TEWB,No,32.16,Female,0,No,No,10,Yes,No,Fiber optic,No,Yes,Yes,No,No,No,Two year,No,Electronic check,349.51
MW-78264-JKZT,No,75.96,Male,0,No,Yes,42,Yes,Yes,No,No internet service,No internet service,No internet service,No internet service,No internet service,No internet service,One year,No,Mailed check,3151.14
MW-66255-ZNYK,Yes,37.15,Male,0,Yes,No,6,Yes,No,DSL,No,Yes,No,No,Yes,No,Two year,Yes,Electronic check,213.06
MW-79873-AEKS,No,71.43,Female,0,No,No,47,Yes,Yes,No,No internet service,No internet service,No internet service,No internet service,No internet service,No internet service,Month-to-month,Yes,Electronic check,3361.17
MW-54404-FGRA,No,108.32,Female,1,Yes,No,45,Yes,Yes,No,No internet service,No internet service,No internet service,No internet service,No internet service,No internet service,Month-to-month,No,Mailed check,4874.34
MW-60011-XZVY,No,21.21,Male,0,No,Yes,6,Yes,Yes,No,No internet service,No internet service,No internet service,No internet service,No internet service,No internet service,One year,Yes,Bank transfer (automatic),141.35
MW-27077-DFWF,No,22.93,Male,1,No,No,55,No,No phone service,No,No internet service,No internet service,No internet service,No internet service,No internet service,No internet service,Month-to-month,Yes,Mailed check,1262.34
MW-31741-SPHL,No,92.66,Female,0,No,No,30,Yes,Yes,DSL,No,No,No,No,No,Yes,Two year,Yes,Mailed check,2771.85
MW-72292-LXNL,No,63.58,Male,0,No,No,57,Yes,Yes,Fiber optic,Yes,No,No,No,Yes,No,Two year,No,Bank transfer (automatic),3608.76
MW-93305-SDHP,Yes,99.14,Female,0,No,No,3,Yes,Yes,DSL,No,No,No,Yes,Yes,No,Month-to-month,Yes,Credit card (automatic),279.59
MW-29177-QCHL,No,39.78,Male,0,No,No,13,Yes,No,Fiber optic,No,Yes,No,No,Yes,No,Two year,No,Electronic check,506.0
MW-39763-APWY,No,65.54,Female,0,Yes,No,36,Yes,No,DSL,No,Yes,Yes,No,No,Yes,One year,No,Mailed check,2350.96
MW-75080-RHTR,No,84.64,Male,0,No,No,13,Yes,No,No,No internet service,No internet service,No internet service,No internet service,No internet service,No internet service,Month-to-month,Yes,Bank transfer (automatic),1106.08
MW-81904-AAZW,Yes,70.31,Female,0,Yes,Yes,24,Yes,Yes,DSL,No,No,No,Yes,No,No,Month-to-month,Yes,Credit card (automatic),1685.09
MW-24641-KHCF,No,18.0,Male,0,No,Yes,48,Yes,Yes,DSL,No,No,No,Yes,Yes,No,Month-to-month,No,Credit card (automatic),854.24
MW-83195-CCWU,No,120.0,Male,0,Yes,No,10,Yes,No,DSL,No,No,No,No,No,No,Two year,Yes,Electronic check,1184.86
MW-94063-UBJQ,No,70.37,Male,0,Yes,No,49,Yes,No,Fiber optic,No,No,No,Yes,No,No,Month-to-month,Yes,Bank transfer (automatic),3437.59
MW-90522-PHKT,No,23.79,Female,0,Yes,No,7,No,No phone service,DSL,Yes,Yes,Yes,Yes,Yes,No,Month-to-month,Yes,Credit card (automatic),158.07
MW-98035-WZTG,No,73.43,Male,0,Yes,Yes,12,Yes,Yes,DSL,No,No,No,No,Yes,No,One year,Yes,Mailed check,869.94
MW-61248-XQUJ,No,76.87,Female,0,No,Yes,42,Yes,No,DSL,No,No,No,No,No,No,Month-to-month,Yes,Mailed check,3238.64
MW-44852-PNTB,No,93.82,Female,0,Yes,Yes,57,Yes,No,DSL,Yes,No,No,No,No,No,Month-to-month,Yes,Credit card (automatic),5368.26
MW-81651-NEDV,No,91.81,Male,0,No,No,12,Yes,Yes,No,No internet service,No internet service,No internet service,No internet service,No internet service,No internet service,One year,No,Electronic check,1084.08
MW-46049-NJSA,No,57.58,Female,1,Yes,Yes,21,Yes,Yes,Fiber optic,No,No,No,No,No,No,Month-to-month,No,Bank transfer (automatic),1225.97
MW-29262-XHCS,Yes,18.0,Female,0,Yes,No,67,Yes,No,DSL,No,No,Yes,No,Yes,No,Month-to-month,No,Credit card (automatic),1216.4
MW-95160-WZUW,Yes,77.84,Male,0,Yes,Yes,72,Yes,Yes,DSL,No,No,No,Yes,Yes,No,Month-to-month,No,Electronic check,5607.18
MW-18238-HUAY,No,18.0,Male,0,No,Yes,42,Yes,Yes,DSL,No,No,No,No,No,Yes,Month-to-month,No,Bank transfer (automatic),778.9
MW-85025-VRYN,No,100.46,Male,0,Yes,No,32,Yes,Yes,Fiber optic,No,Yes,No,Yes,No,Yes,Month-to-month,Yes,Mailed check,3212.17
MW-53843-HNBY,No,42.02,Female,0,No,No,25,Yes,Yes,DSL,No,No,No,Yes,No,No,One year,Yes,Credit card (automatic),1056.53
MW-87732-NAQN,No,83.05,Female,0,Yes,No,44,No,No phone service,DSL,No,No,No,Yes,No,No,Two year,Yes,Credit card (automatic),3656.06
MW-25489-ZUGA,No,44.31,Male,0,Yes,No,43,Yes,Yes,DSL,Yes,No,No,No,Yes,Yes,Month-to-month,Yes,Credit card (automatic),1906.07
MW-60344-LVTW,No,49.24,Female,0,No,No,21,Yes,Yes,DSL,Yes,No,No,No,Yes,No,Two year,Yes,Electronic check,1040.92
MW-87997-VNVV,No,39.97,Male,1,Yes,Yes,1,No,No phone service,Fiber optic,No,Yes,No,No,Yes,No,One year,Yes,Bank transfer (automatic),40.67
MW-88383-CDFY,No,85.48,Male,0,No,No,11,Yes,No,DSL,No,No,No,Yes,No,No,One year,Yes,Credit card (automatic),947.27
MW-82738-WBYA,Yes,45.36,Male,0,Yes,No,69,Yes,No,Fiber optic,Yes,No,No,No,No,No,One year,No,Bank transfer (automatic),3119.79
MW-33664-UNRT,No,87.06,Male,0,No,Yes,30,Yes,No,Fiber optic,No,Yes,Yes,No,Yes,No,One year,Yes,Bank transfer (automatic),2602.22
MW-20019-WSPP,No,46.14,Male,0,Yes,No,35,Yes,Yes,No,No internet service,No internet service,No internet service,No internet service,No internet service,No internet service,Two year,Yes,Electronic check,1604.78
MW-36249-ZUQQ,Yes,57.06,Male,0,No,No,34,Yes,No,DSL,No,No,Yes,No,Yes,No,Month-to-month,Yes,Credit card (automatic),1934.57
MW-86854-HWTC,No,65.07,Female,0,No,Yes,57,Yes,Yes,No,No internet service,No internet service,No internet service,No internet service,No internet service,No internet service,Month-to-month,No,Electronic check,3724.19
MW-26916-VZTX,No,68.61,Male,0,No,No,4,Yes,Yes,No,No internet service,No internet service,No internet service,No internet service,No internet service,No internet service,Month-to-month,No,Electronic check,267.51
MW-67192-UXPJ,Yes,36.27,Female,1,Yes,Yes,6,Yes,No,No,No internet service,No internet service,No internet service,No internet service,No internet service,No internet service,Month-to-month,No,Credit card (automatic),227.41
MW-98381-MYSD,Yes,85.11,Female,0,No,No,20,Yes,Yes,No,No internet service,No internet service,No internet service,No internet service,No internet service,No internet service,One year,No,Credit card (automatic),1706.18
MW-15406-KBXK,No,55.86,Male,1,No,Yes,35,Yes,No,DSL,Yes,No,Yes,Yes,No,Yes,Month-to-month,No,Credit card (automatic),1948.48
MW-81231-BYWZ,Yes,80.32,Male,0,Yes,No,48,No,No phone service,No,No internet service,No internet service,No internet service,No internet service,No internet service,No internet service,Month-to-month,Yes,Mailed check,3875.0
MW-15574-JMNU,Yes,63.51,Male,0,No,No,35,Yes,Yes,No,No internet service,No internet service,No internet service,No internet service,No internet service,No internet service,Month-to-month,Yes,Electronic check,2233.89
MW-77154-VNPC,No,81.59,Female,0,No,Yes,32,Yes,No,DSL,No,Yes,No,No,No,No,Month-to-month,No,Mailed check,2610.91
MW-89304-ERLD,No,51.66,Female,0,Yes,Yes,68,Yes,Yes,DSL,No,Yes,No,No,No,No,One year,Yes,Electronic check,3511.66
MW-24746-CRXF,No,40.31,Female,0,No,No,11,Yes,No,No,No internet service,No internet service,No internet service,No internet service,No internet service,No internet service,One year,No,Credit card (automatic),444.82
MW-88598-PGVS,No,76.81,Female,0,No,No,41,Yes,No,DSL,No,No,No,No,Yes,Yes,Month-to-month,Yes,Bank transfer (automatic),3126.27
MW-42387-JMNV,No,49.19,Male,0,Yes,No,39,Yes,Yes,Fiber optic,No,No,Yes,Yes,Yes,No,Month-to-month,Yes,Mailed check,1906.04
MW-80183-MSMH,No,107.76,Male,0,No,No,34,Yes,Yes,Fiber optic,No,Yes,No,No,Yes,No,Month-to-month,No,Electronic check,3670.78
MW-61344-QUZB,No,66.03,Female,0,Yes,No,58,Yes,Yes,Fiber optic,No,No,Yes,No,No,No,Month-to-month,No,Mailed check,3806.0
MW-21929-ZTGK,No,22.79,Female,0,No,Yes,19,Yes,Yes,DSL,No,No,No,Yes,Yes,No,One year,No,Credit card (automatic),421.8
MW-41242-SHJN,No,46.44,Female,0,No,No,69,Yes,No,Fiber optic,Yes,Yes,No,No,No,No,One year,No,Bank transfer (automatic),3198.47
MW-30439-SXWG,Yes,34.02,Male,0,Yes,No,24,Yes,No,Fiber optic,No,No,No,No,No,Yes,Month-to-month,Yes,Electronic check,860.03
MW-55562-EZYQ,Yes,96.19,Male,0,No,Yes,39,Yes,No,No,No internet service,No internet service,No internet service,No internet service,No internet service,No internet service,Month-to-month,No,Electronic check,3761.52
MW-72964-SGQS,No,87.21,Male,0,Yes,Yes,38,Yes,No,DSL,No,No,No,Yes,No,No,Two year,No,Mailed check,3330.44
MW-20859-HTKN,Yes,62.17,Male,0,No,No,62,Yes,Yes,DSL,Yes,No,No,No,No,Yes,One year,No,Electronic check,3842.46
MW-90600-BDRV,Yes,72.7,Male,0,Yes,No,32,Yes,Yes,DSL,No,Yes,Yes,No,No,Yes,Month-to-month,Yes,Credit card (automatic),2331.83
MW-96769-PVVU,No,61.37,Female,0,Yes,No,20,Yes,Yes,DSL,No,No,Yes,No,No,No,Month-to-month,No,Bank transfer (automatic),1201.0
MW-18866-VUVK,Yes,89.81,Female,0,No,No,1,Yes,Yes,No,No internet service,No internet service,No internet service,No internet service,No internet service,No internet service,Month-to-month,No,Electronic check,84.85
MW-61999-KMNR,No,79.59,Female,0,Yes,No,26,Yes,Yes,DSL,No,No,No,Yes,No,No,Two year,Yes,Credit card (automatic),2076.92
MW-95011-PDKQ,No,85.0,Male,1,Yes,No,60,Yes,Yes,DSL,Yes,No,No,No,Yes,Yes,Month-to-month,No,Mailed check,5078.74
MW-59914-ACYW,No,58.24,Male,1,No,No,0,Yes,No,No,No internet service,No internet service,No internet service,No internet service,No internet service,No internet service,Month-to-month,Yes,Electronic check,5.9
MW-41494-PCGU,No,45.05,Male,1,No,No,65,No,No phone service,DSL,No,No,No,No,No,No,Two year,No,Bank transfer (automatic),2935.39
MW-87799-TFBY,Yes,83.95,Female,0,Yes,Yes,39,Yes,No,DSL,No,No,No,No,No,Yes,One year,Yes,Electronic check,3265.01
MW-19170-TRWL,No,110.54,Female,0,Yes,Yes,10,Yes,No,Fiber optic,No,Yes,No,No,No,Yes,Month-to-month,Yes,Mailed check,1092.88
MW-64941-CBZQ,No,97.18,Male,0,Yes,No,22,Yes,Yes,Fiber optic,Yes,No,No,No,No,Yes,Month-to-month,No,Credit card (automatic),2127.23
MW-61138-TKCV,Yes,111.45,Male,0,No,No,40,Yes,Yes,No,No internet service,No internet service,No internet service,No internet service,No internet service,No internet service,Month-to-month,No,Credit card (automatic),4452.8
MW-44933-VVNS,No,68.86,Male,0,No,No,23,No,No phone service,Fiber optic,Yes,Yes,No,Yes,No,No,One year,Yes,Mailed check,1579.03
MW-45576-HGAE,Yes,34.9,Male,0,No,Yes,7,Yes,Yes,DSL,No,No,Yes,Yes,Yes,No,Month-to-month,Yes,Bank transfer (automatic),251.94
MW-78271-LMLL,No,37.56,Male,1,Yes,No,48,No,No phone service,Fiber optic,No,No,No,Yes,Yes,No,Two year,No,Electronic check,1794.86
MW-67741-FSLN,No,105.39,Male,0,No,No,49,Yes,No,No,No internet service,No internet service,No internet service,No internet service,No internet service,No internet service,Two year,Yes,Bank transfer (automatic),5188.14
MW-27023-QMPM,Yes,18.0,Male,0,Yes,No,8,Yes,No,Fiber optic,Yes,No,No,Yes,No,Yes,Month-to-month,No,Electronic check,167.92
MW-36950-KNSW,No,109.14,Male,0,No,No,20,Yes,No,Fiber optic,Yes,Yes,No,Yes,Yes,Yes,One year,Yes,Bank transfer (automatic),2186.34
MW-93609-CECA,Yes,40.37,Female,0,No,No,17,Yes,No,Fiber optic,No,Yes,No,Yes,No,Yes,Month-to-month,Yes,Electronic check,681.12
MW-37757-VFGH,No,120.0,Female,0,Yes,Yes,48,Yes,Yes,Fiber optic,No,No,Yes,No,Yes,No,Month-to-month,Yes,Credit card (automatic),5752.0
MW-36664-WQCW,No,61.88,Female,0,No,No,53,Yes,No,Fiber optic,No,Yes,No,Yes,Yes,No,One year,No,Credit card (automatic),3284.39
MW-97502-ZTMZ,Yes,85.68,Female,0,No,No,53,Yes,No,DSL,No,No,No,No,Yes,Yes,Month-to-month,No,Electronic check,4548.42
MW-48174-BAUE,No,120.0,Male,0,Yes,Yes,68,Yes,No,Fiber optic,No,No,No,No,No,No,Month-to-month,No,Credit card (automatic),8156.98
MW-76561-BCLR,Yes,54.1,Male,0,Yes,No,56,No,No phone service,DSL,No,Yes,No,Yes,Yes,No,Month-to-month,Yes,Electronic check,3023.7
MW-38853-LLDH,No,53.59,Female,1,Yes,Yes,23,Yes,Yes,Fiber optic,No,No,No,Yes,No,No,Month-to-month,No,Bank transfer (automatic),1237.86
MW-59599-YHJX,Yes,43.15,Male,0,Yes,No,7,Yes,No,Fiber optic,No,No,Yes,Yes,No,Yes,Month-to-month,Yes,Electronic check,303.09
MW-49863-BBXH,No,33.95,Female,1,Yes,No,44,Yes,No,DSL,No,No,Yes,Yes,No,Yes,One year,Yes,Electronic check,1485.22
MW-49821-FMAK,No,54.11,Female,0,Yes,No,66,Yes,Yes,DSL,Yes,No,Yes,No,No,No,Two year,Yes,Bank transfer (automatic),3572.96
MW-82935-ASWQ,No,47.35,Male,0,Yes,No,71,Yes,No,No,No internet service,No internet service,No internet service,No internet service,No internet service,No internet service,One year,Yes,Mailed check,3352.77
MW-56599-EVRW,No,26.49,Female,0,No,No,16,Yes,No,DSL,No,No,No,No,No,No,Two year,Yes,Bank transfer (automatic),412.57
MW-94261-XKZW,Yes,57.69,Male,0,No,No,17,Yes,Yes,DSL,Yes,Yes,Yes,Yes,No,No,Month-to-month,Yes,Mailed check,980.66
MW-98952-QRLW,No,77.49,Male,0,Yes,No,2,Yes,Yes,DSL,No,No,Yes,No,Yes,Yes,Two year,Yes,Electronic check,146.36
MW-65123-BMCA,No,37.12,Female,0,No,No,10,Yes,Yes,Fiber optic,No,Yes,No,No,Yes,No,Month-to-month,Yes,Electronic check,360.21
MW-68091-YRMZ,No,59.13,Female,0,Yes,No,40,Yes,No,DSL,No,No,No,Yes,Yes,No,Month-to-month,No,Bank transfer (automatic),2380.89
MW-35906-CYMD,No,106.2,Female,0,Yes,No,39,Yes,No,No,No internet service,No internet service,No internet service,No internet service,No internet service,No internet service,Two year,Yes,Bank transfer (automatic),4135.92
MW-48065-HMVW,No,21.41,Female,0,No,Yes,27,Yes,No,Fiber optic,No,Yes,No,No,No,No,Month-to-month,Yes,Electronic check,605.72
MW-53583-DKKN,No,120.0,Female,0,Yes,No,22,No,No phone service,DSL,Yes,Yes,Yes,Yes,Yes,No,Month-to-month,No,Mailed check,2649.4
MW-90071-PZGM,No,43.78,Male,0,Yes,Yes,60,No,No phone service,Fiber optic,No,No,Yes,No,No,No,Month-to-month,Yes,Bank transfer (automatic),2614.49
MW-38782-GEKA,No,70.03,Male,0,Yes,Yes,33,Yes,No,DSL,Yes,Yes,No,Yes,No,No,Month-to-month,Yes,Bank transfer (automatic),2328.39
MW-12600-UMLN,Yes,102.37,Female,1,No,No,59,Yes,Yes,DSL,Yes,No,No,Yes,No,Yes,Month-to-month,Yes,Credit card (automatic),6029.08
MW-98511-NYQV,No,111.53,Male,0,No,No,70,Yes,No,Fiber optic,Yes,Yes,No,Yes,No,Yes,Month-to-month,No,Mailed check,7836.7
MW-42985-VBVV,No,78.09,Female,0,Yes,No,23,Yes,No,DSL,No,No,Yes,No,No,Yes,Two year,Yes,Bank transfer (automatic),1799.46
MW-91601-RBAA,Yes,43.16,Female,0,Yes,No,14,Yes,No,No,No internet service,No internet service,No internet service,No internet service,No internet service,No internet service,Month-to-month,No,Bank transfer (automatic),612.38
MW-17752-SPJN,Yes,40.52,Male,0,No,Yes,69,Yes,Yes,Fiber optic,Yes,Yes,Yes,No,No,No,Month-to-month,Yes,Electronic check,2796.34
MW-75732-LHUM,No,46.75,Male,0,No,No,46,Yes,No,DSL,No,Yes,No,No,No,No,Month-to-month,Yes,Electronic check,2154.49
MW-99654-PYXS,No,120.0,Female,0,Yes,Yes,21,Yes,No,No,No internet service,No internet service,No internet service,No internet service,No internet service,No internet service,Two year,Yes,Electronic check,2516.56
MW-52302-XJJY,No,52.51,Male,0,No,No,45,Yes,Yes,Fiber optic,No,No,No,Yes,Yes,Yes,Month-to-month,No,Credit card (automatic),2349.06
MW-39912-XDAE,Yes,73.71,Female,0,No,No,37,Yes,Yes,DSL,No,No,No,Yes,No,No,Month-to-month,No,Electronic check,2732.37
MW-51090-UFZF,Yes,32.69,Female,0,Yes,No,66,Yes,No,Fiber optic,Yes,Yes,No,Yes,No,Yes,Month-to-month,Yes,Bank transfer (automatic),2172.91
MW-47318-EBYH,No,29.31,Male,0,No,Yes,18,Yes,Yes,No,No internet service,No internet service,No internet service,No internet service,No internet service,No internet service,One year,No,Bank transfer (automatic),509.72
MW-55677-VPDF,No,64.79,Female,1,Yes,No,72,Yes,No,Fiber optic,Yes,Yes,No,No,Yes,No,Two year,No,Mailed check,4687.99
MW-45831-CCVR,No,54.26,Female,0,Yes,No,68,No,No phone service,Fiber optic,No,No,No,No,Yes,No,One year,Yes,Credit card (automatic),3698.7
MW-89047-DLFR,Yes,56.45,Female,0,Yes,No,13,Yes,Yes,Fiber optic,Yes,No,No,Yes,No,No,One year,No,Bank transfer (automatic),727.3
MW-77014-DFSU,No,19.63,Male,1,No,No,12,Yes,No,DSL,No,Yes,No,No,No,Yes,Month-to-month,No,Electronic check,228.74
MW-43778-ZZTG,Yes,61.8,Female,0,Yes,No,38,Yes,No,DSL,No,Yes,No,No,Yes,No,Month-to-month,No,Credit card (automatic),2376.36
MW-56489-VRZU,No,110.48,Male,0,No,No,3,Yes,Yes,Fiber optic,No,No,No,Yes,No,Yes,Month-to-month,Yes,Mailed check,345.52
MW-76729-VPVG,No,38.41,Female,0,Yes,No,21,Yes,Yes,No,No internet service,No internet service,No internet service,No internet service,No internet service,No internet service,Month-to-month,No,Mailed check,823.71
MW-17624-CFPR,Yes,90.92,Female,0,Yes,Yes,31,Yes,Yes,Fiber optic,No,Yes,No,Yes,Yes,No,Month-to-month,No,Bank transfer (automatic),2814.75
MW-76533-MMEW,Yes,18.0,Female,0,No,No,70,Yes,No,DSL,No,No,No,No,No,No,Month-to-month,Yes,Bank transfer (automatic),1268.33
MW-29434-FCDA,No,39.93,Female,0,No,No,72,Yes,No,Fiber optic,No,No,Yes,Yes,No,No,Month-to-month,Yes,Electronic check,2880.2
MW-46259-ZJVM,No,18.0,Male,0,Yes,No,11,Yes,Yes,DSL,Yes,Yes,Yes,Yes,Yes,Yes,One year,Yes,Credit card (automatic),195.38
MW-44222-YRFC,Yes,101.09,Male,0,No,No,65,Yes,No,DSL,Yes,No,No,No,Yes,No,Month-to-month,Yes,Bank transfer (automatic),6572.49
MW-45407-EQAV,No,90.36,Male,0,No,No,6,Yes,Yes,Fiber optic,No,No,No,No,Yes,Yes,One year,Yes,Bank transfer (automatic),558.81
MW-40005-GXCX,No,32.97,Female,0,No,No,54,Yes,Yes,DSL,No,No,No,Yes,Yes,No,One year,No,Electronic check,1804.37
MW-64931-WNMX,No,72.68,Female,0,No,Yes,61,Yes,No,No,No internet service,No internet service,No internet service,No internet service,No internet service,No internet service,Month-to-month,No,Electronic check,4429.71
MW-81705-VNHB,Yes,100.05,Male,0,No,Yes,65,Yes,No,Fiber optic,No,Yes,Yes,Yes,Yes,Yes,Month-to-month,No,Mailed check,6483.55
MW-41719-YZWA,No,104.72,Male,0,Yes,Yes,16,Yes,No,Fiber optic,No,No,No,Yes,Yes,Yes,One year,Yes,Bank transfer (automatic),1700.17
MW-19017-LGLB,No,51.83,Male,0,Yes,Yes,65,Yes,Yes,No,No internet service,No internet service,No internet service,No internet service,No internet service,No internet service,One year,Yes,Mailed check,3393.79
MW-71639-NPFP,No,18.0,Male,0,Yes,No,8,Yes,Yes,Fiber optic,No,No,Yes,No,Yes,No,Month-to-month,Yes,Bank transfer (automatic),150.01
MW-36390-PRFD,Yes,37.04,Male,0,Yes,Yes,37,Yes,No,No,No internet service,No internet service,No internet service,No internet service,No internet service,No internet service,Month-to-month,No,Electronic check,1397.37
MW-61716-HASG,No,86.98,Male,0,No,Yes,34,Yes,Yes,No,No internet service,No internet service,No internet service,No internet service,No internet service,No internet service,One year,No,Bank transfer (automatic),2962.23
MW-76526-HBNA,No,120.0,Female,0,Yes,No,23,Yes,No,Fiber optic,Yes,Yes,Yes,Yes,Yes,No,One year,Yes,Credit card (automatic),2746.36
MW-66609-MGRZ,Yes,62.37,Female,0,Yes,No,1,Yes,Yes,DSL,No,Yes,No,Yes,No,No,Month-to-month,Yes,Bank transfer (automatic),42.69
MW-99192-PVEJ,No,45.8,Male,0,No,Yes,56,No,No phone service,DSL,No,No,No,No,Yes,Yes,Month-to-month,Yes,Credit card (automatic),2544.97
MW-79350-VKYY,No,120.0,Male,0,Yes,No,24,Yes,Yes,No,No internet service,No internet service,No internet service,No internet service,No internet service,No internet service,Two year,Yes,Credit card (automatic),2880.07
MW-99964-TRJW,Yes,76.17,Male,0,No,Yes,48,Yes,Yes,DSL,No,No,No,Yes,Yes,No,Month-to-month,Yes,Electronic check,3649.17
MW-75665-ZWJE,No,27.17,Female,0,Yes,No,29,Yes,Yes,No,No internet service,No internet service,No internet service,No internet service,No internet service,No internet service,Two year,No,Bank transfer (automatic),779.25
MW-83139-XAVG,No,60.43,Female,1,No,No,27,Yes,Yes,DSL,No,No,No,No,No,No,Month-to-month,Yes,Credit card (automatic),1630.01
MW-28648-UQCX,No,94.0,Female,0,No,No,64,Yes,Yes,Fiber optic,No,Yes,No,Yes,No,No,Month-to-month,Yes,Bank transfer (automatic),6028.87
MW-45975-YHDW,No,61.89,Female,1,Yes,No,6,Yes,No,DSL,No,No,No,No,No,No,Month-to-month,Yes,Electronic check,363.13
MW-43670-LRVR,Yes,87.83,Female,0,Yes,No,53,No,No phone service,No,No internet service,No internet service,No internet service,No internet service,No internet service,No internet service,Month-to-month,Yes,Credit card (automatic),4644.26
MW-28522-MTBN,No,18.0,Male,0,No,No,54,Yes,No,DSL,No,No,No,Yes,No,No,Two year,Yes,Electronic check,964.78
MW-11694-QSFV,No,20.97,Female,0,No,No,27,Yes,No,Fiber optic,No,Yes,Yes,Yes,No,No,Month-to-month,Yes,Electronic check,580.0
MW-35158-HQSA,No,41.95,Female,1,Yes,No,19,No,No phone service,No,No internet service,No internet service,No internet service,No internet service,No internet service,No internet service,Two year,No,Electronic check,796.0
MW-32565-YNAQ,No,55.53,Male,1,No,No,0,Yes,Yes,DSL,No,Yes,Yes,No,No,No,Month-to-month,Yes,Mailed check,4.2
MW-60350-GXDA,No,74.02,Male,0,Yes,Yes,68,Yes,No,DSL,Yes,Yes,Yes,No,No,No,Two year,Yes,Mailed check,5056.66
MW-68462-TBEJ,No,83.1,Female,0,Yes,Yes,69,Yes,No,No,No internet service,No internet service,No internet service,No internet service,No internet service,No internet service,Two year,No,Mailed check,5776.55
MW-39057-WVQM,No,120.0,Male,0,Yes,No,17,Yes,No,No,No internet service,No internet service,No internet service,No internet service,No internet service,No internet service,One year,No,Credit card (automatic),2049.61
MW-39715-SHXS,No,41.84,Male,1,Yes,Yes,2,Yes,No,DSL,No,Yes,No,Yes,Yes,Yes,Month-to-month,Yes,Mailed check,91.8
MW-97903-QNRP,No,54.58,Female,1,Yes,Yes,8,Yes,Yes,Fiber optic,No,No,No,Yes,Yes,Yes,One year,No,Mailed check,418.87
MW-23835-SLHT,Yes,42.68,Female,0,No,Yes,4,Yes,No,DSL,No,No,No,No,No,Yes,Month-to-month,No,Credit card (automatic),176.25
MW-32582-HABA,No,96.38,Male,0,Yes,Yes,60,Yes,Yes,DSL,No,No,Yes,No,No,No,Two year,Yes,Credit card (automatic),5783.73
MW-17470-NSGA,Yes,98.02,Male,0,No,No,65,Yes,Yes,Fiber optic,No,No,No,No,Yes,Yes,Month-to-month,No,Electronic check,6384.68
MW-30769-RJVJ,Yes,50.57,Female,0,No,Yes,11,Yes,No,DSL,Yes,Yes,Yes,No,No,No,Month-to-month,Yes,Electronic check,550.39
MW-36280-RQGU,Yes,120.0,Female,0,No,No,54,Yes,Yes,Fiber optic,Yes,No,Yes,No,No,Yes,Month-to-month,No,Bank transfer (automatic),6483.01
MW-33358-VVHG,No,42.73,Female,0,No,Yes,13,Yes,No,DSL,No,Yes,No,Yes,No,No,One year,No,Credit card (automatic),564.57
MW-13829-GDXZ,No,94.9,Female,0,Yes,No,26,Yes,No,No,No internet service,No internet service,No internet service,No internet service,No internet service,No internet service,Two year,No,Bank transfer (automatic),2495.88
MW-81485-VBYV,No,107.64,Female,0,No,No,43,Yes,Yes,Fiber optic,No,Yes,No,No,No,No,Month-to-month,Yes,Electronic check,4651.98
MW-59327-BAGM,No,23.15,Female,1,No,No,52,Yes,Yes,DSL,No,No,No,Yes,No,No,One year,Yes,Bank transfer (automatic),1222.79
MW-95686-JRSM,No,81.33,Male,0,Yes,No,63,Yes,No,No,No internet service,No internet service,No internet service,No internet service,No internet service,No internet service,Two year,Yes,Bank transfer (automatic),5134.7
MW-38781-KPCA,No,18.0,Male,0,No,Yes,3,Yes,No,No,No internet service,No internet service,No internet service,No internet service,No internet service,No internet service,Month-to-month,Yes,Bank transfer (automatic),47.53
MW-53823-VDZP,Yes,88.73,Male,0,No,No,14,Yes,Yes,DSL,No,Yes,Yes,No,No,Yes,Month-to-month,No,Credit card (automatic),1253.12
MW-94469-NVEP,No,30.95,Male,0,Yes,Yes,20,Yes,No,No,No internet service,No internet service,No internet service,No internet service,No internet service,No internet service,One year,Yes,Credit card (automatic),607.42
MW-19719-MMYZ,No,81.02,Male,1,No,No,22,Yes,No,DSL,No,No,Yes,Yes,No,No,One year,Yes,Bank transfer (automatic),1779.35
MW-60309-KKGK,Yes,86.65,Female,0,No,No,72,Yes,No,DSL,No,No,No,No,No,No,Month-to-month,Yes,Bank transfer (automatic),6265.48
MW-11490-LBFU,No,97.6,Male,1,Yes,No,56,Yes,No,Fiber optic,No,No,No,No,Yes,Yes,Two year,Yes,Bank transfer (automatic),5473.67
MW-28890-TBXD,Yes,90.71,Female,0,Yes,No,23,Yes,No,DSL,No,No,Yes,No,Yes,No,Month-to-month,No,Mailed check,2089.74
MW-64413-DBDE,No,65.68,Female,0,No,No,70,Yes,No,Fiber optic,No,Yes,Yes,No,No,No,Two year,Yes,Mailed check,4602.94
MW-60057-XLEB,No,52.59,Male,0,No,Yes,36,Yes,Yes,Fiber optic,No,Yes,No,Yes,Yes,Yes,Two year,No,Bank transfer (automatic),1891.83
MW-74966-FKLM,No,61.77,Male,0,Yes,Yes,36,Yes,Yes,No,No internet service,No internet service,No internet service,No internet service,No internet service,No internet service,Two year,Yes,Bank transfer (automatic),2191.38
MW-62979-ECMB,No,30.52,Male,0,Yes,No,31,Yes,Yes,DSL,No,No,No,No,Yes,No,Month-to-month,No,Mailed check,927.15
MW-80518-XHRR,Yes,57.65,Male,0,No,No,10,No,No phone service,DSL,No,No,No,Yes,No,Yes,Month-to-month,Yes,Electronic check,585.76
MW-83332-AQRD,No,55.28,Female,0,No,No,68,Yes,No,Fiber optic,No,No,No,No,Yes,No,Month-to-month,Yes,Bank transfer (automatic),3745.23
MW-31298-PCME,No,40.35,Male,0,Yes,No,1,Yes,No,DSL,Yes,No,No,No,No,No,Month-to-month,Yes,Bank transfer (automatic),38.74
MW-98429-HWXY,No,18.0,Female,0,Yes,Yes,12,No,No phone service,No,No internet service,No internet service,No internet service,No internet service,No internet service,No internet service,One year,No,Mailed check,197.59
MW-51535-ZNWX,No,25.69,Male,0,Yes,No,16,Yes,No,Fiber optic,Yes,No,Yes,No,No,Yes,Month-to-month,No,Mailed check,400.26
MW-12898-GDKR,No,18.0,Male,0,Yes,No,20,Yes,No,No,No internet service,No internet service,No internet service,No internet service,No internet service,No internet service,Month-to-month,Yes,Electronic check,359.94
MW-20962-CRHL,Yes,54.76,Male,0,Yes,Yes,9,Yes,No,Fiber optic,Yes,Yes,Yes,Yes,Yes,No,Month-to-month,No,Credit card (automatic),506.7
MW-39367-KTHM,No,74.81,Female,0,Yes,Yes,1,Yes,No,DSL,Yes,No,Yes,No,No,No,Month-to-month,Yes,Credit card (automatic),91.67
MW-80903-RWLD,No,18.0,Female,0,Yes,No,49,Yes,No,DSL,No,Yes,Yes,No,Yes,Yes,Month-to-month,Yes,Bank transfer (automatic),870.98
MW-41983-PARK,No,71.1,Male,0,Yes,No,70,Yes,No,Fiber optic,No,No,Yes,No,No,Yes,One year,No,Mailed check,4981.6
MW-85712-RDME,No,60.33,Male,0,Yes,Yes,8,Yes,Yes,No,No internet service,No internet service,No internet service,No internet service,No internet service,No internet service,One year,Yes,Bank transfer (automatic),461.26
MW-59290-PBNL,No,28.7,Female,0,No,Yes,21,Yes,No,DSL,No,No,Yes,No,No,No,Month-to-month,Yes,Mailed check,603.55
MW-38638-DTWP,No,51.06,Male,1,Yes,No,36,No,No phone service,DSL,Yes,No,Yes,No,Yes,No,Two year,Yes,Credit card (automatic),1852.46
MW-78462-NJGA,No,95.52,Female,0,No,No,67,No,No phone service,Fiber optic,No,No,Yes,No,No,No,Two year,Yes,Electronic check,6398.83
MW-64692-MNAH,No,34.77,Female,0,No,No,50,Yes,Yes,DSL,Yes,No,No,Yes,Yes,No,Month-to-month,No,Electronic check,1758.24
MW-70023-PFQL,No,66.37,Female,0,No,No,55,Yes,Yes,Fiber optic,No,Yes,No,Yes,No,Yes,One year,Yes,Bank transfer (automatic),3662.9
MW-39873-YEAH,No,74.4,Female,0,Yes,No,42,Yes,No,DSL,No,No,Yes,No,No,No,Month-to-month,Yes,Electronic check,3128.42
MW-66013-VYRQ,No,39.33,Female,0,No,No,30,Yes,Yes,Fiber optic,No,No,Yes,No,No,Yes,Month-to-month,No,Bank transfer (automatic),1176.15
MW-67769-TZYR,No,94.25,Female,0,Yes,No,14,Yes,Yes,Fiber optic,Yes,Yes,No,No,No,Yes,Month-to-month,No,Credit card (automatic),1311.49
MW-59479-JCDR,Yes,76.12,Female,0,Yes,No,63,Yes,Yes,No,No internet service,No internet service,No internet service,No internet service,No internet service,No internet service,Month-to-month,Yes,Electronic check,4773.69
MW-81301-BWMX,No,56.44,Female,0,Yes,Yes,58,Yes,Yes,Fiber optic,No,No,Yes,Yes,No,Yes,Two year,No,Mailed check,3254.09
MW-35075-WPLC,No,120.0,Male,0,Yes,No,1,No,No phone service,DSL,Yes,Yes,No,Yes,No,No,Two year,Yes,Bank transfer (automatic),134.92
MW-58396-ZRKD,No,94.38,Male,0,Yes,No,52,Yes,Yes,Fiber optic,No,No,Yes,No,No,Yes,Two year,Yes,Credit card (automatic),4930.47
MW-40788-WBSF,Yes,18.0,Male,0,No,Yes,6,Yes,Yes,No,No internet service,No internet service,No internet service,No internet service,No internet service,No internet service,One year,No,Mailed check,91.78
MW-31093-RCVL,No,52.33,Male,0,No,Yes,53,Yes,No,Fiber optic,No,No,No,No,Yes,No,One year,Yes,Electronic check,2774.51
MW-67122-LYER,No,120.0,Male,0,No,Yes,60,Yes,No,No,No internet service,No internet service,No internet service,No internet service,No internet service,No internet service,Two year,No,Bank transfer (automatic),7176.38
MW-74100-PSRV,No,34.53,Female,0,No,No,9,Yes,No,No,No internet service,No internet service,No internet service,No internet service,No internet service,No internet service,Month-to-month,Yes,Mailed check,296.12
MW-62368-JFSP,Yes,65.99,Male,0,Yes,No,31,Yes,No,DSL,Yes,No,Yes,No,No,No,Month-to-month,No,Credit card (automatic),2049.59
MW-60243-XTFH,No,100.93,Female,0,No,No,9,Yes,No,Fiber optic,No,Yes,No,No,No,No,One year,Yes,Bank transfer (automatic),900.59
MW-30171-SKYS,Yes,83.57,Female,1,Yes,No,41,Yes,Yes,DSL,No,No,Yes,No,Yes,No,Month-to-month,No,Electronic check,3397.63
MW-67179-JVSJ,Yes,87.89,Female,0,No,Yes,67,Yes,No,Fiber optic,No,Yes,Yes,No,No,No,Month-to-month,No,Bank transfer (automatic),5914.41
MW-16746-LRFR,No,86.13,Female,0,No,No,5,Yes,No,No,No internet service,No internet service,No internet service,No internet service,No internet service,No internet service,Month-to-month,Yes,Mailed check,429.91
MW-85657-HYPU,No,64.76,Male,0,Yes,No,29,Yes,No,Fiber optic,Yes,No,Yes,No,No,No,One year,No,Electronic check,1861.47
MW-46444-PESR,No,40.23,Male,0,No,No,71,Yes,Yes,DSL,Yes,No,No,Yes,No,No,Month-to-month,No,Bank transfer (automatic),2858.25
MW-15272-DYCK,Yes,77.04,Female,0,No,No,21,Yes,Yes,No,No internet service,No internet service,No internet service,No internet service,No internet service,No internet service,Month-to-month,Yes,Credit card (automatic),1616.63
MW-49547-CULN,Yes,51.92,Male,0,No,No,9,Yes,No,Fiber optic,No,No,Yes,No,No,No,Month-to-month,No,Bank transfer (automatic),473.61
MW-15918-XLMP,Yes,49.56,Female,0,No,No,35,Yes,No,DSL,No,No,Yes,Yes,Yes,Yes,Month-to-month,No,Electronic check,1729.5
MW-97039-YLFH,No,108.47,Female,0,No,Yes,37,Yes,Yes,No,No internet service,No internet service,No internet service,No internet service,No internet service,No internet service,Two year,Yes,Bank transfer (automatic),4018.1
MW-63036-PUWN,Yes,52.57,Male,1,Yes,No,48,Yes,No,DSL,No,No,Yes,Yes,Yes,No,Month-to-month,Yes,Electronic check,2537.51
MW-27891-MYSA,No,115.18,Female,0,Yes,No,22,Yes,Yes,Fiber optic,No,No,No,Yes,Yes,No,One year,No,Bank transfer (automatic),2514.19
MW-64227-RUUD,No,71.7,Male,0,Yes,Yes,69,Yes,No,Fiber optic,No,Yes,Yes,No,Yes,No,One year,No,Mailed check,4936.9
MW-82918-NUYW,No,59.23,Male,0,No,No,38,Yes,No,No,No internet service,No internet service,No internet service,No internet service,No internet service,No internet service,Month-to-month,Yes,Electronic check,2263.33
MW-39131-UUJQ,No,18.0,Male,0,No,Yes,20,Yes,Yes,DSL,No,No,No,No,No,No,Two year,Yes,Mailed check,351.73
MW-84733-ACGZ,No,120.0,Male,0,No,No,70,Yes,No,DSL,No,No,No,No,Yes,No,One year,Yes,Credit card (automatic),8398.77
MW-55214-FHVA,No,63.82,Male,0,No,No,67,Yes,Yes,Fiber optic,No,No,Yes,No,No,No,One year,Yes,Electronic check,4268.88
MW-94966-EAQT,No,18.0,Male,0,No,Yes,36,Yes,Yes,No,No internet service,No internet service,No internet service,No internet service,No internet service,No internet service,Month-to-month,Yes,Credit card (automatic),641.88
MW-74722-YVTV,Yes,93.63,Male,0,No,Yes,1,Yes,No,DSL,No,Yes,No,No,No,Yes,Month-to-month,Yes,Bank transfer (automatic),86.24
MW-39677-YPDR,No,62.49,Male,0,Yes,Yes,43,No,No phone service,DSL,No,Yes,Yes,No,No,No,Two year,Yes,Bank transfer (automatic),2668.19
MW-64116-HXNR,No,36.06,Male,0,No,No,40,Yes,Yes,No,No internet service,No internet service,No internet service,No internet service,No internet service,No internet service,One year,Yes,Electronic check,1449.29
MW-79722-NJXY,No,91.94,Female,0,Yes,Yes,10,Yes,Yes,Fiber optic,No,No,Yes,Yes,No,No,Two year,Yes,Electronic check,935.33
MW-19295-XZAR,No,18.0,Female,0,No,No,46,No,No phone service,DSL,Yes,No,Yes,No,Yes,No,Two year,No,Electronic check,825.35
MW-25353-LPLY,No,42.58,Male,1,No,No,61,Yes,Yes,Fiber optic,Yes,No,No,No,No,Yes,Month-to-month,No,Bank transfer (automatic),2611.62
MW-75247-VURC,No,55.02,Male,0,No,No,7,Yes,No,Fiber optic,Yes,No,Yes,No,No,No,Two year,Yes,Credit card (automatic),377.77
MW-10620-EYBT,No,89.57,Female,0,No,Yes,52,Yes,Yes,Fiber optic,Yes,Yes,No,Yes,No,No,Month-to-month,Yes,Credit card (automatic),4649.39
MW-11341-QTZK,No,120.0,Female,0,Yes,No,10,Yes,Yes,Fiber optic,Yes,Yes,No,No,No,No,One year,No,Electronic check,1206.16
MW-16362-QAJG,No,56.66,Male,0,No,No,54,Yes,Yes,Fiber optic,No,No,No,No,No,No,Month-to-month,Yes,Electronic check,3066.05
MW-88880-VHHL,No,77.8,Male,1,No,No,30,No,No phone service,DSL,No,Yes,No,No,Yes,No,Month-to-month,No,Electronic check,2332.31
MW-11879-PSZL,No,120.0,Female,0,Yes,No,0,Yes,No,No,No internet service,No internet service,No internet service,No internet service,No internet service,No internet service,One year,No,Credit card (automatic),10.15
MW-94414-QJQF,No,64.14,Female,0,Yes,Yes,70,Yes,Yes,DSL,No,No,Yes,Yes,Yes,No,Two year,Yes,Electronic check,4470.5
MW-39718-FUSU,No,78.05,Male,0,Yes,No,12,Yes,No,No,No internet service,No internet service,No internet service,No internet service,No internet service,No internet service,One year,Yes,Electronic check,932.04
MW-18231-TJUF,No,26.88,Male,0,No,No,43,Yes,Yes,DSL,Yes,No,No,No,No,No,Month-to-month,No,Bank transfer (automatic),1170.31
MW-22509-AFSR,No,120.0,Female,0,Yes,Yes,13,Yes,Yes,DSL,No,No,Yes,No,No,No,Month-to-month,Yes,Bank transfer (automatic),1574.43
MW-25226-TUFU,No,42.61,Male,0,No,No,68,Yes,Yes,DSL,No,Yes,No,Yes,No,No,Two year,Yes,Electronic check,2910.02
MW-15990-MWAU,No,72.06,Male,0,Yes,Yes,53,Yes,Yes,DSL,No,Yes,No,Yes,No,No,Month-to-month,No,Bank transfer (automatic),3834.49
MW-88189-SMWG,No,71.21,Female,0,No,Yes,58,Yes,Yes,Fiber optic,No,No,No,No,No,No,Month-to-month,Yes,Electronic check,4124.59
MW-57065-JJMG,No,66.56,Female,0,No,No,31,No,No phone service,Fiber optic,No,No,Yes,Yes,Yes,No,One year,Yes,Electronic check,2037.78
MW-98449-SCAD,Yes,50.97,Male,0,Yes,Yes,34,Yes,No,No,No internet service,No internet service,No internet service,No internet service,No internet service,No internet service,Month-to-month,Yes,Electronic check,1729.1
MW-32926-LARE,No,71.24,Female,0,Yes,No,46,Yes,Yes,Fiber optic,No,No,No,No,No,No,One year,Yes,Mailed check,3286.58
MW-98986-UWWN,No,116.72,Male,0,No,No,57,Yes,Yes,Fiber optic,No,Yes,No,Yes,Yes,Yes,Month-to-month,No,Credit card (automatic),6665.03
MW-59292-NKDF,No,120.0,Male,0,Yes,No,61,Yes,Yes,DSL,Yes,Yes,Yes,No,No,Yes,Two year,No,Bank transfer (automatic),7312.11
MW-79100-FQAZ,No,58.75,Male,0,Yes,Yes,1,Yes,Yes,No,No internet service,No internet service,No internet service,No internet service,No internet service,No internet service,Two year,Yes,Bank transfer (automatic),44.23
MW-90351-CJHW,No,50.52,Female,0,No,Yes,48,No,No phone service,DSL,No,No,No,Yes,Yes,No,Two year,Yes,Electronic check,2411.93
MW-53483-RYXU,Yes,39.74,Female,0,No,No,7,Yes,No,DSL,Yes,Yes,No,No,Yes,Yes,One year,Yes,Bank transfer (automatic),270.02
MW-68544-DQQH,Yes,120.0,Male,1,No,No,21,Yes,Yes,DSL,No,No,Yes,Yes,No,No,Month-to-month,Yes,Credit card (automatic),2491.54
MW-93311-AAKT,No,67.87,Female,0,Yes,No,60,Yes,Yes,DSL,Yes,No,No,No,No,No,One year,No,Mailed check,4064.29
MW-56968-EYGS,No,97.45,Male,0,Yes,No,18,Yes,Yes,Fiber optic,No,Yes,No,Yes,No,No,Two year,Yes,Credit card (automatic),1754.82
MW-33746-BAND,No,84.9,Male,0,No,No,58,Yes,No,DSL,Yes,Yes,No,No,Yes,No,One year,No,Bank transfer (automatic),4922.73
MW-39409-RKFZ,No,120.0,Male,0,No,No,33,Yes,No,DSL,No,No,No,No,No,Yes,One year,No,Bank transfer (automatic),3955.05
MW-96705-KCDH,No,56.57,Female,0,Yes,No,16,Yes,Yes,No,No internet service,No internet service,No internet service,No internet service,No internet service,No internet service,One year,Yes,Electronic check,894.78
MW-14143-MPLC,Yes,30.79,Female,0,Yes,No,24,Yes,No,DSL,No,Yes,No,No,No,Yes,One year,No,Bank transfer (automatic),730.37
MW-74570-GCNB,No,119.78,Male,0,Yes,No,38,Yes,No,Fiber optic,Yes,No,No,No,No,No,One year,Yes,Mailed check,4543.31
MW-55972-UNGG,Yes,91.1,Male,0,Yes,Yes,55,Yes,Yes,Fiber optic,No,Yes,No,No,No,Yes,Month-to-month,Yes,Credit card (automatic),5021.08
MW-18958-AARN,No,77.69,Female,0,Yes,Yes,44,No,No phone service,No,No internet service,No internet service,No internet service,No internet service,No internet service,No internet service,Month-to-month,No,Credit card (automatic),3418.35
MW-98508-DTZS,No,110.06,Female,0,Yes,No,68,Yes,Yes,Fiber optic,No,Yes,No,Yes,No,No,One year,No,Mailed check,7531.58
MW-71139-XSYP,Yes,79.4,Female,0,Yes,No,63,Yes,Yes,DSL,No,No,Yes,No,Yes,No,Month-to-month,No,Credit card (automatic),4997.21
MW-85230-VUHB,No,111.1,Male,0,No,No,54,No,No phone service,No,No internet service,No internet service,No internet service,No internet service,No internet service,No internet service,Two year,No,Credit card (automatic),6005.97
MW-24019-LEWS,No,71.4,Male,0,Yes,Yes,44,No,No phone service,Fiber optic,Yes,No,Yes,Yes,No,Yes,One year,Yes,Bank transfer (automatic),3136.95
MW-26835-XJPF,Yes,91.06,Male,0,No,Yes,21,Yes,No,DSL,No,Yes,No,No,Yes,No,Month-to-month,No,Electronic check,1907.24
MW-92127-MAJW,No,79.79,Female,0,No,Yes,30,Yes,Yes,Fiber optic,No,No,No,No,No,No,Two year,Yes,Electronic check,2417.14
MW-99827-QWUB,Yes,54.24,Female,0,Yes,No,8,Yes,Yes,Fiber optic,Yes,No,Yes,Yes,Yes,No,One year,No,Electronic check,448.88
MW-44818-MHCF,No,57.84,Female,0,Yes,Yes,27,Yes,Yes,DSL,No,Yes,No,Yes,Yes,Yes,One year,No,Electronic check,1535.36
MW-91510-AESG,No,52.21,Female,0,Yes,No,67,Yes,No,Fiber optic,No,No,No,Yes,Yes,No,Month-to-month,No,Credit card (automatic),3482.73
MW-21018-THBS,No,71.96,Female,0,Yes,No,31,Yes,Yes,DSL,No,No,Yes,No,Yes,No,Two year,Yes,Electronic check,2228.72
MW-77852-DZLB,Yes,50.33,Female,0,Yes,Yes,8,Yes,Yes,Fiber optic,Yes,Yes,No,No,Yes,No,Month-to-month,Yes,Bank transfer (automatic),394.88
MW-41098-FHMS,No,77.08,Female,0,No,Yes,47,Yes,Yes,No,No internet service,No internet service,No internet service,No internet service,No internet service,No internet service,One year,Yes,Bank transfer (automatic),3600.14
MW-32422-HHYE,No,76.06,Male,0,Yes,No,70,Yes,No,Fiber optic,No,No,No,Yes,No,No,Month-to-month,No,Bank transfer (automatic),5325.94
MW-83485-TEGQ,No,70.15,Female,0,Yes,No,63,Yes,Yes,No,No internet service,No internet service,No internet service,No internet service,No internet service,No internet service,One year,Yes,Electronic check,4391.28
MW-92977-CDWC,No,70.68,Female,0,Yes,No,20,Yes,Yes,DSL,Yes,Yes,Yes,No,No,Yes,One year,Yes,Bank transfer (automatic),1415.5
MW-57350-DTMJ,No,47.02,Female,0,Yes,No,33,Yes,No,No,No internet service,No internet service,No internet service,No internet service,No internet service,No internet service,One year,Yes,Bank transfer (automatic),1562.61
MW-35847-VXCM,Yes,55.54,Male,0,Yes,No,38,Yes,No,No,No internet service,No internet service,No internet service,No internet service,No internet service,No internet service,Month-to-month,Yes,Bank transfer (automatic),2123.61
MW-48363-YDKE,No,18.0,Male,0,No,No,18,Yes,Yes,Fiber optic,No,No,No,No,Yes,Yes,Two year,No,Electronic check,321.84
MW-62104-DXRD,No,60.4,Male,0,Yes,No,19,Yes,Yes,DSL,No,No,Yes,No,Yes,No,One year,Yes,Bank transfer (automatic),1170.26
MW-19023-JHYH,No,34.43,Female,0,No,Yes,17,Yes,No,DSL,No,No,Yes,No,No,Yes,Month-to-month,Yes,Electronic check,590.28
MW-30723-CZBZ,Yes,67.0,Male,0,Yes,Yes,72,No,No phone service,DSL,Yes,No,Yes,Yes,Yes,No,Two year,No,Bank transfer (automatic),4836.69
MW-50677-HSPF,No,42.57,Male,0,No,No,54,Yes,No,Fiber optic,No,Yes,Yes,No,Yes,No,One year,Yes,Mailed check,2287.74
MW-53682-PENB,No,18.0,Female,1,No,Yes,61,Yes,Yes,No,No internet service,No internet service,No internet service,No internet service,No internet service,No internet service,Two year,Yes,Electronic check,1120.82
MW-13324-FBRY,No,120.0,Female,0,Yes,No,59,Yes,No,Fiber optic,Yes,No,Yes,No,No,No,Two year,Yes,Credit card (automatic),7079.96
MW-41884-BQNE,No,57.06,Male,0,Yes,No,70,Yes,No,DSL,Yes,No,No,No,No,No,Two year,Yes,Electronic check,4017.85
MW-73124-SUYB,No,107.41,Female,0,No,No,7,Yes,No,DSL,No,No,No,No,No,Yes,One year,Yes,Credit card (automatic),772.24
MW-14186-ENUE,No,48.19,Female,0,Yes,No,64,Yes,No,Fiber optic,No,No,Yes,No,No,No,One year,No,Credit card (automatic),3088.02
MW-70801-JLRF,No,114.94,Male,0,Yes,No,4,Yes,Yes,Fiber optic,No,No,Yes,Yes,Yes,Yes,Month-to-month,No,Mailed check,465.85
MW-26237-HDFY,Yes,29.45,Female,1,Yes,No,34,Yes,No,DSL,No,No,Yes,No,No,Yes,Month-to-month,Yes,Electronic check,998.6
MW-59447-TYYM,No,69.28,Female,1,Yes,No,43,Yes,No,Fiber optic,Yes,No,No,No,No,No,One year,No,Electronic check,2966.75
MW-92442-EUZE,No,31.23,Male,0,Yes,Yes,26,Yes,No,DSL,Yes,No,No,No,No,No,Month-to-month,Yes,Credit card (automatic),820.91
MW-48807-UKYF,No,120.0,Female,0,No,Yes,10,No,No phone service,Fiber optic,No,Yes,No,No,Yes,Yes,Two year,No,Bank transfer (automatic),1208.16
MW-72153-RCYL,Yes,56.52,Male,0,Yes,Yes,14,Yes,Yes,Fiber optic,No,No,Yes,No,No,Yes,Month-to-month,Yes,Electronic check,767.0
MW-18606-MTFT,Yes,88.85,Female,0,No,No,60,No,No phone service,DSL,No,No,No,Yes,Yes,Yes,Month-to-month,Yes,Mailed check,5329.76
MW-98017-CLJL,Yes,77.52,Male,0,Yes,No,23,Yes,No,Fiber optic,Yes,Yes,No,No,Yes,No,Month-to-month,Yes,Electronic check,1795.98
MW-40106-PQEY,Yes,63.23,Male,0,Yes,No,22,Yes,No,Fiber optic,Yes,Yes,No,No,Yes,No,Month-to-month,Yes,Bank transfer (automatic),1413.05
MW-58650-RDDK,No,79.53,Female,0,Yes,No,67,Yes,Yes,Fiber optic,Yes,Yes,No,Yes,No,Yes,Month-to-month,No,Mailed check,5339.39
MW-29832-ZXFP,Yes,104.78,Female,1,No,Yes,10,Yes,Yes,No,No internet service,No internet service,No internet service,No internet service,No internet service,No internet service,Month-to-month,No,Electronic check,1025.04
MW-76649-HVTM,No,84.05,Male,1,Yes,No,66,Yes,Yes,Fiber optic,No,No,No,No,No,No,Two year,Yes,Credit card (automatic),5531.48
MW-61239-JYLX,No,68.87,Male,0,No,Yes,67,Yes,No,DSL,Yes,No,No,Yes,Yes,No,Month-to-month,No,Electronic check,4609.1
MW-92974-ALPA,No,79.58,Female,0,No,Yes,43,No,No phone service,No,No internet service,No internet service,No internet service,No internet service,No internet service,No internet service,Month-to-month,Yes,Bank transfer (automatic),3442.92
MW-45444-BPTE,No,120.0,Female,1,Yes,No,12,Yes,Yes,No,No internet service,No internet service,No internet service,No internet service,No internet service,No internet service,Month-to-month,Yes,Bank transfer (automatic),1430.89
MW-55629-XFBL,Yes,51.5,Female,1,Yes,No,11,Yes,Yes,DSL,Yes,No,No,Yes,Yes,Yes,Month-to-month,Yes,Credit card (automatic),582.38
MW-52026-CLAW,No,18.0,Male,0,No,No,20,Yes,Yes,No,No internet service,No internet service,No internet service,No internet service,No internet service,No internet service,Month-to-month,Yes,Mailed check,350.65
MW-12661-RAYH,No,31.1,Female,0,Yes,No,42,Yes,Yes,Fiber optic,No,Yes,No,No,No,Yes,One year,Yes,Credit card (automatic),1314.19
MW-96886-NRKQ,No,33.34,Male,0,No,Yes,11,Yes,Yes,DSL,No,Yes,Yes,Yes,No,No,Two year,Yes,Mailed check,352.64
MW-75270-DHSE,No,37.56,Male,0,No,No,33,Yes,No,Fiber optic,Yes,Yes,No,No,No,No,Month-to-month,No,Credit card (automatic),1236.57
MW-43185-HGDX,Yes,38.59,Female,0,No,No,8,Yes,Yes,DSL,Yes,No,No,Yes,No,No,One year,Yes,Electronic check,291.75
MW-34867-ZGWM,Yes,63.29,Female,1,No,No,39,Yes,No,Fiber optic,No,No,No,No,Yes,No,Month-to-month,Yes,Bank transfer (automatic),2489.96
MW-50373-FYDC,Yes,71.42,Male,0,Yes,Yes,1,Yes,No,No,No internet service,No internet service,No internet service,No internet service,No internet service,No internet service,Month-to-month,No,Electronic check,61.0
MW-79534-KWHT,No,71.1,Female,1,No,No,51,Yes,No,Fiber optic,No,No,No,No,Yes,Yes,Two year,No,Credit card (automatic),3602.89
MW-73627-WMDY,Yes,42.09,Male,0,No,Yes,4,Yes,Yes,Fiber optic,Yes,No,No,No,Yes,Yes,Month-to-month,No,Credit card (automatic),143.97
MW-81871-VBPW,No,93.82,Female,0,No,No,14,Yes,No,DSL,Yes,No,Yes,Yes,Yes,No,Two year,Yes,Mailed check,1312.2
MW-16777-PEYJ,No,80.03,Female,0,Yes,No,12,Yes,Yes,Fiber optic,No,Yes,No,Yes,No,No,Month-to-month,Yes,Mailed check,953.49
MW-10664-ACMM,No,111.44,Female,0,No,No,60,Yes,Yes,No,No internet service,No internet service,No internet service,No internet service,No internet service,No internet service,Month-to-month,Yes,Bank transfer (automatic),6696.13
MW-73026-QECG,Yes,89.4,Male,1,No,No,3,Yes,Yes,DSL,No,No,No,No,Yes,Yes,Month-to-month,No,Electronic check,264.67
MW-37859-BBRH,No,53.51,Female,0,Yes,No,31,No,No phone service,Fiber optic,No,No,No,No,Yes,No,Month-to-month,No,Bank transfer (automatic),1676.3
MW-40259-DDVS,No,103.16,Male,0,No,No,43,Yes,Yes,Fiber optic,No,No,Yes,Yes,No,No,Two year,No,Bank transfer (automatic),4430.1
MW-71597-BRQR,Yes,72.21,Female,1,No,No,37,Yes,Yes,Fiber optic,No,Yes,Yes,Yes,Yes,Yes,Month-to-month,Yes,Mailed check,2687.17
MW-85326-USTC,No,87.94,Female,0,No,No,49,Yes,No,Fiber optic,No,No,Yes,Yes,No,No,Two year,Yes,Electronic check,4294.77
MW-31710-YFUT,Yes,85.61,Male,0,No,Yes,58,Yes,No,Fiber optic,No,No,No,No,No,Yes,Two year,No,Credit card (automatic),4942.83
MW-12470-MMXR,Yes,60.27,Male,0,No,No,28,Yes,Yes,Fiber optic,Yes,No,No,Yes,No,Yes,One year,Yes,Electronic check,1675.21
MW-85428-GBDK,Yes,67.1,Male,0,No,Yes,60,No,No phone service,Fiber optic,Yes,No,No,No,Yes,No,Month-to-month,Yes,Bank transfer (automatic),4009.07
MW-63145-RLUS,No,60.06,Male,0,No,No,23,Yes,Yes,Fiber optic,No,Yes,No,No,Yes,Yes,Month-to-month,Yes,Electronic check,1362.77
MW-91580-TXBP,No,38.41,Male,0,No,No,71,Yes,Yes,Fiber optic,Yes,No,No,No,No,Yes,Month-to-month,No,Electronic check,2733.31
MW-58819-JUVR,Yes,18.0,Male,0,Yes,No,36,Yes,No,Fiber optic,Yes,Yes,Yes,Yes,No,Yes,Two year,Yes,Electronic check,644.04
MW-41651-TXPV,No,43.19,Female,0,Yes,Yes,53,Yes,Yes,No,No internet service,No internet service,No internet service,No internet service,No internet service,No internet service,Month-to-month,No,Mailed check,2291.2
MW-56454-CFXF,No,69.97,Male,0,Yes,Yes,63,Yes,No,DSL,No,No,No,No,Yes,No,Two year,No,Bank transfer (automatic),4416.02
MW-26673-AXJQ,No,96.57,Male,0,No,Yes,57,Yes,Yes,DSL,No,No,Yes,No,No,No,One year,Yes,Mailed check,5479.2
MW-20643-ULAS,No,87.88,Female,0,No,No,62,Yes,No,No,No internet service,No internet service,No internet service,No internet service,No internet service,No internet service,Month-to-month,Yes,Bank transfer (automatic),5457.11
MW-61068-RGRV,No,55.61,Female,0,No,No,39,Yes,Yes,DSL,No,No,No,Yes,No,No,One year,Yes,Bank transfer (automatic),2150.71
MW-72395-ZNBW,No,43.59,Male,0,No,Yes,3,Yes,No,No,No internet service,No internet service,No internet service,No internet service,No internet service,No internet service,Month-to-month,Yes,Electronic check,122.12
MW-99781-LRXG,No,58.6,Female,0,No,Yes,35,Yes,No,Fiber optic,No,Yes,Yes,No,Yes,No,Two year,No,Electronic check,2022.62
MW-74946-AZDK,Yes,34.75,Female,0,No,Yes,13,Yes,No,No,No internet service,No internet service,No internet service,No internet service,No internet service,No internet service,Month-to-month,Yes,Bank transfer (automatic),461.57
MW-70400-UUDG,No,18.0,Female,0,No,No,64,Yes,Yes,Fiber optic,No,No,Yes,No,Yes,No,Two year,No,Bank transfer (automatic),1126.66
MW-89012-SLNT,No,18.0,Male,0,Yes,Yes,17,Yes,No,No,No internet service,No internet service,No internet service,No internet service,No internet service,No internet service,Two year,No,Bank transfer (automatic),288.0
MW-83352-WSEY,No,105.24,Female,0,No,Yes,16,Yes,Yes,Fiber optic,Yes,Yes,No,No,No,No,Two year,No,Electronic check,1666.93
MW-16719-PVQH,No,119.72,Female,0,No,No,18,Yes,Yes,Fiber optic,No,Yes,No,Yes,No,No,Month-to-month,Yes,Credit card (automatic),2153.03
MW-63104-RWVY,No,86.62,Female,0,No,No,46,Yes,No,Fiber optic,No,Yes,No,No,Yes,No,Two year,No,Electronic check,3982.13
MW-82004-BYHX,No,62.26,Male,0,Yes,Yes,41,Yes,No,DSL,No,Yes,Yes,Yes,Yes,Yes,Month-to-month,Yes,Bank transfer (automatic),2564.84
MW-44476-NSUV,No,22.21,Male,0,Yes,No,69,Yes,Yes,DSL,Yes,No,Yes,No,Yes,Yes,One year,Yes,Electronic check,1530.92
MW-61214-HRPH,Yes,59.17,Female,0,No,Yes,30,Yes,No,No,No internet service,No internet service,No internet service,No internet service,No internet service,No internet service,Month-to-month,Yes,Bank transfer (automatic),1789.59
MW-98936-AVLF,Yes,82.36,Female,0,No,No,20,Yes,Yes,DSL,No,Yes,Yes,No,No,No,Month-to-month,No,Mailed check,1652.89
MW-16298-JLZJ,No,88.9,Female,1,No,No,3,Yes,No,Fiber optic,No,Yes,No,Yes,No,No,Month-to-month,Yes,Bank transfer (automatic),252.52
MW-67123-DEYV,Yes,84.66,Female,0,Yes,No,0,Yes,Yes,Fiber optic,No,Yes,No,No,No,Yes,Month-to-month,No,Electronic check,0.0
MW-70544-AMGN,No,100.29,Male,0,No,Yes,27,Yes,No,DSL,No,No,No,No,No,Yes,Month-to-month,No,Bank transfer (automatic),2730.49
MW-93962-QNMS,No,120.0,Female,1,No,No,67,Yes,No,No,No internet service,No internet service,No internet service,No internet service,No internet service,No internet service,Two year,Yes,Electronic check,8058.41
MW-35237-TESN,No,51.85,Male,1,No,No,38,Yes,Yes,DSL,No,Yes,Yes,No,No,Yes,Month-to-month,No,Bank transfer (automatic),1982.66
MW-66791-KGPZ,No,120.0,Female,0,No,No,65,Yes,No,Fiber optic,No,Yes,Yes,No,Yes,No,One year,No,Electronic check,7814.33
MW-88352-MBFY,Yes,18.0,Female,0,Yes,No,7,Yes,Yes,Fiber optic,No,No,No,No,Yes,No,Month-to-month,No,Electronic check,132.98
MW-27362-VBVC,Yes,40.65,Female,0,Yes,No,6,Yes,Yes,DSL,No,No,No,No,Yes,No,One year,No,Bank transfer (automatic),248.93
MW-56723-HXRR,No,70.0,Male,0,Yes,No,60,Yes,Yes,DSL,Yes,Yes,No,Yes,Yes,No,Two year,Yes,Electronic check,4200.75
MW-24429-FHCQ,Yes,80.47,Male,1,Yes,No,7,No,No phone service,Fiber optic,Yes,Yes,No,No,No,Yes,Month-to-month,Yes,Electronic check,588.77
MW-11714-MDHB,Yes,58.55,Male,0,Yes,Yes,3,Yes,No,DSL,No,No,No,No,No,Yes,One year,Yes,Credit card (automatic),168.68
MW-36912-BBHG,No,49.13,Male,0,No,No,29,Yes,No,No,No internet service,No internet service,No internet service,No internet service,No internet service,No internet service,Two year,Yes,Credit card (automatic),1428.37
MW-68214-EEYK,No,120.0,Female,0,Yes,No,67,Yes,Yes,Fiber optic,Yes,No,No,Yes,No,Yes,Two year,Yes,Credit card (automatic),8014.38
MW-21395-NXZK,Yes,47.69,Male,0,No,Yes,50,Yes,No,DSL,No,Yes,No,No,No,Yes,Month-to-month,Yes,Electronic check,2363.04
MW-99622-UKGC,Yes,33.42,Female,0,No,Yes,7,Yes,Yes,DSL,No,Yes,No,No,Yes,Yes,Month-to-month,Yes,Mailed check,261.17
MW-60630-JZED,Yes,114.72,Male,0,Yes,No,61,Yes,No,DSL,No,No,Yes,No,Yes,No,One year,Yes,Credit card (automatic),7007.17
MW-33318-GJKY,No,89.47,Female,0,No,Yes,61,Yes,No,No,No internet service,No internet service,No internet service,No internet service,No internet service,No internet service,Month-to-month,No,Electronic check,5454.48
MW-96114-YLXJ,No,96.84,Male,1,Yes,No,58,Yes,Yes,Fiber optic,No,No,No,No,Yes,Yes,Two year,No,Bank transfer (automatic),5617.89
MW-14977-KTWA,No,69.88,Female,1,No,Yes,65,Yes,Yes,DSL,No,Yes,Yes,Yes,Yes,No,Month-to-month,No,Electronic check,4521.83
MW-99797-QHKP,No,22.72,Male,0,No,No,17,Yes,Yes,Fiber optic,No,No,No,No,Yes,No,Two year,Yes,Credit card (automatic),379.82
MW-40554-NZLZ,No,66.54,Female,0,Yes,No,71,Yes,No,Fiber optic,Yes,No,Yes,Yes,No,Yes,Month-to-month,Yes,Bank transfer (automatic),4702.47
MW-34824-SRNJ,No,18.59,Female,0,No,No,23,Yes,No,Fiber optic,Yes,No,Yes,Yes,No,No,Month-to-month,Yes,Mailed check,423.14
MW-44932-QPCY,No,71.27,Female,0,No,Yes,58,Yes,No,DSL,No,No,Yes,No,No,Yes,Two year,Yes,Mailed check,4143.86
MW-49880-XSSD,No,83.6,Male,0,No,No,42,Yes,No,DSL,Yes,No,Yes,Yes,No,Yes,Two year,Yes,Electronic check,3518.0
MW-97792-QZCX,No,96.26,Female,0,No,No,56,Yes,No,DSL,No,No,No,Yes,Yes,No,Two year,Yes,Mailed check,5414.4
MW-87049-JFXR,No,61.23,Female,0,No,No,45,Yes,Yes,Fiber optic,No,No,Yes,No,Yes,Yes,Two year,Yes,Bank transfer (automatic),2759.77
MW-99261-VXAF,Yes,86.44,Male,0,No,Yes,46,Yes,Yes,Fiber optic,No,No,No,No,No,No,Month-to-month,Yes,Bank transfer (automatic),3939.06
MW-84306-FYNE,No,36.88,Female,0,No,Yes,44,Yes,Yes,DSL,No,No,No,No,No,No,Month-to-month,No,Mailed check,1651.98
MW-26049-SJPY,No,93.0,Male,0,No,No,56,Yes,Yes,DSL,No,No,Yes,Yes,No,Yes,Month-to-month,No,Electronic check,5195.39
MW-61052-GYTA,No,84.24,Male,1,No,No,53,Yes,Yes,Fiber optic,No,No,No,No,No,Yes,Month-to-month,Yes,Bank transfer (automatic),4467.15
MW-10904-KWWS,Yes,39.99,Female,0,Yes,Yes,9,Yes,No,DSL,No,No,No,No,No,No,Month-to-month,No,Mailed check,361.44
MW-26296-SWDM,No,79.91,Male,1,No,No,60,Yes,No,Fiber optic,No,No,Yes,Yes,No,No,Two year,No,Electronic check,4798.21
MW-95137-JZUT,Yes,96.69,Female,0,No,No,39,Yes,No,Fiber optic,No,Yes,No,Yes,Yes,No,Month-to-month,Yes,Credit card (automatic),3771.63
MW-46545-CUWL,Yes,66.36,Male,0,No,Yes,23,Yes,Yes,DSL,No,No,No,Yes,No,No,Month-to-month,No,Mailed check,1527.27
MW-13853-WKRE,No,39.32,Male,0,No,No,37,No,No phone service,Fiber optic,No,No,Yes,No,No,No,Month-to-month,Yes,Mailed check,1435.02
MW-34498-NBCX,Yes,69.33,Male,0,No,Yes,70,Yes,Yes,DSL,No,No,No,No,No,Yes,Month-to-month,No,Credit card (automatic),4891.9
MW-72136-SQKP,Yes,80.57,Female,1,No,No,62,Yes,No,Fiber optic,Yes,No,Yes,No,No,No,Month-to-month,No,Mailed check,5005.11
MW-37460-SJHT,No,39.1,Female,0,No,Yes,60,Yes,No,DSL,Yes,Yes,Yes,No,No,No,One year,No,Credit card (automatic),2346.78
MW-40001-NKLV,No,33.77,Male,0,Yes,No,33,Yes,No,Fiber optic,No,No,No,No,No,No,Month-to-month,Yes,Bank transfer (automatic),1142.04
MW-60698-NBVF,No,79.65,Male,0,No,No,57,Yes,Yes,Fiber optic,No,No,Yes,No,No,No,One year,Yes,Bank transfer (automatic),4523.97
MW-46415-BGCA,No,88.7,Female,0,No,Yes,28,Yes,No,DSL,Yes,No,No,Yes,No,No,Two year,Yes,Electronic check,2496.63
MW-40342-SRHS,No,120.0,Female,0,No,No,50,Yes,No,Fiber optic,No,Yes,No,No,Yes,No,One year,Yes,Electronic check,5991.67
MW-11579-AKPV,No,83.97,Male,0,No,No,46,Yes,No,Fiber optic,No,Yes,No,Yes,No,No,One year,No,Mailed check,3868.65
MW-19433-GYJT,Yes,27.73,Female,0,Yes,No,18,Yes,No,No,No internet service,No internet service,No internet service,No internet service,No internet service,No internet service,Month-to-month,No,Electronic check,505.51
MW-45530-ESPL,No,120.0,Female,0,No,No,19,Yes,No,DSL,Yes,Yes,Yes,Yes,Yes,No,Month-to-month,No,Electronic check,2244.95
MW-86822-GPKG,No,95.65,Female,0,Yes,No,4,Yes,No,DSL,Yes,No,Yes,No,No,Yes,Month-to-month,No,Bank transfer (automatic),361.13
MW-77280-NFRA,No,18.0,Female,0,No,No,10,Yes,Yes,DSL,No,Yes,No,No,No,No,Two year,No,Bank transfer (automatic),203.8
MW-56495-FMDF,No,33.09,Female,0,No,No,31,Yes,Yes,No,No internet service,No internet service,No internet service,No internet service,No internet service,No internet service,One year,Yes,Electronic check,1022.01
MW-54987-LMJV,Yes,49.25,Female,0,No,No,34,Yes,Yes,Fiber optic,No,No,No,No,No,No,Month-to-month,Yes,Bank transfer (automatic),1704.52
MW-37403-NJNH,Yes,89.14,Male,0,Yes,No,12,Yes,Yes,DSL,Yes,Yes,No,Yes,No,No,Month-to-month,Yes,Credit card (automatic),1089.33
MW-66213-BLJM,No,18.0,Female,0,No,No,30,No,No phone service,Fiber optic,Yes,No,Yes,No,Yes,Yes,Two year,No,Bank transfer (automatic),536.7
MW-30530-NGLQ,No,60.43,Male,0,No,Yes,44,No,No phone service,DSL,Yes,No,Yes,No,No,No,One year,No,Credit card (automatic),2654.29
MW-96148-FAEM,No,87.43,Male,0,No,No,16,Yes,Yes,Fiber optic,No,Yes,Yes,Yes,No,Yes,One year,Yes,Bank transfer (automatic),1423.61
MW-68812-SRUM,No,18.0,Female,0,No,Yes,24,Yes,Yes,Fiber optic,No,No,Yes,No,No,No,Two year,No,Electronic check,463.55
MW-74730-XZAD,Yes,86.4,Male,0,Yes,Yes,26,Yes,Yes,Fiber optic,No,No,Yes,Yes,No,No,One year,Yes,Mailed check,2242.1
MW-75046-KLEH,No,90.01,Female,1,No,No,36,Yes,No,Fiber optic,No,Yes,Yes,Yes,No,Yes,One year,No,Credit card (automatic),3263.43
MW-34586-BXUE,No,38.6,Female,0,Yes,No,26,Yes,Yes,DSL,No,No,No,No,No,No,Month-to-month,No,Bank transfer (automatic),1019.05
MW-37961-KNLL,No,29.4,Female,0,No,No,53,Yes,No,Fiber optic,No,No,No,No,No,No,Month-to-month,Yes,Credit card (automatic),1576.24
MW-64317-PYNP,No,38.13,Female,0,Yes,No,23,Yes,No,Fiber optic,No,No,Yes,No,Yes,No,Two year,Yes,Credit card (automatic),878.51
MW-65222-GMSQ,No,18.0,Female,1,No,Yes,31,Yes,Yes,DSL,No,No,No,Yes,Yes,Yes,One year,No,Electronic check,547.91
MW-45632-MTFA,Yes,54.21,Female,0,Yes,No,27,Yes,No,No,No internet service,No internet service,No internet service,No internet service,No internet service,No internet service,Month-to-month,Yes,Electronic check,1447.85
MW-36180-HFXF,No,70.59,Male,0,Yes,No,13,Yes,Yes,Fiber optic,Yes,No,No,Yes,No,No,One year,No,Bank transfer (automatic),898.11
MW-32991-XKTP,Yes,27.42,Female,1,No,No,50,Yes,Yes,No,No internet service,No internet service,No internet service,No internet service,No internet service,No internet service,Month-to-month,No,Electronic check,1399.66
MW-41118-AXMP,No,93.16,Male,0,Yes,No,17,Yes,No,Fiber optic,Yes,No,No,No,No,Yes,Two year,Yes,Bank transfer (automatic),1583.88
MW-95060-GEAN,No,67.08,Male,0,No,No,21,Yes,No,DSL,No,Yes,Yes,Yes,No,Yes,Month-to-month,No,Credit card (automatic),1391.51
MW-98045-HLZR,No,71.8,Female,0,No,No,57,Yes,Yes,Fiber optic,No,No,No,No,No,No,Two year,No,Bank transfer (automatic),4107.64
MW-54133-TRER,Yes,51.94,Female,0,Yes,No,69,Yes,Yes,Fiber optic,No,No,No,No,Yes,No,Month-to-month,Yes,Electronic check,3576.68
MW-62647-XZBA,Yes,86.29,Female,0,No,No,48,Yes,Yes,DSL,No,No,No,No,No,No,Month-to-month,No,Bank transfer (automatic),4132.16
MW-10875-ZUAW,No,102.72,Male,0,No,No,66,Yes,Yes,Fiber optic,Yes,No,No,No,No,No,Month-to-month,No,Electronic check,6810.54
MW-95260-YFFU,No,51.77,Male,0,No,No,62,Yes,No,DSL,No,Yes,No,Yes,No,No,Two year,No,Credit card (automatic),3189.78
MW-33627-HCSP,Yes,86.83,Female,0,No,No,35,Yes,Yes,DSL,No,Yes,No,No,No,No,Month-to-month,Yes,Electronic check,3042.58
MW-23962-GHMF,No,87.16,Female,0,No,No,56,Yes,No,No,No internet service,No internet service,No internet service,No internet service,No internet service,No internet service,Month-to-month,No,Credit card (automatic),4872.1
MW-34320-BRHK,No,76.54,Female,0,Yes,Yes,23,Yes,Yes,DSL,Yes,No,No,No,No,Yes,One year,Yes,Mailed check,1749.16
MW-25250-HDPQ,Yes,114.31,Male,0,No,Yes,33,Yes,Yes,Fiber optic,No,No,No,No,No,Yes,Month-to-month,No,Mailed check,3750.27
MW-17404-NNTB,Yes,42.21,Female,0,Yes,Yes,39,Yes,Yes,Fiber optic,Yes,No,No,Yes,Yes,Yes,Month-to-month,No,Mailed check,1647.08
MW-16545-UVDZ,No,51.35,Male,1,Yes,No,70,Yes,Yes,Fiber optic,No,No,Yes,No,No,Yes,Month-to-month,Yes,Electronic check,3581.39
MW-98246-LJHZ,No,40.69,Male,0,Yes,No,61,Yes,Yes,DSL,No,Yes,Yes,Yes,No,No,Two year,Yes,Mailed check,2490.96
MW-49357-PZTM,Yes,85.75,Male,1,Yes,No,35,Yes,Yes,Fiber optic,No,No,Yes,No,No,No,Month-to-month,No,Credit card (automatic),3000.54
MW-48547-AYFU,No,55.83,Female,0,No,No,47,Yes,Yes,Fiber optic,No,No,Yes,Yes,No,No,Month-to-month,Yes,Credit card (automatic),2619.32
MW-71063-DWAC,No,43.13,Male,1,No,No,14,Yes,Yes,No,No internet service,No internet service,No internet service,No internet service,No internet service,No internet service,Month-to-month,Yes,Electronic check,590.79
MW-32327-HUZF,No,113.89,Female,1,Yes,Yes,58,Yes,No,DSL,No,Yes,No,Yes,Yes,No,Month-to-month,No,Bank transfer (automatic),6627.08
MW-85550-PTXF,No,118.29,Male,0,No,No,40,Yes,No,DSL,Yes,No,Yes,Yes,No,No,Month-to-month,No,Credit card (automatic),4742.64
MW-28154-CUAX,No,54.14,Female,0,No,No,38,Yes,No,Fiber optic,Yes,No,No,No,No,Yes,Month-to-month,No,Credit card (automatic),2047.1
MW-27966-KNML,No,22.98,Male,0,No,No,55,Yes,No,DSL,No,No,No,No,No,Yes,Month-to-month,Yes,Mailed check,1243.51
MW-98417-ADJF,No,119.91,Male,1,No,No,46,Yes,Yes,Fiber optic,No,No,Yes,No,No,No,Month-to-month,No,Electronic check,5487.54
MW-78163-VZET,No,78.12,Male,0,No,No,5,Yes,Yes,Fiber optic,No,No,Yes,Yes,No,Yes,Two year,No,Credit card (automatic),407.66
MW-21491-NUUV,No,76.62,Male,1,No,No,21,Yes,Yes,Fiber optic,No,No,Yes,No,Yes,Yes,Month-to-month,Yes,Mailed check,1622.66
MW-23652-ZQYL,No,67.15,Male,0,No,Yes,12,Yes,Yes,No,No internet service,No internet service,No internet service,No internet service,No internet service,No internet service,Month-to-month,No,Mailed check,821.5
MW-84946-BJSA,No,39.99,Female,0,Yes,No,53,No,No phone service,Fiber optic,Yes,Yes,Yes,No,Yes,Yes,Two year,Yes,Bank transfer (automatic),2117.67
MW-86878-VVFW,No,51.6,Male,0,No,No,2,Yes,Yes,No,No internet service,No internet service,No internet service,No internet service,No internet service,No internet service,Two year,No,Electronic check,115.29
MW-32722-UJYN,No,84.33,Female,1,Yes,No,14,Yes,No,Fiber optic,No,No,No,No,No,Yes,One year,Yes,Credit card (automatic),1196.03
MW-39488-LPZR,No,50.57,Male,0,Yes,No,43,Yes,No,DSL,Yes,No,Yes,Yes,No,No,Month-to-month,Yes,Electronic check,2173.46
MW-40552-NRTE,Yes,76.99,Male,0,Yes,No,50,Yes,No,No,No internet service,No internet service,No internet service,No internet service,No internet service,No internet service,Month-to-month,Yes,Bank transfer (automatic),3844.13
MW-56365-NSEU,Yes,64.4,Female,0,Yes,No,36,Yes,Yes,Fiber optic,No,No,Yes,Yes,No,No,Month-to-month,Yes,Credit card (automatic),2303.76
MW-47997-AAKQ,Yes,32.29,Male,0,Yes,No,62,Yes,No,No,No internet service,No internet service,No internet service,No internet service,No internet service,No internet service,Month-to-month,Yes,Credit card (automatic),2008.37
MW-72133-CLEX,Yes,112.63,Female,1,No,No,67,Yes,No,DSL,No,No,Yes,No,No,No,Month-to-month,No,Credit card (automatic),7554.6
MW-32813-TYJQ,No,81.82,Male,0,Yes,No,9,Yes,Yes,DSL,No,No,Yes,No,Yes,No,One year,No,Credit card (automatic),730.28
MW-39547-JKPY,Yes,73.92,Male,0,No,No,69,Yes,No,No,No internet service,No internet service,No internet service,No internet service,No internet service,No internet service,Month-to-month,Yes,Electronic check,5096.15
MW-60369-WGHM,No,80.65,Female,1,No,No,44,Yes,Yes,DSL,No,No,No,No,No,Yes,One year,Yes,Credit card (automatic),3545.34
MW-79935-UJBD,No,18.0,Male,0,Yes,No,46,Yes,Yes,Fiber optic,No,Yes,No,No,No,Yes,Month-to-month,Yes,Credit card (automatic),839.87
MW-23030-KXSG,Yes,49.2,Male,0,Yes,No,6,Yes,No,Fiber optic,No,Yes,Yes,No,No,No,Month-to-month,Yes,Bank transfer (automatic),274.59
MW-84673-QVGU,No,18.18,Male,0,No,No,45,Yes,Yes,DSL,No,Yes,Yes,No,No,No,Two year,Yes,Mailed check,801.52
MW-27823-RSDC,No,67.74,Male,0,Yes,No,52,Yes,Yes,DSL,No,No,Yes,Yes,Yes,No,Two year,No,Electronic check,3506.19
MW-60652-LKHY,No,73.78,Female,1,No,Yes,42,Yes,Yes,No,No internet service,No internet service,No internet service,No internet service,No internet service,No internet service,Month-to-month,No,Bank transfer (automatic),3096.53
MW-60577-FJBA,Yes,68.24,Male,1,Yes,Yes,6,Yes,Yes,DSL,No,No,No,No,No,No,One year,Yes,Bank transfer (automatic),414.17
MW-41035-HTQS,Yes,99.36,Female,0,Yes,No,38,Yes,Yes,Fiber optic,No,No,Yes,No,Yes,Yes,Month-to-month,Yes,Mailed check,3759.65
MW-93488-UPLJ,Yes,19.08,Male,0,No,No,68,Yes,No,Fiber optic,No,No,No,No,Yes,Yes,Month-to-month,No,Mailed check,1311.08
MW-38918-AHMF,No,40.02,Female,0,Yes,Yes,52,Yes,No,Fiber optic,No,No,No,Yes,Yes,No,One year,Yes,Bank transfer (automatic),2102.98
MW-45556-DQMZ,Yes,76.43,Male,0,Yes,No,10,Yes,Yes,Fiber optic,No,No,No,Yes,Yes,Yes,Month-to-month,No,Electronic check,770.51
MW-52104-VUMR,No,71.92,Female,0,Yes,Yes,70,Yes,No,DSL,No,Yes,Yes,No,No,No,Month-to-month,No,Credit card (automatic),5051.24
MW-41912-XPGS,Yes,24.54,Female,0,Yes,No,69,Yes,No,No,No internet service,No internet service,No internet service,No internet service,No internet service,No internet service,Month-to-month,Yes,Electronic check,1679.53
MW-24389-CNWW,Yes,99.9,Female,0,No,No,12,Yes,No,DSL,No,No,No,No,No,No,Month-to-month,Yes,Electronic check,1185.43
MW-61284-UPJF,No,110.3,Female,0,No,No,58,No,No phone service,DSL,Yes,No,No,Yes,No,No,Month-to-month,No,Electronic check,6405.12
MW-60417-MPHF,No,76.77,Female,0,No,Yes,29,Yes,No,No,No internet service,No internet service,No internet service,No internet service,No internet service,No internet service,Month-to-month,Yes,Credit card (automatic),2225.75
MW-79027-UNMV,No,18.73,Male,0,No,Yes,43,Yes,Yes,DSL,No,No,Yes,Yes,Yes,No,Two year,No,Credit card (automatic),791.99
MW-46436-ZTUG,No,68.79,Female,0,No,No,32,No,No phone service,DSL,Yes,No,No,No,No,No,One year,No,Electronic check,2222.66
MW-58409-WTPC,No,74.21,Female,1,Yes,No,57,Yes,No,No,No internet service,No internet service,No internet service,No internet service,No internet service,No internet service,Month-to-month,Yes,Electronic check,4234.45
MW-84713-NREH,Yes,55.84,Female,0,No,Yes,72,Yes,No,DSL,Yes,Yes,Yes,Yes,No,Yes,Month-to-month,No,Mailed check,4031.01
MW-31202-UQFW,Yes,104.42,Female,0,No,Yes,58,Yes,No,DSL,No,Yes,Yes,Yes,No,Yes,One year,Yes,Electronic check,6046.25
MW-43001-WDBS,No,60.52,Male,0,No,No,67,Yes,No,Fiber optic,No,No,No,No,No,Yes,Month-to-month,No,Bank transfer (automatic),4080.04
MW-29011-BSNU,Yes,120.0,Female,0,No,No,69,Yes,No,Fiber optic,No,Yes,No,No,No,No,Month-to-month,No,Electronic check,8277.66
MW-83204-AZCM,No,87.49,Male,0,Yes,No,6,Yes,Yes,No,No internet service,No internet service,No internet service,No internet service,No internet service,No internet service,One year,Yes,Bank transfer (automatic),540.23
MW-34066-VDTS,No,72.28,Male,0,No,No,18,Yes,Yes,Fiber optic,No,Yes,Yes,No,No,Yes,Month-to-month,No,Mailed check,1292.3
MW-61047-XPHV,No,91.61,Female,0,Yes,No,52,Yes,No,No,No internet service,No internet service,No internet service,No internet service,No internet service,No internet service,Month-to-month,Yes,Mailed check,4766.25
MW-15892-DVDT,Yes,109.93,Female,1,Yes,No,43,Yes,Yes,DSL,No,No,Yes,No,No,Yes,Month-to-month,Yes,Mailed check,4735.36
MW-78036-AKXM,Yes,90.97,Male,0,Yes,No,3,Yes,No,Fiber optic,Yes,No,No,Yes,Yes,No,Month-to-month,No,Electronic check,302.84
MW-93439-AXQL,Yes,61.72,Female,0,Yes,No,6,Yes,Yes,DSL,No,No,No,No,No,Yes,Month-to-month,Yes,Electronic check,363.72
MW-93004-XQQS,Yes,44.2,Female,0,Yes,Yes,37,Yes,No,No,No internet service,No internet service,No internet service,No internet service,No internet service,No internet service,Two year,Yes,Electronic check,1638.44
MW-43453-ECQU,Yes,30.34,Female,0,Yes,No,44,Yes,Yes,No,No internet service,No internet service,No internet service,No internet service,No internet service,No internet service,Month-to-month,Yes,Electronic check,1343.84
MW-85516-ZABZ,Yes,18.0,Female,0,No,No,12,Yes,Yes,DSL,No,Yes,No,No,No,No,One year,No,Credit card (automatic),194.78
MW-83631-EPME,No,69.23,Female,0,No,Yes,12,Yes,No,No,No internet service,No internet service,No internet service,No internet service,No internet service,No internet service,One year,No,Electronic check,798.14
MW-69710-UUGW,Yes,52.37,Male,0,No,No,9,Yes,No,Fiber optic,No,No,Yes,Yes,No,Yes,Month-to-month,Yes,Electronic check,456.39
MW-38410-QEGA,No,53.98,Male,0,No,No,41,Yes,No,DSL,No,No,No,No,Yes,Yes,Month-to-month,Yes,Electronic check,2227.69
MW-28140-PNER,No,94.87,Female,1,No,No,0,Yes,No,Fiber optic,No,No,No,Yes,Yes,No,Month-to-month,Yes,Bank transfer (automatic),25.75
MW-23727-HEEP,No,60.64,Male,1,Yes,No,41,Yes,No,No,No internet service,No internet service,No internet service,No internet service,No internet service,No internet service,One year,Yes,Credit card (automatic),2472.4
MW-31454-YNQW,No,120.0,Male,0,No,No,34,Yes,Yes,DSL,Yes,No,No,No,No,No,Month-to-month,No,Credit card (automatic),4061.75
MW-57781-RVND,No,46.81,Female,1,Yes,No,34,Yes,Yes,DSL,No,Yes,No,Yes,Yes,Yes,One year,Yes,Bank transfer (automatic),1614.56
MW-49244-RSLN,No,34.87,Male,0,Yes,No,49,Yes,No,No,No internet service,No internet service,No internet service,No internet service,No internet service,No internet service,Two year,Yes,Credit card (automatic),1700.15
MW-56291-CMYD,No,26.27,Male,1,Yes,Yes,38,Yes,No,Fiber optic,No,No,Yes,No,No,No,One year,No,Mailed check,992.68
MW-71195-RTTW,No,85.68,Female,0,No,No,53,Yes,Yes,Fiber optic,No,Yes,No,No,No,Yes,Two year,Yes,Credit card (automatic),4562.93
MW-68973-EEJA,No,98.54,Male,0,No,No,55,Yes,Yes,Fiber optic,No,No,Yes,No,Yes,Yes,One year,Yes,Credit card (automatic),5439.12
MW-58888-AQHZ,No,46.17,Female,0,Yes,Yes,67,Yes,Yes,Fiber optic,Yes,Yes,No,Yes,Yes,No,Two year,No,Electronic check,3107.4
MW-27923-WSVG,No,32.08,Female,0,No,No,58,Yes,Yes,DSL,No,Yes,No,No,No,Yes,Two year,No,Mailed check,1834.97
MW-34817-SWDN,No,109.91,Male,0,No,Yes,37,Yes,No,DSL,Yes,Yes,Yes,No,No,No,One year,Yes,Electronic check,4047.79
MW-81249-ZNVB,No,20.49,Female,1,No,No,35,Yes,Yes,No,No internet service,No internet service,No internet service,No internet service,No internet service,No internet service,Two year,Yes,Electronic check,733.96
MW-65323-JBTP,No,94.31,Female,0,Yes,Yes,17,Yes,No,Fiber optic,No,Yes,Yes,No,Yes,Yes,Two year,No,Credit card (automatic),1608.04
MW-89854-EVNU,No,46.87,Female,1,No,No,43,Yes,No,Fiber optic,Yes,Yes,No,No,No,No,Month-to-month,No,Electronic check,2003.74
MW-14695-TYFN,No,75.91,Female,0,Yes,No,10,Yes,Yes,No,No internet service,No internet service,No internet service,No internet service,No internet service,No internet service,One year,No,Bank transfer (automatic),753.93
MW-25475-DQJR,Yes,96.31,Female,0,No,No,67,Yes,Yes,DSL,No,No,Yes,No,Yes,Yes,Month-to-month,Yes,Credit card (automatic),6469.43
MW-42952-BKMA,No,78.29,Male,0,Yes,Yes,61,Yes,No,No,No internet service,No internet service,No internet service,No internet service,No internet service,No internet service,Two year,No,Mailed check,4798.6
MW-51203-DWMB,Yes,55.14,Male,0,No,Yes,8,No,No phone service,Fiber optic,Yes,Yes,No,No,No,No,Month-to-month,Yes,Mailed check,441.03
MW-57306-DZEW,No,105.88,Female,0,Yes,No,57,Yes,No,No,No internet service,No internet service,No internet service,No internet service,No internet service,No internet service,Two year,Yes,Bank transfer (automatic),6024.86
MW-34826-FCWC,No,72.67,Female,0,Yes,Yes,8,Yes,Yes,DSL,No,No,No,No,No,Yes,Two year,No,Credit card (automatic),577.23
MW-95591-VTZP,No,120.0,Male,0,No,No,52,Yes,No,DSL,No,No,No,No,Yes,No,Two year,Yes,Electronic check,6260.15
MW-63044-YRAG,Yes,18.0,Female,0,No,No,6,No,No phone service,Fiber optic,Yes,No,No,Yes,No,No,Month-to-month,Yes,Electronic check,127.85
MW-34247-AXKP,No,18.0,Female,0,No,No,35,Yes,No,No,No internet service,No internet service,No internet service,No internet service,No internet service,No internet service,One year,No,Bank transfer (automatic),632.91
MW-34509-VPYZ,No,93.83,Male,1,No,No,48,Yes,Yes,No,No internet service,No internet service,No internet service,No internet service,No internet service,No internet service,One year,No,Credit card (automatic),4495.9
MW-34934-EUES,No,63.05,Male,1,No,No,53,Yes,Yes,Fiber optic,Yes,No,Yes,No,No,No,Two year,No,Electronic check,3357.89
MW-21448-NWEZ,No,87.78,Female,0,Yes,No,30,Yes,Yes,Fiber optic,No,No,No,No,No,Yes,Two year,Yes,Mailed check,2657.74
MW-69875-NVVV,No,31.05,Male,0,Yes,No,67,Yes,No,DSL,Yes,Yes,Yes,No,No,No,One year,No,Credit card (automatic),2058.55
MW-98076-FECW,No,65.62,Male,1,No,No,56,Yes,No,Fiber optic,Yes,No,No,No,No,No,One year,Yes,Electronic check,3671.23
MW-67395-QXJQ,No,77.72,Female,0,Yes,Yes,15,Yes,No,No,No internet service,No internet service,No internet service,No internet service,No internet service,No internet service,Month-to-month,No,Electronic check,1183.14
MW-12122-BRXQ,No,47.69,Female,1,Yes,Yes,48,Yes,No,No,No internet service,No internet service,No internet service,No internet service,No internet service,No internet service,Two year,No,Bank transfer (automatic),2290.23
MW-29567-WPLE,Yes,70.95,Female,0,Yes,Yes,53,Yes,No,DSL,Yes,No,Yes,No,No,No,Month-to-month,No,Electronic check,3753.02
MW-80801-FRKK,Yes,23.15,Female,0,No,No,24,Yes,Yes,No,No internet service,No internet service,No internet service,No internet service,No internet service,No internet service,One year,No,Electronic check,558.38
MW-11741-PNVX,Yes,75.84,Female,0,Yes,No,53,Yes,Yes,DSL,No,No,Yes,Yes,Yes,Yes,Two year,Yes,Bank transfer (automatic),4025.08
MW-10350-DCVY,No,107.36,Female,0,Yes,No,65,No,No phone service,Fiber optic,No,No,Yes,No,No,No,Month-to-month,Yes,Bank transfer (automatic),6961.5
MW-81018-NPTY,No,26.87,Female,0,Yes,Yes,59,Yes,No,Fiber optic,No,No,No,No,No,No,Month-to-month,Yes,Mailed check,1586.69
MW-87865-JEVB,Yes,25.06,Male,0,No,No,55,Yes,No,Fiber optic,No,Yes,No,Yes,No,No,Month-to-month,No,Mailed check,1383.81
MW-61595-CQHN,No,99.7,Male,1,Yes,No,46,Yes,Yes,Fiber optic,Yes,No,No,No,Yes,Yes,Two year,Yes,Bank transfer (automatic),4578.84
MW-95169-MTEQ,No,24.53,Male,0,Yes,Yes,19,Yes,No,Fiber optic,No,No,Yes,Yes,No,No,Month-to-month,Yes,Bank transfer (automatic),454.38
MW-32990-TNHX,Yes,89.22,Male,0,No,No,58,Yes,No,DSL,No,No,Yes,No,No,No,Month-to-month,Yes,Credit card (automatic),5166.69
MW-50355-DHPG,No,65.66,Female,0,Yes,No,26,No,No phone service,DSL,Yes,No,No,No,No,No,One year,Yes,Credit card (automatic),1692.6
MW-48181-RVNJ,No,51.47,Male,0,No,Yes,38,Yes,Yes,Fiber optic,No,No,No,Yes,No,No,Month-to-month,Yes,Bank transfer (automatic),1968.62
MW-80429-QPVQ,No,108.0,Male,0,No,No,22,Yes,Yes,Fiber optic,Yes,No,No,No,No,Yes,Two year,No,Credit card (automatic),2361.25
MW-39318-AHJJ,Yes,91.84,Male,1,Yes,Yes,22,Yes,Yes,Fiber optic,Yes,No,No,Yes,No,No,Month-to-month,No,Credit card (automatic),2023.32
MW-44155-WATG,No,72.39,Male,1,Yes,No,11,Yes,No,Fiber optic,No,No,No,Yes,No,Yes,Month-to-month,No,Electronic check,790.68
MW-57632-PHBA,No,18.0,Male,0,Yes,No,70,No,No phone service,DSL,Yes,No,Yes,No,Yes,Yes,Month-to-month,No,Credit card (automatic),1249.41
MW-32824-KVJX,Yes,85.37,Male,0,No,No,10,Yes,Yes,Fiber optic,No,No,Yes,Yes,Yes,No,Month-to-month,Yes,Credit card (automatic),874.27
MW-25658-XEWQ,Yes,31.87,Male,0,Yes,No,6,Yes,No,Fiber optic,No,No,No,No,No,Yes,Month-to-month,Yes,Electronic check,189.26
MW-17004-PLYD,No,57.36,Female,0,Yes,No,68,Yes,No,Fiber optic,Yes,No,No,No,Yes,No,One year,Yes,Electronic check,3890.44
MW-46401-AAXR,Yes,64.22,Male,1,No,Yes,40,Yes,Yes,Fiber optic,No,Yes,No,Yes,No,Yes,Month-to-month,No,Bank transfer (automatic),2557.32
MW-84890-NBDX,Yes,120.0,Female,0,No,Yes,31,No,No phone service,DSL,No,No,No,Yes,Yes,No,Month-to-month,Yes,Mailed check,3725.09
MW-48847-WUXT,No,56.4,Male,0,Yes,No,53,Yes,No,DSL,No,No,No,No,No,Yes,Month-to-month,Yes,Bank transfer (automatic),3001.6
MW-41600-UWLC,No,21.32,Male,0,Yes,No,27,Yes,No,DSL,No,No,Yes,No,No,No,Month-to-month,Yes,Mailed check,594.7
MW-98689-CREE,Yes,108.09,Female,0,No,Yes,9,Yes,Yes,Fiber optic,Yes,Yes,No,Yes,Yes,Yes,Two year,No,Electronic check,970.3
MW-58212-XNMJ,Yes,85.77,Female,0,No,No,53,Yes,Yes,DSL,No,No,No,Yes,No,No,Month-to-month,No,Electronic check,4542.39
MW-37742-GCYT,No,86.89,Male,0,Yes,No,12,Yes,No,DSL,No,No,Yes,No,Yes,No,Two year,Yes,Credit card (automatic),1044.64
MW-49092-WHCC,No,108.65,Female,0,No,No,40,No,No phone service,No,No internet service,No internet service,No internet service,No internet service,No internet service,No internet service,Month-to-month,Yes,Electronic check,4348.51
MW-56759-ZXYD,Yes,115.7,Female,0,Yes,No,69,Yes,Yes,Fiber optic,No,Yes,No,No,Yes,No,Month-to-month,Yes,Bank transfer (automatic),7971.72
MW-25360-LEQA,Yes,37.25,Female,0,No,No,68,Yes,No,Fiber optic,Yes,No,Yes,No,Yes,No,Month-to-month,No,Electronic check,2554.94
MW-27267-KNGV,No,22.27,Female,0,No,No,26,Yes,Yes,Fiber optic,Yes,Yes,No,No,No,No,Month-to-month,No,Mailed check,579.35
MW-20700-BWAT,No,89.27,Male,0,No,No,56,Yes,Yes,DSL,No,Yes,No,Yes,No,Yes,Two year,Yes,Bank transfer (automatic),5007.14
MW-17681-RMBX,Yes,56.13,Female,0,No,No,44,Yes,Yes,DSL,Yes,No,No,No,Yes,No,Month-to-month,Yes,Electronic check,2476.09
MW-59116-XUYX,No,58.85,Female,0,Yes,No,34,Yes,No,No,No internet service,No internet service,No internet service,No internet service,No internet service,No internet service,Month-to-month,No,Bank transfer (automatic),2006.96
MW-80002-VFVQ,No,30.35,Male,0,No,Yes,10,No,No phone service,Fiber optic,Yes,No,No,No,No,Yes,One year,Yes,Bank transfer (automatic),288.44
MW-67019-BAGN,No,81.52,Female,0,Yes,Yes,27,Yes,Yes,Fiber optic,No,No,No,Yes,No,Yes,One year,Yes,Electronic check,2200.94
MW-71703-ZXZT,No,76.06,Male,0,Yes,No,47,No,No phone service,No,No internet service,No internet service,No internet service,No internet service,No internet service,No internet service,Two year,Yes,Mailed check,3609.03
MW-38833-DUKH,No,59.34,Male,0,No,No,72,Yes,No,DSL,No,Yes,No,No,Yes,No,Two year,Yes,Bank transfer (automatic),4296.29
MW-77360-NKRZ,No,22.35,Female,0,Yes,Yes,0,Yes,Yes,Fiber optic,Yes,Yes,Yes,Yes,No,No,One year,No,Bank transfer (automatic),2.36
MW-22526-HGZC,No,100.27,Female,0,No,No,52,Yes,No,DSL,No,No,Yes,Yes,No,Yes,Two year,Yes,Bank transfer (automatic),5208.54
MW-10033-WKZU,No,71.67,Female,0,No,No,61,Yes,Yes,Fiber optic,No,Yes,No,No,Yes,Yes,Two year,Yes,Credit card (automatic),4338.6
MW-55412-DNGB,Yes,97.54,Female,0,No,No,69,Yes,No,No,No internet service,No internet service,No internet service,No internet service,No internet service,No internet service,Month-to-month,Yes,Electronic check,6722.8
MW-70640-QRVT,No,18.0,Male,0,Yes,No,30,Yes,No,DSL,Yes,Yes,No,Yes,No,Yes,One year,Yes,Electronic check,538.82
MW-35349-QQQE,Yes,65.7,Male,0,Yes,No,8,Yes,No,No,No internet service,No internet service,No internet service,No internet service,No internet service,No internet service,Month-to-month,No,Bank transfer (automatic),520.84
MW-18185-REPK,Yes,42.49,Male,1,No,No,19,Yes,Yes,Fiber optic,No,No,Yes,Yes,No,Yes,One year,No,Bank transfer (automatic),803.59
MW-80657-WJAC,No,65.08,Female,1,Yes,Yes,62,Yes,Yes,Fiber optic,No,Yes,Yes,No,Yes,No,Two year,Yes,Credit card (automatic),4044.3
MW-30112-EWUY,Yes,92.3,Male,0,No,No,64,Yes,No,DSL,No,No,No,No,No,No,Month-to-month,No,Electronic check,5892.19
MW-21642-TDBP,No,75.1,Male,0,Yes,Yes,46,Yes,No,Fiber optic,No,No,No,No,Yes,Yes,Two year,Yes,Mailed check,3458.69
MW-87205-NLQK,No,64.54,Male,1,Yes,Yes,8,Yes,Yes,Fiber optic,No,No,No,No,Yes,No,Two year,No,Bank transfer (automatic),514.67
MW-97458-FPKL,Yes,64.38,Male,0,Yes,No,8,Yes,No,DSL,Yes,No,No,Yes,No,Yes,Month-to-month,Yes,Electronic check,501.81
MW-62876-VLYD,No,18.0,Female,0,Yes,No,34,Yes,No,Fiber optic,No,No,No,No,No,No,Month-to-month,Yes,Mailed check,637.11
MW-44443-RTCP,No,36.8,Female,0,No,No,42,Yes,No,DSL,Yes,Yes,Yes,No,No,No,Two year,No,Bank transfer (automatic),1556.82
MW-44959-TBVK,No,97.64,Male,0,No,No,2,Yes,No,No,No internet service,No internet service,No internet service,No internet service,No internet service,No internet service,Two year,Yes,Electronic check,183.48
MW-27866-RFDK,No,48.83,Male,1,No,No,50,Yes,No,DSL,Yes,No,Yes,Yes,No,Yes,Month-to-month,Yes,Mailed check,2449.26
MW-48117-DCPQ,No,98.21,Female,0,No,No,39,Yes,No,Fiber optic,Yes,No,No,Yes,No,Yes,Month-to-month,No,Electronic check,3809.35
MW-81535-YPPQ,No,88.79,Female,1,No,No,0,No,No phone service,Fiber optic,Yes,No,No,Yes,Yes,No,One year,No,Credit card (automatic),0.0
MW-27372-ZJST,Yes,90.38,Male,0,Yes,No,6,Yes,No,Fiber optic,No,No,No,No,Yes,No,Month-to-month,Yes,Electronic check,562.19
MW-90883-EWLK,No,73.99,Female,0,No,No,33,Yes,Yes,No,No internet service,No internet service,No internet service,No internet service,No internet service,No internet service,Month-to-month,Yes,Electronic check,2446.94
MW-45767-FLPX,Yes,50.92,Female,1,Yes,No,52,Yes,No,No,No internet service,No internet service,No internet service,No internet service,No internet service,No internet service,Month-to-month,No,Electronic check,2651.91
MW-89831-HQWN,No,59.47,Male,0,No,No,60,No,No phone service,DSL,No,No,No,No,No,No,Month-to-month,Yes,Electronic check,3583.0
MW-77549-ETPH,Yes,83.21,Male,0,No,Yes,31,Yes,No,Fiber optic,Yes,Yes,No,No,Yes,No,One year,Yes,Electronic check,2588.68
MW-40669-WAZS,No,18.0,Male,0,No,Yes,21,Yes,No,Fiber optic,Yes,No,No,Yes,No,Yes,One year,No,Bank transfer (automatic),374.01
MW-57893-SRZL,No,101.31,Female,0,Yes,No,70,Yes,Yes,DSL,Yes,Yes,No,No,No,No,One year,Yes,Electronic check,7105.75
MW-69153-ZBYY,No,49.0,Male,0,Yes,No,33,Yes,Yes,Fiber optic,Yes,Yes,Yes,Yes,No,Yes,One year,Yes,Electronic check,1591.67
MW-90954-GTKK,Yes,61.41,Male,0,No,No,23,Yes,No,DSL,No,Yes,No,No,Yes,No,Month-to-month,Yes,Electronic check,1402.42
MW-40832-NEFP,No,61.67,Female,1,No,No,32,Yes,Yes,No,No internet service,No internet service,No internet service,No internet service,No internet service,No internet service,Month-to-month,No,Mailed check,1971.99
MW-26484-ZAML,Yes,62.81,Male,0,Yes,Yes,0,Yes,No,Fiber optic,Yes,No,No,Yes,Yes,No,Month-to-month,No,Electronic check,8.22
MW-83874-TZPT,No,24.59,Male,0,Yes,No,22,Yes,Yes,Fiber optic,No,No,No,No,Yes,No,Month-to-month,Yes,Bank transfer (automatic),536.11
MW-56216-DZYK,Yes,68.55,Female,0,Yes,No,37,Yes,Yes,Fiber optic,No,No,Yes,No,Yes,Yes,Month-to-month,No,Bank transfer (automatic),2509.59
MW-33090-TCPZ,Yes,81.83,Female,0,No,No,67,Yes,No,No,No internet service,No internet service,No internet service,No internet service,No internet service,No internet service,Month-to-month,Yes,Bank transfer (automatic),5453.74
MW-23001-DWZP,Yes,18.0,Female,0,No,No,53,Yes,Yes,Fiber optic,Yes,Yes,No,No,No,No,Month-to-month,No,Electronic check,952.98
MW-86104-UFLT,No,24.98,Female,0,No,No,57,Yes,No,No,No internet service,No internet service,No internet service,No internet service,No internet service,No internet service,Month-to-month,Yes,Credit card (automatic),1416.69
MW-41121-LAVX,No,90.88,Female,0,No,No,39,Yes,Yes,No,No internet service,No internet service,No internet service,No internet service,No internet service,No internet service,One year,Yes,Bank transfer (automatic),3530.67
MW-11784-QSDE,No,85.29,Female,0,No,No,8,Yes,No,DSL,Yes,No,No,No,Yes,No,One year,Yes,Electronic check,666.16
MW-30123-YDYB,No,72.96,Female,0,Yes,No,28,Yes,Yes,DSL,No,Yes,Yes,No,Yes,Yes,Two year,Yes,Mailed check,2044.89
MW-80027-MUCD,No,43.54,Female,1,No,No,72,Yes,Yes,DSL,Yes,Yes,Yes,No,No,No,Two year,Yes,Bank transfer (automatic),3154.41
MW-17202-TNVJ,No,85.47,Female,0,No,No,3,Yes,No,Fiber optic,No,No,No,Yes,No,Yes,One year,No,Electronic check,258.42
MW-61967-TPBS,Yes,27.91,Female,0,No,Yes,64,Yes,Yes,Fiber optic,No,Yes,Yes,Yes,No,No,Month-to-month,No,Mailed check,1805.97
MW-10682-YFVE,No,59.88,Female,0,No,No,49,Yes,Yes,DSL,No,No,Yes,No,No,Yes,One year,No,Bank transfer (automatic),2928.51
MW-83696-YJRY,Yes,24.81,Male,0,Yes,Yes,20,Yes,No,No,No internet service,No internet service,No internet service,No internet service,No internet service,No internet service,Month-to-month,No,Electronic check,502.85
MW-27369-PLMG,Yes,59.14,Male,0,Yes,Yes,56,Yes,Yes,DSL,No,No,Yes,Yes,Yes,No,Month-to-month,Yes,Credit card (automatic),3332.12
MW-67039-BNUE,Yes,33.09,Male,1,No,No,61,Yes,No,Fiber optic,No,No,No,Yes,No,Yes,Month-to-month,Yes,Electronic check,2016.12
MW-40233-YURH,Yes,86.67,Female,1,Yes,Yes,3,Yes,Yes,Fiber optic,Yes,No,Yes,No,Yes,No,Month-to-month,Yes,Electronic check,260.4
MW-75273-TZGR,Yes,77.0,Male,0,No,No,7,Yes,No,Fiber optic,Yes,No,No,No,No,No,Month-to-month,No,Electronic check,533.38
MW-72117-LQGG,No,46.88,Male,0,No,No,48,Yes,No,DSL,No,Yes,Yes,Yes,No,No,One year,No,Mailed check,2259.13
MW-71655-XEWB,No,96.71,Female,0,No,No,72,No,No phone service,Fiber optic,Yes,No,No,No,No,No,Two year,Yes,Credit card (automatic),6976.65
MW-18842-XWYZ,Yes,35.31,Female,0,No,No,1,Yes,Yes,Fiber optic,No,No,No,No,No,Yes,One year,No,Credit card (automatic),40.58
MW-99226-YFXZ,No,62.94,Female,0,No,No,48,Yes,No,DSL,No,Yes,Yes,No,Yes,Yes,One year,Yes,Credit card (automatic),3017.68
MW-54504-PQXU,No,45.56,Male,0,No,No,9,Yes,Yes,Fiber optic,Yes,No,No,No,No,No,Month-to-month,Yes,Bank transfer (automatic),387.54
MW-39397-VZWZ,Yes,86.27,Male,0,No,No,47,Yes,No,Fiber optic,No,No,Yes,No,No,No,Month-to-month,No,Mailed check,4053.96
MW-36219-YPQN,No,83.3,Female,0,No,No,45,Yes,Yes,Fiber optic,No,No,No,Yes,Yes,Yes,One year,Yes,Mailed check,3745.62
MW-98494-HSQF,Yes,103.06,Male,0,Yes,No,6,Yes,No,Fiber optic,No,No,No,No,No,No,Month-to-month,No,Electronic check,621.9
MW-16997-WKMV,Yes,66.49,Female,0,No,No,49,Yes,Yes,Fiber optic,No,Yes,No,No,Yes,Yes,Month-to-month,Yes,Credit card (automatic),3259.76
MW-72316-QCHM,No,18.0,Male,1,Yes,Yes,65,Yes,Yes,No,No internet service,No internet service,No internet service,No internet service,No internet service,No internet service,Month-to-month,No,Mailed check,1193.59
MW-44578-THMP,No,51.07,Male,0,Yes,No,63,Yes,Yes,Fiber optic,No,No,Yes,No,No,Yes,Two year,No,Mailed check,3206.96
MW-77141-NENY,No,110.96,Male,0,No,No,2,Yes,No,DSL,Yes,No,Yes,No,No,No,One year,Yes,Mailed check,198.29
MW-62106-RVTB,No,54.25,Female,0,No,Yes,17,Yes,No,No,No internet service,No internet service,No internet service,No internet service,No internet service,No internet service,Month-to-month,Yes,Credit card (automatic),905.11
MW-15809-MHNB,No,18.0,Male,0,No,No,17,No,No phone service,DSL,Yes,Yes,No,Yes,No,Yes,One year,Yes,Electronic check,296.5
MW-39394-FCBL,No,77.48,Male,0,Yes,No,33,Yes,Yes,No,No internet service,No internet service,No internet service,No internet service,No internet service,No internet service,Month-to-month,Yes,Bank transfer (automatic),2573.07
MW-49020-UHUN,Yes,79.72,Female,1,Yes,No,10,Yes,No,Fiber optic,Yes,No,Yes,Yes,No,No,Month-to-month,Yes,Bank transfer (automatic),777.74
MW-54225-SGLH,No,42.18,Male,0,No,Yes,62,Yes,Yes,DSL,Yes,No,Yes,No,Yes,No,Month-to-month,Yes,Credit card (automatic),2597.7
MW-64047-LYCW,No,56.6,Female,1,No,No,56,Yes,No,Fiber optic,No,No,No,Yes,Yes,No,Month-to-month,No,Electronic check,3175.81
MW-73798-YAKQ,No,38.58,Female,0,No,Yes,59,Yes,No,DSL,No,No,No,No,No,No,One year,Yes,Electronic check,2288.96
MW-65154-HDKU,Yes,79.68,Female,0,No,No,14,Yes,Yes,No,No internet service,No internet service,No internet service,No internet service,No internet service,No internet service,Month-to-month,No,Mailed check,1092.28
MW-99939-MWJR,No,65.7,Female,0,No,Yes,1,Yes,Yes,No,No internet service,No internet service,No internet service,No internet service,No internet service,No internet service,Two year,Yes,Credit card (automatic),39.12
MW-62730-USLW,Yes,29.03,Male,0,No,Yes,66,No,No phone service,Fiber optic,Yes,No,No,No,Yes,No,Month-to-month,No,Credit card (automatic),1904.18
MW-65938-ECAS,No,63.71,Female,0,No,No,21,Yes,Yes,Fiber optic,No,Yes,No,No,No,Yes,One year,Yes,Bank transfer (automatic),1347.77
MW-20707-JCEB,No,42.01,Male,0,Yes,No,47,No,No phone service,Fiber optic,Yes,No,No,No,No,No,One year,Yes,Electronic check,1976.62
MW-20018-KRGG,No,107.83,Male,0,Yes,No,66,Yes,Yes,Fiber optic,Yes,No,No,Yes,No,No,One year,No,Electronic check,7105.53
MW-93955-ZBWB,No,90.81,Male,0,Yes,No,2,Yes,No,DSL,No,Yes,Yes,No,Yes,No,One year,Yes,Bank transfer (automatic),192.71
MW-43707-UZHF,No,60.33,Female,0,No,Yes,0,Yes,Yes,No,No internet service,No internet service,No internet service,No internet service,No internet service,No internet service,Two year,Yes,Electronic check,1.86
MW-19963-FKGG,No,66.43,Male,0,No,No,0,Yes,No,DSL,Yes,No,No,No,No,Yes,Month-to-month,Yes,Bank transfer (automatic),0.0
MW-27672-EYHB,No,94.41,Male,0,No,No,11,Yes,No,DSL,Yes,No,No,Yes,No,Yes,One year,No,Credit card (automatic),1014.29
MW-74007-HPCM,No,58.79,Male,0,No,Yes,3,Yes,Yes,DSL,Yes,No,Yes,Yes,Yes,No,One year,No,Mailed check,164.81
MW-25382-ZSJX,No,86.75,Female,0,Yes,Yes,59,Yes,No,No,No internet service,No internet service,No internet service,No internet service,No internet service,No internet service,Month-to-month,Yes,Mailed check,5147.6
MW-46046-HAFA,Yes,108.32,Female,0,No,No,44,Yes,No,No,No internet service,No internet service,No internet service,No internet service,No internet service,No internet service,Month-to-month,Yes,Electronic check,4761.04
MW-52227-MKBK,No,49.27,Male,0,No,No,71,No,No phone service,DSL,Yes,No,No,Yes,No,Yes,Month-to-month,No,Electronic check,3483.82
MW-41975-EXQG,Yes,113.38,Female,0,No,No,58,Yes,Yes,DSL,Yes,Yes,No,No,No,Yes,Month-to-month,Yes,Bank transfer (automatic),6570.31
MW-23403-UWUC,No,104.65,Male,0,Yes,No,70,Yes,Yes,No,No internet service,No internet service,No internet service,No internet service,No internet service,No internet service,Month-to-month,No,Mailed check,7327.29
MW-16217-NBRT,Yes,71.46,Female,0,Yes,Yes,17,Yes,No,Fiber optic,No,No,No,No,No,Yes,Month-to-month,Yes,Electronic check,1228.07
MW-74375-AUFC,No,50.68,Male,1,No,No,21,Yes,Yes,No,No internet service,No internet service,No internet service,No internet service,No internet service,No internet service,One year,No,Electronic check,1073.6
MW-47519-GZGB,Yes,71.08,Female,0,Yes,No,62,Yes,Yes,No,No internet service,No internet service,No internet service,No internet service,No internet service,No internet service,Month-to-month,Yes,Electronic check,4396.81
MW-24408-BXRE,No,56.66,Female,0,No,No,17,No,No phone service,Fiber optic,No,No,No,Yes,No,Yes,Two year,Yes,Bank transfer (automatic),982.29
MW-11022-RASW,No,40.22,Female,0,Yes,No,4,Yes,Yes,DSL,No,No,Yes,Yes,No,No,Month-to-month,Yes,Bank transfer (automatic),173.1
MW-24414-UEJN,No,79.97,Male,0,Yes,Yes,48,Yes,Yes,Fiber optic,No,No,No,No,Yes,No,One year,No,Mailed check,3831.88
MW-24170-BVQD,No,33.29,Female,1,Yes,No,58,No,No phone service,No,No internet service,No internet service,No internet service,No internet service,No internet service,No internet service,Month-to-month,Yes,Mailed check,1928.9
MW-54400-UTDN,No,53.84,Male,0,No,No,70,Yes,No,Fiber optic,Yes,No,No,Yes,No,No,Month-to-month,Yes,Electronic check,3777.81
MW-56335-HGVA,No,54.24,Male,1,Yes,Yes,67,Yes,No,No,No internet service,No internet service,No internet service,No internet service,No internet service,No internet service,Month-to-month,No,Mailed check,3650.2
MW-98765-LGHL,No,23.04,Male,0,Yes,No,8,Yes,Yes,Fiber optic,Yes,No,No,Yes,Yes,Yes,One year,Yes,Electronic check,161.54
MW-89213-PJPT,Yes,83.75,Male,0,No,No,56,Yes,Yes,No,No internet service,No internet service,No internet service,No internet service,No internet service,No internet service,Month-to-month,Yes,Credit card (automatic),4691.06
MW-35784-EKNK,No,57.15,Female,0,No,Yes,61,Yes,Yes,Fiber optic,No,Yes,Yes,No,Yes,No,Two year,Yes,Electronic check,3485.68
MW-68725-PVQM,Yes,102.97,Female,0,No,No,50,Yes,Yes,DSL,Yes,No,Yes,No,No,Yes,Month-to-month,Yes,Mailed check,5139.94
MW-14168-RZAP,No,56.66,Male,0,No,No,59,Yes,No,Fiber optic,No,Yes,Yes,Yes,Yes,No,One year,No,Electronic check,3334.3
MW-16021-AYTX,No,51.8,Female,0,Yes,No,61,Yes,No,DSL,Yes,Yes,No,No,No,Yes,Month-to-month,Yes,Credit card (automatic),3175.62
MW-86569-PKAQ,No,36.86,Male,0,Yes,No,32,Yes,No,Fiber optic,No,No,Yes,No,Yes,No,One year,Yes,Electronic check,1187.54
MW-10203-XDFN,Yes,65.17,Female,0,Yes,No,2,Yes,No,No,No internet service,No internet service,No internet service,No internet service,No internet service,No internet service,Month-to-month,Yes,Credit card (automatic),161.94
MW-69396-NLDM,Yes,65.34,Male,1,Yes,No,33,Yes,Yes,DSL,Yes,No,No,Yes,No,No,Month-to-month,No,Electronic check,2147.67
MW-98142-NEQW,Yes,86.25,Female,0,Yes,No,14,No,No phone service,No,No internet service,No internet service,No internet service,No internet service,No internet service,No internet service,Month-to-month,Yes,Credit card (automatic),1209.56
MW-94013-CBPU,Yes,66.01,Female,0,No,No,8,Yes,No,DSL,Yes,Yes,Yes,No,No,Yes,Month-to-month,No,Bank transfer (automatic),532.73
MW-29392-CYMC,Yes,120.0,Female,0,Yes,Yes,9,Yes,Yes,Fiber optic,No,No,No,No,No,No,Month-to-month,Yes,Electronic check,1093.44
MW-66968-LLKQ,No,77.69,Female,0,Yes,Yes,50,Yes,No,No,No internet service,No internet service,No internet service,No internet service,No internet service,No internet service,Two year,Yes,Electronic check,3904.88
MW-80566-FZGW,No,34.39,Male,0,No,No,36,No,No phone service,Fiber optic,Yes,No,Yes,Yes,Yes,Yes,Month-to-month,No,Mailed check,1239.44
MW-40430-VKEZ,Yes,31.86,Female,0,No,No,39,Yes,Yes,No,No internet service,No internet service,No internet service,No internet service,No internet service,No internet service,Month-to-month,Yes,Credit card (automatic),1226.12
MW-19365-PHDJ,No,80.04,Male,0,No,Yes,54,Yes,No,No,No internet service,No internet service,No internet service,No internet service,No internet service,No internet service,Two year,No,Credit card (automatic),4311.5
MW-26123-RNBU,Yes,33.45,Female,1,Yes,No,40,Yes,No,Fiber optic,Yes,No,No,No,Yes,No,Month-to-month,No,Electronic check,1340.14
MW-42232-HEST,Yes,81.85,Male,0,No,Yes,45,Yes,Yes,Fiber optic,Yes,Yes,No,No,No,No,Month-to-month,No,Mailed check,3700.09
MW-89215-VAKG,Yes,90.87,Female,0,No,Yes,6,Yes,No,DSL,No,Yes,No,No,Yes,Yes,One year,Yes,Electronic check,523.52
MW-64832-PZCR,No,91.59,Male,0,No,No,62,Yes,Yes,Fiber optic,Yes,No,No,No,No,Yes,Two year,Yes,Electronic check,5661.03
MW-48246-LMYT,No,37.92,Female,0,Yes,No,32,Yes,Yes,DSL,No,No,No,No,No,Yes,One year,Yes,Bank transfer (automatic),1224.8
MW-31022-CLTC,Yes,91.64,Female,1,No,Yes,11,Yes,No,No,No internet service,No internet service,No internet service,No internet service,No internet service,No internet service,Month-to-month,Yes,Mailed check,988.64
MW-92174-NMBY,No,73.68,Female,0,Yes,No,59,Yes,No,Fiber optic,Yes,No,No,No,No,No,Two year,Yes,Electronic check,4330.24
MW-70458-JGCB,Yes,45.76,Male,0,No,No,53,Yes,Yes,Fiber optic,Yes,Yes,Yes,Yes,Yes,No,Month-to-month,Yes,Credit card (automatic),2442.33
MW-22577-ETGL,No,59.22,Female,1,Yes,Yes,3,Yes,No,No,No internet service,No internet service,No internet service,No internet service,No internet service,No internet service,Two year,No,Bank transfer (automatic),174.34
MW-76679-RJKM,No,78.14,Female,0,Yes,Yes,14,Yes,No,DSL,No,No,No,No,Yes,No,Two year,No,Credit card (automatic),1089.49
MW-12326-XYGG,No,43.81,Female,0,Yes,Yes,1,Yes,Yes,No,No internet service,No internet service,No internet service,No internet service,No internet service,No internet service,Two year,No,Electronic check,64.33
MW-37541-KEPN,Yes,73.06,Female,0,Yes,No,19,Yes,Yes,DSL,No,Yes,No,Yes,Yes,No,Month-to-month,Yes,Credit card (automatic),1372.2
MW-44308-MMWD,No,107.37,Male,1,No,Yes,7,Yes,Yes,DSL,No,No,Yes,Yes,Yes,No,Month-to-month,Yes,Bank transfer (automatic),732.63
MW-29086-UPVP,No,92.92,Female,1,Yes,No,51,Yes,No,Fiber optic,No,No,No,No,No,No,One year,Yes,Mailed check,4763.36
MW-18318-UQTK,Yes,66.46,Male,0,No,Yes,38,Yes,Yes,DSL,No,Yes,No,Yes,Yes,No,Month-to-month,No,Electronic check,2528.98
MW-98137-XGTH,No,71.02,Female,1,Yes,No,71,Yes,No,Fiber optic,Yes,Yes,No,No,No,Yes,Month-to-month,Yes,Credit card (automatic),5052.62
MW-11948-UWER,No,47.86,Female,1,No,No,54,No,No phone service,Fiber optic,Yes,No,No,No,No,No,Two year,No,Bank transfer (automatic),2579.77
MW-65742-NKGQ,No,48.7,Female,0,Yes,No,44,Yes,Yes,No,No internet service,No internet service,No internet service,No internet service,No internet service,No internet service,One year,Yes,Credit card (automatic),2141.2
MW-13994-VJJW,No,18.0,Female,0,Yes,No,37,Yes,No,DSL,No,Yes,Yes,No,No,No,Month-to-month,Yes,Bank transfer (automatic),655.44
MW-98122-UTQC,Yes,71.53,Female,0,No,No,3,No,No phone service,DSL,No,No,No,Yes,No,No,Month-to-month,No,Credit card (automatic),219.36
MW-42681-DBHA,No,84.47,Female,0,Yes,Yes,5,No,No phone service,DSL,No,No,No,Yes,Yes,No,Month-to-month,Yes,Bank transfer (automatic),434.82
MW-38995-MAZM,No,61.87,Female,0,Yes,No,44,Yes,Yes,Fiber optic,Yes,No,Yes,Yes,No,No,Month-to-month,Yes,Credit card (automatic),2725.22
MW-56876-AEES,Yes,37.68,Female,0,No,No,0,Yes,No,DSL,Yes,Yes,No,Yes,No,No,Month-to-month,Yes,Electronic check,15.91
MW-83068-UMTC,Yes,65.98,Male,0,Yes,Yes,3,Yes,No,DSL,No,No,No,No,Yes,Yes,Two year,No,Electronic check,207.88
MW-96041-HAKA,No,104.25,Female,0,No,Yes,15,Yes,Yes,No,No internet service,No internet service,No internet service,No internet service,No internet service,No internet service,One year,Yes,Bank transfer (automatic),1548.02
MW-67186-UNUQ,No,90.94,Female,0,Yes,No,64,No,No phone service,No,No internet service,No internet service,No internet service,No internet service,No internet service,No internet service,Month-to-month,Yes,Mailed check,5817.99
MW-38217-AJAB,Yes,63.12,Female,0,Yes,No,33,Yes,No,No,No internet service,No internet service,No internet service,No internet service,No internet service,No internet service,Month-to-month,Yes,Bank transfer (automatic),2076.23
MW-12936-YYCK,No,120.0,Female,0,No,No,51,Yes,No,DSL,No,No,Yes,No,No,Yes,One year,Yes,Bank transfer (automatic),6131.3
MW-36990-GLQK,No,120.0,Female,0,Yes,No,30,Yes,No,Fiber optic,No,No,No,No,No,No,Two year,Yes,Bank transfer (automatic),3606.92
MW-74126-VBQT,No,49.6,Male,0,No,Yes,12,Yes,No,DSL,No,No,No,No,No,No,Two year,Yes,Credit card (automatic),597.11
MW-79296-PRQD,Yes,56.62,Male,0,No,No,27,Yes,Yes,Fiber optic,No,Yes,Yes,No,No,No,Month-to-month,Yes,Electronic check,1543.94
MW-80783-UGEP,No,84.8,Male,1,Yes,Yes,6,Yes,Yes,Fiber optic,No,No,Yes,No,No,Yes,Two year,Yes,Credit card (automatic),480.81
MW-86694-RKBZ,Yes,36.61,Female,0,No,No,56,Yes,Yes,No,No internet service,No internet service,No internet service,No internet service,No internet service,No internet service,Month-to-month,Yes,Electronic check,2041.11
MW-97816-VMJX,No,89.47,Male,1,Yes,No,13,Yes,No,Fiber optic,No,No,No,Yes,No,No,Month-to-month,Yes,Bank transfer (automatic),1155.34
MW-59785-JEGP,No,67.04,Male,1,No,No,27,Yes,Yes,DSL,No,No,Yes,No,Yes,No,Two year,Yes,Credit card (automatic),1813.86
MW-43830-THEY,No,75.15,Male,0,No,No,71,Yes,Yes,Fiber optic,No,No,No,No,Yes,No,Month-to-month,No,Electronic check,5343.94
MW-93443-CPER,No,46.74,Male,0,No,No,43,Yes,No,No,No internet service,No internet service,No internet service,No internet service,No internet service,No internet service,Month-to-month,Yes,Electronic check,2009.8
MW-56017-KBEM,No,40.37,Female,0,Yes,No,33,Yes,Yes,DSL,Yes,Yes,Yes,Yes,Yes,Yes,Month-to-month,Yes,Electronic check,1312.49
MW-85553-DPVG,Yes,18.0,Female,0,No,No,39,Yes,Yes,No,No internet service,No internet service,No internet service,No internet service,No internet service,No internet service,Month-to-month,Yes,Bank transfer (automatic),708.1
MW-35132-YTCM,No,108.54,Female,0,No,Yes,57,Yes,Yes,DSL,No,Yes,No,Yes,Yes,No,Month-to-month,Yes,Mailed check,6188.7
MW-25883-PPMJ,No,92.24,Female,0,Yes,No,18,Yes,Yes,DSL,No,No,Yes,No,Yes,No,One year,Yes,Electronic check,1638.29
MW-76749-PSWC,Yes,84.2,Male,0,Yes,No,46,No,No phone service,No,No internet service,No internet service,No internet service,No internet service,No internet service,No internet service,Month-to-month,No,Credit card (automatic),3868.77
MW-89172-DNLX,Yes,74.45,Female,0,Yes,No,63,Yes,Yes,DSL,Yes,No,No,Yes,No,Yes,Month-to-month,Yes,Electronic check,4695.96
MW-15256-PFWW,No,18.0,Male,0,Yes,No,41,Yes,Yes,Fiber optic,Yes,No,No,No,No,Yes,Two year,Yes,Bank transfer (automatic),762.8
MW-71923-AXJF,Yes,41.47,Male,0,Yes,Yes,32,Yes,Yes,DSL,No,Yes,No,No,Yes,Yes,Month-to-month,Yes,Bank transfer (automatic),1310.7
MW-54933-CBBU,No,56.32,Female,0,Yes,Yes,10,No,No phone service,Fiber optic,No,No,No,No,No,No,Two year,No,Electronic check,575.05
MW-75089-XZNG,No,31.56,Female,0,Yes,Yes,18,Yes,No,Fiber optic,No,No,No,No,No,No,Month-to-month,Yes,Electronic check,551.93
MW-91594-XXKE,No,18.0,Female,0,Yes,No,69,Yes,No,No,No internet service,No internet service,No internet service,No internet service,No internet service,No internet service,One year,Yes,Credit card (automatic),1222.94
MW-92662-WJNX,No,34.68,Female,0,No,No,39,Yes,Yes,No,No internet service,No internet service,No internet service,No internet service,No internet service,No internet service,Month-to-month,Yes,Bank transfer (automatic),1334.35
MW-62748-DHFU,No,65.47,Male,0,Yes,No,21,Yes,Yes,Fiber optic,No,Yes,No,No,Yes,Yes,Two year,Yes,Electronic check,1383.95
MW-23463-CDHK,No,65.48,Male,0,Yes,Yes,30,Yes,No,Fiber optic,No,No,No,No,No,No,Month-to-month,Yes,Credit card (automatic),1966.35
MW-17223-TYQF,Yes,91.23,Female,0,No,No,42,Yes,Yes,DSL,No,No,No,Yes,Yes,No,Two year,No,Mailed check,3826.94
MW-30035-RSCY,Yes,120.0,Male,1,No,Yes,39,Yes,Yes,Fiber optic,No,No,Yes,No,No,No,Month-to-month,Yes,Electronic check,4686.87
MW-91720-NUBY,No,84.57,Male,0,Yes,Yes,51,Yes,Yes,Fiber optic,Yes,No,No,No,No,No,One year,No,Bank transfer (automatic),4313.68
MW-43091-ZYNC,No,58.73,Female,0,No,No,18,Yes,Yes,DSL,No,No,Yes,No,No,No,Month-to-month,Yes,Mailed check,1058.8
MW-21670-LQLL,Yes,118.01,Male,0,Yes,No,47,Yes,Yes,No,No internet service,No internet service,No internet service,No internet service,No internet service,No internet service,Month-to-month,Yes,Electronic check,5541.92
MW-26065-JSPT,No,18.0,Male,1,No,No,32,Yes,Yes,DSL,Yes,Yes,Yes,No,No,No,Month-to-month,No,Credit card (automatic),560.59
MW-49475-BFXV,Yes,18.0,Male,0,No,Yes,68,Yes,No,DSL,No,No,No,Yes,No,No,Month-to-month,Yes,Electronic check,1249.37
MW-96731-SKLR,Yes,37.4,Female,0,Yes,No,11,Yes,No,No,No internet service,No internet service,No internet service,No internet service,No internet service,No internet service,Month-to-month,No,Electronic check,432.41
MW-21581-ULXJ,Yes,88.37,Male,0,No,No,10,Yes,Yes,Fiber optic,No,No,No,No,No,No,One year,Yes,Electronic check,907.55
MW-90092-HSUP,No,69.06,Female,0,No,No,33,Yes,No,Fiber optic,No,Yes,No,No,No,No,Month-to-month,Yes,Bank transfer (automatic),2270.89
MW-85689-YWEU,No,30.15,Male,1,Yes,No,37,Yes,Yes,DSL,Yes,Yes,Yes,No,Yes,No,Month-to-month,Yes,Bank transfer (automatic),1105.32
MW-46608-VWNU,Yes,42.19,Female,0,Yes,No,50,Yes,Yes,Fiber optic,No,No,Yes,No,No,No,Month-to-month,No,Credit card (automatic),2103.28
MW-23157-TYHD,No,26.76,Male,0,No,No,29,Yes,No,Fiber optic,Yes,No,No,No,No,Yes,Month-to-month,No,Electronic check,792.15
MW-21591-URZB,No,26.75,Female,0,No,No,66,Yes,No,DSL,No,Yes,Yes,No,No,No,Month-to-month,Yes,Credit card (automatic),1765.5
MW-34418-AMQW,No,110.53,Male,0,No,No,34,Yes,Yes,Fiber optic,Yes,Yes,No,No,No,No,One year,No,Bank transfer (automatic),3749.87
MW-61090-STKP,Yes,59.7,Female,0,Yes,No,9,Yes,No,DSL,No,No,No,Yes,No,Yes,Month-to-month,No,Electronic check,542.76
MW-58930-DSDE,No,117.09,Female,0,No,No,8,Yes,Yes,DSL,Yes,No,No,No,No,No,Two year,No,Electronic check,925.67
MW-72345-DYEF,No,37.3,Male,1,Yes,No,71,No,No phone service,DSL,Yes,Yes,Yes,Yes,Yes,No,Month-to-month,Yes,Credit card (automatic),2627.97
MW-43060-ZEPD,Yes,78.73,Female,1,Yes,No,9,Yes,No,DSL,No,Yes,No,No,Yes,No,Month-to-month,No,Electronic check,710.51
MW-15162-LYHM,No,70.81,Female,0,No,No,69,Yes,No,DSL,No,No,No,Yes,No,No,Two year,No,Bank transfer (automatic),4878.15
MW-57016-XNYK,No,90.39,Female,0,Yes,No,20,Yes,No,Fiber optic,No,No,No,Yes,Yes,No,Month-to-month,Yes,Bank transfer (automatic),1807.59
MW-14525-FAKB,Yes,71.64,Female,0,No,Yes,6,Yes,No,Fiber optic,No,No,No,No,Yes,Yes,Month-to-month,Yes,Electronic check,389.57
MW-23324-PACN,No,93.55,Male,0,Yes,Yes,22,Yes,Yes,DSL,Yes,No,Yes,No,Yes,No,Two year,Yes,Credit card (automatic),2044.72
MW-14858-QETK,No,80.63,Male,0,No,Yes,44,No,No phone service,Fiber optic,No,No,No,Yes,Yes,No,Two year,Yes,Credit card (automatic),3547.04
MW-22979-EMYN,No,31.26,Male,0,Yes,No,31,Yes,Yes,DSL,Yes,No,No,No,No,No,One year,Yes,Mailed check,946.31
MW-48431-WXFB,Yes,85.98,Female,0,Yes,No,57,Yes,Yes,Fiber optic,No,Yes,Yes,No,No,Yes,Month-to-month,No,Bank transfer (automatic),4878.62
MW-32951-SMJD,No,60.91,Male,0,No,Yes,44,Yes,Yes,No,No internet service,No internet service,No internet service,No internet service,No internet service,No internet service,One year,Yes,Mailed check,2680.62
MW-47332-DYDY,No,40.7,Male,0,No,No,29,Yes,Yes,Fiber optic,No,Yes,No,No,Yes,No,Two year,No,Bank transfer (automatic),1190.82
MW-56225-GDNC,No,84.82,Male,0,No,No,46,Yes,Yes,Fiber optic,Yes,Yes,No,No,No,Yes,Two year,No,Electronic check,3888.34
MW-49826-GCAC,Yes,91.65,Female,0,Yes,No,70,Yes,Yes,DSL,Yes,Yes,No,No,No,Yes,Month-to-month,No,Mailed check,6411.57
MW-76449-ZDFD,No,49.49,Female,0,No,Yes,30,Yes,No,DSL,No,Yes,No,Yes,No,No,Month-to-month,No,Electronic check,1481.11
MW-12902-BDCD,No,53.48,Female,0,Yes,Yes,11,Yes,Yes,Fiber optic,Yes,No,No,Yes,No,Yes,Month-to-month,Yes,Mailed check,564.85
MW-31715-LKEG,Yes,22.39,Female,0,Yes,Yes,29,No,No phone service,Fiber optic,No,Yes,No,No,Yes,No,Month-to-month,No,Mailed check,667.07
MW-14016-MLCX,No,18.0,Male,0,No,Yes,61,Yes,No,Fiber optic,No,No,No,No,No,No,One year,Yes,Electronic check,1095.26
MW-98011-KJPG,No,56.73,Male,0,Yes,Yes,15,Yes,No,No,No internet service,No internet service,No internet service,No internet service,No internet service,No internet service,Month-to-month,Yes,Credit card (automatic),848.37
MW-60860-QXWH,No,87.76,Female,0,Yes,No,69,Yes,No,DSL,Yes,No,No,No,No,No,Month-to-month,No,Electronic check,6061.03
MW-27323-CCFQ,Yes,46.8,Male,0,Yes,No,42,Yes,Yes,No,No internet service,No internet service,No internet service,No internet service,No internet service,No internet service,Month-to-month,No,Electronic check,1942.2
MW-86214-MGEN,No,106.83,Female,0,No,No,43,Yes,No,Fiber optic,No,No,No,No,No,Yes,Month-to-month,No,Mailed check,4607.49
MW-74276-ZUGP,No,57.85,Female,0,No,No,23,Yes,Yes,DSL,No,Yes,No,No,No,No,Month-to-month,Yes,Bank transfer (automatic),1346.31
MW-41267-NVJJ,Yes,57.97,Male,1,No,Yes,67,Yes,No,DSL,Yes,No,No,No,Yes,No,Month-to-month,No,Electronic check,3886.1
MW-39477-LEWK,No,55.33,Female,0,No,No,2,Yes,No,Fiber optic,Yes,No,No,Yes,Yes,No,Month-to-month,Yes,Bank transfer (automatic),117.59
MW-70949-WKST,No,93.45,Female,0,No,Yes,21,Yes,No,DSL,No,Yes,No,Yes,No,No,Two year,No,Bank transfer (automatic),1957.56
MW-27096-USSH,No,35.23,Female,0,Yes,No,30,Yes,Yes,Fiber optic,Yes,Yes,No,Yes,Yes,No,Month-to-month,Yes,Electronic check,1069.85
MW-56047-BYWG,No,60.13,Female,1,No,No,34,Yes,Yes,Fiber optic,No,No,No,No,No,No,Month-to-month,Yes,Credit card (automatic),2032.08
MW-31943-AZBA,No,47.58,Male,0,Yes,No,34,Yes,Yes,Fiber optic,No,No,No,No,No,No,Month-to-month,Yes,Electronic check,1617.23
MW-48898-ZSQQ,Yes,47.15,Female,0,No,No,10,Yes,Yes,Fiber optic,Yes,Yes,No,Yes,No,No,Month-to-month,No,Bank transfer (automatic),471.91
MW-94062-TQTU,No,65.05,Female,0,No,No,16,Yes,No,Fiber optic,Yes,Yes,No,No,No,No,Month-to-month,Yes,Electronic check,1040.22
MW-20015-FQHQ,No,60.6,Female,0,No,No,6,Yes,No,Fiber optic,No,No,No,Yes,No,Yes,Month-to-month,Yes,Bank transfer (automatic),379.64
MW-57810-EXGE,Yes,95.55,Female,0,No,No,41,Yes,No,No,No internet service,No internet service,No internet service,No internet service,No internet service,No internet service,Month-to-month,No,Credit card (automatic),3950.37
MW-22008-CNJT,Yes,63.68,Female,0,No,No,25,Yes,No,DSL,No,No,No,No,Yes,No,Month-to-month,Yes,Electronic check,1590.35
MW-98315-LHHF,No,80.65,Female,0,No,Yes,41,Yes,Yes,No,No internet service,No internet service,No internet service,No internet service,No internet service,No internet service,One year,Yes,Electronic check,3313.71
MW-91557-SDXG,No,69.18,Female,0,Yes,No,43,Yes,Yes,DSL,No,No,Yes,Yes,Yes,No,Month-to-month,Yes,Electronic check,2962.7
MW-38964-ARTQ,No,106.11,Male,0,Yes,Yes,51,Yes,No,DSL,No,Yes,No,Yes,Yes,Yes,Month-to-month,Yes,Electronic check,5427.09
MW-20734-JEWM,No,54.93,Female,0,No,No,39,No,No phone service,Fiber optic,No,Yes,Yes,No,No,No,One year,Yes,Credit card (automatic),2134.51
MW-55501-MFUY,Yes,55.01,Female,0,No,No,47,Yes,No,DSL,No,No,No,No,No,No,Month-to-month,No,Bank transfer (automatic),2632.65
MW-43954-RTTE,Yes,86.35,Male,0,No,No,42,Yes,Yes,DSL,No,Yes,No,Yes,Yes,Yes,Month-to-month,Yes,Bank transfer (automatic),3601.64
MW-84024-MGKW,Yes,54.52,Male,0,Yes,No,47,Yes,No,DSL,Yes,Yes,No,No,Yes,Yes,Month-to-month,Yes,Credit card (automatic),2594.65
MW-12472-VPCJ,No,78.95,Female,0,No,Yes,45,Yes,Yes,Fiber optic,Yes,Yes,Yes,Yes,No,Yes,Month-to-month,Yes,Credit card (automatic),3567.62
MW-89152-TQPK,No,120.0,Male,0,No,No,23,Yes,No,Fiber optic,No,No,No,No,No,Yes,Month-to-month,No,Credit card (automatic),2743.17
MW-98905-ZXRW,No,34.63,Female,0,Yes,No,17,Yes,Yes,DSL,Yes,No,No,No,Yes,No,Two year,No,Electronic check,623.5
MW-99361-EDTS,No,109.95,Female,0,No,No,57,Yes,No,Fiber optic,Yes,No,Yes,Yes,Yes,Yes,Two year,Yes,Electronic check,6253.22
MW-94461-FWTF,No,49.23,Female,0,No,Yes,25,Yes,No,DSL,Yes,Yes,No,No,No,Yes,Two year,No,Electronic check,1226.04
MW-87643-QWUL,No,104.13,Female,0,Yes,No,40,Yes,No,No,No internet service,No internet service,No internet service,No internet service,No internet service,No internet service,Month-to-month,No,Mailed check,4145.75
MW-66683-VHZZ,No,84.58,Male,1,Yes,No,14,Yes,Yes,DSL,No,No,No,No,Yes,Yes,Month-to-month,Yes,Mailed check,1181.92
MW-79311-HSZG,No,82.01,Female,0,No,Yes,31,Yes,Yes,Fiber optic,No,No,No,No,Yes,No,Month-to-month,Yes,Electronic check,2541.52
MW-26523-TNLR,No,59.47,Male,0,No,No,38,No,No phone service,Fiber optic,No,No,Yes,Yes,No,No,Month-to-month,No,Mailed check,2272.31
MW-50813-MTZF,No,56.48,Female,0,No,No,45,Yes,Yes,Fiber optic,Yes,Yes,Yes,Yes,No,No,Month-to-month,No,Mailed check,2578.17
MW-13722-EQZW,Yes,42.34,Male,0,No,No,38,Yes,Yes,No,No internet service,No internet service,No internet service,No internet service,No internet service,No internet service,Month-to-month,Yes,Electronic check,1601.23
MW-93645-KVXH,No,64.19,Female,0,Yes,No,26,Yes,Yes,DSL,No,Yes,Yes,No,Yes,Yes,Month-to-month,No,Electronic check,1627.65
MW-54724-CZDA,No,58.48,Male,0,No,No,70,Yes,No,Fiber optic,No,No,No,No,No,No,Month-to-month,No,Mailed check,4103.33
MW-95252-HUTH,No,69.73,Male,0,No,Yes,37,Yes,No,Fiber optic,No,Yes,No,No,No,Yes,Month-to-month,Yes,Mailed check,2571.76
MW-56674-SYAW,No,21.68,Male,1,No,No,59,Yes,Yes,Fiber optic,No,Yes,No,No,Yes,No,One year,No,Bank transfer (automatic),1306.4
MW-85027-QXBG,No,64.68,Female,0,No,No,53,Yes,Yes,Fiber optic,Yes,No,No,Yes,No,No,Month-to-month,No,Bank transfer (automatic),3427.52
MW-93829-KVSH,No,101.88,Female,0,No,No,40,Yes,Yes,DSL,No,No,Yes,No,No,No,Two year,Yes,Electronic check,4063.81
MW-17869-FLDX,No,92.32,Male,1,No,Yes,64,Yes,Yes,DSL,No,No,No,No,No,No,Month-to-month,Yes,Electronic check,5893.29
MW-65280-VTMR,No,64.69,Male,0,Yes,No,9,Yes,Yes,DSL,Yes,Yes,Yes,No,Yes,Yes,Month-to-month,Yes,Electronic check,591.55
MW-76554-GDFN,Yes,120.0,Female,0,Yes,No,67,Yes,No,No,No internet service,No internet service,No internet service,No internet service,No internet service,No internet service,Month-to-month,No,Electronic check,8035.87
MW-80966-ZCHB,No,46.68,Male,0,No,No,62,Yes,No,Fiber optic,No,No,No,No,Yes,No,Month-to-month,Yes,Mailed check,2916.18
MW-80675-LYBQ,No,61.4,Female,0,Yes,No,36,No,No phone service,DSL,No,Yes,Yes,No,No,No,Month-to-month,No,Credit card (automatic),2207.24
MW-32052-DANM,No,20.48,Male,0,No,Yes,53,Yes,Yes,Fiber optic,No,No,Yes,No,No,No,Month-to-month,Yes,Electronic check,1106.66
MW-99391-XGRD,Yes,51.89,Female,0,No,No,37,Yes,No,Fiber optic,No,Yes,No,Yes,No,No,One year,Yes,Electronic check,1899.23
MW-60346-PVKD,No,117.63,Male,0,No,No,19,Yes,No,Fiber optic,No,Yes,No,No,No,No,Month-to-month,Yes,Bank transfer (automatic),2208.89
MW-14414-NDRF,No,53.04,Female,0,Yes,No,58,Yes,Yes,Fiber optic,No,No,No,No,No,No,Month-to-month,No,Mailed check,3088.76
MW-94288-RTZE,No,18.17,Male,0,Yes,No,17,Yes,Yes,Fiber optic,No,Yes,Yes,Yes,No,Yes,Two year,Yes,Electronic check,301.92
MW-55120-YHDX,Yes,90.16,Male,0,No,Yes,22,Yes,No,DSL,No,Yes,No,No,No,Yes,Month-to-month,No,Electronic check,1979.57
MW-93667-PPHE,No,75.68,Female,0,Yes,No,37,Yes,No,Fiber optic,No,No,No,No,No,Yes,One year,No,Credit card (automatic),2784.98
MW-45129-BWAN,Yes,88.92,Female,0,No,No,61,Yes,Yes,DSL,No,No,No,Yes,Yes,Yes,Month-to-month,Yes,Electronic check,5407.84
MW-78307-GWSB,No,55.09,Male,0,Yes,No,28,Yes,Yes,DSL,No,No,Yes,No,No,No,Month-to-month,No,Bank transfer (automatic),1552.06
MW-86234-DDTC,Yes,33.79,Male,0,No,Yes,36,Yes,No,Fiber optic,No,No,Yes,No,No,No,Month-to-month,No,Credit card (automatic),1216.16
MW-27573-FMEK,Yes,58.49,Female,0,No,No,3,Yes,Yes,Fiber optic,No,Yes,Yes,No,Yes,No,Month-to-month,Yes,Electronic check,159.57
MW-72688-HKAJ,Yes,80.65,Male,0,No,Yes,8,Yes,Yes,No,No internet service,No internet service,No internet service,No internet service,No internet service,No internet service,One year,Yes,Bank transfer (automatic),657.06
MW-13985-NLYK,Yes,61.83,Male,0,No,No,4,Yes,Yes,DSL,No,No,Yes,No,No,No,Month-to-month,Yes,Electronic check,264.94
MW-14884-HDQP,Yes,75.64,Male,0,Yes,No,5,Yes,Yes,Fiber optic,No,No,Yes,No,Yes,Yes,Month-to-month,No,Electronic check,376.57
MW-68895-BWZZ,No,47.9,Female,0,No,No,63,No,No phone service,No,No internet service,No internet service,No internet service,No internet service,No internet service,No internet service,Month-to-month,Yes,Electronic check,3032.75
MW-76428-UCXK,No,76.75,Male,0,Yes,Yes,61,No,No phone service,Fiber optic,No,No,Yes,Yes,No,Yes,Two year,Yes,Credit card (automatic),4666.72
MW-10019-WFSP,No,63.91,Female,0,No,No,59,Yes,No,No,No internet service,No internet service,No internet service,No internet service,No internet service,No internet service,Two year,Yes,Electronic check,3779.35
MW-47299-MJBX,No,42.82,Female,0,Yes,No,4,Yes,Yes,No,No internet service,No internet service,No internet service,No internet service,No internet service,No internet service,Two year,Yes,Electronic check,173.71
MW-47020-TYNH,No,68.2,Female,0,Yes,No,5,Yes,No,No,No internet service,No internet service,No internet service,No internet service,No internet service,No internet service,One year,No,Credit card (automatic),329.13
MW-62591-QJYN,Yes,52.4,Male,0,No,Yes,20,Yes,Yes,No,No internet service,No internet service,No internet service,No internet service,No internet service,No internet service,One year,Yes,Electronic check,1078.8
MW-43641-SRKU,No,82.51,Female,0,No,No,41,Yes,No,Fiber optic,No,No,No,Yes,No,Yes,Month-to-month,Yes,Credit card (automatic),3386.4
MW-63703-MCKB,No,90.19,Female,0,Yes,No,24,Yes,Yes,Fiber optic,No,Yes,No,No,No,No,Two year,Yes,Bank transfer (automatic),2155.7
MW-50144-TSXM,No,79.05,Male,0,No,Yes,35,Yes,No,No,No internet service,No internet service,No internet service,No internet service,No internet service,No internet service,Month-to-month,Yes,Bank transfer (automatic),2767.04
MW-44886-ZSKH,No,18.0,Male,0,Yes,Yes,12,Yes,Yes,No,No internet service,No internet service,No internet service,No internet service,No internet service,No internet service,Month-to-month,Yes,Bank transfer (automatic),202.95
MW-31229-YEAC,No,35.06,Male,0,No,No,53,Yes,No,DSL,No,No,Yes,No,No,Yes,One year,No,Bank transfer (automatic),1840.83
MW-16921-SUNK,Yes,44.9,Male,0,Yes,No,22,Yes,Yes,DSL,No,No,No,Yes,No,Yes,Month-to-month,No,Electronic check,981.06
MW-36555-EBTF,Yes,40.11,Male,0,Yes,Yes,4,Yes,Yes,DSL,No,No,No,No,No,No,Month-to-month,Yes,Credit card (automatic),154.71
MW-27165-ZWUM,Yes,47.71,Female,0,Yes,No,54,Yes,No,No,No internet service,No internet service,No internet service,No internet service,No internet service,No internet service,Month-to-month,Yes,Credit card (automatic),2564.28
MW-44850-JWBY,No,91.76,Female,0,No,No,65,Yes,No,DSL,No,Yes,No,Yes,No,No,Month-to-month,Yes,Credit card (automatic),5983.17
MW-34710-VBFY,No,84.96,Male,0,No,Yes,1,Yes,Yes,DSL,No,No,Yes,Yes,No,Yes,Two year,Yes,Bank transfer (automatic),73.47
MW-35138-RJVS,Yes,51.28,Male,0,Yes,No,31,Yes,No,Fiber optic,No,No,No,Yes,No,Yes,Month-to-month,Yes,Mailed check,1575.7
MW-66115-YKQQ,No,81.75,Male,0,Yes,No,60,No,No phone service,DSL,Yes,No,No,Yes,No,No,Two year,No,Bank transfer (automatic),4887.21
MW-47337-BSTD,Yes,73.87,Male,1,No,No,51,Yes,No,No,No internet service,No internet service,No internet service,No internet service,No internet service,No internet service,Month-to-month,Yes,Electronic check,3748.14
MW-59563-VLLE,No,63.01,Male,0,No,No,62,Yes,Yes,Fiber optic,No,No,Yes,Yes,No,No,One year,No,Mailed check,3922.03
MW-55630-WCZQ,Yes,98.45,Female,0,Yes,No,30,Yes,Yes,DSL,No,Yes,Yes,Yes,No,Yes,Month-to-month,Yes,Bank transfer (automatic),2957.37
MW-74384-FSTG,No,44.16,Male,1,No,No,27,Yes,No,DSL,Yes,No,Yes,No,Yes,Yes,Two year,No,Bank transfer (automatic),1202.67
MW-51472-XADZ,No,65.58,Male,0,No,Yes,51,Yes,No,No,No internet service,No internet service,No internet service,No internet service,No internet service,No internet service,Month-to-month,Yes,Electronic check,3359.86
MW-64594-UMHR,Yes,32.47,Female,1,No,No,11,Yes,No,Fiber optic,No,No,No,No,No,Yes,Month-to-month,Yes,Mailed check,352.17
MW-23098-SBLQ,Yes,33.91,Female,1,Yes,Yes,17,Yes,No,Fiber optic,No,No,No,Yes,Yes,No,Month-to-month,No,Bank transfer (automatic),598.55
MW-86619-QUXB,No,23.18,Male,0,Yes,Yes,43,Yes,No,DSL,Yes,No,No,No,Yes,No,Month-to-month,Yes,Mailed check,987.34
MW-27627-NNED,No,34.42,Female,1,Yes,No,48,Yes,No,No,No internet service,No internet service,No internet service,No internet service,No internet service,No internet service,Month-to-month,Yes,Credit card (automatic),1635.72
MW-87561-XDLQ,No,66.49,Female,0,No,Yes,8,No,No phone service,Fiber optic,No,Yes,No,No,No,No,One year,No,Bank transfer (automatic),537.52
MW-70797-MQAP,No,54.93,Female,0,Yes,No,37,Yes,Yes,Fiber optic,No,No,No,No,No,No,Two year,Yes,Electronic check,2034.58
MW-55318-VNZM,Yes,55.9,Female,0,Yes,No,26,Yes,No,Fiber optic,No,No,No,No,No,No,One year,No,Electronic check,1455.54
MW-56093-HMHJ,No,55.03,Female,0,Yes,No,36,Yes,No,No,No internet service,No internet service,No internet service,No internet service,No internet service,No internet service,Month-to-month,No,Bank transfer (automatic),1996.31
MW-74719-LGAG,No,117.18,Female,0,No,No,69,Yes,No,Fiber optic,No,No,No,Yes,No,No,Month-to-month,Yes,Mailed check,8087.01
MW-11594-AXWG,Yes,29.88,Female,0,Yes,No,5,No,No phone service,Fiber optic,Yes,No,No,No,No,Yes,Two year,Yes,Credit card (automatic),154.1
MW-50991-XJJN,No,26.68,Female,0,Yes,Yes,72,Yes,Yes,No,No internet service,No internet service,No internet service,No internet service,No internet service,No internet service,Two year,No,Electronic check,1941.35
MW-64162-XTRU,No,38.64,Female,0,Yes,Yes,32,No,No phone service,No,No internet service,No internet service,No internet service,No internet service,No internet service,No internet service,Month-to-month,Yes,Electronic check,1240.48
MW-77458-XTMH,No,61.84,Male,0,Yes,No,56,Yes,No,Fiber optic,No,Yes,No,No,No,No,Two year,No,Mailed check,3470.45
MW-43982-MDQV,Yes,79.44,Male,0,No,No,30,Yes,No,Fiber optic,No,No,Yes,No,No,No,Month-to-month,No,Bank transfer (automatic),2361.93
MW-71986-AWRX,No,82.56,Female,0,No,Yes,22,Yes,Yes,Fiber optic,No,No,No,Yes,No,No,Two year,No,Credit card (automatic),1872.11
MW-34293-SWUJ,No,92.34,Female,0,No,No,56,Yes,No,Fiber optic,No,Yes,Yes,Yes,No,No,Two year,No,Credit card (automatic),5147.18
MW-79477-NDWS,No,60.75,Male,0,No,No,50,Yes,No,DSL,No,Yes,No,No,No,No,One year,Yes,Mailed check,3029.41
MW-89272-QRSF,No,52.11,Female,0,Yes,No,10,Yes,Yes,Fiber optic,No,No,No,Yes,Yes,Yes,Month-to-month,Yes,Credit card (automatic),512.56
MW-53245-QQSZ,Yes,113.0,Female,0,Yes,No,51,Yes,Yes,Fiber optic,No,No,No,No,Yes,Yes,One year,No,Electronic check,5794.62
MW-17480-JEZK,Yes,18.0,Male,0,No,Yes,54,Yes,No,DSL,No,No,No,No,Yes,No,Month-to-month,No,Bank transfer (automatic),962.99
MW-80109-GKUF,No,65.88,Male,1,Yes,No,28,Yes,No,No,No internet service,No internet service,No internet service,No internet service,No internet service,No internet service,One year,Yes,Credit card (automatic),1851.27
MW-57969-AUNS,Yes,76.9,Female,0,Yes,No,67,Yes,Yes,DSL,No,No,No,No,No,Yes,Month-to-month,Yes,Mailed check,5143.86
MW-63555-GFMW,No,120.0,Female,0,Yes,No,46,Yes,Yes,No,No internet service,No internet service,No internet service,No internet service,No internet service,No internet service,One year,No,Credit card (automatic),5504.4
MW-20843-TLDP,No,18.0,Male,0,Yes,No,24,Yes,No,DSL,No,Yes,No,No,Yes,No,Two year,No,Electronic check,440.56
MW-63387-BSLW,Yes,51.4,Female,0,Yes,No,0,Yes,No,DSL,Yes,No,Yes,Yes,Yes,Yes,Month-to-month,No,Electronic check,0.0
MW-60717-ZFCQ,No,23.27,Male,0,No,No,49,Yes,No,DSL,No,Yes,No,No,Yes,Yes,Month-to-month,No,Mailed check,1143.34
MW-58192-BSXX,No,18.0,Male,1,Yes,Yes,15,Yes,Yes,Fiber optic,No,No,No,No,No,No,One year,Yes,Credit card (automatic),279.4
MW-76532-UUGX,No,57.86,Male,0,No,Yes,55,Yes,No,Fiber optic,No,No,Yes,No,No,No,Month-to-month,No,Electronic check,3210.9
MW-62184-UBQL,No,88.99,Female,0,Yes,No,38,Yes,No,DSL,Yes,No,Yes,No,No,No,Month-to-month,Yes,Credit card (automatic),3362.69
MW-92916-DHYM,Yes,100.18,Male,0,Yes,No,34,Yes,Yes,Fiber optic,Yes,No,No,Yes,Yes,No,Month-to-month,Yes,Electronic check,3403.83
MW-32016-DVFM,No,48.04,Male,0,No,Yes,11,Yes,Yes,Fiber optic,No,No,No,No,No,Yes,Month-to-month,Yes,Bank transfer (automatic),526.77
MW-21927-DAZS,No,84.0,Male,0,Yes,No,51,Yes,Yes,DSL,No,No,No,No,Yes,No,One year,Yes,Bank transfer (automatic),4284.01
MW-26110-QAQC,Yes,58.07,Female,0,No,Yes,12,Yes,No,DSL,Yes,Yes,No,No,No,Yes,One year,Yes,Electronic check,735.37
MW-98092-DTNV,No,80.7,Female,0,No,No,30,No,No phone service,DSL,Yes,Yes,No,Yes,Yes,No,Month-to-month,Yes,Bank transfer (automatic),2418.4
MW-54276-JHVP,Yes,98.63,Female,0,No,No,61,Yes,Yes,DSL,Yes,Yes,No,No,No,Yes,Month-to-month,Yes,Bank transfer (automatic),5978.62
MW-35884-XPEB,Yes,58.17,Female,0,Yes,No,67,Yes,Yes,DSL,No,No,Yes,No,Yes,Yes,Month-to-month,No,Mailed check,3894.41
MW-35988-FPRA,No,96.31,Male,1,Yes,No,72,Yes,No,Fiber optic,Yes,Yes,No,No,No,Yes,Month-to-month,No,Electronic check,6932.54
MW-54127-GVKT,Yes,27.61,Male,0,No,No,69,Yes,Yes,Fiber optic,No,No,Yes,No,Yes,No,One year,No,Electronic check,1901.47
MW-84972-JGSG,No,83.7,Female,1,Yes,Yes,40,Yes,Yes,No,No internet service,No internet service,No internet service,No internet service,No internet service,No internet service,Month-to-month,No,Credit card (automatic),3337.22
MW-98939-REUY,No,95.01,Male,0,Yes,No,14,Yes,No,Fiber optic,No,No,No,No,Yes,No,Month-to-month,No,Bank transfer (automatic),1310.32
MW-99236-XWAW,No,91.91,Female,0,No,No,61,Yes,No,Fiber optic,No,No,No,Yes,No,Yes,Two year,No,Credit card (automatic),5638.9
MW-45575-QMVV,Yes,28.45,Female,0,Yes,No,58,Yes,No,DSL,No,No,Yes,Yes,No,No,Month-to-month,Yes,Bank transfer (automatic),1654.87
MW-82809-YQSH,No,57.83,Male,1,No,Yes,72,Yes,No,DSL,No,No,No,No,Yes,No,One year,Yes,Credit card (automatic),4160.88
MW-24890-SLRK,Yes,73.07,Female,0,No,Yes,47,Yes,No,Fiber optic,No,Yes,Yes,No,No,Yes,Month-to-month,No,Electronic check,3466.2
MW-38550-EJJF,No,77.29,Female,0,No,No,10,Yes,Yes,DSL,No,No,No,Yes,Yes,No,Month-to-month,Yes,Mailed check,759.87
MW-95381-CKNQ,Yes,67.48,Male,0,Yes,No,36,Yes,No,DSL,No,No,Yes,No,Yes,No,Month-to-month,No,Bank transfer (automatic),2438.32
MW-44855-QEDD,No,106.88,Male,1,No,No,32,No,No phone service,No,No internet service,No internet service,No internet service,No internet service,No internet service,No internet service,One year,No,Electronic check,3401.42
MW-66467-SSNN,No,25.13,Male,0,No,Yes,61,Yes,No,DSL,Yes,No,No,No,No,No,Two year,Yes,Electronic check,1544.19
MW-81892-RJTX,No,56.79,Male,1,No,No,28,Yes,Yes,DSL,Yes,Yes,Yes,Yes,No,No,Month-to-month,Yes,Bank transfer (automatic),1573.1
MW-73330-FMHH,Yes,18.0,Female,0,No,No,23,Yes,Yes,No,No internet service,No internet service,No internet service,No internet service,No internet service,No internet service,Month-to-month,Yes,Credit card (automatic),421.06
MW-18250-KFJH,Yes,82.64,Male,0,No,No,5,Yes,Yes,DSL,No,No,Yes,No,No,No,Month-to-month,No,Bank transfer (automatic),442.5
MW-59531-VGCW,No,80.64,Female,0,Yes,No,60,Yes,Yes,Fiber optic,Yes,No,Yes,No,No,No,One year,No,Electronic check,4839.8
MW-84573-XXEK,No,120.0,Female,0,Yes,No,55,No,No phone service,DSL,No,No,No,No,Yes,No,One year,Yes,Credit card (automatic),6567.11
MW-54921-GGYD,No,94.79,Male,0,Yes,No,3,No,No phone service,Fiber optic,No,Yes,No,No,No,Yes,One year,Yes,Electronic check,284.91
MW-13898-QTBX,No,73.94,Male,0,Yes,Yes,31,Yes,No,No,No internet service,No internet service,No internet service,No internet service,No internet service,No internet service,Two year,No,Electronic check,2299.35
MW-53785-FKNW,Yes,71.65,Male,0,Yes,No,35,Yes,Yes,Fiber optic,No,No,Yes,Yes,Yes,No,Month-to-month,Yes,Credit card (automatic),2521.26
MW-84884-ZFKQ,Yes,54.5,Female,0,Yes,No,34,Yes,No,Fiber optic,Yes,Yes,No,No,Yes,Yes,One year,Yes,Credit card (automatic),1875.1
MW-19882-KBUP,No,67.91,Female,0,Yes,Yes,67,No,No phone service,DSL,Yes,No,Yes,No,Yes,Yes,One year,No,Credit card (automatic),4572.84
MW-90383-DRXR,No,72.29,Female,1,Yes,No,10,Yes,Yes,Fiber optic,No,No,No,Yes,Yes,No,Month-to-month,Yes,Credit card (automatic),720.94
MW-24047-MUGC,No,18.0,Female,0,No,No,22,Yes,No,Fiber optic,No,No,No,No,Yes,Yes,Two year,No,Bank transfer (automatic),386.11
MW-86145-MGMS,No,69.91,Female,0,Yes,Yes,13,Yes,No,DSL,Yes,Yes,No,Yes,Yes,Yes,Month-to-month,Yes,Electronic check,892.05
MW-99166-WQQY,Yes,67.03,Male,0,No,No,17,Yes,Yes,DSL,No,Yes,No,Yes,Yes,Yes,One year,No,Electronic check,1131.41
MW-45511-XUXM,No,116.62,Male,1,No,No,66,Yes,No,Fiber optic,No,No,No,Yes,Yes,No,One year,No,Credit card (automatic),7704.07
MW-59061-UNQR,No,60.05,Female,0,No,No,68,Yes,No,No,No internet service,No internet service,No internet service,No internet service,No internet service,No internet service,Two year,No,Credit card (automatic),4063.17
MW-17459-BAYJ,No,41.03,Male,0,Yes,No,3,Yes,Yes,No,No internet service,No internet service,No internet service,No internet service,No internet service,No internet service,Month-to-month,No,Mailed check,109.19
MW-79072-BCAF,Yes,72.06,Male,0,Yes,No,46,Yes,No,No,No internet service,No internet service,No internet service,No internet service,No internet service,No internet service,Month-to-month,No,Mailed check,3323.19
MW-15723-TVBP,No,66.23,Male,0,No,Yes,16,Yes,No,Fiber optic,No,No,No,Yes,Yes,No,Two year,No,Electronic check,1049.98
MW-20386-RWXX,No,60.08,Female,0,No,No,14,Yes,Yes,Fiber optic,No,No,Yes,Yes,Yes,No,One year,Yes,Electronic check,846.67
MW-49019-TVTU,Yes,25.63,Female,0,Yes,No,21,Yes,Yes,No,No internet service,No internet service,No internet service,No internet service,No internet service,No internet service,Month-to-month,No,Credit card (automatic),526.02
MW-96748-XDCG,Yes,59.32,Male,0,No,No,14,Yes,Yes,DSL,No,No,No,No,Yes,No,One year,Yes,Electronic check,834.8
MW-21567-YSMH,No,46.62,Male,0,No,Yes,35,Yes,No,Fiber optic,Yes,Yes,Yes,No,No,Yes,Month-to-month,No,Mailed check,1620.12
MW-64306-EKYY,No,57.51,Female,0,No,Yes,72,Yes,No,DSL,No,No,No,No,No,Yes,One year,Yes,Credit card (automatic),4112.19
MW-37820-ZSQC,No,85.96,Male,0,No,Yes,42,No,No phone service,No,No internet service,No internet service,No internet service,No internet service,No internet service,No internet service,Two year,Yes,Bank transfer (automatic),3624.66
MW-10471-QTLV,No,43.76,Female,0,No,No,52,Yes,No,No,No internet service,No internet service,No internet service,No internet service,No internet service,No internet service,Month-to-month,Yes,Mailed check,2265.08
MW-73354-QXCS,Yes,57.36,Male,0,Yes,No,36,Yes,No,No,No internet service,No internet service,No internet service,No internet service,No internet service,No internet service,Month-to-month,Yes,Electronic check,2061.23
MW-65112-JCHU,Yes,80.24,Male,1,Yes,No,1,Yes,No,DSL,Yes,Yes,No,No,Yes,Yes,Two year,Yes,Electronic check,69.87
MW-23586-EREL,No,55.92,Male,0,Yes,Yes,6,Yes,Yes,No,No internet service,No internet service,No internet service,No internet service,No internet service,No internet service,Two year,No,Electronic check,343.69
MW-84804-DUWN,No,120.0,Male,0,Yes,No,19,Yes,No,DSL,No,No,Yes,Yes,No,No,Two year,No,Electronic check,2285.0
MW-74906-KYYY,Yes,71.47,Male,0,No,No,17,Yes,No,DSL,No,No,No,No,No,No,Month-to-month,Yes,Electronic check,1223.12
MW-58081-UFDL,No,26.74,Male,0,Yes,Yes,61,Yes,Yes,Fiber optic,No,No,No,No,Yes,No,Two year,No,Electronic check,1622.9
MW-20449-PEDH,Yes,38.82,Male,0,No,Yes,61,Yes,Yes,No,No internet service,No internet service,No internet service,No internet service,No internet service,No internet service,Month-to-month,Yes,Electronic check,2367.27
MW-11189-JFMN,Yes,35.8,Female,1,No,Yes,62,Yes,No,No,No internet service,No internet service,No internet service,No internet service,No internet service,No internet service,Month-to-month,No,Electronic check,2225.86
MW-27680-CAAU,Yes,39.25,Female,0,Yes,No,46,Yes,Yes,DSL,No,No,Yes,No,No,No,Month-to-month,Yes,Credit card (automatic),1828.68
MW-13423-VDYG,No,80.11,Female,0,Yes,No,40,Yes,No,Fiber optic,No,Yes,Yes,No,No,No,Two year,No,Electronic check,3209.0
MW-73962-XEVJ,No,30.8,Female,0,No,No,47,Yes,No,Fiber optic,No,No,Yes,No,No,Yes,Two year,Yes,Mailed check,1432.55
MW-57890-UBPW,No,54.06,Female,0,No,No,29,No,No phone service,DSL,Yes,No,No,No,No,No,One year,Yes,Credit card (automatic),1571.76
MW-77537-DKXY,No,98.28,Male,0,No,No,48,Yes,No,No,No internet service,No internet service,No internet service,No internet service,No internet service,No internet service,One year,No,Electronic check,4714.97
MW-69034-NBYE,No,48.41,Female,0,No,No,57,Yes,No,DSL,No,Yes,Yes,No,No,No,Month-to-month,No,Mailed check,2729.39
MW-81340-KWCM,No,84.14,Female,0,Yes,No,55,Yes,No,DSL,Yes,No,No,No,Yes,No,Month-to-month,No,Credit card (automatic),4600.02
MW-88979-QBMB,No,18.0,Female,1,No,Yes,44,Yes,No,Fiber optic,No,Yes,Yes,No,No,No,Month-to-month,Yes,Bank transfer (automatic),791.0
MW-99511-RXEG,Yes,52.88,Male,0,Yes,No,4,Yes,Yes,Fiber optic,Yes,No,No,Yes,No,Yes,Month-to-month,No,Electronic check,211.79
MW-14187-DKAX,No,37.42,Female,0,No,No,52,No,No phone service,No,No internet service,No internet service,No internet service,No internet service,No internet service,No internet service,Month-to-month,No,Bank transfer (automatic),1941.42
MW-62301-CSHU,No,72.99,Female,1,Yes,Yes,26,Yes,No,DSL,Yes,Yes,No,No,No,No,Two year,No,Bank transfer (automatic),1911.0
MW-44995-BMCS,No,32.96,Female,0,No,No,54,Yes,Yes,DSL,No,No,Yes,No,No,No,One year,No,Mailed check,1765.81
MW-98987-EQKE,No,120.0,Male,0,No,Yes,39,Yes,No,No,No internet service,No internet service,No internet service,No internet service,No internet service,No internet service,Two year,No,Electronic check,4659.21
MW-96961-EPFY,No,18.0,Female,0,Yes,No,64,Yes,Yes,Fiber optic,Yes,Yes,No,Yes,No,No,Month-to-month,Yes,Electronic check,1139.61
MW-17833-UJKM,No,98.07,Female,0,Yes,No,24,Yes,No,Fiber optic,No,No,No,No,No,Yes,Month-to-month,Yes,Credit card (automatic),2344.53
MW-27701-VKKS,No,90.35,Female,0,No,Yes,67,No,No phone service,DSL,No,No,Yes,Yes,No,No,Month-to-month,Yes,Electronic check,6052.58
MW-82585-GRKM,No,73.3,Male,0,Yes,No,61,Yes,Yes,No,No internet service,No internet service,No internet service,No internet service,No internet service,No internet service,Month-to-month,Yes,Electronic check,4459.34
MW-71162-UBRG,Yes,65.63,Male,0,Yes,No,24,No,No phone service,Fiber optic,No,Yes,No,Yes,No,No,Month-to-month,No,Mailed check,1542.99
MW-65727-AHUT,Yes,119.65,Female,0,Yes,Yes,35,Yes,No,DSL,Yes,No,No,Yes,No,Yes,Month-to-month,Yes,Credit card (automatic),4149.21
MW-64607-GKWK,Yes,120.0,Female,0,Yes,Yes,38,Yes,No,DSL,No,Yes,Yes,No,No,No,Month-to-month,No,Electronic check,4561.85
MW-59587-GLUL,No,57.78,Male,0,Yes,Yes,56,Yes,No,DSL,No,Yes,Yes,Yes,Yes,Yes,One year,No,Electronic check,3218.74
MW-54464-NTWS,No,68.73,Male,0,Yes,No,50,Yes,Yes,DSL,Yes,No,No,No,Yes,No,Month-to-month,No,Mailed check,3406.42
MW-58305-KUUE,Yes,47.43,Female,1,No,No,62,Yes,Yes,DSL,No,No,Yes,No,No,No,Month-to-month,Yes,Bank transfer (automatic),2950.03
MW-11467-STHH,No,28.92,Male,0,Yes,No,27,Yes,Yes,DSL,No,Yes,No,Yes,No,No,Month-to-month,Yes,Mailed check,804.02
MW-12436-SAGR,Yes,77.89,Male,0,Yes,No,36,Yes,No,DSL,No,No,Yes,Yes,Yes,No,Month-to-month,Yes,Credit card (automatic),2802.62
MW-25863-LADC,Yes,71.49,Male,0,Yes,No,31,Yes,No,Fiber optic,No,No,No,Yes,No,Yes,Month-to-month,No,Electronic check,2220.22
MW-72622-NAUQ,No,18.0,Female,0,Yes,Yes,66,Yes,Yes,Fiber optic,Yes,No,Yes,No,Yes,Yes,Month-to-month,No,Mailed check,1192.15
MW-11619-NEEV,No,77.68,Male,0,No,Yes,22,Yes,No,Fiber optic,No,No,No,No,No,No,One year,No,Mailed check,1674.26
MW-17161-QJFJ,Yes,72.49,Female,0,No,No,42,Yes,No,No,No internet service,No internet service,No internet service,No internet service,No internet service,No internet service,Month-to-month,Yes,Mailed check,3057.91
MW-44882-HNGU,No,45.96,Male,0,Yes,No,8,Yes,Yes,DSL,Yes,No,No,No,No,No,Two year,Yes,Mailed check,386.28
MW-25696-BSAE,Yes,44.0,Male,0,No,Yes,62,Yes,No,No,No internet service,No internet service,No internet service,No internet service,No internet service,No internet service,Month-to-month,No,Credit card (automatic),2755.55
MW-54673-YUZN,Yes,76.71,Female,0,Yes,No,28,Yes,No,No,No internet service,No internet service,No internet service,No internet service,No internet service,No internet service,Month-to-month,No,Electronic check,2141.32
MW-24827-DZUN,Yes,112.27,Male,0,No,No,24,Yes,No,No,No internet service,No internet service,No internet service,No internet service,No internet service,No internet service,Month-to-month,No,Bank transfer (automatic),2677.45
MW-30668-UGUU,No,75.95,Male,0,Yes,Yes,42,Yes,Yes,DSL,Yes,Yes,Yes,No,Yes,No,Month-to-month,Yes,Electronic check,3210.28
MW-61897-DAWT,No,87.41,Female,0,No,No,36,Yes,Yes,DSL,Yes,No,No,Yes,No,Yes,Month-to-month,No,Bank transfer (automatic),3154.24
MW-43971-HPAE,No,39.03,Male,0,Yes,No,61,Yes,No,Fiber optic,Yes,No,No,Yes,Yes,No,Two year,Yes,Mailed check,2393.95
MW-14135-CADB,No,51.57,Male,0,Yes,No,38,Yes,Yes,DSL,No,No,No,No,Yes,Yes,Month-to-month,No,Bank transfer (automatic),1949.95
MW-88686-YBDM,No,82.24,Female,1,Yes,No,37,Yes,No,DSL,No,Yes,Yes,Yes,Yes,No,One year,No,Electronic check,3046.95
MW-47548-QSCD,Yes,23.25,Male,0,Yes,Yes,7,Yes,Yes,DSL,No,No,No,No,No,Yes,Month-to-month,Yes,Credit card (automatic),146.95
MW-44274-ADEV,Yes,70.22,Female,0,No,No,1,Yes,Yes,Fiber optic,Yes,Yes,No,No,No,No,Month-to-month,Yes,Credit card (automatic),70.14
MW-76050-QFCV,Yes,78.8,Female,0,No,Yes,29,No,No phone service,No,No internet service,No internet service,No internet service,No internet service,No internet service,No internet service,Month-to-month,Yes,Credit card (automatic),2279.98
MW-29137-TCPW,Yes,62.84,Female,0,No,No,72,No,No phone service,DSL,No,Yes,Yes,No,Yes,No,Month-to-month,Yes,Credit card (automatic),4559.63
MW-49311-GTKD,Yes,73.58,Female,0,Yes,Yes,66,Yes,No,No,No internet service,No internet service,No internet service,No internet service,No internet service,No internet service,Month-to-month,Yes,Electronic check,4864.51
MW-38747-GJAH,No,65.73,Female,0,Yes,No,45,No,No phone service,No,No internet service,No internet service,No internet service,No internet service,No internet service,No internet service,Two year,No,Mailed check,2925.57
MW-52394-ZDAK,No,45.34,Male,0,Yes,No,46,Yes,No,DSL,No,Yes,No,Yes,No,Yes,One year,Yes,Electronic check,2085.62
MW-76044-ZSNT,No,28.66,Male,0,No,Yes,28,No,No phone service,Fiber optic,No,No,Yes,Yes,No,Yes,Two year,No,Credit card (automatic),808.0
MW-94207-AEWT,Yes,61.29,Male,0,Yes,No,12,Yes,Yes,DSL,Yes,No,Yes,Yes,No,No,Month-to-month,No,Electronic check,728.37
MW-14299-MGFB,Yes,103.14,Male,0,No,No,0,Yes,No,No,No internet service,No internet service,No internet service,No internet service,No internet service,No internet service,One year,Yes,Electronic check,0.0
MW-86267-XEVJ,No,94.73,Male,0,No,No,24,Yes,Yes,Fiber optic,Yes,Yes,No,No,Yes,No,One year,No,Bank transfer (automatic),2283.43
MW-85865-XANC,No,53.64,Male,0,Yes,Yes,23,Yes,Yes,Fiber optic,Yes,No,No,Yes,Yes,Yes,One year,No,Electronic check,1219.3
MW-27770-AJRY,No,53.02,Female,0,No,No,13,Yes,Yes,Fiber optic,No,Yes,No,No,No,No,Two year,Yes,Bank transfer (automatic),697.89
MW-87008-DRVY,Yes,50.81,Female,1,No,Yes,18,Yes,No,DSL,Yes,Yes,No,No,Yes,No,One year,Yes,Electronic check,898.89
MW-39828-GAYW,No,50.81,Male,0,Yes,No,1,Yes,Yes,No,No internet service,No internet service,No internet service,No internet service,No internet service,No internet service,Two year,No,Bank transfer (automatic),42.8
MW-20300-GDNF,Yes,72.63,Male,0,No,No,44,No,No phone service,No,No internet service,No internet service,No internet service,No internet service,No internet service,No internet service,One year,No,Credit card (automatic),3210.06
MW-75501-PCYK,No,95.72,Male,0,No,Yes,67,Yes,Yes,Fiber optic,No,Yes,No,No,No,Yes,Month-to-month,Yes,Bank transfer (automatic),6420.58
MW-90633-DERT,Yes,120.0,Female,0,Yes,Yes,50,Yes,Yes,Fiber optic,No,No,No,No,No,Yes,One year,Yes,Electronic check,6000.47
MW-56746-CUYG,Yes,39.1,Female,0,Yes,Yes,32,Yes,No,DSL,Yes,Yes,No,No,No,Yes,Month-to-month,Yes,Electronic check,1250.75
MW-27351-QVYD,No,83.54,Male,1,No,No,30,No,No phone service,DSL,Yes,No,Yes,No,No,No,Two year,No,Electronic check,2507.56
MW-39665-XAPD,No,80.27,Female,0,Yes,Yes,22,Yes,No,DSL,Yes,Yes,Yes,No,No,Yes,Two year,Yes,Electronic check,1754.07
MW-53826-CFDB,Yes,54.11,Male,0,No,No,10,Yes,Yes,Fiber optic,No,Yes,Yes,Yes,No,Yes,Month-to-month,No,Bank transfer (automatic),518.35
MW-18033-HCKH,No,33.22,Male,1,No,No,43,Yes,No,No,No internet service,No internet service,No internet service,No internet service,No internet service,No internet service,Month-to-month,Yes,Mailed check,1437.0
MW-41424-NWDW,Yes,72.26,Female,0,No,No,41,Yes,Yes,No,No internet service,No internet service,No internet service,No internet service,No internet service,No internet service,Month-to-month,Yes,Electronic check,2985.61
MW-27737-NZKC,Yes,120.0,Male,0,No,No,0,Yes,Yes,DSL,Yes,Yes,No,Yes,No,No,Month-to-month,Yes,Electronic check,9.06
MW-83019-FAWP,Yes,72.07,Female,0,No,No,30,Yes,Yes,DSL,No,No,No,No,No,No,Month-to-month,Yes,Credit card (automatic),2165.91
MW-51491-XQYF,No,40.38,Female,0,Yes,Yes,20,Yes,No,DSL,No,Yes,Yes,No,No,No,One year,Yes,Electronic check,789.47
MW-54646-HVVY,Yes,59.28,Male,0,No,Yes,12,Yes,Yes,No,No internet service,No internet service,No internet service,No internet service,No internet service,No internet service,One year,No,Electronic check,724.52
MW-56445-XHSY,No,29.79,Female,0,Yes,No,51,Yes,No,Fiber optic,Yes,No,Yes,No,No,Yes,Two year,No,Mailed check,1526.51
MW-53736-GCNM,No,64.56,Female,0,No,No,38,Yes,Yes,Fiber optic,No,No,No,No,Yes,No,Month-to-month,Yes,Electronic check,2464.68
MW-65731-SELQ,Yes,84.5,Female,0,Yes,No,46,No,No phone service,Fiber optic,No,No,Yes,No,Yes,No,Month-to-month,No,Credit card (automatic),3902.51
MW-18400-PBCN,Yes,43.22,Male,0,No,No,52,Yes,No,Fiber optic,Yes,Yes,No,No,No,Yes,Month-to-month,Yes,Electronic check,2271.23
MW-26400-JEVL,No,18.0,Male,0,No,Yes,71,Yes,No,DSL,No,No,No,Yes,No,No,Two year,Yes,Bank transfer (automatic),1261.28
MW-17491-PSTJ,No,72.31,Male,0,No,Yes,58,Yes,No,DSL,No,No,Yes,Yes,No,Yes,Month-to-month,Yes,Bank transfer (automatic),4174.65
MW-11607-ANFZ,No,48.95,Female,0,Yes,No,45,Yes,Yes,DSL,No,No,No,Yes,Yes,Yes,Month-to-month,Yes,Credit card (automatic),2204.97
MW-87322-XXUZ,No,41.48,Male,0,Yes,Yes,64,Yes,No,DSL,No,Yes,No,Yes,No,No,Month-to-month,No,Bank transfer (automatic),2640.88
MW-97779-YEQM,No,41.22,Female,1,No,No,34,No,No phone service,Fiber optic,No,Yes,No,Yes,No,Yes,Two year,Yes,Bank transfer (automatic),1385.04
MW-91478-AUCY,No,76.01,Female,0,Yes,No,71,Yes,Yes,DSL,No,No,No,No,Yes,No,Month-to-month,No,Mailed check,5415.01
MW-87199-SFAZ,Yes,51.76,Female,0,No,No,55,Yes,No,Fiber optic,Yes,Yes,Yes,No,No,No,One year,Yes,Mailed check,2831.66
MW-74636-VLVU,No,91.91,Male,1,No,No,47,Yes,No,Fiber optic,No,No,No,Yes,No,No,One year,No,Bank transfer (automatic),4319.6
MW-54710-QNBH,No,92.57,Male,0,Yes,No,65,Yes,No,Fiber optic,No,No,No,No,No,No,One year,Yes,Bank transfer (automatic),5992.58
MW-19870-HCTD,No,55.88,Female,0,Yes,No,37,Yes,No,No,No internet service,No internet service,No internet service,No internet service,No internet service,No internet service,Month-to-month,No,Mailed check,2068.51
MW-59689-GRNP,Yes,48.37,Male,0,Yes,No,52,Yes,No,DSL,Yes,No,No,No,No,No,Month-to-month,Yes,Electronic check,2532.98
MW-67530-WLQR,Yes,67.83,Female,0,No,Yes,20,Yes,Yes,Fiber optic,No,Yes,No,No,No,No,Month-to-month,Yes,Electronic check,1374.8
MW-96689-DNPD,Yes,59.64,Female,0,No,Yes,70,Yes,No,DSL,Yes,No,No,No,No,No,Month-to-month,Yes,Mailed check,4190.47
MW-58427-DGLL,No,18.0,Female,0,No,No,45,Yes,No,Fiber optic,No,No,No,No,No,No,One year,No,Electronic check,808.82
MW-96683-FKGX,No,120.0,Male,1,No,Yes,57,Yes,No,Fiber optic,No,No,No,Yes,Yes,No,Month-to-month,Yes,Mailed check,6856.67
MW-70028-RYRN,No,85.43,Male,0,Yes,Yes,33,Yes,Yes,DSL,Yes,Yes,No,No,No,Yes,Month-to-month,No,Electronic check,2825.64
MW-93670-MGEV,Yes,50.1,Male,0,Yes,No,63,Yes,No,DSL,Yes,No,Yes,No,Yes,Yes,Month-to-month,No,Bank transfer (automatic),3149.72
MW-43611-KELM,No,18.0,Female,1,No,No,5,Yes,No,Fiber optic,No,No,No,No,No,No,One year,No,Bank transfer (automatic),95.73
MW-46905-SZZW,Yes,58.59,Male,1,Yes,No,8,Yes,No,Fiber optic,No,No,No,No,Yes,No,Month-to-month,Yes,Bank transfer (automatic),482.01
MW-15306-VYTC,No,46.36,Male,0,Yes,No,37,Yes,Yes,Fiber optic,Yes,No,No,Yes,No,Yes,One year,No,Bank transfer (automatic),1695.4
MW-24875-FMUU,Yes,62.18,Male,0,Yes,No,53,Yes,Yes,Fiber optic,No,No,Yes,No,Yes,No,Month-to-month,Yes,Electronic check,3279.63
MW-57642-XDQU,No,18.0,Female,0,No,No,59,Yes,No,Fiber optic,No,No,No,No,Yes,No,Two year,Yes,Electronic check,1059.85
MW-69095-KJRX,No,49.83,Female,0,Yes,No,32,Yes,No,Fiber optic,No,No,No,Yes,Yes,No,One year,Yes,Bank transfer (automatic),1576.23
MW-24031-LLBG,No,51.66,Male,1,No,Yes,47,Yes,No,DSL,Yes,No,No,No,No,Yes,Month-to-month,No,Credit card (automatic),2409.48
MW-98843-BYWT,No,58.23,Male,0,Yes,No,40,Yes,Yes,Fiber optic,No,Yes,Yes,Yes,Yes,Yes,Month-to-month,Yes,Bank transfer (automatic),2322.89
MW-57665-FMAZ,No,56.91,Female,1,No,No,70,Yes,No,Fiber optic,Yes,Yes,No,Yes,No,No,Month-to-month,Yes,Bank transfer (automatic),3998.58
MW-79658-BQMQ,No,65.57,Male,0,No,No,47,Yes,No,No,No internet service,No internet service,No internet service,No internet service,No internet service,No internet service,Month-to-month,No,Bank transfer (automatic),3096.39
MW-69760-BJVW,Yes,109.64,Female,0,Yes,No,30,Yes,No,Fiber optic,No,Yes,Yes,No,No,Yes,Month-to-month,Yes,Bank transfer (automatic),3294.02
MW-16906-KQVQ,No,48.55,Female,0,No,No,70,Yes,No,Fiber optic,Yes,Yes,No,No,No,No,Two year,No,Bank transfer (automatic),3401.2
MW-98253-LYZG,No,36.67,Male,0,No,No,7,Yes,Yes,No,No internet service,No internet service,No internet service,No internet service,No internet service,No internet service,One year,Yes,Bank transfer (automatic),288.0
MW-93745-BUCV,No,18.0,Female,0,Yes,No,71,Yes,Yes,No,No internet service,No internet service,No internet service,No internet service,No internet service,No internet service,Month-to-month,No,Electronic check,1269.91
MW-21534-UBPT,No,48.67,Female,1,Yes,Yes,11,Yes,Yes,DSL,No,Yes,Yes,Yes,No,No,One year,No,Electronic check,538.99
MW-17604-BVCN,Yes,21.96,Female,0,Yes,No,21,No,No phone service,No,No internet service,No internet service,No internet service,No internet service,No internet service,No internet service,Month-to-month,Yes,Mailed check,452.33
MW-19247-ACTB,Yes,92.8,Female,1,No,No,59,Yes,Yes,DSL,Yes,Yes,No,Yes,Yes,No,Two year,Yes,Mailed check,5455.89
MW-95830-XARJ,No,61.12,Male,0,Yes,No,53,Yes,Yes,No,No internet service,No internet service,No internet service,No internet service,No internet service,No internet service,Month-to-month,No,Bank transfer (automatic),3257.13
MW-73537-QQRP,No,92.18,Male,0,No,No,70,Yes,Yes,DSL,Yes,Yes,Yes,Yes,No,No,One year,No,Electronic check,6448.02
MW-52377-YNWL,No,107.97,Female,0,No,No,54,Yes,Yes,Fiber optic,No,Yes,No,No,Yes,No,One year,Yes,Electronic check,5840.8
MW-14872-QSKX,No,38.05,Male,0,Yes,No,46,Yes,No,No,No internet service,No internet service,No internet service,No internet service,No internet service,No internet service,Month-to-month,Yes,Credit card (automatic),1746.61
MW-17446-GVET,Yes,53.58,Male,0,Yes,No,25,Yes,No,DSL,Yes,No,No,Yes,No,No,Month-to-month,Yes,Electronic check,1358.2
MW-91703-VHGY,No,103.95,Female,0,Yes,Yes,0,Yes,Yes,No,No internet service,No internet service,No internet service,No internet service,No internet service,No internet service,Month-to-month,Yes,Credit card (automatic),0.0
MW-21729-RWYY,No,69.68,Female,0,Yes,No,9,Yes,Yes,Fiber optic,No,No,Yes,Yes,No,Yes,Two year,No,Electronic check,644.58
MW-62866-VQYH,No,79.65,Male,0,Yes,No,21,Yes,Yes,DSL,No,Yes,No,No,Yes,No,Month-to-month,No,Mailed check,1686.06
MW-53918-PLJH,No,94.99,Male,0,No,Yes,2,Yes,No,No,No internet service,No internet service,No internet service,No internet service,No internet service,No internet service,One year,No,Mailed check,163.06
MW-15370-ZJCL,No,90.9,Female,1,No,Yes,37,Yes,Yes,Fiber optic,No,No,No,No,Yes,No,One year,Yes,Electronic check,3355.55
MW-70508-JYUM,No,76.31,Female,0,Yes,No,56,Yes,No,No,No internet service,No internet service,No internet service,No internet service,No internet service,No internet service,Two year,No,Electronic check,4288.67
MW-26432-VKFR,Yes,105.89,Female,0,Yes,No,70,Yes,Yes,No,No internet service,No internet service,No internet service,No internet service,No internet service,No internet service,Month-to-month,No,Electronic check,7436.86
MW-98654-QGEA,Yes,61.95,Male,0,No,No,35,Yes,No,DSL,No,No,No,Yes,No,No,Month-to-month,No,Electronic check,2178.98
MW-87768-KTVH,No,79.58,Female,0,Yes,Yes,63,Yes,No,DSL,Yes,No,Yes,No,No,No,One year,Yes,Electronic check,5007.59
MW-25846-RFEN,No,58.7,Female,0,No,No,71,Yes,No,DSL,No,Yes,No,No,Yes,No,Month-to-month,No,Credit card (automatic),4153.17
MW-35179-HDFG,No,94.62,Male,0,No,No,62,Yes,Yes,Fiber optic,Yes,No,No,No,No,Yes,Two year,Yes,Electronic check,5874.94
MW-57411-HNWZ,Yes,42.98,Male,0,No,Yes,33,Yes,Yes,DSL,No,No,No,No,Yes,Yes,Month-to-month,No,Mailed check,1411.95
MW-12066-PFEM,Yes,18.0,Male,0,No,No,23,No,No phone service,Fiber optic,No,No,No,No,Yes,No,Month-to-month,Yes,Electronic check,408.25
MW-48561-SNDT,No,83.65,Male,0,No,No,71,Yes,Yes,No,No internet service,No internet service,No internet service,No internet service,No internet service,No internet service,Two year,No,Credit card (automatic),5935.79
MW-15343-HNWT,No,33.4,Male,0,Yes,Yes,17,Yes,Yes,DSL,No,Yes,No,No,Yes,No,Month-to-month,Yes,Credit card (automatic),581.03
MW-92981-NWEG,No,30.42,Female,1,Yes,No,30,Yes,No,Fiber optic,No,No,No,Yes,No,Yes,Month-to-month,Yes,Credit card (automatic),939.7
MW-43866-GWWG,No,101.95,Male,0,No,No,5,Yes,No,Fiber optic,No,No,Yes,No,No,Yes,Month-to-month,No,Credit card (automatic),525.15
MW-89150-EVLR,No,92.99,Male,0,Yes,No,57,Yes,No,DSL,No,No,No,Yes,Yes,No,Month-to-month,Yes,Electronic check,5300.57
MW-45682-EPSM,No,53.72,Female,0,Yes,No,47,Yes,No,DSL,No,No,No,Yes,No,Yes,Two year,Yes,Bank transfer (automatic),2511.35
MW-33383-VPNF,No,18.0,Male,0,No,No,6,Yes,Yes,DSL,No,Yes,Yes,No,No,Yes,Month-to-month,Yes,Electronic check,118.01
MW-56765-SMRQ,No,80.0,Female,0,Yes,No,16,Yes,Yes,Fiber optic,Yes,No,No,No,No,Yes,Month-to-month,No,Credit card (automatic),1304.98
MW-30260-JKHK,No,83.88,Male,1,No,No,40,Yes,No,DSL,Yes,Yes,Yes,No,No,No,Month-to-month,Yes,Mailed check,3370.25
MW-36474-WJCV,No,79.5,Female,0,Yes,No,39,Yes,Yes,No,No internet service,No internet service,No internet service,No internet service,No internet service,No internet service,Two year,Yes,Mailed check,3103.62
MW-24925-FKEP,No,78.13,Male,0,No,No,58,Yes,No,No,No internet service,No internet service,No internet service,No internet service,No internet service,No internet service,Month-to-month,No,Credit card (automatic),4524.2
MW-74460-GZLA,No,58.56,Male,0,No,No,19,Yes,Yes,DSL,No,Yes,No,Yes,No,Yes,Two year,No,Credit card (automatic),1117.82
MW-53450-PFJY,No,51.69,Male,0,Yes,No,67,No,No phone service,No,No internet service,No internet service,No internet service,No internet service,No internet service,No internet service,Two year,Yes,Credit card (automatic),3480.55
MW-56418-ETSK,No,30.82,Female,1,Yes,No,32,Yes,Yes,No,No internet service,No internet service,No internet service,No internet service,No internet service,No internet service,Month-to-month,No,Electronic check,989.72
MW-11818-LCMN,No,43.08,Male,1,Yes,Yes,60,Yes,Yes,DSL,No,No,Yes,No,Yes,Yes,Two year,No,Electronic check,2583.25
MW-33592-QUYL,Yes,73.64,Male,0,No,No,17,Yes,Yes,No,No internet service,No internet service,No internet service,No internet service,No internet service,No internet service,One year,Yes,Electronic check,1241.57
MW-42437-XWHG,Yes,74.14,Female,0,Yes,Yes,2,No,No phone service,DSL,Yes,Yes,Yes,No,Yes,No,Month-to-month,No,Mailed check,187.12
MW-92086-NMJC,Yes,87.69,Female,0,Yes,No,4,Yes,No,Fiber optic,Yes,Yes,No,Yes,Yes,No,Month-to-month,Yes,Mailed check,337.4
MW-47897-VNEW,No,21.81,Female,1,Yes,Yes,27,Yes,Yes,DSL,No,Yes,No,No,No,No,Two year,Yes,Electronic check,574.12
MW-67403-YDNQ,No,18.0,Male,1,Yes,No,69,Yes,No,No,No internet service,No internet service,No internet service,No internet service,No internet service,No internet service,Two year,Yes,Credit card (automatic),1244.46
MW-31828-FHKJ,No,52.61,Female,1,Yes,Yes,3,Yes,No,No,No internet service,No internet service,No internet service,No internet service,No internet service,No internet service,One year,Yes,Electronic check,154.8
MW-59351-SARN,No,33.4,Female,0,No,No,26,Yes,No,No,No internet service,No internet service,No internet service,No internet service,No internet service,No internet service,Two year,Yes,Bank transfer (automatic),883.75
MW-65142-UZLD,No,69.58,Male,0,No,No,7,Yes,Yes,No,No internet service,No internet service,No internet service,No internet service,No internet service,No internet service,Month-to-month,Yes,Credit card (automatic),502.92
MW-41539-LFNF,No,24.7,Female,0,Yes,No,68,Yes,No,DSL,Yes,No,No,Yes,Yes,No,Two year,Yes,Bank transfer (automatic),1661.39
MW-86386-APHE,No,99.41,Male,0,No,Yes,49,Yes,No,Fiber optic,No,No,No,No,No,No,Two year,Yes,Mailed check,4859.76
MW-32901-AYWS,No,39.34,Male,0,Yes,No,55,Yes,No,DSL,Yes,Yes,No,No,Yes,Yes,Month-to-month,Yes,Electronic check,2150.57
MW-72476-JRNA,Yes,111.78,Female,0,Yes,Yes,52,No,No phone service,DSL,No,Yes,No,Yes,Yes,No,Month-to-month,No,Electronic check,5824.33
MW-12158-XMMV,Yes,79.73,Female,0,Yes,No,47,Yes,No,DSL,Yes,No,No,No,No,No,Month-to-month,No,Bank transfer (automatic),3753.74
MW-25887-TNWT,No,32.34,Female,0,No,Yes,56,Yes,Yes,No,No internet service,No internet service,No internet service,No internet service,No internet service,No internet service,Two year,No,Mailed check,1805.47
MW-45800-PSDY,Yes,120.0,Male,0,Yes,Yes,0,Yes,No,Fiber optic,Yes,No,Yes,No,No,No,Month-to-month,Yes,Electronic check,3.25
MW-36175-XJAV,No,71.96,Male,0,Yes,No,63,No,No phone service,DSL,No,No,No,Yes,Yes,Yes,One year,No,Credit card (automatic),4516.59
MW-50697-NGZP,No,68.98,Female,0,No,Yes,54,Yes,No,No,No internet service,No internet service,No internet service,No internet service,No internet service,No internet service,Month-to-month,No,Bank transfer (automatic),3713.78
MW-42753-EQUL,No,62.04,Female,1,Yes,No,53,No,No phone service,No,No internet service,No internet service,No internet service,No internet service,No internet service,No internet service,Month-to-month,No,Credit card (automatic),3268.62
MW-76096-SCGL,No,78.0,Female,1,No,Yes,28,Yes,No,DSL,No,Yes,Yes,Yes,No,No,One year,Yes,Mailed check,2186.18
MW-86192-CENM,No,79.76,Female,1,Yes,No,58,Yes,Yes,Fiber optic,No,No,No,No,No,No,Month-to-month,No,Credit card (automatic),4628.21
MW-52940-JAKM,No,38.05,Male,1,Yes,Yes,27,Yes,No,Fiber optic,Yes,Yes,No,Yes,No,Yes,Two year,No,Electronic check,1012.58
MW-89205-ZKNA,Yes,57.59,Female,0,No,No,3,Yes,Yes,Fiber optic,No,Yes,No,No,No,No,Month-to-month,Yes,Electronic check,179.09
MW-56412-EQMH,No,67.47,Female,0,Yes,Yes,66,Yes,Yes,Fiber optic,Yes,No,Yes,No,Yes,Yes,Two year,No,Credit card (automatic),4468.88
MW-22659-KPLX,No,81.48,Male,0,No,No,17,Yes,No,Fiber optic,No,No,No,Yes,Yes,Yes,Month-to-month,Yes,Credit card (automatic),1369.7
MW-64510-FWYN,No,81.99,Male,0,Yes,Yes,7,Yes,No,DSL,Yes,Yes,Yes,Yes,No,Yes,Two year,Yes,Mailed check,569.04
MW-65259-EMXN,Yes,68.94,Female,0,No,No,45,Yes,No,Fiber optic,No,No,No,No,Yes,No,One year,Yes,Electronic check,3110.0
MW-74042-RKPH,Yes,47.49,Male,0,No,No,17,Yes,Yes,DSL,No,No,Yes,No,No,Yes,Month-to-month,Yes,Electronic check,807.23
MW-29269-GDSX,No,45.95,Male,0,Yes,No,62,Yes,Yes,DSL,No,No,Yes,No,Yes,Yes,Month-to-month,Yes,Bank transfer (automatic),2828.32
MW-43111-JBKJ,No,28.26,Male,0,No,Yes,32,Yes,Yes,DSL,No,No,Yes,Yes,No,No,Month-to-month,Yes,Credit card (automatic),897.71
MW-68666-QDUB,No,81.78,Male,1,Yes,No,0,Yes,No,Fiber optic,No,Yes,Yes,No,No,No,One year,Yes,Mailed check,0.0
MW-56153-KEWL,No,45.52,Male,0,No,No,69,Yes,No,Fiber optic,No,No,No,Yes,No,Yes,Two year,Yes,Electronic check,3138.32
MW-62514-XPUX,No,58.25,Male,0,Yes,Yes,37,Yes,Yes,Fiber optic,No,No,No,No,Yes,Yes,Month-to-month,No,Bank transfer (automatic),2153.33
MW-16060-VSVV,Yes,71.13,Male,0,Yes,No,19,Yes,No,DSL,Yes,No,No,No,Yes,Yes,Month-to-month,Yes,Bank transfer (automatic),1374.96
MW-89285-SPNE,Yes,64.12,Female,0,No,No,49,Yes,Yes,No,No internet service,No internet service,No internet service,No internet service,No internet service,No internet service,One year,Yes,Mailed check,3138.75
MW-75836-PWWM,No,63.83,Female,0,No,No,38,Yes,No,DSL,No,Yes,No,No,No,No,Month-to-month,No,Bank transfer (automatic),2399.77
MW-19443-MUZA,No,36.85,Female,0,No,No,2,Yes,No,Fiber optic,Yes,No,Yes,No,No,Yes,One year,Yes,Credit card (automatic),75.07
MW-20817-SLFJ,Yes,72.07,Female,0,Yes,No,55,Yes,No,DSL,No,No,No,No,No,Yes,Month-to-month,Yes,Electronic check,3990.07
MW-36954-ZHNS,No,54.62,Male,0,No,No,29,Yes,No,Fiber optic,No,No,No,No,No,Yes,One year,No,Bank transfer (automatic),1581.47
MW-31904-GVBW,No,61.41,Female,0,No,Yes,51,Yes,Yes,Fiber optic,No,Yes,No,Yes,No,Yes,Two year,No,Bank transfer (automatic),3125.34
MW-28589-SVCV,Yes,98.74,Male,0,No,No,65,Yes,No,Fiber optic,No,Yes,Yes,No,No,Yes,Month-to-month,No,Bank transfer (automatic),6413.52
MW-97991-GWJS,Yes,79.16,Female,0,No,Yes,44,Yes,Yes,No,No internet service,No internet service,No internet service,No internet service,No internet service,No internet service,Month-to-month,No,Credit card (automatic),3491.8
MW-14758-ZUBF,No,46.88,Female,0,No,No,49,Yes,No,Fiber optic,Yes,Yes,Yes,No,No,Yes,Month-to-month,Yes,Bank transfer (automatic),2292.48
MW-87329-DYHN,No,59.53,Male,0,No,No,18,Yes,Yes,Fiber optic,No,No,No,No,No,No,One year,No,Mailed check,1048.81
MW-19438-PGJL,No,111.98,Female,0,No,Yes,17,No,No phone service,Fiber optic,No,No,Yes,No,No,Yes,Month-to-month,No,Electronic check,1893.58
MW-80208-AVXS,No,54.78,Female,0,Yes,No,30,No,No phone service,No,No internet service,No internet service,No internet service,No internet service,No internet service,No internet service,Two year,Yes,Bank transfer (automatic),1642.43
MW-11154-LDHL,No,65.2,Female,0,Yes,Yes,62,Yes,No,No,No internet service,No internet service,No internet service,No internet service,No internet service,No internet service,One year,Yes,Electronic check,4050.43
MW-12276-EULS,No,83.92,Male,0,No,No,38,Yes,Yes,Fiber optic,No,Yes,No,No,No,No,Month-to-month,Yes,Electronic check,3180.22
MW-45469-NERT,No,70.46,Female,0,No,No,25,No,No phone service,Fiber optic,Yes,No,Yes,Yes,Yes,No,Two year,Yes,Mailed check,1757.06
MW-64434-LSZF,Yes,52.82,Male,0,Yes,No,56,Yes,Yes,No,No internet service,No internet service,No internet service,No internet service,No internet service,No internet service,Month-to-month,Yes,Bank transfer (automatic),2958.59
MW-67240-XHBL,No,41.7,Male,0,No,No,62,Yes,Yes,No,No internet service,No internet service,No internet service,No internet service,No internet service,No internet service,Two year,No,Credit card (automatic),2573.74
MW-25994-VSHY,No,63.7,Male,0,Yes,No,65,Yes,No,DSL,No,No,No,Yes,Yes,No,Month-to-month,Yes,Bank transfer (automatic),4139.12
MW-48741-ZZPS,No,83.74,Male,1,Yes,Yes,21,Yes,Yes,No,No internet service,No internet service,No internet service,No internet service,No internet service,No internet service,One year,No,Credit card (automatic),1765.55
MW-55728-NKNB,No,103.63,Female,0,Yes,Yes,51,Yes,No,Fiber optic,Yes,Yes,No,Yes,No,No,Two year,No,Mailed check,5267.33
MW-59648-DQLM,No,20.04,Male,1,Yes,No,43,Yes,No,Fiber optic,No,Yes,No,Yes,Yes,No,One year,Yes,Mailed check,866.32
MW-68811-XSBZ,No,116.88,Male,0,Yes,No,32,Yes,Yes,Fiber optic,No,No,No,No,No,No,Two year,Yes,Credit card (automatic),3723.81
MW-58365-WEWJ,Yes,55.35,Female,0,Yes,Yes,28,Yes,No,DSL,Yes,Yes,No,Yes,No,Yes,Month-to-month,Yes,Mailed check,1533.75
MW-44095-JPXJ,No,91.74,Male,0,No,No,8,Yes,Yes,No,No internet service,No internet service,No internet service,No internet service,No internet service,No internet service,Two year,Yes,Credit card (automatic),723.98
MW-86726-PECQ,No,41.87,Female,1,Yes,No,20,Yes,Yes,Fiber optic,Yes,No,No,Yes,Yes,No,One year,No,Mailed check,857.88
MW-61517-FAAK,Yes,18.0,Male,0,No,No,40,Yes,Yes,DSL,No,Yes,No,Yes,No,No,One year,Yes,Electronic check,694.27
MW-28442-FZMM,Yes,24.61,Male,0,Yes,No,64,Yes,Yes,Fiber optic,Yes,Yes,Yes,Yes,No,No,Month-to-month,No,Bank transfer (automatic),1568.08
MW-66566-DCHW,No,54.07,Female,0,Yes,Yes,63,Yes,Yes,DSL,No,Yes,No,No,No,Yes,Month-to-month,Yes,Electronic check,3406.01
MW-11187-QEAG,No,79.72,Male,0,Yes,No,13,No,No phone service,Fiber optic,No,No,No,No,No,No,One year,Yes,Electronic check,1053.87
MW-43470-GZEU,No,64.94,Female,1,No,No,49,Yes,Yes,Fiber optic,No,Yes,No,Yes,Yes,Yes,Month-to-month,No,Electronic check,3211.28
MW-49508-KHFR,No,56.49,Male,0,Yes,Yes,6,Yes,Yes,Fiber optic,Yes,No,Yes,Yes,No,No,One year,Yes,Electronic check,332.61
MW-58243-SMYX,No,97.54,Female,0,No,No,49,Yes,Yes,DSL,No,No,No,No,Yes,Yes,Two year,Yes,Mailed check,4787.55
MW-64109-UPNR,No,64.06,Female,1,Yes,No,24,Yes,Yes,DSL,No,No,Yes,Yes,No,No,Two year,Yes,Credit card (automatic),1536.02
MW-18931-PDRF,No,72.39,Male,0,Yes,No,32,Yes,Yes,DSL,No,No,Yes,No,No,Yes,Month-to-month,No,Mailed check,2314.97
MW-30690-TABQ,No,120.0,Male,0,Yes,No,52,Yes,Yes,Fiber optic,No,Yes,No,No,No,No,Two year,Yes,Credit card (automatic),6244.1
MW-86902-UPEH,No,63.76,Female,0,Yes,No,31,Yes,No,No,No internet service,No internet service,No internet service,No internet service,No internet service,No internet service,Month-to-month,Yes,Bank transfer (automatic),1952.78
MW-24821-LFZL,Yes,43.12,Female,0,Yes,No,58,Yes,Yes,Fiber optic,Yes,No,No,No,No,Yes,Month-to-month,No,Electronic check,2500.24
MW-97884-XCMW,No,78.43,Female,0,No,No,38,Yes,Yes,Fiber optic,No,Yes,Yes,No,Yes,No,Two year,Yes,Electronic check,2987.1
MW-75039-GVUQ,No,86.02,Male,0,Yes,No,72,Yes,No,DSL,No,Yes,No,Yes,Yes,No,Month-to-month,No,Credit card (automatic),6180.54
MW-54859-BXMQ,Yes,73.03,Male,0,No,No,46,Yes,No,DSL,No,No,No,Yes,No,No,Month-to-month,No,Bank transfer (automatic),3366.24
MW-29211-SMDQ,No,68.71,Male,0,Yes,No,21,Yes,Yes,No,No internet service,No internet service,No internet service,No internet service,No internet service,No internet service,Month-to-month,Yes,Credit card (automatic),1416.98
MW-68611-QCEF,Yes,108.47,Female,0,No,No,56,Yes,No,Fiber optic,No,Yes,Yes,Yes,No,No,Month-to-month,No,Electronic check,6075.72
MW-55079-JPQC,No,104.72,Male,1,No,No,29,Yes,No,DSL,No,No,No,No,Yes,Yes,Two year,No,Bank transfer (automatic),3057.01
MW-89098-WVCE,No,60.49,Female,0,Yes,Yes,38,Yes,No,Fiber optic,No,No,No,No,No,No,Month-to-month,No,Credit card (automatic),2295.34
MW-31555-WLLM,No,44.7,Male,1,Yes,No,9,No,No phone service,Fiber optic,No,Yes,No,Yes,No,Yes,Month-to-month,No,Credit card (automatic),387.63
MW-97234-ZDYF,No,76.88,Male,0,No,No,8,Yes,Yes,DSL,Yes,No,No,Yes,No,No,One year,No,Electronic check,593.66
MW-43902-XMUC,No,44.52,Male,0,No,Yes,41,Yes,Yes,DSL,Yes,No,No,No,No,Yes,Month-to-month,Yes,Credit card (automatic),1831.18
MW-90072-JEPA,No,90.55,Male,0,No,No,13,Yes,Yes,Fiber optic,No,Yes,Yes,No,No,No,One year,Yes,Mailed check,1191.07
MW-10572-KNMV,No,76.72,Male,0,No,No,72,Yes,Yes,DSL,No,No,No,Yes,No,No,Two year,No,Credit card (automatic),5523.0
MW-78494-QVNJ,No,120.0,Female,0,No,No,62,Yes,No,Fiber optic,No,No,Yes,No,No,No,One year,Yes,Bank transfer (automatic),7433.04
MW-28721-HSYZ,No,108.2,Female,0,Yes,No,51,No,No phone service,No,No internet service,No internet service,No internet service,No internet service,No internet service,No internet service,Two year,Yes,Bank transfer (automatic),5489.24
MW-93752-FLQX,Yes,31.64,Female,0,Yes,No,53,Yes,No,No,No internet service,No internet service,No internet service,No internet service,No internet service,No internet service,Month-to-month,No,Mailed check,1678.78
MW-70316-HUWE,No,48.44,Female,0,No,No,43,Yes,No,Fiber optic,Yes,No,Yes,Yes,No,No,Two year,No,Credit card (automatic),2072.58
MW-56731-HLWY,No,18.0,Female,0,Yes,No,4,Yes,Yes,DSL,No,No,Yes,Yes,Yes,No,Month-to-month,Yes,Electronic check,62.52
MW-56898-DEKB,No,18.0,Female,0,No,Yes,28,Yes,No,Fiber optic,Yes,Yes,No,Yes,No,No,Month-to-month,No,Mailed check,528.25
MW-63005-NGKA,Yes,67.41,Male,0,No,No,36,Yes,Yes,DSL,No,Yes,Yes,No,No,No,One year,Yes,Bank transfer (automatic),2399.74
MW-50297-FDFL,No,28.23,Male,0,No,Yes,66,Yes,Yes,No,No internet service,No internet service,No internet service,No internet service,No internet service,No internet service,Month-to-month,Yes,Bank transfer (automatic),1838.16
MW-18289-FULF,No,113.24,Male,0,No,No,16,Yes,Yes,Fiber optic,No,No,Yes,No,Yes,No,Two year,Yes,Mailed check,1815.31
MW-89473-QWMZ,No,98.74,Male,0,No,No,36,Yes,Yes,Fiber optic,Yes,Yes,No,No,No,Yes,One year,Yes,Bank transfer (automatic),3548.86
MW-15632-JMLZ,No,55.86,Male,0,Yes,Yes,25,Yes,Yes,Fiber optic,Yes,No,No,No,Yes,No,Two year,No,Mailed check,1388.72
MW-69185-TPJB,Yes,54.15,Female,0,Yes,Yes,9,Yes,No,DSL,Yes,No,No,No,No,No,Month-to-month,Yes,Bank transfer (automatic),491.44
MW-92253-XCTN,Yes,108.56,Female,0,Yes,No,7,Yes,Yes,Fiber optic,No,No,Yes,No,No,Yes,Month-to-month,Yes,Bank transfer (automatic),763.76
MW-54395-SYEC,No,115.44,Male,0,Yes,Yes,26,Yes,Yes,No,No internet service,No internet service,No internet service,No internet service,No internet service,No internet service,One year,Yes,Bank transfer (automatic),2986.84
MW-42898-JPBV,Yes,36.02,Female,0,Yes,No,6,Yes,No,DSL,No,No,No,No,Yes,No,Month-to-month,Yes,Credit card (automatic),207.24
MW-38332-QZGX,No,32.16,Female,0,Yes,No,4,Yes,Yes,DSL,Yes,Yes,Yes,No,Yes,Yes,Month-to-month,No,Bank transfer (automatic),129.38
MW-59236-KCWB,Yes,54.97,Female,0,No,No,25,Yes,No,No,No internet service,No internet service,No internet service,No internet service,No internet service,No internet service,One year,Yes,Electronic check,1376.76
MW-24023-TESG,No,76.94,Female,0,No,No,14,Yes,Yes,Fiber optic,No,Yes,No,Yes,Yes,Yes,Two year,Yes,Bank transfer (automatic),1084.41
MW-83168-BWJR,No,48.59,Male,1,Yes,Yes,40,Yes,Yes,DSL,No,No,No,No,No,No,One year,No,Electronic check,1934.85
MW-31132-AYQL,No,77.57,Male,0,Yes,No,1,Yes,No,DSL,No,No,No,Yes,No,No,Month-to-month,No,Electronic check,82.78
MW-87965-XKHG,No,120.0,Male,0,No,No,22,Yes,No,Fiber optic,No,Yes,No,Yes,Yes,Yes,Month-to-month,No,Credit card (automatic),2654.26
MW-29214-RLPU,No,21.82,Male,0,No,Yes,33,Yes,Yes,Fiber optic,No,No,Yes,No,No,No,One year,Yes,Mailed check,720.76
MW-24437-RSQU,No,50.63,Female,0,Yes,No,70,Yes,No,Fiber optic,No,No,No,Yes,No,No,Month-to-month,Yes,Mailed check,3542.56
MW-19997-TVRA,No,22.39,Male,0,Yes,Yes,46,Yes,No,DSL,Yes,No,Yes,No,No,No,Month-to-month,No,Credit card (automatic),1026.41
MW-10281-XFTR,No,38.9,Male,0,No,No,64,Yes,No,Fiber optic,No,No,No,No,Yes,No,Month-to-month,No,Electronic check,2480.34
MW-45207-RLLC,Yes,55.16,Male,1,No,No,25,Yes,Yes,Fiber optic,No,Yes,Yes,No,No,No,Month-to-month,No,Electronic check,1364.93
MW-11923-FBXY,Yes,42.18,Male,1,Yes,No,32,Yes,Yes,No,No internet service,No internet service,No internet service,No internet service,No internet service,No internet service,Month-to-month,Yes,Electronic check,1345.29
MW-42372-CWSH,No,79.6,Male,0,No,Yes,30,Yes,No,Fiber optic,No,No,No,Yes,Yes,Yes,Month-to-month,No,Electronic check,2394.76
MW-61730-DRAD,No,68.53,Male,0,No,Yes,64,Yes,Yes,Fiber optic,Yes,Yes,Yes,Yes,Yes,No,One year,Yes,Bank transfer (automatic),4372.58
MW-14430-CDAJ,No,72.97,Female,0,No,Yes,70,Yes,No,No,No internet service,No internet service,No internet service,No internet service,No internet service,No internet service,Month-to-month,Yes,Credit card (automatic),5106.77
MW-63372-VGFZ,No,54.8,Male,0,No,No,70,Yes,No,DSL,No,No,Yes,Yes,No,No,One year,Yes,Bank transfer (automatic),3833.13
MW-94280-MAQP,Yes,57.56,Male,1,Yes,No,54,Yes,No,DSL,No,Yes,No,No,Yes,Yes,Month-to-month,No,Electronic check,3134.91
MW-65477-LWSA,No,53.48,Male,1,No,No,36,Yes,No,DSL,No,No,Yes,No,Yes,Yes,Two year,Yes,Mailed check,1936.12
MW-26069-JPRK,No,56.54,Male,0,No,Yes,39,Yes,Yes,DSL,No,Yes,Yes,Yes,Yes,No,Month-to-month,No,Electronic check,2215.66
MW-76883-LFQF,No,76.57,Female,0,Yes,No,71,Yes,No,No,No internet service,No internet service,No internet service,No internet service,No internet service,No internet service,Month-to-month,Yes,Bank transfer (automatic),5450.27
MW-67543-MVXM,Yes,18.0,Male,0,No,No,20,Yes,No,DSL,No,No,Yes,No,Yes,No,Month-to-month,No,Bank transfer (automatic),351.81
MW-48981-EBWK,No,72.64,Female,0,No,No,25,Yes,Yes,No,No internet service,No internet service,No internet service,No internet service,No internet service,No internet service,Month-to-month,Yes,Electronic check,1836.65
MW-26508-EVMS,No,37.94,Male,0,No,No,65,Yes,No,DSL,No,No,No,Yes,Yes,No,Month-to-month,No,Credit card (automatic),2468.49
MW-15610-BYHU,No,53.83,Female,0,Yes,Yes,28,No,No phone service,Fiber optic,No,No,No,No,No,No,Two year,Yes,Bank transfer (automatic),1506.57
MW-66832-HEKB,No,18.0,Female,0,Yes,No,17,Yes,No,Fiber optic,No,No,No,No,No,No,Two year,Yes,Electronic check,287.78
MW-40861-NMBL,Yes,53.24,Female,1,Yes,No,40,Yes,Yes,DSL,No,Yes,No,No,Yes,Yes,Month-to-month,No,Bank transfer (automatic),2123.58
MW-54962-PPBS,No,72.34,Male,0,Yes,No,23,Yes,No,Fiber optic,No,Yes,No,No,No,Yes,Month-to-month,No,Bank transfer (automatic),1637.33
MW-36761-HGWZ,Yes,77.71,Female,1,No,No,65,Yes,Yes,Fiber optic,No,No,No,No,No,Yes,One year,Yes,Electronic check,5047.43
MW-64262-CMGT,No,28.41,Female,0,Yes,No,66,Yes,No,Fiber optic,No,No,No,Yes,No,No,One year,No,Electronic check,1866.42
MW-28561-QKTS,Yes,76.27,Male,0,No,No,22,Yes,Yes,No,No internet service,No internet service,No internet service,No internet service,No internet service,No internet service,Month-to-month,Yes,Bank transfer (automatic),1671.96
MW-68737-YZKD,No,98.19,Female,0,No,Yes,38,Yes,Yes,No,No internet service,No internet service,No internet service,No internet service,No internet service,No internet service,One year,Yes,Credit card (automatic),3710.43
MW-66605-YLXS,No,49.19,Male,0,No,No,71,Yes,Yes,Fiber optic,Yes,No,Yes,Yes,No,No,Month-to-month,Yes,Bank transfer (automatic),3503.04
MW-25600-NWUR,No,64.03,Female,0,No,No,54,Yes,Yes,No,No internet service,No internet service,No internet service,No internet service,No internet service,No internet service,One year,Yes,Bank transfer (automatic),3466.51
MW-59858-NFFR,Yes,18.0,Male,0,Yes,Yes,15,Yes,No,DSL,No,No,Yes,No,No,Yes,Month-to-month,No,Bank transfer (automatic),295.35
MW-66363-KQTB,No,37.09,Male,0,No,No,43,Yes,No,DSL,No,No,Yes,No,No,Yes,Month-to-month,Yes,Mailed check,1619.79
MW-40013-CQZN,Yes,72.12,Female,0,Yes,No,45,Yes,Yes,Fiber optic,Yes,No,No,No,No,No,Month-to-month,No,Electronic check,3247.74
MW-55633-SGFF,No,92.66,Male,0,Yes,No,47,Yes,No,Fiber optic,No,Yes,Yes,Yes,Yes,No,One year,Yes,Mailed check,4370.37
MW-84295-YUJB,Yes,46.02,Male,0,No,No,1,Yes,No,Fiber optic,No,Yes,Yes,Yes,Yes,No,Month-to-month,No,Credit card (automatic),49.94
MW-65972-WGFS,No,120.0,Female,0,Yes,No,21,Yes,Yes,Fiber optic,Yes,Yes,No,Yes,No,Yes,One year,No,Credit card (automatic),2513.59
MW-73702-CFNC,No,73.42,Male,0,No,Yes,62,Yes,No,No,No internet service,No internet service,No internet service,No internet service,No internet service,No internet service,Two year,Yes,Credit card (automatic),4547.87
MW-14756-XZVP,No,25.8,Male,0,Yes,No,17,Yes,No,DSL,Yes,No,Yes,Yes,No,No,One year,No,Electronic check,448.18
MW-92667-PGDD,No,102.62,Female,1,Yes,Yes,21,Yes,No,No,No internet service,No internet service,No internet service,No internet service,No internet service,No internet service,Month-to-month,No,Mailed check,2216.34
MW-18367-DATT,Yes,26.41,Male,0,Yes,No,23,Yes,Yes,Fiber optic,No,No,Yes,No,No,No,Month-to-month,No,Bank transfer (automatic),624.93
MW-92458-TJCE,No,73.85,Female,1,Yes,No,12,Yes,Yes,Fiber optic,Yes,No,No,No,No,Yes,Month-to-month,No,Electronic check,889.9
MW-91429-VXBS,Yes,36.12,Male,0,No,Yes,11,Yes,No,DSL,Yes,No,No,No,No,Yes,One year,No,Electronic check,404.58
MW-79012-XVFR,No,23.28,Female,0,Yes,No,25,Yes,No,DSL,No,Yes,Yes,Yes,No,No,Two year,No,Credit card (automatic),589.12
MW-24911-VYSJ,No,92.86,Female,0,No,No,63,Yes,Yes,Fiber optic,No,No,No,No,No,Yes,Month-to-month,Yes,Bank transfer (automatic),5848.83
MW-38149-SDCA,No,56.21,Male,0,Yes,No,0,Yes,Yes,Fiber optic,Yes,No,Yes,Yes,No,No,Two year,Yes,Bank transfer (automatic),11.35
MW-95500-PADW,Yes,115.77,Female,0,Yes,Yes,20,Yes,No,Fiber optic,Yes,No,Yes,Yes,Yes,No,Month-to-month,Yes,Electronic check,2313.07
MW-93835-KQLB,No,33.46,Female,0,No,No,4,Yes,No,DSL,No,Yes,Yes,Yes,Yes,No,Month-to-month,Yes,Mailed check,118.67
MW-15164-QCSS,Yes,18.0,Female,0,Yes,No,40,Yes,No,Fiber optic,Yes,No,No,No,Yes,No,Month-to-month,Yes,Electronic check,727.22
MW-63649-TKMU,No,49.61,Male,0,Yes,No,18,Yes,No,Fiber optic,Yes,Yes,Yes,Yes,No,Yes,One year,No,Electronic check,902.21
MW-72511-LYRU,Yes,120.0,Female,0,Yes,No,57,Yes,No,No,No internet service,No internet service,No internet service,No internet service,No internet service,No internet service,Month-to-month,No,Mailed check,6837.81
MW-15462-REMR,Yes,89.02,Female,0,Yes,Yes,42,Yes,Yes,Fiber optic,Yes,Yes,Yes,No,No,No,Month-to-month,Yes,Electronic check,3743.49
MW-36876-NQXW,No,80.62,Female,0,No,No,57,Yes,Yes,Fiber optic,No,No,No,Yes,Yes,Yes,One year,Yes,Credit card (automatic),4609.75
MW-51973-FEDT,No,81.61,Female,0,No,No,46,Yes,Yes,Fiber optic,No,Yes,No,Yes,Yes,No,Month-to-month,Yes,Mailed check,3753.28
MW-22120-MQWM,No,49.45,Female,0,Yes,Yes,32,Yes,Yes,Fiber optic,No,Yes,No,Yes,Yes,No,Month-to-month,No,Electronic check,1575.69
MW-13970-RGVA,Yes,120.0,Female,0,Yes,No,62,Yes,No,Fiber optic,No,Yes,No,Yes,Yes,Yes,Month-to-month,No,Electronic check,7429.36
MW-46969-PVTC,No,77.74,Male,1,No,No,34,Yes,No,DSL,Yes,No,No,Yes,No,Yes,Month-to-month,Yes,Bank transfer (automatic),2639.35
MW-50048-WKNM,Yes,74.93,Male,1,Yes,No,69,Yes,Yes,No,No internet service,No internet service,No internet service,No internet service,No internet service,No internet service,Month-to-month,Yes,Electronic check,5193.19
MW-93113-JHXR,Yes,93.55,Male,1,No,No,72,Yes,No,Fiber optic,Yes,Yes,No,Yes,No,No,Month-to-month,No,Electronic check,6732.62
MW-48553-ZHHN,No,25.8,Female,0,No,Yes,42,Yes,No,Fiber optic,No,No,No,No,No,Yes,One year,Yes,Mailed check,1088.99
MW-54159-QCJL,No,37.62,Female,0,No,No,49,Yes,No,Fiber optic,No,No,Yes,Yes,No,No,Month-to-month,No,Electronic check,1838.51
MW-94096-CPCW,No,56.63,Female,1,Yes,Yes,18,Yes,Yes,Fiber optic,Yes,Yes,Yes,No,No,No,One year,Yes,Bank transfer (automatic),1013.19
MW-89815-NENJ,Yes,93.74,Female,0,Yes,No,59,Yes,No,DSL,Yes,No,No,Yes,No,No,Month-to-month,Yes,Mailed check,5517.47
MW-28112-LGLD,No,25.06,Female,0,Yes,No,49,Yes,Yes,DSL,Yes,No,Yes,Yes,No,Yes,Month-to-month,Yes,Electronic check,1229.44
MW-21693-GKUX,Yes,61.98,Female,0,Yes,No,65,Yes,Yes,DSL,No,Yes,Yes,No,Yes,No,Month-to-month,Yes,Credit card (automatic),4020.94
MW-39327-XJJG,No,57.73,Male,1,No,No,19,Yes,Yes,DSL,Yes,No,No,Yes,Yes,Yes,Month-to-month,No,Mailed check,1115.97
MW-38628-NYFT,Yes,18.0,Male,0,Yes,No,57,Yes,Yes,DSL,No,No,Yes,Yes,No,No,Month-to-month,Yes,Bank transfer (automatic),1024.39
MW-17107-GJNT,No,48.73,Female,1,No,Yes,34,Yes,No,Fiber optic,Yes,Yes,No,No,No,No,Month-to-month,No,Electronic check,1656.15
MW-58166-WRQW,No,80.27,Male,0,No,Yes,13,Yes,No,DSL,No,Yes,No,No,No,No,Two year,No,Bank transfer (automatic),1040.81
MW-15187-QCBN,No,19.5,Female,0,Yes,No,12,Yes,No,No,No internet service,No internet service,No internet service,No internet service,No internet service,No internet service,Two year,No,Electronic check,239.57
MW-82204-ASUZ,No,106.34,Female,0,Yes,No,41,Yes,No,No,No internet service,No internet service,No internet service,No internet service,No internet service,No internet service,Month-to-month,Yes,Mailed check,4382.3
MW-77266-AQYD,No,78.04,Male,0,Yes,Yes,23,Yes,Yes,DSL,Yes,Yes,Yes,No,Yes,No,One year,Yes,Electronic check,1779.32
MW-70254-UZBM,No,74.38,Male,1,No,No,7,Yes,Yes,Fiber optic,No,No,No,Yes,No,No,One year,No,Credit card (automatic),524.83
MW-18685-BMWG,No,64.25,Female,0,Yes,No,31,Yes,Yes,Fiber optic,No,No,No,Yes,No,Yes,Two year,No,Electronic check,1968.22
MW-62079-VVAN,No,31.23,Female,0,Yes,No,47,Yes,No,No,No internet service,No internet service,No internet service,No internet service,No internet service,No internet service,Month-to-month,No,Credit card (automatic),1486.16
MW-70467-GZSN,Yes,44.51,Female,0,No,No,23,Yes,No,Fiber optic,No,Yes,Yes,No,No,No,Month-to-month,Yes,Credit card (automatic),1022.11
MW-82197-RENU,No,74.86,Male,0,Yes,No,69,Yes,No,Fiber optic,Yes,No,No,No,No,No,Month-to-month,No,Mailed check,5142.92
MW-16232-YDXG,No,44.45,Male,1,No,No,56,Yes,No,DSL,Yes,No,Yes,Yes,Yes,No,Month-to-month,No,Electronic check,2470.06
MW-20425-WYVZ,Yes,69.66,Female,0,Yes,No,37,Yes,No,No,No internet service,No internet service,No internet service,No internet service,No internet service,No internet service,Month-to-month,No,Mailed check,2589.63
MW-64313-PUXE,No,37.03,Female,0,No,No,68,Yes,No,DSL,No,No,No,No,Yes,Yes,Two year,No,Credit card (automatic),2493.07
MW-51611-TTMQ,No,77.54,Male,0,No,Yes,31,Yes,No,No,No internet service,No internet service,No internet service,No internet service,No internet service,No internet service,Two year,No,Bank transfer (automatic),2407.91
MW-48580-RLQL,Yes,79.78,Female,0,No,No,10,Yes,Yes,DSL,Yes,Yes,No,No,Yes,No,Month-to-month,Yes,Bank transfer (automatic),791.37
MW-19185-MLMH,Yes,18.0,Female,0,No,Yes,2,Yes,Yes,Fiber optic,No,No,No,Yes,No,No,Month-to-month,Yes,Electronic check,33.08
MW-84486-CNLA,Yes,66.02,Male,1,No,No,68,Yes,Yes,Fiber optic,Yes,No,Yes,No,No,Yes,Month-to-month,Yes,Credit card (automatic),4479.25
MW-21851-NWGX,Yes,18.35,Female,0,No,No,70,Yes,No,DSL,No,No,No,Yes,No,No,Month-to-month,Yes,Electronic check,1270.21
MW-12594-NKWY,No,18.0,Female,0,Yes,No,53,Yes,Yes,DSL,No,Yes,Yes,No,No,No,One year,No,Electronic check,946.69
MW-13627-YURW,Yes,46.18,Female,1,Yes,Yes,7,Yes,No,DSL,No,Yes,No,No,Yes,No,Month-to-month,No,Electronic check,331.84
MW-23773-WXVJ,No,120.0,Female,0,No,No,21,Yes,Yes,Fiber optic,Yes,Yes,No,No,No,No,Two year,Yes,Mailed check,2515.61
MW-55785-ZVWD,No,87.26,Male,0,No,No,2,Yes,No,Fiber optic,No,No,Yes,No,Yes,No,Two year,No,Credit card (automatic),180.84
MW-75507-AZQQ,No,105.76,Female,0,No,No,3,Yes,No,DSL,No,No,No,No,Yes,No,One year,Yes,Credit card (automatic),313.65
MW-67629-SSAH,Yes,82.25,Male,0,No,Yes,17,Yes,No,Fiber optic,No,No,No,No,No,No,One year,Yes,Electronic check,1407.42
MW-69774-NAXD,No,70.16,Female,0,No,No,41,Yes,No,DSL,No,Yes,No,No,No,No,Month-to-month,No,Mailed check,2882.78
MW-99044-LDBL,No,90.86,Male,0,No,No,4,Yes,No,Fiber optic,No,No,No,Yes,No,No,Month-to-month,Yes,Credit card (automatic),355.33
MW-76894-UHMY,No,44.81,Female,0,No,Yes,71,Yes,Yes,No,No internet service,No internet service,No internet service,No internet service,No internet service,No internet service,Month-to-month,Yes,Mailed check,3167.2
MW-23064-KWZN,No,78.12,Female,0,No,No,33,Yes,No,No,No internet service,No internet service,No internet service,No internet service,No internet service,No internet service,One year,Yes,Electronic check,2592.29
MW-57673-QWSQ,Yes,99.31,Female,0,Yes,Yes,19,Yes,No,No,No internet service,No internet service,No internet service,No internet service,No internet service,No internet service,Month-to-month,Yes,Mailed check,1874.69
MW-34373-XYHT,No,84.98,Male,0,Yes,No,37,No,No phone service,DSL,Yes,No,No,No,No,Yes,Two year,No,Bank transfer (automatic),3151.77
MW-40527-GTCG,No,101.28,Male,0,Yes,No,57,Yes,No,DSL,No,No,No,Yes,No,No,Month-to-month,Yes,Credit card (automatic),5773.43
MW-66237-VVMU,No,69.48,Female,1,Yes,Yes,22,Yes,No,No,No internet service,No internet service,No internet service,No internet service,No internet service,No internet service,Month-to-month,No,Bank transfer (automatic),1521.61
MW-60060-MBVB,Yes,114.76,Male,0,Yes,No,3,Yes,Yes,DSL,Yes,Yes,Yes,No,No,No,Month-to-month,Yes,Electronic check,350.72
MW-10258-VXAZ,No,57.75,Male,0,Yes,No,3,Yes,Yes,DSL,No,No,Yes,Yes,Yes,No,Two year,No,Bank transfer (automatic),193.77
MW-29044-QQHE,No,120.0,Female,1,Yes,No,62,Yes,No,DSL,No,No,No,No,Yes,No,Month-to-month,Yes,Electronic check,7449.38
MW-29826-ALUA,Yes,81.21,Female,0,Yes,Yes,8,Yes,Yes,Fiber optic,Yes,No,Yes,No,Yes,No,Month-to-month,No,Credit card (automatic),651.62
MW-19638-FVLC,Yes,52.48,Female,0,No,Yes,46,Yes,No,Fiber optic,No,Yes,No,Yes,Yes,No,Month-to-month,Yes,Mailed check,2438.4
MW-40876-ZJEP,Yes,28.63,Male,0,Yes,Yes,28,Yes,No,No,No internet service,No internet service,No internet service,No internet service,No internet service,No internet service,One year,Yes,Electronic check,776.53
MW-88007-CSRX,No,39.76,Female,0,No,No,56,Yes,Yes,Fiber optic,No,Yes,Yes,Yes,Yes,Yes,Two year,No,Mailed check,2209.88
MW-73510-HLSE,Yes,35.22,Female,0,No,Yes,4,Yes,No,DSL,Yes,No,No,Yes,Yes,Yes,Month-to-month,Yes,Electronic check,133.91
MW-70470-JCSR,No,61.34,Female,1,Yes,No,65,Yes,No,Fiber optic,Yes,No,Yes,No,No,Yes,Two year,No,Electronic check,4008.39
MW-30656-CDKR,No,25.78,Male,0,Yes,No,50,Yes,Yes,Fiber optic,No,No,No,No,No,No,Month-to-month,No,Bank transfer (automatic),1303.14
MW-53844-ULVK,No,102.78,Female,1,No,Yes,32,Yes,Yes,DSL,No,Yes,No,Yes,Yes,No,One year,No,Bank transfer (automatic),3263.22
MW-19195-QGRX,No,67.32,Female,0,No,No,15,Yes,Yes,No,No internet service,No internet service,No internet service,No internet service,No internet service,No internet service,Month-to-month,Yes,Credit card (automatic),1003.25
MW-63130-GTLN,No,66.1,Male,0,Yes,No,71,Yes,No,Fiber optic,No,No,No,No,No,No,Month-to-month,Yes,Mailed check,4673.24
MW-39720-PLRJ,Yes,29.04,Female,0,Yes,No,22,Yes,No,Fiber optic,No,No,No,Yes,No,No,One year,No,Electronic check,638.27
MW-38013-DKLW,No,40.93,Female,0,No,No,35,Yes,Yes,No,No internet service,No internet service,No internet service,No internet service,No internet service,No internet service,Month-to-month,No,Mailed check,1446.08
MW-33142-RLWA,No,18.0,Male,1,No,No,28,Yes,Yes,Fiber optic,No,Yes,Yes,No,No,No,Month-to-month,Yes,Mailed check,518.63
MW-98602-SYSQ,No,112.53,Male,1,No,Yes,16,Yes,Yes,Fiber optic,No,Yes,Yes,Yes,No,Yes,Two year,Yes,Electronic check,1804.5
MW-63790-NDDD,No,21.47,Female,0,No,No,30,Yes,Yes,Fiber optic,No,Yes,Yes,No,No,No,Two year,Yes,Credit card (automatic),637.72
MW-35481-YKZQ,Yes,23.74,Male,0,Yes,Yes,11,Yes,No,No,No internet service,No internet service,No internet service,No internet service,No internet service,No internet service,Month-to-month,Yes,Credit card (automatic),259.71
MW-35598-UYNB,Yes,106.4,Male,1,No,No,0,Yes,No,No,No internet service,No internet service,No internet service,No internet service,No internet service,No internet service,One year,Yes,Electronic check,10.25
MW-92990-VJDG,No,75.63,Female,0,No,No,21,Yes,Yes,Fiber optic,No,Yes,No,No,Yes,No,Two year,Yes,Credit card (automatic),1623.44
MW-82465-ZLPV,Yes,67.62,Female,0,Yes,No,8,Yes,Yes,DSL,Yes,No,No,No,No,No,Month-to-month,No,Bank transfer (automatic),523.18
MW-86067-PDCY,No,74.21,Female,0,Yes,No,30,Yes,Yes,No,No internet service,No internet service,No internet service,No internet service,No internet service,No internet service,Two year,Yes,Electronic check,2250.13
MW-15645-EGAU,No,92.62,Female,0,Yes,Yes,62,Yes,Yes,No,No internet service,No internet service,No internet service,No internet service,No internet service,No internet service,Month-to-month,Yes,Bank transfer (automatic),5746.1
MW-69224-NREP,No,67.0,Male,0,No,No,11,Yes,Yes,Fiber optic,No,Yes,No,No,Yes,No,One year,Yes,Electronic check,749.3
MW-48782-PWTQ,Yes,18.0,Female,0,No,No,0,Yes,No,No,No internet service,No internet service,No internet service,No internet service,No internet service,No internet service,Month-to-month,No,Electronic check,2.78
MW-21337-SUFQ,No,86.0,Male,1,No,No,8,Yes,No,Fiber optic,Yes,No,No,No,No,Yes,Month-to-month,No,Credit card (automatic),709.06
MW-74417-YTWB,Yes,76.67,Male,0,No,No,37,Yes,No,Fiber optic,Yes,No,Yes,No,No,Yes,Month-to-month,Yes,Bank transfer (automatic),2841.74
MW-95212-WREX,Yes,99.15,Male,0,Yes,No,20,Yes,No,Fiber optic,No,No,No,No,No,No,Month-to-month,No,Electronic check,1973.27
MW-81861-XRZV,No,26.53,Male,0,No,No,35,Yes,Yes,DSL,No,No,No,Yes,No,No,Two year,Yes,Mailed check,935.3
MW-92843-LZMD,No,42.12,Female,1,No,Yes,2,Yes,Yes,Fiber optic,No,Yes,No,No,Yes,No,Two year,Yes,Credit card (automatic),101.14
MW-99280-CSDX,Yes,75.76,Female,0,Yes,Yes,24,Yes,No,Fiber optic,No,No,No,No,No,No,Month-to-month,Yes,Mailed check,1818.24
MW-34478-YAEE,No,35.66,Female,0,Yes,No,29,No,No phone service,DSL,Yes,Yes,No,No,No,No,Month-to-month,Yes,Credit card (automatic),1003.03
MW-12680-SFSX,No,18.0,Male,0,No,No,31,Yes,Yes,DSL,No,No,Yes,No,Yes,No,Month-to-month,No,Credit card (automatic),556.28
MW-39561-RZMX,No,69.92,Male,0,No,Yes,40,Yes,No,Fiber optic,Yes,No,No,Yes,Yes,Yes,Month-to-month,Yes,Mailed check,2798.27
MW-67605-UMGS,Yes,90.85,Female,0,No,No,56,Yes,No,No,No internet service,No internet service,No internet service,No internet service,No internet service,No internet service,Month-to-month,Yes,Bank transfer (automatic),5086.93
MW-99291-UCHZ,No,60.13,Female,0,Yes,Yes,34,Yes,No,No,No internet service,No internet service,No internet service,No internet service,No internet service,No internet service,Two year,Yes,Bank transfer (automatic),2036.99
MW-62636-DYDQ,No,80.44,Female,0,Yes,No,61,Yes,No,DSL,Yes,No,No,Yes,No,No,One year,Yes,Credit card (automatic),4926.69
MW-31537-HDFY,No,76.1,Male,0,No,Yes,38,Yes,No,No,No internet service,No internet service,No internet service,No internet service,No internet service,No internet service,Month-to-month,No,Mailed check,2856.21
MW-50721-GXRZ,No,64.31,Male,0,Yes,Yes,19,Yes,No,DSL,No,No,No,No,No,No,Month-to-month,No,Electronic check,1223.3
MW-43790-MNBJ,No,68.08,Female,0,No,Yes,16,Yes,No,DSL,No,No,No,Yes,Yes,No,One year,Yes,Electronic check,1090.9
MW-12082-QKEM,No,104.47,Male,0,No,No,23,Yes,No,Fiber optic,No,No,Yes,No,No,No,Month-to-month,No,Bank transfer (automatic),2434.23
MW-21170-ZXJD,Yes,35.07,Female,0,Yes,Yes,43,Yes,Yes,Fiber optic,Yes,Yes,No,No,No,No,Month-to-month,Yes,Credit card (automatic),1507.79
MW-91745-ARSX,Yes,87.19,Male,0,No,No,17,Yes,Yes,No,No internet service,No internet service,No internet service,No internet service,No internet service,No internet service,Month-to-month,No,Bank transfer (automatic),1488.91
MW-86504-PGAN,Yes,28.57,Female,0,No,Yes,66,Yes,Yes,DSL,No,No,No,Yes,No,No,Month-to-month,Yes,Bank transfer (automatic),1887.5
MW-90446-GVRN,Yes,40.16,Female,0,No,Yes,35,Yes,Yes,DSL,Yes,No,No,Yes,Yes,No,Month-to-month,No,Electronic check,1407.02
MW-21402-TNRU,No,99.88,Male,0,No,Yes,63,Yes,Yes,Fiber optic,Yes,Yes,No,No,No,No,One year,No,Electronic check,6318.88
MW-21556-BDMT,Yes,27.71,Female,0,Yes,Yes,49,Yes,Yes,DSL,Yes,Yes,No,Yes,No,Yes,Month-to-month,No,Credit card (automatic),1341.12
MW-24240-LXZC,Yes,56.75,Female,1,Yes,No,24,Yes,Yes,DSL,Yes,No,No,No,No,Yes,One year,No,Bank transfer (automatic),1351.99
MW-92651-RBUC,Yes,120.0,Female,0,No,No,16,No,No phone service,DSL,No,No,No,No,No,No,Month-to-month,Yes,Credit card (automatic),1931.31
MW-33718-CTKK,No,94.77,Male,0,Yes,Yes,54,Yes,Yes,DSL,No,No,No,Yes,No,No,Two year,No,Electronic check,5121.43
MW-50805-LMST,No,41.88,Male,1,No,No,24,Yes,No,Fiber optic,No,No,No,No,No,Yes,Month-to-month,Yes,Mailed check,1000.87
MW-55254-YNWQ,No,47.03,Female,0,No,No,18,Yes,Yes,DSL,Yes,Yes,No,Yes,No,Yes,Month-to-month,Yes,Credit card (automatic),845.48
MW-18243-BWLL,No,58.9,Male,0,No,No,67,Yes,Yes,Fiber optic,No,No,No,No,Yes,Yes,Month-to-month,Yes,Electronic check,3960.01
MW-33366-WWZN,No,103.36,Female,0,No,No,35,Yes,No,Fiber optic,Yes,No,Yes,No,No,Yes,Month-to-month,Yes,Electronic check,3624.88
MW-94577-LKJG,Yes,33.95,Female,0,No,Yes,3,Yes,No,Fiber optic,Yes,Yes,No,No,No,No,Month-to-month,Yes,Bank transfer (automatic),91.16
MW-50060-HTHQ,No,32.13,Female,0,Yes,Yes,36,Yes,No,Fiber optic,No,No,Yes,Yes,No,No,One year,No,Bank transfer (automatic),1160.25
MW-50122-FVLP,No,85.4,Female,0,Yes,Yes,33,Yes,Yes,Fiber optic,Yes,Yes,No,Yes,Yes,No,Month-to-month,Yes,Credit card (automatic),2817.45
MW-49771-ZWHG,No,18.0,Male,0,Yes,No,63,Yes,Yes,No,No internet service,No internet service,No internet service,No internet service,No internet service,No internet service,Month-to-month,Yes,Credit card (automatic),1141.06
MW-62678-PTZK,No,36.67,Male,0,Yes,No,51,No,No phone service,DSL,No,No,No,No,Yes,Yes,Month-to-month,No,Bank transfer (automatic),1865.35
MW-43307-PCTN,Yes,61.45,Male,0,No,Yes,13,Yes,Yes,No,No internet service,No internet service,No internet service,No internet service,No internet service,No internet service,One year,No,Electronic check,780.73
MW-17765-RFLB,No,62.99,Male,1,No,No,10,Yes,Yes,DSL,No,No,No,No,Yes,No,Two year,No,Mailed check,639.99
MW-19753-JJLZ,No,23.06,Female,0,No,No,44,Yes,Yes,Fiber optic,Yes,No,No,No,Yes,No,One year,No,Credit card (automatic),1022.87
MW-94179-QXEZ,No,74.61,Male,0,Yes,Yes,3,Yes,Yes,Fiber optic,No,Yes,No,Yes,No,No,One year,No,Mailed check,245.06
MW-68261-QAWD,No,80.61,Male,1,Yes,No,23,Yes,No,DSL,No,No,No,Yes,No,Yes,One year,Yes,Credit card (automatic),1834.29
MW-11850-VFST,No,44.13,Female,0,Yes,No,10,Yes,No,DSL,No,Yes,No,No,Yes,No,One year,Yes,Bank transfer (automatic),440.24
MW-31864-CZXK,No,113.82,Male,1,Yes,No,1,Yes,Yes,DSL,No,No,No,No,Yes,Yes,Month-to-month,No,Electronic check,110.36
MW-85208-FQUC,No,74.19,Male,1,No,No,67,Yes,Yes,DSL,No,No,No,No,No,No,One year,No,Mailed check,4964.79
MW-78958-DRGX,Yes,33.85,Male,0,No,No,6,Yes,Yes,Fiber optic,No,Yes,No,No,No,No,One year,No,Bank transfer (automatic),179.98
MW-18423-PRJR,No,112.62,Male,0,Yes,No,0,Yes,No,DSL,No,Yes,Yes,No,Yes,Yes,Month-to-month,No,Electronic check,0.0
MW-13395-GMAL,No,48.3,Male,0,No,No,68,Yes,Yes,No,No internet service,No internet service,No internet service,No internet service,No internet service,No internet service,One year,No,Mailed check,3288.46
MW-66465-UJBV,No,69.37,Female,0,No,No,13,Yes,No,No,No internet service,No internet service,No internet service,No internet service,No internet service,No internet service,Month-to-month,Yes,Bank transfer (automatic),894.31
MW-70757-GRTH,Yes,49.4,Female,0,No,No,59,Yes,Yes,DSL,Yes,Yes,Yes,Yes,No,Yes,Month-to-month,No,Electronic check,2902.2
MW-57860-HNMC,Yes,82.72,Male,0,Yes,No,2,Yes,No,DSL,No,Yes,Yes,Yes,No,Yes,Month-to-month,No,Mailed check,186.9
MW-49334-BBHD,Yes,49.55,Female,0,Yes,No,11,Yes,No,Fiber optic,No,No,Yes,No,Yes,Yes,One year,No,Bank transfer (automatic),580.66
MW-97934-UWVG,No,51.37,Male,0,Yes,Yes,8,Yes,Yes,No,No internet service,No internet service,No internet service,No internet service,No internet service,No internet service,Two year,No,Credit card (automatic),410.11
MW-22679-JZDJ,No,59.2,Female,0,No,No,51,Yes,No,Fiber optic,Yes,Yes,Yes,No,No,Yes,Month-to-month,Yes,Mailed check,2996.67
MW-58456-LKYV,No,48.94,Female,0,Yes,No,45,No,No phone service,DSL,Yes,No,No,No,No,No,Month-to-month,Yes,Credit card (automatic),2208.25
MW-37851-ZFBX,Yes,96.15,Male,0,Yes,No,34,Yes,No,No,No internet service,No internet service,No internet service,No internet service,No internet service,No internet service,Month-to-month,Yes,Credit card (automatic),3237.82
MW-31612-DRXB,No,26.27,Female,0,No,No,17,Yes,No,Fiber optic,Yes,Yes,No,No,Yes,No,Month-to-month,Yes,Mailed check,426.34
MW-77517-QYZG,No,62.89,Male,0,Yes,No,6,Yes,Yes,DSL,No,Yes,No,No,No,Yes,Two year,No,Electronic check,383.54
MW-15353-GFQX,No,66.68,Female,1,Yes,No,41,Yes,No,No,No internet service,No internet service,No internet service,No internet service,No internet service,No internet service,Month-to-month,No,Credit card (automatic),2713.12
MW-42572-XHNT,No,60.26,Female,0,Yes,No,16,Yes,No,No,No internet service,No internet service,No internet service,No internet service,No internet service,No internet service,Month-to-month,Yes,Electronic check,959.72
MW-20496-SAXY,Yes,93.05,Female,0,No,No,43,Yes,Yes,Fiber optic,Yes,No,No,No,Yes,Yes,Month-to-month,Yes,Credit card (automatic),3978.9
MW-75245-RKUE,No,18.88,Male,1,No,Yes,50,Yes,Yes,DSL,Yes,No,No,No,No,Yes,Two year,Yes,Bank transfer (automatic),944.84
MW-70007-FZJT,Yes,81.04,Female,0,Yes,No,62,Yes,No,Fiber optic,No,Yes,No,Yes,Yes,No,Month-to-month,Yes,Mailed check,5041.33
MW-66881-KVVN,No,26.65,Male,1,Yes,No,36,Yes,Yes,DSL,No,No,No,Yes,Yes,Yes,One year,No,Bank transfer (automatic),950.21
MW-23008-KSEG,Yes,48.74,Male,0,Yes,No,0,Yes,No,Fiber optic,No,No,Yes,Yes,No,No,Month-to-month,Yes,Bank transfer (automatic),0.0
MW-29141-BNRK,Yes,23.57,Male,0,No,No,20,Yes,Yes,DSL,No,Yes,No,Yes,No,No,Month-to-month,No,Credit card (automatic),459.16
MW-59132-TLFA,Yes,54.04,Male,0,No,No,62,Yes,No,Fiber optic,No,No,No,No,No,No,One year,Yes,Electronic check,3339.29
MW-80382-WVLF,No,46.65,Female,0,Yes,Yes,38,Yes,Yes,Fiber optic,No,No,No,No,Yes,No,Month-to-month,Yes,Credit card (automatic),1760.23
MW-46295-QMJR,No,113.15,Male,1,No,No,45,Yes,No,No,No internet service,No internet service,No internet service,No internet service,No internet service,No internet service,One year,Yes,Electronic check,5103.54
MW-17215-FADJ,Yes,71.24,Male,1,Yes,No,33,Yes,No,No,No internet service,No internet service,No internet service,No internet service,No internet service,No internet service,Month-to-month,Yes,Bank transfer (automatic),2329.72
MW-53965-VGZD,No,77.19,Female,0,No,No,11,Yes,No,DSL,No,No,No,No,No,Yes,One year,Yes,Credit card (automatic),844.11
MW-40322-ZVBN,No,30.77,Male,1,Yes,Yes,65,Yes,Yes,DSL,Yes,No,No,No,No,No,One year,Yes,Mailed check,2006.2
MW-72800-SLZD,Yes,86.2,Female,0,No,No,56,No,No phone service,Fiber optic,Yes,No,Yes,No,Yes,No,One year,Yes,Electronic check,4840.85
MW-19568-NNQG,Yes,113.15,Female,0,No,No,72,Yes,Yes,DSL,No,Yes,No,No,No,Yes,Month-to-month,Yes,Credit card (automatic),8153.41
MW-20165-MDCN,No,90.1,Female,0,No,No,62,No,No phone service,DSL,No,No,Yes,No,Yes,No,One year,No,Credit card (automatic),5585.11
MW-89741-TSYB,No,24.64,Male,0,Yes,No,21,Yes,No,Fiber optic,No,No,No,Yes,No,No,Two year,Yes,Electronic check,508.91
MW-10041-LBJT,Yes,50.08,Female,0,Yes,No,18,Yes,Yes,Fiber optic,No,No,Yes,No,Yes,Yes,Month-to-month,No,Mailed check,915.32
MW-22741-QEBD,No,67.25,Male,0,No,No,18,Yes,No,DSL,No,Yes,No,Yes,No,No,Month-to-month,No,Credit card (automatic),1197.49
MW-39235-LZKE,No,46.69,Male,0,Yes,No,67,Yes,No,Fiber optic,No,Yes,No,No,No,No,Two year,No,Electronic check,3115.45
MW-91170-GSGV,No,120.0,Male,0,No,No,40,Yes,Yes,No,No internet service,No internet service,No internet service,No internet service,No internet service,No internet service,Month-to-month,Yes,Bank transfer (automatic),4820.29
MW-67977-AHGM,No,49.53,Male,1,Yes,No,33,Yes,Yes,Fiber optic,No,Yes,Yes,Yes,No,No,One year,Yes,Mailed check,1639.89
MW-93633-KPHE,No,62.7,Female,0,No,No,70,Yes,No,DSL,Yes,No,Yes,No,No,No,One year,Yes,Electronic check,4394.93
MW-79256-RHXZ,No,45.99,Male,0,No,No,44,Yes,No,Fiber optic,Yes,Yes,No,No,No,Yes,Month-to-month,Yes,Credit card (automatic),2032.54
MW-77680-FGYV,No,70.95,Male,0,Yes,Yes,66,No,No phone service,No,No internet service,No internet service,No internet service,No internet service,No internet service,No internet service,One year,Yes,Electronic check,4681.28
MW-64112-LNFR,Yes,105.47,Male,1,No,No,71,Yes,No,DSL,No,Yes,No,No,No,No,One year,No,Credit card (automatic),7466.8
MW-12903-YLLQ,No,67.45,Male,0,Yes,No,5,Yes,No,Fiber optic,Yes,No,Yes,Yes,No,No,Month-to-month,No,Bank transfer (automatic),341.02
MW-70172-VNLM,Yes,57.43,Male,0,Yes,Yes,26,Yes,Yes,Fiber optic,Yes,No,No,No,No,No,Two year,No,Mailed check,1492.91
MW-52583-AVJX,No,31.78,Female,0,No,Yes,53,Yes,No,Fiber optic,Yes,No,Yes,No,Yes,No,Month-to-month,Yes,Mailed check,1671.45
MW-49410-JGXD,No,100.27,Female,1,Yes,No,59,Yes,Yes,DSL,No,No,No,No,Yes,No,Month-to-month,No,Mailed check,5899.59
MW-13360-UVFF,No,59.69,Male,0,No,No,10,Yes,Yes,No,No internet service,No internet service,No internet service,No internet service,No internet service,No internet service,Two year,Yes,Credit card (automatic),596.2
MW-44030-HWJC,No,58.4,Female,0,No,Yes,23,Yes,No,DSL,Yes,No,No,No,No,Yes,Month-to-month,Yes,Bank transfer (automatic),1322.83
MW-25903-KCNE,No,18.0,Female,1,No,No,40,Yes,Yes,DSL,Yes,Yes,Yes,No,No,No,Two year,No,Credit card (automatic),717.85
MW-43852-GAAT,Yes,60.18,Female,0,Yes,Yes,58,Yes,Yes,DSL,Yes,No,No,Yes,Yes,No,Month-to-month,No,Mailed check,3486.48
MW-73473-YKAY,Yes,51.97,Male,1,Yes,No,8,Yes,Yes,Fiber optic,No,No,No,No,No,No,Month-to-month,Yes,Electronic check,413.97
MW-45550-KJVS,Yes,18.0,Male,0,No,No,43,Yes,No,DSL,No,No,Yes,No,No,No,Month-to-month,Yes,Electronic check,780.04
MW-30098-TSAH,Yes,93.69,Male,1,No,No,21,Yes,Yes,Fiber optic,No,No,No,No,No,No,One year,Yes,Credit card (automatic),1976.82
MW-16359-SXRK,No,47.94,Female,1,No,Yes,15,Yes,Yes,No,No internet service,No internet service,No internet service,No internet service,No internet service,No internet service,Two year,Yes,Mailed check,708.43
MW-41658-XPDK,No,120.0,Female,0,No,Yes,37,No,No phone service,DSL,Yes,No,Yes,No,Yes,Yes,Two year,Yes,Mailed check,4453.05
MW-44871-WLPB,No,106.43,Female,1,No,No,30,Yes,No,No,No internet service,No internet service,No internet service,No internet service,No internet service,No internet service,Two year,Yes,Mailed check,3189.61
MW-70244-RHCY,No,42.4,Female,0,No,Yes,46,Yes,Yes,No,No internet service,No internet service,No internet service,No internet service,No internet service,No internet service,One year,Yes,Mailed check,1976.7
MW-99289-KVSX,No,105.08,Male,0,No,No,23,Yes,Yes,DSL,No,No,No,No,No,No,One year,Yes,Bank transfer (automatic),2408.06
MW-45701-LTYR,No,112.32,Female,0,Yes,Yes,60,Yes,No,Fiber optic,Yes,Yes,Yes,No,Yes,No,Month-to-month,No,Bank transfer (automatic),6715.03
MW-97677-RXJN,No,47.23,Male,0,Yes,Yes,5,Yes,Yes,No,No internet service,No internet service,No internet service,No internet service,No internet service,No internet service,Two year,No,Credit card (automatic),248.65
MW-46136-TXVK,No,33.02,Female,0,Yes,No,62,Yes,No,No,No internet service,No internet service,No internet service,No internet service,No internet service,No internet service,One year,Yes,Electronic check,2053.62
MW-83461-UQLM,No,18.0,Female,1,No,No,2,Yes,Yes,Fiber optic,No,No,Yes,No,Yes,No,Two year,No,Bank transfer (automatic),54.02
MW-86413-UAYE,No,75.41,Female,0,Yes,Yes,53,Yes,No,No,No internet service,No internet service,No internet service,No internet service,No internet service,No internet service,Month-to-month,Yes,Electronic check,4001.37
MW-73275-SYFQ,Yes,34.8,Female,0,Yes,No,25,Yes,Yes,Fiber optic,Yes,No,No,No,Yes,Yes,Month-to-month,Yes,Credit card (automatic),905.1
MW-25184-NBRZ,No,76.31,Male,0,Yes,No,27,Yes,Yes,DSL,No,No,Yes,Yes,No,No,One year,Yes,Bank transfer (automatic),2057.54
MW-52788-XYMT,Yes,46.96,Female,0,No,No,1,Yes,No,DSL,No,No,No,Yes,No,No,Month-to-month,Yes,Mailed check,62.65
MW-99970-FGYH,Yes,40.61,Female,0,No,No,51,Yes,Yes,Fiber optic,No,No,No,No,No,No,Month-to-month,No,Credit card (automatic),2063.23
MW-37971-TWRB,No,47.16,Male,1,Yes,No,12,Yes,No,Fiber optic,Yes,Yes,Yes,No,No,No,Two year,Yes,Mailed check,573.3
MW-93275-YFZD,Yes,25.01,Male,1,Yes,No,48,Yes,Yes,DSL,No,No,Yes,No,No,No,Month-to-month,Yes,Electronic check,1210.65
MW-40143-JTBK,No,47.14,Female,0,No,No,52,No,No phone service,DSL,No,No,No,No,Yes,No,Month-to-month,Yes,Mailed check,2463.77
MW-78631-XXPV,Yes,41.9,Male,0,No,Yes,61,Yes,No,No,No internet service,No internet service,No internet service,No internet service,No internet service,No internet service,Month-to-month,Yes,Electronic check,2567.54
MW-12484-VZLH,No,63.58,Female,0,Yes,Yes,51,Yes,Yes,Fiber optic,No,Yes,No,No,No,Yes,Month-to-month,Yes,Credit card (automatic),3194.03
MW-42227-XMQR,Yes,67.13,Male,0,Yes,No,22,Yes,No,DSL,No,No,No,No,No,Yes,One year,Yes,Bank transfer (automatic),1475.83
MW-20684-VZJJ,No,31.86,Male,0,No,No,53,Yes,Yes,DSL,No,No,No,No,No,Yes,Two year,Yes,Bank transfer (automatic),1679.95
MW-60163-XHRR,No,97.02,Male,0,No,No,60,Yes,Yes,DSL,No,No,Yes,No,Yes,No,Two year,Yes,Credit card (automatic),5815.53
MW-31071-LRTE,No,59.21,Female,1,Yes,No,23,Yes,Yes,DSL,Yes,Yes,No,Yes,No,No,One year,Yes,Credit card (automatic),1357.58
MW-11277-ELWK,No,109.07,Male,0,Yes,Yes,9,Yes,Yes,Fiber optic,No,Yes,Yes,No,No,Yes,One year,Yes,Mailed check,996.29
MW-25804-MLUD,Yes,71.23,Male,1,No,No,64,Yes,Yes,DSL,Yes,No,No,No,Yes,No,Month-to-month,Yes,Electronic check,4561.76
MW-13490-QREE,No,66.07,Female,0,No,No,10,Yes,No,No,No internet service,No internet service,No internet service,No internet service,No internet service,No internet service,Two year,Yes,Mailed check,653.09
MW-54654-SAFM,No,49.27,Male,1,Yes,Yes,43,No,No phone service,DSL,No,Yes,Yes,No,No,No,Month-to-month,No,Credit card (automatic),2096.59
MW-80337-AARR,No,82.45,Female,0,No,No,17,Yes,No,DSL,No,No,No,No,No,No,Month-to-month,No,Credit card (automatic),1424.65
MW-42886-YQCP,No,65.01,Male,0,No,No,9,Yes,No,No,No internet service,No internet service,No internet service,No internet service,No internet service,No internet service,Two year,No,Bank transfer (automatic),575.38
MW-89281-ACFC,No,89.75,Female,0,No,No,56,Yes,No,Fiber optic,No,No,Yes,No,Yes,No,Two year,No,Electronic check,5024.04
MW-13662-ZRQA,Yes,112.14,Male,0,No,No,10,Yes,No,DSL,Yes,No,No,No,No,Yes,Month-to-month,Yes,Electronic check,1153.48
MW-31170-DCQU,No,42.19,Male,0,Yes,No,48,Yes,Yes,DSL,Yes,No,No,No,No,No,One year,Yes,Credit card (automatic),2015.82
MW-32911-QEGM,No,82.4,Female,0,No,Yes,50,Yes,Yes,Fiber optic,No,Yes,Yes,No,No,No,Month-to-month,Yes,Electronic check,4115.86
MW-21542-LCLF,Yes,81.55,Female,0,Yes,No,4,Yes,No,Fiber optic,No,Yes,No,Yes,No,No,Month-to-month,No,Bank transfer (automatic),329.68
MW-75851-EXCU,No,77.74,Male,1,Yes,No,12,Yes,Yes,No,No internet service,No internet service,No internet service,No internet service,No internet service,No internet service,Month-to-month,No,Mailed check,908.79
MW-14945-BEXF,Yes,51.0,Female,1,Yes,Yes,57,Yes,No,Fiber optic,No,No,Yes,No,No,No,Month-to-month,Yes,Electronic check,2881.17
MW-32114-BMFR,Yes,51.61,Male,1,No,No,37,Yes,No,No,No internet service,No internet service,No internet service,No internet service,No internet service,No internet service,Month-to-month,No,Bank transfer (automatic),1902.35
MW-10209-PPAG,No,46.48,Female,0,No,Yes,8,Yes,No,Fiber optic,Yes,No,No,Yes,No,No,Month-to-month,Yes,Credit card (automatic),365.13
MW-91609-AYCW,No,45.89,Female,0,Yes,No,72,Yes,Yes,Fiber optic,Yes,Yes,No,Yes,Yes,No,Month-to-month,No,Credit card (automatic),3306.09
MW-43534-WRVX,No,38.8,Female,1,No,No,19,Yes,No,Fiber optic,No,Yes,No,No,Yes,No,Month-to-month,Yes,Mailed check,722.53
MW-21877-XHUH,No,60.87,Male,0,No,Yes,0,Yes,Yes,Fiber optic,No,No,No,Yes,Yes,Yes,Two year,No,Mailed check,6.51
MW-42625-DHYD,No,41.27,Male,0,Yes,No,67,Yes,No,Fiber optic,No,Yes,No,Yes,Yes,No,One year,No,Credit card (automatic),2732.74
MW-92069-PDMX,No,77.07,Male,0,Yes,Yes,1,Yes,Yes,Fiber optic,No,No,No,Yes,No,No,Two year,No,Bank transfer (automatic),76.02
MW-67357-YWWP,No,65.71,Male,0,No,No,40,Yes,Yes,DSL,Yes,No,Yes,No,Yes,Yes,Month-to-month,Yes,Mailed check,2633.8
MW-42559-ARLF,No,69.07,Female,0,No,Yes,72,Yes,No,Fiber optic,No,Yes,Yes,No,Yes,Yes,One year,Yes,Bank transfer (automatic),4977.97
MW-81431-SADL,No,55.8,Female,0,No,No,42,Yes,Yes,DSL,Yes,No,No,No,Yes,No,Two year,No,Electronic check,2341.16
MW-16104-ESVS,Yes,66.07,Female,1,No,No,42,Yes,No,Fiber optic,No,Yes,No,No,No,Yes,Month-to-month,No,Electronic check,2765.03
MW-39529-DQYY,No,56.58,Female,0,No,Yes,28,Yes,Yes,DSL,No,No,No,Yes,No,No,Month-to-month,No,Credit card (automatic),1581.36
MW-54825-DFEG,Yes,87.39,Female,0,Yes,No,9,Yes,Yes,DSL,Yes,Yes,Yes,No,Yes,Yes,Month-to-month,Yes,Bank transfer (automatic),805.02
MW-58210-XBPY,Yes,50.73,Male,0,Yes,No,41,Yes,Yes,DSL,Yes,Yes,Yes,Yes,Yes,No,Month-to-month,No,Electronic check,2070.94
MW-83641-VLNK,No,75.27,Female,0,No,No,65,Yes,No,DSL,Yes,Yes,No,Yes,Yes,No,Month-to-month,No,Electronic check,4907.22
MW-79512-SZPL,Yes,24.81,Male,0,No,No,6,Yes,Yes,DSL,Yes,No,No,Yes,No,No,Month-to-month,No,Credit card (automatic),165.92
MW-91058-XJBF,Yes,85.36,Female,0,No,No,64,Yes,No,DSL,No,No,No,No,No,No,Month-to-month,Yes,Bank transfer (automatic),5437.0
MW-75256-RLXS,Yes,47.22,Male,0,No,No,30,Yes,Yes,Fiber optic,Yes,No,Yes,No,No,Yes,One year,Yes,Bank transfer (automatic),1414.68
MW-94432-PXTE,No,36.63,Male,0,No,No,39,Yes,No,Fiber optic,Yes,No,No,No,No,Yes,Month-to-month,Yes,Electronic check,1413.9
MW-26152-TSYA,Yes,29.84,Male,0,Yes,No,12,Yes,Yes,No,No internet service,No internet service,No internet service,No internet service,No internet service,No internet service,Month-to-month,No,Credit card (automatic),335.55
MW-25391-DVZG,No,27.46,Male,0,Yes,No,45,Yes,Yes,No,No internet service,No internet service,No internet service,No internet service,No internet service,No internet service,One year,Yes,Credit card (automatic),1247.58
MW-34953-ZASK,No,49.56,Female,0,Yes,No,13,Yes,No,DSL,No,Yes,Yes,No,Yes,No,Month-to-month,Yes,Bank transfer (automatic),651.38
MW-12402-RXPF,No,108.96,Female,0,Yes,No,19,Yes,No,Fiber optic,Yes,No,Yes,No,Yes,No,Month-to-month,No,Electronic check,2074.19
MW-88413-YGNE,No,44.7,Male,0,No,Yes,52,Yes,No,Fiber optic,No,No,Yes,Yes,Yes,Yes,Month-to-month,No,Bank transfer (automatic),2308.12
MW-37528-XZKL,No,18.0,Male,0,Yes,No,3,Yes,No,Fiber optic,No,Yes,Yes,No,Yes,No,Month-to-month,No,Credit card (automatic),57.16
MW-33076-MYQC,No,74.96,Male,0,Yes,No,32,Yes,No,Fiber optic,No,No,No,No,No,No,Month-to-month,Yes,Credit card (automatic),2379.06
MW-13749-ULBM,No,30.57,Male,0,No,Yes,43,No,No phone service,Fiber optic,No,No,Yes,No,No,No,Month-to-month,Yes,Credit card (automatic),1315.67
MW-44588-BGTM,No,88.44,Female,1,Yes,No,9,Yes,No,Fiber optic,Yes,Yes,No,No,No,No,Month-to-month,Yes,Bank transfer (automatic),786.04
MW-88849-LJXF,No,51.37,Male,1,No,Yes,21,No,No phone service,Fiber optic,Yes,Yes,Yes,No,No,No,Two year,Yes,Electronic check,1094.53
MW-29907-YJKR,No,55.78,Female,0,Yes,No,25,Yes,Yes,Fiber optic,No,Yes,No,No,No,No,Two year,No,Mailed check,1389.05
MW-53689-UMRK,No,99.92,Male,0,Yes,No,48,Yes,Yes,DSL,Yes,Yes,Yes,No,No,No,Month-to-month,No,Credit card (automatic),4799.63
MW-42634-UWWR,Yes,82.53,Female,0,Yes,Yes,71,Yes,Yes,No,No internet service,No internet service,No internet service,No internet service,No internet service,No internet service,Month-to-month,Yes,Electronic check,5863.13
MW-65909-GRQF,Yes,26.61,Male,0,No,No,61,Yes,Yes,No,No internet service,No internet service,No internet service,No internet service,No internet service,No internet service,Month-to-month,No,Electronic check,1622.07
MW-23794-WULA,No,31.02,Male,0,No,No,13,Yes,No,DSL,No,No,No,No,Yes,No,Two year,No,Bank transfer (automatic),404.84
MW-93595-TFTK,Yes,18.0,Male,0,No,No,1,Yes,No,Fiber optic,No,No,Yes,No,No,No,Two year,No,Mailed check,22.56
MW-99180-TXCA,No,120.0,Female,0,No,Yes,3,Yes,No,No,No internet service,No internet service,No internet service,No internet service,No internet service,No internet service,Month-to-month,No,Credit card (automatic),346.55
MW-15156-SLSC,Yes,38.12,Female,0,No,No,43,Yes,No,Fiber optic,Yes,Yes,No,Yes,No,Yes,Month-to-month,Yes,Electronic check,1645.2
MW-11493-WFDK,Yes,99.09,Male,0,Yes,No,11,Yes,Yes,DSL,Yes,No,Yes,No,No,Yes,Month-to-month,No,Electronic check,1102.95
MW-68438-VCNV,No,48.03,Female,0,Yes,No,16,Yes,No,Fiber optic,No,No,Yes,No,Yes,No,Two year,No,Electronic check,774.44
MW-30453-NBEQ,No,31.6,Male,0,Yes,No,61,Yes,Yes,Fiber optic,Yes,Yes,No,No,No,No,Two year,Yes,Bank transfer (automatic),1922.29
MW-23189-RDKC,No,64.65,Female,1,Yes,Yes,63,Yes,Yes,DSL,No,Yes,No,No,No,Yes,Month-to-month,Yes,Bank transfer (automatic),4075.57
MW-42560-PMRJ,No,54.2,Male,0,No,No,61,Yes,Yes,Fiber optic,Yes,Yes,No,Yes,No,Yes,One year,No,Mailed check,3300.74
MW-54250-ZBFB,No,88.06,Female,0,No,Yes,18,Yes,No,Fiber optic,No,No,Yes,No,Yes,No,Month-to-month,Yes,Mailed check,1583.3
MW-38066-WHAU,No,88.43,Male,0,Yes,Yes,45,Yes,No,DSL,Yes,Yes,No,No,No,No,One year,Yes,Electronic check,3961.53
MW-20889-XWFB,No,46.3,Female,0,Yes,No,44,Yes,No,No,No internet service,No internet service,No internet service,No internet service,No internet service,No internet service,Two year,No,Bank transfer (automatic),2057.9
MW-94683-HEUJ,No,20.8,Male,0,No,No,13,Yes,Yes,DSL,No,Yes,No,Yes,Yes,No,Month-to-month,Yes,Credit card (automatic),299.43
MW-11253-LRLG,No,28.09,Female,0,Yes,Yes,40,Yes,No,Fiber optic,Yes,No,No,No,No,No,Month-to-month,No,Credit card (automatic),1113.04
MW-35202-FFDQ,No,18.0,Female,0,No,No,38,Yes,No,Fiber optic,No,No,No,No,No,Yes,One year,Yes,Electronic check,695.79
MW-63585-FSJM,Yes,55.77,Male,0,No,Yes,28,Yes,Yes,DSL,No,No,Yes,Yes,No,No,Month-to-month,No,Bank transfer (automatic),1583.43
MW-17678-WSGA,No,63.65,Female,1,No,Yes,54,Yes,Yes,Fiber optic,No,No,Yes,Yes,Yes,No,Two year,Yes,Electronic check,3422.74
MW-89986-THBQ,No,29.72,Female,0,Yes,No,49,Yes,Yes,Fiber optic,No,Yes,Yes,No,No,No,Month-to-month,Yes,Electronic check,1423.9
MW-67368-VRVE,No,26.09,Male,0,No,No,38,Yes,No,Fiber optic,No,No,No,Yes,No,Yes,Two year,Yes,Electronic check,1014.17
MW-78064-WHNF,No,63.52,Male,1,Yes,No,52,Yes,No,Fiber optic,No,No,No,No,No,Yes,Month-to-month,No,Electronic check,3302.89
MW-96229-QXZH,No,45.04,Male,0,No,No,55,Yes,Yes,No,No internet service,No internet service,No internet service,No internet service,No internet service,No internet service,Month-to-month,Yes,Electronic check,2469.41
MW-21538-KXHX,Yes,57.61,Female,1,No,Yes,41,Yes,Yes,No,No internet service,No internet service,No internet service,No internet service,No internet service,No internet service,Month-to-month,Yes,Credit card (automatic),2362.72
MW-23789-NNYW,Yes,52.98,Male,0,No,No,19,Yes,Yes,DSL,Yes,No,No,No,Yes,Yes,Month-to-month,Yes,Electronic check,1001.08
MW-35661-YBCD,No,71.46,Male,0,No,Yes,55,Yes,Yes,Fiber optic,No,No,No,No,Yes,No,Month-to-month,No,Bank transfer (automatic),3974.69
MW-10031-NKFS,No,47.04,Female,0,No,No,52,Yes,No,Fiber optic,No,No,Yes,No,Yes,Yes,One year,Yes,Credit card (automatic),2438.12
MW-70331-FZJM,No,49.34,Male,1,No,No,71,Yes,No,No,No internet service,No internet service,No internet service,No internet service,No internet service,No internet service,Month-to-month,No,Bank transfer (automatic),3508.05
MW-88523-BADE,Yes,18.0,Male,1,No,Yes,10,Yes,No,No,No internet service,No internet service,No internet service,No internet service,No internet service,No internet service,Month-to-month,No,Mailed check,199.38
MW-25316-CLSS,Yes,62.49,Female,0,No,Yes,30,Yes,No,Fiber optic,Yes,Yes,No,No,No,No,Month-to-month,Yes,Bank transfer (automatic),1894.01
MW-62687-VQDX,No,66.66,Female,0,No,No,67,Yes,No,No,No internet service,No internet service,No internet service,No internet service,No internet service,No internet service,Month-to-month,Yes,Electronic check,4482.66
MW-71423-WGWN,No,58.67,Male,0,No,No,37,Yes,No,Fiber optic,Yes,No,No,No,Yes,No,Two year,No,Mailed check,2164.4
MW-70867-KDYR,No,120.0,Female,0,No,Yes,68,Yes,Yes,DSL,Yes,No,Yes,No,Yes,No,Two year,Yes,Mailed check,8157.72
MW-90811-LUUN,Yes,68.88,Male,0,Yes,No,0,Yes,Yes,Fiber optic,Yes,No,No,Yes,No,No,Month-to-month,No,Credit card (automatic),0.0
MW-46469-FLQE,No,59.31,Male,0,No,Yes,2,Yes,No,Fiber optic,Yes,Yes,No,No,No,No,One year,No,Credit card (automatic),117.5
MW-73235-CYPQ,No,78.97,Male,0,No,Yes,58,Yes,No,Fiber optic,Yes,No,No,No,Yes,No,One year,Yes,Credit card (automatic),4580.75
MW-40521-LVJA,No,120.0,Female,1,No,No,26,Yes,Yes,Fiber optic,Yes,No,Yes,No,Yes,Yes,Two year,No,Bank transfer (automatic),3131.13
MW-80884-UGUM,Yes,71.58,Male,0,No,Yes,37,Yes,No,No,No internet service,No internet service,No internet service,No internet service,No internet service,No internet service,Month-to-month,No,Bank transfer (automatic),2675.39
MW-43238-JNLK,No,18.0,Female,0,Yes,No,31,Yes,No,No,No internet service,No internet service,No internet service,No internet service,No internet service,No internet service,Month-to-month,Yes,Credit card (automatic),568.67
MW-65421-GJHL,Yes,76.96,Female,0,Yes,Yes,29,No,No phone service,DSL,Yes,No,No,No,No,No,Month-to-month,Yes,Credit card (automatic),2247.9
MW-66880-ZJQA,No,37.62,Male,0,Yes,Yes,68,Yes,No,Fiber optic,No,Yes,Yes,No,Yes,No,Two year,Yes,Mailed check,2557.9
MW-52890-ASSU,No,18.0,Female,0,No,No,6,Yes,No,Fiber optic,No,Yes,No,No,Yes,No,One year,Yes,Credit card (automatic),127.26
MW-42566-PHCZ,Yes,114.93,Male,1,No,Yes,56,Yes,No,DSL,Yes,No,No,No,No,No,Month-to-month,No,Credit card (automatic),6436.25
MW-55973-EZGP,Yes,108.44,Female,0,Yes,Yes,64,Yes,Yes,No,No internet service,No internet service,No internet service,No internet service,No internet service,No internet service,Month-to-month,No,Mailed check,6957.27
MW-58156-CVKP,No,36.84,Male,0,No,No,47,Yes,No,Fiber optic,No,Yes,No,No,Yes,No,One year,Yes,Electronic check,1743.55
MW-55229-DGKB,No,37.04,Male,1,No,Yes,28,Yes,No,DSL,No,No,No,Yes,No,No,Two year,No,Electronic check,1043.01
MW-77708-TJTE,Yes,68.81,Female,0,No,No,11,Yes,No,No,No internet service,No internet service,No internet service,No internet service,No internet service,No internet service,Month-to-month,No,Credit card (automatic),733.8
MW-84659-AYFZ,Yes,37.44,Male,0,Yes,No,49,Yes,No,Fiber optic,Yes,Yes,No,No,No,No,One year,Yes,Electronic check,1850.96
MW-44314-SNRP,No,59.95,Female,0,No,No,34,Yes,Yes,DSL,No,Yes,No,No,No,No,Month-to-month,Yes,Mailed check,2043.97
MW-48930-KYBT,No,42.6,Female,0,No,Yes,10,Yes,No,DSL,No,No,No,Yes,No,Yes,Month-to-month,No,Bank transfer (automatic),436.54
MW-69036-QDRY,No,51.99,Female,0,Yes,Yes,26,Yes,Yes,Fiber optic,Yes,No,Yes,Yes,No,No,Month-to-month,Yes,Credit card (automatic),1356.44
MW-85353-HPKA,No,21.87,Male,1,No,No,70,No,No phone service,No,No internet service,No internet service,No internet service,No internet service,No internet service,No internet service,One year,No,Credit card (automatic),1538.19
MW-12053-BERV,No,88.81,Male,0,Yes,No,19,Yes,Yes,Fiber optic,No,Yes,No,No,No,No,Two year,Yes,Bank transfer (automatic),1706.9
MW-27954-BDWW,Yes,100.11,Male,1,No,Yes,13,Yes,No,DSL,No,Yes,Yes,No,Yes,Yes,Month-to-month,No,Mailed check,1294.32
MW-72438-NUFA,Yes,60.99,Female,0,No,Yes,49,Yes,No,DSL,No,No,Yes,No,No,Yes,Month-to-month,No,Electronic check,2995.52
MW-12352-XHJN,No,62.91,Male,1,No,No,14,Yes,Yes,Fiber optic,Yes,No,Yes,Yes,No,Yes,Month-to-month,Yes,Bank transfer (automatic),869.08
MW-26353-QBQP,Yes,82.87,Male,0,No,Yes,67,Yes,Yes,Fiber optic,Yes,No,No,Yes,No,No,Month-to-month,No,Electronic check,5560.94
MW-67147-TZTQ,No,64.06,Male,0,No,No,62,No,No phone service,Fiber optic,No,No,Yes,Yes,Yes,No,Month-to-month,No,Bank transfer (automatic),3975.49
MW-74593-XMBW,Yes,115.89,Female,0,No,No,71,Yes,Yes,DSL,No,No,No,No,No,Yes,Month-to-month,Yes,Credit card (automatic),8218.73
MW-41344-ZZXX,Yes,24.51,Female,0,No,No,66,Yes,Yes,Fiber optic,No,Yes,No,Yes,No,No,Month-to-month,Yes,Bank transfer (automatic),1619.06
MW-22448-SATC,No,89.83,Male,1,No,Yes,17,Yes,Yes,Fiber optic,No,Yes,No,No,Yes,Yes,Month-to-month,Yes,Bank transfer (automatic),1518.58
MW-98857-DQYF,No,60.57,Female,1,Yes,Yes,15,Yes,Yes,Fiber optic,No,Yes,Yes,No,No,No,Month-to-month,Yes,Bank transfer (automatic),902.88
MW-55720-DNJW,No,30.36,Female,0,No,No,25,Yes,No,DSL,No,Yes,Yes,No,No,Yes,Two year,No,Credit card (automatic),764.32
MW-31800-EYGJ,Yes,120.0,Male,0,No,No,34,No,No phone service,Fiber optic,Yes,No,No,No,No,Yes,Month-to-month,No,Mailed check,4084.03
MW-42142-SWMN,No,120.0,Male,0,No,Yes,64,Yes,No,Fiber optic,No,Yes,No,Yes,Yes,No,One year,Yes,Mailed check,7651.19
MW-90818-RRUD,No,57.76,Male,0,No,Yes,53,Yes,No,Fiber optic,No,No,Yes,No,No,Yes,Two year,Yes,Electronic check,3066.84
MW-98798-YBFU,No,77.34,Male,0,Yes,No,47,Yes,No,DSL,No,No,No,No,Yes,No,One year,Yes,Bank transfer (automatic),3630.43
MW-42044-GQDV,Yes,49.86,Female,1,No,No,64,Yes,Yes,DSL,No,No,No,No,Yes,No,Month-to-month,Yes,Electronic check,3184.83
MW-56379-HCCE,No,54.69,Female,1,No,No,47,Yes,No,Fiber optic,No,No,Yes,No,Yes,No,Month-to-month,Yes,Mailed check,2553.52
MW-15279-TBQR,No,30.03,Male,1,No,No,27,Yes,Yes,DSL,Yes,No,Yes,No,No,Yes,One year,No,Bank transfer (automatic),810.13
MW-25707-HQHL,No,25.59,Female,0,No,Yes,30,Yes,Yes,Fiber optic,Yes,Yes,No,No,No,No,Month-to-month,Yes,Electronic check,759.85
MW-94131-ADCA,Yes,119.32,Female,0,Yes,No,37,Yes,Yes,Fiber optic,No,Yes,No,No,Yes,Yes,Month-to-month,No,Bank transfer (automatic),4433.94
MW-49631-JGGA,No,62.84,Female,0,Yes,Yes,6,Yes,Yes,DSL,Yes,Yes,No,No,No,No,Month-to-month,No,Electronic check,350.8
MW-94747-UYTE,No,65.52,Female,0,Yes,No,54,Yes,Yes,Fiber optic,Yes,No,Yes,Yes,No,No,Month-to-month,Yes,Electronic check,3523.62
MW-56844-UGHV,No,39.68,Male,1,Yes,No,47,Yes,Yes,Fiber optic,No,No,No,No,No,No,Month-to-month,Yes,Electronic check,1849.49
MW-19317-FZWQ,No,69.7,Male,0,Yes,No,53,Yes,Yes,DSL,No,No,Yes,No,No,Yes,One year,Yes,Electronic check,3697.98
MW-37877-NGRL,No,18.89,Female,0,Yes,Yes,38,No,No phone service,No,No internet service,No internet service,No internet service,No internet service,No internet service,No internet service,Month-to-month,Yes,Credit card (automatic),735.42
MW-67593-RBJC,No,40.79,Female,0,Yes,No,57,Yes,No,Fiber optic,No,Yes,No,No,No,No,Month-to-month,Yes,Credit card (automatic),2332.58
MW-85327-KTCV,No,28.01,Male,0,No,No,69,Yes,No,No,No internet service,No internet service,No internet service,No internet service,No internet service,No internet service,Two year,Yes,Bank transfer (automatic),1916.27
MW-93605-VGET,No,102.79,Female,0,Yes,Yes,41,No,No phone service,DSL,No,No,Yes,No,No,No,Month-to-month,No,Bank transfer (automatic),4207.95
MW-96457-URDN,No,18.0,Male,0,No,No,32,Yes,Yes,No,No internet service,No internet service,No internet service,No internet service,No internet service,No internet service,One year,Yes,Credit card (automatic),563.86
MW-58646-GGPZ,Yes,28.62,Male,0,No,No,7,Yes,Yes,No,No internet service,No internet service,No internet service,No internet service,No internet service,No internet service,Month-to-month,No,Credit card (automatic),207.96
MW-81517-EFFF,No,18.0,Male,0,No,No,56,Yes,No,DSL,No,No,No,Yes,Yes,No,Month-to-month,Yes,Mailed check,1001.26
MW-29415-YCER,No,37.3,Female,0,No,Yes,65,Yes,No,Fiber optic,No,No,Yes,No,No,Yes,Two year,Yes,Electronic check,2403.31
MW-36938-JXQD,Yes,50.21,Male,0,No,Yes,51,Yes,No,Fiber optic,No,No,No,No,Yes,No,Month-to-month,Yes,Bank transfer (automatic),2569.48
MW-14025-MCLX,No,93.33,Male,0,No,Yes,63,Yes,No,Fiber optic,No,No,No,No,No,No,Month-to-month,No,Credit card (automatic),5898.74
MW-45049-MRKZ,No,57.34,Male,0,Yes,Yes,62,No,No phone service,Fiber optic,Yes,No,No,No,No,Yes,Two year,No,Electronic check,3552.4
MW-61478-QTVU,No,51.68,Male,0,Yes,No,58,Yes,Yes,No,No internet service,No internet service,No internet service,No internet service,No internet service,No internet service,One year,Yes,Mailed check,2999.25
MW-83383-YMDF,No,73.0,Male,0,No,Yes,36,Yes,Yes,Fiber optic,Yes,No,Yes,Yes,No,No,One year,No,Mailed check,2605.41
MW-64480-FPCJ,No,50.71,Female,0,No,Yes,7,Yes,Yes,No,No internet service,No internet service,No internet service,No internet service,No internet service,No internet service,Month-to-month,Yes,Mailed check,324.08
MW-93476-TMJN,Yes,120.0,Male,0,No,Yes,0,Yes,Yes,No,No internet service,No internet service,No internet service,No internet service,No internet service,No internet service,Month-to-month,No,Bank transfer (automatic),0.0
MW-38966-DATQ,Yes,46.27,Male,0,No,No,14,Yes,Yes,No,No internet service,No internet service,No internet service,No internet service,No internet service,No internet service,One year,Yes,Mailed check,647.11
MW-75849-SJFV,Yes,76.41,Male,1,No,No,31,Yes,No,Fiber optic,No,No,No,No,No,Yes,Month-to-month,Yes,Credit card (automatic),2364.09
MW-42745-TBZP,No,88.79,Male,0,No,No,54,Yes,No,Fiber optic,No,Yes,No,No,No,Yes,Month-to-month,No,Credit card (automatic),4802.85
MW-88451-HJPC,No,45.41,Male,0,No,No,33,No,No phone service,No,No internet service,No internet service,No internet service,No internet service,No internet service,No internet service,One year,No,Electronic check,1495.57
MW-52895-BKYK,Yes,68.96,Male,0,No,No,1,Yes,Yes,Fiber optic,Yes,Yes,No,Yes,No,Yes,Month-to-month,No,Credit card (automatic),83.78
MW-18112-WUWD,No,48.97,Female,1,No,Yes,15,No,No phone service,DSL,No,No,Yes,Yes,Yes,Yes,Month-to-month,Yes,Credit card (automatic),747.63
MW-34750-ZVWB,No,72.22,Female,0,Yes,No,71,Yes,No,Fiber optic,Yes,Yes,Yes,Yes,No,Yes,Month-to-month,No,Mailed check,5122.78
MW-53661-GNRR,Yes,67.03,Male,0,Yes,No,72,Yes,Yes,DSL,No,Yes,Yes,Yes,No,No,Month-to-month,No,Mailed check,4811.11
MW-92878-ZAGB,No,59.79,Male,0,No,No,27,Yes,Yes,No,No internet service,No internet service,No internet service,No internet service,No internet service,No internet service,One year,No,Credit card (automatic),1585.59
MW-25293-NGQK,No,29.33,Male,0,Yes,No,58,Yes,Yes,Fiber optic,No,No,No,Yes,No,No,Two year,No,Mailed check,1722.64
MW-98970-GJRZ,Yes,119.91,Female,1,Yes,No,52,Yes,No,Fiber optic,No,Yes,Yes,No,Yes,No,Month-to-month,Yes,Electronic check,6221.18
MW-36222-EEZX,Yes,81.59,Male,0,No,No,67,Yes,Yes,DSL,No,Yes,No,Yes,No,Yes,Month-to-month,No,Electronic check,5444.08
MW-79826-XYFE,No,18.0,Female,0,Yes,No,64,Yes,No,Fiber optic,No,No,No,Yes,No,Yes,Month-to-month,Yes,Electronic check,1153.95
MW-80785-RUVZ,Yes,51.39,Female,1,No,No,45,Yes,No,DSL,No,Yes,Yes,No,No,No,Month-to-month,Yes,Bank transfer (automatic),2290.24
MW-22784-XFHN,No,18.0,Female,0,No,No,28,Yes,No,Fiber optic,No,No,No,Yes,No,No,Month-to-month,Yes,Electronic check,505.93
MW-93598-HUVT,No,86.86,Female,0,No,No,45,Yes,No,Fiber optic,Yes,No,Yes,Yes,No,No,Two year,No,Bank transfer (automatic),3903.66
MW-82452-AVGJ,Yes,63.35,Female,0,Yes,No,23,Yes,Yes,Fiber optic,Yes,No,Yes,Yes,Yes,No,Month-to-month,Yes,Mailed check,1470.91
MW-86315-PCTS,No,64.12,Male,0,Yes,No,25,Yes,No,DSL,No,Yes,No,No,Yes,No,Month-to-month,No,Credit card (automatic),1615.55
MW-45037-LJGR,No,38.73,Female,1,No,No,44,Yes,No,Fiber optic,No,Yes,No,No,No,No,Two year,No,Mailed check,1720.67
MW-22719-ZMZM,No,54.53,Male,0,Yes,No,41,Yes,No,Fiber optic,No,Yes,Yes,No,Yes,No,Month-to-month,No,Credit card (automatic),2238.82
MW-54677-AXJR,No,87.62,Male,1,Yes,Yes,42,Yes,No,No,No internet service,No internet service,No internet service,No internet service,No internet service,No internet service,Two year,No,Credit card (automatic),3667.16
MW-18064-MQUZ,Yes,95.67,Female,0,Yes,No,28,Yes,Yes,No,No internet service,No internet service,No internet service,No internet service,No internet service,No internet service,Month-to-month,No,Electronic check,2663.21
MW-35969-ZGAS,No,89.39,Female,0,Yes,No,29,No,No phone service,Fiber optic,Yes,No,No,Yes,No,No,Month-to-month,No,Bank transfer (automatic),2584.35
MW-38141-EJUQ,No,18.0,Female,0,No,Yes,0,Yes,No,DSL,No,No,No,No,Yes,No,Two year,No,Electronic check,29.91
MW-33246-QVRY,No,58.42,Male,0,Yes,No,43,Yes,No,DSL,No,Yes,No,No,No,Yes,Month-to-month,Yes,Credit card (automatic),2508.32
MW-48522-ELLV,Yes,71.6,Male,0,Yes,No,42,Yes,Yes,No,No internet service,No internet service,No internet service,No internet service,No internet service,No internet service,Month-to-month,Yes,Bank transfer (automatic),3009.62
MW-99833-WJYR,Yes,41.96,Female,0,No,No,68,Yes,Yes,No,No internet service,No internet service,No internet service,No internet service,No internet service,No internet service,Month-to-month,No,Electronic check,2876.06
MW-46567-FXES,No,18.0,Male,0,Yes,No,36,Yes,Yes,DSL,No,Yes,No,Yes,No,Yes,One year,Yes,Electronic check,651.82
MW-55515-YSNW,No,25.4,Female,0,Yes,No,34,No,No phone service,Fiber optic,No,Yes,Yes,Yes,Yes,Yes,One year,Yes,Mailed check,852.37
MW-65911-EGRT,Yes,108.99,Male,0,Yes,No,4,Yes,No,Fiber optic,No,Yes,Yes,No,No,No,Month-to-month,No,Credit card (automatic),446.91
MW-49848-GRUP,No,28.26,Male,0,No,No,14,Yes,Yes,DSL,No,Yes,Yes,No,Yes,Yes,One year,Yes,Credit card (automatic),389.21
MW-59608-DZJK,No,65.43,Female,1,Yes,No,24,Yes,Yes,No,No internet service,No internet service,No internet service,No internet service,No internet service,No internet service,One year,No,Electronic check,1574.66
MW-91003-PFBW,Yes,59.31,Female,0,No,No,27,Yes,Yes,No,No internet service,No internet service,No internet service,No internet service,No internet service,No internet service,Month-to-month,Yes,Electronic check,1609.05
MW-43947-UENT,No,59.39,Male,0,No,No,26,Yes,No,No,No internet service,No internet service,No internet service,No internet service,No internet service,No internet service,Month-to-month,No,Mailed check,1536.73
MW-24054-ZYBV,Yes,54.4,Female,0,Yes,No,28,Yes,Yes,DSL,Yes,Yes,Yes,Yes,No,No,Month-to-month,Yes,Bank transfer (automatic),1526.0
MW-33118-DRQY,Yes,87.67,Female,0,No,Yes,56,Yes,Yes,Fiber optic,Yes,No,No,Yes,No,No,Month-to-month,No,Electronic check,4933.52
MW-50722-PMQB,Yes,65.07,Female,0,Yes,Yes,9,Yes,No,No,No internet service,No internet service,No internet service,No internet service,No internet service,No internet service,Month-to-month,Yes,Electronic check,576.23
MW-80580-ATMT,Yes,45.23,Female,0,Yes,No,24,Yes,Yes,Fiber optic,No,No,No,Yes,Yes,No,Month-to-month,Yes,Credit card (automatic),1105.27
MW-54360-MWHK,No,65.54,Male,0,No,No,11,Yes,Yes,Fiber optic,No,No,Yes,No,Yes,No,Month-to-month,No,Mailed check,712.08
MW-22824-GDCC,No,25.67,Female,0,Yes,No,22,Yes,No,Fiber optic,Yes,Yes,No,Yes,Yes,No,Month-to-month,Yes,Bank transfer (automatic),591.77
MW-67451-CJLV,No,78.28,Female,1,No,No,49,Yes,Yes,DSL,No,No,Yes,No,Yes,No,One year,Yes,Mailed check,3822.89
MW-14397-VNQE,Yes,43.57,Female,0,No,No,3,Yes,No,Fiber optic,No,No,No,No,No,No,Month-to-month,No,Mailed check,124.8
MW-91076-GFMJ,No,45.3,Female,0,Yes,No,24,Yes,No,No,No internet service,No internet service,No internet service,No internet service,No internet service,No internet service,Two year,Yes,Bank transfer (automatic),1109.82
MW-18174-FMCW,No,79.39,Female,0,Yes,No,1,No,No phone service,DSL,Yes,Yes,No,No,Yes,No,Two year,Yes,Electronic check,102.67
MW-16451-UZGQ,No,51.78,Female,0,No,Yes,69,Yes,Yes,DSL,No,Yes,Yes,No,No,Yes,One year,Yes,Electronic check,3585.1
MW-77314-VKYE,No,53.47,Female,0,No,No,53,Yes,Yes,Fiber optic,No,No,No,No,Yes,No,Two year,Yes,Credit card (automatic),2817.68
MW-54481-ENJQ,No,99.03,Male,0,Yes,Yes,17,Yes,Yes,Fiber optic,Yes,Yes,Yes,No,No,Yes,Two year,Yes,Credit card (automatic),1684.75
MW-81325-WHTH,No,34.8,Male,0,Yes,No,14,Yes,Yes,DSL,No,No,Yes,No,No,No,Month-to-month,Yes,Bank transfer (automatic),487.22
MW-42005-BVNR,No,78.95,Male,0,No,No,7,Yes,No,DSL,Yes,No,No,No,No,No,One year,No,Electronic check,539.81
MW-44049-JLVP,No,92.49,Male,1,No,Yes,34,Yes,Yes,Fiber optic,Yes,No,No,No,No,No,Month-to-month,Yes,Electronic check,3155.11
MW-28435-DNDE,No,99.01,Female,0,No,No,55,Yes,No,DSL,No,Yes,Yes,No,No,No,One year,Yes,Electronic check,5433.9
MW-76619-ZWWC,Yes,120.0,Female,0,No,No,42,Yes,Yes,Fiber optic,Yes,No,Yes,No,Yes,Yes,Month-to-month,No,Credit card (automatic),5020.64
MW-45623-ZFEP,No,44.74,Female,0,Yes,No,64,Yes,No,Fiber optic,Yes,No,No,No,No,Yes,Month-to-month,Yes,Credit card (automatic),2839.05
MW-53049-KMWQ,Yes,37.96,Male,0,Yes,Yes,25,Yes,No,Fiber optic,No,Yes,Yes,No,No,Yes,Month-to-month,No,Mailed check,974.68
MW-24547-HYSG,No,88.52,Female,0,No,No,20,Yes,Yes,Fiber optic,Yes,No,No,No,Yes,No,Two year,Yes,Credit card (automatic),1762.74
MW-88837-BDEC,Yes,92.21,Female,1,Yes,Yes,34,Yes,No,Fiber optic,No,No,No,Yes,Yes,No,Month-to-month,Yes,Electronic check,3127.8
MW-84684-YBYU,No,40.28,Female,0,Yes,No,14,Yes,Yes,Fiber optic,No,No,No,No,No,No,Month-to-month,No,Bank transfer (automatic),548.46
MW-13226-BLAG,No,78.54,Male,0,Yes,No,71,No,No phone service,Fiber optic,No,Yes,No,No,Yes,No,Month-to-month,Yes,Electronic check,5596.86
MW-62086-GSEU,No,120.0,Female,0,Yes,No,13,Yes,Yes,Fiber optic,No,Yes,No,No,No,Yes,Month-to-month,No,Electronic check,1539.3
MW-39648-SYPK,No,67.14,Male,0,Yes,No,34,Yes,No,Fiber optic,No,Yes,Yes,No,Yes,No,Two year,No,Credit card (automatic),2264.7
MW-67073-TSFG,No,91.7,Female,1,No,Yes,38,Yes,Yes,Fiber optic,No,Yes,No,No,No,No,One year,No,Credit card (automatic),3479.77
MW-62135-RWNX,No,111.3,Female,0,No,Yes,4,Yes,No,Fiber optic,No,No,No,No,Yes,No,Month-to-month,Yes,Electronic check,444.88
MW-16417-PRJR,Yes,120.0,Female,1,No,No,34,Yes,No,Fiber optic,No,No,Yes,No,No,Yes,Month-to-month,Yes,Electronic check,4089.88
MW-62132-BRKQ,Yes,71.37,Male,0,Yes,No,33,Yes,No,DSL,Yes,Yes,Yes,No,No,Yes,Month-to-month,Yes,Bank transfer (automatic),2345.08
MW-11670-ZLST,No,101.59,Male,0,No,No,18,No,No phone service,Fiber optic,Yes,No,No,No,No,No,Month-to-month,Yes,Electronic check,1851.79
MW-42365-EZPT,No,40.35,Male,1,Yes,No,9,Yes,Yes,DSL,No,No,Yes,Yes,No,No,Two year,Yes,Bank transfer (automatic),353.12
MW-63516-DHYN,No,64.75,Male,0,Yes,No,3,Yes,No,No,No internet service,No internet service,No internet service,No internet service,No internet service,No internet service,One year,Yes,Bank transfer (automatic),179.12
MW-12369-AQWB,Yes,50.61,Female,0,Yes,No,0,No,No phone service,Fiber optic,Yes,No,No,No,No,Yes,Month-to-month,Yes,Electronic check,0.0
MW-54712-EMKC,No,18.0,Female,0,No,Yes,35,Yes,No,DSL,No,No,No,No,Yes,Yes,One year,Yes,Electronic check,618.39
MW-25251-ENQC,Yes,18.0,Male,0,Yes,No,6,Yes,No,Fiber optic,Yes,No,Yes,No,No,Yes,Month-to-month,No,Electronic check,90.47
MW-13421-TJZY,No,76.9,Female,0,Yes,Yes,70,Yes,Yes,Fiber optic,No,Yes,No,No,No,Yes,One year,Yes,Credit card (automatic),5394.26
MW-90357-QADG,Yes,77.49,Male,1,No,No,17,Yes,No,No,No internet service,No internet service,No internet service,No internet service,No internet service,No internet service,Month-to-month,Yes,Mailed check,1302.32
MW-14324-LJUQ,No,32.75,Male,0,No,Yes,47,Yes,Yes,No,No internet service,No internet service,No internet service,No internet service,No internet service,No internet service,One year,Yes,Bank transfer (automatic),1537.26
MW-53953-HZXR,Yes,110.72,Female,0,No,No,49,Yes,Yes,No,No internet service,No internet service,No internet service,No internet service,No internet service,No internet service,Month-to-month,No,Electronic check,5409.84
MW-11919-FXTD,No,30.7,Male,0,No,Yes,36,Yes,Yes,Fiber optic,No,No,No,No,Yes,No,Two year,No,Bank transfer (automatic),1087.58
MW-37680-EGRX,No,71.72,Male,0,Yes,Yes,64,No,No phone service,No,No internet service,No internet service,No internet service,No internet service,No internet service,No internet service,Month-to-month,Yes,Electronic check,4606.68
MW-31819-DASL,Yes,51.54,Male,0,Yes,No,8,Yes,No,Fiber optic,Yes,No,Yes,No,No,No,Month-to-month,Yes,Electronic check,436.36
MW-15424-BLAY,No,67.21,Male,0,Yes,No,17,Yes,No,No,No internet service,No internet service,No internet service,No internet service,No internet service,No internet service,Month-to-month,Yes,Bank transfer (automatic),1161.61
MW-45633-WLVX,Yes,90.96,Female,0,Yes,No,18,Yes,No,DSL,No,Yes,No,No,Yes,Yes,Month-to-month,Yes,Bank transfer (automatic),1615.21
MW-38958-AQFH,Yes,86.72,Male,0,Yes,No,9,Yes,No,No,No internet service,No internet service,No internet service,No internet service,No internet service,No internet service,Month-to-month,Yes,Electronic check,760.49
MW-54231-RDYM,No,85.24,Female,0,No,No,21,Yes,No,Fiber optic,No,No,No,No,No,No,One year,No,Mailed check,1819.72
MW-24546-WAUJ,No,81.4,Female,0,Yes,No,22,Yes,Yes,DSL,No,No,No,No,No,Yes,One year,Yes,Credit card (automatic),1786.99
MW-15299-SNPP,Yes,25.82,Female,0,Yes,No,55,Yes,No,No,No internet service,No internet service,No internet service,No internet service,No internet service,No internet service,Month-to-month,Yes,Electronic check,1399.48
MW-96661-MLZZ,No,98.04,Male,0,Yes,No,22,Yes,No,Fiber optic,Yes,No,Yes,No,Yes,Yes,One year,Yes,Electronic check,2173.11
MW-35124-QDBZ,No,32.19,Female,0,Yes,Yes,63,No,No phone service,No,No internet service,No internet service,No internet service,No internet service,No internet service,No internet service,One year,No,Mailed check,2028.98
MW-44151-ESTV,Yes,60.82,Male,1,Yes,No,56,Yes,No,DSL,Yes,No,No,No,Yes,Yes,Month-to-month,No,Electronic check,3414.46
MW-27255-HRLF,No,53.46,Female,1,No,Yes,65,Yes,Yes,Fiber optic,Yes,Yes,No,No,Yes,Yes,Month-to-month,Yes,Bank transfer (automatic),3441.33
MW-33963-TUNW,Yes,74.5,Male,0,No,Yes,7,Yes,No,Fiber optic,Yes,No,Yes,Yes,No,Yes,Month-to-month,Yes,Bank transfer (automatic),516.61
MW-34713-QUUW,Yes,49.46,Male,0,Yes,Yes,71,Yes,Yes,DSL,Yes,No,Yes,No,No,Yes,Month-to-month,Yes,Mailed check,3525.89
MW-18017-RBZZ,No,59.24,Female,0,No,No,44,Yes,Yes,Fiber optic,No,No,Yes,No,No,No,One year,Yes,Bank transfer (automatic),2596.95
MW-55828-TYEX,No,112.57,Male,0,Yes,No,71,Yes,No,Fiber optic,Yes,No,No,No,No,No,Two year,Yes,Mailed check,8011.0
MW-56513-DRNW,No,25.14,Male,1,Yes,No,25,Yes,No,DSL,Yes,No,Yes,No,No,Yes,One year,No,Bank transfer (automatic),608.75
MW-26107-NQHM,No,63.93,Female,0,No,Yes,69,Yes,No,Fiber optic,No,No,No,No,No,No,Month-to-month,No,Electronic check,4409.48
MW-73806-JYPE,No,30.58,Female,0,No,No,42,Yes,No,DSL,No,No,No,Yes,No,No,One year,No,Electronic check,1309.03
MW-12670-BWQL,Yes,84.23,Female,1,Yes,No,5,Yes,Yes,No,No internet service,No internet service,No internet service,No internet service,No internet service,No internet service,One year,Yes,Bank transfer (automatic),403.89
MW-55890-GHQN,No,42.2,Female,0,No,Yes,29,No,No phone service,No,No internet service,No internet service,No internet service,No internet service,No internet service,No internet service,Month-to-month,No,Electronic check,1227.87
MW-60865-NRYE,Yes,65.16,Male,0,No,No,10,Yes,Yes,Fiber optic,Yes,Yes,No,No,No,Yes,Two year,Yes,Electronic check,660.38
MW-61024-RUMK,No,24.26,Female,0,No,No,68,No,No phone service,Fiber optic,Yes,No,Yes,No,No,No,Month-to-month,Yes,Mailed check,1651.05
MW-59834-NSJD,No,102.75,Female,0,Yes,No,22,Yes,Yes,Fiber optic,No,No,No,Yes,No,No,Month-to-month,Yes,Bank transfer (automatic),2256.75
MW-96289-CBXD,No,66.18,Male,0,Yes,Yes,16,Yes,No,DSL,No,No,Yes,Yes,Yes,Yes,Month-to-month,Yes,Electronic check,1045.74
MW-60571-RENU,No,68.13,Female,0,No,No,40,Yes,Yes,No,No internet service,No internet service,No internet service,No internet service,No internet service,No internet service,Month-to-month,No,Bank transfer (automatic),2728.15
MW-74513-DMLU,No,88.87,Female,0,Yes,No,31,Yes,No,DSL,Yes,Yes,Yes,Yes,No,No,Two year,Yes,Credit card (automatic),2753.43
MW-29758-PTQF,No,26.46,Male,0,No,No,7,Yes,No,Fiber optic,No,Yes,Yes,No,No,No,Month-to-month,Yes,Bank transfer (automatic),163.68
MW-21755-PXKU,Yes,45.55,Male,0,Yes,No,59,Yes,Yes,DSL,No,Yes,No,No,No,No,Month-to-month,Yes,Electronic check,2703.95
MW-92508-RCCP,No,69.1,Male,0,No,No,61,Yes,No,Fiber optic,No,No,No,No,No,No,Month-to-month,No,Credit card (automatic),4201.45
MW-80858-EKLM,Yes,18.0,Female,1,Yes,No,54,Yes,No,No,No internet service,No internet service,No internet service,No internet service,No internet service,No internet service,Month-to-month,Yes,Electronic check,950.85
MW-49356-TJCM,No,18.0,Male,0,No,No,45,Yes,Yes,DSL,No,Yes,No,Yes,No,No,Month-to-month,Yes,Credit card (automatic),801.06
MW-71073-WJUM,Yes,39.36,Female,0,Yes,No,29,Yes,No,DSL,No,No,No,No,No,Yes,Month-to-month,Yes,Bank transfer (automatic),1128.05
MW-70126-EPMT,Yes,29.77,Male,0,Yes,No,39,Yes,Yes,DSL,Yes,No,Yes,No,No,No,One year,Yes,Electronic check,1157.16
MW-24851-SDBD,No,53.68,Male,0,Yes,No,38,Yes,Yes,DSL,Yes,No,No,No,No,No,Month-to-month,No,Credit card (automatic),2021.2
MW-20810-SMKM,No,79.67,Male,0,No,No,12,Yes,Yes,Fiber optic,No,Yes,Yes,No,No,Yes,One year,No,Mailed check,962.76
MW-27591-APDQ,Yes,86.5,Female,0,Yes,No,5,Yes,No,Fiber optic,No,Yes,No,No,No,No,Month-to-month,No,Mailed check,453.22
MW-23056-DGYR,No,118.28,Male,1,Yes,Yes,18,Yes,No,Fiber optic,No,Yes,Yes,No,No,Yes,One year,Yes,Mailed check,2130.63
MW-57339-XMTM,No,63.32,Male,0,No,No,33,Yes,Yes,DSL,Yes,Yes,No,No,No,No,Two year,No,Bank transfer (automatic),2067.9
MW-21510-RQAQ,Yes,68.63,Female,0,Yes,No,11,Yes,No,Fiber optic,No,Yes,No,No,Yes,Yes,Month-to-month,Yes,Bank transfer (automatic),741.23
MW-57061-DQCV,Yes,63.25,Female,0,Yes,Yes,7,Yes,No,No,No internet service,No internet service,No internet service,No internet service,No internet service,No internet service,Month-to-month,No,Credit card (automatic),446.07
MW-10689-QMYY,No,73.61,Female,1,No,No,62,Yes,No,Fiber optic,No,No,No,Yes,No,Yes,Two year,Yes,Electronic check,4534.32
MW-43782-GYLJ,Yes,75.95,Male,1,Yes,No,27,Yes,Yes,DSL,Yes,Yes,No,No,No,No,Month-to-month,Yes,Bank transfer (automatic),2032.16
MW-55841-YXWL,No,91.66,Female,1,No,No,42,Yes,No,Fiber optic,Yes,No,No,Yes,No,Yes,One year,Yes,Bank transfer (automatic),3825.01
MW-83357-QZAY,No,91.55,Female,0,Yes,No,38,Yes,Yes,DSL,No,No,Yes,No,No,No,Month-to-month,Yes,Bank transfer (automatic),3480.63
MW-11370-YLAJ,Yes,79.58,Female,0,No,No,53,Yes,No,No,No internet service,No internet service,No internet service,No internet service,No internet service,No internet service,Month-to-month,Yes,Mailed check,4250.17
MW-26440-CSJJ,Yes,109.31,Female,0,Yes,No,54,No,No phone service,No,No internet service,No internet service,No internet service,No internet service,No internet service,No internet service,Month-to-month,No,Mailed check,5883.83
MW-97431-PRDL,No,64.8,Female,0,No,Yes,21,No,No phone service,No,No internet service,No internet service,No internet service,No internet service,No internet service,No internet service,Two year,Yes,Bank transfer (automatic),1373.04
MW-86786-CNHK,No,45.65,Female,0,No,Yes,61,Yes,No,DSL,No,No,No,No,Yes,Yes,Month-to-month,No,Electronic check,2776.19
MW-41500-EVGQ,No,50.56,Male,1,No,No,27,Yes,No,DSL,No,No,Yes,No,No,No,One year,Yes,Electronic check,1345.32
MW-98851-RSAV,No,60.82,Male,0,Yes,Yes,60,Yes,Yes,No,No internet service,No internet service,No internet service,No internet service,No internet service,No internet service,One year,No,Bank transfer (automatic),3672.66
MW-22094-RVTN,Yes,31.49,Male,0,Yes,No,29,Yes,No,Fiber optic,Yes,No,Yes,Yes,No,No,Month-to-month,Yes,Electronic check,945.61
MW-98332-TGJJ,No,45.6,Male,0,No,Yes,8,Yes,No,Fiber optic,No,No,No,No,No,Yes,Month-to-month,Yes,Electronic check,370.98
MW-30700-KPTF,No,29.8,Female,1,No,Yes,55,Yes,No,Fiber optic,Yes,Yes,No,No,No,No,Month-to-month,Yes,Electronic check,1644.44
MW-55400-HUUF,Yes,74.32,Female,0,Yes,Yes,2,Yes,No,DSL,No,No,No,No,Yes,Yes,Month-to-month,No,Bank transfer (automatic),149.57
MW-94219-CJCR,No,74.61,Female,0,No,Yes,56,Yes,No,Fiber optic,Yes,No,No,No,No,Yes,One year,Yes,Credit card (automatic),4175.94
MW-34708-TSJK,No,18.0,Female,0,Yes,No,3,No,No phone service,No,No internet service,No internet service,No internet service,No internet service,No internet service,No internet service,Month-to-month,Yes,Mailed check,59.1
MW-88310-MUYX,Yes,44.38,Male,0,No,Yes,15,Yes,Yes,Fiber optic,No,Yes,No,No,No,No,Month-to-month,Yes,Electronic check,675.84
MW-81259-JDBX,No,118.76,Female,1,No,No,44,No,No phone service,Fiber optic,Yes,No,No,No,No,No,One year,No,Credit card (automatic),5250.39
MW-28703-YNBL,No,82.89,Female,0,No,No,68,Yes,No,No,No internet service,No internet service,No internet service,No internet service,No internet service,No internet service,One year,No,Electronic check,5628.68
MW-51426-TVUU,No,77.63,Male,0,No,No,29,Yes,Yes,Fiber optic,No,No,No,No,No,Yes,Month-to-month,Yes,Credit card (automatic),2253.18
MW-81148-CSZK,No,44.07,Female,0,Yes,No,8,Yes,No,DSL,No,No,Yes,Yes,No,No,One year,Yes,Bank transfer (automatic),351.23
MW-44044-NGVJ,No,72.62,Male,0,Yes,No,17,Yes,No,Fiber optic,No,Yes,No,Yes,Yes,No,Month-to-month,Yes,Electronic check,1249.9
MW-61419-ZPJP,No,63.56,Male,0,No,No,65,Yes,No,DSL,Yes,No,No,Yes,No,No,One year,Yes,Mailed check,4167.4
MW-91185-AYLL,No,40.1,Female,0,No,Yes,53,No,No phone service,DSL,No,No,Yes,Yes,No,No,Month-to-month,Yes,Electronic check,2141.18
MW-53982-KRUR,Yes,49.19,Male,1,Yes,Yes,7,Yes,Yes,Fiber optic,No,No,No,No,Yes,Yes,Month-to-month,No,Credit card (automatic),356.3
MW-23988-DTRZ,No,49.86,Female,0,No,No,28,Yes,No,DSL,No,Yes,Yes,Yes,No,No,Month-to-month,No,Electronic check,1409.7
MW-24812-GVXA,No,19.34,Female,0,Yes,No,19,No,No phone service,DSL,No,Yes,No,No,No,No,One year,Yes,Credit card (automatic),386.47
MW-41711-XVVZ,No,24.29,Female,0,No,No,12,Yes,No,Fiber optic,Yes,No,No,No,No,No,One year,Yes,Bank transfer (automatic),327.7
MW-82988-EAQQ,No,58.02,Female,1,No,Yes,61,Yes,No,DSL,No,Yes,No,No,No,No,Month-to-month,No,Credit card (automatic),3513.94
MW-89798-WQCN,No,38.56,Male,1,Yes,Yes,45,Yes,No,Fiber optic,No,Yes,No,No,No,No,Two year,No,Credit card (automatic),1744.19
MW-36771-KXSV,No,54.97,Male,0,Yes,Yes,13,Yes,No,DSL,Yes,No,No,No,Yes,No,Two year,No,Electronic check,675.89
MW-33744-TEWC,No,18.0,Male,0,Yes,No,47,Yes,No,Fiber optic,No,No,No,No,Yes,Yes,Month-to-month,No,Mailed check,860.27
MW-16596-GDCX,Yes,88.04,Female,0,No,No,30,Yes,No,No,No internet service,No internet service,No internet service,No internet service,No internet service,No internet service,One year,No,Credit card (automatic),2649.47
MW-53142-DCCR,Yes,120.0,Male,0,No,No,4,Yes,No,DSL,No,No,No,No,No,No,Month-to-month,Yes,Mailed check,471.8
MW-42199-FSGF,No,94.82,Male,0,No,No,32,Yes,No,Fiber optic,No,Yes,No,Yes,Yes,No,Two year,Yes,Electronic check,2994.19
MW-81201-DFFW,Yes,97.92,Female,1,No,No,13,Yes,Yes,DSL,Yes,No,No,Yes,Yes,No,Month-to-month,No,Electronic check,1272.74
MW-76215-NLXM,No,82.78,Female,0,Yes,No,17,Yes,No,DSL,Yes,No,No,No,No,No,Month-to-month,No,Electronic check,1410.6
MW-54038-XKZE,Yes,71.97,Female,0,No,No,64,Yes,No,Fiber optic,No,No,No,No,No,Yes,Month-to-month,Yes,Credit card (automatic),4605.13
MW-27528-NLXG,No,66.6,Female,0,Yes,No,51,Yes,No,DSL,No,No,Yes,No,No,No,Month-to-month,Yes,Mailed check,3387.28
MW-26664-JHQE,Yes,36.56,Female,0,No,Yes,9,Yes,No,DSL,No,No,No,No,No,No,One year,Yes,Bank transfer (automatic),315.59
MW-40691-MRFG,Yes,84.7,Male,0,No,No,62,Yes,No,Fiber optic,No,No,No,No,No,No,Month-to-month,Yes,Credit card (automatic),5250.62
MW-10891-DDYV,No,82.92,Female,0,No,Yes,41,Yes,No,No,No internet service,No internet service,No internet service,No internet service,No internet service,No internet service,Month-to-month,No,Electronic check,3387.69
MW-41859-EPCW,Yes,50.11,Male,1,No,No,63,Yes,No,No,No internet service,No internet service,No internet service,No internet service,No internet service,No internet service,Month-to-month,Yes,Bank transfer (automatic),3169.07
MW-36745-UUHJ,No,79.78,Female,1,Yes,Yes,54,Yes,No,No,No internet service,No internet service,No internet service,No internet service,No internet service,No internet service,Two year,Yes,Electronic check,4306.94
MW-90534-WPPZ,Yes,43.18,Female,1,No,No,24,Yes,No,Fiber optic,No,No,Yes,Yes,No,Yes,Two year,Yes,Electronic check,1010.45
MW-50064-VJBF,No,45.09,Female,0,Yes,Yes,39,Yes,Yes,DSL,No,Yes,No,No,No,No,Month-to-month,Yes,Electronic check,1761.16
MW-42541-UDHY,No,87.25,Male,0,Yes,No,38,Yes,Yes,DSL,No,Yes,No,Yes,No,No,Month-to-month,Yes,Electronic check,3321.71
MW-84371-LFPY,No,76.92,Female,0,No,No,52,Yes,Yes,Fiber optic,No,No,No,Yes,No,No,Month-to-month,No,Mailed check,4024.11
MW-83285-FQVQ,No,57.04,Male,0,No,No,18,Yes,Yes,No,No internet service,No internet service,No internet service,No internet service,No internet service,No internet service,Two year,Yes,Mailed check,1040.64
MW-26889-XKVK,Yes,53.57,Female,0,No,Yes,24,Yes,No,DSL,No,No,Yes,No,Yes,No,One year,No,Electronic check,1272.2
MW-95594-BHDT,No,69.24,Female,0,No,No,17,Yes,No,DSL,Yes,Yes,No,Yes,No,Yes,One year,Yes,Electronic check,1198.47
MW-37245-KTTN,No,18.0,Female,0,Yes,Yes,21,Yes,Yes,Fiber optic,No,No,Yes,Yes,Yes,No,Two year,No,Bank transfer (automatic),357.21
MW-27556-YLSR,No,41.27,Female,0,Yes,No,11,Yes,Yes,No,No internet service,No internet service,No internet service,No internet service,No internet service,No internet service,Month-to-month,No,Electronic check,454.39
MW-83996-TMLV,Yes,26.05,Male,0,No,No,2,Yes,No,Fiber optic,No,No,Yes,Yes,Yes,No,One year,Yes,Credit card (automatic),63.41
MW-53484-XBZX,Yes,64.36,Female,0,No,No,68,Yes,No,Fiber optic,Yes,No,No,No,Yes,No,Month-to-month,Yes,Credit card (automatic),4398.36
MW-75392-QNLN,Yes,96.66,Female,1,Yes,Yes,5,Yes,Yes,Fiber optic,No,No,No,No,No,Yes,Month-to-month,Yes,Bank transfer (automatic),511.63
MW-81524-EKYN,Yes,78.31,Male,0,Yes,No,64,Yes,No,Fiber optic,No,No,Yes,No,Yes,No,Month-to-month,Yes,Bank transfer (automatic),5030.96
MW-33635-JFUM,Yes,48.66,Female,0,No,No,0,Yes,Yes,Fiber optic,Yes,No,No,No,Yes,No,Month-to-month,Yes,Bank transfer (automatic),0.0
MW-71675-PKAH,No,42.8,Female,0,Yes,No,56,No,No phone service,Fiber optic,No,No,Yes,No,Yes,No,Two year,No,Bank transfer (automatic),2405.5
MW-83563-QFNW,Yes,41.38,Female,0,No,Yes,23,Yes,No,Fiber optic,Yes,No,No,No,Yes,Yes,Month-to-month,No,Credit card (automatic),955.11
MW-15047-EWDM,No,120.0,Male,0,Yes,No,37,Yes,Yes,Fiber optic,Yes,No,Yes,Yes,Yes,No,Two year,Yes,Credit card (automatic),4429.36
MW-58017-RFFL,Yes,66.04,Male,1,No,No,20,No,No phone service,DSL,Yes,No,Yes,No,No,No,One year,Yes,Mailed check,1319.07
MW-49152-AYGU,No,69.99,Male,1,Yes,No,35,Yes,No,DSL,Yes,No,Yes,No,Yes,No,One year,No,Bank transfer (automatic),2476.62
MW-32958-GVES,No,18.0,Male,1,Yes,No,32,Yes,Yes,DSL,Yes,No,No,No,No,Yes,Two year,Yes,Credit card (automatic),585.69
MW-44535-TTBD,Yes,28.57,Female,0,Yes,No,38,Yes,No,DSL,No,Yes,Yes,Yes,Yes,No,Month-to-month,Yes,Electronic check,1116.55
MW-74532-WJVV,Yes,62.67,Male,0,No,Yes,28,No,No phone service,DSL,No,No,No,No,Yes,No,Month-to-month,No,Mailed check,1738.52
MW-68631-SEJB,Yes,49.06,Female,1,No,Yes,39,Yes,Yes,Fiber optic,No,Yes,No,Yes,Yes,Yes,Month-to-month,Yes,Bank transfer (automatic),1907.62
MW-28816-AWMU,No,67.99,Female,0,No,No,60,Yes,No,No,No internet service,No internet service,No internet service,No internet service,No internet service,No internet service,Month-to-month,No,Bank transfer (automatic),4085.63
MW-35690-DDPN,No,67.6,Male,0,No,Yes,31,Yes,Yes,Fiber optic,No,Yes,Yes,No,No,No,Two year,No,Mailed check,2106.74
MW-61081-KBGD,Yes,82.01,Male,0,Yes,Yes,26,Yes,No,Fiber optic,No,No,Yes,Yes,No,Yes,Month-to-month,Yes,Electronic check,2130.51
MW-72112-DGRS,Yes,18.0,Male,1,No,Yes,9,Yes,No,No,No internet service,No internet service,No internet service,No internet service,No internet service,No internet service,Month-to-month,No,Electronic check,174.01
MW-76010-VHNV,Yes,30.84,Male,0,No,No,26,Yes,No,No,No internet service,No internet service,No internet service,No internet service,No internet service,No internet service,Month-to-month,Yes,Bank transfer (automatic),813.73
MW-40267-MAMA,Yes,61.01,Male,0,Yes,No,9,Yes,No,DSL,No,Yes,No,No,Yes,No,Month-to-month,Yes,Credit card (automatic),528.27
MW-42627-KHXT,Yes,44.58,Female,0,No,No,13,Yes,Yes,DSL,No,No,No,No,Yes,No,One year,No,Credit card (automatic),590.84
MW-39039-RYYH,No,54.69,Male,0,Yes,No,69,Yes,No,DSL,Yes,Yes,Yes,No,Yes,No,Month-to-month,No,Mailed check,3789.71
MW-98423-PPAA,Yes,67.27,Male,0,No,No,6,Yes,No,No,No internet service,No internet service,No internet service,No internet service,No internet service,No internet service,One year,Yes,Electronic check,408.06
MW-36318-JASA,Yes,41.65,Female,0,Yes,No,35,Yes,Yes,DSL,Yes,Yes,Yes,No,No,No,One year,Yes,Credit card (automatic),1430.15
MW-93055-FCMW,No,69.77,Male,0,No,Yes,60,Yes,No,DSL,No,No,No,Yes,No,No,One year,No,Bank transfer (automatic),4182.05
MW-27939-BRPX,No,80.32,Female,0,No,No,69,Yes,Yes,Fiber optic,No,No,No,No,No,No,Month-to-month,No,Mailed check,5548.65
MW-59931-QWSU,Yes,65.95,Male,0,No,No,10,Yes,Yes,Fiber optic,No,Yes,No,No,No,No,One year,No,Mailed check,646.51
MW-55126-MJND,No,85.62,Male,0,Yes,No,11,Yes,No,Fiber optic,Yes,No,No,No,No,Yes,Month-to-month,Yes,Electronic check,955.59
MW-70605-TCYA,Yes,18.0,Female,0,No,No,27,Yes,No,Fiber optic,Yes,No,No,No,No,No,Month-to-month,Yes,Credit card (automatic),496.94
MW-55536-CEEA,No,46.42,Male,0,Yes,Yes,40,Yes,Yes,Fiber optic,No,No,No,Yes,No,Yes,One year,Yes,Bank transfer (automatic),1858.82
MW-92414-ZSHK,No,90.77,Male,0,Yes,No,70,Yes,No,No,No internet service,No internet service,No internet service,No internet service,No internet service,No internet service,One year,No,Mailed check,6354.16
MW-64199-FNKM,Yes,38.07,Female,0,Yes,No,15,Yes,No,DSL,No,No,No,Yes,Yes,No,Month-to-month,Yes,Credit card (automatic),573.94
MW-53023-KGNC,No,34.0,Male,0,Yes,No,12,Yes,Yes,No,No internet service,No internet service,No internet service,No internet service,No internet service,No internet service,Two year,No,Bank transfer (automatic),407.94
MW-87519-PPCW,No,60.21,Male,1,No,No,18,Yes,Yes,Fiber optic,Yes,No,No,Yes,Yes,No,Month-to-month,Yes,Credit card (automatic),1064.5
MW-39212-YTYY,No,63.48,Female,0,Yes,Yes,63,Yes,Yes,DSL,No,Yes,No,Yes,No,Yes,One year,Yes,Mailed check,3992.79
MW-47010-TJFW,Yes,47.96,Male,0,No,No,2,Yes,Yes,No,No internet service,No internet service,No internet service,No internet service,No internet service,No internet service,Two year,Yes,Mailed check,97.01
MW-11099-MTXY,Yes,119.31,Male,0,No,No,27,Yes,Yes,No,No internet service,No internet service,No internet service,No internet service,No internet service,No internet service,Month-to-month,Yes,Credit card (automatic),3242.65
MW-30643-SGBV,No,72.59,Male,0,Yes,Yes,8,Yes,Yes,No,No internet service,No internet service,No internet service,No internet service,No internet service,No internet service,Two year,Yes,Credit card (automatic),591.1
MW-51763-ANHL,No,36.91,Female,0,Yes,No,11,Yes,No,No,No internet service,No internet service,No internet service,No internet service,No internet service,No internet service,One year,Yes,Credit card (automatic),428.09
MW-26147-XMDL,No,20.81,Female,0,Yes,No,66,Yes,Yes,Fiber optic,No,Yes,No,No,Yes,No,One year,No,Credit card (automatic),1352.39
MW-94978-CXAY,Yes,76.17,Female,0,No,No,0,Yes,No,DSL,No,Yes,No,No,No,No,One year,Yes,Mailed check,0.0
MW-69800-FRXE,No,36.2,Female,1,No,No,23,Yes,Yes,DSL,Yes,Yes,No,Yes,Yes,Yes,One year,Yes,Electronic check,863.71
MW-17676-YLNJ,No,120.0,Female,0,Yes,Yes,66,Yes,No,No,No internet service,No internet service,No internet service,No internet service,No internet service,No internet service,Month-to-month,Yes,Mailed check,7908.86
MW-57004-ZSJB,No,76.84,Male,0,No,No,44,Yes,Yes,No,No internet service,No internet service,No internet service,No internet service,No internet service,No internet service,One year,No,Credit card (automatic),3369.52
MW-82298-XRDM,Yes,80.8,Male,1,Yes,No,5,Yes,No,No,No internet service,No internet service,No internet service,No internet service,No internet service,No internet service,Month-to-month,No,Mailed check,399.92
MW-36143-GGMB,No,71.46,Male,0,Yes,No,33,Yes,No,No,No internet service,No internet service,No internet service,No internet service,No internet service,No internet service,Two year,No,Bank transfer (automatic),2388.45
MW-48577-FBYX,Yes,97.65,Male,0,Yes,No,70,Yes,No,Fiber optic,No,No,Yes,Yes,No,No,Month-to-month,No,Credit card (automatic),6825.43
MW-51129-DPFP,No,18.0,Female,0,No,No,29,Yes,Yes,DSL,No,Yes,Yes,Yes,No,No,Month-to-month,No,Credit card (automatic),530.36
MW-18098-LAVU,No,27.9,Female,0,No,Yes,38,Yes,No,DSL,No,No,No,No,No,No,Two year,Yes,Credit card (automatic),1066.08
MW-92337-BFCK,No,95.02,Female,0,Yes,No,38,Yes,Yes,Fiber optic,Yes,No,No,Yes,No,No,Month-to-month,Yes,Bank transfer (automatic),3581.83
MW-62001-LRRD,Yes,109.02,Female,0,Yes,No,48,Yes,No,Fiber optic,No,No,No,No,No,No,Month-to-month,Yes,Mailed check,5232.72
MW-44743-MVXW,Yes,26.94,Female,0,Yes,No,13,No,No phone service,DSL,No,No,No,Yes,No,Yes,One year,No,Credit card (automatic),341.93
MW-55670-HNDJ,No,18.0,Male,0,No,Yes,61,Yes,No,No,No internet service,No internet service,No internet service,No internet service,No internet service,No internet service,Month-to-month,Yes,Electronic check,1108.17
MW-60415-GGXT,Yes,69.03,Male,0,Yes,No,72,Yes,Yes,Fiber optic,Yes,No,No,No,Yes,Yes,Month-to-month,No,Electronic check,4996.25
MW-79268-WJKV,No,78.56,Male,0,No,Yes,10,Yes,No,DSL,No,No,Yes,No,Yes,Yes,Month-to-month,No,Credit card (automatic),780.43
MW-90715-BTSJ,No,68.42,Male,1,No,No,59,Yes,Yes,No,No internet service,No internet service,No internet service,No internet service,No internet service,No internet service,Month-to-month,No,Bank transfer (automatic),4031.61
MW-77364-YFJJ,Yes,62.21,Male,0,No,No,59,Yes,No,Fiber optic,No,No,No,No,No,Yes,Month-to-month,Yes,Bank transfer (automatic),3708.16
MW-62705-JJMY,No,18.0,Female,0,Yes,No,54,Yes,Yes,Fiber optic,Yes,Yes,No,Yes,Yes,Yes,Month-to-month,Yes,Electronic check,961.33
MW-17059-MRSR,Yes,52.75,Female,1,No,Yes,27,Yes,No,Fiber optic,No,No,Yes,No,No,Yes,Month-to-month,Yes,Mailed check,1404.1
MW-19923-HGJJ,No,57.22,Female,1,Yes,No,34,Yes,Yes,Fiber optic,No,No,No,No,No,No,Month-to-month,Yes,Credit card (automatic),1966.14
MW-67602-VMYZ,No,47.55,Male,0,Yes,No,61,Yes,No,DSL,No,No,Yes,No,Yes,No,Month-to-month,Yes,Bank transfer (automatic),2899.79
MW-70122-SSCD,No,18.0,Female,0,Yes,No,11,Yes,Yes,Fiber optic,Yes,Yes,No,No,Yes,Yes,One year,No,Mailed check,202.25
MW-96949-TZVG,No,81.54,Male,1,Yes,Yes,60,Yes,No,Fiber optic,No,Yes,Yes,No,No,No,One year,Yes,Bank transfer (automatic),4925.87
MW-87465-SQBX,Yes,89.97,Female,0,Yes,No,67,Yes,No,No,No internet service,No internet service,No internet service,No internet service,No internet service,No internet service,Month-to-month,Yes,Credit card (automatic),6006.95
MW-24314-JQJY,Yes,40.16,Female,0,No,No,49,Yes,Yes,No,No internet service,No internet service,No internet service,No internet service,No internet service,No internet service,Month-to-month,Yes,Credit card (automatic),1964.91
MW-71618-MWYA,No,58.42,Male,0,No,No,24,Yes,Yes,DSL,No,No,No,No,No,No,Two year,No,Mailed check,1383.54
MW-99217-LSWT,No,49.09,Female,0,No,No,40,No,No phone service,No,No internet service,No internet service,No internet service,No internet service,No internet service,No internet service,One year,No,Bank transfer (automatic),1968.63
MW-25648-RJDX,Yes,49.38,Male,0,No,Yes,3,Yes,No,DSL,No,Yes,No,No,Yes,No,Month-to-month,No,Electronic check,139.84
MW-11580-BVAJ,No,78.79,Male,0,No,No,68,Yes,Yes,DSL,No,No,No,No,Yes,Yes,Month-to-month,No,Mailed check,5340.13
MW-32164-WFGF,Yes,79.52,Female,0,Yes,No,24,Yes,Yes,Fiber optic,Yes,No,No,Yes,No,Yes,Month-to-month,Yes,Electronic check,1919.46
MW-55324-SFSQ,No,96.24,Female,1,No,No,4,Yes,No,No,No internet service,No internet service,No internet service,No internet service,No internet service,No internet service,Two year,Yes,Bank transfer (automatic),385.11
MW-85356-XRKD,No,95.62,Male,0,Yes,No,57,Yes,No,No,No internet service,No internet service,No internet service,No internet service,No internet service,No internet service,Two year,Yes,Bank transfer (automatic),5431.57
MW-35856-LPYG,No,58.85,Male,0,No,Yes,48,No,No phone service,No,No internet service,No internet service,No internet service,No internet service,No internet service,No internet service,Two year,No,Electronic check,2806.94
MW-23594-KXYW,No,120.0,Male,0,Yes,Yes,45,Yes,Yes,DSL,No,No,Yes,No,Yes,No,Month-to-month,Yes,Electronic check,5403.12
MW-93860-ECKG,Yes,110.5,Female,0,No,Yes,3,Yes,Yes,DSL,No,Yes,No,No,No,No,Month-to-month,No,Electronic check,306.44
MW-13641-HYNH,No,44.26,Female,1,No,Yes,54,Yes,Yes,DSL,No,Yes,No,No,No,No,Month-to-month,No,Electronic check,2393.45
MW-59541-TVLB,No,67.8,Male,0,No,No,46,No,No phone service,Fiber optic,No,Yes,No,No,No,No,Month-to-month,Yes,Bank transfer (automatic),3138.89
MW-92748-MKEQ,No,18.0,Female,0,Yes,Yes,57,Yes,Yes,Fiber optic,No,No,No,No,No,Yes,Month-to-month,No,Electronic check,1036.01
MW-95110-TKKU,No,64.82,Male,0,No,No,60,Yes,Yes,DSL,No,No,Yes,No,Yes,No,One year,Yes,Electronic check,3879.85
MW-59522-EZLN,Yes,114.21,Male,0,Yes,Yes,15,Yes,No,Fiber optic,No,Yes,No,Yes,No,No,Month-to-month,Yes,Credit card (automatic),1717.27
MW-14251-QMBS,Yes,120.0,Male,0,Yes,No,15,Yes,No,Fiber optic,No,No,No,Yes,No,No,Two year,No,Electronic check,1781.23
MW-95365-XUSB,No,60.36,Male,0,Yes,No,67,Yes,No,Fiber optic,No,No,No,Yes,No,No,Month-to-month,No,Credit card (automatic),4046.16
MW-59507-ULHM,No,74.05,Male,0,Yes,No,38,Yes,No,Fiber optic,Yes,No,No,No,No,No,Month-to-month,No,Bank transfer (automatic),2809.0
MW-92323-FHVU,No,82.16,Female,0,No,No,31,Yes,Yes,DSL,Yes,No,No,No,No,No,Two year,No,Bank transfer (automatic),2531.37
MW-36757-PXDW,No,120.0,Male,0,Yes,No,20,Yes,Yes,Fiber optic,No,No,No,No,No,No,One year,No,Bank transfer (automatic),2409.36
MW-88651-MRWV,No,34.51,Male,1,No,Yes,46,Yes,No,Fiber optic,No,Yes,Yes,Yes,No,No,Month-to-month,No,Electronic check,1557.8
MW-92555-ZFEA,No,120.0,Female,0,No,Yes,55,Yes,Yes,DSL,Yes,No,No,No,No,Yes,One year,No,Credit card (automatic),6582.21
MW-98977-SNRK,Yes,54.49,Female,0,No,No,0,Yes,No,DSL,Yes,No,No,No,Yes,Yes,Month-to-month,Yes,Credit card (automatic),0.0
MW-35537-JXEU,No,28.9,Male,0,No,No,40,Yes,Yes,No,No internet service,No internet service,No internet service,No internet service,No internet service,No internet service,Month-to-month,No,Mailed check,1148.43
MW-95022-CKBA,Yes,54.54,Female,0,Yes,Yes,72,Yes,No,Fiber optic,Yes,Yes,No,No,No,No,Month-to-month,Yes,Bank transfer (automatic),3946.37
MW-69665-AGYJ,Yes,39.71,Male,1,Yes,Yes,20,Yes,Yes,DSL,Yes,No,No,No,No,No,Month-to-month,Yes,Bank transfer (automatic),805.51
MW-78324-QSXX,No,76.58,Male,0,Yes,Yes,20,Yes,No,Fiber optic,Yes,Yes,No,No,No,No,One year,No,Credit card (automatic),1533.18
MW-26160-AFUU,No,18.0,Female,0,Yes,No,64,Yes,Yes,Fiber optic,No,Yes,No,No,Yes,Yes,Month-to-month,No,Credit card (automatic),1152.87
MW-15659-ZTNJ,No,68.25,Male,0,Yes,No,4,Yes,Yes,DSL,No,No,No,No,No,Yes,One year,Yes,Electronic check,272.82
MW-50464-MASA,No,83.92,Male,0,No,Yes,29,Yes,No,DSL,No,No,No,No,No,Yes,One year,No,Credit card (automatic),2454.26
MW-92202-RQZW,Yes,108.49,Female,0,No,Yes,33,Yes,No,No,No internet service,No internet service,No internet service,No internet service,No internet service,No internet service,Month-to-month,No,Credit card (automatic),3552.93
MW-91533-TRHU,No,84.42,Male,0,No,No,58,Yes,No,Fiber optic,No,Yes,Yes,No,Yes,Yes,Month-to-month,Yes,Bank transfer (automatic),4907.93
MW-92820-PNQG,Yes,106.64,Female,0,No,No,9,No,No phone service,DSL,No,No,Yes,No,Yes,Yes,Month-to-month,Yes,Electronic check,952.14
MW-84621-GAKV,No,45.83,Female,1,No,No,31,Yes,No,No,No internet service,No internet service,No internet service,No internet service,No internet service,No internet service,One year,Yes,Credit card (automatic),1428.27
MW-23395-CMWX,Yes,75.83,Male,0,No,Yes,11,Yes,No,Fiber optic,No,No,Yes,No,No,Yes,One year,Yes,Bank transfer (automatic),841.75
MW-11769-YJJG,No,18.0,Male,1,Yes,No,57,Yes,Yes,Fiber optic,No,No,No,No,No,No,One year,Yes,Electronic check,1037.0
MW-44255-KSSQ,Yes,60.58,Male,0,No,No,46,No,No phone service,DSL,No,No,Yes,No,No,No,Month-to-month,Yes,Credit card (automatic),2810.43
MW-51064-MSJC,Yes,75.6,Male,0,Yes,No,36,Yes,No,DSL,No,Yes,No,No,Yes,No,Month-to-month,No,Bank transfer (automatic),2701.03
MW-65581-ZCWP,No,78.32,Female,0,Yes,No,28,Yes,Yes,DSL,Yes,No,Yes,Yes,Yes,Yes,Month-to-month,Yes,Credit card (automatic),2208.04
MW-39721-ZPBC,No,18.0,Female,1,No,Yes,11,Yes,No,No,No internet service,No internet service,No internet service,No internet service,No internet service,No internet service,Month-to-month,No,Bank transfer (automatic),197.04
MW-84720-CLUR,No,52.3,Male,0,No,No,67,Yes,Yes,Fiber optic,Yes,No,No,No,No,No,One year,Yes,Electronic check,3497.19
MW-88367-VPCE,Yes,56.48,Male,0,Yes,No,47,Yes,Yes,No,No internet service,No internet service,No internet service,No internet service,No internet service,No internet service,Month-to-month,No,Credit card (automatic),2685.07
MW-49617-DYVA,No,51.13,Female,0,No,Yes,23,Yes,Yes,DSL,Yes,Yes,No,Yes,No,Yes,Month-to-month,Yes,Bank transfer (automatic),1186.52
MW-21352-FGTB,No,85.75,Male,0,No,No,30,Yes,Yes,Fiber optic,Yes,Yes,Yes,Yes,No,Yes,Month-to-month,Yes,Mailed check,2566.24
MW-34907-ZGWS,Yes,57.5,Male,0,Yes,No,53,Yes,No,Fiber optic,Yes,No,No,Yes,No,No,Month-to-month,Yes,Mailed check,3061.86
MW-72634-KAPA,No,66.98,Male,1,No,No,52,Yes,No,Fiber optic,No,No,No,No,Yes,No,One year,Yes,Electronic check,3482.27
MW-29493-TEYA,No,49.31,Male,1,Yes,No,33,Yes,Yes,Fiber optic,Yes,No,No,No,Yes,No,Month-to-month,No,Bank transfer (automatic),1620.74
MW-31859-JKUF,Yes,95.94,Female,0,No,No,22,Yes,No,Fiber optic,No,No,No,No,No,No,Two year,Yes,Mailed check,2101.59
MW-42977-UHBW,No,98.18,Male,0,Yes,No,48,Yes,Yes,DSL,No,No,No,No,No,Yes,Two year,Yes,Credit card (automatic),4717.21
MW-83394-ELQA,No,54.75,Female,0,No,Yes,48,Yes,No,DSL,Yes,No,No,Yes,Yes,No,Two year,Yes,Credit card (automatic),2618.79
MW-14907-RPUC,No,120.0,Female,0,No,No,43,Yes,No,No,No internet service,No internet service,No internet service,No internet service,No internet service,No internet service,One year,Yes,Bank transfer (automatic),5162.33
MW-92733-XBYH,Yes,41.01,Male,0,Yes,Yes,5,Yes,No,DSL,No,No,No,No,Yes,No,One year,Yes,Electronic check,218.36
MW-28727-BGMC,No,94.22,Male,0,No,Yes,34,Yes,Yes,DSL,No,No,Yes,No,No,No,One year,Yes,Bank transfer (automatic),3205.14
MW-57290-HHDM,No,35.47,Male,0,Yes,No,44,Yes,Yes,No,No internet service,No internet service,No internet service,No internet service,No internet service,No internet service,Month-to-month,No,Electronic check,1590.33
MW-57950-AGDA,Yes,87.19,Female,0,Yes,No,69,Yes,No,DSL,No,Yes,No,No,Yes,No,Month-to-month,Yes,Credit card (automatic),6016.31
MW-79971-MXJR,No,84.85,Male,0,No,Yes,38,Yes,Yes,Fiber optic,No,Yes,No,Yes,Yes,No,One year,Yes,Mailed check,3244.54
MW-67374-DSSK,Yes,33.65,Female,0,Yes,No,25,Yes,No,No,No internet service,No internet service,No internet service,No internet service,No internet service,No internet service,Month-to-month,Yes,Credit card (automatic),855.89
MW-57294-GPQS,Yes,60.08,Male,0,No,No,40,No,No phone service,Fiber optic,No,No,No,No,No,No,Month-to-month,Yes,Mailed check,2426.08
MW-60141-EJVV,No,120.0,Male,1,No,Yes,12,Yes,Yes,DSL,No,No,No,Yes,No,No,Two year,Yes,Electronic check,1469.58
MW-99608-VUBG,No,39.57,Female,0,No,No,6,Yes,Yes,Fiber optic,No,No,No,No,No,No,Month-to-month,Yes,Credit card (automatic),211.0
MW-74258-GHME,No,76.06,Female,0,No,No,49,Yes,No,Fiber optic,No,No,Yes,No,Yes,Yes,Month-to-month,Yes,Bank transfer (automatic),3730.92
MW-53544-UNBV,No,74.06,Female,0,No,No,71,Yes,No,Fiber optic,No,No,No,No,Yes,Yes,One year,Yes,Credit card (automatic),5256.58
MW-85037-HPLJ,Yes,62.73,Female,0,No,No,61,Yes,No,Fiber optic,No,No,Yes,Yes,No,Yes,Month-to-month,No,Credit card (automatic),3828.2
MW-72019-HKBS,No,18.0,Female,1,Yes,Yes,42,No,No phone service,No,No internet service,No internet service,No internet service,No internet service,No internet service,No internet service,Two year,No,Mailed check,750.04
MW-62831-RNXP,No,88.86,Male,0,Yes,No,2,Yes,Yes,DSL,No,No,No,No,No,Yes,Month-to-month,No,Mailed check,169.57
MW-55121-KQVT,No,64.35,Female,0,Yes,Yes,72,Yes,No,DSL,No,No,No,Yes,No,No,Two year,Yes,Bank transfer (automatic),4616.71
MW-88592-PRZS,No,97.12,Female,0,No,No,32,Yes,No,Fiber optic,Yes,No,No,Yes,No,No,One year,Yes,Credit card (automatic),3109.3
MW-67882-SRYY,Yes,70.95,Female,0,No,No,21,Yes,No,Fiber optic,No,No,Yes,Yes,Yes,No,Month-to-month,Yes,Credit card (automatic),1503.96
MW-67378-JTRP,No,65.93,Female,0,Yes,No,65,Yes,No,No,No internet service,No internet service,No internet service,No internet service,No internet service,No internet service,Month-to-month,Yes,Electronic check,4278.04
MW-26647-NXXX,Yes,75.18,Female,0,Yes,No,54,Yes,No,DSL,Yes,No,No,No,No,No,Month-to-month,Yes,Bank transfer (automatic),4054.79
MW-38124-HJCV,No,34.37,Male,0,Yes,Yes,54,Yes,No,DSL,Yes,No,No,No,Yes,Yes,Month-to-month,No,Electronic check,1845.51
MW-40428-SZTE,Yes,110.74,Male,0,No,Yes,20,Yes,Yes,Fiber optic,No,No,Yes,No,Yes,Yes,Month-to-month,Yes,Bank transfer (automatic),2199.88
MW-69461-HKUK,No,52.74,Female,0,Yes,No,72,No,No phone service,No,No internet service,No internet service,No internet service,No internet service,No internet service,No internet service,Two year,No,Credit card (automatic),3793.74
MW-56979-ZQJZ,Yes,53.12,Female,1,No,No,33,Yes,Yes,DSL,No,Yes,Yes,No,Yes,No,Month-to-month,Yes,Credit card (automatic),1758.11
MW-73220-PHKU,No,102.77,Female,0,Yes,No,38,Yes,Yes,No,No internet service,No internet service,No internet service,No internet service,No internet service,No internet service,Two year,Yes,Mailed check,3924.12
MW-67738-CUCS,No,71.42,Male,0,No,No,54,Yes,Yes,Fiber optic,No,Yes,Yes,No,No,No,Month-to-month,Yes,Mailed check,3838.8
MW-50922-TQEP,No,56.91,Female,0,No,Yes,48,Yes,No,DSL,No,No,No,Yes,No,No,Two year,Yes,Electronic check,2731.22
MW-32981-VGYD,No,76.41,Female,0,Yes,No,12,Yes,Yes,Fiber optic,No,No,No,Yes,No,Yes,Month-to-month,Yes,Electronic check,934.59
MW-13920-XJSF,No,82.78,Female,0,No,Yes,22,No,No phone service,DSL,Yes,No,No,No,No,Yes,Month-to-month,No,Mailed check,1803.48
MW-63599-QRMW,No,60.45,Male,0,No,No,26,Yes,No,Fiber optic,No,Yes,Yes,Yes,Yes,Yes,One year,Yes,Credit card (automatic),1590.71
MW-79796-XDVR,No,91.67,Female,0,No,No,69,Yes,No,DSL,No,No,No,Yes,No,Yes,Month-to-month,Yes,Mailed check,6318.65
MW-96737-NCQK,Yes,25.88,Male,0,No,Yes,52,Yes,Yes,Fiber optic,Yes,No,Yes,No,No,No,Two year,Yes,Electronic check,1356.43
MW-80700-AECH,Yes,71.85,Female,0,No,No,26,Yes,No,DSL,No,Yes,No,No,No,No,Month-to-month,No,Bank transfer (automatic),1864.83
MW-29635-EWGL,No,88.01,Male,0,No,No,53,Yes,Yes,No,No internet service,No internet service,No internet service,No internet service,No internet service,No internet service,Month-to-month,No,Electronic check,4671.41
MW-76210-TCJE,Yes,82.65,Female,1,No,Yes,53,Yes,No,No,No internet service,No internet service,No internet service,No internet service,No internet service,No internet service,Month-to-month,Yes,Electronic check,4404.59
MW-18704-NWPK,No,18.0,Female,1,No,No,28,Yes,Yes,Fiber optic,No,No,No,No,No,Yes,One year,Yes,Credit card (automatic),502.18
MW-78693-CYMP,Yes,60.2,Male,0,No,No,29,Yes,Yes,Fiber optic,Yes,Yes,No,Yes,No,No,Month-to-month,Yes,Electronic check,1760.75
MW-22714-NNCL,Yes,27.58,Male,0,Yes,No,65,Yes,Yes,No,No internet service,No internet service,No internet service,No internet service,No internet service,No internet service,Month-to-month,No,Mailed check,1796.82
MW-93097-LULW,Yes,102.57,Female,0,Yes,No,41,Yes,Yes,DSL,No,No,No,Yes,No,No,Month-to-month,Yes,Bank transfer (automatic),4193.58
MW-68853-RDXK,Yes,52.28,Male,1,No,No,10,Yes,No,No,No internet service,No internet service,No internet service,No internet service,No internet service,No internet service,Month-to-month,Yes,Electronic check,520.62
MW-73683-SGUX,No,99.24,Female,0,Yes,No,52,Yes,No,Fiber optic,No,No,No,Yes,No,Yes,Month-to-month,Yes,Electronic check,5157.36
MW-11330-ATTH,No,27.49,Female,0,No,No,43,Yes,Yes,No,No internet service,No internet service,No internet service,No internet service,No internet service,No internet service,Two year,Yes,Electronic check,1160.89
MW-54834-KKLL,No,75.72,Female,0,No,No,37,Yes,Yes,DSL,No,No,No,Yes,No,Yes,Month-to-month,Yes,Mailed check,2808.53
MW-28080-XYYM,No,64.24,Male,0,No,No,52,Yes,Yes,DSL,Yes,No,No,Yes,No,No,One year,Yes,Credit card (automatic),3350.35
MW-31905-SAAT,Yes,120.0,Female,0,Yes,No,66,Yes,Yes,DSL,No,No,No,Yes,No,No,Month-to-month,Yes,Mailed check,7932.19
MW-59152-RCRR,No,99.34,Male,1,Yes,No,24,Yes,Yes,DSL,No,No,No,Yes,Yes,No,Month-to-month,No,Mailed check,2405.61
MW-43071-TNUU,Yes,97.42,Male,0,No,No,30,Yes,Yes,DSL,No,Yes,Yes,No,No,No,Month-to-month,Yes,Mailed check,2936.91
MW-15012-QPVE,No,120.0,Male,0,No,No,13,Yes,Yes,No,No internet service,No internet service,No internet service,No internet service,No internet service,No internet service,Month-to-month,No,Credit card (automatic),1550.95
MW-38553-ZXNX,No,72.51,Female,0,No,No,47,No,No phone service,DSL,No,Yes,No,No,Yes,Yes,Month-to-month,Yes,Electronic check,3402.12
MW-52851-TLLQ,Yes,61.01,Female,0,No,Yes,29,Yes,Yes,DSL,No,No,No,No,No,Yes,Month-to-month,Yes,Credit card (automatic),1781.87
MW-99372-GPKN,Yes,57.59,Male,0,Yes,Yes,24,Yes,Yes,DSL,No,No,No,Yes,No,Yes,Month-to-month,Yes,Electronic check,1388.01
MW-41941-KCTM,No,73.83,Male,0,Yes,No,50,Yes,No,Fiber optic,Yes,No,Yes,No,No,No,Two year,Yes,Credit card (automatic),3691.23
MW-83067-EFNV,Yes,18.0,Female,0,Yes,No,29,No,No phone service,Fiber optic,No,No,Yes,No,No,No,Month-to-month,Yes,Electronic check,508.88
MW-99920-GWVA,No,64.07,Female,0,No,No,33,Yes,No,DSL,No,Yes,Yes,No,Yes,No,Month-to-month,No,Electronic check,2106.35
MW-31509-DTPC,Yes,70.8,Male,1,No,No,32,No,No phone service,No,No internet service,No internet service,No internet service,No internet service,No internet service,No internet service,Month-to-month,Yes,Mailed check,2274.34
MW-59466-ZAKA,No,59.32,Female,0,No,No,18,Yes,Yes,No,No internet service,No internet service,No internet service,No internet service,No internet service,No internet service,Month-to-month,Yes,Electronic check,1038.5
MW-37027-XMQV,Yes,18.07,Female,0,No,No,9,Yes,No,DSL,Yes,No,Yes,Yes,No,No,One year,No,Bank transfer (automatic),127.53
MW-11483-GHRY,Yes,59.5,Male,0,No,No,60,Yes,Yes,No,No internet service,No internet service,No internet service,No internet service,No internet service,No internet service,Month-to-month,No,Bank transfer (automatic),3580.4
MW-36698-ELGE,No,18.0,Female,0,Yes,No,6,Yes,No,Fiber optic,Yes,No,Yes,No,No,Yes,One year,No,Bank transfer (automatic),100.0
MW-30961-EMCR,No,117.21,Female,0,Yes,Yes,23,Yes,No,Fiber optic,Yes,No,No,Yes,Yes,No,Month-to-month,No,Electronic check,2702.86
MW-24648-ENFL,Yes,56.28,Male,0,No,No,48,Yes,Yes,No,No internet service,No internet service,No internet service,No internet service,No internet service,No internet service,Month-to-month,No,Bank transfer (automatic),2725.09
MW-33065-DEHS,No,18.0,Female,0,Yes,No,9,Yes,No,No,No internet service,No internet service,No internet service,No internet service,No internet service,No internet service,Two year,No,Electronic check,146.8
MW-85551-LJPZ,Yes,57.8,Female,0,No,No,47,Yes,No,Fiber optic,Yes,Yes,No,No,No,Yes,Month-to-month,Yes,Credit card (automatic),2691.56
MW-97304-VKNF,No,90.86,Male,0,No,Yes,53,No,No phone service,Fiber optic,No,No,Yes,Yes,Yes,Yes,One year,Yes,Bank transfer (automatic),4811.43
MW-95291-TWWF,No,69.28,Male,0,No,No,48,Yes,No,DSL,No,Yes,No,Yes,No,Yes,Month-to-month,Yes,Bank transfer (automatic),3315.17
MW-60718-TEAT,No,36.58,Male,0,No,No,22,Yes,Yes,Fiber optic,No,No,No,Yes,No,No,Two year,No,Credit card (automatic),804.38
MW-30614-LHNL,No,43.65,Male,0,No,Yes,1,Yes,Yes,Fiber optic,Yes,No,No,No,No,No,Month-to-month,No,Bank transfer (automatic),51.72
MW-46117-FLAU,No,55.39,Female,0,No,No,64,Yes,Yes,DSL,No,No,No,No,No,No,Month-to-month,Yes,Bank transfer (automatic),3549.86
MW-61276-YPQT,No,50.81,Female,1,Yes,Yes,23,Yes,No,No,No internet service,No internet service,No internet service,No internet service,No internet service,No internet service,One year,Yes,Electronic check,1169.32
MW-13758-MZGT,Yes,26.21,Female,0,Yes,Yes,58,Yes,No,Fiber optic,No,No,Yes,No,No,Yes,Month-to-month,Yes,Bank transfer (automatic),1536.05
MW-19792-GGLU,No,61.97,Male,0,No,No,14,Yes,No,DSL,Yes,No,No,Yes,Yes,No,Month-to-month,Yes,Mailed check,877.64
MW-40201-KWKL,No,23.99,Female,1,No,No,11,Yes,Yes,No,No internet service,No internet service,No internet service,No internet service,No internet service,No internet service,Two year,Yes,Electronic check,261.17
MW-43285-NRLM,No,92.47,Male,0,Yes,No,56,Yes,Yes,Fiber optic,No,No,No,No,No,No,One year,Yes,Credit card (automatic),5187.85
MW-32883-BDDT,No,96.13,Male,0,No,No,68,Yes,No,DSL,No,Yes,No,Yes,Yes,Yes,One year,No,Electronic check,6513.66
MW-12232-JLNJ,No,33.9,Female,0,No,No,62,Yes,Yes,Fiber optic,No,Yes,Yes,Yes,No,Yes,One year,Yes,Bank transfer (automatic),2117.76
MW-69279-DMJP,No,42.5,Female,0,No,No,54,Yes,No,No,No internet service,No internet service,No internet service,No internet service,No internet service,No internet service,Two year,Yes,Electronic check,2295.33
MW-68169-RUNX,No,51.31,Female,0,No,No,18,Yes,No,No,No internet service,No internet service,No internet service,No internet service,No internet service,No internet service,Two year,No,Mailed check,905.57
MW-95820-ZSYZ,No,63.05,Female,0,No,No,66,Yes,Yes,DSL,No,Yes,No,No,Yes,No,One year,No,Credit card (automatic),4155.05
MW-21942-WDSD,No,71.71,Male,0,Yes,No,48,Yes,Yes,Fiber optic,Yes,No,Yes,No,No,No,Month-to-month,No,Electronic check,3457.64
MW-61732-HUNR,Yes,77.89,Male,0,Yes,No,12,Yes,No,No,No internet service,No internet service,No internet service,No internet service,No internet service,No internet service,Month-to-month,Yes,Bank transfer (automatic),923.17
MW-28290-KWJS,No,77.19,Male,0,Yes,No,9,Yes,No,No,No internet service,No internet service,No internet service,No internet service,No internet service,No internet service,One year,Yes,Bank transfer (automatic),700.87
MW-49062-UAWS,No,110.62,Female,0,No,No,63,Yes,No,DSL,Yes,No,No,No,No,No,Two year,No,Credit card (automatic),6982.24
MW-76427-EFBL,No,65.81,Male,1,Yes,Yes,20,Yes,Yes,Fiber optic,No,No,No,Yes,No,No,Month-to-month,Yes,Electronic check,1316.57
MW-41415-BSBR,No,24.93,Male,0,No,No,55,Yes,Yes,No,No internet service,No internet service,No internet service,No internet service,No internet service,No internet service,Month-to-month,Yes,Credit card (automatic),1358.18
MW-93717-TKJT,Yes,18.0,Female,0,Yes,Yes,10,Yes,Yes,DSL,No,No,No,Yes,Yes,No,Month-to-month,No,Mailed check,179.04
MW-29727-XYQF,No,113.07,Female,0,No,No,20,Yes,No,Fiber optic,No,Yes,No,No,Yes,No,Month-to-month,No,Mailed check,2240.26
MW-22283-JCAD,No,79.29,Female,0,Yes,No,20,Yes,No,Fiber optic,Yes,No,No,Yes,No,Yes,Two year,Yes,Mailed check,1578.47
MW-58476-ULPH,Yes,70.19,Female,0,Yes,No,20,Yes,No,Fiber optic,No,Yes,No,No,No,No,Month-to-month,No,Mailed check,1387.19
MW-49078-BMLC,Yes,77.47,Male,0,No,Yes,49,Yes,No,Fiber optic,No,Yes,No,No,No,Yes,One year,No,Mailed check,3795.33
MW-29350-RFNJ,Yes,68.81,Female,0,Yes,No,66,Yes,Yes,DSL,No,No,No,No,No,Yes,One year,Yes,Electronic check,4522.42
MW-94591-CYRH,No,77.0,Female,0,No,Yes,66,Yes,No,Fiber optic,Yes,No,Yes,Yes,No,No,Two year,Yes,Mailed check,5083.25
MW-29316-FBUH,Yes,52.82,Male,0,No,No,54,Yes,Yes,DSL,No,No,No,Yes,Yes,No,Month-to-month,Yes,Bank transfer (automatic),2869.27
MW-73144-FYZL,No,95.66,Female,0,Yes,Yes,14,No,No phone service,No,No internet service,No internet service,No internet service,No internet service,No internet service,No internet service,Two year,Yes,Mailed check,1357.17
MW-10159-QVQG,Yes,48.25,Female,0,No,Yes,70,Yes,No,Fiber optic,No,No,No,Yes,No,No,One year,Yes,Electronic check,3358.82
MW-63026-UDPM,No,36.9,Female,0,No,Yes,39,Yes,No,DSL,No,No,No,No,Yes,No,One year,No,Mailed check,1429.11
MW-13639-QSBW,No,18.0,Male,0,Yes,No,39,Yes,No,No,No internet service,No internet service,No internet service,No internet service,No internet service,No internet service,Month-to-month,Yes,Mailed check,714.79
MW-60000-HFNZ,No,56.87,Female,0,Yes,Yes,51,Yes,Yes,Fiber optic,No,No,Yes,No,Yes,Yes,Month-to-month,Yes,Bank transfer (automatic),2910.93
MW-79252-WMQN,No,102.03,Female,0,Yes,No,56,No,No phone service,DSL,No,Yes,No,No,No,Yes,One year,No,Credit card (automatic),5704.45
MW-45963-SWDK,No,50.28,Male,0,No,Yes,69,Yes,No,DSL,No,Yes,No,Yes,Yes,No,Month-to-month,No,Bank transfer (automatic),3462.02
MW-77071-PUCP,Yes,22.64,Male,0,Yes,No,42,Yes,Yes,Fiber optic,Yes,No,No,No,No,No,Month-to-month,Yes,Bank transfer (automatic),952.11
MW-32168-UDEA,No,72.54,Male,0,Yes,Yes,44,Yes,No,No,No internet service,No internet service,No internet service,No internet service,No internet service,No internet service,One year,Yes,Electronic check,3164.26
MW-63113-WYMW,No,44.47,Female,1,No,Yes,54,Yes,Yes,DSL,No,No,No,Yes,Yes,No,One year,Yes,Credit card (automatic),2409.26
MW-34095-QZCS,Yes,110.45,Female,0,No,No,18,Yes,No,No,No internet service,No internet service,No internet service,No internet service,No internet service,No internet service,Month-to-month,No,Electronic check,2004.35
MW-74576-TRMF,No,96.24,Male,0,No,Yes,22,Yes,No,DSL,Yes,No,No,No,Yes,Yes,Month-to-month,No,Mailed check,2111.44
MW-44242-ERPM,Yes,25.87,Male,0,No,Yes,45,Yes,No,Fiber optic,Yes,No,Yes,Yes,No,Yes,Month-to-month,Yes,Electronic check,1142.86
MW-61572-AKWS,No,58.78,Male,0,No,No,4,Yes,No,Fiber optic,No,No,No,Yes,Yes,No,Two year,Yes,Electronic check,256.31
MW-68447-UCLN,No,41.34,Male,0,No,Yes,23,Yes,No,DSL,No,No,Yes,No,No,Yes,Two year,Yes,Credit card (automatic),954.11
MW-14303-UUCV,No,29.18,Male,0,No,Yes,52,Yes,Yes,No,No internet service,No internet service,No internet service,No internet service,No internet service,No internet service,Month-to-month,No,Electronic check,1527.99
MW-83659-AMFJ,Yes,62.32,Female,0,No,Yes,71,Yes,Yes,DSL,Yes,No,No,No,No,No,Month-to-month,No,Electronic check,4404.9
MW-42015-LPAD,No,88.55,Male,0,No,No,37,Yes,No,No,No internet service,No internet service,No internet service,No internet service,No internet service,No internet service,Month-to-month,Yes,Electronic check,3256.59
MW-50841-SCFV,Yes,61.55,Female,0,No,No,29,Yes,Yes,DSL,No,No,No,No,No,No,Month-to-month,No,Credit card (automatic),1791.16
MW-80564-FDML,No,48.52,Male,0,Yes,No,32,Yes,No,DSL,No,Yes,Yes,Yes,Yes,Yes,Two year,Yes,Credit card (automatic),1568.05
MW-39360-DKWZ,No,18.0,Female,1,No,Yes,50,Yes,No,No,No internet service,No internet service,No internet service,No internet service,No internet service,No internet service,Month-to-month,No,Credit card (automatic),883.06
MW-35281-BSSU,Yes,44.03,Male,1,No,No,39,Yes,Yes,Fiber optic,No,No,Yes,No,No,Yes,Month-to-month,Yes,Credit card (automatic),1715.64
MW-71415-USWG,No,80.55,Female,0,No,Yes,1,Yes,Yes,DSL,No,No,Yes,No,Yes,Yes,Month-to-month,Yes,Credit card (automatic),56.74
MW-69666-DJEE,Yes,23.74,Male,1,Yes,Yes,39,Yes,No,Fiber optic,Yes,No,Yes,No,No,Yes,Month-to-month,Yes,Mailed check,915.34
MW-28161-BPVB,No,102.48,Male,1,Yes,Yes,29,Yes,Yes,DSL,No,No,Yes,No,Yes,No,Two year,No,Electronic check,2968.06
MW-22500-RXME,Yes,46.49,Female,0,Yes,No,51,Yes,No,No,No internet service,No internet service,No internet service,No internet service,No internet service,No internet service,One year,No,Electronic check,2378.32
MW-36108-SFDM,Yes,69.81,Female,0,No,Yes,63,Yes,Yes,DSL,No,No,Yes,No,No,Yes,One year,No,Electronic check,4366.44
MW-65591-AHUD,Yes,52.03,Male,0,No,Yes,70,Yes,Yes,Fiber optic,No,Yes,No,Yes,Yes,No,Month-to-month,No,Bank transfer (automatic),3661.91
MW-11017-NZFG,No,28.71,Female,0,No,No,44,Yes,Yes,DSL,No,No,No,Yes,Yes,No,Two year,Yes,Electronic check,1260.68
MW-45704-STMT,No,77.21,Male,0,Yes,Yes,26,Yes,Yes,Fiber optic,No,No,Yes,Yes,Yes,No,Month-to-month,No,Electronic check,2026.88
MW-60506-RFVG,No,46.06,Male,0,No,No,32,Yes,Yes,No,No internet service,No internet service,No internet service,No internet service,No internet service,No internet service,Two year,No,Bank transfer (automatic),1484.4
MW-38305-SNNW,Yes,39.01,Male,0,No,No,12,Yes,No,No,No internet service,No internet service,No internet service,No internet service,No internet service,No internet service,Two year,Yes,Electronic check,480.9
MW-84474-XTQH,Yes,18.0,Female,0,No,Yes,68,Yes,Yes,Fiber optic,Yes,No,Yes,Yes,No,No,Month-to-month,Yes,Electronic check,1254.3
MW-68275-TBCQ,No,103.08,Female,0,No,No,61,Yes,Yes,DSL,No,No,No,No,Yes,Yes,Two year,No,Electronic check,6276.16
MW-87007-GMYJ,Yes,64.18,Male,1,No,Yes,62,Yes,Yes,DSL,No,Yes,No,Yes,No,Yes,Month-to-month,Yes,Bank transfer (automatic),3981.19
MW-20758-LRTY,No,97.2,Male,0,Yes,Yes,23,Yes,No,No,No internet service,No internet service,No internet service,No internet service,No internet service,No internet service,One year,No,Electronic check,2220.74
MW-69127-HXFR,Yes,82.61,Male,0,No,No,23,No,No phone service,DSL,Yes,No,No,No,No,No,Month-to-month,No,Electronic check,1898.5
MW-87445-BZUK,No,97.19,Male,0,No,No,62,Yes,No,Fiber optic,Yes,Yes,No,No,No,No,Month-to-month,No,Electronic check,6036.58
MW-77090-XCJL,No,47.08,Female,0,No,No,39,Yes,No,Fiber optic,No,No,No,No,No,No,Month-to-month,No,Bank transfer (automatic),1853.03
MW-95451-RRBV,Yes,22.83,Female,0,Yes,No,51,Yes,Yes,No,No internet service,No internet service,No internet service,No internet service,No internet service,No internet service,Month-to-month,Yes,Electronic check,1158.6
MW-93843-DYKN,No,86.88,Male,0,Yes,Yes,35,Yes,Yes,Fiber optic,No,No,No,No,No,Yes,Month-to-month,No,Electronic check,3022.73
MW-81814-KJLG,No,67.91,Male,0,Yes,Yes,32,Yes,Yes,Fiber optic,No,No,Yes,No,No,Yes,Month-to-month,Yes,Credit card (automatic),2174.22
MW-92864-XQLS,No,50.01,Male,0,No,No,46,Yes,Yes,No,No internet service,No internet service,No internet service,No internet service,No internet service,No internet service,One year,No,Credit card (automatic),2287.68
MW-62763-BREE,No,86.28,Male,0,Yes,No,59,Yes,No,No,No internet service,No internet service,No internet service,No internet service,No internet service,No internet service,Month-to-month,Yes,Electronic check,5081.85
MW-39314-RLEB,Yes,73.24,Female,0,No,Yes,24,Yes,Yes,Fiber optic,Yes,No,No,Yes,No,Yes,Month-to-month,No,Electronic check,1767.84
MW-64810-QNFF,No,83.17,Female,0,No,No,59,Yes,Yes,No,No internet service,No internet service,No internet service,No internet service,No internet service,No internet service,Two year,No,Electronic check,4914.31
MW-13900-TXYV,No,33.33,Male,0,Yes,No,17,Yes,No,Fiber optic,No,No,Yes,No,No,No,Two year,Yes,Bank transfer (automatic),579.12
MW-88607-FTKC,Yes,93.33,Female,0,Yes,Yes,29,Yes,Yes,Fiber optic,No,Yes,Yes,No,Yes,No,Month-to-month,No,Electronic check,2701.51
MW-64039-ELGE,No,63.86,Female,1,Yes,Yes,66,Yes,No,DSL,Yes,No,No,No,No,No,Month-to-month,Yes,Credit card (automatic),4229.89
MW-67774-UBYK,No,96.55,Male,1,Yes,No,69,Yes,No,Fiber optic,No,No,No,Yes,No,Yes,One year,Yes,Credit card (automatic),6662.17
MW-40570-HHSY,No,93.05,Male,0,No,No,67,Yes,Yes,Fiber optic,Yes,No,Yes,Yes,No,No,One year,No,Bank transfer (automatic),6230.09
MW-59658-GYXY,No,84.59,Female,0,Yes,No,23,Yes,Yes,DSL,No,Yes,No,No,No,Yes,Month-to-month,No,Electronic check,1929.09
MW-15197-QAHN,No,60.67,Female,0,No,No,61,Yes,No,DSL,No,Yes,No,No,No,Yes,One year,Yes,Credit card (automatic),3669.52
MW-47748-VAPQ,Yes,85.29,Female,0,No,Yes,68,Yes,Yes,Fiber optic,No,Yes,No,No,No,Yes,Month-to-month,No,Bank transfer (automatic),5776.26
MW-16654-ANLL,No,97.32,Male,0,Yes,No,71,Yes,Yes,DSL,No,No,No,No,No,No,Month-to-month,Yes,Credit card (automatic),6912.95
MW-88156-TBUC,No,82.2,Female,1,Yes,No,1,Yes,No,Fiber optic,No,No,No,No,Yes,No,One year,Yes,Electronic check,68.59
MW-13385-THNF,No,70.08,Male,0,No,No,54,Yes,Yes,Fiber optic,No,No,Yes,No,Yes,No,One year,Yes,Bank transfer (automatic),3759.64
MW-56643-ZEKW,No,85.36,Female,0,No,No,72,Yes,No,Fiber optic,No,Yes,No,No,No,No,Two year,No,Credit card (automatic),6139.63
MW-63435-KAEF,Yes,48.23,Male,0,Yes,No,55,Yes,No,DSL,Yes,No,No,Yes,Yes,No,Month-to-month,No,Credit card (automatic),2656.85
MW-37145-BYVW,No,109.42,Male,0,Yes,Yes,17,Yes,Yes,Fiber optic,Yes,Yes,Yes,Yes,Yes,Yes,Month-to-month,No,Bank transfer (automatic),1866.37
MW-21314-PJWV,Yes,18.0,Male,0,Yes,No,55,No,No phone service,Fiber optic,No,No,No,Yes,No,No,Month-to-month,No,Mailed check,989.57
MW-75500-TDWR,No,65.03,Male,0,Yes,Yes,7,Yes,No,Fiber optic,No,No,Yes,No,Yes,Yes,Month-to-month,No,Mailed check,454.3
MW-31967-SXGM,No,51.82,Female,1,No,No,35,Yes,No,Fiber optic,Yes,Yes,Yes,Yes,Yes,No,Month-to-month,No,Bank transfer (automatic),1805.62
MW-50398-JENP,No,44.77,Male,0,Yes,Yes,45,No,No phone service,No,No internet service,No internet service,No internet service,No internet service,No internet service,No internet service,Month-to-month,Yes,Credit card (automatic),2024.16
MW-18750-GTHW,No,73.16,Male,0,Yes,Yes,33,Yes,Yes,DSL,No,Yes,Yes,Yes,No,Yes,Month-to-month,Yes,Bank transfer (automatic),2411.63
MW-71907-TKTG,No,30.24,Female,0,Yes,No,51,Yes,No,Fiber optic,No,Yes,No,No,No,Yes,One year,Yes,Electronic check,1541.1
MW-61433-QSEF,Yes,120.0,Female,0,No,No,17,Yes,No,DSL,No,Yes,No,Yes,No,No,Month-to-month,Yes,Electronic check,2055.57
MW-40700-DFSE,No,23.44,Female,1,Yes,No,44,Yes,Yes,No,No internet service,No internet service,No internet service,No internet service,No internet service,No internet service,Month-to-month,Yes,Bank transfer (automatic),1043.24
MW-73191-XJHL,No,35.46,Male,0,No,No,47,Yes,No,DSL,No,Yes,Yes,No,No,No,One year,No,Credit card (automatic),1663.85
MW-45259-RTSC,Yes,32.63,Female,0,Yes,No,46,Yes,Yes,Fiber optic,No,No,No,No,No,No,Month-to-month,Yes,Electronic check,1496.07
MW-45243-WLWR,No,69.95,Male,1,No,No,21,Yes,No,Fiber optic,No,No,No,Yes,No,Yes,Two year,Yes,Mailed check,1463.93
MW-34666-BPVU,No,94.44,Male,0,No,No,22,Yes,No,DSL,No,No,No,No,Yes,Yes,Month-to-month,No,Credit card (automatic),2047.36
MW-20192-TXPF,No,79.78,Male,0,No,Yes,18,Yes,No,No,No internet service,No internet service,No internet service,No internet service,No internet service,No internet service,Month-to-month,No,Mailed check,1452.49
MW-64704-AXRX,No,108.17,Female,0,No,No,33,Yes,No,DSL,No,No,Yes,No,No,No,Two year,No,Electronic check,3559.34
MW-83675-VJEV,No,39.18,Female,0,No,No,42,No,No phone service,DSL,No,Yes,Yes,No,No,No,One year,No,Mailed check,1658.38
MW-14219-WNFV,No,83.76,Male,0,No,No,26,Yes,Yes,Fiber optic,No,No,Yes,Yes,Yes,No,One year,No,Mailed check,2178.38
MW-17708-WTNZ,No,54.89,Female,0,No,No,29,Yes,No,Fiber optic,No,No,No,No,No,No,One year,Yes,Electronic check,1612.69
MW-73987-YFHT,No,70.84,Male,1,No,No,20,Yes,Yes,DSL,No,Yes,No,Yes,Yes,Yes,Month-to-month,Yes,Bank transfer (automatic),1424.74
MW-58468-DANY,No,97.26,Male,0,Yes,No,15,Yes,Yes,DSL,Yes,No,No,No,No,No,One year,Yes,Bank transfer (automatic),1472.58
MW-60119-XEFJ,No,18.0,Male,0,Yes,No,47,Yes,Yes,DSL,No,Yes,Yes,No,No,Yes,Two year,Yes,Bank transfer (automatic),837.12
MW-21796-YWXM,No,120.0,Male,0,No,Yes,59,Yes,Yes,No,No internet service,No internet service,No internet service,No internet service,No internet service,No internet service,Two year,Yes,Bank transfer (automatic),7060.72
MW-37114-BRXJ,No,59.64,Female,0,No,No,21,Yes,No,Fiber optic,No,No,No,No,No,Yes,Month-to-month,No,Electronic check,1254.65
MW-16769-FPFW,Yes,18.0,Female,1,No,No,62,Yes,Yes,DSL,Yes,Yes,No,No,No,Yes,Month-to-month,No,Electronic check,1087.24
MW-78371-KXQL,No,43.21,Female,0,No,No,41,Yes,No,Fiber optic,No,No,No,No,No,No,One year,Yes,Electronic check,1764.59
MW-57611-LTFM,No,67.07,Male,0,Yes,Yes,12,Yes,No,No,No internet service,No internet service,No internet service,No internet service,No internet service,No internet service,Month-to-month,Yes,Electronic check,787.0
MW-74127-WYBT,Yes,43.21,Male,1,Yes,No,26,Yes,Yes,No,No internet service,No internet service,No internet service,No internet service,No internet service,No internet service,Month-to-month,No,Bank transfer (automatic),1110.87
MW-11917-WLFM,Yes,18.0,Male,1,Yes,Yes,0,Yes,Yes,DSL,No,No,No,Yes,No,Yes,Month-to-month,No,Electronic check,8.94
MW-17596-XEHY,No,66.9,Male,0,No,No,2,Yes,No,Fiber optic,No,No,No,Yes,Yes,Yes,Month-to-month,No,Bank transfer (automatic),141.75
MW-47853-RGSE,Yes,42.35,Male,1,Yes,Yes,24,Yes,No,DSL,Yes,No,No,No,No,Yes,Month-to-month,Yes,Electronic check,1013.97
MW-20080-TLXT,No,83.53,Male,0,Yes,No,33,Yes,Yes,DSL,Yes,No,Yes,Yes,No,No,Month-to-month,No,Electronic check,2761.29
MW-78106-CSRG,Yes,31.95,Male,0,No,Yes,58,Yes,No,No,No internet service,No internet service,No internet service,No internet service,No internet service,No internet service,Month-to-month,Yes,Electronic check,1844.99
MW-59482-NGTF,Yes,120.0,Female,0,No,No,9,Yes,No,No,No internet service,No internet service,No internet service,No internet service,No internet service,No internet service,Month-to-month,Yes,Mailed check,1116.4
MW-68947-KQBY,No,79.41,Female,0,Yes,No,61,Yes,Yes,DSL,No,No,Yes,No,No,No,Two year,No,Bank transfer (automatic),4848.52
MW-21984-BXRN,No,69.9,Male,0,Yes,No,17,No,No phone service,No,No internet service,No internet service,No internet service,No internet service,No internet service,No internet service,Month-to-month,Yes,Credit card (automatic),1179.45
MW-75378-MKTK,Yes,82.69,Male,0,Yes,No,10,Yes,No,Fiber optic,No,No,No,No,No,Yes,Month-to-month,No,Electronic check,840.03
MW-25310-NVRR,No,18.0,Female,1,Yes,No,51,Yes,Yes,Fiber optic,Yes,Yes,No,Yes,No,Yes,Month-to-month,Yes,Bank transfer (automatic),936.6
MW-14457-PABB,Yes,49.09,Male,0,Yes,No,56,Yes,No,No,No internet service,No internet service,No internet service,No internet service,No internet service,No internet service,Month-to-month,Yes,Credit card (automatic),2737.43
MW-26603-GMFN,Yes,117.49,Female,0,Yes,Yes,44,Yes,No,Fiber optic,No,No,Yes,No,Yes,Yes,Two year,No,Electronic check,5148.28
MW-94690-XZRD,No,54.4,Female,0,No,No,8,Yes,Yes,No,No internet service,No internet service,No internet service,No internet service,No internet service,No internet service,Two year,No,Electronic check,416.89
MW-92535-TVUX,Yes,62.12,Female,0,Yes,No,8,Yes,Yes,DSL,Yes,No,Yes,No,No,No,Month-to-month,Yes,Electronic check,486.91
MW-89060-AKQD,Yes,50.01,Male,0,No,Yes,28,Yes,No,Fiber optic,No,Yes,No,Yes,No,No,Month-to-month,No,Electronic check,1399.47
MW-69588-KFFR,Yes,107.94,Male,0,No,No,32,Yes,No,DSL,No,No,Yes,No,Yes,Yes,Month-to-month,No,Credit card (automatic),3429.64
MW-25359-RBSX,No,56.66,Female,0,No,No,72,Yes,Yes,No,No internet service,No internet service,No internet service,No internet service,No internet service,No internet service,Month-to-month,Yes,Mailed check,4073.25
MW-40258-AUSV,Yes,26.44,Female,0,Yes,No,20,No,No phone service,DSL,No,Yes,Yes,No,Yes,Yes,Month-to-month,No,Mailed check,525.68
MW-17799-ZTJD,No,120.0,Female,0,No,No,14,Yes,Yes,Fiber optic,No,No,Yes,No,Yes,No,Month-to-month,No,Bank transfer (automatic),1684.87
MW-22043-XTLQ,No,22.75,Male,0,No,Yes,69,Yes,Yes,Fiber optic,No,No,Yes,No,No,No,Month-to-month,Yes,Mailed check,1578.93
MW-93103-NBGG,Yes,61.08,Male,0,No,No,11,No,No phone service,DSL,No,No,Yes,Yes,Yes,No,One year,Yes,Bank transfer (automatic),677.9
MW-37674-QLLP,Yes,38.75,Male,0,Yes,No,1,Yes,No,DSL,No,Yes,Yes,No,No,No,Month-to-month,No,Electronic check,65.63
MW-71303-XECN,Yes,42.95,Female,0,No,No,30,Yes,Yes,DSL,No,No,No,No,No,No,Month-to-month,Yes,Mailed check,1304.91
MW-38250-WYHJ,No,32.21,Male,0,No,No,29,Yes,No,Fiber optic,Yes,Yes,No,Yes,No,No,Month-to-month,No,Electronic check,937.42
MW-93079-VDJM,Yes,47.8,Male,0,Yes,No,45,Yes,Yes,DSL,Yes,No,Yes,No,No,No,Month-to-month,Yes,Electronic check,2136.44
MW-90284-HLZY,No,93.52,Female,0,Yes,No,64,Yes,No,Fiber optic,No,No,Yes,No,No,Yes,Month-to-month,Yes,Electronic check,5975.15
MW-24353-KMYF,No,18.0,Female,0,No,No,68,Yes,No,Fiber optic,No,No,No,No,Yes,No,Month-to-month,Yes,Bank transfer (automatic),1202.57
MW-15995-PFRA,Yes,101.82,Female,0,No,No,21,No,No phone service,No,No internet service,No internet service,No internet service,No internet service,No internet service,No internet service,Month-to-month,Yes,Bank transfer (automatic),2140.52
MW-52323-FTSG,Yes,96.65,Female,0,Yes,Yes,71,Yes,No,No,No internet service,No internet service,No internet service,No internet service,No internet service,No internet service,Month-to-month,Yes,Bank transfer (automatic),6867.12
MW-60963-EUZP,No,79.27,Female,0,No,No,46,Yes,Yes,DSL,Yes,No,Yes,No,No,No,Two year,Yes,Electronic check,3659.81
MW-91639-TTXE,No,67.79,Male,0,Yes,No,5,Yes,Yes,No,No internet service,No internet service,No internet service,No internet service,No internet service,No internet service,Two year,No,Credit card (automatic),342.96
MW-22925-PDHL,Yes,72.3,Female,0,Yes,No,68,No,No phone service,No,No internet service,No internet service,No internet service,No internet service,No internet service,No internet service,Month-to-month,No,Electronic check,4932.21
MW-27310-YJAN,No,106.7,Male,0,No,No,10,Yes,Yes,Fiber optic,Yes,Yes,Yes,Yes,No,No,Month-to-month,No,Credit card (automatic),1083.12
MW-21371-LTAX,No,18.0,Female,1,Yes,No,42,Yes,No,Fiber optic,No,Yes,Yes,No,No,No,One year,Yes,Bank transfer (automatic),740.58
MW-94964-TQWF,No,85.82,Female,0,No,No,57,Yes,No,DSL,No,No,No,No,No,Yes,One year,No,Bank transfer (automatic),4883.97
MW-44413-KHGX,No,41.61,Female,0,Yes,No,18,Yes,No,Fiber optic,No,Yes,Yes,No,No,Yes,Month-to-month,No,Mailed check,748.81
MW-94424-XFFC,No,88.77,Male,1,Yes,Yes,19,Yes,Yes,Fiber optic,Yes,Yes,No,No,No,No,Month-to-month,Yes,Bank transfer (automatic),1676.04
MW-48302-DYEA,No,45.59,Female,1,Yes,No,34,Yes,No,DSL,No,Yes,No,Yes,No,No,Month-to-month,Yes,Bank transfer (automatic),1546.41
MW-48192-WTTD,No,85.21,Female,0,Yes,No,64,Yes,No,DSL,No,Yes,Yes,No,No,No,One year,No,Electronic check,5457.96
MW-39007-ARPE,No,18.0,Female,0,Yes,No,16,No,No phone service,DSL,No,Yes,No,No,Yes,No,Month-to-month,Yes,Credit card (automatic),286.15
MW-56320-LXXB,No,18.0,Female,1,Yes,No,48,Yes,Yes,Fiber optic,Yes,Yes,No,No,No,No,Month-to-month,Yes,Electronic check,864.0
MW-92782-AHTU,Yes,60.61,Male,0,No,No,33,Yes,No,DSL,No,Yes,No,No,No,No,Month-to-month,Yes,Mailed check,1985.99
MW-17391-NPML,Yes,107.07,Male,1,No,Yes,8,Yes,Yes,Fiber optic,No,No,No,Yes,Yes,No,Month-to-month,No,Bank transfer (automatic),864.16
MW-48926-DLZN,Yes,80.09,Male,0,Yes,No,51,Yes,No,No,No internet service,No internet service,No internet service,No internet service,No internet service,No internet service,Month-to-month,No,Credit card (automatic),4091.09
MW-62228-QZAS,No,79.87,Male,1,Yes,Yes,60,No,No phone service,DSL,Yes,No,Yes,No,No,No,One year,Yes,Mailed check,4780.76
MW-68292-GMAH,Yes,89.81,Male,0,Yes,No,42,Yes,No,DSL,Yes,Yes,No,Yes,No,Yes,Month-to-month,Yes,Electronic check,3752.62
MW-46911-PNKY,No,52.09,Male,0,Yes,No,12,Yes,No,DSL,No,No,No,Yes,No,Yes,Month-to-month,No,Mailed check,643.53
MW-91762-FFPJ,No,82.32,Male,0,Yes,No,11,Yes,No,Fiber optic,Yes,No,No,No,No,Yes,Month-to-month,No,Electronic check,931.74
MW-38527-GBNR,No,46.61,Male,0,No,No,30,Yes,No,No,No internet service,No internet service,No internet service,No internet service,No internet service,No internet service,Two year,Yes,Mailed check,1401.82
MW-22887-PURR,No,54.58,Male,0,Yes,Yes,36,Yes,Yes,Fiber optic,No,No,No,No,No,Yes,Month-to-month,No,Mailed check,1959.45
MW-18778-HVXU,Yes,58.3,Male,0,Yes,No,40,No,No phone service,No,No internet service,No internet service,No internet service,No internet service,No internet service,No internet service,Month-to-month,No,Credit card (automatic),2347.69
MW-60289-CZPL,Yes,47.63,Male,0,Yes,No,17,Yes,No,No,No internet service,No internet service,No internet service,No internet service,No internet service,No internet service,Month-to-month,No,Electronic check,816.77
MW-40336-FCWN,Yes,62.02,Female,0,No,No,36,Yes,Yes,DSL,Yes,No,No,Yes,No,Yes,Two year,No,Electronic check,2229.56
MW-98621-XUVK,No,56.36,Male,0,No,No,21,Yes,No,Fiber optic,Yes,No,Yes,No,No,No,One year,Yes,Mailed check,1198.08
MW-82302-JLAT,No,42.77,Male,0,No,No,50,Yes,No,Fiber optic,No,Yes,Yes,Yes,No,No,Two year,Yes,Electronic check,2126.36
MW-80631-XAXR,No,59.78,Male,0,Yes,No,58,Yes,Yes,Fiber optic,No,No,Yes,No,No,No,One year,No,Electronic check,3456.88
MW-23511-PSAZ,No,68.66,Male,0,No,Yes,47,Yes,Yes,DSL,Yes,Yes,No,No,Yes,No,Month-to-month,Yes,Mailed check,3232.47
MW-91491-WTHD,Yes,31.0,Female,0,No,Yes,0,Yes,Yes,DSL,Yes,No,No,Yes,Yes,Yes,Month-to-month,No,Mailed check,1.71
MW-33301-HMZK,Yes,76.52,Male,0,No,No,72,Yes,Yes,Fiber optic,No,Yes,No,Yes,No,Yes,Month-to-month,Yes,Electronic check,5519.0
MW-52958-TKBU,Yes,49.19,Male,1,Yes,No,1,Yes,No,Fiber optic,Yes,No,No,No,No,Yes,One year,Yes,Bank transfer (automatic),67.09
MW-82668-JPJT,No,69.95,Female,1,Yes,Yes,72,Yes,Yes,DSL,No,No,No,No,Yes,Yes,One year,Yes,Credit card (automatic),5013.11
MW-64716-VTXS,Yes,44.04,Male,1,No,No,2,Yes,Yes,DSL,No,Yes,Yes,No,No,No,Month-to-month,Yes,Bank transfer (automatic),88.66
MW-36004-NUSF,No,95.51,Female,0,No,No,37,Yes,Yes,Fiber optic,No,Yes,No,Yes,No,Yes,Two year,Yes,Electronic check,3562.39
MW-90199-HCUD,Yes,92.68,Female,1,No,No,7,Yes,No,Fiber optic,No,Yes,No,No,No,No,Month-to-month,Yes,Electronic check,639.81
MW-63773-CVBY,Yes,32.52,Female,0,Yes,Yes,6,Yes,Yes,Fiber optic,Yes,No,Yes,Yes,No,No,Month-to-month,Yes,Electronic check,184.4
MW-72775-FYRA,No,79.75,Male,0,Yes,Yes,49,Yes,Yes,DSL,Yes,No,No,No,Yes,Yes,Month-to-month,No,Bank transfer (automatic),3874.14
MW-16716-UZYX,No,107.39,Female,1,Yes,Yes,53,Yes,No,DSL,Yes,No,No,No,No,No,Two year,Yes,Bank transfer (automatic),5693.2
MW-93303-FEHP,No,35.55,Female,0,No,Yes,8,Yes,Yes,Fiber optic,No,No,Yes,No,Yes,No,Two year,No,Electronic check,293.11
MW-72901-UZMM,No,37.93,Female,0,Yes,Yes,71,No,No phone service,Fiber optic,Yes,Yes,No,No,Yes,Yes,Month-to-month,No,Electronic check,2701.71
MW-58791-WYLP,Yes,86.05,Female,0,Yes,No,23,Yes,No,DSL,No,No,Yes,Yes,Yes,No,Two year,No,Electronic check,1963.59
MW-87369-GJUD,Yes,24.78,Female,0,No,No,23,Yes,No,Fiber optic,Yes,No,Yes,No,No,Yes,Two year,Yes,Electronic check,569.81
MW-73618-GCGS,No,40.67,Female,0,No,No,21,Yes,No,Fiber optic,No,No,Yes,No,No,Yes,Two year,Yes,Credit card (automatic),857.39
MW-20203-WHXK,No,33.56,Male,0,No,No,33,Yes,No,Fiber optic,Yes,No,No,No,Yes,Yes,Two year,No,Electronic check,1108.26
MW-16651-GYNE,No,86.42,Male,0,Yes,No,12,Yes,Yes,DSL,No,Yes,No,No,No,No,Month-to-month,No,Electronic check,1020.62
MW-54948-FJCX,No,43.23,Female,0,No,No,31,Yes,No,Fiber optic,Yes,No,No,Yes,No,Yes,One year,No,Mailed check,1341.29
MW-33051-QYFV,No,55.46,Male,1,Yes,No,15,Yes,Yes,No,No internet service,No internet service,No internet service,No internet service,No internet service,No internet service,One year,Yes,Electronic check,819.68
MW-80975-SKJD,No,41.55,Female,0,No,No,3,Yes,No,Fiber optic,No,Yes,No,Yes,No,Yes,One year,Yes,Electronic check,96.57
MW-74141-VUPW,No,98.46,Female,0,No,No,26,Yes,Yes,DSL,No,Yes,No,Yes,No,Yes,Month-to-month,Yes,Mailed check,2570.18
MW-54977-QTZJ,Yes,38.22,Male,0,No,No,49,Yes,No,DSL,No,Yes,No,Yes,Yes,Yes,One year,Yes,Electronic check,1874.88
MW-68889-RRXS,No,21.77,Male,0,Yes,Yes,55,Yes,Yes,DSL,Yes,Yes,No,No,No,Yes,Two year,No,Electronic check,1206.23
MW-51983-GXVD,No,20.6,Female,0,No,Yes,25,Yes,Yes,No,No internet service,No internet service,No internet service,No internet service,No internet service,No internet service,Month-to-month,Yes,Bank transfer (automatic),506.98
MW-17500-TGGK,No,84.81,Female,0,Yes,Yes,23,Yes,No,No,No internet service,No internet service,No internet service,No internet service,No internet service,No internet service,Two year,Yes,Mailed check,1960.03
MW-15357-HVEX,Yes,86.98,Female,0,No,No,57,Yes,Yes,DSL,Yes,No,Yes,No,No,No,Month-to-month,No,Electronic check,4973.19
MW-95582-BGLN,Yes,101.46,Male,0,No,Yes,49,Yes,No,No,No internet service,No internet service,No internet service,No internet service,No internet service,No internet service,Month-to-month,No,Credit card (automatic),4997.85
MW-84257-XQND,Yes,26.17,Male,0,Yes,No,60,Yes,No,DSL,Yes,No,Yes,Yes,No,Yes,Month-to-month,Yes,Electronic check,1582.41
MW-26439-BVPM,No,57.06,Male,0,Yes,No,66,Yes,Yes,Fiber optic,No,Yes,No,No,No,No,One year,Yes,Credit card (automatic),3771.73
MW-92961-NXLP,No,120.0,Male,1,Yes,No,59,Yes,Yes,Fiber optic,No,Yes,No,No,No,No,One year,Yes,Credit card (automatic),7059.3
MW-68624-NVFB,No,54.93,Male,1,No,No,68,Yes,Yes,Fiber optic,Yes,Yes,No,No,Yes,No,Month-to-month,Yes,Mailed check,3733.64
MW-38061-YLPL,No,47.1,Female,1,No,No,30,Yes,Yes,Fiber optic,No,No,No,No,No,No,One year,Yes,Electronic check,1391.66
MW-67213-HESP,No,63.37,Male,0,No,No,28,Yes,No,Fiber optic,No,No,Yes,No,Yes,No,Month-to-month,Yes,Credit card (automatic),1762.08
MW-70534-RUHM,No,79.9,Male,1,No,No,23,Yes,Yes,DSL,No,Yes,Yes,No,Yes,No,Month-to-month,Yes,Mailed check,1867.03
MW-79013-QVCH,Yes,79.4,Male,0,No,No,17,Yes,Yes,No,No internet service,No internet service,No internet service,No internet service,No internet service,No internet service,Two year,Yes,Electronic check,1334.45
MW-92598-EHYE,No,45.57,Female,0,No,No,54,Yes,No,DSL,Yes,No,Yes,No,No,No,One year,No,Bank transfer (automatic),2425.64
MW-35843-UUTD,No,46.45,Male,1,Yes,No,52,Yes,No,DSL,No,Yes,Yes,No,No,Yes,One year,Yes,Mailed check,2427.6
MW-51121-BDWA,No,55.11,Male,0,Yes,No,58,Yes,No,No,No internet service,No internet service,No internet service,No internet service,No internet service,No internet service,One year,No,Credit card (automatic),3186.28
MW-35724-TKYL,No,42.1,Female,0,No,Yes,12,Yes,No,Fiber optic,No,No,No,No,Yes,Yes,Two year,No,Bank transfer (automatic),516.72
MW-49683-MLVU,No,26.96,Female,0,Yes,No,35,Yes,No,Fiber optic,No,No,Yes,No,Yes,No,Month-to-month,Yes,Credit card (automatic),926.05
MW-48837-ZKWA,Yes,118.24,Male,0,Yes,Yes,16,Yes,Yes,DSL,Yes,No,No,Yes,No,No,Month-to-month,Yes,Bank transfer (automatic),1885.45
MW-85099-QQBE,No,51.79,Female,0,No,No,65,No,No phone service,DSL,No,Yes,No,Yes,Yes,No,Month-to-month,Yes,Bank transfer (automatic),3384.29
MW-49186-ZANU,No,53.49,Female,0,No,No,19,Yes,No,DSL,Yes,No,Yes,No,No,No,One year,No,Mailed check,996.48
MW-19651-ZFQU,Yes,54.43,Male,0,No,Yes,10,No,No phone service,Fiber optic,Yes,No,No,No,Yes,Yes,One year,No,Credit card (automatic),541.76
MW-43067-XRFX,Yes,61.58,Female,0,No,No,41,Yes,Yes,Fiber optic,Yes,Yes,No,No,No,Yes,One year,Yes,Credit card (automatic),2529.15
MW-62987-YJMR,No,77.04,Female,0,Yes,No,64,Yes,No,Fiber optic,Yes,Yes,Yes,No,Yes,No,Month-to-month,No,Credit card (automatic),4919.77
MW-41834-VPTU,No,50.04,Male,0,No,No,66,Yes,Yes,No,No internet service,No internet service,No internet service,No internet service,No internet service,No internet service,Month-to-month,Yes,Credit card (automatic),3306.27
MW-17304-EHWQ,No,98.18,Male,0,No,No,7,Yes,Yes,No,No internet service,No internet service,No internet service,No internet service,No internet service,No internet service,One year,No,Bank transfer (automatic),687.49
MW-27387-ENFB,No,81.93,Female,0,No,No,23,Yes,Yes,DSL,No,No,No,No,No,Yes,Two year,Yes,Electronic check,1892.41
MW-65221-MAYX,Yes,58.27,Female,0,Yes,Yes,11,Yes,Yes,No,No internet service,No internet service,No internet service,No internet service,No internet service,No internet service,Month-to-month,No,Credit card (automatic),668.6
MW-44250-FRKQ,No,44.01,Female,0,Yes,No,22,No,No phone service,No,No internet service,No internet service,No internet service,No internet service,No internet service,No internet service,Month-to-month,No,Electronic check,1008.35
MW-67452-NTUA,No,96.55,Female,0,No,No,38,Yes,No,No,No internet service,No internet service,No internet service,No internet service,No internet service,No internet service,Month-to-month,Yes,Electronic check,3675.85
MW-86176-WFRR,Yes,59.14,Female,0,No,No,20,Yes,Yes,Fiber optic,No,Yes,Yes,No,Yes,Yes,Month-to-month,No,Mailed check,1181.14
MW-71199-RTDR,Yes,26.72,Female,0,No,Yes,4,Yes,Yes,DSL,Yes,Yes,Yes,No,No,No,Month-to-month,Yes,Bank transfer (automatic),113.49
MW-31430-KKDQ,Yes,94.63,Male,0,Yes,Yes,37,Yes,Yes,DSL,Yes,No,No,No,Yes,No,Month-to-month,No,Bank transfer (automatic),3497.83
MW-62453-HSMK,Yes,42.21,Female,1,No,Yes,3,Yes,No,No,No internet service,No internet service,No internet service,No internet service,No internet service,No internet service,One year,No,Electronic check,102.82
MW-12211-NPSB,Yes,90.06,Male,0,No,No,16,Yes,No,Fiber optic,No,No,No,No,Yes,No,Month-to-month,Yes,Electronic check,1440.26
MW-98663-VEFU,No,18.0,Female,0,No,No,0,Yes,Yes,No,No internet service,No internet service,No internet service,No internet service,No internet service,No internet service,Month-to-month,No,Electronic check,16.23
MW-97757-AKRU,No,52.94,Male,0,Yes,No,6,Yes,No,Fiber optic,No,No,Yes,Yes,Yes,Yes,Month-to-month,No,Mailed check,295.67
MW-61178-XSFJ,No,98.8,Male,0,No,No,31,Yes,No,DSL,No,Yes,No,No,No,No,Two year,Yes,Electronic check,3048.03
MW-73170-AUAD,No,64.15,Female,0,No,Yes,62,Yes,No,Fiber optic,No,No,No,No,No,No,Month-to-month,No,Bank transfer (automatic),3968.57
MW-30587-ZDGK,No,81.94,Male,0,No,No,56,Yes,No,No,No internet service,No internet service,No internet service,No internet service,No internet service,No internet service,Month-to-month,Yes,Electronic check,4594.23
MW-74096-DRHH,No,36.94,Male,0,Yes,Yes,7,Yes,No,DSL,No,No,Yes,No,Yes,No,Month-to-month,Yes,Mailed check,294.23
MW-67017-PHFW,No,74.43,Male,0,Yes,Yes,2,Yes,Yes,Fiber optic,Yes,No,Yes,No,No,No,One year,Yes,Electronic check,136.72
MW-45441-PXJX,No,64.11,Male,1,No,No,24,Yes,Yes,No,No internet service,No internet service,No internet service,No internet service,No internet service,No internet service,Two year,Yes,Mailed check,1540.01
MW-73331-XADV,No,71.3,Male,0,No,No,47,Yes,Yes,DSL,Yes,Yes,Yes,No,No,Yes,Month-to-month,Yes,Credit card (automatic),3351.19
MW-59034-HULG,Yes,120.0,Male,1,Yes,Yes,54,Yes,No,DSL,No,No,Yes,No,No,No,Month-to-month,Yes,Electronic check,6475.48
MW-41064-FFRA,No,103.14,Female,0,No,No,60,Yes,No,Fiber optic,No,No,No,No,No,No,Month-to-month,Yes,Mailed check,6187.68
MW-75054-EVHQ,No,87.76,Male,0,No,No,24,No,No phone service,No,No internet service,No internet service,No internet service,No internet service,No internet service,No internet service,One year,Yes,Bank transfer (automatic),2099.27
MW-69172-HALF,No,88.14,Male,0,Yes,No,12,Yes,No,Fiber optic,No,Yes,No,No,No,No,Two year,No,Electronic check,1098.82
MW-31780-TVXQ,Yes,36.73,Female,0,Yes,Yes,1,Yes,No,DSL,No,No,Yes,Yes,No,No,Month-to-month,Yes,Credit card (automatic),47.98
MW-87785-BWWD,Yes,49.86,Male,0,No,No,10,Yes,Yes,DSL,Yes,Yes,Yes,No,Yes,Yes,Month-to-month,Yes,Credit card (automatic),491.76
MW-56900-KYVE,No,18.02,Male,0,Yes,Yes,4,Yes,No,Fiber optic,No,Yes,No,Yes,No,Yes,One year,Yes,Bank transfer (automatic),89.83
MW-77756-RHWY,No,25.91,Male,0,No,No,62,No,No phone service,DSL,No,Yes,No,No,No,No,One year,Yes,Credit card (automatic),1610.27
MW-21461-UHKQ,Yes,37.4,Male,0,No,No,19,Yes,Yes,DSL,No,No,No,No,No,No,Month-to-month,Yes,Mailed check,711.47
MW-82474-YJPT,Yes,63.13,Female,0,No,No,60,Yes,No,No,No internet service,No internet service,No internet service,No internet service,No internet service,No internet service,Month-to-month,Yes,Mailed check,3785.07
MW-65338-JHKL,Yes,27.25,Female,0,No,No,40,Yes,Yes,DSL,Yes,No,Yes,No,No,No,Month-to-month,No,Electronic check,1086.25
MW-28510-CCSY,No,62.82,Male,0,No,Yes,39,Yes,No,No,No internet service,No internet service,No internet service,No internet service,No internet service,No internet service,One year,Yes,Electronic check,2431.68
MW-57904-VXWV,No,59.38,Female,0,No,No,33,Yes,No,No,No internet service,No internet service,No internet service,No internet service,No internet service,No internet service,One year,Yes,Electronic check,1934.44
MW-98768-BWLQ,No,29.97,Female,0,Yes,Yes,59,Yes,No,Fiber optic,No,No,No,Yes,No,No,One year,Yes,Mailed check,1773.79
MW-24181-XCGB,No,109.77,Female,0,No,No,3,Yes,No,Fiber optic,No,No,Yes,No,Yes,No,Two year,No,Mailed check,326.43
MW-11500-LUMN,No,24.26,Male,0,No,No,6,Yes,No,DSL,No,No,Yes,No,No,No,Month-to-month,Yes,Electronic check,158.72
MW-88024-FGPA,No,97.52,Male,0,Yes,No,30,Yes,No,Fiber optic,No,No,No,Yes,Yes,No,Month-to-month,Yes,Bank transfer (automatic),2912.25
MW-28461-LZPC,Yes,18.0,Female,1,Yes,Yes,28,Yes,No,Fiber optic,Yes,Yes,No,No,No,No,Month-to-month,Yes,Electronic check,487.53
MW-72051-LJSS,No,59.73,Female,0,No,No,39,Yes,Yes,DSL,No,No,No,No,No,No,Two year,Yes,Electronic check,2341.11
MW-78499-ZQFD,Yes,28.07,Male,0,No,Yes,53,Yes,No,Fiber optic,Yes,No,Yes,No,Yes,Yes,One year,No,Electronic check,1483.28
MW-18147-DQQJ,No,44.37,Female,0,No,No,42,Yes,Yes,DSL,No,Yes,Yes,Yes,No,No,Month-to-month,No,Bank transfer (automatic),1876.38
MW-14635-TETQ,No,118.3,Female,1,Yes,Yes,18,Yes,Yes,DSL,Yes,No,Yes,No,No,Yes,Month-to-month,Yes,Mailed check,2129.9
MW-79983-EXWU,Yes,53.59,Female,0,No,Yes,23,Yes,Yes,Fiber optic,Yes,No,No,No,No,Yes,One year,No,Bank transfer (automatic),1260.73
MW-94961-RDZE,No,30.86,Male,0,Yes,Yes,54,No,No phone service,Fiber optic,No,Yes,Yes,No,Yes,No,One year,Yes,Electronic check,1677.78
MW-37634-VMSA,No,78.63,Male,1,Yes,No,14,Yes,Yes,DSL,Yes,Yes,No,No,No,No,One year,Yes,Mailed check,1106.97
MW-35310-HATG,No,53.33,Female,0,Yes,Yes,36,Yes,No,DSL,Yes,No,Yes,No,No,No,Month-to-month,No,Credit card (automatic),1931.88
MW-73102-HCDP,No,68.52,Female,0,No,No,39,Yes,No,DSL,No,No,No,No,No,No,Two year,Yes,Electronic check,2668.19
MW-68513-JBWF,No,36.57,Female,0,Yes,No,54,Yes,No,Fiber optic,No,No,No,No,Yes,Yes,One year,Yes,Mailed check,1950.14
MW-46791-BBKN,No,38.04,Male,0,Yes,No,52,Yes,Yes,Fiber optic,No,Yes,No,No,Yes,No,One year,Yes,Electronic check,1983.49
MW-66382-DJJB,No,40.37,Female,0,No,No,33,Yes,No,DSL,No,No,No,No,No,Yes,One year,Yes,Electronic check,1361.33
MW-44991-RJSA,No,87.95,Male,0,Yes,No,22,Yes,No,Fiber optic,No,No,Yes,No,Yes,Yes,Two year,No,Mailed check,1900.54
MW-83661-AVHJ,Yes,57.2,Male,0,Yes,Yes,26,Yes,No,No,No internet service,No internet service,No internet service,No internet service,No internet service,No internet service,Two year,Yes,Electronic check,1494.24
MW-74448-LRTT,No,32.55,Male,1,Yes,No,30,Yes,No,Fiber optic,No,No,No,No,Yes,No,One year,No,Mailed check,953.47
MW-83171-WPGQ,Yes,68.85,Male,0,Yes,Yes,16,Yes,Yes,Fiber optic,No,No,No,No,No,No,Month-to-month,Yes,Credit card (automatic),1101.25
MW-14638-GLAK,No,66.38,Male,0,No,No,45,Yes,No,Fiber optic,No,Yes,No,No,No,Yes,Month-to-month,Yes,Electronic check,2988.29
MW-91105-QHCB,No,81.21,Female,0,Yes,No,15,Yes,No,No,No internet service,No internet service,No internet service,No internet service,No internet service,No internet service,Two year,Yes,Electronic check,1229.35
MW-79335-CJZM,No,49.55,Male,1,No,Yes,47,Yes,Yes,No,No internet service,No internet service,No internet service,No internet service,No internet service,No internet service,One year,Yes,Credit card (automatic),2332.0
MW-76792-XDZX,No,61.67,Male,1,No,No,54,No,No phone service,DSL,Yes,No,No,No,Yes,No,Month-to-month,No,Mailed check,3350.78
MW-17260-CARF,No,76.65,Male,0,Yes,No,70,Yes,No,DSL,No,Yes,No,No,No,Yes,Month-to-month,No,Credit card (automatic),5383.0
MW-49425-RSBV,No,33.72,Female,0,No,Yes,8,No,No phone service,DSL,No,Yes,No,No,No,No,Two year,No,Electronic check,266.81
MW-10481-WMYQ,No,90.59,Male,0,Yes,No,55,Yes,Yes,Fiber optic,No,No,No,No,Yes,No,Two year,Yes,Bank transfer (automatic),4998.87
MW-76258-TGRY,No,64.49,Male,0,No,No,6,Yes,Yes,DSL,No,Yes,Yes,No,No,No,Two year,Yes,Credit card (automatic),382.25
MW-25219-URKD,Yes,30.97,Male,0,Yes,No,24,No,No phone service,No,No internet service,No internet service,No internet service,No internet service,No internet service,No internet service,Month-to-month,No,Electronic check,736.01
MW-71269-JTND,No,30.75,Female,0,No,Yes,12,Yes,No,DSL,No,Yes,No,Yes,No,Yes,One year,Yes,Credit card (automatic),350.93
MW-90769-FKBM,No,61.02,Female,0,No,Yes,11,No,No phone service,Fiber optic,No,Yes,No,Yes,No,Yes,Two year,No,Bank transfer (automatic),690.9
MW-45941-XTYZ,Yes,47.49,Male,1,No,Yes,12,Yes,Yes,DSL,Yes,No,Yes,Yes,No,No,Month-to-month,No,Credit card (automatic),565.38
MW-77057-BJES,Yes,86.64,Male,0,No,No,3,Yes,No,Fiber optic,Yes,Yes,No,Yes,Yes,No,Month-to-month,Yes,Electronic check,223.6
MW-23516-ASKE,No,55.4,Female,0,No,No,60,Yes,No,Fiber optic,Yes,No,No,No,No,Yes,Two year,Yes,Mailed check,3332.13
MW-32229-FRMX,Yes,73.09,Female,0,Yes,Yes,4,Yes,Yes,Fiber optic,No,No,No,No,No,No,Month-to-month,No,Electronic check,285.85
MW-85569-ZPSM,No,38.54,Male,0,Yes,No,29,Yes,Yes,Fiber optic,Yes,Yes,No,No,Yes,No,One year,Yes,Credit card (automatic),1113.18
MW-53477-KRAV,No,63.31,Male,1,Yes,No,51,Yes,Yes,Fiber optic,No,No,No,No,No,Yes,One year,No,Electronic check,3225.3
MW-31630-SFAD,No,103.47,Female,0,No,Yes,72,Yes,Yes,Fiber optic,Yes,Yes,No,No,No,Yes,One year,No,Electronic check,7444.79
MW-31173-SRRA,Yes,59.56,Female,0,No,Yes,62,Yes,Yes,No,No internet service,No internet service,No internet service,No internet service,No internet service,No internet service,Month-to-month,Yes,Credit card (automatic),3733.64
MW-47324-AVLH,Yes,47.41,Male,0,Yes,Yes,10,Yes,Yes,No,No internet service,No internet service,No internet service,No internet service,No internet service,No internet service,One year,No,Electronic check,499.04
MW-15894-BCTU,Yes,38.09,Female,0,Yes,No,72,Yes,Yes,Fiber optic,No,Yes,Yes,Yes,No,No,Month-to-month,Yes,Bank transfer (automatic),2752.97
MW-31552-GFHK,No,63.44,Male,0,Yes,Yes,47,Yes,Yes,Fiber optic,Yes,Yes,No,No,No,No,Two year,No,Electronic check,2985.3
MW-41702-WKUV,No,106.28,Male,0,No,No,13,Yes,Yes,No,No internet service,No internet service,No internet service,No internet service,No internet service,No internet service,Month-to-month,Yes,Bank transfer (automatic),1398.57
MW-13959-QGZR,No,23.09,Male,0,Yes,No,32,Yes,Yes,Fiber optic,Yes,No,Yes,No,No,No,One year,Yes,Electronic check,742.53
MW-72706-SZQQ,No,62.5,Female,0,No,No,67,Yes,No,No,No internet service,No internet service,No internet service,No internet service,No internet service,No internet service,One year,No,Mailed check,4199.74
MW-32119-VDZG,Yes,18.0,Female,0,No,No,28,Yes,Yes,No,No internet service,No internet service,No internet service,No internet service,No internet service,No internet service,Month-to-month,Yes,Bank transfer (automatic),512.37
MW-86788-ZNXH,No,51.69,Female,0,No,No,13,No,No phone service,DSL,No,Yes,No,Yes,No,Yes,Month-to-month,Yes,Electronic check,673.9
MW-26502-UNRP,No,71.88,Male,0,No,No,63,Yes,No,DSL,No,No,No,Yes,Yes,No,One year,Yes,Electronic check,4542.54
MW-55695-ZTGQ,No,18.0,Male,0,Yes,No,69,Yes,Yes,Fiber optic,No,Yes,No,Yes,No,Yes,Month-to-month,Yes,Electronic check,1235.7
MW-72171-JSMF,No,50.66,Female,1,Yes,No,71,Yes,No,Fiber optic,No,No,Yes,No,No,No,Month-to-month,Yes,Bank transfer (automatic),3597.74
MW-10663-FLMV,Yes,72.72,Female,0,No,Yes,69,Yes,No,Fiber optic,Yes,Yes,No,No,No,Yes,Month-to-month,No,Electronic check,5002.99
MW-38163-RUDE,No,67.93,Female,0,No,Yes,63,Yes,Yes,No,No internet service,No internet service,No internet service,No internet service,No internet service,No internet service,Two year,No,Electronic check,4266.63
MW-59140-ABDR,No,74.17,Male,0,No,No,33,Yes,No,Fiber optic,No,No,Yes,No,No,No,One year,Yes,Electronic check,2409.67
MW-32957-LLTK,No,34.76,Male,0,No,No,14,Yes,Yes,DSL,No,No,No,Yes,Yes,Yes,Month-to-month,No,Mailed check,493.49
MW-29116-AAEK,No,72.7,Male,0,Yes,No,45,Yes,No,Fiber optic,No,Yes,No,Yes,Yes,No,Two year,Yes,Bank transfer (automatic),3282.47
MW-54032-XETA,Yes,46.0,Female,1,No,No,16,Yes,Yes,DSL,No,Yes,Yes,Yes,Yes,No,Month-to-month,Yes,Mailed check,752.28
MW-56525-CKRV,Yes,85.42,Male,0,No,Yes,34,Yes,Yes,Fiber optic,No,No,No,Yes,No,No,Month-to-month,No,Credit card (automatic),2887.74
MW-50572-TXLF,No,18.0,Female,0,Yes,Yes,47,Yes,No,No,No internet service,No internet service,No internet service,No internet service,No internet service,No internet service,Month-to-month,No,Bank transfer (automatic),852.6
MW-13588-LGJC,Yes,55.31,Female,0,Yes,No,69,Yes,No,DSL,Yes,Yes,No,No,No,No,Month-to-month,Yes,Credit card (automatic),3816.38
MW-32684-UXCB,No,66.97,Female,0,Yes,No,21,Yes,Yes,No,No internet service,No internet service,No internet service,No internet service,No internet service,No internet service,Month-to-month,No,Bank transfer (automatic),1417.43
MW-23453-VYAR,No,104.48,Female,0,No,Yes,18,Yes,Yes,No,No internet service,No internet service,No internet service,No internet service,No internet service,No internet service,One year,No,Electronic check,1870.87
MW-38535-KUNF,No,66.6,Female,0,No,No,53,Yes,No,DSL,No,Yes,No,Yes,Yes,Yes,Month-to-month,Yes,Credit card (automatic),3524.76
MW-22830-GQGC,No,69.65,Male,1,No,No,0,Yes,Yes,No,No internet service,No internet service,No internet service,No internet service,No internet service,No internet service,One year,No,Credit card (automatic),0.0
MW-51012-NRVQ,No,75.26,Female,0,Yes,No,41,Yes,No,Fiber optic,No,Yes,No,No,No,Yes,Month-to-month,No,Bank transfer (automatic),3074.91
MW-90261-KVLR,Yes,101.59,Female,0,Yes,Yes,54,Yes,Yes,Fiber optic,No,No,Yes,No,No,Yes,Month-to-month,Yes,Electronic check,5485.91
MW-52436-XZLM,No,52.54,Female,0,Yes,No,40,No,No phone service,DSL,Yes,Yes,No,No,No,No,Month-to-month,Yes,Electronic check,2104.21
MW-69307-WPUB,No,21.91,Male,0,No,No,28,Yes,Yes,DSL,No,No,No,No,No,No,One year,Yes,Bank transfer (automatic),588.19
MW-79871-VCKE,No,18.0,Male,0,Yes,No,60,Yes,No,Fiber optic,No,No,No,No,No,No,One year,Yes,Mailed check,1072.33
MW-95072-YCPD,Yes,83.93,Male,0,No,No,27,Yes,No,DSL,Yes,Yes,No,No,No,No,Month-to-month,Yes,Bank transfer (automatic),2268.51
MW-29117-AGBG,No,70.7,Female,0,No,No,51,Yes,Yes,DSL,Yes,No,Yes,No,No,No,Month-to-month,Yes,Mailed check,3626.82
MW-89422-DSEM,No,56.31,Female,0,Yes,No,33,Yes,Yes,No,No internet service,No internet service,No internet service,No internet service,No internet service,No internet service,Month-to-month,Yes,Mailed check,1845.55
MW-15900-AYLJ,No,46.42,Female,0,Yes,No,1,No,No phone service,Fiber optic,No,No,Yes,Yes,Yes,Yes,Two year,No,Electronic check,53.77
MW-98374-HBGW,Yes,69.42,Male,0,Yes,No,38,Yes,Yes,Fiber optic,Yes,No,No,No,No,No,Month-to-month,No,Electronic check,2629.54
MW-63158-KWEJ,No,70.29,Male,1,Yes,No,3,Yes,Yes,No,No internet service,No internet service,No internet service,No internet service,No internet service,No internet service,One year,Yes,Electronic check,204.18
MW-26245-RBJX,No,78.39,Female,0,No,Yes,67,Yes,Yes,DSL,No,No,Yes,Yes,No,No,Month-to-month,Yes,Credit card (automatic),5238.97
MW-22238-MYDZ,No,30.74,Male,0,No,Yes,43,Yes,No,DSL,No,No,No,No,Yes,Yes,Month-to-month,Yes,Bank transfer (automatic),1306.15
MW-26262-XKPD,Yes,18.0,Female,0,Yes,No,27,Yes,No,Fiber optic,Yes,No,Yes,No,No,No,One year,Yes,Credit card (automatic),478.88
MW-25006-DKHQ,No,36.59,Female,0,Yes,No,35,Yes,No,Fiber optic,Yes,Yes,Yes,No,No,No,Month-to-month,Yes,Bank transfer (automatic),1296.37
MW-72519-XBWG,No,23.47,Male,0,Yes,Yes,45,Yes,No,DSL,Yes,No,No,No,No,No,Month-to-month,Yes,Bank transfer (automatic),1044.83
MW-14763-RYTB,No,21.91,Male,0,No,No,18,Yes,Yes,Fiber optic,Yes,No,No,No,Yes,No,Two year,No,Mailed check,380.72
MW-79102-QDGP,Yes,111.09,Female,0,No,No,21,Yes,Yes,DSL,Yes,No,Yes,No,No,Yes,Month-to-month,Yes,Credit card (automatic),2336.03
MW-54140-PYGY,No,18.0,Female,0,Yes,No,30,Yes,No,Fiber optic,Yes,Yes,No,Yes,Yes,No,Month-to-month,Yes,Credit card (automatic),540.08
MW-29807-LGQQ,Yes,78.09,Female,0,Yes,No,18,Yes,Yes,Fiber optic,No,No,No,No,Yes,No,Month-to-month,No,Bank transfer (automatic),1404.6
MW-10612-XZRR,Yes,91.21,Female,0,Yes,No,55,Yes,No,Fiber optic,Yes,No,No,No,Yes,Yes,Month-to-month,No,Electronic check,5020.36
MW-97862-GFQS,Yes,93.62,Female,0,Yes,Yes,7,Yes,Yes,DSL,No,No,No,No,Yes,No,One year,Yes,Bank transfer (automatic),640.2
MW-90082-JNPM,Yes,72.32,Female,0,Yes,No,60,Yes,No,DSL,Yes,No,Yes,Yes,No,No,Month-to-month,Yes,Electronic check,4325.72
MW-46739-BMFC,Yes,103.6,Female,0,No,Yes,25,No,No phone service,No,No internet service,No internet service,No internet service,No internet service,No internet service,No internet service,Two year,Yes,Electronic check,2604.79
MW-45999-MUVJ,No,117.5,Male,0,Yes,No,40,Yes,Yes,No,No internet service,No internet service,No internet service,No internet service,No internet service,No internet service,One year,No,Bank transfer (automatic),4697.81
MW-10636-PEGL,No,54.93,Female,0,Yes,Yes,11,Yes,No,Fiber optic,No,No,Yes,No,No,No,Two year,Yes,Credit card (automatic),613.18
MW-91513-KRTP,No,77.42,Male,0,No,No,28,Yes,Yes,DSL,Yes,No,No,No,Yes,No,Two year,No,Electronic check,2186.12
MW-13503-AVLW,No,102.27,Female,0,No,No,55,Yes,Yes,Fiber optic,No,Yes,No,No,No,Yes,Two year,Yes,Electronic check,5637.54
MW-32773-GQFP,No,38.14,Female,1,No,Yes,19,Yes,No,DSL,No,No,No,No,Yes,No,One year,Yes,Credit card (automatic),704.11
MW-39532-WPZK,No,56.65,Female,0,Yes,No,9,Yes,Yes,DSL,Yes,Yes,Yes,No,No,No,Month-to-month,Yes,Electronic check,508.1
MW-90731-DMVN,No,45.23,Male,0,Yes,Yes,38,Yes,Yes,DSL,Yes,Yes,No,No,No,No,Month-to-month,Yes,Electronic check,1734.35
MW-56237-QVGT,No,77.83,Male,0,No,Yes,11,No,No phone service,DSL,No,No,No,No,No,No,One year,Yes,Bank transfer (automatic),863.97
MW-57283-YEEZ,No,18.0,Female,1,Yes,Yes,22,Yes,No,DSL,Yes,No,No,No,No,Yes,Month-to-month,Yes,Credit card (automatic),398.76
MW-99878-ZZWG,No,107.1,Male,0,Yes,No,32,Yes,No,DSL,Yes,No,Yes,Yes,No,No,One year,No,Mailed check,3402.61
MW-43287-PZSN,Yes,80.01,Female,0,Yes,No,41,Yes,No,No,No internet service,No internet service,No internet service,No internet service,No internet service,No internet service,Month-to-month,No,Bank transfer (automatic),3271.16
MW-43553-QFJT,No,81.7,Female,1,No,No,46,Yes,No,Fiber optic,No,No,No,Yes,No,No,Two year,No,Electronic check,3759.24
MW-82081-ZBKS,No,18.0,Male,0,Yes,No,49,Yes,Yes,Fiber optic,Yes,Yes,No,Yes,Yes,Yes,Month-to-month,Yes,Electronic check,860.61
MW-15170-MWRJ,No,32.8,Male,0,Yes,No,61,Yes,No,DSL,No,No,No,Yes,No,Yes,Two year,Yes,Bank transfer (automatic),2012.7
MW-16324-UJKG,Yes,108.71,Male,1,Yes,No,4,Yes,Yes,No,No internet service,No internet service,No internet service,No internet service,No internet service,No internet service,Month-to-month,Yes,Credit card (automatic),433.08
MW-77730-ZKYP,Yes,58.68,Male,1,No,Yes,26,Yes,Yes,DSL,No,Yes,No,No,No,No,Month-to-month,No,Electronic check,1495.99
MW-60431-DUEX,Yes,18.0,Female,0,Yes,Yes,0,Yes,Yes,DSL,No,No,No,Yes,Yes,No,Two year,No,Electronic check,0.0
MW-67422-ZPKM,No,70.65,Male,0,No,No,0,No,No phone service,Fiber optic,Yes,Yes,No,No,No,No,Two year,Yes,Electronic check,0.0
MW-64384-UJBQ,Yes,84.37,Male,0,No,No,15,Yes,Yes,Fiber optic,Yes,No,No,Yes,No,No,One year,Yes,Electronic check,1263.6
MW-52317-TDJM,No,79.94,Male,0,Yes,No,43,Yes,Yes,No,No internet service,No internet service,No internet service,No internet service,No internet service,No internet service,Two year,Yes,Electronic check,3458.71
MW-65094-QNUR,Yes,59.49,Male,0,No,Yes,65,Yes,No,Fiber optic,Yes,No,No,No,No,No,Month-to-month,Yes,Electronic check,3875.53
MW-45322-TBYL,No,98.07,Female,0,No,No,56,Yes,No,DSL,No,No,No,No,No,No,Two year,No,Credit card (automatic),5471.44
MW-85399-LUKU,No,42.94,Male,1,Yes,Yes,47,Yes,No,DSL,No,No,No,Yes,Yes,Yes,Month-to-month,No,Electronic check,1995.84
MW-76400-VPPW,No,80.2,Male,0,No,No,56,Yes,Yes,Fiber optic,No,No,Yes,Yes,No,Yes,Month-to-month,No,Bank transfer (automatic),4487.2
MW-97992-TUSV,Yes,68.05,Female,0,No,No,12,Yes,Yes,DSL,Yes,No,Yes,Yes,No,No,Month-to-month,Yes,Bank transfer (automatic),818.49
MW-24390-UVKT,No,60.01,Female,0,No,No,61,Yes,No,DSL,No,No,No,Yes,Yes,Yes,Month-to-month,Yes,Credit card (automatic),3675.5
MW-91536-NWMC,No,52.63,Female,0,Yes,No,64,Yes,No,DSL,Yes,No,No,No,Yes,No,One year,No,Credit card (automatic),3394.27
MW-90342-VNAV,Yes,53.69,Male,0,No,No,6,Yes,Yes,No,No internet service,No internet service,No internet service,No internet service,No internet service,No internet service,One year,Yes,Mailed check,348.9
MW-56571-BCTD,Yes,64.97,Male,0,Yes,No,34,Yes,No,DSL,No,Yes,No,Yes,No,No,Month-to-month,No,Electronic check,2202.34
MW-63667-GKZP,No,55.22,Male,0,Yes,Yes,60,Yes,Yes,DSL,Yes,No,Yes,No,No,No,Two year,No,Bank transfer (automatic),3327.22
MW-94289-ZTGP,Yes,85.99,Female,0,Yes,No,34,Yes,Yes,No,No internet service,No internet service,No internet service,No internet service,No internet service,No internet service,Month-to-month,Yes,Electronic check,2930.04
MW-88898-JFNW,No,47.92,Male,0,Yes,No,61,Yes,Yes,Fiber optic,Yes,No,Yes,No,No,Yes,Month-to-month,Yes,Electronic check,2906.76
MW-60399-UGGW,Yes,111.05,Female,0,Yes,No,68,Yes,Yes,Fiber optic,No,Yes,No,No,No,Yes,One year,Yes,Electronic check,7523.08
MW-73140-RMVA,No,46.58,Male,0,No,No,34,Yes,No,Fiber optic,No,No,No,No,Yes,No,Month-to-month,No,Credit card (automatic),1585.88
MW-16309-UMMR,Yes,91.6,Female,1,No,No,4,No,No phone service,DSL,No,No,No,Yes,No,No,Month-to-month,Yes,Electronic check,343.97
MW-18814-FXCP,No,92.9,Female,0,Yes,Yes,24,Yes,No,No,No internet service,No internet service,No internet service,No internet service,No internet service,No internet service,One year,Yes,Mailed check,2216.83
MW-21865-MZRK,No,68.98,Male,0,Yes,Yes,15,No,No phone service,DSL,Yes,No,No,No,No,No,Month-to-month,No,Mailed check,1024.43
MW-31536-LFBL,No,66.3,Female,0,Yes,No,34,Yes,Yes,No,No internet service,No internet service,No internet service,No internet service,No internet service,No internet service,Month-to-month,Yes,Bank transfer (automatic),2257.48
MW-21633-ARXC,No,42.13,Male,0,Yes,No,42,Yes,Yes,DSL,No,Yes,No,No,Yes,Yes,One year,Yes,Electronic check,1788.67
MW-44510-ZCMQ,No,48.49,Male,1,Yes,No,33,Yes,Yes,Fiber optic,No,No,Yes,Yes,No,No,Month-to-month,No,Credit card (automatic),1600.36
MW-83921-RKBU,No,70.59,Female,1,No,No,14,Yes,Yes,Fiber optic,No,No,No,No,No,No,Two year,Yes,Bank transfer (automatic),980.18
MW-13341-MGLL,No,62.65,Male,1,Yes,No,21,Yes,Yes,DSL,No,No,Yes,No,No,No,Two year,No,Mailed check,1284.62
MW-28073-QNQY,No,99.49,Male,0,No,Yes,49,Yes,No,Fiber optic,No,No,Yes,Yes,Yes,No,Month-to-month,No,Mailed check,4881.89
MW-28026-YARF,No,50.36,Female,0,No,No,1,Yes,No,Fiber optic,Yes,No,Yes,No,Yes,No,Month-to-month,Yes,Credit card (automatic),50.79
MW-71936-BCRZ,Yes,52.18,Female,0,Yes,No,15,Yes,No,DSL,No,No,Yes,No,No,No,Month-to-month,Yes,Bank transfer (automatic),774.45
MW-36003-UDFV,No,18.0,Female,0,No,No,65,Yes,Yes,No,No internet service,No internet service,No internet service,No internet service,No internet service,No internet service,One year,Yes,Mailed check,1187.49
MW-73382-QNEU,No,83.31,Female,0,Yes,No,7,Yes,No,DSL,No,Yes,No,No,No,No,Month-to-month,No,Mailed check,565.31
MW-15464-WHZM,No,80.6,Male,0,No,No,30,No,No phone service,Fiber optic,No,No,No,No,Yes,No,Two year,Yes,Electronic check,2407.73
MW-51004-AZEC,No,93.31,Male,1,Yes,No,15,No,No phone service,Fiber optic,Yes,No,No,No,No,No,Month-to-month,No,Electronic check,1395.97
MW-47549-LQRY,No,95.0,Female,0,No,Yes,7,Yes,Yes,Fiber optic,No,Yes,No,No,No,Yes,One year,Yes,Electronic check,656.57
MW-48627-MDLW,Yes,87.67,Male,0,Yes,Yes,30,Yes,Yes,Fiber optic,No,No,Yes,Yes,No,No,Month-to-month,Yes,Electronic check,2638.36
MW-20313-AGSE,No,88.93,Female,0,No,Yes,38,Yes,No,Fiber optic,No,No,No,No,No,No,Month-to-month,Yes,Electronic check,3386.3
MW-55899-MDDT,Yes,82.3,Male,1,Yes,No,12,Yes,Yes,Fiber optic,Yes,Yes,No,No,No,No,Month-to-month,Yes,Credit card (automatic),1003.36
MW-22455-UANL,No,86.92,Male,0,Yes,No,5,Yes,Yes,Fiber optic,No,No,No,No,No,No,One year,Yes,Credit card (automatic),442.13
MW-14548-JSRD,No,18.0,Female,0,Yes,No,9,Yes,No,Fiber optic,No,No,No,No,Yes,No,Two year,No,Credit card (automatic),160.27
MW-70120-ZFPD,No,31.01,Female,1,Yes,No,47,Yes,No,Fiber optic,No,No,No,No,Yes,No,Month-to-month,No,Bank transfer (automatic),1452.37
MW-31580-QAGL,Yes,26.1,Male,0,No,No,62,Yes,Yes,DSL,No,No,No,No,No,No,Month-to-month,No,Bank transfer (automatic),1625.03
MW-84623-CMPY,Yes,102.11,Female,0,No,Yes,13,No,No phone service,DSL,No,No,No,No,No,No,Month-to-month,No,Electronic check,1324.58
MW-18463-JTGZ,No,40.51,Female,0,No,No,23,Yes,Yes,Fiber optic,Yes,No,No,Yes,Yes,No,Month-to-month,Yes,Bank transfer (automatic),932.44
MW-79300-ZUFZ,No,45.31,Female,0,No,Yes,25,Yes,No,No,No internet service,No internet service,No internet service,No internet service,No internet service,No internet service,Two year,Yes,Electronic check,1140.4
MW-64829-KFKE,No,64.2,Female,1,No,No,26,Yes,Yes,DSL,No,Yes,Yes,No,No,No,Two year,Yes,Mailed check,1671.28
MW-58298-JKZM,No,26.69,Male,0,Yes,No,17,Yes,Yes,Fiber optic,No,No,Yes,Yes,No,No,Two year,Yes,Credit card (automatic),458.36
MW-21811-TVYN,No,75.42,Female,0,No,No,4,Yes,Yes,DSL,No,No,No,No,No,No,Month-to-month,Yes,Credit card (automatic),289.82
MW-87510-QYSG,No,18.0,Female,0,No,Yes,38,Yes,Yes,Fiber optic,No,No,No,No,Yes,No,Month-to-month,Yes,Electronic check,704.25
MW-32800-QPQR,No,28.68,Female,1,Yes,Yes,26,Yes,No,Fiber optic,Yes,No,Yes,No,No,No,One year,Yes,Bank transfer (automatic),729.08
MW-52679-LDJU,No,69.96,Female,0,Yes,No,24,Yes,No,Fiber optic,No,Yes,No,Yes,Yes,Yes,Month-to-month,Yes,Electronic check,1685.63
MW-36974-ZRUE,No,26.75,Female,0,No,No,19,Yes,Yes,Fiber optic,No,No,No,No,No,No,One year,No,Electronic check,500.96
MW-49459-UKSR,No,102.97,Female,0,No,No,67,Yes,Yes,Fiber optic,No,No,No,No,No,No,Month-to-month,Yes,Electronic check,6915.23
MW-27613-UTRL,No,65.39,Female,0,No,Yes,44,No,No phone service,DSL,No,No,Yes,No,Yes,No,Month-to-month,Yes,Electronic check,2890.42
MW-81986-VTDG,No,97.96,Male,0,Yes,No,30,Yes,No,Fiber optic,No,No,Yes,No,No,Yes,Two year,No,Bank transfer (automatic),2938.77
MW-41038-GHSA,Yes,74.74,Female,0,Yes,No,14,Yes,No,DSL,No,No,No,Yes,No,Yes,Month-to-month,No,Mailed check,1069.68
MW-38686-GMEE,No,63.64,Male,0,Yes,No,58,Yes,No,No,No internet service,No internet service,No internet service,No internet service,No internet service,No internet service,Two year,No,Electronic check,3688.31
MW-86174-LQJZ,No,34.1,Female,0,No,No,64,Yes,Yes,Fiber optic,Yes,Yes,Yes,No,No,Yes,Month-to-month,No,Credit card (automatic),2195.63
MW-39981-LZPJ,Yes,91.87,Male,0,No,No,2,Yes,No,DSL,Yes,No,No,No,No,Yes,Month-to-month,Yes,Bank transfer (automatic),172.85
MW-29323-CTNZ,No,77.24,Male,0,No,No,67,Yes,Yes,DSL,No,No,Yes,No,No,No,Month-to-month,Yes,Mailed check,5181.15
MW-56956-ZNFJ,No,120.0,Female,0,Yes,Yes,51,Yes,Yes,Fiber optic,Yes,No,No,No,No,No,Month-to-month,No,Mailed check,6106.01
MW-74752-BDKE,No,88.85,Male,0,Yes,No,7,Yes,Yes,No,No internet service,No internet service,No internet service,No internet service,No internet service,No internet service,Month-to-month,Yes,Mailed check,622.24
MW-24041-WWEG,Yes,52.08,Female,0,No,No,54,Yes,Yes,DSL,Yes,No,No,Yes,Yes,Yes,Month-to-month,Yes,Mailed check,2811.55
MW-21963-VGGT,No,72.68,Male,0,Yes,No,7,Yes,No,Fiber optic,No,No,No,No,Yes,No,One year,Yes,Bank transfer (automatic),521.94
MW-72238-KWNF,No,76.66,Male,0,Yes,No,3,No,No phone service,DSL,No,No,No,No,No,No,Two year,No,Credit card (automatic),219.92
MW-99206-DSLL,No,98.89,Female,0,No,No,8,Yes,No,Fiber optic,Yes,Yes,Yes,No,No,Yes,Month-to-month,Yes,Electronic check,837.22
MW-21164-SGZN,Yes,103.66,Male,0,No,No,33,Yes,No,Fiber optic,No,No,Yes,No,No,No,Month-to-month,Yes,Mailed check,3400.05
MW-65215-WUQC,Yes,59.14,Female,0,No,Yes,45,Yes,No,DSL,No,No,Yes,Yes,No,No,Month-to-month,No,Electronic check,2664.79
MW-54066-TBTX,No,27.53,Male,0,Yes,Yes,29,Yes,Yes,Fiber optic,No,No,Yes,Yes,No,No,One year,No,Credit card (automatic),802.69
MW-66195-NZRN,No,18.0,Male,0,Yes,No,8,Yes,Yes,DSL,No,No,No,No,Yes,No,One year,Yes,Electronic check,152.07
MW-63780-NDBB,No,29.81,Male,1,No,No,14,Yes,Yes,No,No internet service,No internet service,No internet service,No internet service,No internet service,No internet service,Month-to-month,Yes,Electronic check,409.61
MW-18471-XDRG,No,46.25,Male,0,Yes,No,62,Yes,Yes,DSL,No,Yes,Yes,No,No,No,Month-to-month,No,Credit card (automatic),2871.13
MW-66479-KSWC,No,109.13,Male,0,No,Yes,70,Yes,No,Fiber optic,Yes,No,No,No,No,No,Month-to-month,Yes,Bank transfer (automatic),7630.63
MW-55792-NDET,Yes,109.59,Female,0,No,No,55,Yes,No,DSL,Yes,No,No,No,No,No,Month-to-month,Yes,Electronic check,6055.55
MW-72579-AGPF,Yes,92.8,Male,0,Yes,Yes,7,Yes,No,Fiber optic,No,No,Yes,No,No,Yes,Month-to-month,No,Electronic check,640.07
MW-32555-KPXB,No,100.91,Female,1,No,No,59,Yes,No,DSL,Yes,Yes,Yes,No,No,No,Two year,Yes,Mailed check,5951.47
MW-22421-NRMA,Yes,42.78,Male,0,Yes,Yes,50,Yes,No,Fiber optic,No,Yes,No,Yes,Yes,No,Month-to-month,Yes,Credit card (automatic),2129.05
MW-15647-UFCL,No,18.54,Female,0,Yes,No,38,Yes,Yes,DSL,Yes,No,No,No,No,No,Month-to-month,No,Mailed check,692.52
MW-26834-ERNE,No,33.8,Male,0,No,No,10,Yes,Yes,Fiber optic,No,No,No,No,No,No,Month-to-month,No,Electronic check,316.98
MW-31334-YXHY,No,18.0,Female,0,Yes,No,72,Yes,No,No,No internet service,No internet service,No internet service,No internet service,No internet service,No internet service,One year,No,Bank transfer (automatic),1306.08
MW-86253-HMPG,Yes,30.58,Male,1,No,Yes,32,Yes,Yes,Fiber optic,Yes,Yes,No,No,No,No,Month-to-month,Yes,Mailed check,968.47
MW-38642-QCQY,No,48.82,Female,0,Yes,No,3,Yes,No,Fiber optic,Yes,No,Yes,Yes,Yes,Yes,Month-to-month,Yes,Electronic check,134.5
MW-83140-HDPH,No,69.0,Male,0,No,No,15,Yes,Yes,Fiber optic,No,Yes,No,Yes,No,No,Month-to-month,Yes,Credit card (automatic),1020.55
MW-96525-THBG,No,68.06,Female,0,Yes,Yes,29,Yes,Yes,Fiber optic,No,No,Yes,Yes,No,No,One year,No,Electronic check,1978.31
MW-28885-VAXE,Yes,43.31,Male,0,No,No,4,No,No phone service,No,No internet service,No internet service,No internet service,No internet service,No internet service,No internet service,Month-to-month,Yes,Credit card (automatic),173.57
MW-45272-GTYE,No,81.07,Female,0,Yes,No,23,Yes,No,Fiber optic,No,Yes,No,No,Yes,No,Two year,Yes,Credit card (automatic),1865.0
MW-68547-XUAK,No,43.89,Male,0,Yes,No,34,Yes,Yes,No,No internet service,No internet service,No internet service,No internet service,No internet service,No internet service,Month-to-month,Yes,Electronic check,1480.84
MW-82594-GBYV,No,64.3,Female,0,No,No,69,Yes,No,No,No internet service,No internet service,No internet service,No internet service,No internet service,No internet service,Month-to-month,Yes,Bank transfer (automatic),4443.23
MW-29624-WRTQ,No,30.7,Female,0,No,No,6,Yes,No,Fiber optic,No,Yes,No,No,Yes,Yes,Two year,Yes,Credit card (automatic),174.26
MW-50232-BDXQ,No,96.66,Female,1,No,No,42,Yes,Yes,Fiber optic,Yes,No,Yes,No,No,No,Two year,Yes,Bank transfer (automatic),4060.77
MW-76871-HVNZ,Yes,64.63,Male,0,No,No,66,Yes,No,Fiber optic,Yes,Yes,Yes,No,No,Yes,Month-to-month,Yes,Bank transfer (automatic),4263.48
MW-72391-MSZL,No,84.36,Female,0,Yes,No,58,Yes,No,Fiber optic,No,No,No,No,No,Yes,Two year,No,Electronic check,4867.55
MW-48955-YVAB,Yes,27.51,Male,0,Yes,Yes,67,Yes,Yes,DSL,No,No,No,No,No,No,Month-to-month,Yes,Electronic check,1873.6
MW-57096-CLVT,Yes,69.23,Female,0,No,No,12,Yes,Yes,DSL,Yes,No,Yes,Yes,No,No,Month-to-month,No,Bank transfer (automatic),839.38
MW-54595-TJBB,No,81.17,Female,0,Yes,No,58,Yes,No,DSL,Yes,Yes,No,Yes,No,No,Two year,Yes,Electronic check,4710.56
MW-47168-DCYE,Yes,18.0,Female,0,No,No,71,Yes,No,Fiber optic,No,Yes,Yes,No,No,No,One year,No,Electronic check,1283.07
MW-88838-HVET,No,99.04,Female,0,No,No,23,Yes,Yes,Fiber optic,Yes,Yes,No,Yes,No,Yes,Month-to-month,No,Mailed check,2308.7
MW-83525-MUHX,Yes,26.52,Female,0,Yes,No,36,Yes,Yes,DSL,No,Yes,Yes,No,No,No,One year,No,Electronic check,971.77
MW-56120-THRT,Yes,70.33,Female,0,No,No,38,Yes,Yes,Fiber optic,No,No,Yes,Yes,Yes,No,Month-to-month,No,Credit card (automatic),2677.77
MW-17432-ZJZU,No,117.63,Male,0,No,Yes,36,Yes,No,Fiber optic,No,No,Yes,No,No,No,Month-to-month,Yes,Credit card (automatic),4224.06
MW-18629-LSPZ,No,92.65,Male,0,Yes,Yes,21,No,No phone service,No,No internet service,No internet service,No internet service,No internet service,No internet service,No internet service,Two year,No,Credit card (automatic),1937.39
MW-66738-BUVA,Yes,19.3,Female,0,No,No,70,Yes,Yes,DSL,No,No,Yes,No,Yes,No,Month-to-month,Yes,Electronic check,1323.95
MW-14799-NSWC,No,58.66,Female,0,Yes,No,69,Yes,Yes,DSL,Yes,No,No,No,No,Yes,One year,Yes,Mailed check,4042.02
MW-57753-GPRD,No,101.0,Female,0,Yes,No,27,Yes,Yes,DSL,No,No,No,No,No,No,One year,No,Credit card (automatic),2736.93
MW-44630-VMKV,No,39.5,Male,0,No,No,58,Yes,Yes,Fiber optic,Yes,No,No,No,No,Yes,One year,Yes,Mailed check,2300.5
MW-87906-NGLD,Yes,53.2,Male,0,Yes,No,29,Yes,Yes,DSL,No,No,Yes,No,No,No,Month-to-month,Yes,Bank transfer (automatic),1552.04
MW-88519-WHJE,No,52.36,Male,0,Yes,No,58,Yes,Yes,DSL,No,Yes,Yes,No,No,Yes,Two year,No,Bank transfer (automatic),3029.15
MW-28581-JEBS,No,81.1,Female,1,No,No,42,Yes,Yes,Fiber optic,No,No,Yes,Yes,No,No,One year,No,Mailed check,3414.47
MW-97347-KSFN,No,18.0,Female,0,No,No,34,Yes,Yes,Fiber optic,Yes,No,No,Yes,No,No,One year,No,Electronic check,624.36
MW-68345-FGZN,Yes,82.78,Male,0,Yes,Yes,9,Yes,No,DSL,Yes,No,Yes,No,Yes,Yes,Month-to-month,Yes,Bank transfer (automatic),711.62
MW-77185-AYVK,Yes,45.32,Female,0,No,Yes,47,Yes,Yes,Fiber optic,No,Yes,No,No,Yes,No,Month-to-month,Yes,Electronic check,2134.61
MW-74933-FLUM,Yes,63.66,Female,0,Yes,Yes,23,Yes,No,DSL,Yes,Yes,Yes,No,No,No,Month-to-month,No,Credit card (automatic),1495.4
MW-32853-EEZF,Yes,57.25,Female,0,Yes,No,15,Yes,No,Fiber optic,Yes,No,No,No,No,No,Month-to-month,Yes,Bank transfer (automatic),854.38
MW-26159-PSDD,No,81.99,Male,0,Yes,No,14,Yes,No,Fiber optic,No,No,No,No,Yes,No,Month-to-month,Yes,Electronic check,1110.03
MW-66188-HQWK,No,63.37,Male,0,No,Yes,71,Yes,Yes,DSL,No,No,Yes,Yes,No,No,One year,No,Bank transfer (automatic),4487.08
MW-51172-GHUP,No,107.21,Male,0,Yes,No,7,No,No phone service,DSL,Yes,No,No,No,Yes,Yes,Two year,No,Mailed check,723.25
MW-35214-QFRH,Yes,93.68,Female,0,No,No,58,Yes,Yes,No,No internet service,No internet service,No internet service,No internet service,No internet service,No internet service,Month-to-month,Yes,Electronic check,5423.92
MW-94146-XNDR,Yes,40.14,Female,0,Yes,No,63,Yes,Yes,No,No internet service,No internet service,No internet service,No internet service,No internet service,No internet service,Month-to-month,Yes,Credit card (automatic),2510.46
MW-52553-AWKV,No,104.96,Female,0,No,No,2,Yes,Yes,DSL,No,Yes,Yes,No,Yes,No,One year,No,Bank transfer (automatic),223.88
MW-67886-YMCB,No,73.58,Male,0,No,No,43,Yes,No,Fiber optic,No,Yes,Yes,No,No,No,Month-to-month,Yes,Bank transfer (automatic),3175.62
MW-27918-HETA,No,69.1,Female,0,Yes,Yes,42,Yes,No,DSL,Yes,No,No,No,Yes,Yes,Two year,Yes,Credit card (automatic),2907.34
MW-86519-TEDA,No,89.45,Female,0,Yes,No,26,Yes,Yes,No,No internet service,No internet service,No internet service,No internet service,No internet service,No internet service,Month-to-month,Yes,Bank transfer (automatic),2344.09
MW-20919-VTXP,No,32.77,Male,0,Yes,No,48,Yes,Yes,No,No internet service,No internet service,No internet service,No internet service,No internet service,No internet service,Month-to-month,Yes,Mailed check,1564.48
MW-94992-QAAQ,Yes,22.62,Male,0,No,Yes,29,Yes,No,Fiber optic,No,No,No,No,No,No,Month-to-month,No,Electronic check,657.08
MW-47894-NVPA,No,64.75,Female,1,No,No,32,Yes,No,Fiber optic,No,No,Yes,Yes,No,No,Two year,No,Electronic check,2104.92
MW-44466-RDXM,Yes,45.81,Male,0,No,No,31,Yes,No,Fiber optic,Yes,No,No,No,No,No,Month-to-month,Yes,Mailed check,1428.89
MW-10194-LBHA,No,120.0,Male,0,No,No,58,Yes,Yes,DSL,Yes,No,Yes,Yes,Yes,No,One year,No,Mailed check,6968.74
MW-64412-CPMP,No,41.07,Male,0,No,Yes,46,Yes,No,Fiber optic,No,Yes,Yes,Yes,No,Yes,Month-to-month,No,Bank transfer (automatic),1877.71
MW-91588-VVXB,No,65.21,Female,0,No,No,27,Yes,No,DSL,Yes,Yes,Yes,No,No,Yes,Month-to-month,Yes,Mailed check,1754.42
MW-77977-BXWA,Yes,69.76,Male,0,Yes,No,67,Yes,No,Fiber optic,No,No,No,Yes,Yes,No,Two year,Yes,Bank transfer (automatic),4658.88
MW-69265-AHPB,No,100.94,Female,0,Yes,Yes,58,No,No phone service,Fiber optic,No,No,No,No,Yes,No,Month-to-month,Yes,Credit card (automatic),5879.73
MW-51187-LFYV,No,34.16,Female,0,Yes,No,68,Yes,Yes,DSL,No,Yes,No,No,No,No,Month-to-month,No,Credit card (automatic),2299.51
MW-20715-NDGE,No,18.0,Female,0,No,No,53,Yes,Yes,Fiber optic,No,Yes,No,No,No,No,Month-to-month,No,Electronic check,967.71
MW-34180-WQJA,No,105.83,Female,0,No,Yes,28,Yes,No,No,No internet service,No internet service,No internet service,No internet service,No internet service,No internet service,Two year,No,Credit card (automatic),2971.96
MW-52079-VQFX,Yes,66.42,Female,0,No,No,56,Yes,Yes,Fiber optic,No,Yes,No,No,No,No,Month-to-month,No,Credit card (automatic),3695.47
MW-27391-UBAA,No,88.29,Female,1,No,No,24,Yes,No,Fiber optic,No,Yes,No,No,No,Yes,Month-to-month,No,Electronic check,2136.1
MW-65964-GKYW,No,89.7,Male,0,Yes,No,19,Yes,Yes,No,No internet service,No internet service,No internet service,No internet service,No internet service,No internet service,Two year,Yes,Electronic check,1700.42
MW-82985-ZYAV,No,94.9,Male,0,No,No,32,Yes,Yes,DSL,No,Yes,Yes,No,No,Yes,One year,Yes,Electronic check,3016.99
MW-13241-YRZL,No,52.66,Female,0,No,Yes,70,Yes,No,Fiber optic,Yes,No,No,No,Yes,No,Two year,Yes,Bank transfer (automatic),3691.67
MW-70301-UUFU,No,44.53,Male,0,Yes,No,41,Yes,No,Fiber optic,No,Yes,No,Yes,No,No,One year,No,Bank transfer (automatic),1813.39
MW-64031-MECT,No,18.0,Male,0,No,Yes,28,Yes,Yes,DSL,Yes,Yes,No,Yes,Yes,No,One year,Yes,Mailed check,500.93
MW-77641-VVZX,No,34.15,Male,0,Yes,No,33,Yes,Yes,No,No internet service,No internet service,No internet service,No internet service,No internet service,No internet service,Month-to-month,Yes,Bank transfer (automatic),1119.36
MW-44092-ETFT,No,65.86,Male,0,No,Yes,21,Yes,No,Fiber optic,No,No,No,Yes,No,Yes,Month-to-month,Yes,Electronic check,1369.87
MW-68108-LXCE,No,42.96,Male,1,No,No,48,Yes,Yes,DSL,No,Yes,No,No,Yes,No,One year,Yes,Mailed check,2044.25
MW-29065-QPWX,No,29.77,Female,0,Yes,No,25,Yes,Yes,DSL,Yes,Yes,No,Yes,Yes,No,One year,No,Credit card (automatic),756.2
MW-77828-GRUY,No,65.51,Male,0,No,No,40,Yes,No,No,No internet service,No internet service,No internet service,No internet service,No internet service,No internet service,Two year,Yes,Credit card (automatic),2625.27
MW-64329-JBJF,No,104.29,Male,0,No,No,26,Yes,No,No,No internet service,No internet service,No internet service,No internet service,No internet service,No internet service,One year,Yes,Credit card (automatic),2715.45
MW-26369-BFEB,Yes,62.32,Female,0,No,No,23,Yes,Yes,DSL,Yes,No,Yes,Yes,No,No,Month-to-month,No,Electronic check,1427.9
MW-34223-UQDK,No,30.02,Male,0,No,Yes,70,Yes,Yes,Fiber optic,Yes,Yes,Yes,No,No,No,Month-to-month,Yes,Electronic check,2102.17
MW-85052-WFFT,No,102.17,Male,0,Yes,No,25,Yes,No,DSL,No,No,Yes,No,No,No,One year,Yes,Electronic check,2543.21
MW-95192-KSEA,Yes,40.78,Female,0,Yes,Yes,5,Yes,No,Fiber optic,Yes,No,Yes,Yes,Yes,No,Month-to-month,Yes,Mailed check,192.6
MW-67538-NLWT,No,108.38,Male,0,Yes,No,27,Yes,No,Fiber optic,No,No,No,Yes,Yes,No,Two year,Yes,Electronic check,2951.91
MW-92258-JCPV,No,56.11,Female,0,Yes,No,38,Yes,Yes,DSL,No,Yes,Yes,Yes,No,No,One year,No,Credit card (automatic),2145.45
MW-43834-HQAT,Yes,67.09,Female,0,Yes,No,6,Yes,No,Fiber optic,No,No,Yes,Yes,No,No,Month-to-month,Yes,Bank transfer (automatic),394.12
MW-33766-WGST,No,110.83,Female,0,No,No,22,Yes,No,No,No internet service,No internet service,No internet service,No internet service,No internet service,No internet service,One year,Yes,Mailed check,2415.82
MW-15440-FEKW,No,23.46,Male,1,Yes,No,12,Yes,No,DSL,Yes,No,Yes,No,No,No,One year,No,Electronic check,256.0
MW-89633-JEGG,No,32.5,Male,0,No,No,36,Yes,No,DSL,No,No,Yes,No,Yes,No,Two year,No,Mailed check,1160.49
MW-87613-NSGJ,No,54.2,Male,0,No,No,52,Yes,No,No,No internet service,No internet service,No internet service,No internet service,No internet service,No internet service,Month-to-month,Yes,Mailed check,2820.02
MW-88946-MHLB,No,59.8,Male,1,Yes,No,70,Yes,No,DSL,No,No,No,No,No,No,One year,Yes,Bank transfer (automatic),4187.78
MW-33097-KVLM,Yes,120.0,Male,0,Yes,No,28,Yes,Yes,Fiber optic,No,Yes,No,No,Yes,Yes,Month-to-month,Yes,Electronic check,3362.22
MW-69446-QKLF,Yes,37.36,Female,0,Yes,Yes,63,No,No phone service,Fiber optic,No,No,Yes,No,No,Yes,Month-to-month,Yes,Credit card (automatic),2358.69
MW-24522-UPAP,No,24.87,Female,0,No,Yes,15,Yes,No,DSL,Yes,Yes,Yes,Yes,No,No,Month-to-month,No,Electronic check,357.47
MW-99701-JANC,No,35.92,Female,0,Yes,No,56,Yes,Yes,DSL,No,Yes,Yes,Yes,Yes,No,Two year,Yes,Electronic check,2034.14
MW-49798-EQNG,No,70.96,Male,0,Yes,No,41,Yes,No,DSL,No,Yes,Yes,Yes,Yes,No,Two year,Yes,Credit card (automatic),2906.4
MW-84195-WZCF,Yes,78.76,Female,0,No,No,55,Yes,No,DSL,No,No,Yes,No,No,No,Month-to-month,No,Electronic check,4336.22
MW-83944-ADJB,No,42.79,Male,0,No,No,55,Yes,Yes,Fiber optic,No,No,Yes,No,No,Yes,One year,Yes,Electronic check,2343.61
MW-66062-YSBG,No,64.63,Male,0,Yes,No,38,Yes,Yes,No,No internet service,No internet service,No internet service,No internet service,No internet service,No internet service,Month-to-month,Yes,Bank transfer (automatic),2460.61
MW-14255-TGMC,No,120.0,Male,0,No,No,18,Yes,No,DSL,Yes,Yes,Yes,No,No,No,One year,No,Mailed check,2191.15
MW-83857-WBCF,No,65.06,Female,1,Yes,No,38,Yes,No,Fiber optic,No,No,No,No,No,No,Month-to-month,Yes,Electronic check,2457.44
MW-88498-JKSR,No,73.63,Female,0,No,Yes,60,Yes,Yes,Fiber optic,No,No,Yes,Yes,No,Yes,One year,No,Electronic check,4401.07
MW-81445-ACHJ,Yes,120.0,Female,0,No,No,70,No,No phone service,DSL,No,No,Yes,No,No,No,Month-to-month,No,Electronic check,8387.03
MW-86896-UZGS,No,43.06,Male,0,Yes,No,67,Yes,Yes,Fiber optic,No,No,No,Yes,No,No,One year,Yes,Mailed check,2880.02
MW-13080-GZQB,No,41.1,Female,0,No,No,13,Yes,Yes,DSL,Yes,Yes,Yes,No,Yes,No,Month-to-month,No,Electronic check,526.48
MW-39424-CKLF,No,49.91,Male,1,No,No,43,Yes,No,Fiber optic,Yes,No,No,No,No,No,One year,Yes,Credit card (automatic),2130.52
MW-15388-BYSX,No,48.16,Male,0,Yes,No,7,Yes,No,DSL,No,Yes,No,No,No,Yes,One year,No,Credit card (automatic),336.38
MW-10443-GPRH,No,18.0,Female,0,No,No,48,Yes,Yes,Fiber optic,No,No,Yes,No,No,No,Month-to-month,Yes,Electronic check,887.42
MW-41911-RPWW,No,68.14,Female,0,Yes,No,72,Yes,Yes,No,No internet service,No internet service,No internet service,No internet service,No internet service,No internet service,Month-to-month,No,Electronic check,4903.83
MW-87183-YPBU,No,70.51,Female,0,Yes,Yes,3,Yes,Yes,DSL,No,No,No,Yes,No,Yes,Two year,Yes,Electronic check,210.08
MW-23922-KSSC,No,58.42,Female,0,No,Yes,47,Yes,Yes,No,No internet service,No internet service,No internet service,No internet service,No internet service,No internet service,One year,No,Electronic check,2750.88
MW-30923-EUPF,Yes,71.42,Female,0,Yes,Yes,69,Yes,No,DSL,No,No,Yes,Yes,No,Yes,Month-to-month,Yes,Electronic check,4937.69
MW-42965-WWFH,No,71.74,Male,0,No,Yes,61,Yes,No,DSL,Yes,No,No,No,Yes,No,Month-to-month,Yes,Credit card (automatic),4396.74
MW-31201-EPUG,Yes,24.52,Male,0,Yes,No,28,Yes,No,DSL,No,No,Yes,No,Yes,No,Month-to-month,Yes,Mailed check,690.16
MW-85314-AAGU,No,72.66,Male,0,No,Yes,7,Yes,No,No,No internet service,No internet service,No internet service,No internet service,No internet service,No internet service,One year,Yes,Mailed check,508.58
MW-62521-JTXY,Yes,80.76,Female,0,No,Yes,67,Yes,Yes,Fiber optic,No,No,No,Yes,No,No,One year,Yes,Bank transfer (automatic),5396.05
MW-74812-HPTE,No,18.0,Male,1,No,No,67,Yes,Yes,No,No internet service,No internet service,No internet service,No internet service,No internet service,No internet service,Month-to-month,Yes,Credit card (automatic),1217.1
MW-15308-SEPK,No,107.89,Male,0,Yes,No,42,Yes,No,Fiber optic,Yes,No,No,No,No,No,One year,Yes,Electronic check,4518.71
MW-43220-KHMK,Yes,26.93,Male,0,Yes,No,71,Yes,No,Fiber optic,No,No,No,No,No,No,One year,No,Electronic check,1898.9
MW-60358-GFMZ,No,29.85,Male,0,No,No,0,Yes,No,No,No internet service,No internet service,No internet service,No internet service,No internet service,No internet service,One year,No,Credit card (automatic),2.9
MW-84981-RCBT,Yes,70.06,Female,0,Yes,No,45,Yes,No,No,No internet service,No internet service,No internet service,No internet service,No internet service,No internet service,Month-to-month,Yes,Electronic check,3175.82
MW-55885-PPJP,Yes,80.04,Male,0,No,No,2,Yes,Yes,No,No internet service,No internet service,No internet service,No internet service,No internet service,No internet service,Month-to-month,Yes,Bank transfer (automatic),170.98
MW-79872-QQYX,No,87.33,Female,0,Yes,Yes,68,Yes,No,Fiber optic,No,No,No,No,No,No,Month-to-month,No,Bank transfer (automatic),5937.88
MW-11401-WSSG,Yes,80.83,Female,0,No,No,49,Yes,No,No,No internet service,No internet service,No internet service,No internet service,No internet service,No internet service,Month-to-month,Yes,Mailed check,3945.95
MW-99554-WGCV,No,48.41,Male,0,Yes,No,66,No,No phone service,DSL,Yes,No,No,No,Yes,No,Month-to-month,No,Electronic check,3217.89
MW-50818-KMRS,Yes,67.26,Male,1,No,No,41,Yes,Yes,No,No internet service,No internet service,No internet service,No internet service,No internet service,No internet service,Month-to-month,Yes,Electronic check,2756.81
MW-43403-BKUT,No,54.5,Female,0,No,No,6,Yes,Yes,No,No internet service,No internet service,No internet service,No internet service,No internet service,No internet service,Month-to-month,No,Mailed check,322.65
MW-45761-RLJM,No,69.23,Female,0,No,No,1,Yes,No,Fiber optic,No,No,Yes,Yes,Yes,Yes,One year,No,Mailed check,77.56
MW-70916-EYEM,No,66.05,Female,0,Yes,No,24,Yes,No,DSL,No,No,No,Yes,Yes,No,Month-to-month,Yes,Credit card (automatic),1578.48
MW-85588-UFZN,No,48.85,Male,0,Yes,Yes,54,Yes,No,DSL,Yes,No,Yes,No,Yes,No,One year,Yes,Bank transfer (automatic),2626.6
MW-60035-DAHG,No,53.58,Male,0,Yes,No,11,Yes,Yes,No,No internet service,No internet service,No internet service,No internet service,No internet service,No internet service,Month-to-month,Yes,Credit card (automatic),579.52
MW-16226-BQNB,No,18.0,Male,0,Yes,No,62,Yes,No,No,No internet service,No internet service,No internet service,No internet service,No internet service,No internet service,One year,No,Credit card (automatic),1106.1
MW-13075-VLQQ,Yes,88.9,Female,0,Yes,No,17,Yes,No,Fiber optic,No,No,No,No,Yes,No,Month-to-month,No,Bank transfer (automatic),1494.39
MW-65027-WFBF,No,72.93,Female,0,Yes,No,36,No,No phone service,No,No internet service,No internet service,No internet service,No internet service,No internet service,No internet service,Two year,No,Electronic check,2606.9
MW-13822-SSHZ,No,18.0,Male,0,No,No,14,No,No phone service,Fiber optic,No,No,No,No,No,Yes,One year,Yes,Mailed check,266.58
MW-78600-SHZE,Yes,87.79,Male,0,No,Yes,34,Yes,Yes,No,No internet service,No internet service,No internet service,No internet service,No internet service,No internet service,Month-to-month,Yes,Bank transfer (automatic),2994.89
MW-36941-AZLW,Yes,62.41,Female,1,Yes,Yes,33,Yes,No,DSL,Yes,No,No,No,No,Yes,One year,No,Bank transfer (automatic),2047.19
MW-92938-WYUB,Yes,35.9,Male,1,No,No,0,Yes,No,DSL,No,Yes,Yes,No,No,No,Month-to-month,Yes,Electronic check,13.33
MW-57280-PYUW,No,33.24,Female,0,Yes,Yes,41,Yes,No,Fiber optic,No,Yes,Yes,No,No,No,One year,No,Bank transfer (automatic),1367.48
MW-27373-UHUQ,Yes,43.35,Female,1,Yes,Yes,57,No,No phone service,DSL,No,Yes,No,No,No,Yes,Month-to-month,No,Mailed check,2466.09
MW-86754-PECL,No,36.05,Female,0,Yes,No,68,Yes,No,Fiber optic,No,Yes,Yes,Yes,No,No,Month-to-month,Yes,Electronic check,2433.01
MW-68111-FQHC,No,40.08,Female,0,No,Yes,24,Yes,Yes,No,No internet service,No internet service,No internet service,No internet service,No internet service,No internet service,Month-to-month,Yes,Credit card (automatic),967.04
MW-26511-AZCY,No,115.02,Male,1,Yes,No,64,Yes,Yes,DSL,No,No,No,No,Yes,Yes,Two year,Yes,Mailed check,7389.26
MW-54720-PWXD,Yes,75.13,Female,0,Yes,No,64,Yes,Yes,Fiber optic,No,No,No,No,No,Yes,Month-to-month,Yes,Mailed check,4808.54
MW-20685-NSRX,No,120.0,Male,0,Yes,Yes,72,Yes,No,DSL,Yes,Yes,Yes,No,Yes,Yes,One year,Yes,Bank transfer (automatic),8654.98
MW-45335-EDWR,No,70.77,Male,0,No,No,27,Yes,No,No,No internet service,No internet service,No internet service,No internet service,No internet service,No internet service,Month-to-month,Yes,Bank transfer (automatic),1907.61
MW-10987-YEBS,No,81.38,Male,0,No,Yes,62,Yes,No,DSL,No,Yes,No,No,Yes,No,Month-to-month,No,Electronic check,5059.39
MW-40567-URBW,No,37.58,Male,0,No,Yes,41,Yes,Yes,Fiber optic,No,No,No,No,No,No,Month-to-month,No,Bank transfer (automatic),1538.53
MW-88591-GMAU,No,58.96,Male,0,No,Yes,4,Yes,No,Fiber optic,No,No,No,Yes,No,No,Two year,Yes,Electronic check,199.76
MW-86482-VEBR,No,61.55,Male,0,Yes,Yes,19,Yes,Yes,Fiber optic,Yes,No,No,No,No,Yes,Two year,Yes,Bank transfer (automatic),1158.62
MW-75648-PXHT,Yes,82.6,Male,1,No,Yes,49,Yes,No,DSL,No,Yes,No,No,No,Yes,Month-to-month,Yes,Electronic check,4049.38
MW-65971-WXCR,No,62.52,Male,1,No,No,11,Yes,No,DSL,No,Yes,No,No,No,No,One year,Yes,Credit card (automatic),703.96
MW-40227-JPSX,No,74.54,Male,0,No,No,31,No,No phone service,Fiber optic,No,No,Yes,No,No,Yes,Month-to-month,Yes,Credit card (automatic),2308.44
MW-59092-MHET,No,73.47,Female,0,Yes,Yes,56,Yes,No,DSL,Yes,No,Yes,No,Yes,No,Month-to-month,Yes,Mailed check,4114.77
MW-90644-JSGV,Yes,54.91,Female,1,Yes,No,10,Yes,Yes,DSL,Yes,Yes,No,Yes,Yes,No,Month-to-month,Yes,Electronic check,540.29
MW-13968-SMZM,Yes,51.83,Male,0,No,No,36,Yes,No,Fiber optic,No,No,No,No,No,No,Month-to-month,Yes,Mailed check,1889.29
MW-14989-NARY,Yes,43.93,Female,1,Yes,No,15,Yes,Yes,DSL,No,No,Yes,Yes,No,No,Month-to-month,No,Bank transfer (automatic),681.46
MW-77461-PKRP,No,96.47,Male,0,Yes,No,39,Yes,No,DSL,No,No,No,No,No,Yes,One year,Yes,Bank transfer (automatic),3752.19
MW-47182-FEXQ,No,54.93,Male,1,No,Yes,17,Yes,Yes,DSL,Yes,No,Yes,No,No,No,Month-to-month,Yes,Bank transfer (automatic),911.06
MW-71152-XJYQ,No,73.87,Male,0,No,No,70,Yes,Yes,Fiber optic,No,Yes,No,No,No,No,Two year,Yes,Credit card (automatic),5143.79
MW-53170-WTYQ,No,59.3,Female,0,No,No,5,Yes,Yes,Fiber optic,No,Yes,No,No,No,No,One year,Yes,Mailed check,305.55
MW-17798-UANV,No,95.88,Male,1,No,No,70,Yes,No,Fiber optic,No,Yes,Yes,No,Yes,Yes,Two year,No,Bank transfer (automatic),6713.63
MW-31774-VPYF,No,18.0,Female,0,No,No,57,Yes,Yes,Fiber optic,No,No,No,No,No,Yes,One year,No,Mailed check,1014.27
MW-57181-VHGV,No,73.09,Male,1,Yes,No,62,Yes,No,Fiber optic,Yes,No,No,No,Yes,No,Two year,Yes,Bank transfer (automatic),4535.66
MW-37681-VYLV,No,26.35,Female,0,Yes,No,62,Yes,No,Fiber optic,Yes,No,No,No,Yes,Yes,Month-to-month,Yes,Mailed check,1615.25
MW-71817-UXHM,No,75.72,Male,0,No,No,13,No,No phone service,DSL,Yes,No,No,No,Yes,No,Month-to-month,No,Credit card (automatic),996.28
MW-37853-SLZV,Yes,59.6,Female,0,Yes,No,67,Yes,Yes,Fiber optic,Yes,No,No,No,No,No,Month-to-month,Yes,Electronic check,3987.47
MW-73573-AKNS,No,19.65,Male,1,No,Yes,43,Yes,No,DSL,No,Yes,No,Yes,No,No,Two year,No,Electronic check,828.73
MW-49725-NQQD,No,74.13,Male,0,No,No,70,Yes,No,No,No internet service,No internet service,No internet service,No internet service,No internet service,No internet service,Month-to-month,Yes,Electronic check,5183.59
MW-40239-JHJF,No,70.73,Male,0,No,No,64,Yes,Yes,Fiber optic,No,No,No,No,Yes,No,One year,No,Credit card (automatic),4520.7
MW-40076-YDHL,No,57.06,Male,0,Yes,No,42,Yes,Yes,Fiber optic,No,No,No,No,No,No,One year,Yes,Mailed check,2402.0
MW-57812-QESB,Yes,60.86,Female,0,No,No,27,Yes,Yes,Fiber optic,Yes,Yes,Yes,No,No,No,Month-to-month,Yes,Mailed check,1660.71
MW-73693-BEFQ,No,68.85,Male,0,Yes,No,8,No,No phone service,No,No internet service,No internet service,No internet service,No internet service,No internet service,No internet service,Two year,Yes,Mailed check,567.51
MW-69529-VVEM,Yes,99.35,Female,0,Yes,No,7,Yes,Yes,Fiber optic,Yes,No,No,Yes,No,No,Month-to-month,Yes,Mailed check,697.84
MW-41519-EQGR,No,54.57,Male,1,No,No,28,Yes,No,Fiber optic,Yes,No,Yes,No,Yes,No,Month-to-month,Yes,Credit card (automatic),1525.15
MW-46146-URAZ,Yes,94.39,Female,0,No,Yes,59,Yes,No,No,No internet service,No internet service,No internet service,No internet service,No internet service,No internet service,One year,Yes,Credit card (automatic),5560.48
MW-45337-LQSP,Yes,62.88,Female,0,Yes,No,36,Yes,Yes,Fiber optic,Yes,Yes,Yes,No,No,No,Month-to-month,Yes,Credit card (automatic),2237.16
MW-14217-YWRQ,No,102.87,Male,0,Yes,No,35,Yes,Yes,Fiber optic,No,Yes,Yes,Yes,No,Yes,Month-to-month,No,Credit card (automatic),3600.16
MW-27390-JLAT,No,56.95,Male,0,No,No,17,No,No phone service,DSL,No,No,No,No,No,No,Month-to-month,No,Electronic check,955.38
MW-10227-DFPS,No,44.01,Male,0,No,No,41,Yes,No,DSL,No,Yes,Yes,No,Yes,Yes,Month-to-month,No,Electronic check,1822.69
MW-38385-AUDR,No,31.07,Male,0,No,Yes,46,No,No phone service,No,No internet service,No internet service,No internet service,No internet service,No internet service,No internet service,One year,No,Bank transfer (automatic),1426.21
MW-54201-UEKN,No,62.99,Female,0,Yes,Yes,71,Yes,No,DSL,Yes,No,No,Yes,No,No,Two year,Yes,Bank transfer (automatic),4483.5
MW-43981-PVYK,No,40.2,Male,0,No,No,53,Yes,No,DSL,No,No,No,No,No,No,Month-to-month,No,Electronic check,2123.36
MW-80373-QYQB,Yes,106.13,Male,0,Yes,Yes,44,Yes,Yes,DSL,No,No,No,No,No,No,Month-to-month,No,Bank transfer (automatic),4659.59
MW-93120-HRZF,Yes,37.86,Male,0,Yes,Yes,66,Yes,No,No,No internet service,No internet service,No internet service,No internet service,No internet service,No internet service,Month-to-month,Yes,Electronic check,2507.83
MW-20106-FRCY,No,43.3,Female,0,No,No,31,Yes,No,Fiber optic,Yes,No,No,No,No,Yes,Two year,No,Electronic check,1346.46
MW-42980-XPJL,Yes,81.43,Female,0,Yes,No,68,Yes,Yes,Fiber optic,No,No,No,Yes,No,Yes,One year,Yes,Electronic check,5542.07
MW-26691-PWTM,No,99.57,Male,0,No,Yes,27,Yes,Yes,No,No internet service,No internet service,No internet service,No internet service,No internet service,No internet service,Month-to-month,No,Credit card (automatic),2686.98
MW-34186-RPCH,Yes,85.93,Male,0,No,No,9,Yes,No,Fiber optic,No,Yes,Yes,No,No,Yes,Month-to-month,No,Bank transfer (automatic),785.21
MW-80687-EPZT,No,95.76,Female,0,No,No,30,Yes,No,No,No internet service,No internet service,No internet service,No internet service,No internet service,No internet service,Two year,Yes,Bank transfer (automatic),2882.47
MW-83593-RNJF,Yes,61.59,Female,0,Yes,No,9,Yes,No,Fiber optic,Yes,Yes,Yes,Yes,No,Yes,Two year,No,Credit card (automatic),521.66
MW-39575-XAXF,No,62.02,Female,0,Yes,Yes,8,Yes,Yes,Fiber optic,No,No,No,No,No,Yes,Month-to-month,No,Credit card (automatic),492.3
MW-87706-VWYZ,No,120.0,Female,0,Yes,Yes,64,Yes,No,Fiber optic,Yes,No,No,No,Yes,No,Two year,Yes,Mailed check,7695.22
MW-69876-NPAV,No,114.71,Male,0,Yes,No,58,Yes,No,No,No internet service,No internet service,No internet service,No internet service,No internet service,No internet service,Month-to-month,No,Credit card (automatic),6637.89
MW-28389-PBJW,Yes,85.43,Female,0,No,No,16,Yes,Yes,DSL,No,No,No,No,Yes,Yes,Month-to-month,Yes,Electronic check,1341.49
MW-22837-KGGE,No,97.2,Male,0,No,No,61,Yes,No,DSL,No,No,Yes,No,No,No,One year,Yes,Mailed check,5927.12
MW-26150-NGQM,Yes,89.76,Female,0,No,Yes,5,Yes,Yes,No,No internet service,No internet service,No internet service,No internet service,No internet service,No internet service,Month-to-month,Yes,Electronic check,456.61
MW-28292-RQBA,Yes,27.82,Female,0,Yes,No,20,Yes,No,Fiber optic,Yes,Yes,No,Yes,No,No,Month-to-month,Yes,Mailed check,549.49
MW-54279-HJLS,No,62.81,Female,0,No,No,51,Yes,No,Fiber optic,No,No,No,Yes,No,No,Two year,Yes,Mailed check,3222.7
MW-49377-ZUJF,Yes,108.9,Female,0,Yes,No,22,Yes,No,DSL,No,No,No,Yes,No,No,Two year,Yes,Electronic check,2423.45
MW-40207-JFPS,Yes,85.61,Male,0,No,No,53,Yes,No,No,No internet service,No internet service,No internet service,No internet service,No internet service,No internet service,Month-to-month,Yes,Mailed check,4508.45
MW-20252-GQJM,No,62.09,Female,0,No,No,63,Yes,Yes,Fiber optic,No,Yes,No,No,Yes,No,One year,Yes,Bank transfer (automatic),3905.91
MW-67837-FPCM,No,109.26,Male,0,Yes,No,4,Yes,No,No,No internet service,No internet service,No internet service,No internet service,No internet service,No internet service,One year,No,Bank transfer (automatic),402.81
MW-14541-LKXU,No,75.08,Female,0,Yes,Yes,1,Yes,Yes,Fiber optic,No,No,No,No,No,No,One year,Yes,Electronic check,85.0
MW-90445-PXRR,No,86.67,Female,1,No,Yes,68,Yes,No,No,No internet service,No internet service,No internet service,No internet service,No internet service,No internet service,Two year,No,Electronic check,5883.36
MW-67044-MGHZ,No,75.24,Male,0,No,No,37,No,No phone service,Fiber optic,Yes,No,Yes,No,No,No,One year,No,Mailed check,2776.74
MW-82941-SCFY,Yes,80.23,Female,0,No,No,36,Yes,Yes,Fiber optic,No,No,No,Yes,No,Yes,Month-to-month,No,Credit card (automatic),2905.5
MW-57504-FPJT,Yes,82.38,Female,0,No,No,33,Yes,Yes,Fiber optic,No,No,No,No,Yes,No,Month-to-month,Yes,Credit card (automatic),2698.61
MW-73133-WLAJ,No,102.99,Female,0,Yes,No,31,Yes,No,Fiber optic,Yes,No,No,No,Yes,Yes,Two year,Yes,Electronic check,3169.0
MW-26411-AFKC,No,106.9,Female,0,No,No,50,Yes,No,Fiber optic,No,No,No,No,Yes,No,Two year,Yes,Bank transfer (automatic),5310.84
MW-22491-AHAG,Yes,50.47,Male,0,Yes,No,42,Yes,No,DSL,No,Yes,No,Yes,No,No,Month-to-month,No,Bank transfer (automatic),2138.8
MW-28731-CNVW,Yes,74.67,Female,0,Yes,No,11,Yes,No,Fiber optic,Yes,No,No,No,No,No,Month-to-month,Yes,Credit card (automatic),836.94
MW-31421-QCBT,No,102.13,Male,0,No,No,45,Yes,No,Fiber optic,No,Yes,No,No,No,Yes,One year,Yes,Electronic check,4591.44
MW-80205-TGZR,No,60.05,Male,0,Yes,No,48,No,No phone service,DSL,No,Yes,Yes,No,No,No,Month-to-month,Yes,Bank transfer (automatic),2863.27
MW-83329-LRAT,Yes,24.73,Female,0,Yes,Yes,8,Yes,Yes,Fiber optic,No,No,No,No,No,No,Month-to-month,No,Bank transfer (automatic),210.35
MW-83476-FARA,No,36.74,Female,0,Yes,No,27,Yes,Yes,DSL,No,No,Yes,No,No,No,Two year,No,Electronic check,1033.3
MW-34337-AEYZ,No,38.81,Female,0,No,Yes,57,No,No phone service,DSL,No,No,No,Yes,No,Yes,Two year,No,Electronic check,2208.63
MW-43076-LJLR,Yes,50.25,Male,0,No,Yes,45,Yes,No,Fiber optic,No,No,No,No,No,No,Two year,No,Electronic check,2243.21
MW-38943-PHGM,No,41.61,Female,0,No,No,9,Yes,No,DSL,No,No,No,Yes,Yes,Yes,One year,No,Mailed check,393.12
MW-96336-GLAE,No,94.87,Female,0,No,No,2,Yes,Yes,No,No internet service,No internet service,No internet service,No internet service,No internet service,No internet service,Month-to-month,No,Bank transfer (automatic),172.75
MW-57258-ZJLE,No,55.7,Male,0,Yes,Yes,42,Yes,Yes,No,No internet service,No internet service,No internet service,No internet service,No internet service,No internet service,Two year,Yes,Bank transfer (automatic),2333.9
MW-16251-WGHL,No,101.83,Female,0,Yes,No,33,Yes,No,Fiber optic,No,No,No,No,No,Yes,Month-to-month,Yes,Electronic check,3320.81
MW-97605-VVEE,No,30.09,Male,0,No,Yes,70,Yes,Yes,Fiber optic,No,No,No,Yes,No,No,Month-to-month,No,Credit card (automatic),2101.75
MW-15872-GENF,No,53.4,Male,0,Yes,Yes,38,Yes,No,DSL,No,No,No,No,No,Yes,Two year,Yes,Mailed check,2010.03
MW-92102-BUJF,No,67.13,Male,0,No,No,67,Yes,No,Fiber optic,No,Yes,No,No,Yes,Yes,One year,No,Credit card (automatic),4516.59
MW-77793-DVQH,No,88.32,Male,0,Yes,Yes,15,Yes,No,DSL,Yes,No,No,No,No,No,Two year,Yes,Electronic check,1310.16
MW-49930-VHFK,Yes,98.31,Female,0,Yes,No,32,Yes,No,No,No internet service,No internet service,No internet service,No internet service,No internet service,No internet service,Month-to-month,No,Credit card (automatic),3157.62
MW-28969-ALUL,No,47.85,Male,0,No,Yes,10,Yes,No,No,No internet service,No internet service,No internet service,No internet service,No internet service,No internet service,Two year,Yes,Credit card (automatic),476.93
MW-58518-PKVZ,No,93.8,Female,0,Yes,No,41,No,No phone service,DSL,No,Yes,Yes,No,Yes,Yes,One year,No,Credit card (automatic),3847.68
MW-21835-PSQX,No,18.0,Male,0,No,Yes,13,Yes,Yes,Fiber optic,Yes,Yes,No,No,Yes,Yes,One year,Yes,Credit card (automatic),241.83
MW-79430-XXBL,No,90.14,Female,0,Yes,Yes,35,Yes,No,Fiber optic,Yes,No,No,No,No,Yes,Two year,Yes,Mailed check,3154.1
MW-43208-NUPM,No,23.77,Male,0,Yes,No,25,Yes,Yes,Fiber optic,No,No,No,No,No,No,Month-to-month,No,Bank transfer (automatic),584.53
MW-92856-NQQT,Yes,77.4,Male,0,Yes,Yes,13,Yes,No,DSL,Yes,No,No,No,No,No,One year,Yes,Bank transfer (automatic),994.02
MW-34524-KPCN,No,97.88,Male,0,No,Yes,7,Yes,No,Fiber optic,Yes,No,No,No,No,Yes,One year,No,Mailed check,692.79
MW-68585-JAEZ,No,90.62,Female,0,Yes,Yes,37,Yes,No,DSL,Yes,Yes,No,No,Yes,No,One year,Yes,Credit card (automatic),3324.41
MW-83120-PAXC,No,18.0,Female,0,No,No,69,Yes,Yes,No,No internet service,No internet service,No internet service,No internet service,No internet service,No internet service,Two year,No,Electronic check,1267.17
MW-84895-QBWR,No,50.58,Male,0,Yes,No,14,Yes,No,Fiber optic,No,No,Yes,No,No,Yes,One year,Yes,Mailed check,710.1
MW-51734-WHXX,Yes,85.51,Female,0,Yes,No,29,Yes,No,Fiber optic,No,Yes,No,Yes,Yes,No,Month-to-month,Yes,Credit card (automatic),2474.73
MW-14229-MQKU,No,84.65,Female,0,No,No,16,Yes,No,No,No internet service,No internet service,No internet service,No internet service,No internet service,No internet service,Month-to-month,Yes,Electronic check,1358.39
MW-12191-RDKK,No,72.28,Female,0,Yes,No,59,Yes,Yes,Fiber optic,Yes,No,Yes,No,No,Yes,Two year,No,Electronic check,4255.61
MW-39671-LQGE,No,18.0,Female,0,Yes,No,30,Yes,No,Fiber optic,No,No,Yes,No,Yes,No,Two year,Yes,Electronic check,537.33
MW-53261-LKXU,No,99.94,Female,0,No,No,71,Yes,Yes,Fiber optic,Yes,Yes,No,Yes,Yes,Yes,Two year,Yes,Bank transfer (automatic),7078.76
MW-58970-FSQX,No,105.29,Female,1,Yes,No,17,No,No phone service,Fiber optic,No,Yes,Yes,No,Yes,No,Month-to-month,Yes,Credit card (automatic),1795.56
MW-54567-TPGE,No,68.91,Male,1,No,Yes,5,Yes,No,DSL,Yes,Yes,No,No,Yes,Yes,Month-to-month,Yes,Electronic check,343.37
MW-29070-JXXZ,No,70.86,Female,1,Yes,Yes,42,No,No phone service,No,No internet service,No internet service,No internet service,No internet service,No internet service,No internet service,One year,Yes,Bank transfer (automatic),2978.93
MW-86547-ZMQC,No,79.09,Female,1,No,Yes,47,Yes,Yes,DSL,Yes,Yes,No,No,No,Yes,One year,No,Bank transfer (automatic),3739.48
MW-23696-DGEU,No,107.81,Male,1,No,No,72,Yes,Yes,Fiber optic,No,No,Yes,No,No,No,Month-to-month,Yes,Bank transfer (automatic),7750.26
MW-21596-WASH,No,71.52,Male,0,Yes,No,63,Yes,No,Fiber optic,No,No,Yes,No,Yes,No,One year,No,Bank transfer (automatic),4503.83
MW-38876-MJDU,Yes,58.26,Female,0,Yes,No,64,Yes,No,Fiber optic,No,No,No,Yes,No,Yes,Month-to-month,Yes,Credit card (automatic),3703.87
MW-77130-HLQN,No,75.45,Male,0,Yes,No,46,Yes,Yes,No,No internet service,No internet service,No internet service,No internet service,No internet service,No internet service,Month-to-month,Yes,Mailed check,3478.95
MW-17988-ESDU,No,63.67,Male,1,Yes,Yes,26,Yes,Yes,DSL,No,Yes,Yes,No,No,Yes,Month-to-month,No,Electronic check,1655.16
MW-74784-RJJE,Yes,64.01,Male,0,No,No,31,Yes,Yes,DSL,Yes,No,No,No,Yes,No,Month-to-month,Yes,Bank transfer (automatic),1984.57
MW-75876-LEND,No,18.0,Male,0,Yes,No,9,Yes,No,Fiber optic,Yes,No,No,No,No,No,Month-to-month,Yes,Mailed check,159.64
MW-41337-XCTL,No,79.68,Female,0,Yes,No,31,Yes,Yes,Fiber optic,No,No,No,No,No,Yes,Two year,Yes,Mailed check,2461.41
MW-36349-JERU,Yes,99.14,Female,0,Yes,Yes,26,Yes,Yes,No,No internet service,No internet service,No internet service,No internet service,No internet service,No internet service,One year,No,Electronic check,2615.08
MW-61007-RAVY,No,94.61,Male,0,Yes,Yes,2,Yes,No,Fiber optic,No,No,Yes,Yes,No,Yes,Two year,Yes,Electronic check,189.79
MW-89836-SANH,No,92.53,Female,0,Yes,No,14,Yes,No,DSL,No,Yes,No,Yes,No,No,Month-to-month,Yes,Credit card (automatic),1299.87
MW-49498-RUXW,Yes,62.41,Male,1,Yes,No,39,Yes,No,DSL,No,No,Yes,No,No,No,Month-to-month,No,Electronic check,2416.9
MW-45711-ZCCV,Yes,68.37,Male,0,Yes,No,26,Yes,Yes,Fiber optic,No,Yes,Yes,No,No,No,Month-to-month,Yes,Bank transfer (automatic),1790.9
MW-77432-TUFM,No,99.74,Female,0,No,No,72,Yes,Yes,Fiber optic,Yes,Yes,No,Yes,Yes,No,One year,Yes,Bank transfer (automatic),7179.43
MW-59247-RRWJ,Yes,90.02,Female,1,Yes,No,34,Yes,No,DSL,Yes,Yes,No,No,No,No,Month-to-month,No,Electronic check,3067.37
MW-13035-WHUA,No,108.59,Female,0,Yes,No,69,No,No phone service,Fiber optic,No,No,No,No,Yes,Yes,One year,No,Electronic check,7506.25
MW-45023-EAFN,No,43.82,Male,0,No,No,48,Yes,Yes,No,No internet service,No internet service,No internet service,No internet service,No internet service,No internet service,Two year,Yes,Mailed check,2101.8
MW-99526-WAQC,No,43.63,Female,0,Yes,Yes,2,Yes,No,Fiber optic,No,Yes,No,Yes,Yes,Yes,Two year,No,Mailed check,77.11
MW-97521-ECQR,No,54.02,Female,0,Yes,No,14,Yes,No,Fiber optic,Yes,No,No,No,Yes,No,Month-to-month,Yes,Mailed check,721.36
MW-65864-GSKU,Yes,35.71,Male,0,No,Yes,51,Yes,Yes,DSL,No,No,No,Yes,No,No,Month-to-month,No,Bank transfer (automatic),1815.4
MW-97285-NZSZ,No,24.36,Female,0,No,No,39,Yes,No,No,No internet service,No internet service,No internet service,No internet service,No internet service,No internet service,Month-to-month,Yes,Electronic check,939.8
MW-77741-XEJJ,Yes,78.06,Male,0,Yes,No,22,Yes,Yes,DSL,No,No,No,No,No,No,Month-to-month,No,Electronic check,1700.17
MW-12929-QPMB,No,76.02,Male,0,No,No,38,Yes,No,Fiber optic,No,No,Yes,Yes,No,No,One year,No,Electronic check,2910.56
MW-40716-LEYW,No,71.39,Male,0,No,No,65,Yes,No,DSL,No,Yes,Yes,No,No,No,Month-to-month,No,Mailed check,4655.09
MW-88385-EKRM,No,74.61,Female,1,Yes,No,28,Yes,Yes,DSL,Yes,No,Yes,No,No,Yes,One year,No,Mailed check,2061.63
MW-67352-ETXV,No,20.09,Male,0,Yes,No,3,Yes,No,DSL,No,No,No,No,No,No,Month-to-month,No,Credit card (automatic),62.58
MW-48871-JWXX,No,49.6,Male,1,No,No,22,Yes,Yes,DSL,No,No,Yes,No,Yes,No,Two year,Yes,Electronic check,1078.94
MW-96069-VHNR,No,55.2,Female,0,Yes,Yes,68,Yes,No,No,No internet service,No internet service,No internet service,No internet service,No internet service,No internet service,Two year,No,Bank transfer (automatic),3759.1
MW-11841-VCBZ,No,65.46,Male,1,Yes,No,55,Yes,Yes,DSL,No,No,No,No,No,No,Month-to-month,Yes,Bank transfer (automatic),3588.31
MW-37476-SGZK,No,20.21,Male,0,Yes,No,61,No,No phone service,No,No internet service,No internet service,No internet service,No internet service,No internet service,No internet service,Two year,No,Bank transfer (automatic),1224.73
MW-60262-RYWR,No,36.17,Female,0,Yes,No,66,Yes,Yes,Fiber optic,Yes,Yes,No,No,No,Yes,Month-to-month,Yes,Bank transfer (automatic),2401.67
MW-57445-PGEC,No,50.91,Male,0,Yes,No,8,Yes,Yes,DSL,No,No,No,Yes,Yes,No,One year,Yes,Electronic check,419.57
MW-92896-AMJQ,No,95.75,Female,0,No,No,20,Yes,Yes,Fiber optic,Yes,No,No,No,No,No,Two year,Yes,Bank transfer (automatic),1937.64
MW-40871-NSED,No,71.86,Male,0,No,Yes,4,No,No phone service,DSL,No,Yes,No,No,Yes,No,Two year,Yes,Electronic check,284.18
MW-69091-DSXJ,No,94.65,Female,0,No,No,0,Yes,No,No,No internet service,No internet service,No internet service,No internet service,No internet service,No internet service,Two year,Yes,Credit card (automatic),0.0
MW-33043-DYFR,No,60.33,Female,0,No,No,60,Yes,Yes,DSL,No,Yes,No,No,No,No,Month-to-month,No,Electronic check,3633.62
MW-90212-XYFA,No,64.03,Male,0,Yes,Yes,68,Yes,Yes,No,No internet service,No internet service,No internet service,No internet service,No internet service,No internet service,Two year,Yes,Bank transfer (automatic),4367.95
MW-46212-LXMX,No,78.97,Male,1,Yes,No,11,Yes,No,DSL,No,No,No,No,Yes,No,One year,No,Bank transfer (automatic),878.09
MW-59765-WNWZ,No,58.68,Male,1,Yes,Yes,52,Yes,Yes,DSL,No,Yes,No,Yes,Yes,No,Month-to-month,Yes,Bank transfer (automatic),3040.2
MW-81642-STLZ,Yes,45.26,Male,0,No,No,39,Yes,No,DSL,No,No,No,No,No,No,Month-to-month,Yes,Electronic check,1749.08
MW-35655-JUYX,Yes,19.31,Male,0,Yes,No,5,Yes,No,Fiber optic,No,Yes,Yes,No,No,No,One year,No,Bank transfer (automatic),104.59
MW-86548-XEZE,No,46.06,Male,0,Yes,No,66,Yes,Yes,Fiber optic,No,Yes,No,No,Yes,No,One year,No,Bank transfer (automatic),3026.67
MW-50610-FNDT,Yes,89.09,Male,0,Yes,No,63,Yes,Yes,No,No internet service,No internet service,No internet service,No internet service,No internet service,No internet service,Month-to-month,Yes,Mailed check,5608.05
MW-44505-YGHL,No,101.82,Female,0,No,No,41,Yes,Yes,Fiber optic,No,No,No,Yes,Yes,Yes,Two year,No,Mailed check,4218.22
MW-87360-CEYY,No,40.81,Male,0,Yes,No,51,Yes,Yes,DSL,No,No,Yes,Yes,No,No,One year,No,Electronic check,2113.24
MW-76297-NTBA,Yes,18.0,Female,1,No,Yes,28,Yes,Yes,Fiber optic,No,Yes,No,Yes,No,Yes,Month-to-month,Yes,Electronic check,515.89
MW-88307-XASZ,No,91.8,Male,0,No,No,57,Yes,No,Fiber optic,Yes,Yes,No,Yes,No,No,Month-to-month,Yes,Bank transfer (automatic),5222.67
MW-54782-VKNQ,No,66.08,Female,0,Yes,No,32,Yes,Yes,No,No internet service,No internet service,No internet service,No internet service,No internet service,No internet service,One year,No,Mailed check,2103.73
MW-66063-LYBY,No,23.59,Female,0,No,Yes,72,Yes,No,Fiber optic,Yes,No,No,No,No,No,One year,No,Bank transfer (automatic),1709.22
MW-38117-WCPR,Yes,18.0,Female,0,Yes,No,4,Yes,Yes,Fiber optic,Yes,Yes,Yes,No,Yes,No,One year,No,Bank transfer (automatic),94.45
MW-42909-ZZME,No,35.1,Female,0,No,No,12,Yes,Yes,DSL,No,No,No,No,No,Yes,Month-to-month,No,Bank transfer (automatic),413.53
MW-70046-VRNU,No,50.11,Female,0,No,No,70,Yes,Yes,No,No internet service,No internet service,No internet service,No internet service,No internet service,No internet service,One year,No,Bank transfer (automatic),3500.85
MW-82945-BBMK,No,29.45,Female,0,Yes,Yes,21,Yes,Yes,DSL,Yes,No,No,Yes,Yes,Yes,One year,No,Bank transfer (automatic),619.77
MW-77873-DEMB,No,84.76,Male,0,Yes,Yes,22,Yes,Yes,No,No internet service,No internet service,No internet service,No internet service,No internet service,No internet service,Two year,Yes,Mailed check,1843.89
MW-58451-TCSJ,Yes,39.62,Male,0,Yes,Yes,57,Yes,No,DSL,No,No,No,No,No,No,Month-to-month,No,Electronic check,2237.96
MW-84494-DPRY,No,64.37,Female,1,No,No,13,No,No phone service,Fiber optic,Yes,Yes,No,No,No,Yes,One year,No,Credit card (automatic),819.17
MW-19054-LYMW,Yes,120.0,Male,0,Yes,No,37,Yes,No,No,No internet service,No internet service,No internet service,No internet service,No internet service,No internet service,Month-to-month,Yes,Credit card (automatic),4448.19
MW-87175-GUFA,Yes,67.52,Male,0,No,No,20,Yes,Yes,No,No internet service,No internet service,No internet service,No internet service,No internet service,No internet service,Month-to-month,No,Mailed check,1354.48
MW-20968-DKDU,No,60.53,Male,0,No,No,14,Yes,Yes,Fiber optic,No,No,Yes,Yes,No,Yes,One year,Yes,Credit card (automatic),864.47
MW-33516-CZJM,No,61.21,Female,1,Yes,No,70,Yes,Yes,Fiber optic,Yes,Yes,No,No,No,No,One year,No,Credit card (automatic),4258.64
MW-81602-TSWZ,No,84.07,Male,0,Yes,Yes,14,Yes,No,No,No internet service,No internet service,No internet service,No internet service,No internet service,No internet service,Month-to-month,No,Mailed check,1154.23
MW-71052-HQSU,No,80.35,Female,0,Yes,Yes,6,Yes,Yes,Fiber optic,No,No,No,Yes,No,Yes,Two year,Yes,Bank transfer (automatic),488.94
MW-32877-GZFT,No,33.89,Male,0,No,No,49,Yes,No,Fiber optic,Yes,Yes,No,No,Yes,No,Month-to-month,Yes,Bank transfer (automatic),1647.53
MW-37025-XDNZ,No,51.67,Female,1,No,No,63,Yes,No,DSL,Yes,No,No,Yes,Yes,No,Month-to-month,Yes,Electronic check,3243.22
MW-19936-DVWG,Yes,43.98,Female,0,No,No,9,Yes,Yes,Fiber optic,No,No,No,No,Yes,No,Month-to-month,No,Electronic check,411.01
MW-91001-SZKB,No,55.52,Male,0,Yes,No,51,Yes,No,Fiber optic,No,No,No,No,No,No,Month-to-month,Yes,Mailed check,2823.23
MW-53067-GYYW,No,118.8,Male,1,Yes,No,39,Yes,No,Fiber optic,Yes,No,Yes,No,Yes,No,One year,No,Credit card (automatic),4626.66
MW-10678-PGQW,No,82.52,Male,1,No,No,60,Yes,Yes,DSL,No,Yes,Yes,No,No,Yes,Two year,Yes,Electronic check,4947.45
MW-50216-VBTY,No,61.61,Female,0,Yes,Yes,9,Yes,Yes,Fiber optic,No,No,No,No,No,No,One year,No,Credit card (automatic),551.65
MW-25367-DQQN,No,101.34,Female,0,No,No,71,Yes,No,No,No internet service,No internet service,No internet service,No internet service,No internet service,No internet service,Month-to-month,No,Bank transfer (automatic),7205.41
MW-74438-UZRA,No,69.65,Male,0,Yes,Yes,45,No,No phone service,Fiber optic,No,No,No,No,No,Yes,Month-to-month,Yes,Bank transfer (automatic),3116.1
MW-11077-NNGT,Yes,18.0,Male,0,Yes,No,61,Yes,No,No,No internet service,No internet service,No internet service,No internet service,No internet service,No internet service,Month-to-month,Yes,Electronic check,1095.18
MW-87334-PCUA,Yes,113.92,Female,0,Yes,No,26,Yes,No,DSL,No,No,Yes,Yes,No,No,One year,No,Mailed check,2979.36
MW-28404-WQZJ,Yes,59.31,Female,0,Yes,Yes,68,Yes,Yes,Fiber optic,No,No,Yes,No,No,Yes,Month-to-month,No,Electronic check,4065.07
MW-98715-FMVQ,No,18.0,Female,1,Yes,No,45,Yes,Yes,Fiber optic,Yes,No,No,Yes,No,Yes,Month-to-month,Yes,Electronic check,789.65
MW-29831-LKUF,Yes,18.0,Male,0,No,Yes,9,Yes,Yes,Fiber optic,No,No,Yes,No,No,No,Two year,Yes,Electronic check,166.97
MW-20033-AFFE,No,97.83,Female,0,Yes,Yes,67,Yes,No,Fiber optic,No,No,Yes,No,Yes,Yes,One year,Yes,Electronic check,6551.76
MW-65309-HTFD,No,18.0,Female,0,No,Yes,58,Yes,No,DSL,No,No,No,No,Yes,Yes,Month-to-month,Yes,Electronic check,1042.52
MW-56141-KZYA,No,104.48,Female,0,Yes,Yes,21,Yes,No,Fiber optic,No,No,Yes,No,Yes,Yes,Month-to-month,Yes,Bank transfer (automatic),2182.24
MW-31212-AHDV,No,66.43,Male,0,No,No,39,Yes,No,DSL,No,No,Yes,No,No,No,One year,No,Mailed check,2602.11
MW-65263-DCFQ,Yes,85.42,Female,0,Yes,No,28,Yes,No,Fiber optic,Yes,No,No,No,No,No,Month-to-month,Yes,Electronic check,2402.33
MW-30129-DGNZ,No,56.3,Female,0,No,No,39,Yes,No,No,No internet service,No internet service,No internet service,No internet service,No internet service,No internet service,Month-to-month,No,Credit card (automatic),2233.54
MW-40947-WFGB,No,79.7,Male,0,Yes,No,70,Yes,Yes,DSL,No,No,Yes,No,No,Yes,Two year,No,Mailed check,5559.18
MW-78705-HQNK,No,73.5,Female,0,Yes,No,65,Yes,Yes,Fiber optic,No,No,No,No,Yes,No,Month-to-month,Yes,Credit card (automatic),4751.28
MW-49361-AXKX,Yes,62.84,Male,0,No,Yes,15,Yes,Yes,Fiber optic,No,No,Yes,No,No,No,Month-to-month,Yes,Bank transfer (automatic),973.42
MW-69849-TVLD,Yes,32.04,Female,0,No,No,70,Yes,Yes,Fiber optic,No,Yes,No,No,No,Yes,Month-to-month,Yes,Electronic check,2242.02
MW-50579-FRQC,No,74.76,Female,0,No,No,31,Yes,No,DSL,No,No,Yes,No,No,No,Month-to-month,No,Credit card (automatic),2310.71
MW-12217-WAME,No,18.0,Male,0,Yes,No,51,Yes,Yes,Fiber optic,No,Yes,No,Yes,No,No,Month-to-month,No,Credit card (automatic),920.82
MW-13836-EMHL,No,91.95,Female,0,Yes,No,55,Yes,No,Fiber optic,No,No,No,Yes,No,Yes,Month-to-month,No,Bank transfer (automatic),5036.33
MW-94711-YUHN,No,69.91,Female,0,Yes,Yes,35,Yes,Yes,Fiber optic,No,No,No,Yes,Yes,No,One year,No,Bank transfer (automatic),2452.49
MW-30891-JGLD,No,77.93,Male,1,Yes,No,33,Yes,No,Fiber optic,No,No,Yes,No,No,No,Month-to-month,Yes,Mailed check,2570.49
MW-97834-FPTS,No,18.0,Male,0,No,Yes,33,Yes,No,Fiber optic,Yes,No,No,Yes,Yes,Yes,Two year,No,Mailed check,610.11
MW-50943-ZFCR,No,30.23,Female,0,No,Yes,62,Yes,Yes,No,No internet service,No internet service,No internet service,No internet service,No internet service,No internet service,Two year,No,Bank transfer (automatic),1887.12
MW-50705-PWDF,No,48.83,Male,0,Yes,Yes,28,Yes,Yes,DSL,No,No,Yes,No,No,Yes,Month-to-month,Yes,Mailed check,1381.34
MW-82964-KVEY,Yes,84.21,Male,0,No,No,20,Yes,Yes,DSL,No,No,No,No,Yes,Yes,Month-to-month,No,Electronic check,1687.06
MW-45111-CYSD,No,35.72,Female,0,No,No,26,Yes,No,Fiber optic,No,Yes,Yes,Yes,No,Yes,One year,Yes,Electronic check,952.79
MW-69188-ZBKT,No,120.0,Male,0,No,No,14,Yes,No,Fiber optic,No,Yes,Yes,Yes,Yes,No,Two year,No,Electronic check,1688.64
MW-55539-JKGE,No,56.1,Female,0,No,No,28,Yes,No,Fiber optic,No,No,No,No,No,No,Two year,No,Electronic check,1562.8
MW-67525-PLVP,No,33.52,Female,0,Yes,No,8,Yes,No,DSL,No,No,Yes,No,Yes,No,Month-to-month,Yes,Mailed check,256.02
MW-24900-NDGA,Yes,58.39,Female,1,Yes,No,6,Yes,No,DSL,Yes,No,Yes,No,No,No,Month-to-month,No,Credit card (automatic),339.89
MW-15088-ZUGL,No,35.47,Female,0,Yes,No,52,Yes,No,Fiber optic,No,Yes,Yes,Yes,No,No,Month-to-month,Yes,Electronic check,1853.27
MW-15707-PFDY,No,28.47,Female,0,Yes,Yes,5,Yes,No,DSL,No,No,No,No,No,Yes,Two year,Yes,Electronic check,122.38
MW-91043-JURK,No,94.33,Female,0,No,No,41,Yes,No,Fiber optic,No,No,No,Yes,Yes,Yes,One year,Yes,Electronic check,3869.86
MW-67475-QGGT,No,79.4,Female,1,No,Yes,56,Yes,No,Fiber optic,No,No,No,No,No,No,Month-to-month,Yes,Bank transfer (automatic),4433.91
MW-44686-UTSX,No,79.48,Female,0,Yes,No,52,Yes,No,DSL,No,No,No,No,No,Yes,One year,Yes,Bank transfer (automatic),4114.16
MW-68197-HAGR,Yes,102.3,Male,0,No,Yes,32,No,No phone service,Fiber optic,No,Yes,Yes,No,No,No,Month-to-month,Yes,Bank transfer (automatic),3257.23
MW-87567-QGUZ,No,78.6,Male,0,Yes,Yes,14,Yes,Yes,No,No internet service,No internet service,No internet service,No internet service,No internet service,No internet service,One year,No,Credit card (automatic),1100.04
MW-30821-CASM,No,31.98,Male,0,Yes,No,67,Yes,No,No,No internet service,No internet service,No internet service,No internet service,No internet service,No internet service,Month-to-month,Yes,Credit card (automatic),2154.12
MW-90645-STAU,No,85.26,Female,0,No,No,60,Yes,No,DSL,No,No,Yes,No,No,No,One year,Yes,Credit card (automatic),5105.46
MW-34591-ERZM,No,30.2,Male,0,Yes,No,44,Yes,No,Fiber optic,No,No,Yes,Yes,Yes,No,One year,No,Credit card (automatic),1297.66
MW-50863-JXLP,No,49.66,Male,1,No,No,6,No,No phone service,No,No internet service,No internet service,No internet service,No internet service,No internet service,No internet service,One year,Yes,Mailed check,345.28
MW-49587-ENBW,Yes,62.63,Male,0,Yes,No,2,Yes,No,Fiber optic,No,No,No,No,No,Yes,Month-to-month,Yes,Bank transfer (automatic),142.03
MW-84993-QLTQ,No,59.58,Female,0,Yes,Yes,23,Yes,No,DSL,Yes,No,No,No,No,No,Two year,Yes,Mailed check,1384.32
MW-12983-LHBF,No,18.0,Male,0,Yes,Yes,11,Yes,Yes,DSL,No,Yes,No,No,Yes,No,One year,No,Credit card (automatic),222.42
MW-11532-KMZJ,Yes,34.97,Female,0,No,Yes,62,Yes,No,Fiber optic,No,Yes,Yes,No,No,No,Month-to-month,No,Electronic check,2169.53
MW-10124-MACM,No,63.32,Male,1,Yes,Yes,15,Yes,Yes,Fiber optic,Yes,No,No,Yes,No,Yes,Month-to-month,Yes,Electronic check,947.77
MW-56380-JRWB,No,45.68,Female,0,Yes,No,20,Yes,No,No,No internet service,No internet service,No internet service,No internet service,No internet service,No internet service,One year,No,Electronic check,933.94
MW-85580-DPCH,Yes,97.79,Female,0,Yes,No,71,Yes,Yes,No,No internet service,No internet service,No internet service,No internet service,No internet service,No internet service,Month-to-month,Yes,Bank transfer (automatic),6963.33
MW-81796-SAQC,Yes,102.92,Female,1,Yes,No,59,No,No phone service,DSL,Yes,No,No,No,Yes,No,Month-to-month,Yes,Bank transfer (automatic),6081.51
MW-64498-UTBN,No,30.39,Female,0,Yes,No,15,Yes,Yes,Fiber optic,No,Yes,Yes,No,Yes,Yes,Month-to-month,Yes,Electronic check,469.09
MW-67596-MYAS,Yes,65.79,Male,1,Yes,No,27,Yes,No,DSL,No,No,Yes,No,Yes,Yes,Month-to-month,Yes,Mailed check,1757.75
MW-70143-PZTG,No,111.48,Male,0,Yes,No,37,Yes,Yes,DSL,Yes,Yes,No,Yes,No,No,Month-to-month,Yes,Mailed check,4120.9
MW-71357-CPWP,No,59.97,Female,0,Yes,No,48,Yes,Yes,DSL,Yes,No,No,No,Yes,No,One year,No,Credit card (automatic),2904.12
MW-49621-PNJX,Yes,51.79,Male,0,Yes,No,68,Yes,No,No,No internet service,No internet service,No internet service,No internet service,No internet service,No internet service,Month-to-month,Yes,Electronic check,3533.79
MW-67895-ENWG,No,89.81,Female,0,No,No,63,Yes,No,DSL,No,Yes,No,No,No,No,One year,Yes,Electronic check,5636.1
MW-20702-LSDG,No,55.77,Female,0,Yes,Yes,71,No,No phone service,Fiber optic,Yes,No,No,No,Yes,Yes,Month-to-month,No,Bank transfer (automatic),3951.7
MW-75685-TCKQ,No,102.13,Female,0,No,Yes,2,Yes,Yes,Fiber optic,No,No,Yes,No,No,No,Month-to-month,Yes,Bank transfer (automatic),227.37
MW-91232-WDNT,Yes,46.16,Female,0,No,No,17,Yes,Yes,DSL,No,Yes,No,No,No,No,Month-to-month,No,Credit card (automatic),791.55
MW-82387-KLMW,No,49.76,Female,0,Yes,No,41,Yes,Yes,Fiber optic,No,No,No,No,No,No,One year,No,Bank transfer (automatic),2042.89
MW-89450-QKAK,No,87.7,Female,0,No,Yes,3,Yes,Yes,DSL,Yes,Yes,No,Yes,Yes,No,Two year,No,Credit card (automatic),266.28
MW-27582-VLKT,Yes,67.02,Female,0,Yes,Yes,25,Yes,No,Fiber optic,No,No,No,No,Yes,No,Month-to-month,Yes,Electronic check,1674.25
MW-44207-ZDYJ,Yes,67.25,Male,0,No,No,11,Yes,No,Fiber optic,Yes,No,No,No,No,No,Month-to-month,Yes,Mailed check,731.89
MW-30248-QGAK,Yes,18.0,Female,1,No,No,68,Yes,No,No,No internet service,No internet service,No internet service,No internet service,No internet service,No internet service,Month-to-month,Yes,Credit card (automatic),1211.5
MW-77143-XXKR,No,53.4,Female,0,No,No,4,Yes,Yes,Fiber optic,No,No,No,No,Yes,Yes,Month-to-month,Yes,Electronic check,228.75
MW-10138-UNVD,No,89.92,Female,0,No,No,10,Yes,No,No,No internet service,No internet service,No internet service,No internet service,No internet service,No internet service,Two year,Yes,Credit card (automatic),902.76
MW-43844-YPDV,Yes,40.49,Male,1,No,No,14,Yes,No,Fiber optic,No,Yes,No,Yes,Yes,Yes,Month-to-month,Yes,Electronic check,577.47
MW-16396-YJMX,No,85.02,Male,1,Yes,No,10,Yes,Yes,DSL,No,Yes,Yes,Yes,Yes,No,Two year,Yes,Mailed check,858.4
MW-37250-NJRD,Yes,72.04,Female,1,No,No,41,Yes,Yes,Fiber optic,No,No,Yes,No,No,No,One year,No,Electronic check,2974.77
MW-68801-JVCP,No,58.01,Male,0,No,No,26,Yes,Yes,No,No internet service,No internet service,No internet service,No internet service,No internet service,No internet service,Month-to-month,Yes,Bank transfer (automatic),1515.08
MW-72790-SNKY,No,104.73,Female,0,Yes,Yes,66,Yes,No,DSL,Yes,No,No,Yes,No,No,Two year,Yes,Credit card (automatic),6924.53
MW-27444-VVCZ,No,53.8,Male,0,No,Yes,19,Yes,Yes,DSL,Yes,No,No,No,No,Yes,Month-to-month,Yes,Electronic check,1024.71
MW-45914-NSKP,Yes,55.9,Male,1,No,Yes,39,Yes,Yes,No,No internet service,No internet service,No internet service,No internet service,No internet service,No internet service,One year,No,Electronic check,2165.89
MW-68888-TNPJ,No,57.67,Male,0,No,Yes,48,No,No phone service,No,No internet service,No internet service,No internet service,No internet service,No internet service,No internet service,Month-to-month,No,Mailed check,2764.78
MW-78481-ZEJV,No,66.42,Male,0,Yes,No,45,No,No phone service,DSL,Yes,No,No,No,Yes,Yes,Two year,Yes,Electronic check,2997.75
MW-46773-MACX,Yes,87.01,Male,0,No,No,58,Yes,No,Fiber optic,No,Yes,No,No,No,Yes,Month-to-month,Yes,Mailed check,5056.75
MW-82819-ZGFF,Yes,19.82,Male,1,No,No,14,Yes,Yes,Fiber optic,No,No,No,No,No,No,Month-to-month,No,Credit card (automatic),299.25
MW-36676-XACJ,No,90.04,Male,0,No,Yes,37,Yes,No,Fiber optic,Yes,Yes,No,Yes,Yes,No,Two year,No,Electronic check,3324.58
MW-19190-ZCHE,Yes,66.04,Male,0,No,Yes,58,Yes,Yes,Fiber optic,No,Yes,Yes,Yes,Yes,Yes,Month-to-month,No,Mailed check,3833.71
MW-48405-HSEK,Yes,80.62,Male,0,No,No,63,Yes,Yes,No,No internet service,No internet service,No internet service,No internet service,No internet service,No internet service,Month-to-month,No,Mailed check,5077.12
MW-75728-DAMH,No,120.0,Female,0,No,No,45,Yes,Yes,DSL,Yes,No,Yes,Yes,Yes,No,Two year,Yes,Electronic check,5424.36
MW-36294-TABX,Yes,48.65,Male,0,No,No,47,No,No phone service,Fiber optic,No,No,No,No,No,No,Month-to-month,Yes,Electronic check,2292.2
MW-87501-LWCJ,No,27.26,Male,0,Yes,No,63,Yes,No,DSL,Yes,Yes,Yes,No,No,No,Two year,Yes,Bank transfer (automatic),1723.31
MW-47503-SFFC,No,69.81,Female,0,No,No,45,Yes,No,Fiber optic,No,Yes,No,Yes,No,Yes,One year,Yes,Bank transfer (automatic),3140.92
MW-77175-JSHC,No,74.57,Male,0,No,No,69,Yes,Yes,Fiber optic,No,No,No,No,No,Yes,One year,No,Credit card (automatic),5141.95
MW-70117-RSKG,Yes,90.15,Female,0,Yes,No,9,Yes,No,Fiber optic,No,No,Yes,No,Yes,Yes,Month-to-month,No,Mailed check,789.62
MW-43410-TTQK,No,47.85,Male,1,No,No,25,Yes,Yes,No,No internet service,No internet service,No internet service,No internet service,No internet service,No internet service,Month-to-month,Yes,Bank transfer (automatic),1177.33
MW-52461-NDAG,No,39.1,Male,0,No,Yes,8,No,No phone service,Fiber optic,Yes,Yes,No,Yes,No,No,Two year,Yes,Credit card (automatic),315.48
MW-28158-NSFS,Yes,18.01,Female,0,No,No,6,No,No phone service,Fiber optic,No,No,No,No,No,No,Month-to-month,Yes,Credit card (automatic),108.87
MW-79906-HQCH,Yes,22.98,Male,0,No,No,34,Yes,No,DSL,No,Yes,No,Yes,No,Yes,Month-to-month,Yes,Credit card (automatic),784.09
MW-75863-ERTB,No,51.52,Male,0,No,No,16,Yes,No,No,No internet service,No internet service,No internet service,No internet service,No internet service,No internet service,Month-to-month,No,Electronic check,838.44
MW-48337-KQTU,No,60.5,Male,0,No,No,29,Yes,Yes,Fiber optic,No,No,Yes,No,No,No,Month-to-month,Yes,Credit card (automatic),1755.89
MW-38007-UDRV,Yes,120.0,Male,0,No,Yes,31,No,No phone service,Fiber optic,No,No,No,No,No,Yes,One year,No,Credit card (automatic),3714.78
MW-92237-PXVZ,No,18.0,Male,0,No,No,45,Yes,Yes,Fiber optic,No,No,No,No,Yes,No,Two year,Yes,Credit card (automatic),806.85
MW-95130-YAKX,No,74.06,Male,0,No,Yes,69,Yes,Yes,Fiber optic,No,Yes,Yes,Yes,No,No,One year,Yes,Bank transfer (automatic),5113.8
MW-94573-BBGK,No,42.22,Male,0,No,Yes,62,Yes,No,Fiber optic,No,No,No,Yes,No,No,Two year,No,Credit card (automatic),2611.94
MW-20984-QPTF,No,70.69,Male,0,No,No,27,Yes,No,DSL,Yes,Yes,No,No,Yes,No,Month-to-month,No,Mailed check,1924.6
MW-90112-MJXX,Yes,47.4,Male,0,No,No,23,Yes,No,DSL,Yes,No,No,Yes,No,Yes,Month-to-month,Yes,Bank transfer (automatic),1090.03
MW-24190-VECN,Yes,95.06,Male,0,No,No,56,Yes,No,No,No internet service,No internet service,No internet service,No internet service,No internet service,No internet service,Month-to-month,Yes,Bank transfer (automatic),5327.13
MW-60852-SVVF,No,94.88,Male,0,Yes,No,9,Yes,Yes,No,No internet service,No internet service,No internet service,No internet service,No internet service,No internet service,One year,No,Bank transfer (automatic),841.67
MW-94112-JYSZ,No,60.61,Female,0,No,Yes,39,Yes,No,Fiber optic,Yes,No,No,Yes,Yes,No,Month-to-month,Yes,Bank transfer (automatic),2379.76
MW-29469-FGRM,Yes,107.17,Male,0,Yes,No,30,Yes,No,No,No internet service,No internet service,No internet service,No internet service,No internet service,No internet service,One year,Yes,Electronic check,3236.68
MW-76820-ZAQZ,Yes,86.8,Female,0,Yes,Yes,13,Yes,Yes,Fiber optic,No,No,No,Yes,No,No,Month-to-month,Yes,Mailed check,1107.95
MW-59823-NDBL,No,105.78,Female,1,Yes,No,45,Yes,No,Fiber optic,No,Yes,No,No,No,No,Two year,No,Mailed check,4766.11
MW-10703-USCR,No,62.71,Male,0,No,No,23,No,No phone service,No,No internet service,No internet service,No internet service,No internet service,No internet service,No internet service,Two year,No,Bank transfer (automatic),1440.71
MW-89864-XRGA,No,92.55,Male,0,No,No,13,Yes,Yes,Fiber optic,No,Yes,Yes,No,Yes,Yes,Two year,Yes,Bank transfer (automatic),1207.41
MW-35952-PTWT,No,40.95,Male,1,No,No,47,Yes,Yes,Fiber optic,Yes,No,No,No,No,No,Month-to-month,Yes,Credit card (automatic),1931.43
MW-85361-MPET,No,37.91,Female,1,Yes,No,12,Yes,Yes,Fiber optic,No,Yes,Yes,No,Yes,No,Two year,No,Credit card (automatic),421.4
MW-87434-RAHD,Yes,120.0,Male,0,Yes,No,49,Yes,No,Fiber optic,No,No,Yes,No,No,Yes,Month-to-month,No,Bank transfer (automatic),5891.39
MW-89643-ZBNH,Yes,31.42,Female,0,Yes,No,11,Yes,No,DSL,No,Yes,No,Yes,No,Yes,Month-to-month,Yes,Electronic check,362.31
MW-10084-YEYE,Yes,50.92,Male,0,No,No,31,Yes,No,No,No internet service,No internet service,No internet service,No internet service,No internet service,No internet service,Month-to-month,Yes,Bank transfer (automatic),1596.89
MW-67478-ALMQ,No,18.0,Male,0,Yes,Yes,58,Yes,Yes,DSL,No,No,Yes,No,Yes,Yes,Month-to-month,No,Credit card (automatic),1029.83
MW-82595-NPHW,Yes,38.62,Female,0,No,No,16,Yes,No,Fiber optic,Yes,No,No,Yes,Yes,Yes,One year,Yes,Bank transfer (automatic),617.46
MW-96145-PKBK,No,34.17,Female,0,Yes,Yes,56,Yes,No,DSL,No,No,Yes,Yes,Yes,Yes,Month-to-month,Yes,Credit card (automatic),1905.44
MW-16001-LAVU,Yes,43.89,Female,0,No,Yes,52,Yes,No,Fiber optic,Yes,No,No,No,No,Yes,Month-to-month,No,Credit card (automatic),2253.55
MW-73881-FQDD,No,73.0,Male,0,No,No,65,Yes,No,Fiber optic,No,Yes,No,No,Yes,Yes,One year,Yes,Mailed check,4735.69
MW-90245-SEYE,No,80.23,Male,0,No,No,12,Yes,No,Fiber optic,No,No,No,No,No,Yes,Two year,Yes,Bank transfer (automatic),946.5
MW-75595-RKBA,No,33.8,Male,0,No,No,52,Yes,Yes,Fiber optic,Yes,No,No,Yes,Yes,Yes,One year,No,Bank transfer (automatic),1762.62
MW-93501-DUZH,No,40.31,Male,1,Yes,No,68,Yes,No,DSL,Yes,Yes,Yes,No,No,Yes,One year,Yes,Mailed check,2716.61
MW-39130-GYKG,No,96.51,Female,0,No,No,55,Yes,Yes,DSL,Yes,Yes,No,No,No,Yes,Month-to-month,Yes,Electronic check,5293.36
MW-17408-PJHY,No,115.16,Male,0,No,No,13,Yes,Yes,DSL,No,Yes,No,Yes,Yes,No,Two year,Yes,Electronic check,1489.29
MW-76527-TEQW,No,101.68,Female,1,Yes,No,60,Yes,Yes,Fiber optic,Yes,No,Yes,No,No,Yes,Month-to-month,No,Electronic check,6112.35
MW-97587-MDMM,No,18.0,Male,0,No,Yes,7,Yes,Yes,No,No internet service,No internet service,No internet service,No internet service,No internet service,No internet service,Month-to-month,Yes,Bank transfer (automatic),167.67
MW-62928-EWAD,Yes,99.68,Female,0,Yes,No,42,Yes,No,DSL,No,Yes,Yes,No,Yes,No,Month-to-month,No,Electronic check,4191.11
MW-20026-CAGF,No,119.61,Female,0,No,Yes,36,Yes,No,Fiber optic,No,No,No,Yes,Yes,Yes,One year,No,Mailed check,4290.48
MW-91228-VGFK,No,18.0,Female,0,Yes,No,38,Yes,No,DSL,No,Yes,No,No,Yes,No,Month-to-month,No,Mailed check,673.81
MW-46565-CTVB,No,96.48,Female,1,Yes,Yes,37,Yes,No,No,No internet service,No internet service,No internet service,No internet service,No internet service,No internet service,One year,Yes,Mailed check,3579.63
MW-47120-RPZT,Yes,70.76,Male,0,No,No,2,Yes,Yes,No,No internet service,No internet service,No internet service,No internet service,No internet service,No internet service,Month-to-month,No,Credit card (automatic),121.33
MW-45449-XVQZ,Yes,54.19,Male,0,No,No,37,Yes,Yes,Fiber optic,No,No,Yes,Yes,No,Yes,Month-to-month,Yes,Mailed check,2021.48
MW-62050-QVLC,No,67.19,Female,0,No,No,68,Yes,Yes,DSL,Yes,No,Yes,Yes,Yes,No,Month-to-month,Yes,Electronic check,4573.02
MW-10127-RENT,No,77.3,Male,1,No,No,31,No,No phone service,Fiber optic,Yes,Yes,No,No,No,No,Month-to-month,Yes,Credit card (automatic),2394.42
MW-22209-WFXF,No,98.73,Male,0,Yes,No,20,Yes,No,No,No internet service,No internet service,No internet service,No internet service,No internet service,No internet service,Month-to-month,No,Credit card (automatic),1949.33
MW-65395-UWRM,No,97.18,Female,0,Yes,No,72,Yes,Yes,DSL,No,No,Yes,No,No,No,One year,Yes,Bank transfer (automatic),7010.77
MW-38433-QKCM,Yes,18.79,Male,0,No,Yes,7,Yes,Yes,Fiber optic,No,No,Yes,No,No,Yes,Month-to-month,No,Bank transfer (automatic),120.11
MW-21176-AGZC,No,44.54,Female,0,No,Yes,35,Yes,Yes,No,No internet service,No internet service,No internet service,No internet service,No internet service,No internet service,Month-to-month,Yes,Electronic check,1561.21
MW-18223-BZTH,No,66.81,Male,0,No,No,37,Yes,Yes,Fiber optic,No,No,No,No,Yes,No,One year,No,Bank transfer (automatic),2469.61
MW-74407-CNYB,Yes,111.17,Male,0,No,No,34,Yes,No,Fiber optic,No,No,No,No,No,No,Month-to-month,Yes,Electronic check,3756.02
MW-97684-ZDZC,No,18.0,Female,0,No,No,67,Yes,Yes,Fiber optic,No,No,No,Yes,No,No,Month-to-month,Yes,Mailed check,1202.54
MW-78539-GBLR,No,45.67,Female,0,No,Yes,30,Yes,Yes,No,No internet service,No internet service,No internet service,No internet service,No internet service,No internet service,Month-to-month,No,Electronic check,1351.95
MW-68493-DADL,Yes,18.16,Male,0,Yes,Yes,71,Yes,No,Fiber optic,Yes,No,No,Yes,Yes,Yes,Month-to-month,Yes,Bank transfer (automatic),1279.58
MW-53240-NRYJ,Yes,22.92,Female,1,No,No,4,Yes,No,No,No internet service,No internet service,No internet service,No internet service,No internet service,No internet service,Month-to-month,Yes,Electronic check,98.17
MW-21221-QDJF,No,93.57,Male,1,No,Yes,53,Yes,No,Fiber optic,No,Yes,Yes,No,Yes,No,One year,No,Electronic check,4969.75
MW-15756-EDBH,Yes,48.04,Male,0,No,No,43,Yes,No,Fiber optic,No,No,No,No,No,Yes,Month-to-month,Yes,Electronic check,2065.45
MW-28901-BJBK,No,18.0,Male,0,No,Yes,17,Yes,Yes,No,No internet service,No internet service,No internet service,No internet service,No internet service,No internet service,One year,Yes,Bank transfer (automatic),292.74
MW-16817-VFBF,Yes,59.25,Female,0,No,No,16,Yes,No,Fiber optic,No,No,No,No,No,Yes,Month-to-month,No,Electronic check,938.29
MW-36058-LRRA,No,120.0,Female,0,No,Yes,52,Yes,Yes,DSL,No,No,Yes,No,Yes,No,One year,Yes,Mailed check,6230.03
MW-64997-YLHY,No,18.0,Female,0,Yes,No,46,Yes,Yes,DSL,No,Yes,No,No,Yes,No,Two year,Yes,Electronic check,795.94
MW-13598-EUZH,Yes,79.99,Male,0,No,No,44,No,No phone service,No,No internet service,No internet service,No internet service,No internet service,No internet service,No internet service,Month-to-month,Yes,Credit card (automatic),3520.66
MW-22308-LPVZ,Yes,111.03,Male,1,No,No,3,Yes,Yes,Fiber optic,Yes,No,No,No,Yes,No,Month-to-month,Yes,Electronic check,308.1
MW-39379-PTWQ,No,62.52,Female,0,No,No,43,Yes,Yes,DSL,No,No,No,No,No,No,Month-to-month,No,Credit card (automatic),2689.5
MW-19825-UPPX,No,120.0,Female,0,No,No,71,Yes,Yes,No,No internet service,No internet service,No internet service,No internet service,No internet service,No internet service,Two year,No,Electronic check,8498.11
MW-61093-JETP,Yes,44.21,Male,0,No,No,1,Yes,No,No,No internet service,No internet service,No internet service,No internet service,No internet service,No internet service,Two year,No,Electronic check,26.12
MW-78959-PJTM,No,107.38,Male,0,Yes,No,34,Yes,Yes,No,No internet service,No internet service,No internet service,No internet service,No internet service,No internet service,Month-to-month,Yes,Electronic check,3660.95
MW-88449-RAYV,No,100.3,Female,0,Yes,No,36,Yes,No,Fiber optic,No,No,Yes,No,Yes,Yes,One year,No,Electronic check,3611.17
MW-87650-MEZP,No,63.02,Male,0,No,No,65,Yes,Yes,No,No internet service,No internet service,No internet service,No internet service,No internet service,No internet service,Month-to-month,Yes,Mailed check,4068.03
MW-53560-MYXG,Yes,19.38,Male,0,Yes,Yes,20,Yes,Yes,No,No internet service,No internet service,No internet service,No internet service,No internet service,No internet service,Month-to-month,Yes,Electronic check,379.22
MW-55988-SHAK,No,33.95,Female,1,Yes,No,34,Yes,No,DSL,No,Yes,Yes,No,No,No,One year,Yes,Credit card (automatic),1158.23
MW-52928-FPLF,No,18.0,Female,1,Yes,Yes,52,Yes,Yes,No,No internet service,No internet service,No internet service,No internet service,No internet service,No internet service,Month-to-month,Yes,Mailed check,926.71
MW-52844-LTQR,Yes,81.82,Male,1,Yes,Yes,4,Yes,Yes,Fiber optic,No,No,Yes,No,No,Yes,Month-to-month,Yes,Electronic check,322.13
MW-81990-DCRN,No,78.23,Female,0,No,No,58,Yes,Yes,No,No internet service,No internet service,No internet service,No internet service,No internet service,No internet service,Two year,Yes,Mailed check,4541.0
MW-51564-RJCJ,No,66.38,Male,0,Yes,No,60,No,No phone service,Fiber optic,No,No,No,No,Yes,No,Month-to-month,Yes,Electronic check,3983.47
MW-93074-RZPK,No,60.32,Female,0,No,No,52,Yes,No,Fiber optic,Yes,Yes,No,No,No,No,One year,No,Electronic check,3121.76
MW-84467-JAEJ,Yes,104.73,Female,0,Yes,No,47,Yes,Yes,DSL,No,No,No,Yes,No,No,Month-to-month,No,Electronic check,4922.64
MW-41547-QQHN,No,72.93,Female,0,No,Yes,54,Yes,Yes,DSL,Yes,Yes,No,Yes,No,Yes,Month-to-month,Yes,Electronic check,3933.91
MW-58783-FBGE,No,47.36,Female,0,No,No,57,Yes,Yes,DSL,Yes,No,Yes,Yes,No,No,Month-to-month,Yes,Electronic check,2725.38
MW-94444-NUEA,No,68.42,Male,0,Yes,No,65,Yes,No,Fiber optic,No,No,No,No,Yes,No,Two year,Yes,Credit card (automatic),4445.75
MW-47262-BFDZ,Yes,120.0,Male,1,No,Yes,31,Yes,Yes,No,No internet service,No internet service,No internet service,No internet service,No internet service,No internet service,Month-to-month,Yes,Bank transfer (automatic),3722.02
MW-70560-FRSF,No,82.67,Female,0,No,No,33,Yes,No,DSL,No,No,No,No,Yes,No,Month-to-month,Yes,Credit card (automatic),2732.01
MW-88682-DEXK,No,52.3,Female,0,Yes,No,46,Yes,Yes,DSL,No,No,No,No,Yes,No,One year,Yes,Electronic check,2400.97
MW-80357-ARLE,No,62.67,Male,0,Yes,Yes,14,Yes,No,Fiber optic,No,No,No,No,No,No,Two year,No,Credit card (automatic),866.58
MW-90343-DTHB,No,77.9,Male,0,Yes,No,62,Yes,No,DSL,Yes,Yes,No,Yes,No,No,Two year,Yes,Mailed check,4836.7
MW-57527-UEZQ,No,51.37,Female,0,No,No,56,No,No phone service,DSL,No,Yes,No,No,No,No,One year,Yes,Electronic check,2883.74
MW-43577-PSFS,Yes,48.71,Male,0,Yes,Yes,46,Yes,No,DSL,Yes,No,Yes,No,Yes,Yes,Month-to-month,No,Credit card (automatic),2271.9
MW-59611-EGPK,Yes,63.66,Female,0,No,No,22,Yes,Yes,Fiber optic,No,No,No,No,Yes,No,One year,No,Electronic check,1411.66
MW-19674-XACA,No,109.57,Female,0,Yes,Yes,25,Yes,Yes,Fiber optic,Yes,No,No,No,No,Yes,Two year,Yes,Mailed check,2750.64
MW-78256-XKXP,No,87.73,Female,0,Yes,No,31,Yes,Yes,No,No internet service,No internet service,No internet service,No internet service,No internet service,No internet service,Two year,Yes,Credit card (automatic),2730.4
MW-26984-WVCZ,No,51.71,Female,0,No,No,48,Yes,No,DSL,No,No,No,No,No,No,Two year,Yes,Bank transfer (automatic),2471.73
MW-39758-NQFV,No,90.07,Female,0,No,Yes,56,Yes,No,DSL,No,Yes,No,No,No,No,Month-to-month,Yes,Mailed check,5025.05
MW-38704-BDFV,No,64.26,Male,1,Yes,No,49,Yes,No,No,No internet service,No internet service,No internet service,No internet service,No internet service,No internet service,Month-to-month,No,Mailed check,3133.69
MW-77580-VGPK,No,74.34,Female,0,No,Yes,67,Yes,Yes,No,No internet service,No internet service,No internet service,No internet service,No internet service,No internet service,One year,Yes,Electronic check,4991.1
MW-76705-PALM,No,71.61,Male,0,No,No,70,Yes,No,Fiber optic,Yes,Yes,No,No,Yes,Yes,Month-to-month,No,Credit card (automatic),5034.02
MW-33632-ARKG,Yes,18.0,Male,0,Yes,Yes,51,Yes,No,No,No internet service,No internet service,No internet service,No internet service,No internet service,No internet service,Month-to-month,No,Electronic check,929.01
MW-32835-UVGY,No,18.0,Female,0,No,Yes,27,Yes,No,Fiber optic,No,No,No,No,Yes,No,Month-to-month,Yes,Electronic check,483.5
MW-94571-APTF,No,70.8,Male,0,No,No,43,Yes,No,No,No internet service,No internet service,No internet service,No internet service,No internet service,No internet service,One year,Yes,Electronic check,3069.55
MW-83886-JSJH,No,38.41,Male,0,No,No,31,Yes,No,Fiber optic,Yes,No,Yes,Yes,No,Yes,Two year,Yes,Credit card (automatic),1184.06
MW-78233-RDPG,Yes,18.0,Female,0,No,Yes,45,Yes,Yes,DSL,Yes,No,No,Yes,Yes,No,One year,Yes,Bank transfer (automatic),792.78
MW-54823-HLTF,No,39.34,Female,0,No,No,59,Yes,Yes,DSL,Yes,Yes,Yes,No,No,Yes,Two year,Yes,Mailed check,2324.85
MW-26278-SJXK,No,91.74,Female,1,No,No,26,No,No phone service,Fiber optic,No,No,Yes,No,Yes,No,One year,Yes,Credit card (automatic),2404.62
MW-49296-LUBW,No,74.73,Female,0,No,Yes,36,Yes,No,No,No internet service,No internet service,No internet service,No internet service,No internet service,No internet service,One year,No,Electronic check,2677.62
MW-17661-HVJE,Yes,87.15,Male,0,No,No,3,No,No phone service,Fiber optic,No,No,Yes,Yes,Yes,No,Month-to-month,No,Credit card (automatic),235.88
MW-84035-CVAR,No,77.59,Female,0,No,No,53,Yes,No,DSL,Yes,No,Yes,Yes,No,No,One year,Yes,Electronic check,4112.84
MW-59623-QFUK,Yes,36.44,Female,1,Yes,No,35,Yes,Yes,DSL,No,Yes,No,Yes,Yes,Yes,Month-to-month,Yes,Mailed check,1286.97
MW-92958-VJUL,No,87.3,Female,1,No,No,33,No,No phone service,Fiber optic,No,No,No,No,No,Yes,Month-to-month,No,Electronic check,2836.43
MW-16208-MWCK,No,81.57,Male,0,Yes,No,38,Yes,Yes,No,No internet service,No internet service,No internet service,No internet service,No internet service,No internet service,Month-to-month,No,Credit card (automatic),3114.32
MW-53058-BBDT,No,60.48,Male,0,No,No,15,Yes,No,Fiber optic,Yes,Yes,Yes,No,No,No,Two year,No,Credit card (automatic),886.7
MW-78404-UUZP,No,65.77,Male,0,Yes,No,43,Yes,No,Fiber optic,No,No,Yes,No,No,No,One year,Yes,Bank transfer (automatic),2838.98
MW-26679-EMPU,No,87.77,Female,0,Yes,No,54,Yes,Yes,Fiber optic,Yes,No,No,Yes,Yes,Yes,Two year,No,Electronic check,4709.63
MW-76164-MAWQ,No,41.52,Male,0,Yes,Yes,25,No,No phone service,No,No internet service,No internet service,No internet service,No internet service,No internet service,No internet service,Two year,Yes,Electronic check,1015.88
MW-40465-CYLV,No,96.64,Female,0,No,No,9,Yes,Yes,No,No internet service,No internet service,No internet service,No internet service,No internet service,No internet service,Two year,No,Mailed check,879.04
MW-34555-TGXY,No,80.95,Male,0,No,Yes,28,Yes,Yes,DSL,No,Yes,Yes,Yes,No,Yes,Month-to-month,No,Electronic check,2284.84
MW-13643-YEDP,No,64.07,Female,0,No,Yes,14,Yes,No,Fiber optic,No,No,No,No,Yes,No,Two year,No,Electronic check,896.84
MW-16572-FQSA,No,109.94,Female,0,No,No,27,Yes,No,No,No internet service,No internet service,No internet service,No internet service,No internet service,No internet service,Two year,Yes,Bank transfer (automatic),3004.31
MW-72853-UDPP,No,25.17,Male,0,No,No,45,Yes,No,No,No internet service,No internet service,No internet service,No internet service,No internet service,No internet service,Two year,No,Bank transfer (automatic),1117.31
MW-26108-AENL,Yes,50.19,Male,1,No,No,8,Yes,Yes,Fiber optic,No,No,No,Yes,No,Yes,Month-to-month,No,Credit card (automatic),385.99
MW-63813-MSSR,No,43.53,Female,1,Yes,Yes,54,Yes,No,DSL,No,No,No,No,Yes,No,Month-to-month,No,Mailed check,2346.09
MW-11452-TWFY,No,74.74,Male,0,Yes,Yes,16,Yes,No,Fiber optic,Yes,No,No,Yes,Yes,No,Two year,Yes,Mailed check,1190.59
MW-75077-MYRK,Yes,99.47,Female,0,No,No,65,Yes,No,Fiber optic,No,Yes,No,No,No,No,Month-to-month,Yes,Mailed check,6469.8
MW-24421-BCQS,No,34.51,Female,0,Yes,No,53,Yes,No,DSL,No,Yes,No,No,Yes,No,Month-to-month,Yes,Electronic check,1817.89
MW-92138-DYHU,Yes,120.0,Female,0,No,Yes,19,Yes,Yes,No,No internet service,No internet service,No internet service,No internet service,No internet service,No internet service,Month-to-month,Yes,Bank transfer (automatic),2288.51
MW-97851-USXV,No,44.12,Male,0,No,No,41,Yes,Yes,DSL,No,Yes,No,No,Yes,No,Month-to-month,Yes,Credit card (automatic),1817.07
MW-74030-DKPN,No,74.82,Female,0,No,No,8,Yes,Yes,No,No internet service,No internet service,No internet service,No internet service,No internet service,No internet service,Month-to-month,Yes,Electronic check,622.76
MW-23817-NEZS,No,64.08,Male,0,No,No,7,Yes,Yes,Fiber optic,No,Yes,Yes,No,No,Yes,Two year,No,Electronic check,441.2
MW-47999-VJRG,No,65.38,Male,0,Yes,No,69,Yes,Yes,DSL,Yes,Yes,No,No,No,Yes,Two year,No,Credit card (automatic),4516.27
MW-22047-QGYN,No,40.23,Male,0,Yes,No,58,Yes,No,Fiber optic,No,No,No,Yes,No,No,Two year,Yes,Mailed check,2342.43
MW-26908-MNFV,No,96.03,Female,0,Yes,No,11,Yes,No,Fiber optic,No,Yes,No,Yes,No,No,Month-to-month,Yes,Bank transfer (automatic),1056.22
MW-58198-GXWH,No,38.38,Male,0,Yes,No,20,Yes,No,No,No internet service,No internet service,No internet service,No internet service,No internet service,No internet service,Month-to-month,Yes,Bank transfer (automatic),764.43
MW-38913-PHDG,Yes,18.0,Female,1,No,No,14,Yes,No,Fiber optic,No,No,No,No,Yes,No,Month-to-month,Yes,Bank transfer (automatic),221.04
MW-38929-WHYT,Yes,30.34,Male,0,No,No,28,Yes,Yes,DSL,No,No,No,Yes,Yes,No,Month-to-month,Yes,Electronic check,850.77
MW-63784-LRXB,Yes,107.36,Female,0,No,No,21,Yes,Yes,No,No internet service,No internet service,No internet service,No internet service,No internet service,No internet service,Month-to-month,No,Credit card (automatic),2263.49
MW-28775-VPZW,No,101.51,Female,0,No,Yes,23,Yes,Yes,Fiber optic,No,No,No,Yes,No,No,One year,No,Credit card (automatic),2333.86
MW-31487-XBLX,No,18.0,Male,0,Yes,No,38,Yes,Yes,DSL,No,Yes,No,Yes,No,No,Two year,Yes,Electronic check,672.27
MW-67159-GGSH,Yes,88.41,Female,0,Yes,Yes,13,No,No phone service,No,No internet service,No internet service,No internet service,No internet service,No internet service,No internet service,Month-to-month,No,Electronic check,1124.14
MW-31594-QKLD,Yes,18.0,Male,0,Yes,No,64,Yes,No,DSL,No,No,No,No,Yes,No,Month-to-month,Yes,Bank transfer (automatic),1158.8
MW-70670-WCEF,No,63.18,Male,0,No,No,53,No,No phone service,DSL,No,No,No,No,Yes,No,Month-to-month,Yes,Bank transfer (automatic),3349.04
MW-85082-GAZP,No,27.77,Female,0,No,No,55,Yes,No,Fiber optic,Yes,Yes,No,Yes,No,Yes,Month-to-month,Yes,Mailed check,1548.2
MW-68523-MDRC,No,90.72,Male,1,Yes,Yes,12,Yes,No,Fiber optic,Yes,Yes,No,No,No,No,Month-to-month,Yes,Bank transfer (automatic),1066.9
MW-58443-GPZQ,No,80.64,Male,0,Yes,No,51,Yes,Yes,Fiber optic,Yes,No,Yes,No,Yes,Yes,Month-to-month,Yes,Bank transfer (automatic),4105.59
MW-12652-MRTN,Yes,93.39,Female,0,Yes,Yes,61,Yes,No,No,No internet service,No internet service,No internet service,No internet service,No internet service,No internet service,Month-to-month,Yes,Mailed check,5676.97
MW-78202-JXHC,Yes,55.14,Female,1,Yes,No,12,No,No phone service,DSL,No,Yes,Yes,Yes,Yes,No,Month-to-month,Yes,Electronic check,677.06
MW-66355-HUBK,No,58.26,Female,1,Yes,No,54,Yes,No,No,No internet service,No internet service,No internet service,No internet service,No internet service,No internet service,Two year,Yes,Electronic check,3164.63
MW-75496-AXHF,No,19.02,Female,1,Yes,No,26,Yes,Yes,DSL,No,No,No,No,No,No,Month-to-month,Yes,Mailed check,523.36
MW-71420-SYBW,No,33.09,Female,0,No,No,57,No,No phone service,DSL,No,Yes,No,No,Yes,No,Month-to-month,Yes,Credit card (automatic),1893.95
MW-96489-KEBL,Yes,92.46,Male,0,Yes,No,34,Yes,Yes,DSL,No,No,No,No,No,No,Month-to-month,No,Bank transfer (automatic),3155.48
MW-21045-FFED,Yes,75.02,Female,0,No,No,58,Yes,Yes,DSL,Yes,Yes,No,No,No,No,Month-to-month,No,Mailed check,4357.7
MW-66985-UKVN,No,67.13,Male,0,Yes,No,10,Yes,No,Fiber optic,Yes,No,No,No,Yes,Yes,One year,No,Credit card (automatic),679.9
MW-92778-BKCH,No,101.86,Male,0,Yes,No,28,Yes,No,No,No internet service,No internet service,No internet service,No internet service,No internet service,No internet service,Two year,Yes,Mailed check,2852.82
MW-14752-VHFD,No,25.0,Male,0,Yes,Yes,19,No,No phone service,No,No internet service,No internet service,No internet service,No internet service,No internet service,No internet service,Two year,No,Mailed check,484.28
MW-90717-DFXN,Yes,85.6,Female,1,No,Yes,18,Yes,No,Fiber optic,Yes,No,Yes,Yes,Yes,No,One year,No,Electronic check,1572.9
MW-84709-UDQV,Yes,28.63,Male,0,Yes,No,22,Yes,Yes,DSL,No,No,No,No,Yes,No,Month-to-month,Yes,Bank transfer (automatic),633.14
MW-88685-UTUZ,Yes,108.34,Male,0,No,Yes,27,Yes,No,No,No internet service,No internet service,No internet service,No internet service,No internet service,No internet service,Month-to-month,No,Bank transfer (automatic),2925.54
MW-79071-KHCE,No,80.33,Male,0,Yes,No,9,Yes,Yes,Fiber optic,No,Yes,No,No,No,No,Month-to-month,Yes,Credit card (automatic),725.94
MW-48076-KBUJ,No,92.94,Female,0,No,No,51,Yes,Yes,Fiber optic,No,No,No,No,Yes,Yes,Month-to-month,No,Electronic check,4737.7
MW-33552-HYBQ,No,42.95,Female,0,Yes,No,40,Yes,Yes,Fiber optic,Yes,No,No,No,No,Yes,Two year,Yes,Mailed check,1721.7
MW-22726-QZKX,No,120.0,Female,0,No,No,60,Yes,No,DSL,Yes,No,No,No,No,Yes,Month-to-month,Yes,Electronic check,7197.26
MW-18679-SKNL,Yes,120.0,Female,1,No,No,51,Yes,No,Fiber optic,Yes,No,No,No,Yes,Yes,Month-to-month,No,Credit card (automatic),6137.16
MW-21738-QHHT,Yes,76.91,Female,0,No,Yes,10,Yes,Yes,No,No internet service,No internet service,No internet service,No internet service,No internet service,No internet service,Month-to-month,No,Electronic check,784.76
MW-96900-ZPHB,Yes,99.26,Female,0,No,No,5,Yes,Yes,DSL,No,Yes,No,No,Yes,No,Month-to-month,Yes,Bank transfer (automatic),528.79
MW-97781-YYEU,No,54.94,Female,0,No,No,30,Yes,Yes,Fiber optic,Yes,No,Yes,No,Yes,No,Two year,Yes,Bank transfer (automatic),1647.85
MW-10171-SYNF,No,25.95,Female,0,No,No,35,Yes,Yes,No,No internet service,No internet service,No internet service,No internet service,No internet service,No internet service,Month-to-month,No,Electronic check,912.58
MW-46990-JUER,Yes,87.87,Male,0,No,No,17,Yes,No,Fiber optic,No,No,No,No,No,No,Month-to-month,Yes,Mailed check,1497.49
MW-85417-VCNG,Yes,36.42,Female,0,No,No,57,Yes,No,Fiber optic,No,No,Yes,No,No,No,Month-to-month,No,Electronic check,2078.93
MW-25890-MEHD,No,103.31,Male,0,No,No,42,Yes,Yes,Fiber optic,No,Yes,No,Yes,No,Yes,Two year,Yes,Bank transfer (automatic),4355.97
MW-32463-KRHW,Yes,95.44,Male,0,No,No,54,Yes,No,No,No internet service,No internet service,No internet service,No internet service,No internet service,No internet service,Month-to-month,No,Credit card (automatic),5129.39
MW-22428-QZSF,Yes,71.06,Female,0,Yes,No,7,Yes,No,Fiber optic,No,Yes,No,Yes,Yes,No,One year,Yes,Mailed check,504.33
MW-45723-PSMB,Yes,69.38,Female,0,Yes,No,59,Yes,Yes,Fiber optic,No,No,No,No,Yes,Yes,Month-to-month,Yes,Credit card (automatic),4123.36
MW-14755-EFKW,Yes,93.68,Male,1,Yes,No,15,Yes,No,DSL,No,Yes,Yes,Yes,No,Yes,Month-to-month,Yes,Electronic check,1425.64
MW-51444-AYNZ,No,72.24,Male,0,No,No,32,Yes,No,No,No internet service,No internet service,No internet service,No internet service,No internet service,No internet service,Two year,No,Mailed check,2330.41
MW-24951-SMCT,No,51.87,Female,1,No,No,32,Yes,Yes,No,No internet service,No internet service,No internet service,No internet service,No internet service,No internet service,Month-to-month,Yes,Credit card (automatic),1672.47
MW-27534-QJVS,No,18.56,Female,0,Yes,No,59,No,No phone service,Fiber optic,No,Yes,No,Yes,Yes,No,Month-to-month,No,Credit card (automatic),1086.1
MW-89275-GDRC,Yes,92.77,Male,0,No,Yes,20,Yes,No,No,No internet service,No internet service,No internet service,No internet service,No internet service,No internet service,One year,Yes,Electronic check,1844.15
MW-27055-NZTH,No,74.99,Female,1,No,No,17,Yes,No,Fiber optic,Yes,No,No,Yes,Yes,Yes,Month-to-month,Yes,Bank transfer (automatic),1263.7
MW-25873-ZXMA,Yes,120.0,Male,0,No,No,24,Yes,No,No,No internet service,No internet service,No internet service,No internet service,No internet service,No internet service,Month-to-month,Yes,Credit card (automatic),2862.92
MW-40863-XVZY,No,61.12,Male,0,Yes,No,26,Yes,No,DSL,Yes,No,Yes,No,No,Yes,Two year,No,Bank transfer (automatic),1603.32
MW-36809-MAKK,Yes,73.06,Male,0,Yes,No,13,Yes,No,DSL,No,No,Yes,Yes,No,No,Month-to-month,No,Bank transfer (automatic),971.81
MW-69637-HVVA,Yes,73.77,Female,0,No,No,12,Yes,Yes,No,No internet service,No internet service,No internet service,No internet service,No internet service,No internet service,Month-to-month,Yes,Electronic check,891.76
MW-44019-XHEG,No,83.52,Male,0,Yes,No,16,Yes,Yes,Fiber optic,No,No,Yes,No,No,No,Month-to-month,Yes,Electronic check,1348.39
MW-61951-BDHC,No,34.99,Female,0,No,No,34,Yes,Yes,Fiber optic,No,No,No,No,Yes,No,One year,Yes,Bank transfer (automatic),1194.06
MW-52945-EFUE,Yes,61.68,Male,0,Yes,No,25,Yes,No,Fiber optic,Yes,Yes,Yes,No,No,Yes,Month-to-month,No,Mailed check,1550.53
MW-59267-YZJA,Yes,88.83,Female,0,Yes,No,28,Yes,Yes,Fiber optic,Yes,Yes,Yes,No,No,No,Month-to-month,No,Electronic check,2455.48
MW-92430-GDAV,No,54.02,Female,0,Yes,No,52,Yes,Yes,DSL,No,No,No,No,No,No,One year,Yes,Electronic check,2813.76
MW-17013-CUSM,No,87.71,Male,0,Yes,Yes,17,Yes,Yes,Fiber optic,No,No,No,No,Yes,Yes,One year,No,Mailed check,1484.69
MW-56424-HKHJ,No,66.9,Male,0,No,No,66,Yes,Yes,Fiber optic,No,No,No,No,No,No,Two year,No,Mailed check,4414.8
MW-91514-GZYW,Yes,76.06,Male,0,Yes,Yes,54,No,No phone service,DSL,Yes,No,Yes,Yes,No,Yes,Month-to-month,No,Mailed check,4110.63
MW-31923-WGWM,No,98.53,Male,0,Yes,No,12,Yes,Yes,DSL,No,No,Yes,Yes,No,No,Month-to-month,Yes,Mailed check,1171.63
MW-16561-DTZV,Yes,57.18,Male,0,No,No,22,Yes,Yes,Fiber optic,No,No,Yes,No,No,Yes,Month-to-month,No,Electronic check,1241.83
MW-63369-ACDY,No,20.44,Female,0,Yes,No,13,Yes,Yes,Fiber optic,No,Yes,Yes,Yes,No,Yes,One year,Yes,Credit card (automatic),254.53
MW-64834-NVDN,No,56.01,Male,1,No,No,19,No,No phone service,Fiber optic,Yes,No,Yes,No,Yes,No,Month-to-month,Yes,Bank transfer (automatic),1042.46
MW-78356-JNSN,No,39.23,Male,0,No,No,26,Yes,Yes,Fiber optic,No,No,No,No,No,No,One year,Yes,Electronic check,1002.65
MW-23844-BVXP,No,18.0,Female,0,No,Yes,9,Yes,No,Fiber optic,Yes,No,Yes,No,Yes,Yes,Month-to-month,No,Mailed check,146.73
MW-17351-EVQW,No,60.8,Female,0,Yes,No,1,Yes,Yes,DSL,No,No,Yes,Yes,Yes,No,Two year,Yes,Mailed check,39.27
MW-17891-QSUB,No,69.97,Male,1,No,No,32,Yes,Yes,Fiber optic,No,Yes,No,No,No,Yes,Two year,Yes,Bank transfer (automatic),2246.97
MW-22641-FLSG,Yes,94.62,Female,0,Yes,No,51,Yes,Yes,DSL,Yes,No,No,No,No,No,Month-to-month,No,Bank transfer (automatic),4812.11
MW-55084-LBRR,No,29.82,Male,0,No,No,22,Yes,Yes,Fiber optic,No,Yes,No,No,No,No,Two year,No,Bank transfer (automatic),628.09
MW-46157-PNZB,No,66.66,Male,0,Yes,No,62,Yes,Yes,DSL,No,No,No,Yes,No,No,Two year,Yes,Bank transfer (automatic),4126.9
MW-40822-TQLE,No,97.84,Male,0,No,No,26,Yes,No,Fiber optic,No,No,No,Yes,Yes,No,Month-to-month,No,Electronic check,2527.14
MW-89716-YYJS,Yes,46.76,Male,1,No,No,65,Yes,No,Fiber optic,Yes,Yes,No,Yes,No,No,Month-to-month,Yes,Electronic check,3061.29
MW-75708-CAZW,No,80.09,Male,0,No,No,17,Yes,Yes,No,No internet service,No internet service,No internet service,No internet service,No internet service,No internet service,One year,Yes,Electronic check,1363.52
MW-17421-ABDA,No,111.93,Male,0,Yes,No,39,Yes,No,Fiber optic,No,No,No,No,Yes,Yes,Month-to-month,No,Mailed check,4343.21
MW-67257-JKRD,No,18.0,Male,0,Yes,No,55,Yes,Yes,No,No internet service,No internet service,No internet service,No internet service,No internet service,No internet service,Month-to-month,No,Mailed check,998.53
MW-56836-XVSY,Yes,72.18,Male,0,Yes,No,4,Yes,Yes,Fiber optic,Yes,No,No,Yes,Yes,No,Month-to-month,Yes,Bank transfer (automatic),289.99
MW-86950-EULJ,Yes,98.89,Male,0,Yes,No,67,Yes,Yes,DSL,Yes,No,No,Yes,No,No,Two year,No,Electronic check,6622.05
MW-68280-SHAJ,No,53.48,Male,1,Yes,Yes,26,Yes,No,DSL,Yes,Yes,Yes,No,No,Yes,Month-to-month,No,Bank transfer (automatic),1414.1
MW-14440-UCWX,Yes,105.6,Male,1,Yes,Yes,36,Yes,No,DSL,Yes,Yes,No,Yes,No,Yes,One year,Yes,Electronic check,3786.97
MW-76431-MFVG,Yes,83.03,Female,0,Yes,No,45,Yes,Yes,DSL,No,Yes,No,No,No,Yes,Month-to-month,No,Mailed check,3751.88
MW-64926-ETHQ,No,117.08,Female,0,No,Yes,46,Yes,No,DSL,Yes,No,Yes,No,Yes,Yes,Month-to-month,No,Bank transfer (automatic),5379.54
MW-50537-FZFZ,No,81.47,Female,0,No,No,1,Yes,Yes,Fiber optic,No,No,No,Yes,No,Yes,Two year,No,Electronic check,81.19
MW-73896-ULSY,Yes,119.58,Male,0,No,Yes,63,Yes,Yes,Fiber optic,No,No,Yes,No,Yes,No,Month-to-month,Yes,Mailed check,7522.29
MW-13557-RYYW,Yes,73.0,Female,0,No,Yes,45,Yes,No,Fiber optic,No,No,Yes,No,No,No,Month-to-month,Yes,Mailed check,3274.71
MW-75369-YYAQ,No,22.97,Male,0,Yes,No,72,Yes,No,DSL,Yes,Yes,Yes,No,No,No,Month-to-month,No,Bank transfer (automatic),1647.3
MW-99952-SCRW,No,45.07,Male,0,No,Yes,34,Yes,Yes,Fiber optic,No,No,No,No,No,No,One year,Yes,Electronic check,1503.87
MW-75526-THMY,No,94.55,Female,0,No,No,44,No,No phone service,DSL,Yes,Yes,Yes,No,No,No,Month-to-month,Yes,Credit card (automatic),4165.4
MW-89655-GNWM,No,93.96,Male,0,No,No,32,Yes,No,Fiber optic,No,Yes,No,No,Yes,No,Month-to-month,Yes,Credit card (automatic),3008.44
MW-49269-CVJK,No,54.68,Male,1,No,No,64,Yes,Yes,Fiber optic,Yes,Yes,No,No,Yes,No,Month-to-month,Yes,Credit card (automatic),3477.05
MW-46086-WCTU,Yes,118.13,Female,0,No,No,60,Yes,Yes,DSL,No,Yes,No,Yes,Yes,No,Month-to-month,Yes,Electronic check,7097.7
MW-72234-XGAW,Yes,53.38,Female,0,No,No,66,Yes,No,DSL,No,No,Yes,Yes,No,Yes,Month-to-month,No,Bank transfer (automatic),3544.94
MW-52765-DXTK,Yes,77.86,Female,0,Yes,Yes,36,Yes,No,No,No internet service,No internet service,No internet service,No internet service,No internet service,No internet service,Month-to-month,Yes,Electronic check,2792.99
MW-34165-JSWA,No,77.03,Female,1,No,No,57,Yes,No,Fiber optic,No,No,No,No,Yes,Yes,Month-to-month,Yes,Credit card (automatic),4378.94
MW-31527-AVKM,Yes,24.09,Female,0,No,No,26,Yes,No,Fiber optic,Yes,No,No,No,Yes,Yes,Month-to-month,Yes,Mailed check,643.04
MW-23851-AGQX,No,60.69,Female,0,Yes,No,33,Yes,No,DSL,Yes,No,No,No,No,Yes,One year,No,Electronic check,2008.82
MW-18614-DKTV,No,120.0,Female,0,Yes,Yes,55,Yes,Yes,DSL,No,No,No,No,No,Yes,One year,Yes,Electronic check,6597.96
MW-21444-MLWY,No,36.33,Male,1,Yes,No,5,Yes,No,Fiber optic,No,Yes,Yes,No,Yes,No,Month-to-month,No,Credit card (automatic),193.87
MW-77524-USSS,No,82.75,Female,0,Yes,No,51,Yes,No,No,No internet service,No internet service,No internet service,No internet service,No internet service,No internet service,Month-to-month,Yes,Credit card (automatic),4224.36
MW-76333-NCXT,Yes,29.37,Male,1,No,No,1,Yes,No,DSL,Yes,Yes,No,No,No,Yes,Month-to-month,No,Mailed check,50.8
MW-59619-JNBT,No,36.02,Female,0,No,Yes,42,Yes,Yes,DSL,No,No,No,No,Yes,No,Two year,Yes,Mailed check,1512.59
MW-52403-KWFS,Yes,21.57,Female,0,Yes,No,34,Yes,No,No,No internet service,No internet service,No internet service,No internet service,No internet service,No internet service,Month-to-month,Yes,Bank transfer (automatic),739.78
MW-30168-JMHW,Yes,92.23,Male,0,Yes,No,34,Yes,Yes,Fiber optic,Yes,No,No,Yes,Yes,No,Month-to-month,Yes,Credit card (automatic),3152.29
MW-56964-ETAU,No,37.86,Male,0,Yes,No,36,Yes,Yes,DSL,Yes,No,No,No,No,Yes,Month-to-month,No,Bank transfer (automatic),1326.24
MW-76750-MXKD,No,102.02,Male,1,No,No,35,Yes,Yes,Fiber optic,Yes,Yes,Yes,Yes,Yes,Yes,Month-to-month,Yes,Mailed check,3587.71
MW-64676-SMBC,No,48.06,Male,0,Yes,Yes,29,No,No phone service,Fiber optic,No,No,No,No,No,No,Month-to-month,Yes,Bank transfer (automatic),1386.16
MW-71959-MTZL,No,67.84,Male,0,Yes,No,32,Yes,Yes,No,No internet service,No internet service,No internet service,No internet service,No internet service,No internet service,Month-to-month,No,Credit card (automatic),2178.38
MW-84906-YTNC,No,76.34,Female,0,Yes,Yes,41,Yes,No,DSL,No,No,No,Yes,No,Yes,One year,Yes,Electronic check,3154.9
MW-75156-WQUC,No,18.0,Female,0,No,No,55,Yes,Yes,No,No internet service,No internet service,No internet service,No internet service,No internet service,No internet service,One year,Yes,Mailed check,985.41
MW-32427-YJKN,No,70.11,Male,1,Yes,Yes,40,Yes,No,DSL,No,No,No,No,No,No,One year,Yes,Electronic check,2797.57
MW-79643-ASGN,No,74.5,Female,0,No,No,46,Yes,Yes,No,No internet service,No internet service,No internet service,No internet service,No internet service,No internet service,One year,Yes,Mailed check,3426.18
MW-97796-NTVE,Yes,98.2,Female,0,No,No,61,Yes,Yes,No,No internet service,No internet service,No internet service,No internet service,No internet service,No internet service,Month-to-month,Yes,Credit card (automatic),5968.42
MW-45426-VRXK,No,35.21,Male,0,Yes,No,72,Yes,No,No,No internet service,No internet service,No internet service,No internet service,No internet service,No internet service,Two year,No,Electronic check,2568.11
MW-35401-PDJW,No,39.49,Female,0,No,No,7,Yes,No,No,No internet service,No internet service,No internet service,No internet service,No internet service,No internet service,One year,Yes,Bank transfer (automatic),275.79
MW-73350-UZWF,No,83.79,Male,0,No,No,52,Yes,Yes,Fiber optic,No,Yes,No,Yes,No,No,Two year,Yes,Electronic check,4381.76
MW-61751-HDNU,No,106.37,Female,0,No,Yes,16,Yes,Yes,DSL,Yes,No,No,No,No,No,One year,No,Credit card (automatic),1696.92
MW-63478-VZJL,No,46.22,Male,0,No,Yes,14,No,No phone service,DSL,No,No,No,No,No,Yes,Month-to-month,No,Credit card (automatic),647.59
MW-21423-PUZD,No,26.94,Male,1,Yes,No,57,Yes,Yes,DSL,No,Yes,No,No,No,Yes,Month-to-month,Yes,Mailed check,1549.74
MW-70840-JFFD,Yes,54.5,Female,0,Yes,No,5,Yes,Yes,Fiber optic,No,No,No,No,No,No,Month-to-month,Yes,Bank transfer (automatic),255.97
MW-90113-QRLQ,No,33.6,Male,0,No,No,61,Yes,No,DSL,No,No,No,Yes,No,No,Month-to-month,No,Electronic check,2048.06
MW-59341-SRYE,No,75.93,Male,0,Yes,Yes,56,Yes,Yes,Fiber optic,No,No,Yes,Yes,No,Yes,Month-to-month,Yes,Credit card (automatic),4265.68
MW-20254-YBAN,No,31.6,Male,0,Yes,No,72,Yes,Yes,Fiber optic,Yes,No,Yes,No,Yes,No,Month-to-month,Yes,Bank transfer (automatic),2272.0
MW-16301-MNZL,Yes,93.19,Female,0,Yes,No,48,Yes,Yes,No,No internet service,No internet service,No internet service,No internet service,No internet service,No internet service,Month-to-month,Yes,Electronic check,4465.87
MW-91413-WSBL,No,70.38,Male,0,Yes,No,63,Yes,Yes,Fiber optic,No,No,No,No,No,No,Two year,Yes,Credit card (automatic),4450.67
MW-18876-DWJU,Yes,94.12,Female,0,Yes,Yes,8,Yes,No,Fiber optic,Yes,No,No,No,Yes,No,One year,Yes,Electronic check,773.98
MW-27336-BJVX,No,18.0,Female,0,No,No,64,Yes,Yes,Fiber optic,No,No,No,Yes,Yes,Yes,One year,Yes,Bank transfer (automatic),1175.4
MW-29043-AMXM,Yes,18.0,Male,0,Yes,No,11,Yes,Yes,No,No internet service,No internet service,No internet service,No internet service,No internet service,No internet service,Month-to-month,Yes,Electronic check,187.88
MW-29113-HTVY,No,102.78,Female,0,Yes,No,22,Yes,Yes,Fiber optic,Yes,No,No,Yes,No,No,One year,Yes,Bank transfer (automatic),2252.47
MW-22809-XAVE,No,42.41,Female,1,Yes,No,9,Yes,Yes,DSL,No,Yes,No,No,Yes,No,Two year,No,Electronic check,374.62
MW-40602-WVFL,Yes,20.01,Male,0,No,No,29,Yes,Yes,DSL,Yes,No,No,Yes,No,No,One year,Yes,Electronic check,591.07
MW-52991-UWWJ,No,57.92,Male,0,No,Yes,54,No,No phone service,No,No internet service,No internet service,No internet service,No internet service,No internet service,No internet service,One year,Yes,Mailed check,3109.73
MW-52028-BZWF,No,71.27,Male,0,Yes,No,19,Yes,Yes,Fiber optic,No,Yes,No,Yes,No,No,Month-to-month,No,Credit card (automatic),1337.02
MW-45751-PYHU,No,59.26,Female,0,Yes,No,60,Yes,No,No,No internet service,No internet service,No internet service,No internet service,No internet service,No internet service,Month-to-month,Yes,Electronic check,3544.88
MW-96950-MZKD,No,78.04,Female,0,No,No,44,Yes,Yes,No,No internet service,No internet service,No internet service,No internet service,No internet service,No internet service,One year,Yes,Bank transfer (automatic),3419.69
MW-39124-YJGE,No,73.98,Male,0,Yes,No,45,Yes,No,Fiber optic,Yes,No,No,Yes,No,No,Two year,No,Mailed check,3342.37
MW-32307-KVJG,No,72.4,Male,0,Yes,No,68,Yes,No,Fiber optic,No,Yes,Yes,No,Yes,No,Month-to-month,Yes,Credit card (automatic),4935.45
MW-49730-LNVE,No,104.45,Male,0,Yes,No,31,Yes,Yes,No,No internet service,No internet service,No internet service,No internet service,No internet service,No internet service,Month-to-month,Yes,Electronic check,3230.72
MW-72426-HSLT,No,63.57,Male,0,Yes,No,25,Yes,Yes,No,No internet service,No internet service,No internet service,No internet service,No internet service,No internet service,Month-to-month,Yes,Bank transfer (automatic),1586.34
MW-75847-LCWS,No,62.69,Male,0,No,Yes,72,Yes,No,Fiber optic,No,No,Yes,No,Yes,No,Month-to-month,Yes,Credit card (automatic),4475.58
MW-85151-DDJY,No,88.08,Female,0,Yes,No,40,Yes,No,DSL,Yes,No,Yes,No,No,No,Two year,Yes,Electronic check,3516.34
MW-77868-HXME,No,80.58,Female,0,Yes,Yes,44,Yes,Yes,DSL,No,No,Yes,No,Yes,No,One year,No,Mailed check,3564.18
MW-55420-CJFQ,No,36.91,Female,0,No,No,21,Yes,No,Fiber optic,Yes,No,No,No,No,No,Month-to-month,No,Credit card (automatic),767.43
MW-52080-ZVHY,No,61.24,Male,0,Yes,No,15,No,No phone service,No,No internet service,No internet service,No internet service,No internet service,No internet service,No internet service,Month-to-month,Yes,Electronic check,902.21
MW-55804-ZLMM,No,77.15,Male,0,No,No,12,Yes,Yes,No,No internet service,No internet service,No internet service,No internet service,No internet service,No internet service,Month-to-month,Yes,Mailed check,946.44
MW-79355-KDXJ,No,46.4,Female,0,Yes,No,16,No,No phone service,Fiber optic,Yes,No,Yes,No,No,No,Month-to-month,Yes,Electronic check,725.68
MW-90664-CZCY,Yes,47.82,Female,0,Yes,Yes,14,Yes,No,DSL,No,No,Yes,No,No,Yes,Month-to-month,No,Credit card (automatic),692.67
MW-85438-DKNF,No,22.26,Male,0,No,No,54,Yes,No,Fiber optic,No,No,No,Yes,No,No,Two year,No,Credit card (automatic),1245.36
MW-44890-PPWL,Yes,18.0,Female,0,Yes,No,4,Yes,No,No,No internet service,No internet service,No internet service,No internet service,No internet service,No internet service,One year,No,Bank transfer (automatic),70.36
MW-76848-XUVR,Yes,52.78,Male,0,Yes,No,45,Yes,No,Fiber optic,No,Yes,No,No,No,Yes,Month-to-month,Yes,Bank transfer (automatic),2393.76
MW-39280-ERTJ,No,67.82,Female,0,No,No,69,Yes,No,DSL,No,No,Yes,Yes,Yes,No,One year,Yes,Mailed check,4654.55
MW-53759-RQRS,Yes,31.14,Female,0,Yes,Yes,55,No,No phone service,Fiber optic,No,No,Yes,No,No,No,One year,Yes,Electronic check,1687.01
MW-45505-SRHS,Yes,105.34,Male,1,Yes,Yes,29,Yes,Yes,Fiber optic,No,No,Yes,No,Yes,No,Month-to-month,No,Electronic check,3042.91
MW-63359-DXVG,Yes,32.6,Male,0,No,Yes,4,No,No phone service,Fiber optic,Yes,No,No,No,Yes,No,One year,Yes,Electronic check,142.74
MW-55355-BDSA,Yes,91.38,Female,0,No,No,60,Yes,No,No,No internet service,No internet service,No internet service,No internet service,No internet service,No internet service,One year,No,Electronic check,5482.83
MW-65863-CSMJ,No,76.56,Female,0,No,No,0,Yes,Yes,No,No internet service,No internet service,No internet service,No internet service,No internet service,No internet service,Two year,No,Bank transfer (automatic),0.0
MW-97254-GNHB,No,120.0,Female,0,Yes,Yes,49,Yes,Yes,DSL,Yes,No,Yes,No,Yes,No,Month-to-month,No,Electronic check,5860.64
MW-69435-LYNQ,Yes,80.2,Female,1,No,No,48,Yes,No,DSL,No,No,Yes,No,Yes,No,Month-to-month,Yes,Electronic check,3847.69
MW-74453-HCTK,No,20.61,Male,0,No,No,14,Yes,No,Fiber optic,No,No,Yes,Yes,No,No,Month-to-month,No,Mailed check,278.89
MW-83638-BHAW,No,95.63,Female,0,No,No,54,Yes,Yes,DSL,Yes,Yes,No,No,Yes,Yes,Month-to-month,No,Electronic check,5150.18
MW-44511-ZXVU,Yes,114.93,Male,0,No,Yes,12,Yes,Yes,Fiber optic,No,No,No,No,Yes,No,Month-to-month,Yes,Electronic check,1364.05
MW-34765-MKBY,No,18.0,Female,0,No,No,16,Yes,No,DSL,No,No,No,No,No,Yes,One year,No,Electronic check,290.88
MW-40618-AGLR,Yes,83.17,Male,0,No,No,59,Yes,Yes,DSL,Yes,No,No,No,No,Yes,Month-to-month,Yes,Electronic check,4896.23
MW-13200-ZNVL,No,89.81,Male,0,No,No,71,Yes,No,No,No internet service,No internet service,No internet service,No internet service,No internet service,No internet service,Month-to-month,Yes,Bank transfer (automatic),6376.41
MW-48774-ZEKF,No,57.62,Female,0,Yes,No,19,Yes,No,DSL,No,No,No,Yes,No,No,Two year,Yes,Bank transfer (automatic),1068.24
MW-73320-GVTS,No,18.0,Male,0,Yes,No,67,No,No phone service,No,No internet service,No internet service,No internet service,No internet service,No internet service,No internet service,Month-to-month,No,Credit card (automatic),1213.55
MW-74550-CYYS,No,55.12,Female,0,Yes,No,66,Yes,Yes,DSL,No,Yes,No,No,No,Yes,Month-to-month,Yes,Bank transfer (automatic),3641.53
MW-29561-KBLC,No,46.57,Male,0,No,Yes,56,Yes,Yes,DSL,Yes,Yes,No,No,No,No,One year,Yes,Bank transfer (automatic),2604.45
MW-54080-RTBG,Yes,109.89,Male,0,No,Yes,10,Yes,Yes,DSL,Yes,Yes,No,No,Yes,No,Month-to-month,Yes,Credit card (automatic),1101.32
MW-17670-RFWK,No,61.34,Male,0,Yes,No,21,Yes,Yes,DSL,No,No,No,No,No,Yes,Month-to-month,No,Mailed check,1302.15
MW-18458-STQR,Yes,51.63,Male,0,No,No,49,No,No phone service,Fiber optic,No,No,No,Yes,No,Yes,One year,No,Bank transfer (automatic),2508.14
MW-94824-PEHX,No,46.4,Male,1,No,Yes,72,Yes,No,No,No internet service,No internet service,No internet service,No internet service,No internet service,No internet service,Month-to-month,Yes,Mailed check,3341.8
MW-73279-JZPV,Yes,73.77,Male,0,No,No,59,Yes,Yes,No,No internet service,No internet service,No internet service,No internet service,No internet service,No internet service,Month-to-month,Yes,Electronic check,4332.85
MW-82049-FEKV,No,65.71,Female,0,No,Yes,30,Yes,No,DSL,No,Yes,No,Yes,No,No,Month-to-month,No,Electronic check,1972.61
MW-44547-SNEA,No,40.3,Male,0,Yes,No,17,Yes,Yes,DSL,No,No,No,Yes,Yes,No,Two year,No,Electronic check,681.22
MW-32693-DSYZ,Yes,71.92,Female,0,Yes,No,70,Yes,No,DSL,Yes,No,Yes,No,Yes,No,Month-to-month,No,Credit card (automatic),5034.03
MW-77059-ULTB,Yes,47.28,Female,0,Yes,No,20,Yes,Yes,Fiber optic,No,Yes,No,No,Yes,Yes,One year,No,Electronic check,958.33
MW-80196-JFZP,No,18.0,Female,0,No,No,24,Yes,Yes,DSL,Yes,Yes,Yes,No,No,No,Month-to-month,Yes,Bank transfer (automatic),444.28
MW-49100-YUTE,No,84.04,Female,0,No,No,70,Yes,Yes,DSL,Yes,Yes,No,No,No,No,One year,Yes,Credit card (automatic),5899.1
MW-69395-BFVY,Yes,81.2,Female,1,No,Yes,41,Yes,No,No,No internet service,No internet service,No internet service,No internet service,No internet service,No internet service,Month-to-month,No,Mailed check,3323.25
MW-57064-SXBX,No,69.99,Male,0,No,No,19,Yes,No,No,No internet service,No internet service,No internet service,No internet service,No internet service,No internet service,Month-to-month,No,Electronic check,1340.36
MW-43371-CEVY,Yes,50.73,Female,0,Yes,No,0,Yes,No,Fiber optic,Yes,No,No,No,No,No,Month-to-month,No,Mailed check,7.6
MW-33510-DJVN,No,61.84,Female,0,Yes,No,31,Yes,Yes,DSL,Yes,No,Yes,Yes,Yes,No,One year,No,Mailed check,1911.47
MW-34880-KLHZ,Yes,88.58,Female,0,No,No,71,Yes,No,Fiber optic,No,Yes,No,No,Yes,Yes,Month-to-month,Yes,Credit card (automatic),6290.94
MW-75198-NGXY,No,45.05,Female,0,No,No,31,Yes,No,DSL,No,No,No,Yes,No,Yes,Month-to-month,No,Bank transfer (automatic),1394.57
MW-88640-BZZY,Yes,89.79,Female,0,No,Yes,51,Yes,Yes,Fiber optic,Yes,No,Yes,No,No,No,Month-to-month,Yes,Bank transfer (automatic),4600.21
MW-24535-DJWK,No,19.75,Male,0,Yes,Yes,18,Yes,No,Fiber optic,No,No,No,Yes,No,No,Month-to-month,Yes,Mailed check,367.65
MW-72543-LELM,No,69.04,Female,0,Yes,No,56,Yes,No,DSL,No,No,Yes,No,Yes,No,One year,No,Bank transfer (automatic),3861.2
MW-16245-KFCR,No,64.77,Male,0,Yes,No,56,Yes,No,No,No internet service,No internet service,No internet service,No internet service,No internet service,No internet service,Month-to-month,Yes,Bank transfer (automatic),3621.04
MW-22928-BWBY,Yes,94.08,Female,0,Yes,Yes,44,Yes,No,Fiber optic,Yes,No,No,No,No,No,Month-to-month,Yes,Electronic check,4153.88
MW-26521-PLWL,No,36.43,Male,0,No,Yes,56,Yes,No,No,No internet service,No internet service,No internet service,No internet service,No internet service,No internet service,Month-to-month,Yes,Electronic check,2060.18
MW-11003-DNMX,Yes,39.71,Female,0,No,No,42,Yes,Yes,DSL,No,Yes,No,Yes,No,Yes,Month-to-month,No,Electronic check,1672.55
MW-81108-NBJH,Yes,22.17,Female,0,Yes,No,27,Yes,No,Fiber optic,Yes,Yes,No,No,No,No,Month-to-month,No,Mailed check,608.47
MW-57853-FEBU,No,47.0,Male,0,Yes,No,53,Yes,No,DSL,No,Yes,Yes,Yes,Yes,No,Month-to-month,No,Credit card (automatic),2510.55
MW-91660-KKLZ,No,71.66,Male,0,No,Yes,60,Yes,No,Fiber optic,No,Yes,No,Yes,No,No,Month-to-month,Yes,Bank transfer (automatic),4296.98
MW-17281-SZQX,No,18.0,Female,0,No,No,61,Yes,No,DSL,No,No,Yes,Yes,Yes,No,Two year,No,Mailed check,1099.25
MW-34811-YNMY,Yes,50.71,Female,0,Yes,Yes,15,Yes,Yes,DSL,No,No,No,No,No,No,Month-to-month,Yes,Credit card (automatic),767.95
MW-26027-TKHK,Yes,82.32,Male,0,No,No,49,Yes,No,Fiber optic,No,No,No,Yes,Yes,No,Two year,Yes,Electronic check,4027.25
MW-24462-GMSS,Yes,60.91,Female,0,Yes,Yes,0,Yes,Yes,Fiber optic,No,Yes,No,No,Yes,Yes,Month-to-month,No,Electronic check,25.49
MW-71592-BBRN,Yes,66.26,Female,0,No,No,41,Yes,Yes,Fiber optic,Yes,Yes,No,No,No,No,Month-to-month,Yes,Credit card (automatic),2710.09
MW-13056-BZZB,Yes,18.82,Male,0,No,No,41,Yes,Yes,Fiber optic,No,No,No,Yes,Yes,No,Month-to-month,No,Credit card (automatic),772.54
MW-51634-ACRY,Yes,61.0,Male,1,No,No,26,Yes,No,Fiber optic,No,No,Yes,No,No,No,Month-to-month,No,Bank transfer (automatic),1614.75
MW-74313-KVFA,No,64.86,Male,0,No,Yes,72,No,No phone service,Fiber optic,No,No,Yes,No,No,No,One year,Yes,Electronic check,4641.99
MW-63299-MLZH,No,59.09,Female,0,Yes,No,64,Yes,Yes,DSL,Yes,No,No,Yes,No,No,Two year,No,Credit card (automatic),3785.0
MW-23622-LEKB,No,68.58,Female,0,No,No,2,Yes,Yes,DSL,Yes,Yes,No,Yes,No,Yes,One year,No,Bank transfer (automatic),127.25
MW-85118-JFKR,No,54.73,Female,0,Yes,No,15,Yes,No,Fiber optic,Yes,No,No,No,No,No,One year,Yes,Bank transfer (automatic),820.95
MW-85090-UHWH,No,50.32,Male,0,Yes,Yes,15,Yes,Yes,DSL,Yes,No,Yes,Yes,No,No,Month-to-month,No,Electronic check,736.71
MW-40400-BGFC,No,32.81,Male,0,Yes,No,65,Yes,Yes,Fiber optic,No,No,No,Yes,No,Yes,Month-to-month,Yes,Mailed check,2127.09
MW-19032-RQHT,No,93.23,Male,1,No,No,37,Yes,No,Fiber optic,No,Yes,Yes,Yes,No,No,Two year,No,Credit card (automatic),3449.88
MW-27046-FZJF,No,27.2,Female,0,Yes,No,53,Yes,No,DSL,No,No,Yes,No,No,Yes,Month-to-month,No,Credit card (automatic),1445.17
MW-38420-TDZS,Yes,68.74,Female,1,Yes,No,59,Yes,Yes,Fiber optic,No,No,No,Yes,Yes,No,Month-to-month,No,Bank transfer (automatic),4069.09
MW-46501-EHZN,No,118.4,Female,0,Yes,No,56,Yes,Yes,Fiber optic,No,No,No,Yes,No,No,Two year,Yes,Mailed check,6595.54
MW-15550-PTGL,No,97.04,Male,1,Yes,No,6,Yes,No,Fiber optic,Yes,No,No,Yes,No,No,Two year,No,Bank transfer (automatic),580.35
MW-55152-LJHL,No,79.28,Female,0,No,Yes,10,Yes,No,No,No internet service,No internet service,No internet service,No internet service,No internet service,No internet service,One year,No,Mailed check,790.18
MW-73878-ULCA,No,71.49,Female,1,No,No,28,Yes,No,DSL,No,No,Yes,Yes,No,No,Month-to-month,Yes,Mailed check,2000.76
MW-46177-AEUQ,No,60.17,Male,0,Yes,No,24,Yes,Yes,DSL,No,No,No,No,No,No,Two year,Yes,Electronic check,1444.56
MW-30876-JAHG,Yes,36.96,Male,0,Yes,No,54,Yes,Yes,DSL,Yes,No,No,No,No,No,Month-to-month,Yes,Electronic check,1983.39
MW-64599-MLEL,Yes,56.39,Female,0,No,Yes,11,Yes,No,Fiber optic,No,No,No,No,No,Yes,Month-to-month,No,Bank transfer (automatic),597.09
MW-56595-CBYX,Yes,81.25,Male,0,No,No,27,Yes,Yes,DSL,No,No,Yes,No,No,Yes,Month-to-month,No,Electronic check,2197.01
MW-11284-ZCSX,Yes,75.69,Female,0,No,No,17,Yes,No,No,No internet service,No internet service,No internet service,No internet service,No internet service,No internet service,Two year,No,Electronic check,1271.82
MW-93240-KZZE,No,87.66,Male,1,Yes,Yes,13,Yes,Yes,DSL,No,No,No,No,No,No,Two year,No,Credit card (automatic),1145.62
MW-77733-WBDC,No,100.59,Female,0,Yes,Yes,12,Yes,Yes,Fiber optic,No,Yes,Yes,No,Yes,Yes,One year,No,Bank transfer (automatic),1193.02
MW-42831-ZWGZ,No,59.25,Male,0,Yes,No,14,Yes,Yes,Fiber optic,No,No,No,Yes,No,No,Month-to-month,No,Electronic check,839.89
MW-43570-DQWY,No,69.76,Male,1,Yes,No,41,Yes,Yes,DSL,Yes,No,No,No,Yes,Yes,Month-to-month,Yes,Electronic check,2859.34
MW-97814-FUSP,No,18.0,Male,0,Yes,No,29,Yes,No,Fiber optic,Yes,Yes,Yes,Yes,No,No,Month-to-month,Yes,Bank transfer (automatic),522.22
MW-25076-VXDM,No,120.0,Male,0,Yes,No,31,Yes,No,Fiber optic,Yes,Yes,No,No,No,No,Two year,Yes,Mailed check,3716.3
MW-29013-FKKT,Yes,51.58,Female,0,No,No,34,Yes,No,Fiber optic,No,Yes,Yes,No,Yes,No,Month-to-month,No,Mailed check,1747.62
MW-86685-QTSJ,No,83.55,Female,0,Yes,No,54,Yes,No,Fiber optic,No,Yes,Yes,No,No,No,Month-to-month,No,Mailed check,4508.21
MW-67782-RMNF,No,51.56,Male,1,Yes,No,62,Yes,Yes,Fiber optic,No,No,No,Yes,No,No,One year,No,Electronic check,3214.44
MW-81459-GCDJ,No,50.87,Male,0,Yes,No,38,No,No phone service,Fiber optic,No,No,No,No,No,Yes,Month-to-month,No,Bank transfer (automatic),1910.04
MW-13607-EMTD,No,56.89,Male,0,No,No,46,Yes,No,Fiber optic,No,No,No,No,Yes,No,Two year,No,Electronic check,2607.22
MW-36917-FDVC,No,26.65,Female,0,No,No,53,Yes,Yes,Fiber optic,No,No,No,Yes,Yes,No,Month-to-month,No,Mailed check,1428.3
MW-56612-YXKS,No,18.0,Female,0,Yes,Yes,50,Yes,No,Fiber optic,Yes,Yes,No,No,No,No,Two year,Yes,Electronic check,912.3
MW-89051-EDRR,Yes,98.79,Female,0,No,No,9,Yes,No,DSL,Yes,Yes,Yes,No,No,No,Month-to-month,Yes,Electronic check,909.26
MW-38801-HMNP,Yes,80.37,Female,0,Yes,No,71,Yes,Yes,Fiber optic,No,Yes,Yes,No,No,No,Month-to-month,No,Electronic check,5705.38
MW-84023-GVQM,Yes,36.52,Female,0,No,No,12,No,No phone service,DSL,No,No,Yes,No,No,No,Month-to-month,No,Credit card (automatic),418.47
MW-17358-NGJU,No,77.56,Female,0,No,Yes,30,Yes,Yes,No,No internet service,No internet service,No internet service,No internet service,No internet service,No internet service,Month-to-month,Yes,Electronic check,2310.18
MW-60308-DDEY,Yes,88.72,Male,1,No,No,47,Yes,No,DSL,No,No,Yes,No,No,No,One year,Yes,Electronic check,4165.36
MW-35835-VYHJ,No,43.21,Male,1,Yes,No,29,Yes,Yes,Fiber optic,Yes,Yes,Yes,No,No,No,Month-to-month,Yes,Electronic check,1264.5
MW-24801-GUUY,Yes,76.36,Male,0,No,Yes,17,Yes,No,DSL,No,No,No,No,Yes,No,Month-to-month,Yes,Bank transfer (automatic),1294.3
MW-60937-GYYC,No,94.2,Male,0,No,Yes,67,Yes,Yes,DSL,Yes,Yes,No,No,Yes,No,One year,No,Mailed check,6306.42
MW-79376-JEZM,No,20.85,Male,0,Yes,No,5,No,No phone service,DSL,Yes,No,Yes,No,No,No,Month-to-month,Yes,Credit card (automatic),110.2
MW-82340-APEJ,No,80.0,Female,1,No,No,17,Yes,Yes,Fiber optic,No,No,Yes,No,No,Yes,One year,No,Bank transfer (automatic),1360.42
MW-27206-PBXL,No,74.93,Male,1,No,Yes,72,No,No phone service,DSL,No,No,No,No,No,Yes,One year,Yes,Bank transfer (automatic),5388.35
MW-12091-RGUL,No,120.0,Female,0,No,No,53,Yes,Yes,DSL,No,No,Yes,Yes,Yes,No,Month-to-month,No,Bank transfer (automatic),6344.98
MW-87253-NGEL,Yes,80.71,Female,1,No,No,6,Yes,Yes,DSL,No,Yes,Yes,No,Yes,No,One year,No,Electronic check,498.46
MW-62723-HQQJ,No,51.67,Male,0,No,No,55,Yes,Yes,DSL,No,No,Yes,No,Yes,Yes,Month-to-month,Yes,Credit card (automatic),2857.57
MW-99410-DFGK,No,55.14,Male,0,No,No,70,Yes,No,No,No internet service,No internet service,No internet service,No internet service,No internet service,No internet service,Month-to-month,No,Credit card (automatic),3843.93
MW-96951-UGTB,Yes,120.0,Female,1,No,No,7,Yes,No,Fiber optic,No,No,No,No,No,No,Month-to-month,No,Electronic check,833.96
MW-42258-RRVR,No,53.35,Female,0,No,No,30,Yes,No,Fiber optic,Yes,No,Yes,No,No,Yes,Two year,Yes,Bank transfer (automatic),1610.5
MW-63626-HHVZ,No,81.58,Female,0,Yes,No,34,Yes,Yes,Fiber optic,No,No,No,Yes,No,No,One year,Yes,Electronic check,2756.66
MW-46434-NUZX,No,56.85,Male,0,Yes,No,9,Yes,Yes,Fiber optic,No,Yes,Yes,No,No,Yes,Month-to-month,No,Bank transfer (automatic),517.13
MW-42445-AMQN,No,96.44,Male,0,Yes,Yes,14,Yes,Yes,No,No internet service,No internet service,No internet service,No internet service,No internet service,No internet service,Two year,Yes,Credit card (automatic),1345.26
MW-60268-QSFQ,No,97.92,Female,1,No,Yes,12,Yes,No,DSL,No,Yes,No,No,Yes,Yes,Month-to-month,Yes,Credit card (automatic),1156.79
MW-15740-SSQL,No,63.32,Female,0,Yes,Yes,13,Yes,No,No,No internet service,No internet service,No internet service,No internet service,No internet service,No internet service,Two year,Yes,Electronic check,849.82
MW-14906-JDUV,No,51.8,Male,0,Yes,Yes,29,Yes,Yes,Fiber optic,Yes,No,No,No,No,Yes,One year,No,Bank transfer (automatic),1497.08
MW-71702-ZKFQ,No,51.08,Male,0,Yes,No,33,Yes,No,Fiber optic,No,No,No,Yes,No,No,Two year,Yes,Bank transfer (automatic),1693.5
MW-58554-QJJM,No,18.0,Male,1,No,No,17,Yes,No,No,No internet service,No internet service,No internet service,No internet service,No internet service,No internet service,Two year,No,Electronic check,289.18
MW-88764-LRTP,No,67.02,Male,0,No,No,21,Yes,Yes,DSL,No,No,No,No,Yes,Yes,Two year,Yes,Bank transfer (automatic),1430.71
MW-68460-SDHF,No,66.41,Male,0,Yes,No,14,Yes,Yes,No,No internet service,No internet service,No internet service,No internet service,No internet service,No internet service,Month-to-month,No,Bank transfer (automatic),958.95
MW-93519-VEWP,No,39.52,Male,0,No,No,58,Yes,No,No,No internet service,No internet service,No internet service,No internet service,No internet service,No internet service,Two year,Yes,Bank transfer (automatic),2269.63
MW-39544-EKBF,No,18.0,Male,0,No,Yes,15,Yes,Yes,DSL,No,Yes,No,No,No,Yes,Two year,Yes,Credit card (automatic),267.53
MW-75308-QBNU,No,70.19,Male,0,Yes,No,66,Yes,Yes,DSL,No,Yes,No,Yes,No,Yes,One year,Yes,Electronic check,4652.46
MW-59542-FBQK,No,73.98,Female,0,Yes,Yes,39,Yes,Yes,No,No internet service,No internet service,No internet service,No internet service,No internet service,No internet service,Month-to-month,No,Electronic check,2878.19
MW-12356-KLQL,No,75.84,Male,0,Yes,Yes,58,Yes,Yes,DSL,Yes,No,No,No,Yes,No,Two year,Yes,Electronic check,4404.86
MW-88211-HDZT,No,34.3,Female,0,Yes,No,46,Yes,Yes,Fiber optic,Yes,No,No,Yes,Yes,No,Month-to-month,Yes,Electronic check,1552.59
MW-19728-RFAR,No,75.9,Female,0,Yes,No,19,Yes,No,DSL,No,Yes,No,No,No,No,Month-to-month,No,Mailed check,1430.28
MW-79550-XKCN,No,58.64,Female,1,Yes,No,43,Yes,No,DSL,No,No,Yes,No,No,Yes,Month-to-month,Yes,Credit card (automatic),2526.1
MW-48719-ZLJY,Yes,89.93,Female,0,No,No,20,Yes,No,Fiber optic,No,No,No,No,No,Yes,Month-to-month,Yes,Mailed check,1789.76
MW-91733-FJFD,No,34.76,Male,0,No,No,8,Yes,No,Fiber optic,Yes,Yes,No,No,No,Yes,One year,Yes,Bank transfer (automatic),272.67
MW-47846-XJVM,Yes,98.51,Male,0,Yes,Yes,18,Yes,Yes,Fiber optic,Yes,No,No,Yes,No,Yes,Month-to-month,Yes,Mailed check,1750.45
MW-81950-TBPY,No,109.3,Male,0,Yes,No,20,Yes,No,Fiber optic,Yes,Yes,No,Yes,Yes,No,One year,No,Electronic check,2195.81
MW-24488-ZEUY,No,67.48,Male,0,Yes,Yes,9,No,No phone service,DSL,No,Yes,No,No,Yes,No,Two year,No,Credit card (automatic),587.23
MW-68643-TKDP,No,76.11,Female,1,Yes,Yes,1,Yes,No,Fiber optic,Yes,Yes,Yes,Yes,Yes,No,Month-to-month,Yes,Bank transfer (automatic),99.22
MW-64711-ASKB,No,87.52,Female,0,Yes,No,68,Yes,Yes,DSL,Yes,Yes,No,No,No,Yes,One year,Yes,Mailed check,5941.12
MW-59511-SKNG,No,33.23,Female,1,Yes,No,37,Yes,No,DSL,No,No,No,No,Yes,Yes,Month-to-month,Yes,Credit card (automatic),1241.52
MW-33250-LEES,No,49.41,Male,0,Yes,No,29,No,No phone service,DSL,No,Yes,No,Yes,No,No,Two year,Yes,Mailed check,1443.42
MW-73954-VDDP,No,69.53,Female,0,No,Yes,67,Yes,No,Fiber optic,No,Yes,No,Yes,Yes,Yes,Two year,Yes,Electronic check,4643.73
MW-46582-PKZZ,No,120.0,Male,0,No,No,16,Yes,No,DSL,No,Yes,No,No,No,No,Month-to-month,Yes,Mailed check,1911.36
MW-46255-RXLA,No,28.12,Female,0,Yes,No,29,Yes,Yes,DSL,Yes,No,No,No,Yes,No,One year,No,Bank transfer (automatic),808.62
MW-99139-CVDE,Yes,113.13,Male,1,Yes,No,61,No,No phone service,Fiber optic,No,No,Yes,Yes,Yes,Yes,Month-to-month,Yes,Mailed check,6895.09
MW-71887-SMFV,No,58.2,Male,0,Yes,Yes,46,Yes,Yes,DSL,Yes,Yes,No,No,Yes,Yes,Month-to-month,Yes,Credit card (automatic),2657.73
MW-90453-TGET,Yes,62.97,Female,1,Yes,No,29,Yes,No,No,No internet service,No internet service,No internet service,No internet service,No internet service,No internet service,One year,Yes,Bank transfer (automatic),1834.14
MW-94977-FFXW,Yes,100.54,Male,0,Yes,No,18,Yes,Yes,Fiber optic,Yes,Yes,No,Yes,No,Yes,Month-to-month,No,Mailed check,1799.39
MW-34611-ZLTE,No,120.0,Female,0,Yes,No,2,Yes,Yes,DSL,Yes,Yes,Yes,No,No,Yes,One year,Yes,Credit card (automatic),238.29
MW-11136-ZBWQ,No,76.69,Female,0,No,No,6,Yes,No,No,No internet service,No internet service,No internet service,No internet service,No internet service,No internet service,Month-to-month,Yes,Mailed check,475.24
MW-60125-YSES,Yes,98.94,Male,0,No,No,11,Yes,No,Fiber optic,Yes,No,No,Yes,No,Yes,Month-to-month,No,Mailed check,1096.92
MW-69086-TMQK,No,36.39,Male,0,No,Yes,57,Yes,Yes,No,No internet service,No internet service,No internet service,No internet service,No internet service,No internet service,Two year,Yes,Electronic check,2064.91
MW-82375-GQNA,No,48.12,Female,1,No,No,46,Yes,No,Fiber optic,No,No,Yes,No,Yes,No,Month-to-month,Yes,Mailed check,2229.13
MW-90017-UFBG,No,23.43,Male,1,No,Yes,31,Yes,No,Fiber optic,Yes,No,No,No,No,No,One year,Yes,Mailed check,736.31
MW-54282-XULL,Yes,48.53,Female,0,Yes,No,57,Yes,No,Fiber optic,No,Yes,Yes,Yes,Yes,Yes,Month-to-month,Yes,Electronic check,2755.62
MW-85416-LBJX,Yes,80.96,Female,0,Yes,No,11,Yes,No,Fiber optic,No,No,No,No,No,No,Two year,Yes,Bank transfer (automatic),882.85
MW-47740-RKZB,No,70.36,Female,0,No,Yes,15,Yes,Yes,Fiber optic,Yes,Yes,Yes,No,No,No,One year,No,Electronic check,1070.41
MW-89850-WLNY,Yes,115.81,Male,0,No,No,28,Yes,No,DSL,No,Yes,No,No,No,No,Month-to-month,Yes,Electronic check,3254.36
MW-82381-YVNQ,No,120.0,Female,0,No,No,66,Yes,No,DSL,No,No,No,No,No,No,Month-to-month,Yes,Bank transfer (automatic),7897.46
MW-12020-XUHN,Yes,59.9,Male,0,Yes,No,44,Yes,No,DSL,No,No,Yes,Yes,No,Yes,Month-to-month,Yes,Electronic check,2620.52
MW-95880-VVHW,No,43.61,Male,0,No,No,62,No,No phone service,Fiber optic,No,No,Yes,No,No,No,Two year,Yes,Bank transfer (automatic),2714.25
MW-19383-PJML,Yes,98.8,Male,1,No,No,18,No,No phone service,DSL,Yes,Yes,No,No,No,No,Month-to-month,No,Bank transfer (automatic),1760.78
MW-24285-BFDS,No,101.93,Male,0,Yes,Yes,61,Yes,Yes,No,No internet service,No internet service,No internet service,No internet service,No internet service,No internet service,Month-to-month,Yes,Electronic check,6229.8
MW-44675-LDQM,Yes,77.24,Male,0,Yes,No,5,Yes,Yes,DSL,Yes,No,Yes,No,No,No,One year,Yes,Electronic check,415.24
MW-16353-SZZM,No,85.17,Male,0,No,No,16,Yes,Yes,Fiber optic,No,No,No,No,No,No,Month-to-month,No,Mailed check,1368.32
MW-30763-ABDA,No,80.47,Male,0,No,No,38,Yes,No,DSL,No,No,Yes,No,No,No,Month-to-month,Yes,Electronic check,3044.02
MW-48891-RYUS,Yes,34.34,Male,0,No,No,3,Yes,Yes,Fiber optic,No,No,No,Yes,No,No,Month-to-month,No,Mailed check,105.67
MW-31428-HTNJ,Yes,27.44,Male,0,No,No,62,Yes,Yes,No,No internet service,No internet service,No internet service,No internet service,No internet service,No internet service,Month-to-month,Yes,Bank transfer (automatic),1716.8
MW-48240-BNLP,No,62.47,Female,1,No,Yes,63,Yes,No,Fiber optic,No,Yes,Yes,No,No,Yes,One year,Yes,Bank transfer (automatic),3937.09
MW-88091-MUXN,No,57.97,Female,0,Yes,No,39,No,No phone service,Fiber optic,No,No,No,No,No,Yes,Two year,No,Mailed check,2268.09
MW-97280-JHXN,No,72.31,Male,0,Yes,No,22,Yes,Yes,Fiber optic,Yes,No,Yes,Yes,No,Yes,Two year,Yes,Credit card (automatic),1578.83
MW-16169-ZSPB,No,60.06,Female,0,No,Yes,7,No,No phone service,DSL,No,No,No,No,No,No,Two year,No,Electronic check,409.56
MW-39761-TMCJ,Yes,18.0,Female,1,Yes,No,45,No,No phone service,Fiber optic,Yes,Yes,No,Yes,No,No,Month-to-month,Yes,Credit card (automatic),823.59
MW-65628-LXRK,Yes,18.0,Female,0,No,No,39,Yes,No,Fiber optic,No,No,No,No,No,No,Month-to-month,Yes,Credit card (automatic),691.32
MW-27717-ZRZL,No,86.12,Male,1,Yes,No,55,Yes,Yes,DSL,No,No,No,No,No,No,One year,Yes,Mailed check,4697.81
MW-10718-WVTY,No,44.12,Male,0,Yes,No,43,Yes,Yes,Fiber optic,No,No,No,Yes,No,No,Two year,Yes,Electronic check,1892.57
MW-25879-PCKA,Yes,57.04,Female,0,Yes,No,9,Yes,Yes,Fiber optic,Yes,No,No,Yes,No,No,One year,Yes,Electronic check,518.07
MW-42782-GSDR,Yes,47.26,Male,1,No,No,8,Yes,No,DSL,No,No,No,Yes,No,No,Month-to-month,Yes,Credit card (automatic),393.96
MW-83078-RPSL,Yes,36.61,Male,0,No,Yes,57,Yes,Yes,DSL,Yes,No,No,No,No,Yes,One year,No,Electronic check,2111.46
MW-83306-RTQS,No,35.8,Female,0,Yes,No,11,Yes,No,Fiber optic,No,No,No,No,No,Yes,One year,Yes,Credit card (automatic),395.07
MW-90704-UKXH,No,94.6,Female,0,Yes,Yes,68,Yes,Yes,Fiber optic,No,No,No,No,No,No,Two year,Yes,Mailed check,6442.68
MW-29577-BZWK,Yes,56.83,Female,0,Yes,No,7,Yes,No,Fiber optic,Yes,No,No,No,Yes,Yes,One year,Yes,Mailed check,399.62
MW-62937-FFPZ,Yes,83.04,Female,1,No,Yes,53,Yes,No,Fiber optic,Yes,No,No,No,No,Yes,Month-to-month,Yes,Bank transfer (automatic),4406.43
MW-22529-HSJP,Yes,87.07,Male,0,Yes,No,71,No,No phone service,DSL,No,Yes,No,No,No,No,Month-to-month,Yes,Electronic check,6179.17
MW-89065-RUTF,Yes,73.5,Female,0,Yes,No,32,Yes,Yes,DSL,No,No,Yes,No,No,No,Month-to-month,No,Mailed check,2357.8
MW-12260-CPKG,No,88.06,Female,0,Yes,No,4,No,No phone service,DSL,No,No,Yes,Yes,Yes,Yes,Month-to-month,Yes,Credit card (automatic),341.29
MW-72504-EWCD,No,64.43,Male,1,Yes,Yes,63,Yes,Yes,DSL,No,Yes,No,No,No,No,Two year,Yes,Electronic check,4088.79
MW-44790-JFBF,No,104.91,Female,1,Yes,Yes,13,No,No phone service,DSL,No,Yes,No,No,No,No,Month-to-month,No,Credit card (automatic),1327.96
MW-76762-JLND,No,88.7,Female,0,No,No,38,Yes,No,DSL,No,No,Yes,No,No,No,Month-to-month,No,Credit card (automatic),3379.16
MW-10750-ZPKT,Yes,92.69,Male,0,No,No,71,Yes,Yes,Fiber optic,No,No,Yes,No,Yes,No,Month-to-month,Yes,Electronic check,6585.78
MW-86513-YANX,No,35.84,Female,0,Yes,Yes,54,Yes,No,Fiber optic,Yes,Yes,Yes,No,Yes,No,One year,No,Bank transfer (automatic),1940.93
MW-39418-FWQB,Yes,71.9,Male,1,Yes,No,3,Yes,Yes,DSL,No,No,No,No,No,Yes,Month-to-month,Yes,Electronic check,197.96
MW-65257-WBTP,No,18.0,Female,0,Yes,No,59,Yes,No,Fiber optic,No,No,Yes,No,No,Yes,Month-to-month,Yes,Bank transfer (automatic),1036.83
MW-94551-VHCM,No,106.03,Female,1,Yes,No,11,Yes,Yes,DSL,No,No,No,No,Yes,Yes,Two year,No,Credit card (automatic),1175.42
MW-46349-TPCR,Yes,45.3,Male,0,Yes,No,54,Yes,No,Fiber optic,No,No,Yes,Yes,Yes,Yes,Month-to-month,Yes,Credit card (automatic),2466.32
MW-95358-KTYW,Yes,49.46,Male,0,Yes,No,45,Yes,No,No,No internet service,No internet service,No internet service,No internet service,No internet service,No internet service,Month-to-month,No,Credit card (automatic),2229.0
MW-61299-ZQTC,No,22.98,Male,0,Yes,Yes,21,Yes,Yes,Fiber optic,No,No,Yes,No,Yes,Yes,Month-to-month,Yes,Electronic check,494.66
MW-20830-EDTQ,No,62.91,Male,0,Yes,No,30,No,No phone service,DSL,No,Yes,No,No,No,No,One year,Yes,Bank transfer (automatic),1880.43
MW-95728-YTWU,Yes,55.95,Female,0,Yes,No,8,Yes,No,DSL,No,No,No,No,Yes,Yes,One year,Yes,Electronic check,452.57
MW-22873-RNDQ,No,118.68,Female,1,No,No,72,Yes,Yes,Fiber optic,No,No,No,No,No,No,Two year,No,Credit card (automatic),8563.34
MW-86919-NZXJ,No,89.78,Male,0,No,Yes,17,Yes,Yes,DSL,No,No,Yes,No,Yes,No,Month-to-month,No,Electronic check,1521.56
MW-78473-EFMZ,No,48.56,Female,0,Yes,Yes,22,Yes,Yes,No,No internet service,No internet service,No internet service,No internet service,No internet service,No internet service,Two year,No,Electronic check,1086.11
MW-61250-WYFA,No,18.0,Female,0,No,No,36,Yes,Yes,Fiber optic,No,No,Yes,No,No,No,One year,Yes,Electronic check,623.48
MW-32448-SKMT,No,18.0,Male,0,Yes,No,49,Yes,Yes,DSL,Yes,No,No,No,No,No,Month-to-month,Yes,Electronic check,872.8
MW-26399-ZEQA,No,33.21,Female,0,Yes,Yes,36,Yes,Yes,Fiber optic,Yes,No,No,No,Yes,Yes,Month-to-month,No,Electronic check,1203.75
MW-24263-NAVP,Yes,24.06,Male,0,No,No,36,Yes,Yes,Fiber optic,No,Yes,No,Yes,No,No,Month-to-month,Yes,Electronic check,894.7
MW-71645-GFRG,No,74.46,Male,0,Yes,Yes,42,Yes,Yes,Fiber optic,No,No,No,No,No,Yes,Two year,No,Credit card (automatic),3127.53
MW-79447-KAJT,Yes,59.65,Male,1,No,Yes,62,Yes,No,No,No internet service,No internet service,No internet service,No internet service,No internet service,No internet service,Month-to-month,Yes,Credit card (automatic),3682.79
MW-18939-BWGT,No,64.52,Male,0,Yes,No,28,Yes,No,No,No internet service,No internet service,No internet service,No internet service,No internet service,No internet service,Month-to-month,Yes,Electronic check,1834.76
MW-77988-DDWY,No,35.53,Female,0,Yes,Yes,60,Yes,No,DSL,Yes,No,No,No,Yes,No,One year,No,Credit card (automatic),2129.91
MW-83504-GZVG,No,68.56,Male,0,No,No,57,Yes,No,DSL,Yes,No,No,No,No,No,Two year,Yes,Mailed check,3917.89
MW-75474-VZHL,No,21.39,Female,0,No,No,70,Yes,No,DSL,No,No,No,Yes,Yes,Yes,One year,Yes,Credit card (automatic),1492.28
MW-96891-GBYP,No,61.35,Male,1,No,No,66,Yes,No,Fiber optic,No,No,Yes,No,No,No,One year,Yes,Electronic check,4051.23
MW-72592-ENUW,Yes,88.91,Female,0,Yes,Yes,58,Yes,Yes,Fiber optic,No,No,Yes,Yes,No,No,Month-to-month,Yes,Bank transfer (automatic),5148.35
MW-63000-UJYU,No,53.04,Female,0,No,No,18,Yes,No,DSL,Yes,Yes,Yes,No,No,Yes,Two year,No,Mailed check,988.58
MW-29120-LUZA,No,77.31,Male,0,Yes,No,56,Yes,No,No,No internet service,No internet service,No internet service,No internet service,No internet service,No internet service,Month-to-month,No,Electronic check,4347.23
MW-65458-QSWM,No,18.0,Male,0,No,No,53,Yes,No,DSL,No,No,Yes,Yes,No,No,Month-to-month,No,Bank transfer (automatic),980.52
MW-81635-JEKL,No,18.0,Male,0,Yes,Yes,21,Yes,Yes,No,No internet service,No internet service,No internet service,No internet service,No internet service,No internet service,Two year,No,Bank transfer (automatic),366.17
MW-72758-VWNS,Yes,73.82,Female,0,No,Yes,49,Yes,Yes,No,No internet service,No internet service,No internet service,No internet service,No internet service,No internet service,Month-to-month,Yes,Bank transfer (automatic),3589.8
MW-97473-TRUB,No,95.41,Female,0,No,Yes,18,Yes,Yes,DSL,No,No,Yes,Yes,Yes,Yes,Month-to-month,Yes,Mailed check,1712.99
MW-15638-MSNU,No,56.85,Male,0,Yes,No,38,Yes,No,DSL,Yes,No,No,Yes,No,No,One year,Yes,Mailed check,2198.05
MW-85391-HYCV,Yes,120.0,Female,0,Yes,No,58,Yes,Yes,DSL,No,No,Yes,No,No,No,Month-to-month,Yes,Bank transfer (automatic),6955.17
MW-69671-TBFY,Yes,20.7,Male,0,No,No,13,No,No phone service,No,No internet service,No internet service,No internet service,No internet service,No internet service,No internet service,Month-to-month,No,Electronic check,284.88
MW-83971-SVWA,No,43.6,Female,0,Yes,No,24,Yes,Yes,Fiber optic,No,Yes,No,No,No,Yes,One year,Yes,Electronic check,1031.03
MW-74829-WTFH,No,68.2,Male,0,Yes,No,58,Yes,No,No,No internet service,No internet service,No internet service,No internet service,No internet service,No internet service,One year,No,Mailed check,3943.16
MW-46217-KQGG,No,77.93,Female,0,No,No,33,Yes,No,Fiber optic,No,Yes,No,No,No,No,Two year,Yes,Electronic check,2570.49
MW-84701-NTLE,No,46.48,Male,0,No,Yes,70,Yes,No,Fiber optic,Yes,Yes,Yes,Yes,Yes,No,Month-to-month,No,Mailed check,3285.25
MW-99213-CWMB,No,32.22,Male,0,No,No,0,Yes,Yes,No,No internet service,No internet service,No internet service,No internet service,No internet service,No internet service,One year,Yes,Electronic check,16.5
MW-87038-JAED,No,82.61,Female,0,No,No,52,Yes,No,Fiber optic,No,No,No,Yes,Yes,No,Two year,No,Bank transfer (automatic),4264.92
MW-13224-YKER,No,68.0,Male,1,No,No,59,No,No phone service,Fiber optic,Yes,No,No,No,No,No,Month-to-month,Yes,Bank transfer (automatic),4022.0
MW-33830-ZMEM,No,53.66,Male,0,No,Yes,67,Yes,Yes,Fiber optic,Yes,No,No,No,Yes,Yes,Month-to-month,Yes,Credit card (automatic),3577.99
MW-68497-QWDP,Yes,78.96,Female,0,No,Yes,11,Yes,No,DSL,No,Yes,No,Yes,No,No,Month-to-month,Yes,Bank transfer (automatic),858.34
MW-69015-BNAL,No,59.91,Male,0,Yes,Yes,71,Yes,No,DSL,No,Yes,No,Yes,No,Yes,Month-to-month,Yes,Mailed check,4261.27
MW-12065-MZEF,No,59.81,Male,1,Yes,No,28,Yes,No,DSL,Yes,No,Yes,No,No,No,Month-to-month,Yes,Credit card (automatic),1695.66
MW-37105-PDBM,No,58.7,Female,0,No,No,25,Yes,Yes,Fiber optic,No,Yes,No,Yes,No,No,One year,No,Bank transfer (automatic),1487.74
MW-55974-FSCA,No,39.37,Male,0,No,Yes,25,Yes,Yes,Fiber optic,No,Yes,No,No,Yes,No,Two year,No,Mailed check,989.22
MW-24008-FWPG,No,36.32,Male,0,Yes,No,46,Yes,No,Fiber optic,No,Yes,No,Yes,No,No,Month-to-month,Yes,Electronic check,1675.9
MW-67064-QRLE,No,48.23,Female,0,Yes,No,48,Yes,Yes,DSL,Yes,Yes,No,Yes,No,No,One year,Yes,Bank transfer (automatic),2335.23
MW-22035-JWSJ,Yes,64.96,Female,0,No,No,34,Yes,Yes,Fiber optic,Yes,No,Yes,No,No,No,Month-to-month,Yes,Bank transfer (automatic),2185.01
MW-58779-XEEA,Yes,18.0,Female,0,Yes,No,5,Yes,No,No,No internet service,No internet service,No internet service,No internet service,No internet service,No internet service,Month-to-month,Yes,Bank transfer (automatic),117.41
MW-97510-CHBK,No,92.34,Male,1,No,No,72,Yes,Yes,Fiber optic,No,Yes,No,No,No,No,One year,Yes,Credit card (automatic),6637.44
MW-27850-BAPP,Yes,64.55,Female,0,No,No,16,Yes,Yes,No,No internet service,No internet service,No internet service,No internet service,No internet service,No internet service,Month-to-month,Yes,Credit card (automatic),1036.71
MW-72339-VLWM,No,32.05,Male,0,Yes,No,6,Yes,Yes,DSL,No,Yes,Yes,Yes,No,Yes,Two year,Yes,Credit card (automatic),184.86
MW-48885-GDMK,No,112.5,Male,1,No,No,43,Yes,No,DSL,No,Yes,No,No,Yes,No,Month-to-month,No,Bank transfer (automatic),4820.16
MW-33175-NZBJ,No,65.25,Male,0,No,No,30,Yes,Yes,Fiber optic,No,No,No,No,No,Yes,Month-to-month,Yes,Credit card (automatic),1964.42
MW-87593-DVNC,Yes,23.95,Male,1,Yes,Yes,44,No,No phone service,DSL,No,No,No,No,No,Yes,Month-to-month,Yes,Credit card (automatic),1057.35
MW-79279-VCUZ,Yes,111.15,Female,0,Yes,No,63,Yes,Yes,Fiber optic,Yes,No,No,No,No,No,Month-to-month,Yes,Electronic check,7000.87
MW-60068-NRAR,No,104.65,Female,0,Yes,Yes,7,Yes,Yes,No,No internet service,No internet service,No internet service,No internet service,No internet service,No internet service,Two year,No,Bank transfer (automatic),730.26
MW-43789-DLNU,Yes,36.74,Female,0,No,No,20,Yes,Yes,DSL,Yes,No,No,No,Yes,No,One year,No,Electronic check,757.69
MW-34497-UYUB,Yes,54.31,Male,0,Yes,No,37,Yes,No,No,No internet service,No internet service,No internet service,No internet service,No internet service,No internet service,Month-to-month,Yes,Electronic check,2042.36
MW-47937-SEYW,No,50.27,Male,1,No,Yes,57,No,No phone service,DSL,Yes,No,Yes,Yes,No,No,Month-to-month,No,Electronic check,2884.18
MW-61235-HBXJ,No,18.0,Male,1,No,Yes,43,Yes,No,Fiber optic,No,Yes,No,Yes,No,Yes,One year,Yes,Mailed check,778.16
MW-37016-WBGK,No,73.74,Female,0,No,Yes,27,Yes,Yes,Fiber optic,No,No,Yes,Yes,No,No,One year,No,Electronic check,1966.42
MW-43829-DLYE,No,89.35,Female,0,No,No,44,Yes,Yes,Fiber optic,No,Yes,No,No,Yes,Yes,Month-to-month,Yes,Electronic check,3940.81
MW-27445-LBRL,No,83.71,Female,0,No,No,71,Yes,Yes,DSL,Yes,Yes,Yes,Yes,No,No,Month-to-month,Yes,Electronic check,5953.48
MW-41178-NNRT,No,64.98,Female,0,No,No,35,Yes,Yes,No,No internet service,No internet service,No internet service,No internet service,No internet service,No internet service,Month-to-month,Yes,Bank transfer (automatic),2285.87
MW-34732-ZTWB,No,92.26,Female,0,No,No,64,Yes,Yes,No,No internet service,No internet service,No internet service,No internet service,No internet service,No internet service,Month-to-month,Yes,Credit card (automatic),5887.53
MW-74324-CLDW,No,29.94,Female,0,No,No,56,No,No phone service,Fiber optic,Yes,No,No,Yes,No,No,Month-to-month,Yes,Credit card (automatic),1689.39
MW-51407-WQMW,Yes,118.55,Male,1,Yes,Yes,21,Yes,No,Fiber optic,Yes,Yes,No,No,No,No,Month-to-month,No,Mailed check,2512.97
MW-76256-PYVJ,Yes,40.84,Female,0,Yes,No,18,Yes,Yes,Fiber optic,Yes,Yes,No,No,No,No,Month-to-month,Yes,Electronic check,720.38
MW-91518-RDBC,Yes,44.17,Male,0,No,No,56,Yes,No,Fiber optic,No,Yes,No,No,No,No,Month-to-month,Yes,Credit card (automatic),2483.79
MW-20169-ZDES,No,46.74,Female,0,No,No,15,Yes,Yes,Fiber optic,No,No,Yes,No,No,No,Month-to-month,Yes,Electronic check,688.92
MW-86915-ECSY,No,44.56,Female,0,No,No,24,Yes,Yes,Fiber optic,Yes,No,Yes,No,No,No,Two year,Yes,Credit card (automatic),1067.88
MW-74033-DRNY,No,58.22,Male,0,Yes,No,17,Yes,Yes,No,No internet service,No internet service,No internet service,No internet service,No internet service,No internet service,One year,Yes,Bank transfer (automatic),975.51
MW-57705-YPXE,No,57.06,Male,1,Yes,No,44,No,No phone service,Fiber optic,No,No,No,No,No,Yes,Month-to-month,Yes,Mailed check,2505.38
MW-36045-QEAU,No,67.89,Female,0,Yes,Yes,21,Yes,Yes,DSL,Yes,No,Yes,Yes,No,Yes,Month-to-month,Yes,Electronic check,1420.55
MW-90723-PAVX,No,39.44,Female,0,No,No,48,Yes,No,No,No internet service,No internet service,No internet service,No internet service,No internet service,No internet service,Month-to-month,Yes,Electronic check,1899.3
MW-89694-KAHQ,No,69.0,Female,0,No,No,68,Yes,Yes,DSL,Yes,Yes,No,Yes,No,No,Two year,No,Bank transfer (automatic),4705.36
MW-82145-BKFQ,No,31.29,Female,0,No,No,60,Yes,No,DSL,No,No,No,No,No,No,One year,No,Mailed check,1895.64
MW-93581-EUHC,Yes,85.97,Male,0,No,Yes,69,Yes,Yes,No,No internet service,No internet service,No internet service,No internet service,No internet service,No internet service,Month-to-month,No,Credit card (automatic),5922.15
MW-26434-GYVQ,No,85.6,Male,0,No,Yes,1,Yes,No,DSL,No,No,Yes,Yes,No,No,Two year,Yes,Bank transfer (automatic),91.0
MW-44074-EKMZ,No,63.83,Female,0,Yes,Yes,33,Yes,Yes,DSL,No,Yes,No,Yes,No,No,Two year,Yes,Mailed check,2089.92
MW-88051-HVGD,No,44.51,Male,0,No,No,16,Yes,Yes,Fiber optic,Yes,Yes,Yes,No,No,Yes,Two year,Yes,Electronic check,710.5
MW-64519-UCUY,No,73.33,Male,0,Yes,No,67,Yes,No,No,No internet service,No internet service,No internet service,No internet service,No internet service,No internet service,Month-to-month,No,Mailed check,4913.75
MW-94103-DQDM,Yes,37.37,Male,0,No,Yes,51,Yes,Yes,DSL,Yes,Yes,Yes,No,No,Yes,Month-to-month,Yes,Electronic check,1892.03
MW-60813-MBEP,No,65.04,Male,0,Yes,No,23,Yes,Yes,Fiber optic,No,No,Yes,Yes,Yes,No,One year,No,Bank transfer (automatic),1504.31
MW-89563-WGWE,No,59.45,Female,0,Yes,No,41,No,No phone service,DSL,No,No,No,No,Yes,No,Month-to-month,Yes,Bank transfer (automatic),2435.11
MW-20263-AKAA,No,120.0,Male,0,Yes,No,44,Yes,No,Fiber optic,No,No,Yes,No,No,No,One year,Yes,Credit card (automatic),5282.32
MW-35386-HQZQ,No,27.19,Female,0,No,No,36,No,No phone service,DSL,No,No,Yes,No,No,Yes,One year,No,Mailed check,997.21
MW-38665-SSNA,Yes,18.0,Male,0,No,No,34,No,No phone service,DSL,No,No,No,Yes,No,No,Month-to-month,No,Electronic check,605.58
MW-30256-JEPU,No,44.87,Female,1,No,No,4,Yes,No,No,No internet service,No internet service,No internet service,No internet service,No internet service,No internet service,Month-to-month,No,Credit card (automatic),192.23
MW-36505-LPRA,Yes,18.0,Female,0,Yes,No,33,Yes,Yes,Fiber optic,No,No,Yes,No,No,Yes,Month-to-month,No,Bank transfer (automatic),615.64
MW-78619-TTZK,No,42.2,Male,0,No,Yes,25,Yes,Yes,No,No internet service,No internet service,No internet service,No internet service,No internet service,No internet service,Month-to-month,Yes,Bank transfer (automatic),1075.72
MW-37926-ZGKU,No,25.07,Male,0,Yes,No,59,Yes,No,No,No internet service,No internet service,No internet service,No internet service,No internet service,No internet service,One year,No,Mailed check,1476.31
MW-89315-MJPL,No,36.86,Female,1,Yes,No,63,Yes,Yes,No,No internet service,No internet service,No internet service,No internet service,No internet service,No internet service,One year,No,Credit card (automatic),2307.59
MW-48233-CWUD,Yes,32.05,Male,0,Yes,No,54,Yes,No,Fiber optic,No,No,Yes,No,Yes,No,Month-to-month,No,Electronic check,1720.05
MW-15190-FPLC,No,92.89,Female,0,No,No,2,Yes,Yes,DSL,No,Yes,No,No,No,No,One year,Yes,Mailed check,161.98
MW-77557-JZGH,No,62.54,Male,0,No,No,61,Yes,No,No,No internet service,No internet service,No internet service,No internet service,No internet service,No internet service,Month-to-month,Yes,Credit card (automatic),3825.23
MW-38669-VXEJ,No,96.26,Female,1,No,No,28,Yes,Yes,Fiber optic,Yes,Yes,No,No,Yes,Yes,One year,Yes,Electronic check,2706.5
MW-64357-WWKU,No,65.21,Male,0,No,No,30,Yes,Yes,DSL,No,Yes,No,No,Yes,No,Month-to-month,No,Credit card (automatic),1958.06
MW-99991-HFYR,No,91.86,Male,0,Yes,No,68,Yes,Yes,Fiber optic,No,Yes,No,No,No,Yes,One year,No,Mailed check,6225.84
MW-14581-UFAA,Yes,54.94,Female,0,No,No,63,Yes,No,DSL,Yes,Yes,No,Yes,Yes,No,One year,Yes,Electronic check,3455.74
MW-14659-SHNT,Yes,111.84,Male,0,Yes,Yes,3,Yes,No,Fiber optic,No,Yes,No,No,Yes,No,Month-to-month,Yes,Electronic check,356.22
MW-77491-UEPR,No,78.13,Female,0,No,No,26,Yes,No,Fiber optic,No,No,Yes,No,No,No,One year,No,Credit card (automatic),2040.52
MW-26006-PUJH,No,40.61,Male,0,No,No,54,Yes,No,Fiber optic,No,Yes,No,No,Yes,No,Two year,No,Credit card (automatic),2204.69
MW-35749-HCBQ,Yes,82.57,Male,0,No,Yes,39,Yes,Yes,DSL,Yes,Yes,No,No,No,No,Month-to-month,Yes,Electronic check,3269.85
MW-97713-ZDGA,No,64.81,Female,0,No,No,18,No,No phone service,DSL,No,No,No,Yes,No,Yes,One year,Yes,Electronic check,1171.5
MW-57829-FDZG,No,57.92,Female,0,Yes,Yes,38,Yes,No,No,No internet service,No internet service,No internet service,No internet service,No internet service,No internet service,Two year,No,Electronic check,2168.58
MW-86559-YSHH,No,66.88,Female,0,Yes,Yes,63,Yes,No,Fiber optic,No,Yes,No,No,Yes,No,Two year,Yes,Electronic check,4196.92
MW-32082-CYVT,No,86.54,Male,0,No,No,16,Yes,No,Fiber optic,No,No,No,No,No,No,Month-to-month,Yes,Bank transfer (automatic),1389.22
MW-55195-AZFR,Yes,18.0,Female,0,Yes,No,54,Yes,Yes,Fiber optic,Yes,No,Yes,Yes,No,Yes,One year,No,Electronic check,972.28
MW-34281-PAKD,No,53.47,Male,1,No,No,53,Yes,No,No,No internet service,No internet service,No internet service,No internet service,No internet service,No internet service,Two year,No,Electronic check,2831.33
MW-77731-EGAS,No,84.48,Female,1,No,No,64,Yes,Yes,Fiber optic,No,Yes,No,Yes,No,No,One year,Yes,Electronic check,5404.4
MW-32854-TRLE,Yes,71.45,Female,0,No,No,21,Yes,No,Fiber optic,Yes,Yes,Yes,Yes,No,Yes,Month-to-month,No,Bank transfer (automatic),1488.68
MW-70825-QSFG,No,30.21,Male,0,Yes,No,15,Yes,Yes,DSL,Yes,Yes,No,No,Yes,Yes,Month-to-month,Yes,Bank transfer (automatic),458.76
MW-33026-WSMH,Yes,18.0,Male,0,No,No,39,Yes,No,No,No internet service,No internet service,No internet service,No internet service,No internet service,No internet service,Two year,Yes,Bank transfer (automatic),722.92
MW-83960-FFXM,No,115.03,Male,0,No,Yes,38,Yes,No,Fiber optic,No,No,No,No,Yes,Yes,Month-to-month,Yes,Bank transfer (automatic),4397.13
MW-19788-PZSR,No,58.39,Female,0,Yes,No,29,Yes,No,Fiber optic,Yes,No,Yes,No,No,No,Month-to-month,No,Credit card (automatic),1718.87
MW-56607-FJBN,No,109.42,Male,0,Yes,No,56,Yes,No,DSL,No,No,Yes,No,Yes,No,Month-to-month,Yes,Mailed check,6113.18
MW-23807-GLLA,No,87.85,Female,0,No,Yes,58,No,No phone service,Fiber optic,No,No,No,No,No,No,One year,Yes,Credit card (automatic),5095.0
MW-20213-NSVE,Yes,40.19,Male,0,Yes,Yes,17,Yes,Yes,Fiber optic,No,No,No,No,Yes,No,Month-to-month,Yes,Bank transfer (automatic),678.52
MW-59677-KNVB,No,18.0,Female,0,Yes,No,58,Yes,Yes,Fiber optic,No,No,No,No,Yes,Yes,Two year,Yes,Electronic check,1052.88
MW-81320-MUAA,No,50.14,Male,0,Yes,No,16,Yes,Yes,Fiber optic,No,Yes,No,No,No,No,One year,No,Credit card (automatic),801.0
MW-54816-CHCK,No,62.88,Male,1,Yes,No,29,Yes,Yes,No,No internet service,No internet service,No internet service,No internet service,No internet service,No internet service,Two year,No,Bank transfer (automatic),1820.14
MW-84025-HUKZ,No,77.52,Male,0,Yes,Yes,1,Yes,Yes,DSL,No,No,No,No,Yes,Yes,Two year,No,Bank transfer (automatic),99.34
MW-24474-DEVD,Yes,30.67,Male,0,No,Yes,24,Yes,No,No,No internet service,No internet service,No internet service,No internet service,No internet service,No internet service,Month-to-month,No,Electronic check,737.56
MW-18478-KQXF,No,69.34,Female,0,Yes,No,69,Yes,Yes,DSL,No,Yes,No,No,No,Yes,One year,Yes,Mailed check,4786.32
MW-74634-GAKF,No,69.33,Female,0,No,No,32,No,No phone service,Fiber optic,No,No,No,No,No,No,Month-to-month,No,Credit card (automatic),2224.76
MW-48696-GFZP,No,93.58,Male,0,No,No,51,Yes,No,DSL,No,No,No,No,No,Yes,Two year,Yes,Electronic check,4782.72
MW-82753-NLQJ,Yes,54.8,Female,0,Yes,No,7,Yes,No,DSL,Yes,No,Yes,No,Yes,No,Month-to-month,Yes,Electronic check,393.83
MW-80934-DGHG,No,77.28,Female,0,Yes,No,46,Yes,No,No,No internet service,No internet service,No internet service,No internet service,No internet service,No internet service,One year,Yes,Electronic check,3578.16
MW-49827-DWLM,No,72.65,Male,0,Yes,No,27,Yes,Yes,DSL,Yes,No,Yes,No,No,Yes,Two year,Yes,Mailed check,1942.27
MW-65998-XWFZ,No,90.27,Male,0,No,Yes,54,Yes,No,No,No internet service,No internet service,No internet service,No internet service,No internet service,No internet service,Month-to-month,Yes,Credit card (automatic),4879.45
MW-97177-LMYY,No,39.4,Female,1,Yes,Yes,67,Yes,No,DSL,Yes,No,Yes,No,No,No,Two year,Yes,Bank transfer (automatic),2638.26
MW-90046-YEBH,No,18.0,Female,1,No,No,38,Yes,Yes,Fiber optic,No,Yes,No,No,No,Yes,Month-to-month,Yes,Credit card (automatic),679.49
MW-16437-GRDF,Yes,56.89,Male,0,No,Yes,7,Yes,Yes,DSL,Yes,Yes,Yes,Yes,No,No,Month-to-month,Yes,Mailed check,409.6
MW-16140-VQVX,Yes,57.07,Female,1,No,No,34,Yes,Yes,Fiber optic,No,No,No,No,No,No,Month-to-month,No,Mailed check,1959.83
MW-26551-YZSN,Yes,29.27,Male,1,No,Yes,8,Yes,No,No,No internet service,No internet service,No internet service,No internet service,No internet service,No internet service,Month-to-month,No,Electronic check,225.28
MW-99508-RTWQ,No,18.76,Male,0,Yes,No,32,Yes,Yes,Fiber optic,No,No,No,No,Yes,No,One year,Yes,Electronic check,625.62
MW-54222-PLVJ,No,46.76,Female,1,Yes,Yes,4,Yes,Yes,Fiber optic,Yes,Yes,No,Yes,No,Yes,Two year,No,Bank transfer (automatic),165.57
MW-44509-JQRJ,No,60.55,Male,0,Yes,No,46,Yes,Yes,No,No internet service,No internet service,No internet service,No internet service,No internet service,No internet service,Month-to-month,Yes,Electronic check,2794.15
MW-32546-ATCD,No,66.86,Female,0,Yes,Yes,22,Yes,Yes,Fiber optic,No,Yes,No,No,No,Yes,One year,Yes,Electronic check,1457.56
MW-75017-CTUN,No,18.0,Female,0,Yes,No,14,No,No phone service,DSL,No,No,Yes,No,Yes,No,Two year,Yes,Credit card (automatic),242.37
MW-18959-CBPW,No,18.0,Female,0,Yes,No,1,Yes,Yes,Fiber optic,Yes,No,No,No,Yes,Yes,One year,No,Bank transfer (automatic),18.9
MW-10611-SPNT,Yes,97.89,Female,0,Yes,No,64,No,No phone service,Fiber optic,No,No,Yes,Yes,No,No,Month-to-month,Yes,Electronic check,6258.98
MW-30859-FCJD,No,58.31,Female,0,Yes,No,61,Yes,Yes,Fiber optic,No,Yes,Yes,No,Yes,Yes,Two year,No,Bank transfer (automatic),3513.96
MW-76847-GXMM,Yes,63.93,Female,0,Yes,No,59,Yes,No,DSL,No,Yes,No,No,No,Yes,Month-to-month,No,Mailed check,3781.04
MW-24988-THSN,No,24.0,Male,0,Yes,Yes,4,Yes,Yes,Fiber optic,No,No,No,No,No,No,One year,Yes,Credit card (automatic),107.7
MW-98389-PJYZ,No,63.87,Male,0,No,No,25,Yes,Yes,No,No internet service,No internet service,No internet service,No internet service,No internet service,No internet service,One year,Yes,Bank transfer (automatic),1594.33
MW-74311-CETN,No,52.73,Male,1,No,No,70,Yes,No,Fiber optic,No,Yes,No,No,No,No,One year,Yes,Electronic check,3687.51
MW-26708-UHRD,Yes,45.44,Female,1,No,No,42,Yes,No,Fiber optic,No,No,No,No,Yes,No,Month-to-month,No,Electronic check,1902.89
MW-45195-ZSRD,Yes,20.14,Female,1,No,No,9,Yes,Yes,No,No internet service,No internet service,No internet service,No internet service,No internet service,No internet service,Month-to-month,No,Electronic check,155.59
MW-86037-XGCM,No,37.95,Female,0,No,Yes,10,Yes,No,DSL,No,Yes,Yes,No,Yes,No,One year,Yes,Bank transfer (automatic),352.24
MW-41383-ZLAX,Yes,120.0,Female,0,Yes,No,19,Yes,No,Fiber optic,No,Yes,Yes,No,No,No,Month-to-month,No,Mailed check,2292.05
MW-37383-RRPB,No,53.52,Female,0,Yes,No,70,Yes,Yes,Fiber optic,No,No,No,No,Yes,Yes,Month-to-month,Yes,Bank transfer (automatic),3762.37
MW-61420-SDEQ,No,87.69,Male,0,Yes,No,12,No,No phone service,Fiber optic,No,No,No,No,Yes,No,One year,No,Mailed check,1061.23
MW-42186-NFBE,No,58.11,Female,0,Yes,No,65,Yes,Yes,No,No internet service,No internet service,No internet service,No internet service,No internet service,No internet service,One year,Yes,Electronic check,3782.84
MW-46946-BZBT,Yes,54.64,Male,0,Yes,No,49,Yes,Yes,Fiber optic,No,No,Yes,No,Yes,No,Month-to-month,Yes,Electronic check,2689.1
MW-25944-KHAA,No,44.92,Female,0,No,Yes,67,Yes,Yes,DSL,No,Yes,No,No,No,No,Month-to-month,Yes,Electronic check,3020.38
MW-46672-ZVGP,No,104.37,Female,0,Yes,No,60,Yes,Yes,Fiber optic,No,No,No,No,No,Yes,Two year,No,Mailed check,6250.42
MW-42794-XHZN,Yes,75.19,Male,1,No,Yes,24,Yes,Yes,DSL,No,No,No,No,Yes,Yes,Month-to-month,Yes,Bank transfer (automatic),1807.9
MW-12076-LXLB,Yes,40.31,Male,1,Yes,No,60,Yes,Yes,No,No internet service,No internet service,No internet service,No internet service,No internet service,No internet service,Month-to-month,No,Credit card (automatic),2414.16
MW-67682-DTRW,Yes,52.18,Female,0,No,Yes,12,No,No phone service,DSL,No,Yes,Yes,Yes,Yes,Yes,Month-to-month,No,Electronic check,621.92
MW-82228-ENJZ,No,96.28,Male,0,Yes,No,21,Yes,Yes,Fiber optic,No,No,Yes,No,No,No,Month-to-month,No,Bank transfer (automatic),2038.98
MW-77607-VFTT,No,18.0,Male,0,No,No,15,Yes,No,Fiber optic,No,No,No,Yes,No,No,Two year,Yes,Electronic check,293.62
MW-45155-KLFK,No,73.32,Male,0,Yes,No,9,Yes,No,DSL,Yes,Yes,No,No,No,No,Month-to-month,Yes,Bank transfer (automatic),624.68
MW-21546-CRNQ,Yes,80.13,Male,0,No,No,6,Yes,Yes,DSL,No,No,No,No,No,No,Month-to-month,Yes,Electronic check,476.95
MW-70461-ZJDK,Yes,41.51,Female,0,Yes,No,13,Yes,No,Fiber optic,No,No,Yes,No,No,No,Month-to-month,Yes,Bank transfer (automatic),535.02
MW-90328-JMWZ,Yes,68.64,Female,0,No,Yes,8,Yes,Yes,DSL,No,Yes,No,Yes,Yes,No,Month-to-month,Yes,Electronic check,566.54
MW-33266-RVGJ,No,79.07,Male,1,No,No,27,Yes,No,No,No internet service,No internet service,No internet service,No internet service,No internet service,No internet service,Month-to-month,Yes,Electronic check,2113.13
MW-34434-XJJX,No,27.07,Female,0,No,No,5,Yes,No,No,No internet service,No internet service,No internet service,No internet service,No internet service,No internet service,Two year,Yes,Bank transfer (automatic),90.51
MW-56241-VUTR,Yes,89.26,Male,1,Yes,Yes,4,Yes,Yes,DSL,Yes,Yes,No,No,No,No,One year,Yes,Mailed check,369.35
MW-49224-PTAB,No,72.92,Female,0,No,No,72,No,No phone service,No,No internet service,No internet service,No internet service,No internet service,No internet service,No internet service,Month-to-month,No,Mailed check,5264.68
MW-84820-WCRH,Yes,59.41,Male,0,Yes,Yes,6,Yes,No,DSL,No,No,No,Yes,No,Yes,Month-to-month,Yes,Electronic check,329.7
MW-68787-TMHT,Yes,67.15,Female,0,No,No,5,Yes,No,DSL,No,Yes,No,No,No,Yes,Month-to-month,Yes,Credit card (automatic),333.88
MW-61953-ZUFX,Yes,85.22,Female,1,Yes,No,2,Yes,Yes,DSL,Yes,Yes,Yes,No,Yes,No,Month-to-month,Yes,Electronic check,193.39
MW-93892-ZGRT,No,120.0,Female,0,No,Yes,9,Yes,Yes,No,No internet service,No internet service,No internet service,No internet service,No internet service,No internet service,One year,No,Bank transfer (automatic),1063.83
MW-46230-QZGE,Yes,82.3,Male,0,Yes,Yes,38,Yes,Yes,Fiber optic,No,No,No,No,No,No,Month-to-month,Yes,Credit card (automatic),3128.92
MW-14740-XBAX,No,88.32,Male,0,No,No,60,Yes,Yes,DSL,No,No,No,Yes,No,No,One year,Yes,Bank transfer (automatic),5306.82
MW-13111-WDVT,No,69.81,Male,0,Yes,No,53,Yes,Yes,Fiber optic,No,No,Yes,No,No,No,Two year,No,Electronic check,3678.52
MW-59090-XKHJ,Yes,120.0,Male,0,No,No,42,Yes,No,Fiber optic,Yes,No,No,Yes,No,No,Month-to-month,Yes,Bank transfer (automatic),5031.54
MW-33406-RYYJ,No,20.02,Male,0,Yes,Yes,6,Yes,No,Fiber optic,Yes,No,No,No,No,No,Two year,No,Electronic check,94.76
MW-62146-BKLA,No,18.0,Female,0,No,No,56,Yes,No,Fiber optic,No,Yes,Yes,No,No,No,Month-to-month,No,Bank transfer (automatic),1005.53
MW-79070-ZEPJ,No,68.59,Male,0,Yes,Yes,2,Yes,No,No,No internet service,No internet service,No internet service,No internet service,No internet service,No internet service,Month-to-month,Yes,Mailed check,125.32
MW-39010-TRXB,No,83.8,Female,0,No,No,46,Yes,Yes,Fiber optic,Yes,No,No,No,No,No,Two year,Yes,Bank transfer (automatic),3857.92
MW-85784-GJXJ,No,18.0,Male,0,No,Yes,29,Yes,Yes,DSL,No,Yes,No,No,No,No,Month-to-month,Yes,Credit card (automatic),531.52
MW-80009-NUYG,No,63.9,Male,0,No,No,64,Yes,No,No,No internet service,No internet service,No internet service,No internet service,No internet service,No internet service,One year,Yes,Electronic check,4110.43
MW-51954-RXGY,No,58.59,Male,0,Yes,No,22,Yes,No,DSL,Yes,No,No,Yes,No,Yes,One year,Yes,Electronic check,1323.96
MW-57383-KFVK,No,86.32,Male,0,No,No,46,No,No phone service,Fiber optic,Yes,No,No,No,No,Yes,Month-to-month,No,Mailed check,3973.84
MW-20912-KTFG,No,76.86,Female,0,Yes,Yes,32,Yes,Yes,Fiber optic,No,No,Yes,Yes,No,Yes,Two year,No,Bank transfer (automatic),2454.77
MW-80964-TVEZ,No,18.0,Male,0,No,No,38,Yes,Yes,DSL,No,No,No,No,Yes,No,Month-to-month,Yes,Mailed check,678.38
MW-79580-BRLD,No,31.6,Female,0,No,No,68,No,No phone service,DSL,Yes,No,No,Yes,Yes,No,Two year,Yes,Bank transfer (automatic),2134.33
MW-59729-UAGK,No,39.8,Female,0,Yes,Yes,52,Yes,Yes,Fiber optic,Yes,No,No,Yes,Yes,Yes,Month-to-month,No,Mailed check,2076.32
MW-32578-SFBU,No,86.17,Female,1,No,Yes,30,No,No phone service,No,No internet service,No internet service,No internet service,No internet service,No internet service,No internet service,Month-to-month,No,Credit card (automatic),2577.68
MW-36080-BMSR,Yes,75.24,Male,1,Yes,No,32,Yes,No,No,No internet service,No internet service,No internet service,No internet service,No internet service,No internet service,Month-to-month,Yes,Mailed check,2415.45
MW-38725-CQAA,No,45.38,Male,0,No,Yes,51,Yes,No,Fiber optic,Yes,Yes,No,No,No,No,Two year,Yes,Electronic check,2300.38
MW-42031-FSFV,Yes,68.34,Female,0,Yes,No,25,Yes,No,DSL,Yes,Yes,No,No,Yes,Yes,Month-to-month,No,Electronic check,1701.51
MW-44014-DMMP,No,32.26,Male,0,No,No,12,No,No phone service,DSL,No,Yes,No,Yes,Yes,No,Two year,No,Bank transfer (automatic),393.61
MW-25274-KDTR,Yes,120.0,Male,0,No,No,34,Yes,No,Fiber optic,No,No,No,No,No,No,Month-to-month,Yes,Electronic check,4078.13
MW-26178-RYXT,Yes,81.23,Female,0,Yes,Yes,4,Yes,Yes,Fiber optic,Yes,Yes,Yes,No,No,No,Month-to-month,Yes,Electronic check,296.12
MW-79848-LAFH,No,87.59,Female,0,Yes,Yes,12,Yes,Yes,Fiber optic,No,No,No,Yes,Yes,No,Month-to-month,No,Electronic check,1050.85
MW-78696-HYBS,No,105.3,Female,0,Yes,No,30,Yes,No,DSL,No,Yes,No,No,No,No,Month-to-month,Yes,Bank transfer (automatic),3146.97
MW-90430-MHTQ,No,94.49,Male,0,Yes,No,58,Yes,No,DSL,No,No,Yes,Yes,No,Yes,Two year,Yes,Credit card (automatic),5498.14
MW-90411-WDGY,No,64.95,Female,0,Yes,No,57,Yes,Yes,Fiber optic,No,Yes,Yes,Yes,Yes,Yes,Month-to-month,Yes,Mailed check,3716.72
MW-82401-WKKE,Yes,58.45,Male,0,No,No,19,Yes,Yes,Fiber optic,No,No,No,No,No,No,One year,No,Electronic check,1076.31
MW-84148-BBAA,No,102.65,Female,1,No,Yes,30,Yes,No,Fiber optic,No,No,No,No,No,Yes,One year,Yes,Mailed check,3091.52
MW-90456-JRRS,No,64.8,Male,1,Yes,No,11,Yes,No,DSL,Yes,No,Yes,No,No,No,Month-to-month,Yes,Mailed check,718.64
MW-84530-RRKH,No,41.53,Male,0,No,No,55,Yes,Yes,No,No internet service,No internet service,No internet service,No internet service,No internet service,No internet service,One year,No,Credit card (automatic),2261.89
MW-91516-LVNW,No,120.0,Female,0,Yes,No,17,Yes,Yes,Fiber optic,No,No,No,No,No,No,Two year,Yes,Mailed check,2053.17
MW-33753-HQRQ,No,35.92,Female,1,No,No,58,Yes,No,Fiber optic,No,No,No,Yes,No,No,One year,Yes,Bank transfer (automatic),2064.16
MW-74743-CEQW,Yes,18.0,Male,0,No,No,61,Yes,No,Fiber optic,No,No,No,Yes,Yes,Yes,Month-to-month,Yes,Credit card (automatic),1115.18
MW-42452-MCWV,No,93.78,Male,0,Yes,Yes,50,No,No phone service,Fiber optic,Yes,Yes,No,No,Yes,No,One year,Yes,Bank transfer (automatic),4679.31
MW-57352-VLRC,No,42.06,Female,1,Yes,No,24,Yes,Yes,Fiber optic,Yes,Yes,Yes,No,No,Yes,One year,No,Electronic check,986.67
MW-65950-ABLZ,No,77.05,Male,0,Yes,No,69,Yes,Yes,Fiber optic,No,No,No,Yes,No,Yes,Month-to-month,Yes,Bank transfer (automatic),5348.26
MW-14181-BPUL,No,118.52,Female,0,Yes,No,50,Yes,No,Fiber optic,No,No,Yes,No,Yes,No,One year,No,Mailed check,5902.81
MW-85501-BYXM,No,22.75,Female,0,No,Yes,47,Yes,No,Fiber optic,No,Yes,No,Yes,No,Yes,Month-to-month,Yes,Mailed check,1057.16
MW-15154-WWRW,No,62.77,Male,0,Yes,Yes,62,Yes,No,DSL,Yes,No,No,No,Yes,Yes,One year,No,Credit card (automatic),3882.59
MW-48861-SUCC,No,108.5,Female,1,No,Yes,64,Yes,No,No,No internet service,No internet service,No internet service,No internet service,No internet service,No internet service,Two year,No,Electronic check,6937.16
MW-88541-DYKR,No,84.46,Female,0,No,Yes,5,Yes,Yes,DSL,No,Yes,Yes,No,No,No,Two year,No,Mailed check,432.78
MW-67415-PKTU,No,58.61,Female,0,No,No,64,Yes,No,DSL,Yes,No,No,Yes,No,No,Two year,No,Electronic check,3751.91
MW-91290-YBJE,No,120.0,Female,0,Yes,No,55,Yes,Yes,Fiber optic,Yes,Yes,No,No,Yes,No,One year,No,Electronic check,6615.06
MW-93575-PSER,No,61.14,Female,0,No,Yes,15,Yes,Yes,DSL,Yes,Yes,Yes,No,No,No,One year,No,Bank transfer (automatic),922.68
MW-96049-BNZS,No,75.91,Female,1,Yes,No,22,Yes,No,No,No internet service,No internet service,No internet service,No internet service,No internet service,No internet service,Month-to-month,No,Bank transfer (automatic),1644.93
MW-40107-UYND,Yes,113.48,Female,1,No,Yes,54,Yes,Yes,Fiber optic,Yes,No,No,No,No,Yes,Month-to-month,Yes,Bank transfer (automatic),6136.17
MW-77858-QJYH,Yes,93.43,Female,0,No,No,15,No,No phone service,DSL,Yes,No,No,No,No,Yes,Month-to-month,Yes,Electronic check,1404.96
MW-20986-NYTE,Yes,103.65,Female,0,Yes,No,33,Yes,Yes,DSL,Yes,No,No,Yes,No,No,Month-to-month,No,Electronic check,3411.08
MW-76622-WJTX,No,37.01,Female,0,No,No,50,Yes,No,DSL,No,Yes,No,No,No,No,Two year,No,Mailed check,1881.61
MW-88558-ZSTA,No,100.85,Male,0,Yes,Yes,47,Yes,Yes,DSL,Yes,No,No,No,Yes,Yes,Two year,No,Mailed check,4749.08
MW-98166-YZFB,No,69.09,Male,0,Yes,No,66,Yes,Yes,DSL,No,No,No,No,No,No,Month-to-month,No,Credit card (automatic),4574.07
MW-95188-YNEF,No,41.63,Female,0,No,No,8,Yes,Yes,DSL,No,No,No,No,No,Yes,Month-to-month,No,Bank transfer (automatic),347.69
MW-19606-RRQG,Yes,70.66,Female,1,No,No,21,Yes,Yes,DSL,Yes,Yes,Yes,Yes,No,Yes,One year,Yes,Credit card (automatic),1477.56
MW-72884-UVAP,Yes,69.71,Female,0,No,No,71,Yes,No,Fiber optic,No,Yes,No,No,No,Yes,Month-to-month,No,Credit card (automatic),4958.91
MW-25332-SHSW,No,120.0,Male,0,No,No,41,No,No phone service,DSL,No,No,No,No,Yes,Yes,Two year,Yes,Mailed check,4924.74
MW-81065-XUSM,No,75.44,Female,0,No,No,18,Yes,Yes,DSL,Yes,No,No,Yes,No,No,Two year,No,Bank transfer (automatic),1349.56
MW-36649-CMUM,Yes,40.58,Male,0,Yes,No,21,Yes,Yes,DSL,Yes,No,No,No,Yes,No,Month-to-month,Yes,Bank transfer (automatic),833.86
MW-79705-YNAW,Yes,33.66,Female,0,No,No,24,Yes,No,DSL,Yes,No,No,No,Yes,No,Month-to-month,Yes,Credit card (automatic),808.2
MW-70040-LBSK,Yes,62.58,Male,0,No,Yes,40,Yes,No,DSL,No,No,No,No,No,No,Month-to-month,No,Mailed check,2512.0
MW-48199-UUYZ,Yes,23.61,Female,1,Yes,No,20,Yes,No,DSL,Yes,No,No,No,No,No,Month-to-month,Yes,Bank transfer (automatic),472.44
MW-32232-UDVB,Yes,42.54,Male,1,No,No,45,Yes,No,Fiber optic,No,No,No,No,No,No,Month-to-month,No,Mailed check,1911.57
MW-85343-MVXZ,No,56.67,Male,0,No,No,32,Yes,No,No,No internet service,No internet service,No internet service,No internet service,No internet service,No internet service,Month-to-month,Yes,Bank transfer (automatic),1813.85
MW-37459-DTBP,No,51.34,Female,0,No,Yes,44,Yes,Yes,DSL,Yes,No,No,Yes,Yes,No,Month-to-month,No,Credit card (automatic),2254.66
MW-28279-JFTZ,No,85.81,Female,0,No,Yes,11,Yes,No,DSL,No,No,No,No,No,Yes,Month-to-month,Yes,Credit card (automatic),967.15
MW-35773-JTUS,Yes,41.87,Male,0,Yes,No,45,Yes,Yes,Fiber optic,Yes,Yes,Yes,No,Yes,No,Month-to-month,No,Electronic check,1888.2
MW-52511-HXSX,Yes,18.0,Male,0,Yes,No,67,Yes,Yes,Fiber optic,No,Yes,No,No,Yes,Yes,One year,No,Electronic check,1198.7
MW-46772-FBSA,Yes,18.0,Female,1,No,No,9,Yes,Yes,DSL,No,No,Yes,No,Yes,No,Month-to-month,No,Bank transfer (automatic),134.88
MW-78090-EFEX,No,63.47,Female,0,No,Yes,23,Yes,Yes,Fiber optic,No,Yes,Yes,No,No,No,Two year,Yes,Bank transfer (automatic),1456.85
MW-92871-WNSR,No,46.4,Female,0,Yes,No,50,Yes,No,Fiber optic,No,Yes,No,Yes,No,No,Month-to-month,No,Credit card (automatic),2311.35
MW-19123-WJSL,No,26.9,Male,0,No,Yes,45,Yes,Yes,No,No internet service,No internet service,No internet service,No internet service,No internet service,No internet service,Month-to-month,Yes,Electronic check,1201.29
MW-89336-NHUY,No,120.0,Female,0,Yes,Yes,49,Yes,Yes,No,No internet service,No internet service,No internet service,No internet service,No internet service,No internet service,Month-to-month,No,Credit card (automatic),5894.14
MW-13549-ZKCW,No,88.86,Male,0,Yes,Yes,40,Yes,Yes,Fiber optic,Yes,No,Yes,No,No,No,One year,Yes,Bank transfer (automatic),3555.6
MW-86820-ADXH,No,62.25,Female,1,Yes,Yes,49,Yes,No,Fiber optic,No,No,No,No,No,No,Month-to-month,Yes,Electronic check,3025.01
MW-31737-PEGH,Yes,71.0,Female,1,No,Yes,44,Yes,No,Fiber optic,No,No,No,No,No,Yes,Month-to-month,Yes,Electronic check,3133.28
MW-70450-FSSD,Yes,56.05,Female,0,Yes,No,5,Yes,No,No,No internet service,No internet service,No internet service,No internet service,No internet service,No internet service,Month-to-month,Yes,Bank transfer (automatic),256.52
MW-55840-ZNTA,No,26.39,Male,0,Yes,No,54,No,No phone service,Fiber optic,Yes,Yes,No,Yes,Yes,No,Two year,Yes,Electronic check,1435.46
MW-69301-KZWA,Yes,94.92,Female,0,Yes,No,32,Yes,No,DSL,No,No,No,Yes,Yes,Yes,Month-to-month,Yes,Credit card (automatic),3030.31
MW-95094-SUDW,Yes,89.54,Female,0,Yes,No,3,Yes,Yes,DSL,No,No,Yes,Yes,No,No,Month-to-month,Yes,Bank transfer (automatic),269.92
MW-78700-EZAR,No,18.0,Female,0,No,No,29,Yes,Yes,Fiber optic,No,No,Yes,No,Yes,Yes,Two year,No,Mailed check,521.63
MW-67287-FQUP,No,70.79,Male,0,No,No,31,Yes,No,Fiber optic,No,No,No,No,No,No,Month-to-month,Yes,Electronic check,2192.27
MW-27618-TUHW,No,74.1,Female,0,No,No,6,Yes,No,No,No internet service,No internet service,No internet service,No internet service,No internet service,No internet service,Month-to-month,Yes,Credit card (automatic),447.74
MW-28728-BNUT,No,54.35,Male,0,No,Yes,72,Yes,Yes,DSL,No,No,No,No,No,No,Two year,Yes,Bank transfer (automatic),3914.43
MW-34700-HZZC,No,120.0,Male,0,No,Yes,16,Yes,No,No,No internet service,No internet service,No internet service,No internet service,No internet service,No internet service,Month-to-month,Yes,Credit card (automatic),1948.05
MW-52264-CQEB,Yes,120.0,Female,1,No,Yes,24,Yes,Yes,DSL,No,Yes,Yes,No,Yes,No,Month-to-month,No,Bank transfer (automatic),2883.36
MW-58143-VLWT,No,52.67,Male,0,Yes,No,32,Yes,Yes,Fiber optic,No,Yes,No,No,No,Yes,Month-to-month,Yes,Bank transfer (automatic),1689.15
MW-75121-RKTC,Yes,57.32,Male,1,Yes,No,60,Yes,No,Fiber optic,Yes,No,No,No,No,No,Month-to-month,Yes,Credit card (automatic),3428.56
MW-31713-HVSF,No,53.79,Male,0,No,No,54,Yes,No,DSL,No,No,No,Yes,No,Yes,Two year,Yes,Bank transfer (automatic),2910.37
MW-56651-WNTD,No,45.66,Male,0,Yes,No,56,Yes,Yes,Fiber optic,Yes,No,No,Yes,Yes,No,One year,Yes,Mailed check,2541.61
MW-16173-DZXK,No,36.38,Male,0,No,No,17,Yes,Yes,DSL,Yes,No,No,No,No,No,One year,Yes,Electronic check,635.71
MW-26607-YVGK,No,79.21,Male,0,Yes,Yes,61,Yes,Yes,DSL,No,No,No,No,No,No,Month-to-month,Yes,Electronic check,4809.54
MW-60171-NJGF,No,120.0,Female,0,Yes,No,60,Yes,Yes,No,No internet service,No internet service,No internet service,No internet service,No internet service,No internet service,One year,Yes,Bank transfer (automatic),7187.35
MW-95173-RKZX,No,110.5,Male,0,No,No,33,Yes,No,DSL,No,No,Yes,Yes,Yes,Yes,One year,Yes,Electronic check,3622.06
MW-46669-CRRB,No,87.68,Male,0,No,Yes,39,Yes,Yes,Fiber optic,No,Yes,No,Yes,No,No,Month-to-month,Yes,Bank transfer (automatic),3425.81
MW-67735-UNVM,No,18.0,Male,0,Yes,Yes,2,Yes,No,Fiber optic,Yes,No,No,Yes,No,Yes,Two year,Yes,Credit card (automatic),29.64
MW-91816-LSUU,No,18.0,Female,1,Yes,Yes,55,Yes,Yes,DSL,Yes,Yes,Yes,No,No,Yes,One year,No,Mailed check,1000.29
MW-93351-MPZX,No,95.92,Male,1,No,No,70,Yes,Yes,No,No internet service,No internet service,No internet service,No internet service,No internet service,No internet service,Two year,Yes,Electronic check,6699.77
MW-39962-KRDJ,No,112.58,Female,0,No,No,34,Yes,No,Fiber optic,No,No,Yes,No,No,Yes,Month-to-month,Yes,Bank transfer (automatic),3835.69
MW-86831-NKYW,No,80.61,Female,0,Yes,No,39,Yes,Yes,No,No internet service,No internet service,No internet service,No internet service,No internet service,No internet service,Month-to-month,No,Electronic check,3152.49
MW-52379-AGDD,No,54.83,Male,0,No,Yes,36,Yes,No,No,No internet service,No internet service,No internet service,No internet service,No internet service,No internet service,One year,Yes,Credit card (automatic),1977.06
MW-94055-PUTL,Yes,104.57,Male,0,No,Yes,6,Yes,Yes,Fiber optic,No,No,No,No,No,No,Two year,No,Mailed check,627.88
MW-20412-KFWV,No,86.61,Female,0,No,Yes,45,Yes,Yes,No,No internet service,No internet service,No internet service,No internet service,No internet service,No internet service,Month-to-month,No,Mailed check,3899.51
MW-40806-JEMT,Yes,98.12,Male,0,Yes,No,52,Yes,Yes,DSL,No,No,No,Yes,No,Yes,Month-to-month,No,Bank transfer (automatic),5088.58
MW-17797-GJDT,No,18.0,Female,0,No,No,67,Yes,Yes,DSL,No,No,No,No,Yes,No,Two year,No,Mailed check,1189.87
MW-51816-XUVD,No,74.3,Male,0,No,Yes,67,Yes,Yes,Fiber optic,No,No,Yes,Yes,No,No,Month-to-month,No,Electronic check,4986.26
MW-99229-WVHQ,Yes,117.24,Female,1,Yes,Yes,35,Yes,Yes,DSL,No,No,Yes,Yes,No,No,Month-to-month,No,Electronic check,4097.87
MW-13217-BWAA,No,79.82,Male,0,No,Yes,70,Yes,No,Fiber optic,No,No,No,Yes,Yes,No,One year,Yes,Mailed check,5594.2
MW-34833-QUVZ,No,92.45,Female,0,No,No,38,No,No phone service,Fiber optic,No,No,Yes,No,No,No,Month-to-month,Yes,Credit card (automatic),3536.36
MW-52281-ASHY,No,65.09,Male,0,Yes,No,46,Yes,No,DSL,No,No,Yes,Yes,No,No,Month-to-month,No,Electronic check,2987.28
MW-21042-HKHS,Yes,67.18,Female,0,No,No,43,Yes,Yes,No,No internet service,No internet service,No internet service,No internet service,No internet service,No internet service,Month-to-month,Yes,Electronic check,2879.74
MW-28257-XPJJ,No,106.08,Female,0,No,No,72,Yes,Yes,DSL,Yes,Yes,No,No,No,No,Two year,No,Electronic check,7632.9
MW-50199-SQFJ,Yes,43.91,Male,1,Yes,No,53,No,No phone service,DSL,No,No,Yes,Yes,No,No,Month-to-month,Yes,Mailed check,2327.81
MW-47799-YYKV,No,40.97,Female,0,No,No,8,No,No phone service,Fiber optic,Yes,No,No,No,No,No,One year,Yes,Electronic check,336.97
MW-41145-BWHR,No,49.65,Female,0,Yes,Yes,5,Yes,No,Fiber optic,Yes,Yes,No,No,No,No,Two year,Yes,Bank transfer (automatic),247.82
MW-33637-QWYJ,Yes,64.7,Female,0,Yes,No,29,Yes,Yes,No,No internet service,No internet service,No internet service,No internet service,No internet service,No internet service,One year,Yes,Electronic check,1907.48
MW-52366-NRQJ,No,18.0,Female,0,Yes,No,37,Yes,No,DSL,No,No,Yes,Yes,No,No,Month-to-month,Yes,Bank transfer (automatic),672.31
MW-14864-KQYB,Yes,85.93,Female,0,Yes,No,48,Yes,Yes,No,No internet service,No internet service,No internet service,No internet service,No internet service,No internet service,Month-to-month,Yes,Electronic check,4136.35
MW-69380-FVQL,No,59.07,Male,0,Yes,Yes,35,Yes,No,Fiber optic,Yes,No,No,No,No,Yes,Month-to-month,No,Mailed check,2066.9
MW-27540-JZXW,No,89.61,Female,0,Yes,No,37,Yes,Yes,No,No internet service,No internet service,No internet service,No internet service,No internet service,No internet service,One year,Yes,Electronic check,3330.75
MW-39366-GQZG,No,18.0,Female,0,Yes,No,67,Yes,No,DSL,No,No,No,Yes,Yes,No,Two year,Yes,Bank transfer (automatic),1202.92
MW-65841-EREU,No,89.73,Female,0,No,No,24,Yes,No,Fiber optic,No,Yes,Yes,Yes,No,No,One year,No,Credit card (automatic),2143.86
MW-55960-WMZQ,No,104.11,Male,0,Yes,No,36,Yes,No,Fiber optic,No,No,No,No,Yes,Yes,Month-to-month,Yes,Electronic check,3761.54
MW-70765-KXQD,Yes,77.16,Male,1,Yes,No,40,Yes,No,Fiber optic,No,No,No,Yes,No,No,Month-to-month,Yes,Credit card (automatic),3085.54
MW-14807-WMJW,No,64.9,Male,0,Yes,No,34,Yes,Yes,DSL,No,Yes,No,No,Yes,No,Two year,No,Electronic check,2210.28
MW-54292-UKZX,No,89.96,Male,0,No,Yes,70,Yes,Yes,Fiber optic,No,Yes,No,No,No,No,Month-to-month,No,Bank transfer (automatic),6311.93
MW-14954-EPRK,No,102.14,Female,0,Yes,No,70,Yes,No,Fiber optic,No,Yes,No,Yes,No,Yes,Two year,No,Bank transfer (automatic),7151.88
MW-61087-NZPD,No,79.69,Male,1,No,Yes,37,Yes,No,Fiber optic,No,No,No,No,Yes,No,Month-to-month,Yes,Electronic check,2946.29
MW-50854-WJEF,No,81.93,Female,0,Yes,No,32,Yes,No,Fiber optic,Yes,No,No,Yes,No,Yes,One year,No,Mailed check,2613.73
MW-61467-VZED,No,113.71,Female,1,No,Yes,42,Yes,Yes,DSL,No,No,Yes,No,Yes,No,Two year,Yes,Electronic check,4791.75
MW-48252-ZCPG,Yes,86.83,Male,0,No,No,13,Yes,Yes,No,No internet service,No internet service,No internet service,No internet service,No internet service,No internet service,Month-to-month,No,Bank transfer (automatic),1123.66
MW-28626-EQEG,No,39.99,Female,0,No,No,31,Yes,Yes,Fiber optic,Yes,No,Yes,Yes,No,No,Month-to-month,Yes,Mailed check,1238.92
MW-50787-RHZN,No,102.0,Female,0,No,No,15,Yes,No,Fiber optic,No,Yes,Yes,Yes,No,Yes,Two year,No,Credit card (automatic),1534.3
MW-28718-CRQP,No,60.29,Female,1,Yes,No,10,Yes,Yes,No,No internet service,No internet service,No internet service,No internet service,No internet service,No internet service,Month-to-month,No,Electronic check,607.14
MW-25572-ZQUS,Yes,65.0,Male,0,Yes,No,6,Yes,Yes,Fiber optic,No,No,No,No,No,No,Month-to-month,No,Credit card (automatic),405.21
MW-56429-GXSS,Yes,67.21,Female,0,Yes,No,42,Yes,Yes,DSL,Yes,No,No,No,Yes,No,Month-to-month,Yes,Electronic check,2821.77
MW-92157-BTCK,Yes,93.07,Female,0,No,No,0,No,No phone service,Fiber optic,No,Yes,No,No,No,No,Month-to-month,No,Bank transfer (automatic),20.65
MW-38388-PYEV,No,116.47,Male,1,No,No,47,Yes,Yes,No,No internet service,No internet service,No internet service,No internet service,No internet service,No internet service,One year,No,Electronic check,5470.36
MW-13072-NPXL,Yes,64.73,Female,0,Yes,No,31,Yes,Yes,DSL,No,Yes,Yes,Yes,No,Yes,Month-to-month,Yes,Electronic check,2012.19
MW-77883-DAJZ,Yes,115.94,Female,0,No,Yes,26,Yes,Yes,Fiber optic,No,Yes,Yes,No,No,No,Month-to-month,No,Electronic check,3011.68
MW-75598-FDAN,No,68.94,Female,0,No,No,56,Yes,Yes,DSL,Yes,No,Yes,No,No,No,Two year,Yes,Bank transfer (automatic),3892.04
MW-30655-JJQH,No,106.07,Male,0,No,Yes,39,Yes,No,No,No internet service,No internet service,No internet service,No internet service,No internet service,No internet service,Month-to-month,No,Electronic check,4131.47
MW-36192-BLTP,Yes,69.95,Female,0,No,No,53,No,No phone service,Fiber optic,No,No,No,No,No,No,Month-to-month,Yes,Bank transfer (automatic),3703.45
MW-30074-YABD,Yes,49.23,Male,0,Yes,Yes,51,Yes,Yes,No,No internet service,No internet service,No internet service,No internet service,No internet service,No internet service,One year,Yes,Credit card (automatic),2512.45
MW-84734-AQQT,No,120.0,Male,0,No,No,2,Yes,No,Fiber optic,No,Yes,No,No,No,No,Two year,Yes,Electronic check,236.0
MW-36932-ESEZ,No,46.36,Female,0,Yes,No,15,Yes,Yes,DSL,Yes,Yes,No,No,Yes,No,One year,Yes,Electronic check,700.12
MW-87649-GBEN,No,44.36,Female,0,No,No,41,Yes,Yes,Fiber optic,No,No,Yes,Yes,Yes,No,Two year,Yes,Electronic check,1837.2
MW-44410-TLHE,No,26.32,Female,0,No,No,71,Yes,No,No,No internet service,No internet service,No internet service,No internet service,No internet service,No internet service,Month-to-month,Yes,Electronic check,1870.93
MW-36455-CXTD,No,102.02,Female,0,Yes,No,11,Yes,Yes,DSL,No,Yes,Yes,No,No,No,Month-to-month,Yes,Mailed check,1124.98
MW-48527-DNJE,No,109.1,Male,0,No,No,7,Yes,Yes,DSL,No,No,No,Yes,No,Yes,Two year,No,Bank transfer (automatic),760.26
MW-26438-LLPU,No,75.19,Male,0,No,Yes,68,Yes,No,Fiber optic,No,No,No,No,No,No,Two year,Yes,Electronic check,5105.34
MW-65989-GSTS,No,34.48,Male,0,No,No,70,Yes,No,Fiber optic,No,No,No,No,No,No,One year,No,Electronic check,2415.05
MW-25590-YFTA,Yes,63.8,Female,1,No,No,12,Yes,Yes,DSL,Yes,Yes,No,No,No,Yes,Month-to-month,Yes,Bank transfer (automatic),765.71
MW-40385-JTYC,No,54.92,Female,0,Yes,Yes,29,Yes,No,DSL,No,Yes,No,Yes,No,Yes,Month-to-month,No,Electronic check,1610.28
MW-91482-TKNW,Yes,33.09,Male,1,Yes,No,45,Yes,No,DSL,No,No,Yes,No,No,Yes,Month-to-month,No,Bank transfer (automatic),1474.66
MW-96522-WKXM,No,49.33,Female,0,Yes,No,14,Yes,No,Fiber optic,No,No,No,No,No,No,Two year,No,Credit card (automatic),712.44
MW-78526-FYJX,No,79.17,Female,0,Yes,No,23,Yes,No,Fiber optic,No,Yes,No,No,No,Yes,Two year,Yes,Electronic check,1818.71
MW-65904-YCTW,No,45.84,Female,0,No,No,28,Yes,No,Fiber optic,No,No,Yes,Yes,Yes,No,Month-to-month,Yes,Mailed check,1285.75
MW-32350-EMZV,No,72.75,Male,0,Yes,No,46,Yes,Yes,No,No internet service,No internet service,No internet service,No internet service,No internet service,No internet service,Month-to-month,Yes,Credit card (automatic),3330.53
MW-29371-JJCY,No,18.0,Female,0,Yes,No,22,No,No phone service,DSL,No,No,Yes,No,Yes,No,Month-to-month,Yes,Bank transfer (automatic),404.43
MW-84247-XVKL,Yes,114.38,Female,0,Yes,Yes,30,No,No phone service,Fiber optic,No,No,No,Yes,No,No,Month-to-month,Yes,Bank transfer (automatic),3416.99
MW-57637-KJBF,No,52.26,Female,0,No,No,21,Yes,No,Fiber optic,Yes,Yes,No,Yes,No,No,One year,Yes,Credit card (automatic),1103.06
MW-56635-QGDL,No,90.11,Female,0,No,No,55,Yes,Yes,Fiber optic,No,No,Yes,No,Yes,No,One year,No,Bank transfer (automatic),4960.19
MW-71547-VJUR,Yes,69.66,Male,0,Yes,No,11,Yes,No,Fiber optic,No,No,No,Yes,No,Yes,Month-to-month,Yes,Bank transfer (automatic),761.38
MW-15624-HRNE,No,76.07,Female,1,Yes,No,16,Yes,No,Fiber optic,No,No,Yes,Yes,Yes,No,One year,Yes,Bank transfer (automatic),1186.14
MW-11455-LGPB,No,30.04,Male,1,Yes,No,18,Yes,No,No,No internet service,No internet service,No internet service,No internet service,No internet service,No internet service,Two year,No,Bank transfer (automatic),573.13
MW-69590-BKNM,No,41.18,Female,0,No,Yes,66,Yes,Yes,DSL,No,Yes,No,No,No,No,Month-to-month,No,Bank transfer (automatic),2702.07
MW-80464-BCCC,Yes,41.86,Male,0,No,Yes,68,Yes,No,DSL,Yes,No,Yes,No,No,Yes,Month-to-month,Yes,Mailed check,2850.57
MW-54388-VGVM,Yes,64.76,Male,1,Yes,No,36,Yes,Yes,Fiber optic,No,No,Yes,Yes,Yes,No,Month-to-month,Yes,Credit card (automatic),2320.41
MW-47525-ZZQX,Yes,103.78,Female,0,Yes,Yes,11,Yes,No,Fiber optic,No,Yes,No,No,No,No,Month-to-month,No,Electronic check,1157.3
MW-59941-KKCP,No,77.0,Male,0,No,Yes,55,Yes,Yes,DSL,Yes,No,No,No,Yes,No,Month-to-month,Yes,Electronic check,4229.31
MW-65281-RPFJ,No,36.99,Female,0,Yes,No,35,Yes,Yes,No,No internet service,No internet service,No internet service,No internet service,No internet service,No internet service,One year,No,Mailed check,1283.37
MW-39766-GWDG,No,66.62,Female,0,No,No,62,Yes,Yes,No,No internet service,No internet service,No internet service,No internet service,No internet service,No internet service,Month-to-month,Yes,Electronic check,4139.37
MW-82309-HLHX,No,61.58,Female,1,No,No,26,Yes,No,Fiber optic,Yes,No,No,No,Yes,No,Month-to-month,No,Bank transfer (automatic),1582.0
MW-77910-NJJN,Yes,53.47,Male,0,No,Yes,72,No,No phone service,Fiber optic,No,Yes,Yes,No,No,No,Two year,No,Electronic check,3843.64
MW-61014-JWCH,Yes,63.54,Female,0,No,Yes,58,Yes,Yes,DSL,No,Yes,No,No,No,Yes,Month-to-month,No,Bank transfer (automatic),3695.67
MW-55684-LZHE,No,86.91,Male,0,No,No,16,Yes,Yes,Fiber optic,Yes,No,Yes,Yes,Yes,Yes,One year,Yes,Mailed check,1413.16
MW-62488-KSZB,No,42.4,Female,0,No,No,52,Yes,No,Fiber optic,No,No,No,No,No,No,One year,No,Electronic check,2190.36
MW-47776-RNJD,No,53.62,Male,0,Yes,No,20,Yes,Yes,No,No internet service,No internet service,No internet service,No internet service,No internet service,No internet service,Two year,Yes,Electronic check,1063.23
MW-28540-RRDQ,No,93.46,Female,0,No,No,25,Yes,No,Fiber optic,No,No,No,No,No,Yes,One year,Yes,Mailed check,2341.78
MW-92398-NKNY,No,78.07,Female,0,No,Yes,18,Yes,Yes,DSL,Yes,No,No,Yes,Yes,Yes,Two year,Yes,Bank transfer (automatic),1375.3
MW-25690-LXAT,No,102.37,Male,0,No,No,49,Yes,Yes,DSL,Yes,No,Yes,No,Yes,No,One year,Yes,Mailed check,5036.49
MW-70209-TTJB,Yes,107.08,Female,0,Yes,No,19,Yes,No,DSL,No,Yes,Yes,No,Yes,No,Month-to-month,No,Electronic check,2019.53
MW-39400-BHCE,Yes,23.18,Female,0,No,No,46,Yes,Yes,No,No internet service,No internet service,No internet service,No internet service,No internet service,No internet service,Month-to-month,Yes,Electronic check,1059.72
MW-97418-AKXC,No,72.65,Female,0,Yes,No,42,Yes,No,No,No internet service,No internet service,No internet service,No internet service,No internet service,No internet service,Month-to-month,Yes,Electronic check,3055.21
MW-38195-JHLP,No,48.76,Male,0,Yes,No,54,Yes,No,No,No internet service,No internet service,No internet service,No internet service,No internet service,No internet service,Month-to-month,No,Electronic check,2633.81
MW-63789-YDHC,No,28.04,Female,0,No,Yes,72,Yes,No,No,No internet service,No internet service,No internet service,No internet service,No internet service,No internet service,Month-to-month,No,Credit card (automatic),2004.43
MW-80532-BSGF,Yes,40.32,Male,0,No,Yes,0,Yes,No,DSL,Yes,No,No,Yes,No,No,Month-to-month,Yes,Electronic check,25.82
MW-30223-LMLW,Yes,54.98,Female,0,Yes,No,72,Yes,No,Fiber optic,No,Yes,Yes,Yes,No,Yes,Month-to-month,Yes,Electronic check,3919.93
MW-25259-SKEC,Yes,55.16,Male,0,Yes,No,7,Yes,Yes,Fiber optic,Yes,Yes,Yes,No,No,No,Month-to-month,Yes,Credit card (automatic),369.29
MW-37455-SUST,No,45.79,Female,0,Yes,No,38,Yes,Yes,DSL,Yes,No,No,No,No,No,Month-to-month,Yes,Bank transfer (automatic),1730.47
MW-68641-RQZN,No,63.59,Female,0,No,No,24,Yes,No,Fiber optic,No,Yes,No,No,No,No,One year,No,Mailed check,1511.91
MW-36333-XULJ,No,120.0,Male,0,Yes,No,46,Yes,No,Fiber optic,No,No,Yes,No,No,No,One year,Yes,Bank transfer (automatic),5538.29
MW-37577-DHNR,No,18.0,Female,0,No,No,52,Yes,No,No,No internet service,No internet service,No internet service,No internet service,No internet service,No internet service,Two year,No,Credit card (automatic),911.12
MW-91062-WDDR,Yes,98.12,Female,0,No,Yes,62,Yes,No,DSL,Yes,Yes,No,No,No,No,Month-to-month,No,Electronic check,6106.8
MW-67883-AWFN,No,63.45,Female,0,No,Yes,29,Yes,Yes,No,No internet service,No internet service,No internet service,No internet service,No internet service,No internet service,Two year,Yes,Electronic check,1835.88
MW-27118-BBXR,No,50.86,Male,0,Yes,No,68,Yes,No,No,No internet service,No internet service,No internet service,No internet service,No internet service,No internet service,Two year,Yes,Credit card (automatic),3438.07
MW-22499-YWZE,No,18.0,Male,0,No,No,23,Yes,Yes,No,No internet service,No internet service,No internet service,No internet service,No internet service,No internet service,Month-to-month,Yes,Credit card (automatic),382.49
MW-67747-TQFE,No,86.88,Male,0,Yes,No,14,Yes,No,DSL,No,Yes,No,Yes,Yes,No,Two year,No,Credit card (automatic),1213.09
MW-18182-KVMG,No,20.77,Male,0,No,Yes,27,Yes,Yes,DSL,No,No,No,No,No,Yes,Month-to-month,Yes,Electronic check,550.26
MW-59943-PRQQ,No,88.84,Male,0,No,No,38,Yes,No,Fiber optic,No,Yes,Yes,No,Yes,Yes,One year,Yes,Credit card (automatic),3379.47
MW-84517-KJKX,No,116.24,Female,0,No,No,48,Yes,No,DSL,No,No,No,No,Yes,Yes,Two year,No,Mailed check,5572.76
MW-69330-LXHJ,Yes,25.52,Male,0,No,No,60,Yes,No,DSL,No,No,No,No,No,No,Month-to-month,Yes,Bank transfer (automatic),1545.54
MW-73998-JJHR,No,99.05,Male,0,No,No,16,Yes,No,Fiber optic,No,Yes,No,No,No,No,One year,Yes,Credit card (automatic),1582.66
MW-96761-ZGHH,Yes,64.76,Female,0,No,No,22,Yes,No,DSL,Yes,Yes,Yes,Yes,Yes,No,Month-to-month,Yes,Electronic check,1418.36
MW-39693-FAAC,No,18.0,Male,1,No,Yes,68,Yes,No,Fiber optic,No,No,No,No,No,Yes,Month-to-month,No,Electronic check,1238.6
MW-14078-DRDH,No,27.86,Female,0,Yes,Yes,32,Yes,Yes,No,No internet service,No internet service,No internet service,No internet service,No internet service,No internet service,Month-to-month,Yes,Bank transfer (automatic),894.94
MW-42268-MBMY,No,69.35,Male,0,No,Yes,17,Yes,No,Fiber optic,Yes,No,Yes,No,No,No,Month-to-month,No,Credit card (automatic),1190.57
MW-30861-AHCF,Yes,76.04,Female,0,No,No,71,Yes,No,No,No internet service,No internet service,No internet service,No internet service,No internet service,No internet service,Month-to-month,Yes,Electronic check,5416.07
MW-77599-WNJV,No,18.0,Female,0,No,No,32,Yes,No,Fiber optic,Yes,Yes,No,No,Yes,No,One year,Yes,Credit card (automatic),571.59
MW-61674-YWNH,No,64.95,Female,0,No,No,71,Yes,Yes,DSL,No,No,Yes,Yes,Yes,No,Month-to-month,No,Mailed check,4612.02
MW-47741-NTLN,No,88.71,Male,0,No,Yes,67,Yes,Yes,DSL,No,Yes,No,Yes,No,No,Month-to-month,No,Mailed check,5956.23
MW-56512-UQUL,No,93.96,Male,0,Yes,No,66,Yes,Yes,Fiber optic,Yes,No,No,No,Yes,Yes,One year,Yes,Electronic check,6164.6
MW-38458-VESV,Yes,51.61,Female,0,Yes,No,42,Yes,No,DSL,No,Yes,Yes,No,Yes,No,Month-to-month,Yes,Credit card (automatic),2166.09
MW-61699-LPQK,Yes,77.15,Male,0,Yes,No,58,Yes,Yes,No,No internet service,No internet service,No internet service,No internet service,No internet service,No internet service,Month-to-month,No,Electronic check,4471.33
MW-11383-MSTL,No,96.17,Male,0,No,No,70,Yes,Yes,No,No internet service,No internet service,No internet service,No internet service,No internet service,No internet service,One year,Yes,Bank transfer (automatic),6737.51
MW-79566-XWTD,No,89.57,Male,0,No,Yes,19,Yes,Yes,DSL,No,No,No,No,No,Yes,Two year,No,Electronic check,1689.81
MW-94287-KAYP,Yes,90.74,Male,0,Yes,No,2,Yes,Yes,DSL,No,Yes,No,No,No,No,Month-to-month,Yes,Credit card (automatic),197.91
MW-56480-HGSC,Yes,67.41,Male,1,No,Yes,23,Yes,No,Fiber optic,No,Yes,Yes,No,Yes,Yes,Month-to-month,No,Credit card (automatic),1539.36
MW-37737-JATU,No,61.16,Male,0,No,No,46,Yes,No,Fiber optic,Yes,Yes,No,Yes,No,No,Two year,No,Electronic check,2806.47
MW-28167-TZMQ,No,72.16,Male,0,Yes,Yes,39,Yes,Yes,DSL,No,No,Yes,No,Yes,No,Two year,Yes,Electronic check,2804.27
MW-30814-WUMW,No,41.09,Female,0,Yes,No,5,Yes,No,DSL,Yes,No,Yes,No,Yes,Yes,Month-to-month,No,Mailed check,223.9
MW-75494-UVMH,Yes,97.36,Male,0,Yes,No,40,Yes,Yes,DSL,No,Yes,No,No,Yes,Yes,Month-to-month,Yes,Mailed check,3863.12
MW-93731-UAXR,No,18.09,Male,0,No,No,12,Yes,No,Fiber optic,No,Yes,No,Yes,No,No,Month-to-month,No,Credit card (automatic),243.88
MW-21722-VYTX,No,48.87,Male,0,No,No,36,No,No phone service,DSL,No,No,No,No,Yes,Yes,One year,Yes,Bank transfer (automatic),1781.42
MW-89544-RAKX,No,62.91,Female,1,Yes,No,42,Yes,No,Fiber optic,Yes,Yes,No,No,No,Yes,Two year,Yes,Mailed check,2633.75
MW-36924-FALN,Yes,78.09,Male,0,No,No,46,Yes,Yes,DSL,Yes,Yes,Yes,No,No,No,One year,No,Bank transfer (automatic),3607.54
MW-16336-MWEK,Yes,83.73,Female,1,Yes,No,30,Yes,Yes,Fiber optic,Yes,No,No,No,No,Yes,Month-to-month,No,Mailed check,2513.85
MW-93291-QSWF,Yes,108.67,Male,0,No,Yes,29,Yes,No,Fiber optic,Yes,No,Yes,Yes,Yes,Yes,One year,No,Electronic check,3176.22
MW-52691-XZZB,No,66.33,Male,0,Yes,Yes,49,Yes,Yes,DSL,No,No,No,No,No,No,Two year,Yes,Electronic check,3264.43
MW-22515-JRGA,No,42.46,Male,0,Yes,Yes,54,No,No phone service,No,No internet service,No internet service,No internet service,No internet service,No internet service,No internet service,Month-to-month,No,Electronic check,2325.74
MW-95499-GBTG,No,59.65,Female,0,No,No,58,Yes,No,Fiber optic,No,Yes,Yes,Yes,No,No,Two year,Yes,Bank transfer (automatic),3436.27
MW-70511-RAVE,No,54.42,Male,0,Yes,No,24,Yes,No,No,No internet service,No internet service,No internet service,No internet service,No internet service,No internet service,Month-to-month,Yes,Electronic check,1308.95
MW-21024-FDBX,No,79.6,Female,0,No,No,30,No,No phone service,Fiber optic,Yes,Yes,Yes,Yes,No,No,Month-to-month,Yes,Bank transfer (automatic),2362.14
MW-90655-YAGQ,Yes,31.99,Male,0,Yes,No,24,Yes,Yes,Fiber optic,No,No,No,No,No,No,One year,Yes,Electronic check,759.98
MW-25531-PSXV,No,58.74,Female,0,Yes,No,38,Yes,No,DSL,No,No,Yes,Yes,No,No,Month-to-month,No,Bank transfer (automatic),2265.86
MW-68684-HJJE,No,112.68,Male,0,No,Yes,9,Yes,Yes,Fiber optic,Yes,No,No,No,No,No,Two year,No,Electronic check,1021.14
MW-39086-PCCD,No,69.4,Male,0,No,Yes,31,Yes,Yes,Fiber optic,Yes,Yes,No,No,No,No,Month-to-month,No,Mailed check,2166.17
MW-81381-TNHQ,Yes,32.41,Female,0,No,No,13,Yes,No,Fiber optic,No,Yes,Yes,Yes,No,No,Month-to-month,No,Electronic check,429.04
MW-51194-TUMV,Yes,53.81,Female,0,No,Yes,38,Yes,No,DSL,No,Yes,No,Yes,No,No,Month-to-month,Yes,Electronic check,2051.54
MW-33967-HWED,No,18.0,Male,1,No,No,62,No,No phone service,DSL,Yes,No,Yes,Yes,No,No,Month-to-month,Yes,Electronic check,1108.16
MW-97815-UTXB,No,62.23,Male,0,Yes,No,71,Yes,Yes,DSL,No,Yes,Yes,No,Yes,No,Month-to-month,Yes,Mailed check,4407.7
MW-66808-XXPN,No,113.43,Male,1,No,No,32,Yes,No,DSL,Yes,Yes,Yes,No,No,No,One year,Yes,Bank transfer (automatic),3621.52
MW-40114-DRUQ,Yes,28.4,Male,0,No,No,4,Yes,Yes,Fiber optic,Yes,No,Yes,Yes,Yes,No,Month-to-month,No,Electronic check,72.64
MW-89203-FPDN,No,20.32,Female,0,Yes,No,16,Yes,No,No,No internet service,No internet service,No internet service,No internet service,No internet service,No internet service,Month-to-month,No,Bank transfer (automatic),323.89
MW-40268-XYTJ,No,44.4,Male,0,No,No,7,Yes,Yes,DSL,Yes,No,Yes,Yes,Yes,No,One year,No,Bank transfer (automatic),314.4
MW-29401-JUAJ,Yes,91.64,Female,0,No,No,55,Yes,No,DSL,No,Yes,No,No,No,No,Month-to-month,Yes,Mailed check,5030.91
MW-41146-PBVK,No,115.14,Female,0,No,No,71,Yes,No,DSL,No,Yes,No,No,No,No,One year,No,Bank transfer (automatic),8172.98
MW-19228-WDAL,Yes,77.45,Female,0,Yes,No,40,Yes,No,DSL,No,No,Yes,No,Yes,No,Month-to-month,No,Electronic check,3105.88
MW-86242-ZBDU,Yes,25.42,Male,0,No,Yes,12,Yes,Yes,Fiber optic,No,No,Yes,Yes,No,Yes,Month-to-month,Yes,Bank transfer (automatic),318.31
MW-94144-CQBA,No,63.33,Male,0,Yes,No,1,Yes,Yes,DSL,No,No,No,No,No,No,One year,No,Credit card (automatic),45.36
MW-58101-KRQY,No,117.68,Female,0,Yes,No,71,Yes,Yes,No,No internet service,No internet service,No internet service,No internet service,No internet service,No internet service,One year,Yes,Credit card (automatic),8343.36
MW-37866-BBUJ,No,54.67,Female,0,No,No,23,Yes,No,No,No internet service,No internet service,No internet service,No internet service,No internet service,No internet service,Two year,Yes,Electronic check,1268.7
MW-34631-FXHA,No,68.21,Female,0,No,No,8,Yes,Yes,Fiber optic,No,No,No,No,Yes,No,Month-to-month,Yes,Bank transfer (automatic),554.52
MW-56474-AYDZ,Yes,71.22,Male,0,No,No,12,Yes,No,No,No internet service,No internet service,No internet service,No internet service,No internet service,No internet service,Month-to-month,No,Electronic check,874.81
MW-17379-EKBM,No,18.0,Male,1,Yes,No,18,No,No phone service,Fiber optic,Yes,No,No,No,No,No,One year,Yes,Mailed check,343.54
MW-26061-ZZJB,No,93.94,Female,0,No,No,47,Yes,Yes,No,No internet service,No internet service,No internet service,No internet service,No internet service,No internet service,One year,Yes,Electronic check,4451.4
MW-28251-SHWB,No,89.61,Female,0,Yes,No,65,No,No phone service,DSL,Yes,No,Yes,Yes,Yes,No,One year,No,Electronic check,5820.26
MW-60056-CTRR,No,18.0,Female,0,Yes,No,20,Yes,Yes,No,No internet service,No internet service,No internet service,No internet service,No internet service,No internet service,One year,No,Bank transfer (automatic),383.68
MW-94230-PWSE,No,24.08,Female,0,No,No,50,Yes,No,DSL,Yes,No,No,Yes,No,No,One year,No,Credit card (automatic),1190.2
MW-17831-VPET,Yes,34.91,Male,0,Yes,Yes,4,Yes,Yes,Fiber optic,No,Yes,Yes,Yes,Yes,Yes,Month-to-month,Yes,Electronic check,175.55
MW-97974-SGEX,No,86.45,Female,0,No,Yes,0,Yes,Yes,No,No internet service,No internet service,No internet service,No internet service,No internet service,No internet service,One year,No,Bank transfer (automatic),6.82
MW-97339-WESC,Yes,41.47,Male,0,No,Yes,4,Yes,Yes,Fiber optic,No,No,No,Yes,Yes,No,Month-to-month,No,Bank transfer (automatic),174.01
MW-18330-XGEV,Yes,76.04,Female,0,Yes,No,67,Yes,No,DSL,Yes,Yes,No,No,No,No,Month-to-month,Yes,Credit card (automatic),5109.53
MW-92145-ZTXX,No,58.55,Male,1,Yes,No,42,Yes,No,DSL,Yes,No,No,No,No,Yes,One year,No,Bank transfer (automatic),2438.77
MW-63800-HQSY,No,66.14,Male,1,Yes,No,58,Yes,No,DSL,No,No,Yes,No,Yes,Yes,Month-to-month,Yes,Electronic check,3820.0
MW-36734-NPVY,Yes,78.88,Female,0,No,No,1,Yes,No,Fiber optic,No,No,No,Yes,No,No,Month-to-month,Yes,Electronic check,80.62
MW-55352-BWKM,No,72.17,Male,0,Yes,No,1,Yes,No,Fiber optic,Yes,No,No,No,No,No,Two year,Yes,Bank transfer (automatic),77.36
MW-95198-LAPZ,No,63.43,Female,0,No,No,61,No,No phone service,Fiber optic,No,No,No,No,No,No,One year,No,Electronic check,3900.47
MW-46285-TMAT,Yes,73.81,Female,0,Yes,No,7,Yes,Yes,No,No internet service,No internet service,No internet service,No internet service,No internet service,No internet service,Month-to-month,Yes,Credit card (automatic),502.43
MW-27927-SLJJ,No,70.51,Female,0,Yes,Yes,11,Yes,Yes,DSL,Yes,Yes,Yes,No,No,No,Two year,No,Credit card (automatic),798.71
MW-86553-FJDJ,Yes,57.71,Female,0,Yes,Yes,37,Yes,Yes,No,No internet service,No internet service,No internet service,No internet service,No internet service,No internet service,Month-to-month,No,Credit card (automatic),2131.29
MW-60030-YPPV,No,51.06,Female,1,No,No,44,Yes,Yes,Fiber optic,Yes,No,No,No,No,Yes,One year,Yes,Electronic check,2242.45
MW-76742-XPJN,No,120.0,Female,0,Yes,Yes,16,No,No phone service,Fiber optic,Yes,No,No,Yes,Yes,No,Month-to-month,Yes,Bank transfer (automatic),1917.54
MW-92897-WHZM,Yes,50.72,Male,0,No,Yes,32,Yes,Yes,Fiber optic,No,No,No,No,No,Yes,Month-to-month,No,Bank transfer (automatic),1618.46
MW-17171-TEZT,Yes,105.01,Female,0,No,Yes,49,No,No phone service,No,No internet service,No internet service,No internet service,No internet service,No internet service,No internet service,Month-to-month,No,Electronic check,5152.79
MW-53520-XULF,Yes,43.45,Male,0,No,No,32,Yes,Yes,DSL,Yes,Yes,No,No,Yes,No,Month-to-month,No,Electronic check,1384.48
MW-30528-VPFG,No,88.31,Male,0,Yes,Yes,27,Yes,No,Fiber optic,No,Yes,Yes,Yes,No,No,Month-to-month,Yes,Electronic check,2363.21
MW-83815-EZSH,Yes,117.51,Female,0,No,No,5,Yes,No,No,No internet service,No internet service,No internet service,No internet service,No internet service,No internet service,Month-to-month,Yes,Mailed check,583.53
MW-10363-FWTS,No,53.87,Male,1,Yes,No,32,Yes,No,Fiber optic,No,Yes,No,Yes,No,Yes,One year,Yes,Credit card (automatic),1730.69
MW-10719-BZLT,Yes,43.98,Male,0,Yes,No,58,Yes,Yes,DSL,Yes,No,No,No,Yes,No,Month-to-month,Yes,Credit card (automatic),2529.81
MW-10292-EQCM,No,51.12,Female,0,No,No,45,Yes,No,Fiber optic,No,Yes,No,No,Yes,No,Month-to-month,Yes,Electronic check,2309.13
MW-93923-FMWA,No,63.42,Male,1,No,No,65,No,No phone service,No,No internet service,No internet service,No internet service,No internet service,No internet service,No internet service,Two year,Yes,Bank transfer (automatic),4140.01
MW-57281-MZZP,Yes,73.66,Female,1,Yes,No,9,Yes,No,DSL,Yes,Yes,No,No,No,Yes,One year,No,Electronic check,685.14
MW-16937-RQLE,No,62.8,Male,0,No,No,0,Yes,Yes,Fiber optic,No,No,No,No,No,Yes,Two year,Yes,Electronic check,5.06
MW-41780-VLWF,No,51.4,Male,0,No,No,40,Yes,No,No,No internet service,No internet service,No internet service,No internet service,No internet service,No internet service,Month-to-month,Yes,Electronic check,2028.93
MW-95713-EFRP,No,120.0,Male,0,Yes,Yes,13,Yes,Yes,Fiber optic,No,No,No,No,No,No,Month-to-month,No,Bank transfer (automatic),1569.71
MW-34259-RFJR,No,57.99,Male,0,Yes,No,43,No,No phone service,DSL,Yes,No,Yes,Yes,No,No,One year,No,Bank transfer (automatic),2508.08
MW-84470-NKHK,No,45.4,Female,1,No,Yes,65,Yes,Yes,Fiber optic,No,No,Yes,Yes,No,No,One year,Yes,Credit card (automatic),2940.55
MW-97097-GSDS,No,88.92,Male,0,No,Yes,24,Yes,Yes,Fiber optic,No,Yes,No,No,No,No,Month-to-month,No,Credit card (automatic),2132.99
MW-84376-BKMY,No,89.39,Male,1,Yes,No,40,Yes,Yes,Fiber optic,No,No,No,No,Yes,No,Two year,Yes,Electronic check,3582.85
MW-36945-RHJT,No,106.37,Male,0,Yes,No,49,Yes,Yes,Fiber optic,Yes,No,Yes,No,No,No,One year,Yes,Bank transfer (automatic),5238.94
MW-53932-WVXF,No,120.0,Male,0,No,No,10,No,No phone service,Fiber optic,Yes,No,Yes,No,No,No,One year,No,Electronic check,1196.16
MW-74401-MMLA,Yes,74.39,Female,0,Yes,Yes,65,Yes,No,No,No internet service,No internet service,No internet service,No internet service,No internet service,No internet service,Month-to-month,No,Mailed check,4848.72
MW-28616-FHKG,No,55.35,Male,1,No,Yes,14,Yes,No,No,No internet service,No internet service,No internet service,No internet service,No internet service,No internet service,One year,Yes,Mailed check,779.64
MW-31902-JUHF,Yes,18.0,Female,0,Yes,No,59,Yes,No,No,No internet service,No internet service,No internet service,No internet service,No internet service,No internet service,Month-to-month,No,Electronic check,1064.99
MW-68137-MAFA,No,35.86,Female,1,Yes,No,48,Yes,Yes,Fiber optic,Yes,No,No,No,No,Yes,Two year,No,Electronic check,1741.24
MW-51814-BUAD,Yes,70.26,Male,0,Yes,No,10,Yes,Yes,DSL,No,No,No,No,Yes,Yes,Month-to-month,Yes,Electronic check,690.13
MW-29336-ERHE,Yes,28.57,Male,1,Yes,No,52,Yes,No,Fiber optic,No,No,No,No,Yes,Yes,Month-to-month,Yes,Electronic check,1489.1
MW-32142-TFYV,Yes,18.0,Female,0,Yes,Yes,14,Yes,No,DSL,No,Yes,No,No,No,No,Month-to-month,Yes,Credit card (automatic),252.41
MW-49526-XSGR,No,65.97,Male,0,Yes,No,43,Yes,Yes,Fiber optic,Yes,No,Yes,No,No,No,One year,Yes,Electronic check,2814.11
MW-41712-UYBW,No,87.3,Female,0,No,Yes,70,Yes,Yes,DSL,No,Yes,No,No,No,Yes,Two year,Yes,Mailed check,6129.49
MW-43667-VWED,No,56.61,Male,0,Yes,Yes,69,Yes,No,Fiber optic,No,No,Yes,Yes,No,No,Two year,Yes,Credit card (automatic),3918.53
MW-90308-RDEZ,No,90.9,Male,0,No,Yes,63,Yes,No,Fiber optic,No,No,No,Yes,Yes,No,One year,Yes,Bank transfer (automatic),5727.21
MW-46485-XPRP,No,82.5,Male,0,No,No,36,Yes,Yes,Fiber optic,No,No,No,Yes,Yes,No,Two year,Yes,Mailed check,2966.08
MW-11131-TNQT,Yes,98.48,Female,0,Yes,No,40,Yes,Yes,Fiber optic,No,No,No,No,No,Yes,One year,Yes,Credit card (automatic),3939.2
MW-56902-VQTD,Yes,120.0,Female,0,No,No,21,Yes,No,DSL,No,No,Yes,No,No,No,Month-to-month,No,Electronic check,2530.61
MW-33482-BCTH,No,120.0,Female,0,Yes,No,67,Yes,No,DSL,No,No,Yes,Yes,No,No,One year,No,Electronic check,8040.79
MW-48967-UWSK,Yes,85.95,Male,0,Yes,No,34,Yes,No,Fiber optic,No,No,No,No,No,Yes,Month-to-month,No,Bank transfer (automatic),2912.29
MW-76709-CWJP,Yes,50.2,Male,0,Yes,No,56,Yes,No,No,No internet service,No internet service,No internet service,No internet service,No internet service,No internet service,Month-to-month,No,Mailed check,2803.44
MW-16077-TYNX,Yes,65.86,Female,0,No,Yes,26,Yes,No,No,No internet service,No internet service,No internet service,No internet service,No internet service,No internet service,Month-to-month,Yes,Credit card (automatic),1712.18
MW-48809-TKJP,Yes,111.2,Male,0,Yes,No,54,No,No phone service,No,No internet service,No internet service,No internet service,No internet service,No internet service,No internet service,Month-to-month,Yes,Electronic check,5990.81
MW-39206-TTTB,No,37.2,Female,0,Yes,Yes,16,Yes,No,DSL,No,No,Yes,No,No,Yes,Two year,Yes,Bank transfer (automatic),600.2
MW-66447-LDAT,No,107.43,Female,0,No,No,53,Yes,Yes,DSL,Yes,Yes,No,No,Yes,Yes,Two year,No,Bank transfer (automatic),5681.89
MW-70814-ZXWH,Yes,58.9,Male,0,No,No,3,Yes,Yes,Fiber optic,Yes,No,No,No,Yes,No,Month-to-month,No,Credit card (automatic),162.38
MW-53709-DKLW,No,70.81,Male,0,Yes,No,7,Yes,No,Fiber optic,No,No,No,No,Yes,Yes,One year,No,Electronic check,543.57
MW-69802-HGZY,Yes,39.77,Female,0,No,No,25,Yes,No,Fiber optic,Yes,No,Yes,No,No,Yes,Month-to-month,Yes,Electronic check,1023.35
MW-34117-TDPG,Yes,24.29,Female,0,No,No,35,No,No phone service,Fiber optic,Yes,No,No,No,No,Yes,Month-to-month,Yes,Credit card (automatic),852.31
MW-14753-DAHC,No,55.63,Male,0,Yes,No,51,Yes,Yes,Fiber optic,Yes,No,No,No,No,No,Month-to-month,No,Bank transfer (automatic),2849.9
MW-62989-CGMR,No,103.09,Male,0,Yes,No,26,Yes,No,Fiber optic,No,No,Yes,No,No,No,Month-to-month,Yes,Electronic check,2695.65
MW-46007-WEUY,Yes,42.94,Female,0,No,No,1,Yes,Yes,No,No internet service,No internet service,No internet service,No internet service,No internet service,No internet service,Month-to-month,No,Electronic check,41.81
MW-49720-UJHN,Yes,112.38,Female,0,No,No,23,Yes,Yes,DSL,No,Yes,No,No,No,Yes,Month-to-month,Yes,Credit card (automatic),2588.98
MW-43728-VRLD,Yes,46.81,Female,1,Yes,Yes,32,Yes,Yes,No,No internet service,No internet service,No internet service,No internet service,No internet service,No internet service,Month-to-month,No,Bank transfer (automatic),1493.99
MW-73109-SSNC,Yes,31.95,Male,1,Yes,No,39,Yes,Yes,Fiber optic,Yes,No,Yes,Yes,Yes,No,Month-to-month,No,Bank transfer (automatic),1264.89
MW-44952-LVYM,No,71.61,Male,0,Yes,No,47,Yes,Yes,DSL,No,Yes,Yes,Yes,No,Yes,Two year,No,Credit card (automatic),3384.71
MW-51793-WCBS,No,84.37,Female,0,No,No,18,Yes,No,No,No internet service,No internet service,No internet service,No internet service,No internet service,No internet service,Month-to-month,No,Electronic check,1542.09
MW-85210-ZBDZ,Yes,69.64,Female,0,No,No,44,Yes,No,No,No internet service,No internet service,No internet service,No internet service,No internet service,No internet service,Month-to-month,Yes,Electronic check,3068.15
MW-86286-YLBK,No,68.53,Female,0,No,No,46,Yes,Yes,Fiber optic,No,No,No,No,No,Yes,Month-to-month,Yes,Bank transfer (automatic),3184.9
MW-55211-SHHL,No,112.09,Male,0,Yes,Yes,56,Yes,No,DSL,Yes,Yes,No,Yes,No,No,Month-to-month,No,Credit card (automatic),6275.89
MW-88680-LUMN,Yes,66.85,Female,0,Yes,No,38,Yes,No,DSL,Yes,Yes,No,No,No,No,Month-to-month,Yes,Electronic check,2571.0
MW-24346-KRSB,No,49.89,Male,1,No,No,59,Yes,Yes,Fiber optic,No,No,Yes,No,No,No,Month-to-month,Yes,Bank transfer (automatic),2936.56
MW-43543-AWBN,No,30.01,Male,1,No,No,16,Yes,Yes,DSL,No,No,Yes,Yes,No,No,One year,Yes,Electronic check,460.7
MW-31347-WNCG,No,102.21,Male,0,No,Yes,51,Yes,No,DSL,Yes,Yes,No,Yes,No,No,One year,No,Electronic check,5243.13
MW-44367-DBJJ,No,51.23,Male,0,No,Yes,3,Yes,Yes,Fiber optic,Yes,Yes,No,No,Yes,No,One year,Yes,Credit card (automatic),163.6
MW-52450-RVPP,No,54.16,Male,1,Yes,No,7,Yes,Yes,DSL,Yes,No,No,No,Yes,No,One year,No,Electronic check,386.91
MW-67916-VGMQ,Yes,95.56,Male,0,No,Yes,63,Yes,No,Fiber optic,No,No,No,No,No,No,Month-to-month,No,Electronic check,6014.87
MW-17081-VJNF,No,120.0,Male,0,Yes,No,34,Yes,No,Fiber optic,No,No,No,No,No,No,Month-to-month,Yes,Credit card (automatic),4067.32
MW-46547-HTWE,No,71.54,Female,0,No,No,45,No,No phone service,DSL,Yes,Yes,No,Yes,No,No,Month-to-month,Yes,Mailed check,3208.05
MW-47426-ZQZT,No,59.89,Male,0,No,Yes,44,Yes,No,Fiber optic,Yes,No,No,No,No,No,Month-to-month,Yes,Mailed check,2637.24
MW-22338-DBXS,No,63.83,Male,0,Yes,No,50,Yes,Yes,DSL,No,Yes,No,Yes,No,No,Month-to-month,No,Credit card (automatic),3189.25
MW-27621-WADV,No,50.33,Female,0,No,No,17,Yes,Yes,DSL,No,Yes,No,No,No,No,Month-to-month,Yes,Electronic check,826.5
MW-22653-WGZD,Yes,53.32,Male,0,Yes,No,13,No,No phone service,Fiber optic,No,No,Yes,Yes,No,Yes,One year,Yes,Bank transfer (automatic),718.57
MW-11270-HDPL,Yes,53.49,Female,1,No,No,3,Yes,No,Fiber optic,Yes,Yes,No,Yes,No,Yes,Month-to-month,Yes,Electronic check,154.17
MW-66896-QGNM,No,91.32,Female,0,No,No,63,Yes,Yes,DSL,No,No,No,No,No,No,Month-to-month,Yes,Electronic check,5771.74
MW-49394-GWWC,Yes,61.35,Female,0,Yes,No,16,No,No phone service,Fiber optic,No,Yes,Yes,No,Yes,Yes,One year,Yes,Bank transfer (automatic),971.02
MW-81920-HGGC,Yes,104.78,Female,0,No,No,41,Yes,Yes,Fiber optic,Yes,Yes,No,No,No,No,Month-to-month,Yes,Electronic check,4298.3
MW-33643-KRJQ,No,60.51,Female,0,No,No,33,Yes,Yes,Fiber optic,No,Yes,No,Yes,No,No,Two year,Yes,Credit card (automatic),2011.41
MW-59497-BWNT,No,52.99,Female,1,No,Yes,11,Yes,Yes,DSL,No,No,No,No,Yes,Yes,Two year,Yes,Credit card (automatic),595.41
MW-79442-MSPD,No,102.34,Female,0,Yes,No,30,Yes,No,Fiber optic,Yes,No,No,No,No,No,Two year,Yes,Credit card (automatic),3066.18
MW-51364-FVJA,Yes,64.65,Male,0,Yes,Yes,6,Yes,Yes,Fiber optic,No,Yes,No,Yes,Yes,Yes,Month-to-month,No,Electronic check,395.54
MW-13205-NTWV,No,60.21,Female,1,Yes,Yes,12,Yes,Yes,DSL,No,No,No,No,No,No,Month-to-month,Yes,Electronic check,732.66
MW-53511-YFTH,No,65.01,Male,1,No,No,10,Yes,No,Fiber optic,No,No,No,No,Yes,Yes,One year,Yes,Credit card (automatic),647.88
MW-60219-XFTV,No,108.0,Male,1,No,No,60,Yes,No,Fiber optic,No,No,No,No,No,Yes,One year,Yes,Mailed check,6463.29
MW-73391-QLMJ,No,73.18,Male,0,Yes,No,41,Yes,Yes,DSL,No,Yes,Yes,Yes,No,No,One year,Yes,Bank transfer (automatic),2991.01
MW-10210-CNQT,No,101.48,Female,0,Yes,No,67,Yes,No,Fiber optic,No,No,No,Yes,Yes,Yes,Month-to-month,Yes,Credit card (automatic),6793.47
MW-65384-BRGS,Yes,56.96,Male,0,No,No,31,Yes,No,No,No internet service,No internet service,No internet service,No internet service,No internet service,No internet service,Month-to-month,No,Electronic check,1766.15
MW-97758-MYCG,Yes,96.68,Male,0,No,No,14,Yes,No,DSL,Yes,No,No,Yes,No,No,Month-to-month,Yes,Electronic check,1377.41
MW-64706-TEGR,Yes,71.13,Female,0,No,No,44,Yes,No,No,No internet service,No internet service,No internet service,No internet service,No internet service,No internet service,Month-to-month,No,Bank transfer (automatic),3143.33
MW-39438-NDHR,No,90.48,Female,0,No,No,67,Yes,Yes,Fiber optic,Yes,No,No,No,Yes,Yes,Month-to-month,No,Bank transfer (automatic),6049.92
MW-88572-BYKM,No,93.0,Female,1,Yes,No,38,Yes,Yes,Fiber optic,No,No,No,No,No,Yes,Two year,No,Electronic check,3561.55
MW-95250-RFPZ,Yes,35.75,Female,0,No,No,1,No,No phone service,No,No internet service,No internet service,No internet service,No internet service,No internet service,No internet service,Month-to-month,Yes,Bank transfer (automatic),34.57
MW-99061-ZKZC,No,66.16,Female,1,No,No,22,Yes,No,No,No internet service,No internet service,No internet service,No internet service,No internet service,No internet service,One year,Yes,Credit card (automatic),1465.6
MW-46776-XKHC,No,92.72,Female,0,Yes,Yes,67,Yes,Yes,Fiber optic,Yes,Yes,No,No,No,No,Two year,Yes,Mailed check,6198.16
MW-43193-QBTB,Yes,97.49,Male,0,Yes,No,37,Yes,Yes,Fiber optic,Yes,No,Yes,Yes,No,Yes,Month-to-month,Yes,Electronic check,3600.35
MW-54301-NLZM,Yes,101.6,Male,0,No,No,69,Yes,No,DSL,No,Yes,No,No,No,Yes,Month-to-month,No,Bank transfer (automatic),7025.97
MW-59472-HTWP,No,67.14,Male,0,No,No,37,Yes,No,DSL,Yes,Yes,No,Yes,Yes,Yes,One year,Yes,Credit card (automatic),2471.0
MW-84127-UWMW,Yes,110.21,Male,0,Yes,Yes,0,Yes,Yes,No,No internet service,No internet service,No internet service,No internet service,No internet service,No internet service,Month-to-month,Yes,Credit card (automatic),0.83
MW-29876-VELA,Yes,44.28,Female,0,No,Yes,63,Yes,Yes,Fiber optic,Yes,No,No,Yes,No,No,Month-to-month,No,Electronic check,2796.7
MW-67718-USAA,No,19.16,Male,0,No,Yes,55,Yes,No,No,No internet service,No internet service,No internet service,No internet service,No internet service,No internet service,Two year,Yes,Credit card (automatic),1038.46
MW-79713-QKBB,Yes,55.67,Female,0,No,Yes,52,Yes,No,DSL,Yes,No,No,No,Yes,No,One year,No,Bank transfer (automatic),2868.18
MW-17913-WMUL,No,99.88,Female,0,Yes,No,70,Yes,Yes,DSL,No,No,No,Yes,No,No,Two year,No,Bank transfer (automatic),7005.21
MW-90371-YWXR,Yes,31.41,Female,0,No,No,14,Yes,Yes,DSL,No,No,Yes,No,No,No,Two year,Yes,Electronic check,482.69
MW-46125-AKCN,Yes,19.9,Female,1,No,Yes,66,Yes,No,Fiber optic,No,No,No,No,No,Yes,Month-to-month,No,Electronic check,1320.28
MW-40845-MPYF,Yes,18.0,Female,0,Yes,No,16,Yes,Yes,DSL,Yes,No,Yes,No,Yes,Yes,One year,Yes,Mailed check,297.76
MW-31953-WULM,Yes,86.08,Male,1,No,No,70,Yes,No,DSL,Yes,Yes,No,Yes,Yes,Yes,One year,No,Electronic check,6012.34
MW-94836-KRUA,No,20.57,Male,0,No,No,13,Yes,Yes,No,No internet service,No internet service,No internet service,No internet service,No internet service,No internet service,One year,No,Electronic check,289.46
MW-38318-ZCDQ,No,80.47,Female,0,Yes,No,40,Yes,Yes,No,No internet service,No internet service,No internet service,No internet service,No internet service,No internet service,One year,No,Credit card (automatic),3213.15
MW-91316-CTFH,Yes,54.16,Male,0,No,No,57,Yes,No,Fiber optic,No,Yes,Yes,No,No,Yes,One year,Yes,Electronic check,3104.58
MW-15474-QYEW,No,40.88,Male,0,Yes,No,5,Yes,Yes,DSL,No,No,Yes,Yes,No,Yes,Two year,Yes,Credit card (automatic),213.51
MW-40890-RNXR,Yes,34.04,Female,0,Yes,No,4,Yes,Yes,Fiber optic,No,Yes,Yes,Yes,Yes,No,Month-to-month,Yes,Mailed check,145.64
MW-12520-VQMH,No,70.19,Female,0,No,Yes,62,Yes,No,Fiber optic,No,No,No,No,No,No,One year,No,Credit card (automatic),4360.68
MW-61490-GBGV,Yes,41.38,Female,0,Yes,No,4,Yes,No,DSL,Yes,Yes,No,Yes,Yes,No,Month-to-month,Yes,Electronic check,173.94
MW-73621-HMKW,No,63.85,Female,0,No,Yes,44,Yes,Yes,Fiber optic,No,No,Yes,No,No,No,One year,No,Bank transfer (automatic),2813.65
MW-48872-PJYA,No,76.04,Male,0,Yes,No,68,Yes,Yes,No,No internet service,No internet service,No internet service,No internet service,No internet service,No internet service,One year,Yes,Bank transfer (automatic),5185.26
MW-45830-DDCD,No,82.38,Female,1,No,No,44,Yes,Yes,DSL,No,Yes,Yes,No,No,Yes,Two year,No,Credit card (automatic),3613.83
MW-55357-STBA,No,92.03,Male,0,No,No,35,Yes,No,No,No internet service,No internet service,No internet service,No internet service,No internet service,No internet service,Month-to-month,No,Electronic check,3217.47
MW-56854-XVUS,No,68.94,Female,0,No,Yes,30,Yes,No,DSL,No,No,No,No,Yes,Yes,Month-to-month,Yes,Electronic check,2090.22
MW-32716-LHHN,No,32.5,Male,0,No,No,46,Yes,Yes,DSL,Yes,Yes,Yes,Yes,Yes,No,Month-to-month,No,Credit card (automatic),1497.59
MW-50306-BYZB,Yes,77.97,Female,0,No,No,41,Yes,Yes,DSL,Yes,No,No,Yes,No,Yes,Month-to-month,Yes,Electronic check,3191.88
MW-63462-NJKK,Yes,83.69,Male,0,No,No,36,Yes,Yes,No,No internet service,No internet service,No internet service,No internet service,No internet service,No internet service,Month-to-month,Yes,Bank transfer (automatic),3028.36
MW-91758-NZTZ,No,58.55,Female,0,No,No,11,Yes,No,Fiber optic,No,Yes,No,No,No,Yes,Two year,Yes,Electronic check,656.61
MW-32192-GWKK,Yes,55.36,Male,0,No,No,48,Yes,No,Fiber optic,Yes,No,Yes,No,Yes,No,Month-to-month,Yes,Electronic check,2637.78
MW-19503-BXCM,No,120.0,Female,0,Yes,No,54,Yes,Yes,Fiber optic,Yes,No,No,No,Yes,No,Two year,No,Bank transfer (automatic),6490.95
MW-34154-ZRCY,No,25.21,Female,1,Yes,Yes,51,No,No phone service,No,No internet service,No internet service,No internet service,No internet service,No internet service,No internet service,Month-to-month,Yes,Bank transfer (automatic),1287.77
MW-74047-QFGW,No,78.81,Female,0,No,No,5,Yes,No,Fiber optic,Yes,No,No,Yes,Yes,Yes,One year,Yes,Bank transfer (automatic),404.73
MW-21611-QKHW,No,95.38,Male,1,Yes,No,51,Yes,Yes,Fiber optic,No,No,Yes,No,No,Yes,One year,Yes,Mailed check,4864.54
MW-89632-JPBF,No,53.76,Female,0,No,No,53,Yes,Yes,Fiber optic,No,Yes,No,No,No,No,One year,No,Bank transfer (automatic),2856.24
MW-76023-UUZC,No,58.94,Male,0,No,Yes,13,No,No phone service,Fiber optic,No,Yes,Yes,Yes,No,No,One year,No,Credit card (automatic),738.76
MW-47604-NDTD,No,51.96,Male,0,No,Yes,61,Yes,No,Fiber optic,No,Yes,No,Yes,No,No,One year,No,Electronic check,3156.14
MW-73922-CWDW,Yes,64.01,Female,0,No,No,38,Yes,Yes,DSL,Yes,No,No,No,Yes,Yes,Two year,No,Electronic check,2443.48
MW-68112-TPDG,Yes,90.98,Male,1,No,Yes,34,Yes,No,No,No internet service,No internet service,No internet service,No internet service,No internet service,No internet service,One year,No,Electronic check,3132.64
MW-59214-EKEE,No,58.05,Male,0,Yes,No,52,Yes,No,DSL,Yes,No,Yes,No,Yes,No,Month-to-month,No,Bank transfer (automatic),3024.11
MW-56708-HAXW,No,120.0,Male,0,No,No,37,Yes,Yes,No,No internet service,No internet service,No internet service,No internet service,No internet service,No internet service,Month-to-month,Yes,Mailed check,4429.61
MW-70232-GEWB,No,50.42,Female,0,No,Yes,39,Yes,Yes,Fiber optic,Yes,No,Yes,Yes,Yes,Yes,One year,Yes,Bank transfer (automatic),1968.41
MW-41815-UDBY,No,105.33,Female,0,Yes,No,22,Yes,Yes,DSL,No,No,No,Yes,No,Yes,Month-to-month,Yes,Mailed check,2303.86
MW-15298-PJBR,Yes,80.32,Female,0,No,No,67,Yes,Yes,DSL,No,No,No,No,No,Yes,Month-to-month,No,Bank transfer (automatic),5400.19
MW-49663-PATN,Yes,67.25,Male,0,Yes,Yes,70,Yes,No,Fiber optic,Yes,No,No,Yes,No,No,One year,Yes,Credit card (automatic),4708.22
MW-66622-WTQB,Yes,108.12,Male,0,No,No,9,Yes,No,Fiber optic,No,Yes,Yes,Yes,No,No,Month-to-month,No,Mailed check,988.88
MW-34915-FHYH,No,18.0,Male,0,No,No,53,Yes,Yes,No,No internet service,No internet service,No internet service,No internet service,No internet service,No internet service,One year,No,Mailed check,951.7
MW-20400-NXAR,No,76.76,Female,0,Yes,Yes,1,Yes,No,Fiber optic,No,No,No,No,Yes,No,One year,No,Electronic check,93.89
MW-45425-XWNK,No,42.51,Female,0,No,No,26,Yes,Yes,DSL,No,No,No,No,No,Yes,One year,Yes,Mailed check,1080.91
MW-94777-EQXN,No,50.92,Female,1,No,Yes,70,No,No phone service,Fiber optic,No,No,No,Yes,No,No,One year,No,Electronic check,3564.77
MW-23526-RGTL,No,49.51,Female,0,No,No,12,Yes,Yes,Fiber optic,Yes,No,Yes,No,No,Yes,Two year,No,Credit card (automatic),602.21
MW-46678-JFRA,No,35.09,Male,0,Yes,Yes,27,Yes,No,No,No internet service,No internet service,No internet service,No internet service,No internet service,No internet service,One year,No,Mailed check,943.4
MW-17965-YZYY,No,18.0,Male,0,No,No,16,Yes,Yes,Fiber optic,No,No,Yes,No,No,No,Two year,Yes,Electronic check,293.39
MW-48899-WVLE,No,75.66,Female,1,Yes,Yes,53,Yes,No,No,No internet service,No internet service,No internet service,No internet service,No internet service,No internet service,Month-to-month,Yes,Electronic check,4015.12
MW-66419-AASE,No,62.02,Female,0,Yes,No,33,Yes,Yes,DSL,Yes,No,Yes,Yes,No,No,One year,Yes,Bank transfer (automatic),2062.39
MW-69858-DWDD,No,54.98,Male,1,No,No,43,Yes,No,Fiber optic,Yes,Yes,No,No,No,Yes,One year,Yes,Credit card (automatic),2373.46
MW-82962-MFBS,Yes,86.78,Male,0,Yes,No,68,Yes,No,Fiber optic,Yes,Yes,Yes,Yes,Yes,No,Month-to-month,No,Electronic check,5906.93
MW-20276-NMFR,No,77.56,Female,0,No,No,38,Yes,Yes,Fiber optic,Yes,No,Yes,Yes,Yes,Yes,Month-to-month,Yes,Electronic check,2960.47
MW-20186-PPYP,No,55.99,Female,1,No,No,53,Yes,No,DSL,Yes,No,Yes,Yes,No,Yes,One year,No,Mailed check,2947.17
MW-32325-YWCF,Yes,120.0,Male,0,Yes,Yes,7,Yes,Yes,Fiber optic,No,No,No,No,Yes,No,Month-to-month,No,Credit card (automatic),828.71
MW-29879-SDTK,No,94.54,Female,1,No,No,15,Yes,Yes,DSL,No,No,Yes,No,No,No,Two year,No,Credit card (automatic),1397.32
MW-66295-HNHM,Yes,120.0,Female,0,Yes,No,69,Yes,Yes,DSL,No,No,No,No,No,No,Month-to-month,No,Electronic check,8288.23
MW-75255-UNZM,No,51.55,Male,1,No,No,62,Yes,No,DSL,No,No,Yes,No,Yes,No,Month-to-month,No,Bank transfer (automatic),3202.31
MW-56834-VNWY,No,71.49,Female,0,No,No,47,Yes,No,Fiber optic,No,No,Yes,No,No,Yes,One year,No,Credit card (automatic),3380.81
MW-59893-XBDY,Yes,26.85,Female,0,No,No,27,Yes,Yes,DSL,Yes,No,No,Yes,Yes,No,Month-to-month,Yes,Bank transfer (automatic),730.22
MW-79771-UQRB,Yes,54.09,Male,0,Yes,No,14,Yes,No,Fiber optic,Yes,No,No,No,No,No,Month-to-month,Yes,Mailed check,747.78
MW-55066-NBRP,No,46.48,Female,0,No,Yes,62,Yes,Yes,No,No internet service,No internet service,No internet service,No internet service,No internet service,No internet service,One year,Yes,Bank transfer (automatic),2883.77
MW-33820-RSZN,No,120.0,Male,0,No,No,57,Yes,No,Fiber optic,No,No,No,No,Yes,No,Month-to-month,No,Bank transfer (automatic),6811.87
MW-20877-VLTG,No,43.23,Female,0,No,Yes,17,No,No phone service,Fiber optic,No,No,No,No,Yes,No,Month-to-month,Yes,Electronic check,728.79
MW-49143-LQZX,No,56.98,Male,0,No,No,43,Yes,No,Fiber optic,Yes,No,No,No,No,Yes,One year,Yes,Electronic check,2414.93
MW-38609-GLBS,No,20.39,Male,0,No,Yes,45,Yes,Yes,DSL,No,Yes,Yes,No,Yes,No,One year,No,Mailed check,922.48
MW-15598-BATL,No,80.01,Male,0,No,No,34,Yes,Yes,Fiber optic,No,No,No,No,No,No,One year,Yes,Electronic check,2716.15
MW-19684-EUUW,No,36.99,Male,0,No,No,67,Yes,No,DSL,No,Yes,Yes,No,No,No,Month-to-month,Yes,Mailed check,2476.35
MW-72834-VNYP,No,91.56,Male,0,Yes,No,9,No,No phone service,DSL,No,No,Yes,Yes,No,No,Month-to-month,Yes,Credit card (automatic),810.07
MW-85799-SDPH,No,18.0,Female,0,Yes,No,18,Yes,No,DSL,No,No,No,Yes,No,No,Two year,Yes,Credit card (automatic),313.97
MW-51249-VSSU,No,60.35,Female,0,No,No,6,Yes,Yes,Fiber optic,No,No,No,No,Yes,Yes,One year,Yes,Electronic check,372.49
MW-15107-RBFZ,No,18.0,Female,0,Yes,No,50,No,No phone service,DSL,Yes,Yes,No,No,No,No,Month-to-month,Yes,Electronic check,878.46
MW-94709-SYBE,No,49.28,Female,0,No,No,47,Yes,Yes,DSL,No,No,No,No,No,Yes,Two year,Yes,Bank transfer (automatic),2323.75
MW-79046-RBBJ,Yes,55.38,Female,0,No,No,72,Yes,Yes,No,No internet service,No internet service,No internet service,No internet service,No internet service,No internet service,Month-to-month,No,Mailed check,3975.19
MW-54101-SZZL,Yes,46.03,Male,0,Yes,Yes,39,Yes,No,DSL,No,No,No,No,No,Yes,One year,Yes,Electronic check,1769.95
MW-88762-THSX,Yes,48.99,Male,0,No,No,10,Yes,No,Fiber optic,No,Yes,No,Yes,No,Yes,One year,Yes,Credit card (automatic),508.3
MW-97879-RDGY,No,93.14,Female,0,No,No,32,Yes,No,Fiber optic,Yes,No,No,Yes,No,Yes,Two year,No,Electronic check,3000.42
MW-13565-UVBK,No,120.0,Male,0,No,No,6,Yes,No,Fiber optic,Yes,Yes,No,Yes,Yes,Yes,Two year,No,Electronic check,711.91
MW-43392-NUCU,Yes,74.18,Female,0,No,No,48,Yes,No,DSL,No,No,Yes,No,No,No,Month-to-month,Yes,Bank transfer (automatic),3552.4
MW-83550-QPWU,No,38.2,Male,0,No,No,49,Yes,No,DSL,Yes,No,No,No,No,No,One year,No,Bank transfer (automatic),1868.04
MW-83348-TNZW,Yes,65.92,Male,0,No,No,62,No,No phone service,No,No internet service,No internet service,No internet service,No internet service,No internet service,No internet service,Month-to-month,No,Mailed check,4074.89
MW-83154-HVPX,No,53.37,Female,0,No,Yes,24,Yes,No,Fiber optic,Yes,No,No,Yes,No,No,One year,Yes,Bank transfer (automatic),1271.37
MW-32526-JVGY,No,90.68,Male,1,No,No,22,Yes,Yes,DSL,No,Yes,No,No,No,Yes,One year,No,Credit card (automatic),2001.71
MW-51254-EEZG,No,72.64,Male,0,Yes,No,5,Yes,Yes,DSL,No,No,Yes,Yes,No,No,Month-to-month,No,Electronic check,394.31
MW-91905-NLUF,No,18.0,Female,0,Yes,Yes,30,Yes,No,Fiber optic,No,No,No,No,No,Yes,Month-to-month,No,Bank transfer (automatic),534.68
MW-60232-JXYE,No,96.94,Female,0,No,Yes,34,Yes,No,DSL,No,Yes,No,No,No,No,Month-to-month,Yes,Electronic check,3311.31
MW-10712-MMNN,No,93.01,Male,0,No,No,55,No,No phone service,Fiber optic,No,No,No,No,Yes,No,Month-to-month,No,Mailed check,5120.84
MW-16648-BWFG,Yes,108.85,Female,1,Yes,No,55,Yes,Yes,Fiber optic,No,No,Yes,No,Yes,No,Month-to-month,Yes,Mailed check,5961.67
MW-61720-VZXH,No,48.51,Male,0,No,No,10,Yes,Yes,Fiber optic,No,No,No,Yes,No,No,Two year,No,Mailed check,484.73
MW-26255-TDKG,Yes,73.03,Female,0,Yes,No,20,Yes,No,No,No internet service,No internet service,No internet service,No internet service,No internet service,No internet service,Month-to-month,Yes,Electronic check,1458.35
MW-16370-FXXD,No,28.46,Male,1,No,Yes,37,Yes,Yes,Fiber optic,Yes,No,No,Yes,No,No,Two year,No,Credit card (automatic),1074.99
MW-24405-JAVG,No,62.46,Male,0,Yes,No,24,Yes,No,No,No internet service,No internet service,No internet service,No internet service,No internet service,No internet service,Two year,Yes,Mailed check,1521.62
MW-24678-QPEJ,No,75.91,Male,0,Yes,No,1,Yes,No,Fiber optic,Yes,No,No,No,No,No,One year,No,Credit card (automatic),81.56
MW-71085-CDWJ,No,44.92,Male,0,Yes,No,61,Yes,Yes,Fiber optic,No,Yes,No,No,No,No,Month-to-month,Yes,Mailed check,2758.33
MW-78305-LSXL,No,74.27,Female,1,Yes,No,53,Yes,No,Fiber optic,No,Yes,No,No,No,Yes,Two year,No,Credit card (automatic),3934.11
MW-13219-WPBY,No,69.04,Female,0,No,No,37,Yes,No,Fiber optic,No,No,No,No,Yes,No,One year,No,Bank transfer (automatic),2571.27
MW-45345-GTWV,No,50.5,Female,0,Yes,No,23,No,No phone service,DSL,No,Yes,No,No,No,No,One year,Yes,Mailed check,1163.01
MW-25772-QGRN,No,105.92,Male,0,Yes,Yes,61,No,No phone service,No,No internet service,No internet service,No internet service,No internet service,No internet service,No internet service,Two year,Yes,Bank transfer (automatic),6477.59
MW-39166-RJSM,No,56.97,Female,0,Yes,No,2,Yes,No,No,No internet service,No internet service,No internet service,No internet service,No internet service,No internet service,One year,No,Credit card (automatic),131.93
MW-36013-ZCTN,No,67.99,Female,0,No,No,32,Yes,No,DSL,No,Yes,No,No,No,No,Month-to-month,No,Mailed check,2186.43
MW-28661-PNDP,No,19.99,Male,0,No,Yes,58,Yes,Yes,Fiber optic,No,No,No,No,No,No,Two year,No,Mailed check,1148.3
MW-42939-LFYF,Yes,79.58,Male,0,No,No,69,Yes,No,Fiber optic,No,No,No,No,No,Yes,Month-to-month,No,Bank transfer (automatic),5484.71
MW-15708-LJLN,No,49.69,Female,0,Yes,No,18,Yes,No,No,No internet service,No internet service,No internet service,No internet service,No internet service,No internet service,Two year,No,Bank transfer (automatic),905.7
MW-15432-RJJS,No,92.72,Female,0,No,Yes,47,Yes,No,Fiber optic,No,No,Yes,Yes,Yes,No,Month-to-month,No,Mailed check,4371.24
MW-45602-SQNC,No,24.67,Male,0,No,Yes,13,Yes,No,DSL,Yes,No,No,No,No,Yes,Month-to-month,Yes,Bank transfer (automatic),323.09
MW-43312-PFBQ,No,76.92,Male,0,Yes,No,8,Yes,No,Fiber optic,No,No,No,No,Yes,Yes,Month-to-month,Yes,Mailed check,610.68
MW-55656-NNTJ,Yes,18.0,Female,0,No,No,25,Yes,No,DSL,No,No,Yes,No,No,No,Month-to-month,No,Mailed check,452.87
MW-97555-JEBY,No,82.48,Male,1,No,No,64,Yes,No,Fiber optic,No,No,Yes,No,No,No,Two year,Yes,Bank transfer (automatic),5274.54
MW-83730-GLXF,Yes,58.76,Male,0,No,No,50,Yes,Yes,Fiber optic,Yes,Yes,No,No,No,No,Month-to-month,Yes,Credit card (automatic),2933.91
MW-25195-ETJG,No,75.98,Male,1,No,No,35,Yes,No,Fiber optic,Yes,Yes,No,Yes,No,No,One year,No,Electronic check,2688.7
MW-61910-UGAV,No,46.0,Female,0,Yes,No,20,Yes,No,DSL,Yes,Yes,No,Yes,No,No,Month-to-month,Yes,Electronic check,912.87
MW-98590-ZXCM,No,35.52,Female,0,No,No,10,Yes,No,Fiber optic,Yes,No,Yes,Yes,No,No,Two year,No,Electronic check,362.82
MW-47078-XRHJ,No,50.96,Male,0,Yes,No,19,Yes,Yes,Fiber optic,No,Yes,No,No,No,Yes,Month-to-month,No,Bank transfer (automatic),970.53
MW-40921-HRRT,Yes,69.76,Female,0,Yes,No,11,Yes,No,DSL,No,No,Yes,No,No,No,Month-to-month,No,Mailed check,748.96
MW-96167-GTLA,No,81.3,Female,0,No,No,13,Yes,No,DSL,No,No,No,No,No,Yes,Month-to-month,Yes,Mailed check,1037.98
MW-64200-UCAS,No,73.12,Female,0,No,No,50,Yes,No,DSL,No,No,No,Yes,Yes,No,One year,Yes,Electronic check,3654.78
MW-85621-CNJY,No,35.9,Male,0,Yes,No,9,No,No phone service,No,No internet service,No internet service,No internet service,No internet service,No internet service,No internet service,Two year,No,Credit card (automatic),293.81
MW-29889-HCDZ,No,119.13,Male,0,No,No,3,Yes,No,Fiber optic,Yes,No,No,Yes,No,No,Two year,Yes,Mailed check,384.85
MW-53385-ZDJA,Yes,73.98,Male,0,Yes,Yes,39,Yes,Yes,Fiber optic,No,No,No,No,No,Yes,Month-to-month,Yes,Bank transfer (automatic),2879.8
MW-47913-VXSN,Yes,45.33,Female,0,Yes,No,20,Yes,Yes,Fiber optic,Yes,Yes,No,Yes,Yes,No,Month-to-month,Yes,Electronic check,899.95
MW-41825-JGTP,Yes,76.73,Male,0,Yes,No,33,Yes,No,No,No internet service,No internet service,No internet service,No internet service,No internet service,No internet service,Month-to-month,Yes,Electronic check,2550.44
MW-28357-MKTZ,Yes,71.68,Male,0,No,No,10,Yes,No,Fiber optic,No,No,No,No,No,Yes,Month-to-month,No,Electronic check,714.69
MW-89723-CULR,No,58.74,Male,0,Yes,Yes,15,Yes,Yes,DSL,Yes,Yes,Yes,No,No,No,One year,Yes,Mailed check,890.87
MW-32597-VHEA,Yes,55.22,Female,0,Yes,No,32,Yes,No,DSL,Yes,No,Yes,No,Yes,No,Month-to-month,Yes,Mailed check,1758.45
MW-62632-ZVTB,No,93.55,Male,0,Yes,No,50,Yes,Yes,DSL,No,Yes,No,No,No,No,One year,No,Electronic check,4678.18
MW-57111-YCGQ,No,115.84,Female,0,Yes,No,30,Yes,No,No,No internet service,No internet service,No internet service,No internet service,No internet service,No internet service,Two year,Yes,Mailed check,3489.73
MW-67734-AUYK,No,18.0,Male,0,No,No,39,Yes,No,Fiber optic,No,No,No,No,No,No,Month-to-month,Yes,Electronic check,689.07
MW-99841-CQUZ,Yes,100.92,Female,0,Yes,No,38,Yes,No,Fiber optic,No,No,No,No,No,No,Month-to-month,Yes,Mailed check,3842.88
MW-94833-GGBB,Yes,64.6,Female,0,Yes,No,19,Yes,Yes,Fiber optic,Yes,Yes,No,No,Yes,No,Month-to-month,No,Electronic check,1191.15
MW-31858-TFHL,No,71.1,Female,0,Yes,No,20,Yes,No,No,No internet service,No internet service,No internet service,No internet service,No internet service,No internet service,Month-to-month,Yes,Electronic check,1440.98
MW-99411-BUPL,Yes,104.55,Female,1,No,Yes,31,Yes,No,No,No internet service,No internet service,No internet service,No internet service,No internet service,No internet service,Month-to-month,Yes,Electronic check,3232.7
MW-51025-FQTP,Yes,18.0,Male,0,Yes,No,2,Yes,No,Fiber optic,Yes,No,Yes,No,No,No,One year,No,Bank transfer (automatic),34.72
MW-81613-UMCD,No,88.44,Female,0,Yes,No,50,Yes,Yes,DSL,Yes,No,No,No,Yes,Yes,Month-to-month,No,Credit card (automatic),4420.53
MW-32440-VBLE,No,102.47,Female,1,Yes,No,44,Yes,No,DSL,No,No,No,No,No,No,One year,Yes,Bank transfer (automatic),4494.06
MW-68283-UGUE,No,43.34,Male,0,No,No,22,Yes,Yes,Fiber optic,No,No,No,No,No,No,Two year,No,Electronic check,937.71
MW-51474-QEMQ,No,22.18,Male,0,No,No,27,Yes,No,Fiber optic,No,Yes,No,No,No,No,Two year,Yes,Credit card (automatic),606.68
MW-83333-DLTG,Yes,113.2,Female,0,Yes,Yes,23,Yes,Yes,Fiber optic,No,No,Yes,No,Yes,Yes,One year,Yes,Credit card (automatic),2612.13
MW-35507-BFKD,Yes,18.0,Female,1,No,Yes,47,Yes,No,DSL,No,No,No,Yes,No,No,Month-to-month,Yes,Mailed check,832.72
MW-84925-VSNM,Yes,76.56,Female,0,No,No,55,Yes,Yes,Fiber optic,Yes,Yes,No,Yes,No,No,Month-to-month,Yes,Electronic check,4218.92
MW-95124-VRSK,Yes,94.69,Male,0,No,No,7,Yes,No,Fiber optic,No,No,Yes,Yes,No,No,Month-to-month,No,Bank transfer (automatic),671.2
MW-56146-ACTV,No,75.9,Female,0,No,No,30,Yes,Yes,DSL,No,No,No,No,No,Yes,Two year,No,Credit card (automatic),2271.33
MW-28418-CAFJ,No,80.94,Male,0,Yes,No,1,No,No phone service,No,No internet service,No internet service,No internet service,No internet service,No internet service,No internet service,Two year,No,Credit card (automatic),61.54
MW-28359-EQXR,No,56.05,Male,0,No,No,33,Yes,No,Fiber optic,No,No,Yes,No,Yes,Yes,Month-to-month,Yes,Bank transfer (automatic),1849.09
MW-38201-HMYV,No,77.88,Female,0,Yes,No,18,Yes,No,DSL,Yes,No,No,No,No,No,Month-to-month,No,Bank transfer (automatic),1407.32
MW-45375-DMBW,No,42.75,Female,0,Yes,No,24,Yes,No,DSL,No,No,No,No,Yes,Yes,Month-to-month,Yes,Credit card (automatic),1025.12
MW-97622-SFTM,No,46.63,Female,0,No,No,33,Yes,No,Fiber optic,No,No,No,Yes,No,Yes,Month-to-month,No,Electronic check,1529.9
MW-91065-VALP,No,65.07,Male,0,No,No,23,Yes,No,Fiber optic,No,No,No,No,No,No,Two year,Yes,Electronic check,1503.61
MW-47077-CKTS,No,18.0,Male,1,Yes,No,28,No,No phone service,DSL,No,No,No,Yes,No,Yes,Month-to-month,No,Credit card (automatic),522.98
MW-30383-CTTL,Yes,81.31,Female,0,No,Yes,55,Yes,Yes,Fiber optic,Yes,Yes,No,No,No,Yes,Month-to-month,Yes,Electronic check,4460.5
MW-58656-VQZT,Yes,18.0,Male,0,No,No,59,Yes,Yes,Fiber optic,No,No,Yes,Yes,No,No,Month-to-month,Yes,Mailed check,1057.53
MW-24663-ZWJC,Yes,74.88,Male,0,No,No,0,Yes,Yes,DSL,No,No,Yes,Yes,No,Yes,Month-to-month,Yes,Electronic check,41.15
MW-58108-RPZY,Yes,77.71,Female,0,No,No,27,No,No phone service,Fiber optic,No,Yes,No,No,No,No,Month-to-month,Yes,Electronic check,2102.53
MW-64877-AGNR,No,40.16,Male,0,No,No,61,Yes,No,Fiber optic,No,No,No,No,No,No,Two year,Yes,Electronic check,2430.76
MW-94495-KGLV,Yes,26.98,Female,0,No,No,38,Yes,Yes,DSL,Yes,No,No,No,No,Yes,Month-to-month,Yes,Bank transfer (automatic),1018.08
MW-32105-YTDY,Yes,51.75,Male,0,No,Yes,14,Yes,Yes,DSL,Yes,No,No,No,Yes,Yes,One year,Yes,Mailed check,713.15
MW-54969-NSSM,No,83.19,Female,0,Yes,Yes,43,Yes,No,DSL,Yes,Yes,No,No,No,Yes,Month-to-month,No,Bank transfer (automatic),3582.88
MW-87989-NNDU,Yes,74.37,Male,0,No,No,10,Yes,Yes,Fiber optic,Yes,No,No,Yes,No,Yes,Month-to-month,Yes,Electronic check,748.32
MW-37560-HTAC,No,30.65,Male,0,No,No,1,No,No phone service,No,No internet service,No internet service,No internet service,No internet service,No internet service,No internet service,Month-to-month,Yes,Credit card (automatic),21.1
MW-89159-GHCS,No,67.17,Male,0,Yes,Yes,46,Yes,Yes,Fiber optic,No,Yes,No,No,Yes,No,Month-to-month,Yes,Bank transfer (automatic),3117.66
MW-61870-BCQR,Yes,71.86,Male,0,Yes,Yes,37,Yes,No,No,No internet service,No internet service,No internet service,No internet service,No internet service,No internet service,Month-to-month,No,Credit card (automatic),2660.1
MW-98491-RWUJ,Yes,70.59,Male,0,No,Yes,55,Yes,No,Fiber optic,No,Yes,Yes,No,Yes,Yes,Month-to-month,Yes,Mailed check,3875.61
MW-34162-RFVW,No,34.4,Female,0,Yes,Yes,25,Yes,Yes,Fiber optic,Yes,Yes,Yes,Yes,Yes,No,Two year,No,Electronic check,841.68
MW-24984-PMQV,No,68.67,Male,1,Yes,No,62,Yes,No,Fiber optic,Yes,No,No,No,No,Yes,One year,No,Credit card (automatic),4244.12
MW-85806-XBQF,No,91.53,Male,0,Yes,No,30,Yes,No,Fiber optic,No,Yes,No,No,Yes,No,Two year,Yes,Credit card (automatic),2727.21
MW-54784-BACL,Yes,80.11,Female,0,No,No,53,No,No phone service,No,No internet service,No internet service,No internet service,No internet service,No internet service,No internet service,Month-to-month,Yes,Electronic check,4242.97
MW-51775-WXUR,No,76.34,Female,1,Yes,No,7,Yes,No,Fiber optic,No,No,No,No,No,No,One year,Yes,Bank transfer (automatic),521.11
MW-92225-QAVA,Yes,113.28,Male,1,Yes,No,7,Yes,No,Fiber optic,No,No,No,No,No,No,One year,Yes,Bank transfer (automatic),804.72
MW-94456-UTGC,Yes,69.03,Male,0,No,No,57,Yes,No,No,No internet service,No internet service,No internet service,No internet service,No internet service,No internet service,Month-to-month,Yes,Electronic check,3925.94
MW-57519-XFNS,Yes,38.74,Female,0,No,Yes,60,Yes,Yes,No,No internet service,No internet service,No internet service,No internet service,No internet service,No internet service,Month-to-month,Yes,Bank transfer (automatic),2337.0
MW-10317-MFMM,No,38.84,Male,0,Yes,No,68,Yes,Yes,No,No internet service,No internet service,No internet service,No internet service,No internet service,No internet service,Month-to-month,Yes,Electronic check,2648.49
MW-40569-LKBJ,No,69.28,Female,0,Yes,No,23,Yes,Yes,DSL,Yes,Yes,No,Yes,Yes,No,Two year,Yes,Electronic check,1603.12
MW-85692-JGCK,No,20.87,Male,0,No,Yes,1,Yes,Yes,DSL,No,No,No,Yes,Yes,No,Month-to-month,No,Credit card (automatic),34.32
MW-92395-YESY,Yes,54.67,Male,0,No,No,71,Yes,No,Fiber optic,No,No,No,No,No,Yes,Month-to-month,Yes,Mailed check,3911.47
MW-42058-ZHDT,No,77.93,Female,0,No,Yes,43,Yes,No,Fiber optic,No,Yes,Yes,No,Yes,No,Two year,Yes,Credit card (automatic),3338.26
MW-45099-HHTG,Yes,99.13,Female,0,Yes,No,18,Yes,No,DSL,No,Yes,Yes,No,Yes,No,Month-to-month,Yes,Bank transfer (automatic),1797.03
MW-67765-NMWT,No,18.0,Male,0,Yes,No,55,Yes,No,Fiber optic,No,Yes,Yes,No,No,Yes,Two year,Yes,Credit card (automatic),995.97
MW-38068-JAFE,No,66.97,Male,0,Yes,No,65,Yes,Yes,Fiber optic,No,Yes,Yes,No,Yes,No,Two year,Yes,Mailed check,4369.0
MW-80515-UUAJ,No,61.95,Male,0,Yes,No,20,Yes,No,DSL,No,No,No,No,Yes,No,Two year,Yes,Mailed check,1240.66
MW-71203-DWTD,No,65.13,Female,1,Yes,No,56,Yes,No,Fiber optic,No,Yes,No,No,No,No,Two year,Yes,Electronic check,3664.92
MW-94525-SVBQ,No,68.25,Female,0,No,Yes,57,Yes,Yes,DSL,No,Yes,No,Yes,No,No,Month-to-month,No,Bank transfer (automatic),3870.88
MW-38661-NEYA,No,63.05,Male,0,No,No,36,Yes,No,No,No internet service,No internet service,No internet service,No internet service,No internet service,No internet service,One year,No,Mailed check,2254.74
MW-96905-MXHG,No,105.77,Female,0,No,No,46,Yes,Yes,DSL,Yes,No,No,No,No,No,One year,No,Bank transfer (automatic),4856.88
MW-15121-TFNE,No,101.32,Female,0,Yes,Yes,19,Yes,Yes,Fiber optic,Yes,No,No,No,Yes,No,One year,No,Mailed check,1923.96
MW-32788-BJDN,No,120.0,Female,0,Yes,No,67,No,No phone service,Fiber optic,No,No,Yes,Yes,Yes,No,Month-to-month,Yes,Electronic check,8040.7
MW-37229-MMZW,No,63.68,Male,0,No,No,71,Yes,Yes,DSL,No,No,No,Yes,Yes,No,Month-to-month,Yes,Credit card (automatic),4510.18
MW-32671-LEET,Yes,51.68,Male,0,No,No,71,Yes,No,Fiber optic,No,No,No,No,No,No,Month-to-month,No,Credit card (automatic),3654.42
MW-20251-WXYA,Yes,34.97,Female,0,No,Yes,53,Yes,Yes,No,No internet service,No internet service,No internet service,No internet service,No internet service,No internet service,Month-to-month,Yes,Mailed check,1843.58
MW-29863-VUDG,Yes,48.42,Male,0,No,No,3,Yes,No,Fiber optic,Yes,Yes,No,No,Yes,Yes,One year,No,Bank transfer (automatic),119.62
MW-90337-ZLSB,No,85.44,Male,0,Yes,No,26,Yes,Yes,DSL,Yes,No,No,Yes,No,Yes,Two year,No,Mailed check,2217.12
MW-35767-RHUC,No,90.06,Female,0,Yes,No,32,Yes,Yes,Fiber optic,No,Yes,No,No,No,Yes,One year,Yes,Bank transfer (automatic),2881.04
MW-58506-ZFKA,No,84.27,Female,0,No,No,70,Yes,No,DSL,Yes,No,No,Yes,No,No,One year,No,Mailed check,5905.52
MW-82069-CYSX,No,44.07,Male,0,No,Yes,39,Yes,No,Fiber optic,No,No,No,No,No,Yes,Month-to-month,Yes,Bank transfer (automatic),1721.23
MW-31053-WRRH,No,44.23,Female,0,Yes,No,39,Yes,Yes,Fiber optic,No,No,No,No,No,No,Month-to-month,Yes,Electronic check,1751.87
MW-52204-SYFZ,Yes,120.0,Female,0,Yes,Yes,10,Yes,No,Fiber optic,Yes,No,Yes,No,Yes,No,Month-to-month,No,Electronic check,1212.19
MW-34675-NVJS,No,39.04,Male,0,No,No,57,Yes,No,DSL,No,No,No,Yes,No,Yes,Month-to-month,No,Credit card (automatic),2236.34
MW-90688-PHAX,No,106.5,Female,0,No,No,24,Yes,Yes,DSL,No,Yes,No,Yes,Yes,No,Month-to-month,Yes,Mailed check,2561.47
MW-63567-SMPR,Yes,76.14,Male,0,No,No,6,Yes,Yes,DSL,No,No,No,Yes,Yes,No,Month-to-month,Yes,Electronic check,464.88
MW-38512-AEZA,Yes,42.02,Female,0,Yes,No,72,Yes,Yes,Fiber optic,No,No,No,Yes,Yes,No,Month-to-month,No,Electronic check,3022.13
MW-50641-CZUQ,Yes,28.47,Male,0,No,No,13,Yes,Yes,Fiber optic,No,Yes,Yes,Yes,No,Yes,One year,Yes,Mailed check,371.6
MW-79816-YSCB,Yes,43.33,Female,0,No,No,1,Yes,No,Fiber optic,No,Yes,No,Yes,No,No,Month-to-month,No,Bank transfer (automatic),72.15
MW-14390-XLJG,No,76.53,Female,0,Yes,No,5,Yes,No,DSL,No,No,No,No,Yes,Yes,Month-to-month,Yes,Mailed check,381.6
MW-89886-VWQM,Yes,36.71,Female,0,Yes,No,33,Yes,Yes,DSL,Yes,No,Yes,No,Yes,Yes,Month-to-month,No,Bank transfer (automatic),1191.45
MW-56387-QKJD,No,110.63,Male,0,Yes,No,7,Yes,No,Fiber optic,No,No,No,No,No,No,One year,Yes,Credit card (automatic),784.86
MW-75822-MKGJ,Yes,57.76,Female,0,Yes,No,61,No,No phone service,Fiber optic,No,Yes,No,No,No,No,One year,Yes,Mailed check,3536.49
MW-57194-SUVW,No,85.01,Female,0,Yes,No,37,Yes,No,No,No internet service,No internet service,No internet service,No internet service,No internet service,No internet service,Month-to-month,No,Credit card (automatic),3147.69
MW-79820-ZKXK,No,82.59,Male,1,Yes,No,23,Yes,No,DSL,No,No,No,No,No,Yes,Month-to-month,Yes,Electronic check,1871.39
MW-75722-VZUK,No,112.66,Female,1,Yes,No,0,Yes,Yes,DSL,No,Yes,Yes,No,Yes,Yes,Two year,No,Mailed check,19.3
MW-90875-KRZD,Yes,50.86,Male,0,No,Yes,35,Yes,Yes,Fiber optic,No,No,Yes,Yes,Yes,Yes,One year,Yes,Electronic check,1783.55
MW-40002-GLVF,No,67.18,Male,0,Yes,No,11,Yes,No,Fiber optic,No,No,Yes,Yes,Yes,No,One year,Yes,Electronic check,734.33
MW-46614-LFSF,No,21.96,Male,0,Yes,No,71,Yes,No,Fiber optic,No,No,Yes,No,No,No,Month-to-month,Yes,Electronic check,1576.98
MW-45339-CMAH,No,67.09,Female,0,No,No,21,Yes,No,DSL,No,Yes,Yes,No,No,No,Two year,No,Electronic check,1378.52
MW-53509-ZVRL,No,98.2,Female,0,Yes,No,34,Yes,Yes,DSL,Yes,No,No,Yes,Yes,No,Two year,Yes,Credit card (automatic),3340.48
MW-61085-VBLL,Yes,70.58,Male,0,Yes,No,1,Yes,Yes,Fiber optic,Yes,No,No,Yes,No,No,Month-to-month,Yes,Bank transfer (automatic),62.47
MW-15821-ACLD,No,120.0,Female,0,No,No,9,Yes,Yes,DSL,No,Yes,No,Yes,Yes,Yes,One year,Yes,Credit card (automatic),1102.38
MW-22924-ZDAV,Yes,79.59,Male,0,No,No,15,Yes,Yes,Fiber optic,No,No,Yes,Yes,Yes,No,Month-to-month,Yes,Bank transfer (automatic),1197.49
MW-79606-KLGA,Yes,47.79,Female,0,No,Yes,3,Yes,No,DSL,No,No,No,No,No,Yes,One year,No,Bank transfer (automatic),130.4
MW-10532-TNKE,No,77.67,Male,0,Yes,No,52,Yes,Yes,DSL,No,Yes,No,No,No,No,Month-to-month,Yes,Electronic check,4055.91
MW-72468-DTBY,Yes,20.1,Female,0,No,No,69,Yes,No,DSL,No,No,No,No,Yes,Yes,Month-to-month,Yes,Bank transfer (automatic),1350.01
MW-93267-NEXG,No,40.03,Male,0,Yes,No,71,Yes,Yes,No,No internet service,No internet service,No internet service,No internet service,No internet service,No internet service,Two year,No,Mailed check,2849.75
MW-50743-HTCR,No,27.49,Female,1,No,No,19,No,No phone service,DSL,No,No,No,Yes,No,No,Two year,No,Credit card (automatic),503.36
MW-77131-GVMR,Yes,64.48,Male,0,Yes,No,57,Yes,No,DSL,No,Yes,No,No,No,No,Month-to-month,No,Credit card (automatic),3668.42
MW-60053-MEHW,No,62.18,Male,0,Yes,Yes,36,Yes,Yes,No,No internet service,No internet service,No internet service,No internet service,No internet service,No internet service,Two year,Yes,Electronic check,2234.87
MW-82651-NDBC,Yes,100.15,Female,0,No,No,3,Yes,No,DSL,Yes,No,Yes,No,No,No,Month-to-month,Yes,Bank transfer (automatic),314.1
MW-69750-VYNQ,Yes,61.03,Female,0,Yes,Yes,6,Yes,No,DSL,No,Yes,No,No,Yes,No,Month-to-month,Yes,Bank transfer (automatic),399.23
MW-68047-NHUG,No,33.92,Male,0,No,No,39,Yes,No,DSL,No,No,Yes,Yes,No,Yes,Two year,Yes,Bank transfer (automatic),1296.19
MW-28302-TCPP,Yes,110.78,Male,0,Yes,No,30,Yes,No,Fiber optic,Yes,Yes,Yes,Yes,No,No,Month-to-month,Yes,Electronic check,3330.09
MW-74029-DWES,Yes,18.0,Male,0,No,No,0,Yes,Yes,Fiber optic,No,No,No,No,Yes,No,Month-to-month,No,Bank transfer (automatic),33.04
MW-71635-MULQ,No,65.15,Female,0,No,No,67,No,No phone service,No,No internet service,No internet service,No internet service,No internet service,No internet service,No internet service,One year,Yes,Credit card (automatic),4356.46
MW-81462-TAFL,Yes,70.53,Female,0,Yes,No,53,Yes,Yes,Fiber optic,No,No,No,No,No,No,Month-to-month,Yes,Mailed check,3728.57
MW-31941-JARB,No,63.69,Male,0,No,No,36,Yes,No,Fiber optic,Yes,No,No,Yes,Yes,Yes,Month-to-month,Yes,Mailed check,2296.38
MW-74565-UEQX,No,79.0,Female,0,No,No,72,Yes,No,DSL,Yes,No,No,No,No,Yes,Month-to-month,Yes,Electronic check,5700.43
MW-10690-JFFL,No,67.32,Male,0,Yes,No,70,Yes,Yes,No,No internet service,No internet service,No internet service,No internet service,No internet service,No internet service,One year,Yes,Credit card (automatic),4722.26
MW-62795-HXWS,No,78.99,Female,0,No,No,71,Yes,No,No,No internet service,No internet service,No internet service,No internet service,No internet service,No internet service,Month-to-month,No,Electronic check,5602.91
MW-49349-JDFM,No,45.93,Female,0,No,Yes,18,Yes,Yes,No,No internet service,No internet service,No internet service,No internet service,No internet service,No internet service,Month-to-month,Yes,Electronic check,814.7
MW-20178-VUZL,No,20.23,Male,0,No,No,64,Yes,Yes,DSL,Yes,No,Yes,Yes,No,No,One year,Yes,Electronic check,1314.46
MW-21846-PFSR,No,62.61,Male,0,No,No,36,Yes,Yes,Fiber optic,No,No,No,No,No,No,Month-to-month,Yes,Credit card (automatic),2242.34
MW-36239-BKYN,Yes,33.2,Male,0,No,No,53,Yes,Yes,Fiber optic,No,No,No,No,Yes,Yes,Month-to-month,Yes,Bank transfer (automatic),1730.86
MW-66696-LCVX,No,42.14,Female,0,No,No,62,Yes,No,No,No internet service,No internet service,No internet service,No internet service,No internet service,No internet service,One year,No,Electronic check,2590.88
MW-64453-XYYH,Yes,98.84,Female,0,Yes,No,11,Yes,Yes,DSL,No,Yes,Yes,No,No,Yes,One year,No,Electronic check,1078.6
MW-39001-UHJE,No,110.74,Female,0,Yes,No,32,Yes,No,Fiber optic,No,No,No,Yes,No,No,Month-to-month,Yes,Bank transfer (automatic),3566.07
MW-69115-BQBE,No,98.28,Female,0,No,No,9,Yes,No,Fiber optic,No,No,Yes,No,No,Yes,Two year,No,Mailed check,866.69
MW-13294-EQMY,No,92.72,Male,0,No,No,20,Yes,Yes,No,No internet service,No internet service,No internet service,No internet service,No internet service,No internet service,One year,No,Electronic check,1877.23
MW-71642-REGF,No,65.8,Female,0,Yes,No,30,Yes,Yes,Fiber optic,No,Yes,Yes,No,Yes,No,Month-to-month,No,Credit card (automatic),1993.6
MW-71536-LCLH,No,94.46,Female,0,Yes,No,62,Yes,No,No,No internet service,No internet service,No internet service,No internet service,No internet service,No internet service,One year,Yes,Electronic check,5859.9
MW-75994-CXJA,No,74.67,Male,0,Yes,No,62,No,No phone service,Fiber optic,Yes,No,No,No,Yes,No,One year,Yes,Mailed check,4591.3
MW-70952-TRJK,No,120.0,Male,0,Yes,No,28,Yes,No,DSL,No,No,No,No,Yes,No,One year,Yes,Electronic check,3342.24
MW-13542-EHDE,No,36.46,Female,1,No,No,24,Yes,No,Fiber optic,Yes,No,No,Yes,No,No,One year,Yes,Bank transfer (automatic),865.54
MW-50424-KVEV,No,84.18,Female,1,No,Yes,38,Yes,Yes,No,No internet service,No internet service,No internet service,No internet service,No internet service,No internet service,One year,No,Credit card (automatic),3224.8
MW-33732-VAGP,No,26.07,Female,0,Yes,No,66,Yes,Yes,DSL,No,No,Yes,No,Yes,No,Two year,No,Mailed check,1712.08
MW-54635-DKSA,Yes,84.35,Male,0,No,No,71,Yes,Yes,Fiber optic,No,Yes,Yes,No,No,No,One year,Yes,Bank transfer (automatic),5977.26
MW-21206-RHUE,No,18.0,Male,0,No,No,16,Yes,No,No,No internet service,No internet service,No internet service,No internet service,No internet service,No internet service,Two year,No,Credit card (automatic),290.82
MW-86308-SULL,No,27.59,Female,1,No,Yes,13,Yes,No,No,No internet service,No internet service,No internet service,No internet service,No internet service,No internet service,One year,No,Credit card (automatic),337.53
MW-36568-KVKZ,No,25.52,Male,0,Yes,No,51,Yes,Yes,Fiber optic,No,No,No,No,Yes,No,Two year,Yes,Mailed check,1301.15
MW-62432-DKPP,No,71.56,Female,0,Yes,No,22,Yes,Yes,No,No internet service,No internet service,No internet service,No internet service,No internet service,No internet service,Two year,Yes,Mailed check,1562.34
MW-65350-LZMD,Yes,74.64,Male,0,Yes,No,14,Yes,No,DSL,No,No,Yes,Yes,No,No,Month-to-month,No,Credit card (automatic),1085.28
MW-87881-KBGM,No,120.0,Female,0,Yes,No,2,Yes,Yes,Fiber optic,No,Yes,No,No,Yes,Yes,Month-to-month,Yes,Electronic check,226.24
MW-53082-BMFY,Yes,61.26,Female,0,No,No,29,No,No phone service,Fiber optic,Yes,No,Yes,Yes,Yes,No,One year,Yes,Electronic check,1805.49
MW-63326-DLEL,Yes,87.18,Female,0,Yes,Yes,28,Yes,Yes,Fiber optic,Yes,No,No,No,No,No,Month-to-month,Yes,Electronic check,2423.94
MW-31289-MMML,No,68.83,Male,1,No,No,41,Yes,No,DSL,No,No,Yes,No,No,No,One year,No,Credit card (automatic),2825.97
MW-86105-GXRQ,No,84.67,Male,0,No,No,14,Yes,No,DSL,Yes,Yes,Yes,No,Yes,No,Two year,No,Electronic check,1192.88
MW-31140-KVSD,No,68.31,Male,0,Yes,Yes,52,Yes,No,Fiber optic,Yes,No,Yes,No,Yes,No,Two year,Yes,Electronic check,3554.25
MW-92552-LXXZ,Yes,96.99,Female,1,No,No,49,Yes,Yes,Fiber optic,No,No,No,No,Yes,No,Month-to-month,Yes,Bank transfer (automatic),4753.72
MW-18743-UYGZ,Yes,32.42,Female,0,Yes,No,33,Yes,Yes,No,No internet service,No internet service,No internet service,No internet service,No internet service,No internet service,One year,No,Electronic check,1082.78
MW-47951-YSSS,Yes,18.0,Female,0,No,No,13,Yes,No,Fiber optic,No,No,No,No,No,No,Month-to-month,Yes,Electronic check,240.26
MW-58103-CBFG,No,76.52,Male,0,No,No,37,Yes,No,No,No internet service,No internet service,No internet service,No internet service,No internet service,No internet service,Month-to-month,Yes,Mailed check,2828.65
MW-42792-BUAJ,Yes,18.0,Female,0,No,No,49,Yes,No,Fiber optic,Yes,No,No,No,Yes,No,Month-to-month,Yes,Electronic check,871.88
MW-66414-CQYQ,Yes,103.35,Female,0,No,Yes,27,Yes,No,Fiber optic,No,No,Yes,No,Yes,No,Month-to-month,Yes,Credit card (automatic),2787.96
MW-86723-PPGJ,Yes,47.56,Female,1,No,No,19,Yes,Yes,Fiber optic,No,No,Yes,Yes,No,No,Month-to-month,Yes,Electronic check,900.97
MW-32997-HXJF,No,32.85,Male,1,Yes,Yes,36,Yes,Yes,DSL,No,Yes,Yes,Yes,Yes,No,One year,No,Credit card (automatic),1179.63
MW-15427-NUKA,No,120.0,Female,0,No,No,25,No,No phone service,DSL,No,No,Yes,Yes,Yes,Yes,One year,Yes,Mailed check,3001.14
MW-75331-KWWU,Yes,63.45,Female,0,Yes,No,29,Yes,Yes,No,No internet service,No internet service,No internet service,No internet service,No internet service,No internet service,Month-to-month,Yes,Electronic check,1818.91
MW-77909-NZCC,Yes,57.7,Female,0,No,No,25,Yes,No,DSL,No,No,Yes,No,No,No,Month-to-month,No,Electronic check,1427.09
MW-57560-TVFH,No,86.44,Male,0,No,No,22,Yes,Yes,Fiber optic,Yes,Yes,Yes,No,Yes,No,Month-to-month,Yes,Mailed check,1914.16
MW-97639-FFAE,No,88.46,Female,0,Yes,Yes,52,Yes,No,DSL,No,No,No,Yes,Yes,Yes,Two year,No,Mailed check,4566.16
MW-14127-STXY,No,98.17,Female,0,No,No,33,Yes,Yes,Fiber optic,No,No,No,Yes,No,No,Two year,Yes,Electronic check,3257.57
MW-90822-FRKG,No,24.01,Male,0,Yes,Yes,34,Yes,No,DSL,Yes,No,No,Yes,Yes,No,Month-to-month,Yes,Credit card (automatic),807.96
MW-36214-SKQF,No,80.08,Male,0,No,Yes,47,Yes,No,Fiber optic,Yes,No,No,Yes,No,Yes,Month-to-month,Yes,Mailed check,3788.8
MW-22179-LBAU,Yes,55.2,Female,0,Yes,Yes,26,Yes,Yes,Fiber optic,No,Yes,Yes,No,No,Yes,Month-to-month,Yes,Credit card (automatic),1453.59
MW-98598-XCSR,No,36.37,Male,0,No,No,7,Yes,No,DSL,No,No,No,No,No,No,One year,Yes,Electronic check,249.68
MW-35914-GLHB,Yes,65.44,Male,1,Yes,No,62,Yes,Yes,Fiber optic,No,Yes,No,No,No,No,Month-to-month,Yes,Electronic check,4053.92
MW-30939-VHNB,Yes,18.0,Female,1,No,No,4,Yes,No,No,No internet service,No internet service,No internet service,No internet service,No internet service,No internet service,Month-to-month,Yes,Bank transfer (automatic),95.9
MW-63713-BRKS,Yes,91.69,Female,0,Yes,Yes,41,Yes,No,Fiber optic,No,No,No,No,Yes,No,Month-to-month,No,Electronic check,3778.39
MW-23186-XXBG,No,55.28,Female,1,No,No,19,Yes,No,No,No internet service,No internet service,No internet service,No internet service,No internet service,No internet service,Month-to-month,No,Electronic check,1064.91
MW-12441-EELM,Yes,49.67,Male,0,Yes,Yes,15,Yes,Yes,Fiber optic,Yes,Yes,No,No,No,No,Month-to-month,Yes,Electronic check,762.21
MW-83212-ZVBP,Yes,59.87,Male,0,No,No,3,No,No phone service,Fiber optic,Yes,Yes,No,Yes,No,Yes,Month-to-month,Yes,Electronic check,163.3
MW-56762-FYGC,Yes,58.97,Female,0,No,No,65,Yes,No,Fiber optic,Yes,No,Yes,No,No,Yes,One year,No,Bank transfer (automatic),3836.13
MW-83291-YTSR,No,98.22,Female,0,Yes,No,31,Yes,No,No,No internet service,No internet service,No internet service,No internet service,No internet service,No internet service,Month-to-month,No,Electronic check,3033.26
MW-68339-TFSE,Yes,31.13,Female,1,Yes,No,25,Yes,No,Fiber optic,No,No,Yes,No,Yes,Yes,Month-to-month,No,Credit card (automatic),761.55
MW-74731-XKYH,No,52.53,Male,0,Yes,No,54,Yes,Yes,Fiber optic,Yes,No,Yes,No,Yes,Yes,One year,Yes,Electronic check,2839.08
MW-42390-EJPT,Yes,57.5,Male,0,No,No,2,Yes,No,No,No internet service,No internet service,No internet service,No internet service,No internet service,No internet service,Month-to-month,Yes,Mailed check,108.79
MW-40273-ACGT,No,32.05,Male,0,Yes,No,41,Yes,No,No,No internet service,No internet service,No internet service,No internet service,No internet service,No internet service,Two year,Yes,Mailed check,1311.56
MW-26538-GMZE,No,68.78,Female,0,No,No,36,Yes,Yes,Fiber optic,Yes,No,No,Yes,Yes,No,Two year,No,Mailed check,2468.58
MW-96859-ESUJ,Yes,42.28,Male,0,No,Yes,40,Yes,No,DSL,No,No,No,No,Yes,No,Month-to-month,Yes,Credit card (automatic),1672.38
MW-55049-EDZQ,Yes,21.87,Female,0,Yes,No,9,Yes,Yes,Fiber optic,No,No,No,Yes,No,No,Two year,Yes,Credit card (automatic),222.28
MW-56681-KHDG,No,79.79,Female,0,Yes,No,69,Yes,No,Fiber optic,Yes,Yes,No,Yes,No,No,One year,Yes,Electronic check,5507.85
MW-54907-UMXN,No,110.42,Female,0,No,No,17,Yes,No,Fiber optic,Yes,No,No,No,Yes,Yes,One year,Yes,Mailed check,1855.51
MW-26632-QSEM,Yes,65.45,Female,0,No,No,49,Yes,Yes,Fiber optic,No,Yes,No,No,No,Yes,Month-to-month,Yes,Credit card (automatic),3209.78
MW-64743-WNGP,No,60.9,Female,0,No,No,54,Yes,Yes,Fiber optic,Yes,No,No,No,No,No,Month-to-month,Yes,Electronic check,3311.42
MW-40578-RYUC,Yes,60.27,Female,0,No,No,25,Yes,Yes,DSL,Yes,No,No,No,No,Yes,Month-to-month,Yes,Bank transfer (automatic),1521.13
MW-32678-QRTA,No,48.52,Female,0,Yes,No,9,Yes,No,Fiber optic,Yes,No,Yes,Yes,Yes,No,Two year,No,Electronic check,428.9
MW-15128-GGEU,No,99.1,Male,0,No,No,21,Yes,No,Fiber optic,No,No,No,Yes,No,No,One year,No,Mailed check,2073.68
MW-41864-MJPA,No,66.82,Male,0,No,No,58,Yes,No,Fiber optic,No,No,Yes,Yes,No,No,Month-to-month,Yes,Mailed check,3861.2
MW-59979-FNEL,Yes,18.0,Female,1,Yes,No,66,Yes,No,DSL,No,No,Yes,Yes,No,Yes,Month-to-month,No,Mailed check,1176.87
MW-59818-HYXY,Yes,99.97,Male,0,No,No,68,Yes,Yes,No,No internet service,No internet service,No internet service,No internet service,No internet service,No internet service,Month-to-month,No,Credit card (automatic),6788.05
MW-92673-KGNV,No,92.62,Male,0,No,No,16,No,No phone service,DSL,No,Yes,Yes,No,Yes,Yes,Month-to-month,Yes,Bank transfer (automatic),1459.9
MW-60975-VNPN,No,82.05,Male,0,No,No,44,Yes,Yes,No,No internet service,No internet service,No internet service,No internet service,No internet service,No internet service,One year,Yes,Credit card (automatic),3603.54
MW-87189-MCJW,Yes,18.0,Male,0,No,No,11,Yes,Yes,Fiber optic,No,No,No,Yes,No,Yes,Month-to-month,No,Bank transfer (automatic),203.16
MW-69497-WQZY,No,63.91,Male,0,Yes,No,51,No,No phone service,DSL,No,Yes,No,No,Yes,No,One year,Yes,Mailed check,3253.2
MW-34306-NUFM,No,90.8,Male,0,Yes,Yes,30,Yes,Yes,No,No internet service,No internet service,No internet service,No internet service,No internet service,No internet service,One year,Yes,Mailed check,2727.26
MW-32309-KWKH,No,75.38,Male,0,No,No,52,Yes,No,Fiber optic,Yes,No,No,No,Yes,No,One year,Yes,Mailed check,3944.09
MW-54254-KWQC,No,70.15,Female,0,No,Yes,50,Yes,Yes,Fiber optic,Yes,No,No,Yes,Yes,Yes,Two year,Yes,Credit card (automatic),3535.03
MW-75498-AJVW,No,90.87,Male,0,No,Yes,72,Yes,Yes,No,No internet service,No internet service,No internet service,No internet service,No internet service,No internet service,Month-to-month,Yes,Electronic check,6541.62
MW-16257-DAGW,No,68.18,Male,0,No,No,35,Yes,No,No,No internet service,No internet service,No internet service,No internet service,No internet service,No internet service,One year,Yes,Credit card (automatic),2399.5
MW-39728-LANR,No,100.11,Female,0,Yes,Yes,24,Yes,Yes,Fiber optic,No,No,Yes,Yes,No,Yes,One year,No,Bank transfer (automatic),2400.14
MW-86356-CRVB,Yes,68.85,Male,1,No,No,38,Yes,No,No,No internet service,No internet service,No internet service,No internet service,No internet service,No internet service,Month-to-month,Yes,Bank transfer (automatic),2608.98
MW-95456-BWMC,Yes,66.47,Male,0,No,No,11,Yes,Yes,DSL,Yes,No,No,No,Yes,Yes,Month-to-month,No,Mailed check,714.42
MW-97970-DWWZ,No,90.77,Male,0,Yes,Yes,8,Yes,No,DSL,Yes,No,No,Yes,No,No,Month-to-month,Yes,Bank transfer (automatic),727.46
MW-16013-SSXY,No,52.04,Male,0,No,No,37,Yes,No,DSL,Yes,No,No,Yes,No,No,Month-to-month,Yes,Bank transfer (automatic),1941.75
MW-70516-ARUZ,Yes,31.08,Female,0,No,No,60,Yes,Yes,DSL,Yes,Yes,No,Yes,Yes,No,Month-to-month,No,Bank transfer (automatic),1845.68
MW-73626-BVPS,No,64.11,Female,0,No,No,38,Yes,Yes,Fiber optic,No,No,No,No,Yes,No,Month-to-month,Yes,Electronic check,2431.87
MW-90018-ZZEM,No,81.71,Male,0,No,No,57,Yes,No,DSL,No,No,Yes,No,Yes,No,One year,No,Bank transfer (automatic),4652.44
MW-17972-KMLW,No,91.76,Female,0,Yes,No,12,No,No phone service,Fiber optic,Yes,No,No,Yes,No,No,Month-to-month,Yes,Mailed check,1104.82
MW-69413-XSRD,Yes,91.93,Male,1,No,No,32,Yes,Yes,DSL,No,Yes,Yes,No,Yes,No,Month-to-month,Yes,Bank transfer (automatic),2945.7
MW-82978-JHCQ,No,61.94,Female,1,No,No,44,Yes,No,Fiber optic,Yes,No,Yes,No,Yes,No,Month-to-month,Yes,Bank transfer (automatic),2733.42
MW-39819-RAMN,No,58.86,Female,1,No,Yes,25,Yes,Yes,Fiber optic,No,No,Yes,No,Yes,No,Month-to-month,No,Electronic check,1499.95
MW-89896-LFAF,No,46.24,Male,0,Yes,No,1,Yes,Yes,DSL,No,Yes,No,No,Yes,No,Two year,No,Bank transfer (automatic),33.18
MW-88160-ZXSG,Yes,71.5,Female,0,Yes,No,5,No,No phone service,Fiber optic,No,No,No,No,Yes,Yes,Month-to-month,No,Mailed check,343.62
MW-82685-AXLN,No,18.0,Female,0,Yes,No,67,Yes,Yes,Fiber optic,Yes,Yes,No,Yes,Yes,Yes,Month-to-month,No,Bank transfer (automatic),1209.71
MW-83549-ZYPT,Yes,64.68,Female,0,Yes,Yes,44,Yes,Yes,Fiber optic,No,No,Yes,Yes,No,No,Month-to-month,No,Bank transfer (automatic),2867.71
MW-39551-PKFA,No,120.0,Male,0,Yes,Yes,19,Yes,No,No,No internet service,No internet service,No internet service,No internet service,No internet service,No internet service,Month-to-month,Yes,Bank transfer (automatic),2258.06
MW-88456-YXKS,No,18.88,Female,0,Yes,No,18,Yes,Yes,No,No internet service,No internet service,No internet service,No internet service,No internet service,No internet service,One year,Yes,Bank transfer (automatic),344.81
MW-70438-CDWY,Yes,68.71,Male,0,No,No,2,Yes,No,DSL,Yes,No,No,Yes,Yes,No,One year,Yes,Electronic check,134.4
MW-82407-QMRA,No,75.34,Female,0,Yes,No,68,Yes,Yes,Fiber optic,Yes,Yes,Yes,No,Yes,Yes,Month-to-month,No,Electronic check,5135.93
MW-47515-HHNW,No,79.19,Male,1,No,No,7,Yes,Yes,DSL,No,Yes,Yes,Yes,No,Yes,One year,No,Bank transfer (automatic),563.75
MW-97108-CLUV,Yes,35.0,Male,0,Yes,No,55,Yes,No,Fiber optic,No,No,No,Yes,Yes,No,Month-to-month,No,Electronic check,1925.73
MW-51339-WKYD,No,79.47,Female,0,Yes,No,17,No,No phone service,Fiber optic,Yes,No,Yes,No,No,No,Two year,Yes,Electronic check,1358.3
MW-32464-VESX,No,47.96,Male,0,Yes,Yes,24,Yes,Yes,Fiber optic,No,No,No,No,Yes,No,One year,Yes,Electronic check,1141.17
MW-95366-SEXY,Yes,21.17,Male,0,No,Yes,19,Yes,No,No,No internet service,No internet service,No internet service,No internet service,No internet service,No internet service,Month-to-month,Yes,Electronic check,414.23
MW-61812-MGRZ,No,92.56,Female,0,Yes,No,60,Yes,Yes,Fiber optic,No,No,No,No,No,No,One year,Yes,Credit card (automatic),5574.4
MW-23021-ZCDP,Yes,83.94,Female,0,Yes,Yes,2,Yes,Yes,Fiber optic,No,No,No,Yes,No,No,Two year,Yes,Electronic check,169.38
MW-25580-WASG,Yes,35.0,Male,0,No,No,25,Yes,No,Fiber optic,Yes,No,No,No,No,No,Month-to-month,Yes,Electronic check,868.88
MW-73068-HWGE,No,47.69,Male,0,No,No,20,Yes,No,DSL,Yes,Yes,No,No,Yes,Yes,Two year,Yes,Credit card (automatic),951.62
MW-38540-ZXYQ,No,46.6,Male,0,Yes,No,19,Yes,Yes,DSL,No,Yes,Yes,Yes,Yes,Yes,Two year,Yes,Credit card (automatic),897.25
MW-81921-GTUJ,Yes,18.0,Male,0,No,No,14,No,No phone service,Fiber optic,No,No,No,Yes,No,No,Month-to-month,Yes,Electronic check,251.37
MW-83839-PZPV,No,86.87,Male,0,No,No,66,Yes,Yes,Fiber optic,No,Yes,No,Yes,Yes,No,One year,Yes,Credit card (automatic),5715.43
MW-89392-AXZD,No,88.0,Female,1,No,No,27,No,No phone service,DSL,Yes,No,No,Yes,No,Yes,One year,No,Electronic check,2390.28
MW-18274-LGPW,Yes,54.02,Male,0,No,No,30,No,No phone service,Fiber optic,Yes,No,Yes,No,No,Yes,Month-to-month,Yes,Bank transfer (automatic),1605.86
MW-43379-ESDK,Yes,63.16,Male,0,No,No,28,Yes,Yes,DSL,Yes,No,Yes,Yes,Yes,No,Month-to-month,No,Electronic check,1774.85
MW-15513-PMCL,No,67.44,Male,0,No,No,71,Yes,No,Fiber optic,Yes,No,No,No,Yes,Yes,Two year,Yes,Mailed check,4760.24
MW-89779-JPHM,Yes,71.33,Female,0,No,No,24,Yes,No,Fiber optic,No,Yes,No,No,No,No,One year,Yes,Electronic check,1713.54
MW-82582-YLTH,Yes,23.57,Female,0,No,No,24,Yes,Yes,DSL,Yes,No,Yes,No,No,Yes,Month-to-month,No,Bank transfer (automatic),564.66
MW-15230-SLQE,No,78.65,Female,0,Yes,Yes,23,Yes,No,DSL,No,No,No,No,No,Yes,Month-to-month,Yes,Electronic check,1779.44
MW-38223-WEES,Yes,28.73,Female,0,Yes,No,23,Yes,Yes,DSL,No,Yes,Yes,No,No,Yes,Month-to-month,Yes,Mailed check,665.78
MW-95301-HZSF,Yes,84.44,Female,1,Yes,No,6,Yes,No,Fiber optic,No,No,Yes,No,No,Yes,Two year,Yes,Bank transfer (automatic),490.12
MW-56433-ZXHR,No,32.05,Female,0,Yes,Yes,44,Yes,No,No,No internet service,No internet service,No internet service,No internet service,No internet service,No internet service,One year,No,Electronic check,1411.47
MW-15188-LYZK,No,25.0,Female,0,Yes,Yes,1,Yes,No,DSL,No,Yes,Yes,Yes,Yes,No,Month-to-month,Yes,Credit card (automatic),18.82
MW-93470-XSCP,No,63.16,Female,0,No,No,16,Yes,No,Fiber optic,No,Yes,No,No,No,Yes,Two year,Yes,Mailed check,988.35
MW-35095-KZEB,No,62.48,Male,0,Yes,No,14,Yes,Yes,Fiber optic,Yes,Yes,No,No,No,Yes,Two year,No,Electronic check,859.03
MW-39289-DBMW,No,67.11,Male,0,Yes,No,21,Yes,No,Fiber optic,No,No,No,No,No,No,Month-to-month,Yes,Electronic check,1394.82
MW-66694-MBWX,No,37.22,Male,0,Yes,Yes,55,No,No phone service,DSL,Yes,No,No,Yes,No,Yes,Month-to-month,Yes,Electronic check,2061.84
MW-72031-UCFC,No,70.08,Female,0,Yes,Yes,43,Yes,No,DSL,Yes,No,No,Yes,No,No,One year,Yes,Electronic check,3025.98
MW-31735-RHBT,No,72.91,Male,0,No,No,72,Yes,Yes,No,No internet service,No internet service,No internet service,No internet service,No internet service,No internet service,Month-to-month,No,Mailed check,5282.44
MW-38748-TPEX,No,98.97,Female,1,Yes,Yes,25,No,No phone service,No,No internet service,No internet service,No internet service,No internet service,No internet service,No internet service,Month-to-month,No,Bank transfer (automatic),2466.57
MW-52153-KRAQ,No,69.55,Female,0,No,No,67,Yes,No,Fiber optic,No,Yes,Yes,No,No,Yes,One year,No,Mailed check,4651.69
MW-87654-XPGK,No,46.02,Male,0,No,No,3,Yes,No,Fiber optic,Yes,Yes,No,No,No,No,Two year,Yes,Mailed check,140.08
MW-11567-GRNZ,Yes,23.59,Female,0,Yes,No,36,Yes,No,DSL,Yes,Yes,Yes,No,No,Yes,Month-to-month,No,Credit card (automatic),843.91
MW-34685-AZGC,No,18.09,Male,0,Yes,No,58,No,No phone service,DSL,No,Yes,No,No,No,No,Two year,Yes,Electronic check,1040.48
MW-11745-GLTQ,No,73.69,Male,0,No,No,38,Yes,Yes,DSL,No,No,No,No,No,Yes,Two year,No,Bank transfer (automatic),2801.04
MW-49108-FTAH,Yes,87.8,Male,1,Yes,Yes,68,Yes,Yes,Fiber optic,No,Yes,No,No,No,No,Month-to-month,Yes,Credit card (automatic),5980.95
MW-51738-ZZHK,Yes,37.29,Male,0,Yes,No,22,Yes,Yes,DSL,No,Yes,No,No,Yes,No,Month-to-month,No,Electronic check,788.7
MW-99434-JGEU,No,71.66,Female,0,No,Yes,2,Yes,Yes,DSL,No,Yes,No,No,No,Yes,One year,Yes,Bank transfer (automatic),134.74
MW-39852-RQUX,No,58.77,Female,1,No,No,56,Yes,Yes,DSL,No,No,No,No,Yes,No,One year,Yes,Credit card (automatic),3270.08
MW-65023-WCUB,No,85.55,Female,0,Yes,No,4,Yes,No,DSL,No,Yes,Yes,No,No,No,Month-to-month,No,Mailed check,339.89
MW-28407-TYYL,No,89.98,Female,0,Yes,No,55,Yes,Yes,Fiber optic,No,Yes,No,Yes,No,No,One year,Yes,Credit card (automatic),4955.39
MW-79786-ZFYT,Yes,18.0,Male,0,No,Yes,53,No,No phone service,Fiber optic,No,No,Yes,Yes,No,No,One year,Yes,Electronic check,970.75
MW-46742-VZUZ,No,94.96,Male,0,Yes,No,61,Yes,No,Fiber optic,No,No,Yes,No,Yes,Yes,One year,Yes,Bank transfer (automatic),5786.05
MW-11766-LZVD,No,71.57,Male,0,No,Yes,34,Yes,No,Fiber optic,No,No,Yes,Yes,No,Yes,One year,No,Electronic check,2434.97
MW-16221-JWQC,Yes,48.06,Male,0,Yes,Yes,65,No,No phone service,Fiber optic,No,No,No,No,Yes,No,Month-to-month,Yes,Electronic check,3098.67
MW-95505-QJCE,Yes,48.9,Female,0,No,No,12,Yes,No,Fiber optic,Yes,No,Yes,No,No,Yes,Month-to-month,Yes,Credit card (automatic),573.89
MW-12543-EJXF,No,64.95,Male,0,No,No,31,Yes,Yes,DSL,Yes,Yes,No,No,No,No,Month-to-month,Yes,Electronic check,2016.56
MW-71018-EXMZ,No,48.89,Female,0,No,No,8,Yes,No,DSL,Yes,Yes,Yes,No,No,No,Two year,No,Credit card (automatic),370.73
MW-29500-HEWD,No,35.89,Male,0,No,Yes,55,Yes,Yes,No,No internet service,No internet service,No internet service,No internet service,No internet service,No internet service,Two year,No,Bank transfer (automatic),1992.51
MW-85018-TDWP,No,42.77,Male,1,Yes,Yes,52,Yes,Yes,Fiber optic,No,No,No,No,No,No,Two year,Yes,Credit card (automatic),2231.89
MW-51750-DXGT,No,32.8,Male,0,No,No,58,Yes,Yes,Fiber optic,Yes,Yes,Yes,No,No,Yes,Month-to-month,No,Credit card (automatic),1888.83
MW-36215-ELGZ,No,104.4,Female,0,No,No,55,Yes,Yes,DSL,Yes,No,No,Yes,No,No,One year,Yes,Bank transfer (automatic),5719.77
MW-97783-CNGU,Yes,65.68,Female,0,Yes,Yes,22,Yes,Yes,DSL,Yes,No,No,No,No,No,Month-to-month,Yes,Credit card (automatic),1434.17
MW-80226-PMVR,Yes,120.0,Male,0,Yes,No,4,Yes,Yes,DSL,No,Yes,No,Yes,No,Yes,Month-to-month,No,Bank transfer (automatic),466.51
MW-36524-RKFB,No,75.13,Male,0,No,Yes,67,No,No phone service,No,No internet service,No internet service,No internet service,No internet service,No internet service,No internet service,Month-to-month,No,Mailed check,5015.46
MW-76204-PQFG,No,81.67,Female,0,Yes,No,35,Yes,Yes,Fiber optic,Yes,Yes,No,No,No,No,Two year,No,Bank transfer (automatic),2837.35
MW-72593-BPYR,Yes,32.15,Female,0,Yes,No,6,Yes,No,DSL,No,Yes,Yes,Yes,No,No,Month-to-month,Yes,Electronic check,189.44
MW-84352-BLYD,No,57.45,Female,0,Yes,No,67,Yes,Yes,DSL,No,Yes,No,No,No,Yes,One year,No,Electronic check,3860.13
MW-91766-GVSE,No,66.18,Male,0,Yes,No,72,Yes,Yes,DSL,Yes,No,No,Yes,No,No,Two year,No,Electronic check,4754.29
MW-99661-ADPH,No,44.88,Male,0,No,No,32,Yes,No,DSL,Yes,Yes,Yes,No,Yes,No,One year,Yes,Mailed check,1442.83
MW-38944-EBCJ,Yes,50.06,Female,0,No,No,56,Yes,No,Fiber optic,No,No,No,No,No,Yes,Month-to-month,No,Electronic check,2798.44
MW-79515-FUUU,No,76.6,Male,0,Yes,Yes,2,Yes,No,Fiber optic,No,Yes,No,No,Yes,Yes,Two year,No,Mailed check,162.38
MW-61675-TLEE,No,77.19,Male,0,Yes,No,6,Yes,No,No,No internet service,No internet service,No internet service,No internet service,No internet service,No internet service,One year,No,Bank transfer (automatic),451.34
MW-23736-QZTV,No,23.89,Female,1,No,No,20,Yes,Yes,Fiber optic,No,No,Yes,Yes,No,No,Month-to-month,Yes,Bank transfer (automatic),482.01
MW-84934-WAXQ,No,72.51,Male,0,Yes,No,47,Yes,Yes,No,No internet service,No internet service,No internet service,No internet service,No internet service,No internet service,One year,No,Credit card (automatic),3409.77
MW-72945-WYDY,No,80.59,Female,0,Yes,No,9,Yes,Yes,No,No internet service,No internet service,No internet service,No internet service,No internet service,No internet service,Two year,No,Credit card (automatic),745.74
MW-57921-PKZQ,No,46.29,Male,0,Yes,No,2,Yes,No,No,No internet service,No internet service,No internet service,No internet service,No internet service,No internet service,Month-to-month,Yes,Credit card (automatic),100.96
MW-48769-RQRT,Yes,43.24,Male,0,No,No,48,Yes,No,No,No internet service,No internet service,No internet service,No internet service,No internet service,No internet service,Month-to-month,Yes,Bank transfer (automatic),2079.36
MW-23221-JYSM,Yes,77.24,Female,0,No,Yes,56,Yes,No,DSL,No,No,Yes,Yes,Yes,Yes,Month-to-month,No,Electronic check,4303.39
MW-57093-NBCT,Yes,18.0,Female,0,No,No,53,Yes,No,DSL,Yes,No,No,No,No,Yes,Month-to-month,No,Credit card (automatic),946.12
MW-11615-KYLW,No,64.06,Female,0,Yes,No,58,Yes,No,DSL,Yes,Yes,Yes,Yes,Yes,No,One year,Yes,Electronic check,3703.47
MW-59786-TAJX,Yes,113.03,Female,1,Yes,No,58,Yes,Yes,Fiber optic,No,No,No,No,No,Yes,Month-to-month,No,Electronic check,6543.41
MW-60525-UDFZ,No,18.0,Female,0,Yes,No,43,No,No phone service,Fiber optic,Yes,No,Yes,Yes,No,No,Month-to-month,No,Electronic check,774.23
MW-56149-MTMD,Yes,88.69,Male,0,Yes,Yes,37,No,No phone service,DSL,Yes,No,No,Yes,No,No,Month-to-month,No,Bank transfer (automatic),3285.14
MW-70924-PCYG,No,80.33,Male,0,No,No,62,Yes,No,No,No internet service,No internet service,No internet service,No internet service,No internet service,No internet service,Month-to-month,Yes,Bank transfer (automatic),4984.66
MW-53066-WFBA,Yes,20.86,Male,0,No,No,25,Yes,Yes,Fiber optic,No,No,No,Yes,No,Yes,Month-to-month,No,Electronic check,540.42
MW-63153-CXCD,Yes,79.61,Female,0,Yes,Yes,7,Yes,Yes,Fiber optic,No,Yes,No,Yes,Yes,No,One year,Yes,Credit card (automatic),564.52
MW-24700-FZVG,Yes,94.04,Male,0,Yes,No,54,Yes,Yes,Fiber optic,Yes,No,No,No,Yes,Yes,Month-to-month,Yes,Electronic check,5059.74
MW-88721-LPGS,Yes,28.7,Female,0,No,No,20,Yes,No,DSL,No,No,No,Yes,No,No,Month-to-month,Yes,Electronic check,577.04
MW-91540-GHYL,No,42.78,Female,0,Yes,No,71,Yes,No,Fiber optic,No,No,No,No,Yes,Yes,Two year,Yes,Electronic check,3046.15
MW-60062-YUHB,No,64.78,Male,0,Yes,No,30,Yes,No,DSL,No,No,No,No,Yes,No,Two year,No,Electronic check,1962.33
MW-26109-DJUU,No,93.33,Female,0,Yes,Yes,62,No,No phone service,Fiber optic,No,No,Yes,Yes,No,Yes,Month-to-month,Yes,Bank transfer (automatic),5784.15
MW-27060-KHTB,Yes,47.77,Male,1,No,Yes,3,Yes,No,DSL,No,No,Yes,Yes,Yes,No,Month-to-month,Yes,Electronic check,141.14
MW-77653-KESS,Yes,62.74,Male,0,No,No,48,Yes,No,DSL,No,No,Yes,Yes,Yes,No,Month-to-month,Yes,Electronic check,3027.7
MW-83185-WZFF,Yes,44.05,Male,0,No,No,32,No,No phone service,Fiber optic,No,Yes,No,No,No,No,Month-to-month,No,Electronic check,1412.28
MW-13414-KNTF,No,64.74,Male,0,No,No,33,Yes,No,Fiber optic,Yes,No,Yes,No,No,No,Month-to-month,Yes,Credit card (automatic),2112.44
MW-76688-PYBX,No,95.4,Female,0,Yes,Yes,19,Yes,Yes,Fiber optic,No,No,Yes,No,Yes,No,Two year,No,Credit card (automatic),1785.41
MW-64086-EKDA,No,67.18,Male,1,Yes,No,70,Yes,No,No,No internet service,No internet service,No internet service,No internet service,No internet service,No internet service,One year,Yes,Bank transfer (automatic),4730.21
MW-41649-GQKR,No,53.28,Female,0,Yes,No,28,Yes,No,DSL,No,No,No,Yes,No,No,Month-to-month,Yes,Bank transfer (automatic),1466.13
MW-93138-TQSH,No,63.02,Female,0,Yes,No,62,Yes,Yes,No,No internet service,No internet service,No internet service,No internet service,No internet service,No internet service,Two year,Yes,Credit card (automatic),3904.73
MW-38190-VAWA,Yes,39.98,Female,0,No,No,31,Yes,Yes,DSL,No,Yes,Yes,No,No,No,Month-to-month,Yes,Electronic check,1252.63
MW-42695-RUXN,Yes,34.17,Female,0,Yes,No,3,Yes,No,DSL,No,No,No,No,No,Yes,Month-to-month,Yes,Electronic check,76.04
MW-57912-VGGX,Yes,100.1,Male,1,No,No,64,Yes,No,No,No internet service,No internet service,No internet service,No internet service,No internet service,No internet service,Month-to-month,Yes,Mailed check,6390.18
MW-57866-PXNV,No,113.13,Female,0,Yes,No,13,No,No phone service,Fiber optic,Yes,No,No,Yes,No,No,Month-to-month,No,Electronic check,1451.99
MW-11871-EQEQ,No,18.0,Female,0,Yes,No,19,Yes,Yes,Fiber optic,No,Yes,No,No,No,Yes,Two year,Yes,Mailed check,369.02
MW-84385-HNXE,No,81.46,Male,0,Yes,No,62,No,No phone service,Fiber optic,No,Yes,No,Yes,No,No,Month-to-month,No,Mailed check,5080.79
MW-44451-TTHN,Yes,89.77,Male,0,No,No,65,Yes,Yes,Fiber optic,No,No,No,No,Yes,Yes,One year,Yes,Electronic check,5824.04
MW-23163-XPDS,No,27.65,Male,0,Yes,No,66,Yes,No,Fiber optic,Yes,No,No,No,No,Yes,Month-to-month,Yes,Mailed check,1833.59
MW-94721-CJWS,No,49.85,Male,0,No,No,31,Yes,Yes,DSL,No,No,No,Yes,No,No,Two year,Yes,Mailed check,1549.97
MW-84527-SFAW,Yes,46.69,Female,0,No,No,55,Yes,Yes,No,No internet service,No internet service,No internet service,No internet service,No internet service,No internet service,One year,No,Electronic check,2563.74
MW-44125-FZHQ,Yes,120.0,Male,0,No,No,23,No,No phone service,No,No internet service,No internet service,No internet service,No internet service,No internet service,No internet service,Month-to-month,No,Credit card (automatic),2735.6
MW-11765-TKVG,No,113.57,Male,0,Yes,Yes,54,No,No phone service,No,No internet service,No internet service,No internet service,No internet service,No internet service,No internet service,Month-to-month,Yes,Bank transfer (automatic),6167.39
MW-40857-LXHH,No,36.36,Female,0,No,No,36,Yes,No,Fiber optic,No,No,No,Yes,No,Yes,Two year,Yes,Electronic check,1281.72
MW-87034-CVBK,Yes,20.22,Male,0,No,No,3,Yes,Yes,Fiber optic,Yes,No,No,No,No,No,Month-to-month,No,Electronic check,63.84
MW-12958-GXML,No,87.19,Female,0,No,No,30,Yes,Yes,Fiber optic,No,No,No,No,No,Yes,Month-to-month,Yes,Electronic check,2605.99
MW-72742-NPFC,No,80.32,Male,1,No,No,34,Yes,Yes,Fiber optic,No,Yes,No,No,No,No,Two year,Yes,Electronic check,2746.0
MW-57253-EZBP,Yes,101.32,Male,0,No,No,18,Yes,No,No,No internet service,No internet service,No internet service,No internet service,No internet service,No internet service,Month-to-month,Yes,Electronic check,1836.45
MW-10882-TQVD,No,32.23,Female,0,No,No,27,Yes,No,Fiber optic,Yes,Yes,No,No,No,No,Month-to-month,Yes,Electronic check,855.53
MW-94363-KSBL,No,85.71,Male,0,Yes,Yes,36,Yes,No,Fiber optic,No,Yes,No,Yes,No,Yes,Month-to-month,Yes,Credit card (automatic),3073.71
MW-58766-VLUM,Yes,42.05,Female,0,No,No,3,Yes,Yes,Fiber optic,No,Yes,No,Yes,Yes,No,Month-to-month,Yes,Credit card (automatic),102.9
MW-76672-CNKV,No,82.69,Female,0,No,No,11,No,No phone service,DSL,Yes,No,No,Yes,Yes,No,Month-to-month,Yes,Credit card (automatic),912.51
MW-46184-WJXX,No,62.89,Female,0,Yes,No,55,Yes,No,No,No internet service,No internet service,No internet service,No internet service,No internet service,No internet service,Month-to-month,Yes,Bank transfer (automatic),3469.61
MW-65662-MCTN,No,120.0,Female,0,No,No,25,Yes,No,No,No internet service,No internet service,No internet service,No internet service,No internet service,No internet service,Month-to-month,No,Bank transfer (automatic),2993.38
MW-92979-RSUZ,Yes,77.42,Female,1,No,No,44,Yes,Yes,DSL,Yes,Yes,No,No,Yes,No,Month-to-month,Yes,Bank transfer (automatic),3402.81
MW-10599-HKES,Yes,54.58,Male,0,Yes,No,41,Yes,Yes,DSL,No,Yes,Yes,No,No,Yes,Month-to-month,No,Credit card (automatic),2266.4
MW-80673-SUDV,No,68.14,Male,0,No,No,40,Yes,Yes,Fiber optic,No,No,No,Yes,Yes,No,Two year,Yes,Bank transfer (automatic),2739.64
MW-74157-QYAJ,No,60.98,Female,0,Yes,No,30,Yes,Yes,DSL,No,Yes,No,No,No,No,One year,No,Bank transfer (automatic),1849.62
MW-30050-YWRY,Yes,29.37,Female,0,Yes,No,35,Yes,No,No,No internet service,No internet service,No internet service,No internet service,No internet service,No internet service,Month-to-month,No,Credit card (automatic),994.32
MW-39262-RMGS,No,120.0,Female,0,No,No,60,No,No phone service,DSL,No,Yes,Yes,Yes,No,Yes,Month-to-month,Yes,Bank transfer (automatic),7208.21
MW-82843-NHDG,No,111.96,Female,0,Yes,No,70,Yes,No,DSL,No,No,Yes,No,Yes,Yes,One year,No,Electronic check,7840.97
MW-30688-NGQB,Yes,58.71,Female,0,No,Yes,18,Yes,No,DSL,No,Yes,No,No,Yes,No,Month-to-month,No,Electronic check,1038.0
MW-67316-JPTW,No,85.0,Male,0,No,No,48,Yes,No,Fiber optic,Yes,No,No,No,No,No,Month-to-month,Yes,Mailed check,4064.34
MW-84420-DGRA,Yes,120.0,Female,0,No,Yes,70,Yes,No,Fiber optic,Yes,Yes,Yes,No,No,No,One year,Yes,Electronic check,8396.72
MW-49060-PGNU,Yes,101.11,Male,0,Yes,No,0,Yes,No,No,No internet service,No internet service,No internet service,No internet service,No internet service,No internet service,Month-to-month,Yes,Electronic check,0.0
MW-50429-ELTU,No,54.78,Female,0,No,No,57,Yes,No,No,No internet service,No internet service,No internet service,No internet service,No internet service,No internet service,One year,Yes,Electronic check,3110.48
MW-33276-HFLR,No,61.36,Female,1,Yes,No,36,Yes,No,Fiber optic,No,No,No,No,No,No,Two year,Yes,Electronic check,2202.04
MW-49035-STHV,No,18.0,Male,0,No,No,70,Yes,No,DSL,No,Yes,No,Yes,Yes,No,Two year,No,Credit card (automatic),1268.6
MW-65190-USTX,Yes,87.24,Male,1,No,No,42,Yes,Yes,DSL,Yes,Yes,Yes,Yes,No,No,Month-to-month,Yes,Mailed check,3653.48
MW-12061-VDUP,No,101.29,Male,0,Yes,No,61,Yes,Yes,No,No internet service,No internet service,No internet service,No internet service,No internet service,No internet service,Month-to-month,Yes,Electronic check,6171.98
MW-48656-LLDZ,No,101.49,Male,1,No,Yes,12,No,No phone service,DSL,No,No,No,No,No,No,Month-to-month,No,Mailed check,1233.25
MW-23316-BPYS,No,85.03,Female,0,No,No,10,Yes,Yes,No,No internet service,No internet service,No internet service,No internet service,No internet service,No internet service,One year,No,Electronic check,823.84
MW-37180-YYAD,No,74.57,Male,0,Yes,Yes,67,Yes,No,No,No internet service,No internet service,No internet service,No internet service,No internet service,No internet service,Two year,Yes,Bank transfer (automatic),4999.6
MW-41867-CJKH,No,34.07,Male,0,Yes,Yes,38,No,No phone service,Fiber optic,Yes,Yes,No,Yes,No,No,Two year,Yes,Bank transfer (automatic),1300.5
MW-10851-DCNP,Yes,73.59,Female,0,Yes,Yes,40,Yes,No,Fiber optic,No,No,Yes,No,Yes,Yes,Month-to-month,Yes,Electronic check,2949.85
MW-14412-HHMD,No,45.05,Female,1,No,No,12,Yes,No,No,No internet service,No internet service,No internet service,No internet service,No internet service,No internet service,Two year,Yes,Mailed check,533.08
MW-28017-DAJA,Yes,79.76,Male,0,No,Yes,16,Yes,Yes,Fiber optic,No,Yes,No,Yes,Yes,No,Month-to-month,Yes,Electronic check,1260.19
MW-66853-JKGQ,No,41.08,Female,0,Yes,No,59,Yes,Yes,Fiber optic,No,No,No,Yes,No,No,Two year,Yes,Bank transfer (automatic),2446.51
MW-84732-DFYX,No,79.56,Female,1,No,No,22,Yes,Yes,Fiber optic,No,No,No,No,No,No,Month-to-month,No,Credit card (automatic),1737.47
MW-22774-CFPG,Yes,103.69,Female,0,No,No,42,Yes,No,Fiber optic,No,No,No,No,Yes,Yes,Month-to-month,Yes,Credit card (automatic),4338.22
MW-68549-DHZD,Yes,75.31,Female,0,No,Yes,23,Yes,Yes,Fiber optic,Yes,No,No,No,No,Yes,Month-to-month,Yes,Electronic check,1732.43
MW-53249-QZVT,No,73.85,Female,0,Yes,No,19,No,No phone service,No,No internet service,No internet service,No internet service,No internet service,No internet service,No internet service,Two year,Yes,Bank transfer (automatic),1392.06
MW-48023-HHQZ,No,91.39,Male,1,Yes,No,12,Yes,No,Fiber optic,No,No,No,No,No,No,Month-to-month,Yes,Credit card (automatic),1112.44
MW-37392-JRZU,No,117.11,Female,0,No,No,67,Yes,Yes,Fiber optic,Yes,No,No,No,No,Yes,Month-to-month,Yes,Credit card (automatic),7842.39
MW-86477-ZJSF,Yes,60.78,Female,0,No,No,68,No,No phone service,DSL,No,No,Yes,Yes,Yes,Yes,Month-to-month,Yes,Electronic check,4150.75
MW-91586-BLVL,Yes,79.63,Male,1,Yes,Yes,8,Yes,Yes,No,No internet service,No internet service,No internet service,No internet service,No internet service,No internet service,Month-to-month,Yes,Mailed check,643.77
MW-95819-GZKD,No,109.34,Female,0,Yes,Yes,25,Yes,Yes,Fiber optic,Yes,No,No,No,No,No,Two year,No,Electronic check,2727.68
MW-70558-EDZQ,Yes,84.08,Male,0,Yes,Yes,41,Yes,Yes,Fiber optic,No,Yes,No,Yes,Yes,No,Month-to-month,Yes,Electronic check,3463.99
MW-75038-APLP,Yes,18.0,Female,0,No,Yes,27,Yes,No,DSL,Yes,Yes,No,No,No,No,Month-to-month,Yes,Bank transfer (automatic),476.24
MW-30320-WKHJ,No,42.53,Female,0,Yes,Yes,52,Yes,Yes,No,No internet service,No internet service,No internet service,No internet service,No internet service,No internet service,One year,Yes,Mailed check,2206.76
MW-91614-SCQV,Yes,86.53,Male,1,Yes,No,18,Yes,Yes,Fiber optic,Yes,No,Yes,No,Yes,No,Month-to-month,Yes,Electronic check,1565.48
MW-34119-ZLMX,No,51.99,Female,0,No,Yes,4,Yes,No,Fiber optic,No,Yes,No,Yes,Yes,No,Month-to-month,No,Credit card (automatic),211.36
MW-16239-VMKX,No,107.21,Female,0,Yes,No,24,Yes,Yes,DSL,Yes,No,No,No,No,Yes,Month-to-month,Yes,Mailed check,2562.93
MW-32983-KYLP,No,119.74,Female,0,No,Yes,43,Yes,No,DSL,No,No,Yes,No,Yes,Yes,Month-to-month,Yes,Credit card (automatic),5125.77
MW-69738-NVUC,No,46.29,Female,0,Yes,No,13,Yes,Yes,DSL,No,Yes,No,Yes,No,No,Month-to-month,Yes,Credit card (automatic),601.49
MW-78075-WCVS,Yes,33.02,Male,1,Yes,No,59,Yes,No,DSL,No,Yes,No,Yes,No,Yes,Month-to-month,Yes,Credit card (automatic),1937.27
MW-43097-QBWT,No,53.16,Female,0,Yes,Yes,0,Yes,No,Fiber optic,No,Yes,No,Yes,Yes,Yes,Month-to-month,Yes,Credit card (automatic),0.44
MW-65937-PFUF,No,51.43,Female,1,Yes,No,4,Yes,Yes,Fiber optic,Yes,Yes,No,No,No,No,One year,Yes,Electronic check,199.41
MW-50340-LJLY,Yes,110.08,Female,0,No,Yes,37,Yes,No,Fiber optic,No,No,No,No,Yes,Yes,Two year,No,Electronic check,4062.2
MW-25859-UTSU,No,32.94,Female,0,Yes,Yes,37,Yes,Yes,Fiber optic,No,No,Yes,No,No,No,Two year,No,Credit card (automatic),1214.76
MW-11959-TUBV,Yes,86.27,Female,0,Yes,No,21,Yes,Yes,Fiber optic,Yes,Yes,No,No,Yes,No,Month-to-month,No,Electronic check,1810.57
MW-65638-HEEY,Yes,105.64,Female,0,Yes,No,18,Yes,No,DSL,No,Yes,No,No,No,No,Month-to-month,Yes,Mailed check,1911.95
MW-35088-VKXP,Yes,88.58,Female,0,No,No,5,Yes,Yes,No,No internet service,No internet service,No internet service,No internet service,No internet service,No internet service,Two year,Yes,Bank transfer (automatic),449.25
MW-47271-WVFW,No,77.09,Male,0,No,No,48,Yes,No,Fiber optic,No,Yes,No,No,No,Yes,One year,No,Electronic check,3731.74
MW-75628-ZNHP,No,59.13,Male,0,Yes,No,27,Yes,No,Fiber optic,No,Yes,No,No,No,No,Month-to-month,No,Electronic check,1598.63
MW-77932-WKBB,Yes,119.47,Female,0,No,No,8,No,No phone service,No,No internet service,No internet service,No internet service,No internet service,No internet service,No internet service,Month-to-month,No,Mailed check,945.67
MW-89920-URFS,Yes,56.64,Female,0,Yes,No,29,Yes,Yes,Fiber optic,Yes,Yes,No,No,Yes,No,Month-to-month,Yes,Mailed check,1640.07
MW-80949-HMEB,Yes,92.45,Female,0,Yes,Yes,68,Yes,Yes,Fiber optic,Yes,No,No,No,Yes,No,Month-to-month,Yes,Bank transfer (automatic),6295.12
MW-94825-XPZC,No,59.24,Female,0,No,Yes,19,Yes,No,Fiber optic,No,No,No,No,Yes,Yes,Month-to-month,Yes,Electronic check,1140.61
MW-98853-KLAV,No,18.0,Male,1,Yes,No,65,Yes,Yes,No,No internet service,No internet service,No internet service,No internet service,No internet service,No internet service,Month-to-month,Yes,Mailed check,1190.12
MW-51243-ZFWY,Yes,55.91,Male,0,Yes,Yes,18,Yes,No,No,No internet service,No internet service,No internet service,No internet service,No internet service,No internet service,Two year,Yes,Electronic check,991.12
MW-19107-KSLG,No,59.31,Female,0,Yes,No,13,No,No phone service,DSL,No,Yes,Yes,No,No,No,One year,No,Bank transfer (automatic),790.24
MW-14934-GFZB,No,59.7,Female,0,No,No,19,Yes,No,Fiber optic,No,Yes,No,No,No,No,One year,Yes,Electronic check,1133.61
MW-21105-LWNB,Yes,44.19,Male,0,No,Yes,23,No,No phone service,No,No internet service,No internet service,No internet service,No internet service,No internet service,No internet service,Month-to-month,No,Electronic check,1002.47
MW-63344-JRCU,No,82.77,Female,0,Yes,Yes,8,Yes,Yes,No,No internet service,No internet service,No internet service,No internet service,No internet service,No internet service,One year,No,Credit card (automatic),659.1
MW-45117-RGVK,No,86.11,Male,0,Yes,No,42,No,No phone service,DSL,Yes,Yes,No,No,Yes,No,One year,Yes,Electronic check,3634.78
MW-77391-KHKV,No,54.83,Female,0,Yes,No,24,Yes,No,Fiber optic,No,No,No,Yes,No,Yes,Month-to-month,No,Bank transfer (automatic),1322.78
MW-14974-AZUZ,No,54.57,Male,0,Yes,No,52,Yes,No,Fiber optic,No,No,Yes,No,No,Yes,One year,Yes,Electronic check,2819.46
MW-55893-RBUS,No,32.48,Female,0,Yes,No,35,Yes,No,DSL,No,Yes,No,Yes,Yes,No,One year,Yes,Electronic check,1118.73
MW-76513-MQJY,No,71.63,Male,0,No,Yes,32,Yes,No,Fiber optic,Yes,Yes,No,No,No,Yes,Two year,Yes,Electronic check,2273.68
MW-32520-XPYL,Yes,105.34,Male,0,Yes,No,34,Yes,Yes,Fiber optic,No,Yes,No,Yes,No,No,Month-to-month,No,Credit card (automatic),3570.59
MW-40421-ELYW,No,105.36,Female,0,Yes,No,11,Yes,Yes,DSL,No,No,Yes,No,No,No,Two year,Yes,Mailed check,1160.12
MW-11510-ASVB,No,46.03,Female,0,No,No,52,Yes,Yes,DSL,Yes,No,No,No,Yes,Yes,Month-to-month,Yes,Electronic check,2376.67
MW-19805-PYJS,No,120.0,Female,1,Yes,No,7,Yes,No,No,No internet service,No internet service,No internet service,No internet service,No internet service,No internet service,Month-to-month,No,Bank transfer (automatic),833.58
MW-33656-KDKM,No,53.13,Male,0,No,No,52,Yes,No,No,No internet service,No internet service,No internet service,No internet service,No internet service,No internet service,Month-to-month,No,Mailed check,2783.79
MW-41976-LGYQ,No,33.52,Male,0,Yes,Yes,72,Yes,Yes,No,No internet service,No internet service,No internet service,No internet service,No internet service,No internet service,Month-to-month,Yes,Credit card (automatic),2437.71
MW-66361-RPJZ,Yes,23.14,Male,0,No,No,55,Yes,Yes,No,No internet service,No internet service,No internet service,No internet service,No internet service,No internet service,Month-to-month,No,Credit card (automatic),1295.96
MW-35347-KBLL,Yes,31.71,Male,0,No,No,33,Yes,No,No,No internet service,No internet service,No internet service,No internet service,No internet service,No internet service,Month-to-month,No,Mailed check,1019.51
MW-78183-KEMA,No,74.01,Female,1,No,No,22,Yes,Yes,Fiber optic,No,Yes,No,No,Yes,No,One year,No,Mailed check,1653.33
MW-46440-JUTU,No,56.28,Female,0,Yes,No,63,Yes,Yes,DSL,Yes,No,No,Yes,Yes,Yes,Month-to-month,Yes,Mailed check,3547.02
MW-37140-DYEQ,No,45.04,Male,0,Yes,No,18,Yes,No,No,No internet service,No internet service,No internet service,No internet service,No internet service,No internet service,Two year,Yes,Credit card (automatic),811.89
MW-27608-ZGCJ,Yes,38.58,Male,0,Yes,No,35,Yes,No,Fiber optic,No,No,No,No,No,Yes,Month-to-month,Yes,Mailed check,1365.73
MW-53009-AQUR,No,31.42,Female,0,No,Yes,56,Yes,No,Fiber optic,No,No,No,No,Yes,No,One year,No,Electronic check,1770.07
MW-45145-FBHX,No,37.3,Female,0,No,No,67,Yes,No,No,No internet service,No internet service,No internet service,No internet service,No internet service,No internet service,Two year,Yes,Credit card (automatic),2471.07
MW-31250-JYZV,No,94.46,Female,0,Yes,Yes,67,Yes,No,DSL,No,No,No,No,Yes,No,Two year,Yes,Credit card (automatic),6319.63
MW-59106-FFDJ,No,118.1,Female,0,Yes,No,6,Yes,Yes,No,No internet service,No internet service,No internet service,No internet service,No internet service,No internet service,One year,Yes,Mailed check,703.11
MW-10251-MSBH,No,119.95,Male,0,Yes,Yes,65,Yes,No,Fiber optic,No,No,Yes,No,No,No,One year,No,Mailed check,7776.8
MW-74172-JKPS,No,84.61,Male,0,Yes,No,8,Yes,No,DSL,No,No,No,No,No,No,Month-to-month,Yes,Bank transfer (automatic),691.84
MW-56921-YAED,Yes,49.23,Female,0,No,No,42,Yes,No,No,No internet service,No internet service,No internet service,No internet service,No internet service,No internet service,Month-to-month,No,Credit card (automatic),2089.24
MW-37398-GAKG,Yes,43.97,Female,0,Yes,No,67,No,No phone service,Fiber optic,Yes,No,Yes,Yes,Yes,No,Month-to-month,Yes,Mailed check,2945.83
MW-19150-NMRW,Yes,86.68,Male,0,No,Yes,47,Yes,Yes,Fiber optic,No,No,No,Yes,No,Yes,Month-to-month,No,Electronic check,4078.44
MW-70491-CETJ,No,56.61,Male,0,Yes,Yes,69,Yes,No,Fiber optic,Yes,No,No,No,No,No,Month-to-month,Yes,Electronic check,3905.92
MW-74533-XACM,No,76.36,Male,0,No,Yes,25,Yes,Yes,DSL,No,Yes,Yes,No,No,No,Month-to-month,Yes,Electronic check,1910.49
MW-10030-NAMH,No,120.0,Female,0,No,No,22,Yes,Yes,DSL,Yes,No,No,No,Yes,No,Two year,No,Electronic check,2656.77
MW-60033-RVPY,No,70.5,Male,0,No,No,23,Yes,Yes,DSL,No,No,Yes,No,No,No,Two year,Yes,Credit card (automatic),1595.02
MW-23454-PJCG,No,120.0,Male,0,No,Yes,25,Yes,No,DSL,No,No,No,No,Yes,Yes,Two year,No,Electronic check,3007.29
MW-33900-JUMS,No,30.19,Female,0,No,No,49,Yes,No,DSL,No,Yes,Yes,No,No,No,One year,Yes,Mailed check,1479.49
MW-75250-DKUX,Yes,77.42,Female,0,No,No,33,Yes,No,Fiber optic,Yes,No,Yes,Yes,No,Yes,Month-to-month,No,Credit card (automatic),2544.16
MW-80874-JLGY,No,73.41,Male,0,Yes,Yes,53,Yes,No,DSL,Yes,No,Yes,No,No,No,Month-to-month,Yes,Mailed check,3883.18
MW-61073-CXSY,No,34.48,Female,0,Yes,Yes,30,Yes,Yes,Fiber optic,Yes,No,Yes,No,Yes,Yes,One year,No,Electronic check,1061.89
MW-83228-DCEG,Yes,88.05,Male,0,No,Yes,22,Yes,No,DSL,Yes,No,No,No,No,Yes,One year,Yes,Credit card (automatic),1917.19
MW-73610-FJGT,Yes,109.92,Female,0,No,Yes,13,Yes,Yes,DSL,No,No,No,No,No,Yes,Month-to-month,Yes,Electronic check,1426.43
MW-63547-GHWE,No,120.0,Male,0,No,Yes,40,Yes,Yes,No,No internet service,No internet service,No internet service,No internet service,No internet service,No internet service,Month-to-month,No,Credit card (automatic),4824.44
MW-88152-JJMH,Yes,76.34,Female,0,No,Yes,65,Yes,No,No,No internet service,No internet service,No internet service,No internet service,No internet service,No internet service,Month-to-month,Yes,Electronic check,4943.05
MW-93537-PVMZ,No,18.0,Female,0,Yes,No,62,Yes,No,No,No internet service,No internet service,No internet service,No internet service,No internet service,No internet service,Month-to-month,No,Mailed check,1109.16
MW-43847-RHGB,No,78.31,Female,0,No,No,18,Yes,No,DSL,Yes,Yes,Yes,No,No,Yes,Month-to-month,Yes,Bank transfer (automatic),1410.21
MW-79026-ATUM,No,86.26,Female,0,No,No,34,Yes,No,Fiber optic,No,Yes,No,Yes,Yes,Yes,Month-to-month,Yes,Mailed check,2939.03
MW-53275-DLPJ,No,56.94,Male,0,Yes,No,51,Yes,Yes,DSL,No,No,Yes,No,No,No,One year,Yes,Bank transfer (automatic),2902.74
MW-79475-MMCD,No,70.45,Male,0,Yes,No,44,Yes,Yes,Fiber optic,No,Yes,No,Yes,Yes,No,Two year,No,Electronic check,3086.37
MW-80094-BQXY,Yes,49.5,Female,0,No,Yes,4,Yes,No,No,No internet service,No internet service,No internet service,No internet service,No internet service,No internet service,Month-to-month,Yes,Bank transfer (automatic),204.71
MW-82152-RYKT,No,59.99,Female,0,No,No,43,Yes,Yes,Fiber optic,No,No,No,No,No,No,One year,Yes,Electronic check,2578.06
MW-92326-NKSY,No,94.52,Male,0,Yes,No,2,Yes,Yes,No,No internet service,No internet service,No internet service,No internet service,No internet service,No internet service,Two year,Yes,Credit card (automatic),198.46
MW-85135-MRFN,Yes,105.67,Female,0,No,No,8,Yes,Yes,Fiber optic,Yes,No,No,Yes,No,Yes,Month-to-month,No,Bank transfer (automatic),859.22
MW-53307-RGUU,No,25.88,Female,0,Yes,No,47,No,No phone service,DSL,No,Yes,Yes,Yes,No,Yes,One year,No,Mailed check,1194.07
MW-73214-WVQP,Yes,48.66,Male,0,Yes,No,7,Yes,No,DSL,No,No,No,Yes,Yes,No,Month-to-month,Yes,Electronic check,356.12
MW-87767-YGBK,No,18.0,Male,0,Yes,No,24,Yes,Yes,No,No internet service,No internet service,No internet service,No internet service,No internet service,No internet service,One year,No,Mailed check,428.18
MW-81896-LQDF,No,119.15,Female,0,No,No,42,Yes,No,Fiber optic,No,Yes,No,No,Yes,No,Month-to-month,No,Bank transfer (automatic),5016.68
MW-60671-XMLB,No,90.12,Female,0,Yes,No,47,No,No phone service,DSL,No,Yes,No,Yes,No,No,Two year,Yes,Electronic check,4243.05
MW-24808-AVRK,No,18.0,Female,1,No,No,32,Yes,Yes,DSL,Yes,No,No,No,Yes,No,Two year,No,Bank transfer (automatic),603.81
MW-52780-KLVX,Yes,62.06,Male,0,Yes,Yes,6,Yes,Yes,No,No internet service,No internet service,No internet service,No internet service,No internet service,No internet service,Month-to-month,Yes,Electronic check,372.45
MW-55075-LKKM,No,55.5,Female,0,No,No,58,No,No phone service,DSL,Yes,No,Yes,Yes,No,No,Month-to-month,No,Electronic check,3212.95
MW-33945-HHMV,Yes,41.32,Female,1,No,No,69,Yes,Yes,No,No internet service,No internet service,No internet service,No internet service,No internet service,No internet service,Month-to-month,Yes,Bank transfer (automatic),2843.39
MW-54932-GLGM,Yes,95.09,Female,0,No,No,64,Yes,No,Fiber optic,No,Yes,Yes,No,No,Yes,One year,No,Electronic check,6070.2
MW-88775-CMSS,No,94.4,Female,0,No,No,54,Yes,No,DSL,Yes,No,No,No,No,Yes,One year,Yes,Electronic check,5109.72
MW-55298-RNQL,No,72.08,Male,0,No,Yes,29,Yes,Yes,Fiber optic,Yes,Yes,Yes,No,No,No,Month-to-month,No,Bank transfer (automatic),2073.8
MW-72836-YRHR,No,44.75,Female,0,No,No,63,Yes,No,Fiber optic,No,No,No,Yes,No,No,Two year,No,Bank transfer (automatic),2831.24
MW-99916-HTJM,Yes,45.0,Male,0,Yes,Yes,35,Yes,No,Fiber optic,No,No,No,Yes,No,Yes,Month-to-month,No,Electronic check,1571.65
MW-33504-PZPP,No,65.32,Female,1,No,No,9,Yes,Yes,DSL,Yes,Yes,No,No,No,Yes,Month-to-month,Yes,Electronic check,561.43
MW-79672-XVAM,Yes,50.29,Male,0,No,No,62,No,No phone service,DSL,No,Yes,Yes,No,No,No,Month-to-month,No,Mailed check,3140.3
MW-91206-SJFN,No,63.83,Male,0,No,No,23,Yes,No,No,No internet service,No internet service,No internet service,No internet service,No internet service,No internet service,Month-to-month,No,Bank transfer (automatic),1417.45
MW-37252-EPSH,Yes,80.74,Male,0,No,No,68,Yes,No,Fiber optic,No,Yes,No,Yes,No,No,Month-to-month,No,Mailed check,5489.09
MW-73588-RUGL,No,18.0,Female,0,Yes,No,26,Yes,No,Fiber optic,No,No,Yes,No,No,No,Month-to-month,No,Bank transfer (automatic),471.51
MW-76177-QRQG,Yes,41.25,Female,1,Yes,Yes,63,Yes,Yes,DSL,No,Yes,No,No,No,No,Month-to-month,Yes,Bank transfer (automatic),2564.16
MW-16051-DMHJ,No,62.99,Male,0,Yes,No,39,Yes,Yes,Fiber optic,No,No,Yes,Yes,Yes,No,Two year,No,Credit card (automatic),2463.23
MW-86042-VLXS,Yes,110.96,Female,0,Yes,No,34,Yes,Yes,Fiber optic,No,No,No,No,Yes,No,Month-to-month,Yes,Mailed check,3762.59
MW-96446-EDRF,No,89.36,Female,0,No,No,21,Yes,Yes,DSL,Yes,No,No,No,No,No,Two year,Yes,Electronic check,1872.83
MW-99692-YJAG,No,63.89,Male,0,No,Yes,61,Yes,No,No,No internet service,No internet service,No internet service,No internet service,No internet service,No internet service,One year,Yes,Electronic check,3917.44
MW-81568-WELV,No,76.07,Female,0,No,Yes,4,Yes,Yes,No,No internet service,No internet service,No internet service,No internet service,No internet service,No internet service,One year,Yes,Electronic check,306.42
MW-32696-WDUR,Yes,60.95,Female,0,No,No,34,Yes,Yes,DSL,Yes,No,Yes,No,No,No,Month-to-month,No,Mailed check,2067.04
MW-73638-ELDD,No,96.32,Female,1,No,No,26,Yes,Yes,No,No internet service,No internet service,No internet service,No internet service,No internet service,No internet service,Two year,Yes,Credit card (automatic),2501.76
MW-11132-XHJC,Yes,77.01,Female,0,No,No,39,Yes,No,Fiber optic,Yes,No,No,No,Yes,Yes,Month-to-month,No,Mailed check,3030.03
MW-34917-JCVJ,No,102.36,Male,0,Yes,Yes,18,Yes,Yes,Fiber optic,Yes,No,No,No,No,Yes,Month-to-month,No,Electronic check,1848.55
MW-80480-ZUVK,No,23.34,Male,0,No,No,48,Yes,Yes,DSL,No,Yes,No,No,Yes,No,Month-to-month,Yes,Mailed check,1107.06
MW-78774-YPDD,Yes,39.81,Male,1,Yes,No,28,Yes,No,No,No internet service,No internet service,No internet service,No internet service,No internet service,No internet service,Month-to-month,Yes,Credit card (automatic),1107.36
MW-32429-YXQH,No,72.24,Male,1,Yes,No,13,Yes,Yes,Fiber optic,No,No,No,No,Yes,No,Two year,Yes,Electronic check,921.27
MW-22600-SEWJ,No,78.81,Female,0,Yes,No,14,Yes,No,No,No internet service,No internet service,No internet service,No internet service,No internet service,No internet service,Two year,Yes,Credit card (automatic),1096.56
MW-96133-KZWR,No,120.0,Female,1,No,No,50,No,No phone service,DSL,Yes,No,Yes,No,No,Yes,One year,Yes,Credit card (automatic),6024.12
MW-67384-CCND,No,18.0,Male,0,Yes,No,19,Yes,No,DSL,No,No,No,Yes,Yes,No,Month-to-month,Yes,Mailed check,339.5
MW-18450-GUHW,No,63.01,Male,0,No,No,22,Yes,Yes,No,No internet service,No internet service,No internet service,No internet service,No internet service,No internet service,Two year,No,Bank transfer (automatic),1366.16
MW-53964-SBAH,No,61.66,Female,0,Yes,No,45,Yes,No,Fiber optic,Yes,No,No,No,Yes,No,One year,Yes,Mailed check,2781.16
MW-48311-BBMC,Yes,71.14,Male,1,No,Yes,24,Yes,No,DSL,Yes,No,Yes,No,No,No,Month-to-month,No,Electronic check,1701.47
MW-55479-ZDXL,No,116.0,Male,0,No,Yes,28,No,No phone service,No,No internet service,No internet service,No internet service,No internet service,No internet service,No internet service,Month-to-month,Yes,Mailed check,3256.42
MW-85013-PAVT,No,90.29,Female,0,Yes,No,17,Yes,No,DSL,Yes,Yes,Yes,No,No,No,One year,Yes,Electronic check,1531.29
MW-18500-NKNK,No,18.0,Male,0,No,Yes,25,Yes,No,No,No internet service,No internet service,No internet service,No internet service,No internet service,No internet service,Month-to-month,Yes,Bank transfer (automatic),471.68
MW-30551-WZLH,No,110.01,Female,0,No,No,50,No,No phone service,No,No internet service,No internet service,No internet service,No internet service,No internet service,No internet service,Month-to-month,Yes,Credit card (automatic),5486.84
MW-16798-UAPK,No,109.18,Male,0,Yes,No,38,Yes,Yes,DSL,Yes,Yes,No,No,No,Yes,One year,Yes,Electronic check,4131.36
MW-25603-PMUM,Yes,71.89,Female,0,Yes,Yes,72,Yes,No,Fiber optic,No,No,No,No,No,No,Month-to-month,Yes,Bank transfer (automatic),5190.14
MW-87148-FMVJ,No,18.0,Male,0,No,No,56,Yes,Yes,No,No internet service,No internet service,No internet service,No internet service,No internet service,No internet service,Month-to-month,Yes,Electronic check,977.95
MW-57966-LPNW,Yes,59.45,Female,0,Yes,No,1,Yes,Yes,No,No internet service,No internet service,No internet service,No internet service,No internet service,No internet service,Month-to-month,No,Electronic check,56.87
MW-77964-ZJRN,No,78.06,Male,0,Yes,Yes,27,Yes,Yes,Fiber optic,Yes,Yes,No,No,No,Yes,One year,No,Bank transfer (automatic),2119.63
MW-80264-SWWK,No,93.9,Male,1,No,No,21,Yes,Yes,Fiber optic,No,Yes,No,No,No,Yes,Two year,No,Electronic check,1938.98
MW-41391-ZDSL,No,18.0,Female,0,No,No,42,No,No phone service,Fiber optic,No,No,No,Yes,Yes,No,Two year,No,Credit card (automatic),756.97
MW-43994-LNSW,No,40.93,Male,0,Yes,No,19,Yes,No,DSL,Yes,No,Yes,No,No,Yes,One year,Yes,Electronic check,755.23
MW-64222-GWWU,No,96.94,Male,0,Yes,No,70,Yes,Yes,Fiber optic,No,No,Yes,Yes,No,No,One year,Yes,Credit card (automatic),6758.13
MW-14577-SKGG,Yes,109.05,Male,0,No,No,21,Yes,No,DSL,No,No,No,Yes,No,No,One year,No,Mailed check,2274.06
MW-98196-KLFH,No,76.92,Male,0,No,No,38,Yes,No,DSL,No,No,No,No,No,Yes,Month-to-month,Yes,Mailed check,2920.21
MW-47383-FZNC,No,98.46,Female,0,No,No,8,Yes,No,Fiber optic,Yes,Yes,No,No,Yes,Yes,Month-to-month,Yes,Bank transfer (automatic),777.09
MW-80368-MNLK,No,77.66,Male,0,No,No,66,Yes,Yes,No,No internet service,No internet service,No internet service,No internet service,No internet service,No internet service,One year,No,Mailed check,5142.17
MW-61492-NUTQ,No,92.89,Female,0,Yes,No,66,Yes,Yes,DSL,No,No,Yes,No,No,Yes,One year,No,Electronic check,6131.98
MW-84841-TBBS,Yes,68.35,Female,0,No,No,57,Yes,Yes,DSL,No,No,No,Yes,No,No,Month-to-month,Yes,Credit card (automatic),3888.62
MW-83514-KMVQ,No,78.4,Female,0,Yes,No,25,Yes,Yes,DSL,Yes,No,No,No,No,No,Two year,Yes,Mailed check,1940.35
MW-28174-PCYN,No,27.35,Male,0,Yes,No,4,No,No phone service,DSL,No,No,No,Yes,No,No,One year,Yes,Electronic check,112.76
MW-18850-JNZD,No,85.66,Female,0,No,No,51,Yes,No,No,No internet service,No internet service,No internet service,No internet service,No internet service,No internet service,Month-to-month,Yes,Mailed check,4399.54
MW-20166-CQVX,No,26.43,Female,0,Yes,Yes,31,Yes,Yes,Fiber optic,No,No,No,No,Yes,No,Month-to-month,Yes,Bank transfer (automatic),808.79
MW-89932-WAPG,Yes,85.63,Female,0,Yes,No,72,Yes,No,DSL,Yes,No,No,No,Yes,Yes,Month-to-month,No,Bank transfer (automatic),6156.58
MW-18881-DHYP,Yes,50.83,Female,0,Yes,Yes,50,Yes,No,No,No internet service,No internet service,No internet service,No internet service,No internet service,No internet service,Month-to-month,Yes,Credit card (automatic),2525.59
MW-69724-ETZR,No,75.1,Male,0,Yes,Yes,39,Yes,No,DSL,No,Yes,No,No,Yes,No,Month-to-month,No,Bank transfer (automatic),2946.66
MW-23685-LMHZ,Yes,35.42,Male,1,Yes,Yes,72,Yes,No,Fiber optic,Yes,Yes,No,No,No,Yes,Month-to-month,Yes,Electronic check,2564.15
MW-43953-GJCU,Yes,48.89,Female,0,Yes,No,58,Yes,Yes,No,No internet service,No internet service,No internet service,No internet service,No internet service,No internet service,Month-to-month,No,Electronic check,2828.93
MW-62911-LVDC,Yes,75.04,Female,0,Yes,Yes,33,Yes,No,Fiber optic,No,Yes,Yes,No,No,No,Month-to-month,Yes,Electronic check,2467.33
MW-78572-LBSZ,Yes,86.63,Male,0,No,No,1,No,No phone service,DSL,Yes,Yes,No,No,No,Yes,One year,Yes,Bank transfer (automatic),72.47
MW-32172-YJFS,Yes,96.81,Female,1,No,Yes,6,Yes,No,Fiber optic,No,No,Yes,No,No,No,One year,No,Electronic check,576.52
MW-68524-DAMU,No,29.5,Female,0,Yes,No,32,Yes,No,Fiber optic,Yes,Yes,Yes,No,No,Yes,Month-to-month,No,Bank transfer (automatic),959.3
MW-57615-WJBP,No,18.97,Female,0,No,No,41,Yes,Yes,Fiber optic,No,Yes,No,No,No,No,Month-to-month,Yes,Bank transfer (automatic),778.39
MW-14382-UBLC,Yes,34.74,Male,0,No,No,2,Yes,Yes,DSL,Yes,No,No,No,Yes,Yes,Month-to-month,Yes,Credit card (automatic),88.79
MW-87708-MVPP,No,32.03,Male,1,No,No,9,Yes,Yes,No,No internet service,No internet service,No internet service,No internet service,No internet service,No internet service,Month-to-month,Yes,Electronic check,277.47
MW-14993-EUVD,Yes,111.0,Female,0,Yes,Yes,51,Yes,No,Fiber optic,No,No,No,No,Yes,No,Month-to-month,No,Electronic check,5626.31
MW-67900-THZW,No,104.21,Female,1,No,No,54,Yes,Yes,Fiber optic,Yes,No,Yes,Yes,Yes,No,Month-to-month,Yes,Credit card (automatic),5666.42
MW-81229-VQKS,Yes,34.1,Female,0,Yes,Yes,2,Yes,Yes,No,No internet service,No internet service,No internet service,No internet service,No internet service,No internet service,Month-to-month,Yes,Bank transfer (automatic),71.42
MW-68764-QENP,No,115.31,Female,0,Yes,No,37,Yes,No,No,No internet service,No internet service,No internet service,No internet service,No internet service,No internet service,Two year,Yes,Mailed check,4278.15
MW-44529-YTWE,Yes,102.41,Female,0,No,No,5,Yes,No,Fiber optic,No,No,No,No,Yes,No,Month-to-month,Yes,Bank transfer (automatic),500.24
MW-95581-RHFA,No,18.0,Male,0,Yes,No,52,Yes,No,DSL,Yes,No,No,No,Yes,No,Two year,No,Credit card (automatic),915.56
MW-33089-PZQX,No,33.09,Male,0,No,No,60,Yes,Yes,DSL,No,No,Yes,No,No,No,Month-to-month,Yes,Electronic check,1987.72
MW-92707-SCTV,No,18.0,Female,0,Yes,No,63,Yes,No,Fiber optic,Yes,No,Yes,Yes,No,Yes,Month-to-month,Yes,Credit card (automatic),1104.12
MW-74504-VPNZ,No,61.4,Male,0,No,No,43,Yes,Yes,DSL,No,No,No,No,Yes,Yes,Two year,No,Electronic check,2636.19
MW-64246-ZNUE,Yes,64.52,Female,0,No,No,45,Yes,No,Fiber optic,No,No,No,No,No,No,Month-to-month,Yes,Credit card (automatic),2918.73
MW-45518-RWXY,No,64.47,Male,0,No,No,67,Yes,No,Fiber optic,No,No,Yes,Yes,No,No,One year,Yes,Electronic check,4326.22
MW-48974-DNPK,No,18.0,Female,0,No,Yes,44,Yes,No,Fiber optic,Yes,Yes,Yes,Yes,No,No,Two year,Yes,Electronic check,795.82
MW-87376-AUUC,No,21.18,Female,0,Yes,Yes,32,Yes,Yes,DSL,Yes,No,No,No,Yes,No,One year,No,Electronic check,703.92
MW-82974-JWGW,Yes,71.8,Female,0,Yes,No,55,Yes,Yes,No,No internet service,No internet service,No internet service,No internet service,No internet service,No internet service,Month-to-month,Yes,Credit card (automatic),3954.63
MW-92749-AHXA,No,82.67,Female,0,No,Yes,43,Yes,Yes,Fiber optic,No,Yes,No,Yes,Yes,No,Month-to-month,No,Credit card (automatic),3526.24
MW-15737-NAEZ,Yes,18.0,Male,0,No,No,61,Yes,No,Fiber optic,No,No,No,No,No,Yes,Month-to-month,Yes,Electronic check,1095.76
MW-98078-MUWJ,No,25.57,Male,0,No,No,38,Yes,No,Fiber optic,No,No,Yes,No,Yes,No,Month-to-month,No,Electronic check,1000.54
MW-89438-SXLX,Yes,94.67,Female,1,No,Yes,63,Yes,Yes,DSL,Yes,No,No,No,No,No,Month-to-month,No,Electronic check,5959.57
MW-31070-BXKN,No,27.27,Female,0,Yes,No,3,Yes,Yes,Fiber optic,No,Yes,Yes,No,No,No,Two year,Yes,Electronic check,109.77
MW-46091-EVGA,No,63.56,Male,1,No,No,2,Yes,Yes,DSL,No,Yes,Yes,Yes,No,Yes,One year,Yes,Credit card (automatic),142.47
MW-56497-CDQR,Yes,24.41,Female,0,Yes,No,7,Yes,Yes,Fiber optic,No,No,No,Yes,Yes,Yes,Month-to-month,Yes,Electronic check,164.74
MW-67835-ECFB,No,88.94,Female,0,No,Yes,40,Yes,Yes,DSL,No,No,No,No,Yes,Yes,Month-to-month,Yes,Credit card (automatic),3541.39
MW-36167-HCEL,No,18.0,Male,1,Yes,No,51,Yes,Yes,DSL,Yes,Yes,No,No,No,Yes,One year,Yes,Credit card (automatic),923.1
MW-32627-HMFY,No,54.87,Female,0,No,No,15,Yes,No,DSL,Yes,No,No,Yes,No,No,Two year,No,Electronic check,842.11
MW-83307-BLEN,Yes,92.21,Female,0,No,No,11,Yes,Yes,DSL,No,No,No,No,Yes,Yes,Month-to-month,No,Mailed check,990.63
MW-34764-MVTV,No,82.3,Female,0,No,No,62,Yes,No,No,No internet service,No internet service,No internet service,No internet service,No internet service,No internet service,Month-to-month,Yes,Credit card (automatic),5104.41
MW-41883-LHRT,No,50.08,Male,1,Yes,Yes,54,Yes,No,No,No internet service,No internet service,No internet service,No internet service,No internet service,No internet service,Two year,No,Credit card (automatic),2673.7
MW-12265-EXMV,No,43.04,Male,0,No,Yes,47,Yes,No,DSL,No,Yes,Yes,Yes,Yes,No,Two year,Yes,Bank transfer (automatic),2017.79
MW-73400-BHJT,No,57.01,Male,0,Yes,Yes,35,Yes,Yes,DSL,No,Yes,Yes,No,No,No,Two year,No,Electronic check,1970.53
MW-68749-FTVF,No,25.32,Male,0,Yes,No,30,Yes,No,Fiber optic,Yes,No,No,Yes,Yes,No,Month-to-month,Yes,Electronic check,768.03
MW-98306-ZSNC,No,61.0,Female,0,No,No,1,Yes,Yes,DSL,No,Yes,No,No,No,No,Month-to-month,Yes,Credit card (automatic),50.67
MW-76300-NGKA,Yes,61.51,Female,0,Yes,No,13,Yes,No,Fiber optic,No,Yes,No,Yes,No,Yes,Month-to-month,No,Mailed check,817.0
MW-62375-UDNC,Yes,51.46,Male,0,No,No,65,Yes,No,DSL,Yes,Yes,No,Yes,No,No,Month-to-month,Yes,Bank transfer (automatic),3336.79
MW-49831-HYED,No,94.01,Male,0,No,No,24,Yes,Yes,Fiber optic,Yes,No,No,Yes,No,No,Two year,Yes,Bank transfer (automatic),2246.77
MW-55735-YBZU,Yes,31.89,Male,0,No,No,51,Yes,Yes,No,No internet service,No internet service,No internet service,No internet service,No internet service,No internet service,Month-to-month,Yes,Mailed check,1602.16
MW-73348-KRQR,No,18.0,Male,0,Yes,Yes,51,Yes,No,DSL,Yes,Yes,Yes,No,Yes,No,One year,No,Electronic check,923.87
MW-95494-EXMR,No,48.24,Female,1,Yes,No,22,Yes,Yes,No,No internet service,No internet service,No internet service,No internet service,No internet service,No internet service,Two year,Yes,Mailed check,1068.66
MW-91370-TSML,No,67.72,Female,0,Yes,Yes,14,Yes,Yes,No,No internet service,No internet service,No internet service,No internet service,No internet service,No internet service,Two year,Yes,Credit card (automatic),962.18
MW-60533-PPVU,No,60.8,Female,0,No,No,50,Yes,Yes,No,No internet service,No internet service,No internet service,No internet service,No internet service,No internet service,One year,No,Electronic check,3049.83
MW-55458-RJMA,Yes,59.47,Male,0,No,No,6,Yes,No,Fiber optic,Yes,No,No,No,No,No,Two year,Yes,Electronic check,362.84
MW-86565-GLQK,No,30.21,Male,0,Yes,No,36,Yes,Yes,No,No internet service,No internet service,No internet service,No internet service,No internet service,No internet service,Month-to-month,No,Credit card (automatic),1096.5
MW-80810-BEET,Yes,34.52,Female,1,Yes,No,64,Yes,Yes,Fiber optic,Yes,No,Yes,No,No,No,Month-to-month,Yes,Bank transfer (automatic),2219.73
MW-17629-XVMD,Yes,49.35,Male,0,No,No,51,Yes,No,No,No internet service,No internet service,No internet service,No internet service,No internet service,No internet service,Month-to-month,Yes,Bank transfer (automatic),2530.46
MW-16126-XMUH,No,46.98,Female,0,Yes,No,55,Yes,No,DSL,No,No,No,No,No,Yes,Two year,Yes,Credit card (automatic),2560.99
MW-26283-HPSC,No,96.94,Male,0,Yes,No,6,Yes,Yes,Fiber optic,No,No,No,No,No,Yes,Two year,No,Mailed check,574.71
MW-59102-KYQB,No,71.92,Female,1,Yes,Yes,14,Yes,Yes,Fiber optic,Yes,Yes,No,No,No,Yes,Month-to-month,No,Credit card (automatic),982.53
MW-70224-RVWE,No,48.02,Female,1,No,Yes,20,No,No phone service,DSL,No,No,No,Yes,Yes,Yes,Month-to-month,Yes,Credit card (automatic),965.38
MW-48941-EUXG,Yes,96.85,Female,0,Yes,Yes,21,Yes,No,DSL,No,No,Yes,No,No,No,Month-to-month,Yes,Electronic check,2058.3
MW-75761-DUUX,Yes,77.39,Male,0,No,No,14,Yes,Yes,DSL,No,No,No,No,Yes,No,Month-to-month,Yes,Mailed check,1096.91
MW-63474-SYVW,No,23.27,Male,0,No,Yes,70,Yes,Yes,Fiber optic,Yes,No,No,Yes,No,Yes,Two year,Yes,Electronic check,1619.79
MW-88512-ULCL,No,18.0,Male,0,Yes,No,12,Yes,No,DSL,Yes,Yes,No,Yes,No,No,Month-to-month,Yes,Bank transfer (automatic),223.58
MW-96460-GYJX,No,24.21,Male,0,No,No,51,Yes,Yes,DSL,Yes,Yes,Yes,Yes,Yes,No,Two year,No,Bank transfer (automatic),1239.94
MW-37448-JMSK,No,81.85,Female,0,Yes,No,42,Yes,Yes,DSL,Yes,No,No,Yes,No,Yes,One year,No,Mailed check,3441.2
MW-50920-SCQJ,Yes,90.74,Male,0,No,Yes,44,No,No phone service,Fiber optic,No,No,No,No,Yes,Yes,Month-to-month,No,Credit card (automatic),3973.01
MW-91246-EMCV,Yes,18.0,Male,1,No,No,15,Yes,No,DSL,Yes,No,No,No,Yes,No,Month-to-month,Yes,Mailed check,289.73
MW-93058-XHJH,No,83.76,Female,0,No,No,22,Yes,Yes,DSL,Yes,No,Yes,Yes,Yes,Yes,Two year,No,Credit card (automatic),1825.05
MW-46793-WADA,No,82.62,Male,0,Yes,No,44,Yes,Yes,DSL,Yes,No,No,Yes,No,Yes,One year,No,Bank transfer (automatic),3629.78
MW-23376-QVSD,No,105.85,Male,0,No,No,21,Yes,No,Fiber optic,No,No,Yes,No,No,No,Month-to-month,Yes,Mailed check,2237.24
MW-60202-KZVB,No,92.51,Male,0,Yes,Yes,50,Yes,Yes,DSL,No,Yes,No,No,No,No,Month-to-month,No,Electronic check,4619.9
MW-14958-DVRC,No,104.56,Female,0,No,No,2,Yes,No,No,No internet service,No internet service,No internet service,No internet service,No internet service,No internet service,Two year,No,Bank transfer (automatic),210.31
MW-29478-FRVU,No,78.65,Male,0,No,No,5,Yes,No,DSL,No,Yes,No,No,No,Yes,Two year,Yes,Bank transfer (automatic),395.04
MW-52476-BFPP,No,77.65,Male,0,No,No,53,Yes,Yes,DSL,No,Yes,No,No,No,No,Two year,No,Electronic check,4116.44
MW-56305-ZUGE,No,53.88,Female,0,Yes,Yes,45,Yes,Yes,Fiber optic,No,No,No,Yes,No,No,One year,Yes,Credit card (automatic),2426.33
MW-95128-BNDN,Yes,88.61,Female,1,Yes,No,3,Yes,Yes,No,No internet service,No internet service,No internet service,No internet service,No internet service,No internet service,Two year,No,Mailed check,269.04
MW-92570-RUNJ,No,24.03,Male,0,No,Yes,65,Yes,No,Fiber optic,No,No,No,No,Yes,Yes,Month-to-month,Yes,Electronic check,1563.07
MW-29106-WRRY,No,59.84,Male,1,Yes,Yes,0,Yes,Yes,DSL,Yes,Yes,Yes,No,Yes,Yes,One year,Yes,Credit card (automatic),0.0
MW-29689-YTDA,Yes,80.2,Male,1,Yes,No,69,Yes,No,Fiber optic,No,No,No,Yes,No,No,Month-to-month,Yes,Mailed check,5510.55
MW-94749-PDXK,No,106.25,Female,0,Yes,Yes,53,Yes,No,Fiber optic,No,Yes,No,Yes,No,Yes,One year,Yes,Bank transfer (automatic),5646.22
MW-68049-GKSH,No,49.66,Male,0,No,No,72,Yes,No,Fiber optic,No,Yes,No,No,No,Yes,Two year,No,Bank transfer (automatic),3591.18
MW-22847-DLMY,No,93.0,Female,0,No,No,69,Yes,No,No,No internet service,No internet service,No internet service,No internet service,No internet service,No internet service,Two year,Yes,Electronic check,6422.06
MW-77052-BVHD,No,58.08,Male,0,Yes,No,22,Yes,No,No,No internet service,No internet service,No internet service,No internet service,No internet service,No internet service,Month-to-month,No,Mailed check,1282.7
MW-87342-DLRS,No,93.61,Male,1,No,No,55,Yes,No,Fiber optic,No,Yes,Yes,Yes,No,Yes,One year,No,Electronic check,5134.82
MW-28219-UDQB,No,39.96,Female,0,No,No,15,Yes,No,DSL,No,No,No,Yes,No,Yes,Two year,No,Electronic check,562.82
MW-19626-LYQU,No,85.78,Female,0,No,No,34,Yes,Yes,Fiber optic,No,No,No,Yes,No,No,Two year,Yes,Bank transfer (automatic),2912.79
MW-68730-BXKU,No,61.14,Female,0,No,No,17,Yes,Yes,No,No internet service,No internet service,No internet service,No internet service,No internet service,No internet service,One year,Yes,Electronic check,1010.92
MW-44101-JSNU,Yes,28.45,Male,0,No,No,35,No,No phone service,No,No internet service,No internet service,No internet service,No internet service,No internet service,No internet service,Month-to-month,Yes,Credit card (automatic),998.52
MW-40882-YNAG,No,59.4,Male,0,No,Yes,63,No,No phone service,DSL,Yes,Yes,No,Yes,Yes,Yes,Month-to-month,No,Mailed check,3761.76
MW-98463-JCMQ,No,103.65,Male,0,Yes,Yes,31,Yes,Yes,DSL,No,No,No,Yes,No,Yes,Two year,Yes,Electronic check,3203.91
MW-76191-NFJV,No,33.42,Female,0,Yes,No,6,Yes,No,DSL,Yes,No,Yes,No,Yes,No,One year,No,Credit card (automatic),192.14
MW-16445-DNVZ,No,19.47,Female,0,No,No,23,Yes,No,No,No internet service,No internet service,No internet service,No internet service,No internet service,No internet service,One year,No,Mailed check,432.72
MW-29597-NKRL,No,75.96,Male,0,Yes,No,57,Yes,Yes,Fiber optic,No,No,Yes,No,No,No,One year,No,Bank transfer (automatic),4330.38
MW-84431-VGHG,Yes,18.0,Male,1,No,No,38,Yes,No,DSL,Yes,Yes,No,Yes,No,No,Month-to-month,No,Bank transfer (automatic),683.5
MW-19394-UMTB,No,110.9,Female,0,Yes,No,40,No,No phone service,DSL,No,No,No,No,No,Yes,Month-to-month,No,Credit card (automatic),4420.71
MW-14409-UWDC,No,110.14,Male,0,Yes,No,31,No,No phone service,DSL,No,No,No,No,Yes,Yes,Two year,No,Electronic check,3428.03
MW-43702-PXWK,Yes,95.15,Male,0,Yes,Yes,21,Yes,Yes,No,No internet service,No internet service,No internet service,No internet service,No internet service,No internet service,Month-to-month,Yes,Electronic check,2038.69
MW-43999-YMRZ,No,63.66,Male,0,Yes,No,43,No,No phone service,Fiber optic,No,No,Yes,No,Yes,No,One year,No,Credit card (automatic),2755.23
MW-92452-ETLG,No,113.94,Female,0,No,No,46,Yes,Yes,DSL,No,No,No,Yes,No,No,One year,Yes,Electronic check,5239.58
MW-51151-KHQD,No,104.36,Female,0,No,No,65,Yes,No,Fiber optic,No,Yes,Yes,Yes,No,Yes,Two year,Yes,Bank transfer (automatic),6781.56
MW-73059-QRVR,Yes,48.02,Female,0,Yes,No,45,Yes,Yes,Fiber optic,No,No,No,No,No,No,Month-to-month,Yes,Bank transfer (automatic),2153.2
MW-13023-SXQG,No,107.17,Female,0,No,No,72,Yes,No,Fiber optic,No,Yes,No,No,Yes,No,One year,Yes,Bank transfer (automatic),7708.23
MW-20741-UBKF,Yes,36.65,Male,1,No,No,60,Yes,Yes,No,No internet service,No internet service,No internet service,No internet service,No internet service,No internet service,Month-to-month,Yes,Credit card (automatic),2213.37
MW-67950-VZHZ,No,58.09,Male,0,No,No,5,Yes,Yes,DSL,No,No,Yes,No,Yes,No,Month-to-month,No,Credit card (automatic),305.48
MW-22358-ZJFM,Yes,18.0,Female,1,Yes,No,28,Yes,No,DSL,No,Yes,No,Yes,No,No,Month-to-month,Yes,Electronic check,486.46
MW-17105-WWTM,No,68.38,Male,0,No,No,28,Yes,No,DSL,No,No,Yes,No,Yes,Yes,Month-to-month,Yes,Bank transfer (automatic),1920.13
MW-26011-LZPW,No,55.16,Male,0,Yes,No,0,Yes,Yes,Fiber optic,No,No,No,No,Yes,No,Two year,Yes,Bank transfer (automatic),16.67
MW-44060-VTXR,No,50.43,Female,0,No,No,13,Yes,Yes,No,No internet service,No internet service,No internet service,No internet service,No internet service,No internet service,Two year,Yes,Electronic check,650.34
MW-32088-LEBE,Yes,59.03,Female,0,No,No,55,Yes,No,DSL,No,No,No,No,Yes,No,Month-to-month,Yes,Credit card (automatic),3243.48
MW-18650-ZWMF,No,46.61,Female,0,No,No,25,Yes,Yes,Fiber optic,Yes,No,Yes,No,No,Yes,Two year,No,Mailed check,1175.69
MW-39628-CFFW,Yes,65.25,Male,1,No,Yes,10,Yes,Yes,Fiber optic,Yes,No,No,Yes,Yes,No,Month-to-month,No,Electronic check,663.37
MW-13763-TBAT,No,102.51,Male,0,Yes,Yes,20,Yes,Yes,No,No internet service,No internet service,No internet service,No internet service,No internet service,No internet service,One year,Yes,Credit card (automatic),2056.64
MW-43806-DQLA,No,32.14,Female,0,Yes,No,20,Yes,Yes,Fiber optic,No,Yes,No,Yes,Yes,Yes,Two year,Yes,Credit card (automatic),646.61
MW-30691-REFH,Yes,89.88,Male,0,No,No,12,Yes,No,DSL,No,Yes,No,No,No,Yes,One year,Yes,Electronic check,1084.39
MW-65655-YFGE,No,70.46,Male,0,Yes,Yes,7,Yes,Yes,Fiber optic,No,Yes,No,No,Yes,No,Month-to-month,No,Bank transfer (automatic),489.05
MW-41577-XWYY,No,75.22,Female,0,No,No,55,Yes,Yes,No,No internet service,No internet service,No internet service,No internet service,No internet service,No internet service,Month-to-month,No,Electronic check,4120.33
MW-15754-NELP,Yes,63.08,Male,0,Yes,No,60,Yes,Yes,Fiber optic,Yes,No,No,No,Yes,No,Month-to-month,Yes,Electronic check,3761.45
MW-44384-VLAK,No,42.48,Male,0,No,No,36,Yes,No,No,No internet service,No internet service,No internet service,No internet service,No internet service,No internet service,Two year,Yes,Electronic check,1538.21
MW-78142-PYQB,No,77.35,Female,0,Yes,No,44,Yes,Yes,Fiber optic,No,No,No,No,No,No,One year,Yes,Credit card (automatic),3405.02
MW-60668-NZKH,Yes,79.57,Female,0,Yes,No,67,Yes,Yes,Fiber optic,No,No,Yes,No,Yes,Yes,Month-to-month,Yes,Electronic check,5338.02
MW-90569-APGY,Yes,39.99,Female,0,Yes,No,61,Yes,No,DSL,No,No,No,No,No,Yes,Month-to-month,No,Electronic check,2426.96
MW-49121-GRRU,No,23.84,Female,0,Yes,No,2,Yes,No,Fiber optic,No,No,Yes,No,No,Yes,Two year,Yes,Bank transfer (automatic),49.22
MW-86607-KCEP,No,66.56,Female,0,No,No,69,Yes,Yes,DSL,No,Yes,No,No,No,No,Month-to-month,No,Mailed check,4593.82
MW-99668-HHCL,No,86.64,Female,0,Yes,Yes,4,Yes,Yes,DSL,No,No,Yes,Yes,No,Yes,One year,No,Electronic check,365.75
MW-96357-PFTQ,No,94.15,Female,0,No,Yes,1,Yes,Yes,DSL,Yes,No,No,No,No,No,One year,No,Electronic check,106.93
MW-37964-KNVD,No,100.1,Female,0,Yes,Yes,29,Yes,Yes,Fiber optic,Yes,No,Yes,Yes,Yes,Yes,Month-to-month,Yes,Credit card (automatic),2891.8
MW-24402-HTTG,Yes,75.14,Male,0,No,No,54,Yes,No,No,No internet service,No internet service,No internet service,No internet service,No internet service,No internet service,Month-to-month,Yes,Bank transfer (automatic),4065.13
MW-44708-QQPW,Yes,56.1,Female,0,No,No,5,Yes,No,DSL,No,Yes,Yes,No,Yes,Yes,Month-to-month,No,Bank transfer (automatic),269.3
MW-35748-FKLR,Yes,63.94,Male,0,No,Yes,21,Yes,Yes,Fiber optic,No,No,No,No,No,No,Month-to-month,Yes,Electronic check,1303.55
MW-65479-SWDQ,No,26.7,Female,0,Yes,No,19,Yes,No,DSL,No,No,No,No,No,No,One year,Yes,Mailed check,533.19
MW-67460-EZAB,No,43.52,Male,0,Yes,No,29,Yes,Yes,Fiber optic,Yes,No,No,No,Yes,No,Two year,Yes,Credit card (automatic),1256.46
MW-48299-XJJS,Yes,62.4,Female,0,Yes,No,71,Yes,Yes,DSL,No,No,Yes,Yes,No,No,Month-to-month,Yes,Electronic check,4445.99
MW-51933-DMHG,Yes,56.0,Female,0,No,No,24,Yes,Yes,Fiber optic,No,No,Yes,No,No,Yes,Month-to-month,Yes,Electronic check,1334.08
MW-59488-EJMT,No,66.76,Female,0,No,No,15,Yes,No,No,No internet service,No internet service,No internet service,No internet service,No internet service,No internet service,Month-to-month,Yes,Mailed check,989.29
MW-66148-EUER,Yes,22.75,Male,0,Yes,Yes,8,Yes,Yes,Fiber optic,Yes,No,Yes,No,Yes,Yes,Month-to-month,Yes,Electronic check,173.8
MW-97805-KXSN,No,29.46,Male,0,Yes,No,14,Yes,Yes,Fiber optic,No,Yes,No,Yes,No,Yes,One year,Yes,Electronic check,416.23
MW-14501-BVZC,No,87.27,Male,0,No,No,9,Yes,Yes,Fiber optic,No,No,No,No,Yes,No,Two year,No,Credit card (automatic),788.07
MW-56500-NZQW,No,39.0,Female,0,No,No,41,Yes,No,DSL,No,No,No,No,Yes,Yes,One year,No,Mailed check,1606.47
MW-84052-VXHX,Yes,43.71,Male,0,Yes,Yes,30,Yes,Yes,DSL,Yes,Yes,No,Yes,Yes,No,Month-to-month,Yes,Bank transfer (automatic),1303.85
MW-75115-DWPC,No,66.85,Male,0,No,No,36,Yes,Yes,DSL,Yes,Yes,No,No,No,Yes,One year,No,Electronic check,2407.21
MW-49759-SXXE,Yes,36.06,Female,0,No,No,60,Yes,Yes,Fiber optic,No,No,Yes,No,No,No,Month-to-month,Yes,Bank transfer (automatic),2150.95
MW-24364-WWZP,No,97.19,Male,1,Yes,Yes,42,Yes,Yes,No,No internet service,No internet service,No internet service,No internet service,No internet service,No internet service,Two year,No,Bank transfer (automatic),4104.02
MW-63083-XGNH,No,26.3,Male,1,Yes,No,11,Yes,Yes,Fiber optic,No,No,No,Yes,Yes,No,One year,Yes,Credit card (automatic),269.59
MW-82676-JGRT,No,64.05,Male,0,Yes,No,27,Yes,Yes,Fiber optic,No,Yes,No,No,Yes,No,Two year,Yes,Mailed check,1717.02
MW-79264-VTDL,No,41.54,Female,1,Yes,Yes,22,No,No phone service,DSL,No,No,Yes,Yes,No,Yes,Month-to-month,Yes,Credit card (automatic),907.53
MW-76744-QLEF,Yes,68.69,Female,0,No,Yes,60,Yes,Yes,DSL,No,No,No,No,No,No,Month-to-month,Yes,Electronic check,4157.23
MW-62999-NKSR,No,49.08,Female,0,No,No,22,Yes,No,No,No internet service,No internet service,No internet service,No internet service,No internet service,No internet service,One year,No,Bank transfer (automatic),1091.26
MW-82057-GRPD,Yes,63.29,Female,0,Yes,Yes,10,Yes,Yes,DSL,No,No,Yes,No,No,Yes,Month-to-month,Yes,Credit card (automatic),620.1
MW-25312-VTXZ,Yes,100.64,Male,0,Yes,No,53,Yes,Yes,Fiber optic,No,No,No,Yes,No,No,One year,No,Bank transfer (automatic),5346.25
MW-56438-GVZA,Yes,43.38,Female,0,No,No,31,Yes,No,DSL,Yes,No,Yes,No,No,Yes,Month-to-month,No,Bank transfer (automatic),1352.52
MW-74380-RVCA,No,43.13,Male,0,No,No,6,Yes,No,DSL,No,Yes,No,Yes,No,No,Two year,Yes,Credit card (automatic),262.89
MW-34994-HDEF,No,54.52,Female,0,No,No,50,No,No phone service,DSL,No,Yes,No,Yes,No,Yes,Month-to-month,Yes,Credit card (automatic),2736.44
MW-94502-FMYW,No,108.22,Male,0,Yes,Yes,15,Yes,Yes,No,No internet service,No internet service,No internet service,No internet service,No internet service,No internet service,Two year,No,Electronic check,1624.17
MW-11473-CVUJ,No,61.31,Male,1,No,Yes,63,No,No phone service,DSL,No,No,Yes,Yes,No,No,Month-to-month,No,Electronic check,3865.09
MW-18199-KMXE,No,101.03,Female,0,Yes,No,60,Yes,No,Fiber optic,Yes,No,No,No,Yes,No,Month-to-month,Yes,Bank transfer (automatic),6038.51
MW-30237-NYSG,No,58.69,Male,0,No,No,26,Yes,Yes,DSL,Yes,Yes,No,No,Yes,No,Month-to-month,Yes,Credit card (automatic),1547.59
MW-19133-VEFZ,No,99.69,Male,0,No,No,40,No,No phone service,Fiber optic,Yes,No,No,Yes,No,No,Month-to-month,No,Mailed check,3980.89
MW-64852-UFUE,No,76.22,Male,0,Yes,No,41,Yes,No,Fiber optic,Yes,Yes,No,No,No,No,Two year,Yes,Electronic check,3106.46
MW-64674-HZJB,No,80.64,Male,0,Yes,No,47,Yes,Yes,Fiber optic,No,No,No,No,No,No,Two year,No,Bank transfer (automatic),3782.52
MW-94599-ZAZL,No,20.93,Male,0,No,No,5,Yes,Yes,DSL,No,No,Yes,No,No,Yes,Two year,Yes,Electronic check,97.69
MW-47889-GHDW,No,18.0,Female,0,Yes,Yes,23,Yes,Yes,DSL,No,Yes,Yes,No,Yes,Yes,Two year,Yes,Electronic check,401.98
MW-76641-ZTFN,No,96.11,Female,0,Yes,No,12,Yes,No,No,No internet service,No internet service,No internet service,No internet service,No internet service,No internet service,One year,Yes,Electronic check,1164.98
MW-81688-SARG,No,95.73,Female,0,Yes,No,50,Yes,Yes,Fiber optic,Yes,Yes,Yes,No,Yes,No,Month-to-month,Yes,Electronic check,4801.11
MW-56720-TXJF,No,120.0,Male,0,No,No,5,Yes,No,DSL,No,No,Yes,No,No,Yes,Two year,No,Bank transfer (automatic),570.61
MW-49417-KAGF,Yes,19.42,Female,0,No,Yes,37,Yes,Yes,Fiber optic,No,No,Yes,No,Yes,Yes,Month-to-month,No,Electronic check,710.82
MW-29997-AUMW,No,78.57,Female,0,Yes,No,53,Yes,No,DSL,No,No,Yes,No,No,No,Two year,Yes,Electronic check,4157.56
MW-82370-GGLF,Yes,33.29,Male,0,No,Yes,69,No,No phone service,Fiber optic,Yes,No,No,No,No,No,Month-to-month,No,Mailed check,2294.43
MW-55035-UWSE,Yes,41.78,Male,0,Yes,Yes,21,Yes,Yes,Fiber optic,Yes,Yes,No,No,Yes,No,One year,Yes,Electronic check,902.97
MW-34872-UJZK,Yes,48.93,Male,0,Yes,Yes,0,Yes,Yes,DSL,Yes,No,Yes,No,No,Yes,Month-to-month,Yes,Mailed check,0.0
MW-81691-QKXB,No,75.47,Male,0,Yes,No,52,No,No phone service,Fiber optic,No,No,Yes,No,No,No,Month-to-month,Yes,Electronic check,3947.88
MW-67942-ZWAF,Yes,44.08,Male,0,Yes,No,0,Yes,No,Fiber optic,No,No,Yes,No,Yes,No,Month-to-month,Yes,Electronic check,0.0
MW-81046-HJQR,Yes,65.01,Male,0,Yes,No,4,Yes,No,No,No internet service,No internet service,No internet service,No internet service,No internet service,No internet service,Month-to-month,No,Bank transfer (automatic),283.62
MW-56719-EVAQ,No,88.96,Female,0,No,Yes,72,Yes,Yes,Fiber optic,Yes,Yes,No,No,No,No,Month-to-month,No,Electronic check,6400.46
MW-36569-TJKA,Yes,97.84,Female,0,Yes,Yes,62,Yes,Yes,Fiber optic,No,No,No,Yes,No,Yes,Month-to-month,Yes,Electronic check,6059.66
MW-83993-DMCP,Yes,84.78,Male,0,No,Yes,51,Yes,No,Fiber optic,No,No,No,Yes,No,Yes,Month-to-month,Yes,Electronic check,4323.44
MW-67806-XJSR,No,77.56,Male,0,No,No,60,Yes,No,DSL,Yes,No,No,No,Yes,No,One year,Yes,Electronic check,4672.98
MW-32365-TUSA,No,59.75,Female,1,Yes,No,5,No,No phone service,Fiber optic,No,No,Yes,No,Yes,No,Month-to-month,Yes,Electronic check,301.12
MW-95695-VVKQ,No,46.93,Male,0,Yes,No,6,Yes,No,DSL,Yes,No,No,Yes,No,No,Two year,No,Mailed check,284.72
MW-81481-VHES,Yes,80.17,Female,0,No,No,21,Yes,No,DSL,No,Yes,No,No,No,No,Month-to-month,Yes,Electronic check,1693.12
MW-28920-HSKU,No,32.47,Male,0,No,No,1,Yes,No,Fiber optic,No,No,No,Yes,Yes,Yes,One year,No,Electronic check,19.27
MW-96686-EKPP,No,67.57,Female,0,No,No,64,Yes,No,DSL,No,Yes,Yes,No,No,No,Month-to-month,No,Credit card (automatic),4329.53
MW-32219-WMZJ,Yes,31.73,Male,1,Yes,Yes,4,Yes,No,Fiber optic,No,No,No,Yes,No,No,Month-to-month,Yes,Electronic check,117.5
MW-85517-VDMY,Yes,62.76,Female,0,No,No,39,Yes,No,Fiber optic,No,No,No,Yes,No,No,One year,Yes,Electronic check,2469.71
MW-62014-YDHR,No,32.39,Female,0,Yes,No,62,Yes,No,DSL,Yes,Yes,No,No,No,No,One year,Yes,Mailed check,2014.46
MW-65959-BKYV,No,51.98,Male,0,No,No,53,Yes,Yes,Fiber optic,Yes,No,Yes,Yes,Yes,No,Month-to-month,Yes,Electronic check,2765.33
MW-81817-MMJE,No,43.72,Female,0,No,No,17,No,No phone service,Fiber optic,No,No,No,Yes,No,No,Month-to-month,No,Credit card (automatic),712.65
MW-76367-SDTK,Yes,40.1,Female,0,Yes,Yes,34,Yes,No,Fiber optic,No,No,Yes,No,Yes,Yes,Month-to-month,No,Electronic check,1374.0
MW-65060-VNZR,No,61.38,Male,0,No,No,40,Yes,No,No,No internet service,No internet service,No internet service,No internet service,No internet service,No internet service,Month-to-month,Yes,Mailed check,2452.54
MW-22840-YWTJ,Yes,18.0,Female,0,Yes,No,56,Yes,Yes,DSL,No,No,No,No,Yes,Yes,Month-to-month,Yes,Credit card (automatic),986.44
MW-72872-BUQF,No,18.0,Male,0,No,Yes,31,Yes,No,No,No internet service,No internet service,No internet service,No internet service,No internet service,No internet service,One year,Yes,Electronic check,559.42
MW-96135-BXPC,No,88.11,Female,0,Yes,Yes,20,No,No phone service,Fiber optic,No,No,No,No,No,Yes,Month-to-month,No,Electronic check,1739.43
MW-25401-WVLG,No,68.42,Female,0,No,Yes,58,Yes,Yes,DSL,Yes,No,Yes,Yes,Yes,Yes,One year,No,Bank transfer (automatic),3977.53
MW-39800-FRFP,No,42.3,Female,0,No,No,64,Yes,No,Fiber optic,No,No,No,Yes,No,Yes,Month-to-month,Yes,Credit card (automatic),2728.71
MW-15640-APKZ,No,93.22,Male,0,No,No,35,Yes,Yes,DSL,Yes,Yes,No,No,No,No,Month-to-month,No,Mailed check,3235.84
MW-99513-SQLF,No,44.82,Male,1,Yes,No,2,Yes,No,DSL,No,Yes,No,No,No,No,Month-to-month,Yes,Bank transfer (automatic),89.19
MW-14178-TKDC,No,46.61,Male,0,Yes,No,36,Yes,Yes,DSL,Yes,No,Yes,Yes,No,Yes,Month-to-month,Yes,Electronic check,1675.49
MW-19272-PJBH,No,40.5,Male,1,Yes,No,64,Yes,No,No,No internet service,No internet service,No internet service,No internet service,No internet service,No internet service,Month-to-month,No,Bank transfer (automatic),2562.16
MW-98745-ZRCX,No,120.0,Male,0,No,Yes,72,Yes,No,No,No internet service,No internet service,No internet service,No internet service,No internet service,No internet service,Two year,Yes,Electronic check,8653.75
MW-89564-ZGMW,No,71.05,Male,0,No,No,29,Yes,Yes,No,No internet service,No internet service,No internet service,No internet service,No internet service,No internet service,One year,Yes,Bank transfer (automatic),2069.84
MW-39562-MXPR,Yes,69.87,Female,0,Yes,No,10,Yes,No,DSL,No,No,No,No,No,No,Month-to-month,Yes,Electronic check,729.09
MW-68562-VSAV,Yes,77.99,Female,0,No,No,41,Yes,Yes,Fiber optic,Yes,Yes,Yes,No,Yes,Yes,Month-to-month,No,Mailed check,3205.03
MW-17920-BJAZ,No,18.0,Female,0,No,Yes,60,Yes,No,No,No internet service,No internet service,No internet service,No internet service,No internet service,No internet service,Two year,No,Electronic check,1066.82
MW-98722-QKWC,Yes,46.18,Male,0,Yes,No,68,Yes,No,DSL,No,Yes,No,No,Yes,No,Month-to-month,No,Bank transfer (automatic),3147.96
MW-72347-FTYJ,No,77.65,Male,1,No,No,3,Yes,Yes,Fiber optic,No,No,No,No,No,Yes,Month-to-month,No,Bank transfer (automatic),252.22
MW-30800-SAFE,No,63.88,Female,0,Yes,No,21,Yes,No,DSL,Yes,Yes,No,No,No,No,Two year,Yes,Credit card (automatic),1334.51
MW-29838-MJCF,No,120.0,Male,0,No,Yes,34,Yes,No,Fiber optic,Yes,No,No,Yes,Yes,No,Month-to-month,Yes,Credit card (automatic),4092.79
MW-79834-CDRD,No,47.94,Female,1,No,No,7,Yes,No,Fiber optic,Yes,No,No,Yes,No,No,Month-to-month,Yes,Mailed check,300.26
MW-13606-BRTD,No,92.3,Female,0,Yes,Yes,64,Yes,Yes,DSL,No,No,Yes,No,No,No,Month-to-month,No,Bank transfer (automatic),5929.33
MW-42351-JUDW,Yes,88.18,Male,0,No,No,8,Yes,Yes,DSL,No,Yes,Yes,No,No,Yes,One year,Yes,Electronic check,717.45
MW-90975-QTWF,No,68.28,Male,0,No,Yes,48,Yes,No,Fiber optic,No,No,No,Yes,Yes,No,Month-to-month,Yes,Credit card (automatic),3239.27
MW-32779-FPUB,No,73.73,Female,0,No,No,67,Yes,No,Fiber optic,No,Yes,No,No,No,No,One year,No,Bank transfer (automatic),4945.65
MW-40957-QYQA,Yes,55.29,Male,0,Yes,Yes,50,Yes,No,DSL,Yes,No,No,Yes,Yes,No,Month-to-month,Yes,Mailed check,2734.7
MW-85121-DFKB,Yes,18.0,Male,0,Yes,Yes,55,Yes,No,DSL,Yes,Yes,No,No,Yes,Yes,Month-to-month,No,Mailed check,980.83
MW-78323-VZKA,No,74.48,Male,0,Yes,No,19,Yes,No,No,No internet service,No internet service,No internet service,No internet service,No internet service,No internet service,Month-to-month,No,Bank transfer (automatic),1425.3
MW-62988-RAJC,No,76.85,Male,1,No,No,60,Yes,No,Fiber optic,No,Yes,No,No,No,Yes,Two year,No,Credit card (automatic),4608.96
MW-81124-RXKK,Yes,81.57,Male,0,Yes,No,30,No,No phone service,Fiber optic,No,Yes,No,No,Yes,No,Month-to-month,Yes,Credit card (automatic),2465.95
MW-93505-NYSZ,No,65.89,Female,0,No,Yes,4,Yes,Yes,Fiber optic,Yes,No,No,No,Yes,Yes,One year,Yes,Mailed check,264.52
MW-29568-HTYE,No,93.11,Male,0,Yes,No,26,Yes,No,No,No internet service,No internet service,No internet service,No internet service,No internet service,No internet service,Month-to-month,No,Mailed check,2420.3
MW-42279-LZNL,Yes,38.02,Male,0,No,No,25,Yes,Yes,DSL,No,No,No,No,No,No,Month-to-month,Yes,Credit card (automatic),966.98
MW-31952-QMMR,No,108.05,Male,0,No,No,38,Yes,Yes,DSL,Yes,No,Yes,Yes,Yes,No,Month-to-month,Yes,Bank transfer (automatic),4100.84
MW-55803-ETVZ,No,34.36,Female,0,No,No,19,Yes,No,Fiber optic,Yes,Yes,Yes,No,No,No,Month-to-month,Yes,Bank transfer (automatic),652.46
MW-88243-UZNK,Yes,60.76,Female,0,No,Yes,33,Yes,No,No,No internet service,No internet service,No internet service,No internet service,No internet service,No internet service,Month-to-month,No,Bank transfer (automatic),2006.68
MW-40036-SDLX,No,84.43,Male,0,Yes,No,31,Yes,No,DSL,No,No,No,No,No,No,Two year,Yes,Bank transfer (automatic),2616.32
MW-67651-ACRP,No,48.55,Male,0,No,Yes,23,Yes,No,DSL,No,Yes,No,No,Yes,No,Two year,Yes,Bank transfer (automatic),1134.05
MW-64239-UDLJ,No,86.47,Male,0,No,No,50,Yes,Yes,DSL,No,Yes,No,No,No,No,One year,No,Bank transfer (automatic),4313.5
MW-89842-YNCS,No,53.72,Female,0,No,Yes,22,Yes,No,Fiber optic,Yes,Yes,No,Yes,No,No,One year,No,Credit card (automatic),1169.39
MW-13971-QZKY,No,67.54,Male,0,Yes,No,55,Yes,Yes,Fiber optic,No,No,No,No,Yes,Yes,Month-to-month,No,Credit card (automatic),3698.77
MW-77361-HNHH,No,58.57,Female,0,No,No,18,No,No phone service,Fiber optic,No,No,Yes,No,No,Yes,One year,Yes,Mailed check,1022.13
MW-79814-PNXJ,No,46.7,Male,0,No,No,63,Yes,Yes,DSL,Yes,Yes,No,No,No,Yes,Month-to-month,Yes,Electronic check,2964.36
MW-96647-QMWX,No,120.0,Female,0,Yes,Yes,26,Yes,Yes,Fiber optic,Yes,Yes,Yes,No,Yes,No,Two year,Yes,Bank transfer (automatic),3106.49
MW-64784-HNJA,No,38.81,Male,1,Yes,No,2,Yes,Yes,DSL,Yes,Yes,No,No,No,No,Two year,Yes,Bank transfer (automatic),74.04
MW-27378-XSYG,Yes,18.0,Female,0,No,No,10,Yes,No,Fiber optic,No,No,No,Yes,No,Yes,Month-to-month,Yes,Mailed check,203.37
MW-50576-JFJU,No,39.89,Female,0,Yes,No,58,Yes,Yes,DSL,Yes,No,Yes,No,Yes,No,Two year,Yes,Credit card (automatic),2311.49
MW-83663-WDBQ,Yes,67.94,Female,0,No,Yes,63,Yes,Yes,No,No internet service,No internet service,No internet service,No internet service,No internet service,No internet service,Two year,Yes,Electronic check,4287.94
MW-73968-DVCH,No,52.69,Male,0,No,No,15,Yes,No,Fiber optic,No,No,No,No,No,No,Month-to-month,Yes,Electronic check,769.04
MW-14438-HMWP,No,94.56,Male,0,Yes,No,43,Yes,Yes,Fiber optic,Yes,No,Yes,Yes,Yes,Yes,Two year,Yes,Credit card (automatic),4087.06
MW-33316-GRNZ,Yes,93.47,Male,0,No,No,41,Yes,No,DSL,No,No,No,No,No,No,Month-to-month,Yes,Credit card (automatic),3830.45
MW-37071-ZXEF,Yes,54.45,Male,0,No,No,9,No,No phone service,DSL,No,No,No,Yes,No,Yes,Month-to-month,Yes,Mailed check,474.78
MW-75768-EPVD,No,18.0,Male,1,No,No,32,Yes,Yes,Fiber optic,No,No,No,No,No,No,Month-to-month,Yes,Electronic check,560.71
MW-21196-ZBNJ,No,25.51,Male,0,No,No,50,No,No phone service,Fiber optic,No,Yes,No,No,Yes,Yes,One year,Yes,Mailed check,1300.85
MW-89980-XHEP,Yes,63.03,Female,0,Yes,Yes,70,Yes,Yes,Fiber optic,No,No,No,No,No,Yes,Month-to-month,Yes,Mailed check,4403.31
MW-52209-BRDK,No,18.0,Female,1,No,No,61,Yes,Yes,Fiber optic,No,Yes,No,No,Yes,Yes,Two year,Yes,Mailed check,1083.05
MW-28635-QWSW,No,52.97,Female,0,Yes,No,7,Yes,Yes,Fiber optic,No,No,No,No,Yes,Yes,Month-to-month,No,Electronic check,364.29
MW-73719-VTJJ,Yes,106.64,Male,0,Yes,No,17,Yes,No,No,No internet service,No internet service,No internet service,No internet service,No internet service,No internet service,Month-to-month,No,Electronic check,1813.56
MW-26063-WFWC,No,74.28,Female,0,No,No,31,Yes,No,Fiber optic,No,Yes,No,Yes,Yes,No,One year,No,Bank transfer (automatic),2304.96
MW-84916-VGTZ,Yes,65.37,Male,0,No,Yes,10,Yes,No,No,No internet service,No internet service,No internet service,No internet service,No internet service,No internet service,Month-to-month,Yes,Bank transfer (automatic),660.37
MW-81190-YLDK,No,32.78,Male,0,Yes,No,41,Yes,No,Fiber optic,Yes,No,No,Yes,Yes,No,One year,No,Bank transfer (automatic),1347.5
MW-81674-QMUR,No,69.45,Male,0,Yes,Yes,0,Yes,Yes,DSL,Yes,Yes,Yes,No,No,Yes,Month-to-month,Yes,Mailed check,9.71
MW-57610-AYGC,No,56.24,Female,0,Yes,No,8,No,No phone service,Fiber optic,No,Yes,Yes,No,No,No,Two year,Yes,Electronic check,445.83
MW-75998-FVUL,Yes,71.16,Female,0,No,No,3,Yes,No,DSL,Yes,No,No,No,Yes,Yes,One year,No,Mailed check,244.56
MW-49008-NGZP,Yes,85.81,Male,0,Yes,No,21,Yes,No,DSL,Yes,No,No,No,No,Yes,Month-to-month,Yes,Credit card (automatic),1794.68
MW-79838-CNBD,Yes,90.94,Male,0,Yes,No,55,Yes,Yes,DSL,No,No,Yes,No,Yes,No,Month-to-month,No,Mailed check,5021.99
MW-69376-FCWR,No,67.87,Female,1,No,No,12,Yes,No,Fiber optic,Yes,No,Yes,No,No,Yes,Month-to-month,Yes,Bank transfer (automatic),805.45
MW-72780-NTQQ,No,79.36,Female,1,Yes,Yes,72,Yes,Yes,Fiber optic,No,No,Yes,Yes,No,No,Two year,No,Mailed check,5692.5
MW-17353-PJAP,No,48.64,Female,1,No,No,19,Yes,No,DSL,No,Yes,No,No,No,No,One year,Yes,Credit card (automatic),899.15
MW-99284-UXFY,Yes,97.98,Female,0,No,Yes,3,Yes,Yes,DSL,No,Yes,No,Yes,Yes,No,Month-to-month,No,Mailed check,298.5
MW-62975-BFWC,Yes,37.39,Female,0,No,No,24,Yes,No,DSL,Yes,Yes,No,Yes,No,No,Month-to-month,Yes,Mailed check,914.79
MW-83372-MRBE,No,57.78,Female,0,Yes,No,54,Yes,No,DSL,Yes,No,Yes,No,No,No,Two year,Yes,Credit card (automatic),3102.85
MW-31109-KVUG,Yes,101.1,Male,0,No,No,7,Yes,No,DSL,No,Yes,No,Yes,No,Yes,Month-to-month,No,Electronic check,694.54
MW-35301-KDLV,No,49.55,Female,0,Yes,No,5,No,No phone service,DSL,Yes,No,No,No,Yes,No,One year,Yes,Bank transfer (automatic),253.54
MW-33167-CFHA,No,23.78,Female,0,No,No,62,Yes,No,No,No internet service,No internet service,No internet service,No internet service,No internet service,No internet service,One year,Yes,Mailed check,1474.32
MW-29588-XVHC,Yes,51.68,Male,0,Yes,Yes,43,Yes,No,Fiber optic,No,No,No,No,No,Yes,Month-to-month,Yes,Credit card (automatic),2213.46
MW-71248-NLDK,No,105.75,Female,0,Yes,No,25,Yes,No,DSL,Yes,No,No,Yes,No,Yes,Month-to-month,Yes,Bank transfer (automatic),2624.56
MW-51234-YDXA,No,18.0,Male,1,No,Yes,55,No,No phone service,DSL,No,No,No,No,Yes,Yes,Month-to-month,No,Electronic check,994.64
MW-47451-LCSL,No,67.07,Female,0,No,Yes,61,Yes,Yes,DSL,No,No,Yes,No,No,No,Month-to-month,Yes,Credit card (automatic),4101.06
MW-33649-QYXT,No,44.98,Male,1,No,Yes,26,Yes,Yes,DSL,No,Yes,No,No,No,No,Two year,Yes,Bank transfer (automatic),1176.86
MW-49896-JTNS,Yes,58.97,Male,0,Yes,No,40,No,No phone service,Fiber optic,Yes,No,Yes,No,No,Yes,One year,Yes,Bank transfer (automatic),2359.2
MW-38987-SUTN,No,53.54,Female,0,No,No,0,Yes,No,No,No internet service,No internet service,No internet service,No internet service,No internet service,No internet service,Two year,Yes,Electronic check,0.0
MW-22177-EZBQ,Yes,92.81,Female,0,Yes,No,22,Yes,Yes,Fiber optic,Yes,No,No,No,No,No,Month-to-month,No,Electronic check,2046.54
MW-79666-FRLA,Yes,65.61,Male,0,No,No,43,Yes,Yes,Fiber optic,No,No,No,Yes,No,Yes,Month-to-month,Yes,Bank transfer (automatic),2824.83
MW-69617-YUJJ,No,94.32,Female,0,No,Yes,14,Yes,Yes,DSL,Yes,Yes,No,No,No,No,One year,Yes,Mailed check,1300.78
MW-63901-PUZW,No,102.52,Male,0,No,No,72,Yes,Yes,Fiber optic,No,No,No,No,Yes,No,Month-to-month,No,Credit card (automatic),7376.9
MW-70931-BAEK,No,64.9,Female,0,Yes,No,70,Yes,Yes,No,No internet service,No internet service,No internet service,No internet service,No internet service,No internet service,Month-to-month,No,Electronic check,4548.5
MW-10332-BXRD,No,53.22,Male,0,No,No,18,Yes,No,DSL,No,Yes,No,No,No,No,Month-to-month,No,Bank transfer (automatic),956.79
MW-36184-WTHH,Yes,75.32,Male,0,Yes,No,28,No,No phone service,No,No internet service,No internet service,No internet service,No internet service,No internet service,No internet service,One year,Yes,Electronic check,2079.55
MW-30371-SNYX,No,81.11,Male,0,No,No,13,Yes,No,DSL,No,No,Yes,No,No,No,One year,Yes,Bank transfer (automatic),1044.82
MW-27147-YRUL,No,29.4,Male,0,Yes,No,36,Yes,No,Fiber optic,No,No,No,No,Yes,No,Month-to-month,No,Electronic check,1047.8
MW-23012-USNF,No,71.08,Male,0,No,Yes,9,No,No phone service,DSL,No,No,Yes,No,No,Yes,Two year,Yes,Mailed check,648.11
MW-17148-ZACQ,Yes,56.39,Male,0,Yes,Yes,28,Yes,Yes,Fiber optic,Yes,No,Yes,Yes,No,No,Month-to-month,Yes,Electronic check,1617.9
MW-88382-KWBS,Yes,51.39,Female,0,Yes,Yes,40,Yes,Yes,DSL,No,No,No,Yes,No,No,Month-to-month,Yes,Bank transfer (automatic),2057.61
MW-80132-FNLD,Yes,43.27,Female,0,No,No,44,No,No phone service,Fiber optic,No,No,No,No,No,No,Month-to-month,Yes,Electronic check,1885.91
MW-58560-LCWG,No,45.23,Female,0,Yes,Yes,43,Yes,Yes,Fiber optic,No,No,Yes,No,No,No,Two year,Yes,Credit card (automatic),1942.48
MW-96116-CZQM,Yes,101.67,Female,0,No,No,16,Yes,Yes,Fiber optic,No,No,No,No,Yes,No,Month-to-month,No,Electronic check,1626.88
MW-83660-MVKA,No,53.08,Female,0,No,No,57,Yes,No,Fiber optic,Yes,No,Yes,No,Yes,Yes,Month-to-month,Yes,Bank transfer (automatic),3036.91
MW-79192-SMCF,No,98.31,Male,0,No,No,50,Yes,No,DSL,No,Yes,No,No,No,Yes,Month-to-month,No,Bank transfer (automatic),4934.13
MW-38127-JYVE,No,67.93,Female,0,Yes,No,54,Yes,No,Fiber optic,No,Yes,No,No,No,Yes,One year,No,Electronic check,3689.09
MW-51416-FBED,No,30.02,Male,0,Yes,No,34,Yes,No,DSL,No,No,No,No,No,Yes,One year,No,Electronic check,1028.74
MW-73499-NBPH,No,69.72,Female,1,Yes,Yes,65,Yes,No,Fiber optic,Yes,Yes,No,Yes,Yes,No,Month-to-month,No,Electronic check,4531.79
MW-95742-SZYY,No,28.36,Female,0,No,No,28,Yes,No,DSL,No,No,No,Yes,Yes,Yes,Two year,Yes,Bank transfer (automatic),816.33
MW-53393-PPQV,No,82.21,Male,0,Yes,No,58,Yes,No,Fiber optic,Yes,No,No,No,Yes,Yes,Month-to-month,Yes,Credit card (automatic),4762.97
MW-68390-GKJX,Yes,57.77,Male,0,Yes,No,14,Yes,No,Fiber optic,No,Yes,No,Yes,No,Yes,Month-to-month,No,Electronic check,809.6
MW-42522-FFJK,No,89.66,Male,0,Yes,No,18,Yes,Yes,No,No internet service,No internet service,No internet service,No internet service,No internet service,No internet service,One year,Yes,Bank transfer (automatic),1610.23
MW-44688-TCFY,No,107.01,Female,0,No,Yes,38,Yes,No,Fiber optic,Yes,No,Yes,Yes,Yes,No,One year,Yes,Bank transfer (automatic),4034.41
MW-38709-RJZF,No,18.0,Male,1,No,Yes,40,Yes,Yes,DSL,Yes,No,No,Yes,No,No,Month-to-month,Yes,Bank transfer (automatic),739.08
MW-91775-RFSM,No,50.17,Female,0,No,No,54,Yes,No,Fiber optic,No,No,No,Yes,No,Yes,One year,Yes,Mailed check,2719.31
MW-98383-DNLS,Yes,27.72,Female,0,No,No,21,Yes,Yes,DSL,No,Yes,No,Yes,No,No,Month-to-month,No,Credit card (automatic),546.57
MW-63315-XVHS,Yes,120.0,Female,0,Yes,No,63,Yes,No,DSL,No,No,No,Yes,No,No,One year,Yes,Mailed check,7575.03
MW-71488-PMFN,No,50.79,Male,0,Yes,Yes,24,Yes,Yes,Fiber optic,Yes,Yes,Yes,No,No,No,One year,No,Credit card (automatic),1214.41
MW-99594-JZML,No,24.55,Male,0,No,Yes,38,Yes,No,Fiber optic,No,Yes,Yes,No,Yes,No,Two year,Yes,Electronic check,947.73
MW-67666-BHZR,Yes,120.0,Male,0,Yes,No,68,Yes,Yes,No,No internet service,No internet service,No internet service,No internet service,No internet service,No internet service,Month-to-month,Yes,Credit card (automatic),8161.14
MW-36507-TSMY,No,42.22,Male,1,Yes,Yes,39,Yes,No,No,No internet service,No internet service,No internet service,No internet service,No internet service,No internet service,One year,Yes,Credit card (automatic),1626.22
MW-82759-HJTN,No,18.0,Male,0,No,No,49,Yes,Yes,DSL,No,No,No,No,No,Yes,One year,Yes,Credit card (automatic),882.4
MW-34184-KQVT,Yes,29.25,Male,0,Yes,Yes,66,Yes,Yes,DSL,No,No,Yes,Yes,No,No,Month-to-month,Yes,Electronic check,1917.02
MW-26991-LAVX,Yes,68.3,Male,0,No,No,71,Yes,Yes,No,No internet service,No internet service,No internet service,No internet service,No internet service,No internet service,Month-to-month,No,Credit card (automatic),4830.96
MW-40168-TEWF,Yes,65.37,Male,0,No,Yes,36,Yes,Yes,DSL,No,Yes,No,No,Yes,No,Two year,Yes,Electronic check,2366.33
MW-70777-WSNE,No,38.92,Male,1,Yes,No,30,Yes,No,Fiber optic,Yes,No,No,Yes,Yes,Yes,Month-to-month,No,Bank transfer (automatic),1173.47
MW-35814-LDSY,No,49.45,Female,0,Yes,Yes,14,Yes,Yes,No,No internet service,No internet service,No internet service,No internet service,No internet service,No internet service,Two year,Yes,Mailed check,714.76
MW-71541-VRZY,No,65.59,Male,1,Yes,No,39,Yes,No,DSL,No,Yes,Yes,No,No,No,Month-to-month,No,Bank transfer (automatic),2552.09
MW-50498-ZBZA,No,103.72,Female,0,Yes,No,67,No,No phone service,Fiber optic,No,No,Yes,No,No,Yes,Two year,No,Mailed check,6934.8
MW-36906-KGWA,Yes,74.0,Male,1,No,No,35,Yes,No,No,No internet service,No internet service,No internet service,No internet service,No internet service,No internet service,Month-to-month,No,Electronic check,2599.58
MW-39073-ZLBZ,No,47.11,Male,0,No,No,25,No,No phone service,Fiber optic,Yes,Yes,Yes,No,No,Yes,Two year,No,Electronic check,1165.24
MW-37953-BJGT,No,57.15,Female,1,Yes,No,7,Yes,No,No,No internet service,No internet service,No internet service,No internet service,No internet service,No internet service,One year,Yes,Electronic check,395.4
MW-54446-FRCA,No,87.09,Male,0,Yes,No,28,Yes,No,Fiber optic,No,Yes,No,Yes,No,Yes,Month-to-month,No,Mailed check,2446.4
MW-52455-BFMR,No,114.4,Female,0,Yes,No,17,Yes,Yes,DSL,Yes,No,Yes,No,No,Yes,One year,Yes,Credit card (automatic),1942.91
MW-33208-QCJL,No,30.86,Female,0,Yes,Yes,71,Yes,No,No,No internet service,No internet service,No internet service,No internet service,No internet service,No internet service,One year,Yes,Bank transfer (automatic),2183.73
MW-35891-KSMJ,Yes,97.42,Male,0,Yes,No,38,Yes,Yes,Fiber optic,Yes,No,Yes,No,Yes,No,Month-to-month,No,Credit card (automatic),3680.92
MW-83235-FHVT,No,54.62,Male,0,Yes,Yes,10,Yes,No,No,No internet service,No internet service,No internet service,No internet service,No internet service,No internet service,Month-to-month,No,Credit card (automatic),560.25
MW-47486-LLHN,No,18.0,Female,1,No,No,4,Yes,Yes,Fiber optic,Yes,No,No,No,No,Yes,One year,Yes,Mailed check,66.47
MW-75338-XEQU,No,18.0,Female,0,Yes,No,62,Yes,No,Fiber optic,Yes,No,Yes,Yes,No,Yes,One year,Yes,Mailed check,1125.27
MW-63417-BQQZ,Yes,104.03,Female,0,Yes,No,67,Yes,Yes,DSL,No,Yes,Yes,Yes,No,No,Month-to-month,No,Mailed check,6977.3
MW-45743-KUBQ,No,107.6,Female,1,Yes,Yes,55,Yes,No,DSL,No,No,Yes,Yes,Yes,Yes,Two year,Yes,Electronic check,5934.37
MW-81759-GQQH,No,46.93,Male,1,Yes,Yes,9,Yes,No,No,No internet service,No internet service,No internet service,No internet service,No internet service,No internet service,Month-to-month,Yes,Bank transfer (automatic),418.84
MW-71131-WLGS,Yes,57.64,Male,1,Yes,No,7,Yes,Yes,No,No internet service,No internet service,No internet service,No internet service,No internet service,No internet service,Month-to-month,Yes,Bank transfer (automatic),398.26
MW-23348-NNDY,No,18.0,Female,1,No,No,14,Yes,No,Fiber optic,Yes,No,No,No,Yes,No,One year,Yes,Bank transfer (automatic),235.38
MW-22804-JPDA,No,86.86,Female,0,No,No,54,Yes,No,No,No internet service,No internet service,No internet service,No internet service,No internet service,No internet service,Month-to-month,Yes,Bank transfer (automatic),4682.3
MW-47490-TDSB,Yes,63.15,Male,0,Yes,Yes,55,Yes,Yes,Fiber optic,No,No,No,No,No,Yes,Month-to-month,No,Electronic check,3478.37
MW-92392-HXPH,No,18.0,Male,0,Yes,Yes,61,Yes,No,No,No internet service,No internet service,No internet service,No internet service,No internet service,No internet service,Month-to-month,No,Bank transfer (automatic),1085.74
MW-12069-CWPL,Yes,70.14,Female,0,No,Yes,7,Yes,No,Fiber optic,No,No,No,No,No,No,Month-to-month,Yes,Electronic check,495.72
MW-89221-UYSM,Yes,22.32,Male,0,Yes,No,11,No,No phone service,Fiber optic,No,Yes,Yes,No,Yes,No,Month-to-month,Yes,Credit card (automatic),267.53
MW-97133-RWGS,No,80.72,Male,0,Yes,No,65,No,No phone service,Fiber optic,Yes,Yes,No,No,No,Yes,One year,Yes,Electronic check,5240.12
MW-84997-NGFP,Yes,31.52,Female,0,Yes,Yes,67,Yes,Yes,Fiber optic,No,No,No,No,No,No,Month-to-month,Yes,Mailed check,2092.12
MW-31991-EGKE,No,74.11,Male,1,No,No,52,Yes,Yes,No,No internet service,No internet service,No internet service,No internet service,No internet service,No internet service,Two year,Yes,Mailed check,3847.52
MW-33040-HHBH,Yes,44.41,Female,0,Yes,Yes,7,Yes,Yes,Fiber optic,No,No,No,Yes,No,No,One year,Yes,Electronic check,289.53
MW-88171-RMJR,No,18.0,Female,0,No,Yes,5,Yes,Yes,No,No internet service,No internet service,No internet service,No internet service,No internet service,No internet service,Month-to-month,Yes,Mailed check,110.01
MW-14411-EZBM,Yes,93.88,Female,0,No,No,4,Yes,No,DSL,Yes,Yes,No,No,No,No,Month-to-month,No,Electronic check,376.79
MW-56905-UUMM,No,95.53,Female,0,Yes,No,50,Yes,No,DSL,No,No,Yes,No,No,Yes,Two year,No,Bank transfer (automatic),4765.57
MW-51988-XLAK,No,48.35,Male,1,No,Yes,61,Yes,Yes,Fiber optic,Yes,Yes,Yes,No,No,No,Month-to-month,No,Credit card (automatic),2940.95
MW-95755-BXFD,Yes,72.23,Female,0,No,No,46,Yes,Yes,Fiber optic,Yes,No,No,No,Yes,No,Month-to-month,Yes,Electronic check,3304.85
MW-97217-RGTT,No,77.15,Male,0,Yes,Yes,19,Yes,No,No,No internet service,No internet service,No internet service,No internet service,No internet service,No internet service,Two year,Yes,Mailed check,1481.02
MW-85060-NHGA,No,78.11,Female,0,No,Yes,55,Yes,No,DSL,Yes,No,No,Yes,Yes,Yes,One year,No,Credit card (automatic),4323.61
MW-39901-XFMA,Yes,115.77,Female,0,No,No,4,Yes,No,DSL,No,No,No,No,No,No,One year,Yes,Mailed check,440.67
MW-60400-NHNH,No,76.5,Male,0,Yes,Yes,60,Yes,Yes,Fiber optic,No,No,Yes,Yes,No,No,Month-to-month,No,Credit card (automatic),4605.65
MW-43191-UYRV,No,53.27,Female,0,No,No,65,Yes,No,No,No internet service,No internet service,No internet service,No internet service,No internet service,No internet service,Month-to-month,Yes,Mailed check,3458.86
MW-52967-MCJC,No,76.84,Female,0,No,Yes,52,Yes,No,No,No internet service,No internet service,No internet service,No internet service,No internet service,No internet service,Month-to-month,No,Mailed check,4014.69
MW-17825-BZMS,No,51.1,Male,0,Yes,No,64,Yes,No,No,No internet service,No internet service,No internet service,No internet service,No internet service,No internet service,One year,Yes,Electronic check,3242.89
MW-17583-LRHQ,Yes,32.03,Male,0,Yes,Yes,42,No,No phone service,Fiber optic,No,Yes,Yes,Yes,No,No,Month-to-month,Yes,Electronic check,1348.64
MW-79543-NDPG,No,100.59,Female,0,Yes,Yes,34,Yes,Yes,No,No internet service,No internet service,No internet service,No internet service,No internet service,No internet service,Month-to-month,Yes,Bank transfer (automatic),3413.94
MW-18912-PLHL,No,80.02,Male,0,Yes,No,23,Yes,No,DSL,No,Yes,No,No,Yes,No,Month-to-month,Yes,Credit card (automatic),1850.35
MW-68626-BZPB,No,18.0,Male,0,Yes,No,67,Yes,Yes,No,No internet service,No internet service,No internet service,No internet service,No internet service,No internet service,One year,No,Electronic check,1206.92
MW-94181-DAGX,No,43.49,Male,0,Yes,Yes,50,Yes,Yes,Fiber optic,Yes,No,Yes,No,Yes,Yes,One year,Yes,Credit card (automatic),2174.83
MW-79313-TXMG,Yes,86.73,Male,0,No,No,13,No,No phone service,Fiber optic,Yes,No,Yes,Yes,No,Yes,Month-to-month,Yes,Mailed check,1125.9
MW-74608-KHWQ,No,18.0,Male,0,Yes,No,69,Yes,Yes,Fiber optic,No,Yes,No,No,Yes,No,Month-to-month,Yes,Mailed check,1265.43
MW-81712-VEXX,Yes,41.41,Female,0,No,No,4,Yes,Yes,Fiber optic,No,No,Yes,Yes,Yes,No,Month-to-month,Yes,Credit card (automatic),163.02
MW-94242-QGQB,No,120.0,Male,0,No,No,42,No,No phone service,DSL,No,No,Yes,Yes,No,Yes,Month-to-month,No,Credit card (automatic),5052.96
MW-18512-ENZT,Yes,54.07,Female,0,No,No,13,Yes,Yes,DSL,Yes,No,Yes,Yes,Yes,No,Month-to-month,Yes,Mailed check,712.34
MW-32836-FYMQ,Yes,96.48,Female,0,No,No,48,Yes,Yes,Fiber optic,Yes,No,No,No,No,Yes,Month-to-month,No,Electronic check,4644.37
MW-92396-VCER,No,109.01,Male,1,Yes,No,30,No,No phone service,No,No internet service,No internet service,No internet service,No internet service,No internet service,No internet service,One year,Yes,Electronic check,3255.08
MW-84104-LCDE,Yes,36.75,Male,0,Yes,No,31,Yes,No,Fiber optic,Yes,No,Yes,Yes,No,Yes,One year,Yes,Electronic check,1149.86
MW-17219-MHXB,No,71.99,Male,0,No,Yes,49,Yes,Yes,DSL,Yes,No,No,Yes,No,No,Two year,No,Credit card (automatic),3532.56
MW-15240-LJDU,No,120.0,Female,0,No,No,55,Yes,No,Fiber optic,No,Yes,No,No,No,Yes,Two year,No,Electronic check,6582.16
MW-97219-UBNM,No,77.79,Female,0,No,No,27,Yes,Yes,DSL,Yes,No,No,No,Yes,No,Month-to-month,Yes,Bank transfer (automatic),2097.14
MW-37033-BFJP,Yes,120.0,Female,0,Yes,Yes,72,Yes,Yes,DSL,Yes,Yes,No,No,No,Yes,Month-to-month,Yes,Electronic check,8674.41
MW-36863-MMTD,Yes,44.89,Male,1,No,No,36,Yes,No,DSL,No,Yes,No,No,No,Yes,Month-to-month,No,Mailed check,1610.16
MW-18982-BWFN,No,117.91,Female,1,Yes,No,11,Yes,Yes,Fiber optic,Yes,No,No,Yes,Yes,No,One year,No,Mailed check,1291.5
MW-56107-BZTZ,Yes,64.5,Female,0,No,No,0,Yes,No,DSL,Yes,Yes,Yes,Yes,Yes,Yes,Month-to-month,No,Mailed check,6.76
MW-97710-YGKX,No,54.18,Female,0,No,No,14,Yes,Yes,DSL,No,No,Yes,No,No,No,Month-to-month,No,Bank transfer (automatic),750.41
MW-95271-NTML,No,83.2,Female,0,Yes,Yes,50,Yes,Yes,DSL,No,Yes,Yes,No,No,Yes,Month-to-month,No,Credit card (automatic),4162.11
MW-27352-KVML,No,60.66,Male,0,No,Yes,39,Yes,No,Fiber optic,No,No,No,No,No,Yes,Month-to-month,Yes,Credit card (automatic),2359.01
MW-80924-NMFJ,No,61.46,Female,0,Yes,No,24,Yes,No,DSL,Yes,No,No,No,No,No,One year,No,Bank transfer (automatic),1481.08
MW-57880-RWKX,No,78.56,Female,0,No,No,35,Yes,Yes,DSL,No,Yes,No,No,No,No,One year,Yes,Electronic check,2748.67
MW-95398-ZDEQ,Yes,18.0,Female,0,Yes,Yes,61,No,No phone service,Fiber optic,No,No,Yes,No,No,No,Month-to-month,No,Credit card (automatic),1127.28
MW-77152-GCUX,No,40.04,Male,0,Yes,Yes,41,Yes,Yes,Fiber optic,Yes,No,No,No,No,No,Two year,Yes,Credit card (automatic),1642.33
MW-46937-FFVA,No,85.68,Female,0,Yes,Yes,4,No,No phone service,No,No internet service,No internet service,No internet service,No internet service,No internet service,No internet service,Month-to-month,Yes,Credit card (automatic),339.38
MW-90971-ATER,No,93.75,Male,0,No,No,3,Yes,Yes,Fiber optic,Yes,No,No,No,Yes,No,Month-to-month,Yes,Mailed check,296.69
MW-63611-KKYQ,Yes,74.72,Male,1,Yes,Yes,35,Yes,Yes,Fiber optic,Yes,Yes,No,No,No,Yes,Month-to-month,No,Electronic check,2594.33
MW-94532-GUDE,No,72.28,Female,0,No,No,29,No,No phone service,No,No internet service,No internet service,No internet service,No internet service,No internet service,No internet service,One year,Yes,Bank transfer (automatic),2121.5
MW-46505-KHZM,No,76.07,Male,1,Yes,No,62,Yes,No,Fiber optic,Yes,No,No,Yes,Yes,No,One year,No,Mailed check,4701.51
MW-13582-KRLQ,No,92.73,Female,0,Yes,No,42,No,No phone service,Fiber optic,Yes,No,No,No,Yes,No,Month-to-month,Yes,Mailed check,3912.55
MW-44403-KMXR,No,21.21,Female,0,Yes,No,55,Yes,Yes,DSL,Yes,No,No,No,No,No,Two year,No,Mailed check,1188.4
MW-37452-CALH,No,48.72,Male,0,Yes,No,42,Yes,No,DSL,Yes,Yes,No,Yes,Yes,Yes,Month-to-month,No,Bank transfer (automatic),2038.35
MW-16344-PPWH,No,61.77,Male,0,No,Yes,25,Yes,Yes,DSL,Yes,No,No,Yes,No,No,Month-to-month,No,Electronic check,1537.8
MW-85746-SYEZ,No,69.87,Male,0,Yes,No,47,Yes,Yes,Fiber optic,Yes,No,No,No,Yes,No,One year,No,Bank transfer (automatic),3282.25
MW-79640-YJUF,No,18.0,Male,0,Yes,No,45,Yes,Yes,No,No internet service,No internet service,No internet service,No internet service,No internet service,No internet service,Two year,Yes,Bank transfer (automatic),819.32
MW-19297-AFCL,No,26.28,Male,1,No,Yes,52,Yes,No,DSL,No,Yes,No,No,No,No,One year,No,Mailed check,1351.59
MW-17805-GYNF,Yes,63.5,Male,1,No,No,13,Yes,Yes,Fiber optic,Yes,Yes,No,No,No,No,Two year,Yes,Electronic check,823.86
MW-50422-HHCP,No,94.39,Male,0,Yes,No,46,Yes,No,No,No internet service,No internet service,No internet service,No internet service,No internet service,No internet service,Month-to-month,Yes,Credit card (automatic),4337.24
MW-56358-APTR,No,51.43,Female,0,No,No,20,Yes,Yes,Fiber optic,No,No,Yes,Yes,No,Yes,One year,Yes,Mailed check,1011.33
MW-66333-ATMU,No,43.99,Male,0,Yes,Yes,57,Yes,Yes,DSL,No,No,Yes,No,No,No,Two year,Yes,Mailed check,2491.75
MW-52416-LMLB,No,79.86,Male,0,Yes,Yes,58,Yes,No,No,No internet service,No internet service,No internet service,No internet service,No internet service,No internet service,Month-to-month,No,Mailed check,4633.8
MW-80074-LSVQ,No,54.16,Female,0,No,Yes,45,No,No phone service,DSL,No,Yes,No,No,Yes,No,Month-to-month,No,Mailed check,2438.86
MW-73897-KFVW,No,90.43,Female,0,No,Yes,69,Yes,Yes,DSL,No,No,No,No,No,No,Two year,No,Bank transfer (automatic),6228.21
MW-40158-GTWL,Yes,57.36,Female,0,No,No,39,Yes,Yes,Fiber optic,No,No,No,Yes,No,No,Month-to-month,Yes,Electronic check,2238.23
MW-96662-PZQS,No,30.54,Female,1,No,Yes,1,Yes,Yes,DSL,No,No,No,No,Yes,No,Month-to-month,No,Credit card (automatic),20.84
MW-25547-XYUT,Yes,106.62,Male,0,No,Yes,44,Yes,No,No,No internet service,No internet service,No internet service,No internet service,No internet service,No internet service,Two year,Yes,Electronic check,4710.89
MW-33792-FTJF,No,101.12,Female,1,Yes,No,56,Yes,Yes,DSL,No,Yes,No,Yes,Yes,Yes,Two year,Yes,Credit card (automatic),5661.18
MW-93583-ZLRR,Yes,35.34,Male,0,Yes,Yes,7,Yes,No,No,No internet service,No internet service,No internet service,No internet service,No internet service,No internet service,Two year,Yes,Bank transfer (automatic),263.84
MW-21110-QVVX,Yes,75.87,Female,0,No,No,7,Yes,No,DSL,No,No,No,Yes,No,Yes,Two year,No,Electronic check,505.7
MW-13102-XBKT,No,54.2,Female,0,No,No,19,Yes,Yes,No,No internet service,No internet service,No internet service,No internet service,No internet service,No internet service,Month-to-month,Yes,Bank transfer (automatic),1034.64
MW-64621-WGVT,No,82.57,Male,0,Yes,No,61,Yes,Yes,DSL,No,Yes,No,Yes,No,No,Two year,Yes,Electronic check,5045.71
MW-77527-NHQP,Yes,37.73,Female,0,No,No,38,Yes,Yes,No,No internet service,No internet service,No internet service,No internet service,No internet service,No internet service,Month-to-month,Yes,Credit card (automatic),1431.67
MW-57336-GNPW,No,90.16,Male,0,Yes,No,71,Yes,Yes,DSL,No,No,No,Yes,No,No,One year,Yes,Bank transfer (automatic),6393.28
MW-85722-ERBF,No,99.85,Female,0,No,No,63,Yes,No,No,No internet service,No internet service,No internet service,No internet service,No internet service,No internet service,Month-to-month,No,Mailed check,6288.24
MW-99671-WRFR,No,35.58,Male,0,Yes,No,40,Yes,Yes,No,No internet service,No internet service,No internet service,No internet service,No internet service,No internet service,Two year,Yes,Mailed check,1434.34
MW-86608-ZJTG,No,66.03,Female,0,No,No,49,No,No phone service,Fiber optic,No,No,No,No,Yes,No,One year,No,Credit card (automatic),3217.31
MW-43909-JXCD,No,100.48,Male,0,No,No,24,Yes,Yes,DSL,Yes,Yes,No,Yes,No,No,Two year,Yes,Bank transfer (automatic),2422.03
MW-95818-BDUQ,No,33.96,Female,0,No,No,6,Yes,Yes,Fiber optic,No,Yes,No,No,No,Yes,Month-to-month,No,Mailed check,208.54
MW-88657-CHVN,Yes,43.94,Female,0,No,No,29,Yes,No,Fiber optic,Yes,No,No,No,Yes,No,Month-to-month,No,Mailed check,1270.35
MW-36383-SGYJ,Yes,83.85,Male,1,Yes,No,43,Yes,Yes,Fiber optic,No,No,No,No,Yes,No,Month-to-month,No,Electronic check,3602.28
MW-99483-YKTP,Yes,59.18,Female,0,Yes,No,13,Yes,No,Fiber optic,Yes,No,Yes,No,No,Yes,Month-to-month,No,Bank transfer (automatic),770.27
MW-96528-QBVL,No,18.0,Female,0,No,No,16,Yes,No,No,No internet service,No internet service,No internet service,No internet service,No internet service,No internet service,One year,Yes,Bank transfer (automatic),312.88
MW-52176-GSUT,Yes,54.39,Male,1,No,No,1,Yes,No,No,No internet service,No internet service,No internet service,No internet service,No internet service,No internet service,Month-to-month,Yes,Credit card (automatic),59.61
MW-62019-YGEP,No,116.39,Female,0,No,No,53,Yes,Yes,Fiber optic,No,No,No,Yes,No,Yes,One year,No,Bank transfer (automatic),6154.53
MW-79483-JKRA,No,120.0,Male,0,Yes,No,65,Yes,No,DSL,Yes,No,No,No,No,Yes,Month-to-month,Yes,Bank transfer (automatic),7793.47
MW-72028-LLAS,No,44.89,Female,0,Yes,No,60,Yes,No,DSL,Yes,Yes,No,Yes,No,No,Month-to-month,Yes,Mailed check,2676.23
MW-65020-VYYC,No,36.6,Female,1,No,No,27,No,No phone service,Fiber optic,No,No,No,No,Yes,No,One year,Yes,Bank transfer (automatic),959.85
MW-56057-FLQY,Yes,50.26,Male,0,Yes,No,43,Yes,No,No,No internet service,No internet service,No internet service,No internet service,No internet service,No internet service,Month-to-month,Yes,Mailed check,2143.75
MW-30644-GMSX,Yes,118.06,Female,0,Yes,No,70,Yes,Yes,Fiber optic,No,Yes,No,No,Yes,No,Month-to-month,Yes,Credit card (automatic),8266.0
MW-57806-SSZW,No,89.26,Female,0,No,Yes,43,Yes,Yes,DSL,Yes,No,Yes,Yes,No,No,Month-to-month,Yes,Electronic check,3857.29
MW-16607-WUHB,No,107.92,Male,0,No,No,21,Yes,Yes,Fiber optic,No,No,Yes,Yes,No,No,Month-to-month,No,Bank transfer (automatic),2281.26
MW-61049-UUQD,No,93.96,Male,0,Yes,No,24,Yes,Yes,Fiber optic,Yes,No,No,Yes,Yes,No,One year,No,Credit card (automatic),2237.71
MW-68552-ZTRL,No,24.42,Male,0,No,No,53,Yes,Yes,No,No internet service,No internet service,No internet service,No internet service,No internet service,No internet service,Month-to-month,Yes,Bank transfer (automatic),1282.3
MW-28839-BSKB,Yes,35.53,Male,0,No,No,32,Yes,Yes,Fiber optic,Yes,No,No,No,No,No,Month-to-month,No,Mailed check,1122.88
MW-87558-BCGC,No,43.11,Female,0,Yes,No,61,Yes,No,DSL,Yes,No,No,Yes,No,No,One year,No,Bank transfer (automatic),2590.99
MW-88095-DKAE,Yes,48.34,Female,0,Yes,No,63,Yes,Yes,DSL,No,Yes,Yes,No,No,Yes,Month-to-month,Yes,Electronic check,3042.91
MW-87285-KAFX,No,43.65,Female,0,No,No,2,Yes,Yes,DSL,No,No,Yes,Yes,No,No,One year,No,Electronic check,99.35
MW-68346-KULP,No,47.14,Male,0,No,No,52,Yes,No,Fiber optic,No,Yes,No,No,No,Yes,Month-to-month,No,Credit card (automatic),2447.49
MW-31299-DTGH,No,83.21,Male,0,No,No,27,Yes,Yes,Fiber optic,No,Yes,No,Yes,No,No,Two year,Yes,Credit card (automatic),2227.65
MW-84094-GSRN,No,68.07,Female,0,No,Yes,37,Yes,No,DSL,No,No,Yes,No,Yes,No,Month-to-month,Yes,Electronic check,2505.91
MW-54909-JCVR,No,100.59,Female,1,Yes,No,19,Yes,No,DSL,Yes,Yes,Yes,No,Yes,No,Month-to-month,Yes,Credit card (automatic),1906.28
MW-51411-PZCG,No,71.56,Male,1,Yes,No,26,Yes,No,No,No internet service,No internet service,No internet service,No internet service,No internet service,No internet service,Two year,No,Mailed check,1872.11
MW-76651-XAHU,No,43.71,Female,0,No,No,24,Yes,No,No,No internet service,No internet service,No internet service,No internet service,No internet service,No internet service,One year,No,Credit card (automatic),1046.3
MW-40615-PGJK,Yes,69.65,Female,0,No,Yes,3,Yes,No,Fiber optic,No,No,Yes,No,Yes,Yes,One year,No,Credit card (automatic),218.47
MW-54213-GAQB,No,18.66,Male,0,Yes,Yes,57,Yes,No,Fiber optic,No,No,No,No,No,Yes,Two year,No,Credit card (automatic),1062.4
MW-81566-TTYZ,No,18.0,Female,0,No,No,10,Yes,No,No,No internet service,No internet service,No internet service,No internet service,No internet service,No internet service,Month-to-month,No,Credit card (automatic),183.55
MW-26284-YQCW,No,83.3,Male,0,Yes,Yes,27,Yes,No,Fiber optic,No,No,No,No,No,No,Two year,No,Credit card (automatic),2235.0
MW-39536-XEJB,No,94.55,Female,0,Yes,No,14,No,No phone service,No,No internet service,No internet service,No internet service,No internet service,No internet service,No internet service,One year,Yes,Bank transfer (automatic),1313.41
MW-33334-HJWE,No,66.16,Male,0,No,No,11,Yes,No,DSL,No,No,Yes,Yes,Yes,Yes,Month-to-month,Yes,Electronic check,708.92
MW-93070-DQTY,Yes,52.26,Female,0,No,No,27,Yes,No,DSL,No,No,No,Yes,No,Yes,Month-to-month,Yes,Mailed check,1420.04
MW-77763-UFSX,No,23.74,Male,0,Yes,No,67,Yes,No,DSL,No,No,No,Yes,Yes,No,Month-to-month,Yes,Bank transfer (automatic),1586.21
MW-51703-VNHC,No,99.01,Female,0,Yes,No,68,Yes,Yes,No,No internet service,No internet service,No internet service,No internet service,No internet service,No internet service,Two year,No,Electronic check,6678.72
MW-62529-JNZM,No,78.78,Female,0,Yes,No,27,Yes,Yes,Fiber optic,No,No,No,No,No,No,Month-to-month,No,Credit card (automatic),2134.28
MW-19144-TTMT,No,72.74,Male,1,Yes,No,36,Yes,Yes,DSL,Yes,No,No,No,No,Yes,Month-to-month,No,Electronic check,2633.25
MW-17265-WRTS,No,63.86,Male,0,Yes,No,71,No,No phone service,No,No internet service,No internet service,No internet service,No internet service,No internet service,No internet service,One year,Yes,Credit card (automatic),4521.88
MW-73042-ZQCF,No,49.91,Female,0,No,No,17,Yes,Yes,No,No internet service,No internet service,No internet service,No internet service,No internet service,No internet service,One year,No,Mailed check,855.67
MW-55808-GYAF,No,30.6,Female,0,No,Yes,68,Yes,No,DSL,Yes,No,No,No,No,No,Month-to-month,Yes,Credit card (automatic),2077.65
MW-70135-SQAU,No,71.58,Female,1,Yes,No,7,Yes,No,Fiber optic,No,Yes,No,No,No,Yes,Two year,No,Credit card (automatic),469.29
MW-84523-ACVL,No,47.84,Male,0,No,Yes,16,Yes,No,Fiber optic,Yes,No,No,No,No,No,Month-to-month,Yes,Mailed check,794.73
MW-75712-PADF,No,51.28,Male,0,Yes,Yes,24,Yes,Yes,DSL,No,No,Yes,No,Yes,No,Two year,Yes,Bank transfer (automatic),1227.66
MW-86506-JRKX,No,115.54,Male,0,Yes,No,2,Yes,Yes,Fiber optic,No,No,Yes,No,No,No,Month-to-month,Yes,Electronic check,234.1
MW-12978-FHCW,No,62.56,Male,0,Yes,No,59,No,No phone service,DSL,Yes,No,No,Yes,No,Yes,Month-to-month,Yes,Credit card (automatic),3681.67
MW-41204-QNVU,No,18.0,Male,0,Yes,No,62,Yes,Yes,No,No internet service,No internet service,No internet service,No internet service,No internet service,No internet service,One year,No,Credit card (automatic),1111.57
MW-96107-KVGR,Yes,47.94,Male,0,Yes,No,27,Yes,Yes,No,No internet service,No internet service,No internet service,No internet service,No internet service,No internet service,Month-to-month,No,Electronic check,1296.8
MW-28909-LLRQ,Yes,33.96,Male,0,No,Yes,61,Yes,Yes,No,No internet service,No internet service,No internet service,No internet service,No internet service,No internet service,Month-to-month,Yes,Electronic check,2055.92
MW-11195-YSKW,Yes,59.82,Male,0,Yes,No,56,Yes,Yes,Fiber optic,No,No,No,Yes,No,No,Month-to-month,Yes,Mailed check,3375.33
MW-85622-ZPGW,No,21.27,Male,0,No,Yes,58,Yes,No,DSL,No,No,Yes,No,No,Yes,One year,Yes,Electronic check,1246.23
MW-27579-RKKU,No,77.01,Female,0,Yes,No,58,Yes,No,Fiber optic,No,No,Yes,No,No,No,Two year,No,Credit card (automatic),4474.33
MW-17298-RQVB,No,55.12,Female,0,No,No,41,No,No phone service,Fiber optic,Yes,No,No,No,No,Yes,Two year,No,Electronic check,2257.79
MW-44285-JNGU,No,49.73,Male,0,No,No,8,Yes,No,DSL,No,Yes,No,No,No,Yes,Two year,Yes,Credit card (automatic),386.42
MW-80866-GSLP,No,68.49,Female,0,No,No,67,No,No phone service,Fiber optic,Yes,No,No,No,No,Yes,Two year,Yes,Credit card (automatic),4604.28
MW-72370-AVGX,Yes,61.7,Male,0,No,Yes,44,No,No phone service,DSL,No,No,Yes,No,No,Yes,Month-to-month,No,Credit card (automatic),2723.96
MW-47508-ZDBG,Yes,59.96,Male,0,No,No,65,Yes,No,DSL,No,Yes,Yes,No,No,Yes,Month-to-month,Yes,Bank transfer (automatic),3891.41
MW-35411-HZCF,No,57.27,Male,0,No,No,70,Yes,No,Fiber optic,No,Yes,Yes,No,No,No,Two year,Yes,Electronic check,3992.63
MW-53383-EVSN,No,63.39,Female,0,No,No,13,Yes,Yes,Fiber optic,Yes,Yes,Yes,No,Yes,No,Two year,Yes,Credit card (automatic),800.43
MW-21001-WKGT,No,74.3,Female,0,No,Yes,29,Yes,No,Fiber optic,No,No,Yes,Yes,No,Yes,Two year,Yes,Bank transfer (automatic),2155.13
MW-12372-XUAG,No,70.54,Female,0,Yes,No,14,Yes,Yes,Fiber optic,No,No,No,No,No,No,One year,No,Credit card (automatic),983.83
MW-62270-ZAMU,Yes,97.81,Male,0,No,Yes,3,No,No phone service,Fiber optic,No,Yes,No,Yes,Yes,No,Month-to-month,Yes,Mailed check,311.21
MW-14413-WSXC,No,47.6,Male,0,No,Yes,70,Yes,No,Fiber optic,No,No,Yes,No,No,No,Two year,Yes,Electronic check,3346.88
MW-15751-GAVR,No,71.14,Female,0,No,No,67,No,No phone service,Fiber optic,No,Yes,No,Yes,No,Yes,Two year,No,Credit card (automatic),4766.96
MW-39368-XQQU,No,120.0,Male,0,No,No,68,Yes,No,Fiber optic,Yes,Yes,Yes,Yes,No,No,One year,Yes,Credit card (automatic),8158.78
MW-75662-LWZR,No,62.77,Female,0,Yes,No,64,Yes,Yes,Fiber optic,Yes,No,No,Yes,No,No,Two year,Yes,Electronic check,4000.0
MW-65234-JRYN,No,63.93,Female,0,Yes,No,47,Yes,No,Fiber optic,Yes,No,Yes,No,Yes,Yes,One year,Yes,Bank transfer (automatic),3020.62
MW-36308-UPLZ,No,26.1,Female,0,No,Yes,38,Yes,Yes,DSL,Yes,Yes,Yes,No,No,No,Two year,Yes,Electronic check,990.95
MW-73836-JBVP,Yes,42.6,Female,1,No,No,72,Yes,Yes,Fiber optic,No,Yes,Yes,Yes,No,No,Month-to-month,No,Bank transfer (automatic),3076.28
MW-99053-AFUT,No,60.81,Female,1,Yes,No,40,Yes,No,DSL,No,Yes,Yes,No,No,No,Two year,Yes,Mailed check,2450.05
MW-43389-NTZG,Yes,80.0,Female,0,No,No,46,Yes,No,No,No internet service,No internet service,No internet service,No internet service,No internet service,No internet service,Month-to-month,No,Mailed check,3671.52
MW-39913-EUKR,Yes,83.47,Female,0,No,Yes,15,Yes,Yes,No,No internet service,No internet service,No internet service,No internet service,No internet service,No internet service,Month-to-month,No,Electronic check,1239.63
MW-31886-NYBV,No,73.79,Male,0,No,Yes,54,Yes,No,Fiber optic,No,Yes,Yes,No,Yes,No,Month-to-month,Yes,Electronic check,4021.69
MW-49348-YUZD,No,88.12,Male,0,Yes,Yes,59,Yes,No,No,No internet service,No internet service,No internet service,No internet service,No internet service,No internet service,Month-to-month,Yes,Mailed check,5208.0
MW-59001-ZZYV,No,34.02,Female,0,No,Yes,49,Yes,No,Fiber optic,No,No,Yes,No,No,Yes,Month-to-month,Yes,Electronic check,1662.8
MW-20609-JWAU,No,78.67,Female,1,No,No,36,Yes,No,DSL,Yes,No,Yes,No,No,No,Two year,No,Mailed check,2850.72
MW-26089-EWEQ,No,64.4,Female,0,No,No,14,Yes,No,Fiber optic,Yes,Yes,Yes,No,No,No,One year,No,Bank transfer (automatic),896.98
MW-50847-DAAM,No,67.75,Female,0,No,Yes,2,No,No phone service,No,No internet service,No internet service,No internet service,No internet service,No internet service,No internet service,Two year,Yes,Bank transfer (automatic),140.38
MW-26032-WFFH,No,53.13,Female,0,Yes,Yes,45,Yes,No,DSL,Yes,Yes,No,No,Yes,Yes,Month-to-month,No,Bank transfer (automatic),2382.33
MW-86768-EGJR,No,35.41,Female,0,Yes,No,49,Yes,Yes,DSL,No,No,No,No,No,No,Month-to-month,Yes,Electronic check,1734.84
MW-44456-QUJW,No,27.55,Female,0,No,No,56,Yes,Yes,Fiber optic,Yes,No,Yes,Yes,No,Yes,One year,Yes,Electronic check,1538.69
MW-91484-TWTA,No,73.62,Female,0,No,No,69,Yes,Yes,Fiber optic,Yes,No,No,No,No,No,One year,Yes,Credit card (automatic),5068.5
MW-10958-FUDY,No,78.94,Male,1,No,No,36,No,No phone service,Fiber optic,No,No,No,Yes,No,No,Month-to-month,Yes,Credit card (automatic),2845.48
MW-29823-GUGC,No,60.11,Male,1,Yes,No,60,Yes,No,Fiber optic,Yes,Yes,No,Yes,No,No,Two year,Yes,Credit card (automatic),3597.02
MW-70380-GYNN,No,63.56,Male,0,No,No,52,Yes,Yes,Fiber optic,No,No,Yes,No,No,No,Two year,Yes,Credit card (automatic),3313.76
MW-90488-PPTG,No,42.39,Male,0,No,Yes,20,Yes,Yes,DSL,No,Yes,No,Yes,No,No,One year,Yes,Bank transfer (automatic),843.23
MW-47870-AWJX,No,79.09,Male,0,Yes,No,61,Yes,Yes,Fiber optic,No,No,Yes,No,Yes,No,Two year,Yes,Credit card (automatic),4798.69
MW-89870-QVTE,No,65.82,Female,0,Yes,No,3,Yes,No,No,No internet service,No internet service,No internet service,No internet service,No internet service,No internet service,One year,No,Mailed check,206.77
MW-46430-EDFZ,Yes,53.03,Male,0,No,No,43,Yes,Yes,Fiber optic,No,No,No,No,No,Yes,One year,Yes,Credit card (automatic),2289.85
MW-93723-AWKW,No,89.98,Male,0,No,No,68,No,No phone service,Fiber optic,No,No,No,No,No,No,Month-to-month,No,Credit card (automatic),6152.44
MW-76989-WUHC,No,83.35,Male,0,Yes,No,48,Yes,No,DSL,Yes,No,No,No,No,No,Month-to-month,No,Credit card (automatic),4001.07
MW-65322-NNGC,Yes,18.0,Male,0,Yes,No,68,Yes,No,DSL,No,No,Yes,No,No,No,Month-to-month,No,Mailed check,1226.75
MW-84482-MLED,No,65.47,Female,0,No,Yes,4,Yes,Yes,Fiber optic,Yes,Yes,Yes,No,No,No,One year,Yes,Mailed check,269.06
MW-20149-MMNS,No,35.25,Female,1,No,Yes,38,Yes,No,Fiber optic,No,Yes,No,No,Yes,Yes,One year,Yes,Electronic check,1354.8
MW-14552-RWXB,No,68.19,Female,0,Yes,No,56,Yes,No,Fiber optic,Yes,No,No,No,No,No,Month-to-month,No,Mailed check,3833.0
MW-60620-JXYE,No,18.0,Female,1,No,Yes,46,Yes,No,Fiber optic,No,No,No,No,No,Yes,One year,No,Credit card (automatic),832.78
MW-73185-FYDM,No,69.91,Male,0,Yes,No,64,Yes,Yes,No,No internet service,No internet service,No internet service,No internet service,No internet service,No internet service,Month-to-month,No,Bank transfer (automatic),4473.75
MW-66468-WBXU,No,85.36,Male,1,No,No,33,Yes,Yes,No,No internet service,No internet service,No internet service,No internet service,No internet service,No internet service,Month-to-month,No,Electronic check,2829.52
MW-23088-XBER,No,60.68,Female,0,Yes,No,49,Yes,No,DSL,No,No,No,Yes,Yes,Yes,Two year,Yes,Bank transfer (automatic),2972.2
MW-70926-JVAM,Yes,29.06,Male,0,Yes,Yes,30,Yes,Yes,DSL,Yes,No,No,No,No,No,Month-to-month,No,Mailed check,852.46
MW-23509-ESQP,Yes,120.0,Male,1,Yes,Yes,63,Yes,Yes,No,No internet service,No internet service,No internet service,No internet service,No internet service,No internet service,Month-to-month,No,Bank transfer (automatic),7537.48
MW-17035-QBGS,Yes,98.68,Female,0,No,No,8,Yes,No,DSL,Yes,No,No,No,No,No,Month-to-month,No,Mailed check,785.04
MW-25938-GYBJ,No,48.07,Female,0,No,No,18,Yes,Yes,DSL,Yes,Yes,No,No,No,No,Month-to-month,No,Mailed check,867.06
MW-64429-JDZG,No,56.17,Female,1,Yes,No,7,Yes,No,DSL,No,Yes,No,Yes,No,No,One year,Yes,Bank transfer (automatic),430.27
MW-45445-XRPZ,No,18.0,Female,0,No,No,51,Yes,Yes,Fiber optic,Yes,Yes,No,No,No,No,Two year,No,Bank transfer (automatic),916.2
MW-43187-AVWU,No,78.2,Female,0,Yes,No,16,Yes,Yes,DSL,No,Yes,Yes,No,No,No,One year,Yes,Bank transfer (automatic),1251.9
MW-10239-PJDQ,No,22.92,Female,0,No,No,23,Yes,Yes,DSL,Yes,Yes,No,No,No,Yes,One year,No,Mailed check,521.1
MW-48081-LKZB,Yes,83.99,Male,0,Yes,No,61,Yes,Yes,Fiber optic,No,Yes,Yes,No,No,No,Month-to-month,Yes,Bank transfer (automatic),5132.67
MW-95261-FMZP,No,94.78,Male,1,No,No,26,Yes,Yes,Fiber optic,No,Yes,Yes,No,Yes,Yes,One year,Yes,Electronic check,2468.49
MW-77260-MWTU,Yes,61.89,Male,1,No,No,10,Yes,Yes,DSL,No,Yes,No,No,No,No,Month-to-month,No,Mailed check,609.32
MW-81733-RLPM,Yes,32.07,Male,0,Yes,No,1,Yes,No,Fiber optic,No,No,No,No,Yes,Yes,Month-to-month,Yes,Bank transfer (automatic),16.9
MW-15257-MVPG,No,101.47,Female,0,No,No,16,Yes,Yes,Fiber optic,No,No,Yes,No,Yes,No,Two year,Yes,Bank transfer (automatic),1617.48
MW-69991-RJVX,Yes,64.07,Female,0,Yes,No,66,Yes,No,Fiber optic,Yes,No,No,No,No,No,Month-to-month,Yes,Credit card (automatic),4215.97
MW-62238-QUDY,No,66.8,Female,1,Yes,No,40,Yes,Yes,Fiber optic,No,No,No,Yes,No,No,Month-to-month,No,Electronic check,2668.53
MW-56036-SXUU,No,36.05,Male,0,Yes,No,72,Yes,No,DSL,No,No,Yes,No,No,No,Month-to-month,No,Credit card (automatic),2597.72
MW-59007-CGJN,No,69.79,Male,0,Yes,No,15,No,No phone service,DSL,No,No,No,Yes,No,No,Two year,No,Electronic check,1039.33
MW-58942-KLNK,No,57.91,Male,1,No,No,25,Yes,Yes,No,No internet service,No internet service,No internet service,No internet service,No internet service,No internet service,Month-to-month,No,Bank transfer (automatic),1469.57
MW-84406-PURK,Yes,24.15,Male,0,Yes,No,11,Yes,No,DSL,No,No,No,No,No,Yes,Month-to-month,No,Credit card (automatic),283.04
MW-99590-ZDAJ,No,104.2,Female,0,Yes,Yes,29,Yes,Yes,No,No internet service,No internet service,No internet service,No internet service,No internet service,No internet service,Two year,Yes,Bank transfer (automatic),3018.36
MW-30278-NVQN,No,116.77,Female,0,No,No,41,No,No phone service,DSL,No,No,No,No,Yes,No,Month-to-month,No,Credit card (automatic),4773.11
MW-29958-HAKQ,No,94.55,Male,0,No,Yes,58,Yes,No,Fiber optic,No,Yes,No,No,Yes,Yes,Two year,Yes,Credit card (automatic),5483.45
MW-38407-VEGC,No,90.06,Male,0,No,No,26,Yes,Yes,Fiber optic,No,Yes,No,No,No,Yes,Month-to-month,Yes,Electronic check,2339.55
MW-90825-SHXU,No,116.95,Male,0,No,No,56,Yes,No,No,No internet service,No internet service,No internet service,No internet service,No internet service,No internet service,One year,No,Credit card (automatic),6548.26
MW-38469-YBWE,No,32.58,Female,0,Yes,No,45,Yes,Yes,DSL,No,No,No,No,No,No,Two year,Yes,Credit card (automatic),1460.13
MW-39791-QERV,No,32.21,Female,0,Yes,No,21,Yes,No,DSL,No,No,Yes,No,Yes,No,Month-to-month,Yes,Mailed check,660.67
MW-57295-LGMP,No,51.57,Male,1,No,No,66,Yes,Yes,Fiber optic,Yes,No,Yes,No,No,Yes,One year,No,Electronic check,3404.14
MW-28320-TDBU,No,72.94,Female,0,No,Yes,31,Yes,Yes,DSL,No,No,No,Yes,Yes,Yes,Month-to-month,Yes,Electronic check,2255.88
MW-80626-CGXM,No,55.22,Female,0,Yes,No,11,Yes,No,Fiber optic,Yes,No,Yes,No,Yes,Yes,One year,No,Credit card (automatic),603.49
MW-30245-CHWR,No,33.4,Female,0,No,No,70,Yes,No,No,No internet service,No internet service,No internet service,No internet service,No internet service,No internet service,Two year,Yes,Credit card (automatic),2339.41
MW-29700-UGVA,No,64.17,Male,0,Yes,No,66,Yes,Yes,DSL,Yes,No,No,Yes,No,Yes,One year,No,Credit card (automatic),4234.18
MW-30295-ENWZ,No,61.17,Male,0,Yes,Yes,3,Yes,Yes,No,No internet service,No internet service,No internet service,No internet service,No internet service,No internet service,Two year,Yes,Mailed check,184.59
MW-16656-KVGZ,No,89.24,Male,0,Yes,Yes,65,Yes,Yes,DSL,No,Yes,No,No,No,No,One year,Yes,Electronic check,5794.64
MW-18776-CLAP,No,65.34,Female,0,No,Yes,69,Yes,No,No,No internet service,No internet service,No internet service,No internet service,No internet service,No internet service,One year,Yes,Mailed check,4513.86
MW-82022-LVRJ,Yes,18.0,Male,0,Yes,Yes,60,Yes,No,No,No internet service,No internet service,No internet service,No internet service,No internet service,No internet service,Month-to-month,Yes,Mailed check,1069.23
MW-70473-YCBE,No,75.56,Male,0,Yes,No,18,No,No phone service,Fiber optic,No,No,No,No,No,Yes,One year,Yes,Electronic check,1343.76
MW-18707-PZDU,No,111.45,Male,0,No,No,46,Yes,No,No,No internet service,No internet service,No internet service,No internet service,No internet service,No internet service,Two year,Yes,Electronic check,5113.35
MW-85220-UGDU,No,64.87,Female,0,Yes,No,39,Yes,No,No,No internet service,No internet service,No internet service,No internet service,No internet service,No internet service,One year,Yes,Electronic check,2519.78
MW-80401-VSUM,Yes,93.61,Female,0,No,No,45,Yes,No,DSL,Yes,Yes,Yes,Yes,Yes,Yes,Month-to-month,No,Electronic check,4193.13
MW-24818-KANT,No,48.85,Male,0,No,No,45,Yes,Yes,DSL,No,Yes,No,No,Yes,No,Month-to-month,Yes,Bank transfer (automatic),2172.86
MW-12613-EGPG,No,80.97,Male,1,Yes,No,46,Yes,Yes,DSL,No,No,No,No,No,No,One year,No,Mailed check,3732.17
MW-84999-XNLG,No,41.66,Male,0,No,Yes,37,Yes,Yes,Fiber optic,No,No,Yes,Yes,No,Yes,Two year,Yes,Mailed check,1560.53
MW-25299-XTPH,Yes,56.61,Male,0,Yes,No,50,Yes,No,Fiber optic,No,Yes,No,Yes,Yes,Yes,Month-to-month,Yes,Bank transfer (automatic),2838.87
MW-70004-CVBL,Yes,56.84,Male,0,No,No,38,Yes,Yes,Fiber optic,Yes,Yes,No,Yes,Yes,Yes,Month-to-month,No,Credit card (automatic),2152.67
MW-93241-PNSA,No,78.3,Female,0,Yes,No,1,Yes,No,Fiber optic,No,No,No,No,Yes,Yes,Month-to-month,Yes,Bank transfer (automatic),52.55
MW-10529-FAGF,No,39.28,Male,0,No,No,2,Yes,Yes,Fiber optic,No,Yes,No,Yes,No,Yes,Month-to-month,No,Bank transfer (automatic),81.44
MW-73421-WJPE,No,20.05,Female,0,No,No,69,Yes,Yes,DSL,No,Yes,Yes,Yes,No,No,Two year,Yes,Bank transfer (automatic),1359.34
MW-58546-UNXQ,No,78.1,Female,1,No,No,66,Yes,No,DSL,No,Yes,No,No,No,Yes,Month-to-month,Yes,Bank transfer (automatic),5153.3
MW-74210-UVBN,Yes,76.98,Female,0,Yes,No,42,Yes,Yes,No,No internet service,No internet service,No internet service,No internet service,No internet service,No internet service,Month-to-month,Yes,Bank transfer (automatic),3221.17
MW-16981-JJKY,Yes,67.37,Male,0,Yes,Yes,12,Yes,No,DSL,No,No,No,No,No,Yes,Month-to-month,No,Mailed check,774.23
MW-74498-ZLZG,No,91.99,Male,0,No,No,57,Yes,Yes,DSL,No,No,No,No,No,No,Month-to-month,Yes,Bank transfer (automatic),5265.64
MW-42549-TBDE,No,57.92,Male,0,Yes,Yes,10,Yes,No,DSL,Yes,No,No,No,No,No,Two year,No,Mailed check,560.36
MW-30989-PSAE,No,72.44,Female,0,Yes,Yes,27,Yes,Yes,No,No internet service,No internet service,No internet service,No internet service,No internet service,No internet service,Month-to-month,No,Mailed check,1950.54
MW-81910-XJTA,Yes,53.5,Female,0,Yes,Yes,24,Yes,Yes,DSL,No,No,No,No,No,No,Month-to-month,Yes,Electronic check,1282.07
MW-94590-LKUR,Yes,56.24,Female,0,Yes,No,0,Yes,Yes,Fiber optic,No,Yes,No,Yes,Yes,No,Month-to-month,Yes,Mailed check,0.0
MW-36889-BFPA,No,74.21,Male,0,Yes,No,58,Yes,No,DSL,Yes,No,No,No,No,Yes,Two year,Yes,Mailed check,4311.15
MW-15494-CWAT,No,120.0,Male,0,No,No,37,Yes,Yes,DSL,No,No,No,Yes,No,No,Two year,Yes,Bank transfer (automatic),4428.89
MW-30739-PZQD,Yes,86.27,Male,0,Yes,No,23,Yes,Yes,Fiber optic,No,No,Yes,No,No,No,Month-to-month,Yes,Mailed check,1989.94
MW-38982-QSHG,No,80.46,Female,0,No,No,37,Yes,No,Fiber optic,Yes,No,No,Yes,Yes,Yes,One year,No,Electronic check,2981.8
MW-29161-KNGT,No,87.2,Male,1,Yes,No,0,Yes,Yes,Fiber optic,Yes,No,No,Yes,Yes,Yes,Month-to-month,Yes,Electronic check,0.0
MW-62715-WETM,No,18.0,Female,0,No,No,31,Yes,No,DSL,No,No,No,No,No,No,One year,No,Mailed check,561.54
MW-68128-DGYD,No,73.58,Male,0,Yes,No,37,No,No phone service,No,No internet service,No internet service,No internet service,No internet service,No internet service,No internet service,Month-to-month,Yes,Bank transfer (automatic),2706.65
MW-86667-BTPG,No,91.31,Female,0,Yes,Yes,24,Yes,No,Fiber optic,Yes,No,No,No,Yes,No,Two year,No,Electronic check,2173.96
MW-52774-TNFS,No,66.53,Male,1,No,No,60,Yes,No,No,No internet service,No internet service,No internet service,No internet service,No internet service,No internet service,Two year,Yes,Electronic check,3996.16
MW-73590-WLUD,No,62.7,Female,0,Yes,No,18,Yes,No,DSL,Yes,Yes,No,No,No,No,Month-to-month,No,Electronic check,1122.47
MW-35065-BAJK,Yes,35.8,Female,0,Yes,No,10,Yes,Yes,Fiber optic,No,No,No,Yes,No,Yes,Month-to-month,No,Mailed check,363.59
MW-69414-XZRZ,Yes,51.0,Male,0,Yes,No,38,Yes,No,DSL,No,Yes,No,No,Yes,Yes,Month-to-month,No,Electronic check,1943.73
MW-24622-ZLGK,Yes,39.0,Female,0,No,Yes,64,Yes,No,Fiber optic,Yes,Yes,Yes,Yes,Yes,No,Month-to-month,No,Mailed check,2474.58
MW-16378-ARXV,No,93.99,Male,0,No,No,27,Yes,No,Fiber optic,No,Yes,No,No,No,Yes,Month-to-month,No,Bank transfer (automatic),2548.84
MW-33126-GPXT,No,109.05,Female,1,No,No,3,Yes,No,Fiber optic,Yes,Yes,Yes,No,No,Yes,Month-to-month,Yes,Credit card (automatic),331.43
MW-95034-BAXX,No,120.0,Female,0,Yes,No,70,Yes,Yes,DSL,Yes,Yes,No,Yes,No,No,Two year,No,Bank transfer (automatic),8391.2
MW-74151-UNZM,No,38.5,Male,0,Yes,No,32,Yes,Yes,DSL,No,No,No,No,No,Yes,Month-to-month,No,Electronic check,1229.96
MW-40338-QFJD,No,43.95,Male,0,Yes,Yes,12,Yes,Yes,DSL,Yes,No,Yes,No,Yes,No,Two year,No,Mailed check,538.94
MW-95672-NJTY,No,41.51,Male,0,No,No,44,Yes,No,No,No internet service,No internet service,No internet service,No internet service,No internet service,No internet service,Month-to-month,Yes,Credit card (automatic),1821.65
MW-58223-WPUK,Yes,33.44,Female,0,Yes,No,23,Yes,No,DSL,No,No,Yes,Yes,Yes,No,Month-to-month,Yes,Electronic check,800.85
MW-66373-RDCB,No,33.93,Male,0,Yes,Yes,68,Yes,Yes,DSL,Yes,Yes,No,Yes,No,Yes,Month-to-month,No,Credit card (automatic),2329.6
MW-82133-HQMY,No,48.54,Male,1,Yes,No,21,Yes,No,Fiber optic,Yes,Yes,No,No,No,No,Two year,Yes,Mailed check,1021.09
MW-77277-BLKF,No,90.23,Female,0,No,No,40,Yes,Yes,DSL,No,Yes,No,No,No,No,Month-to-month,Yes,Electronic check,3605.78
MW-33067-NKFN,Yes,42.46,Male,1,Yes,No,39,Yes,No,No,No internet service,No internet service,No internet service,No internet service,No internet service,No internet service,Month-to-month,Yes,Electronic check,1653.17
MW-27475-FUJL,No,95.59,Female,0,Yes,No,17,Yes,Yes,DSL,No,No,Yes,No,No,No,One year,Yes,Credit card (automatic),1616.02
MW-86372-EYER,No,105.02,Male,0,No,No,36,Yes,Yes,No,No internet service,No internet service,No internet service,No internet service,No internet service,No internet service,One year,No,Credit card (automatic),3782.6
MW-80963-RCDC,No,72.55,Male,0,Yes,Yes,7,Yes,No,Fiber optic,Yes,No,Yes,No,Yes,No,One year,No,Credit card (automatic),518.16
MW-38321-YPDV,Yes,100.87,Male,0,No,No,46,Yes,No,Fiber optic,No,No,Yes,No,No,Yes,Month-to-month,Yes,Electronic check,4619.78
MW-85236-YNPV,Yes,23.16,Female,0,Yes,No,55,Yes,No,Fiber optic,No,No,No,Yes,No,No,Month-to-month,Yes,Bank transfer (automatic),1283.44
MW-95931-LBTH,No,47.25,Male,0,No,No,69,Yes,No,Fiber optic,No,No,Yes,No,No,Yes,Two year,Yes,Electronic check,3274.25
MW-95340-RBJJ,No,69.68,Female,0,No,No,23,Yes,Yes,Fiber optic,Yes,No,No,No,No,No,One year,No,Mailed check,1611.22
MW-34981-HPLY,No,70.7,Female,0,No,Yes,20,Yes,No,DSL,No,No,Yes,No,No,No,One year,Yes,Bank transfer (automatic),1412.05
MW-85253-TMGK,Yes,106.88,Male,0,No,No,40,Yes,No,No,No internet service,No internet service,No internet service,No internet service,No internet service,No internet service,Month-to-month,Yes,Credit card (automatic),4283.16
MW-96146-HSYT,No,34.03,Female,0,Yes,No,50,Yes,No,Fiber optic,Yes,No,No,Yes,No,No,Month-to-month,No,Mailed check,1720.99
MW-82493-YECS,No,47.89,Female,0,No,No,72,No,No phone service,Fiber optic,No,No,Yes,Yes,No,No,Two year,No,Mailed check,3447.21
MW-20674-ZNLN,No,61.45,Female,0,Yes,Yes,1,Yes,Yes,Fiber optic,Yes,No,No,No,Yes,No,One year,Yes,Electronic check,61.8
MW-91283-DZBU,No,48.44,Female,0,No,No,17,Yes,Yes,Fiber optic,No,No,Yes,Yes,Yes,No,Month-to-month,No,Mailed check,855.47
MW-56857-LVTV,No,32.72,Female,0,No,No,19,Yes,Yes,Fiber optic,Yes,Yes,Yes,No,No,No,Two year,Yes,Electronic check,626.29
MW-72500-TRNA,No,49.7,Male,1,Yes,No,18,Yes,No,Fiber optic,Yes,Yes,Yes,No,No,No,One year,No,Credit card (automatic),879.49
MW-64622-VJKU,Yes,56.63,Male,0,Yes,No,33,Yes,No,DSL,No,No,Yes,Yes,No,No,Month-to-month,Yes,Electronic check,1881.88
MW-79051-BEYY,Yes,107.43,Female,0,No,No,63,Yes,No,Fiber optic,No,No,No,Yes,Yes,No,Month-to-month,No,Bank transfer (automatic),6774.12
MW-49141-YAKP,Yes,33.39,Female,0,No,Yes,2,Yes,Yes,DSL,No,No,No,No,No,Yes,One year,Yes,Electronic check,56.95
MW-18894-HCAU,No,88.46,Male,1,No,No,59,Yes,Yes,No,No internet service,No internet service,No internet service,No internet service,No internet service,No internet service,Month-to-month,Yes,Mailed check,5202.58
MW-36673-VQCK,No,102.16,Male,0,No,No,45,Yes,Yes,DSL,No,No,No,No,No,Yes,One year,Yes,Electronic check,4600.78
MW-77029-MCEL,No,48.62,Female,0,Yes,Yes,44,No,No phone service,No,No internet service,No internet service,No internet service,No internet service,No internet service,No internet service,One year,No,Mailed check,2138.38
MW-92286-GJFE,No,71.8,Male,0,Yes,No,49,Yes,No,Fiber optic,Yes,No,No,No,No,Yes,Month-to-month,No,Bank transfer (automatic),3499.54
MW-26927-ZEQW,Yes,81.28,Male,1,No,No,8,Yes,Yes,Fiber optic,Yes,Yes,No,Yes,Yes,No,Two year,No,Bank transfer (automatic),648.91
MW-33827-GHPC,Yes,76.33,Male,0,No,No,54,Yes,Yes,No,No internet service,No internet service,No internet service,No internet service,No internet service,No internet service,Month-to-month,Yes,Credit card (automatic),4119.55
MW-71414-RDUR,No,66.46,Male,0,No,No,18,Yes,Yes,DSL,Yes,No,No,No,No,Yes,Month-to-month,Yes,Electronic check,1195.34
MW-44180-KJEB,No,43.64,Female,0,Yes,No,37,Yes,No,Fiber optic,No,No,No,No,No,Yes,One year,No,Bank transfer (automatic),1622.05
MW-64240-ZBEB,No,83.87,Female,0,Yes,No,49,Yes,No,DSL,No,No,Yes,No,Yes,No,One year,Yes,Credit card (automatic),4083.2
MW-41026-MTGW,Yes,52.77,Male,0,Yes,No,44,Yes,No,DSL,No,No,Yes,No,No,Yes,Month-to-month,Yes,Electronic check,2305.2
MW-18293-QWKP,No,64.86,Female,0,Yes,No,23,Yes,No,Fiber optic,No,Yes,Yes,No,No,Yes,One year,Yes,Credit card (automatic),1484.48
MW-85337-FKXH,No,69.27,Male,0,Yes,No,28,No,No phone service,Fiber optic,No,No,Yes,No,No,Yes,Two year,No,Credit card (automatic),1959.45
MW-43225-KTGV,No,89.68,Male,0,No,Yes,34,Yes,No,No,No internet service,No internet service,No internet service,No internet service,No internet service,No internet service,Two year,No,Credit card (automatic),3084.64
MW-11799-GYSZ,No,120.0,Male,0,No,No,3,Yes,Yes,DSL,Yes,No,No,Yes,No,No,Two year,Yes,Bank transfer (automatic),360.07
MW-50950-PSSE,Yes,41.87,Male,0,No,Yes,53,Yes,No,Fiber optic,Yes,Yes,No,No,No,No,Month-to-month,Yes,Bank transfer (automatic),2219.79
MW-53778-AZQC,No,65.58,Male,0,Yes,No,7,Yes,Yes,DSL,Yes,No,Yes,No,No,No,Month-to-month,Yes,Mailed check,422.41
MW-43378-QGJV,No,19.47,Female,0,No,No,33,Yes,No,DSL,No,No,No,No,No,Yes,One year,Yes,Bank transfer (automatic),656.08
MW-32610-PNPF,No,108.44,Male,0,Yes,Yes,47,Yes,Yes,DSL,Yes,No,No,No,No,No,Month-to-month,Yes,Credit card (automatic),5103.42
MW-82221-UNKU,Yes,65.32,Female,1,Yes,No,5,Yes,No,Fiber optic,No,No,Yes,Yes,Yes,Yes,One year,Yes,Electronic check,330.85
MW-53174-QGUN,Yes,55.01,Male,0,Yes,No,72,Yes,Yes,Fiber optic,No,No,No,No,No,No,Month-to-month,No,Credit card (automatic),3942.03
MW-21826-CGTK,Yes,65.57,Female,0,No,No,27,Yes,Yes,DSL,No,No,No,No,No,Yes,Month-to-month,No,Mailed check,1800.09
MW-72300-SFYS,No,67.08,Male,0,Yes,No,1,Yes,No,DSL,No,No,No,No,No,No,Month-to-month,Yes,Electronic check,89.89
MW-15113-FHHN,No,42.04,Female,0,No,Yes,48,Yes,No,Fiber optic,No,No,Yes,No,No,No,Month-to-month,No,Bank transfer (automatic),2022.34
MW-94984-JVED,Yes,99.64,Male,0,No,No,40,Yes,No,No,No internet service,No internet service,No internet service,No internet service,No internet service,No internet service,Month-to-month,No,Credit card (automatic),4000.48
MW-84717-BRXH,No,83.34,Female,0,Yes,No,46,Yes,No,DSL,No,No,Yes,Yes,No,Yes,One year,No,Bank transfer (automatic),3834.41
MW-88242-VMGT,No,87.53,Female,0,Yes,No,54,Yes,Yes,Fiber optic,No,No,No,No,Yes,Yes,One year,No,Credit card (automatic),4738.94
MW-15866-AYZW,Yes,43.6,Male,0,No,No,34,Yes,Yes,Fiber optic,No,Yes,No,Yes,No,No,Month-to-month,No,Mailed check,1462.79
MW-29673-XXLB,No,41.98,Female,0,No,No,60,Yes,Yes,Fiber optic,No,No,No,No,Yes,No,Month-to-month,No,Credit card (automatic),2484.69
MW-73852-PLVV,No,60.59,Male,0,Yes,Yes,27,Yes,Yes,DSL,No,No,No,No,No,No,Two year,No,Bank transfer (automatic),1616.89
MW-73273-VVWL,No,88.0,Female,1,No,No,39,No,No phone service,No,No internet service,No internet service,No internet service,No internet service,No internet service,No internet service,Month-to-month,Yes,Credit card (automatic),3419.9
MW-47028-RGQP,Yes,79.05,Female,0,Yes,No,11,Yes,Yes,Fiber optic,No,No,No,Yes,Yes,No,Month-to-month,Yes,Electronic check,859.9
MW-78736-BTSS,No,40.67,Male,0,No,No,45,Yes,No,Fiber optic,No,No,No,Yes,No,No,Month-to-month,Yes,Mailed check,1836.87
MW-44135-FGAA,No,84.03,Male,0,No,No,19,Yes,Yes,No,No internet service,No internet service,No internet service,No internet service,No internet service,No internet service,One year,Yes,Credit card (automatic),1592.71
MW-66526-TXKL,Yes,34.84,Male,0,Yes,No,50,Yes,Yes,No,No internet service,No internet service,No internet service,No internet service,No internet service,No internet service,Two year,Yes,Electronic check,1741.57
MW-56558-KVWW,No,44.15,Male,0,No,No,58,Yes,Yes,Fiber optic,No,No,No,No,Yes,Yes,One year,No,Mailed check,2542.93
MW-18968-CYAJ,No,68.73,Female,0,No,No,62,Yes,Yes,No,No internet service,No internet service,No internet service,No internet service,No internet service,No internet service,Two year,Yes,Credit card (automatic),4242.19
MW-73669-GRGQ,No,28.86,Female,1,No,No,67,Yes,No,DSL,Yes,No,Yes,No,No,Yes,Two year,Yes,Bank transfer (automatic),1934.24
MW-81875-XDXL,Yes,35.09,Female,0,Yes,No,8,No,No phone service,Fiber optic,Yes,No,Yes,No,No,Yes,Month-to-month,Yes,Credit card (automatic),272.59
MW-45112-QLEE,No,110.56,Male,0,Yes,No,10,Yes,Yes,DSL,No,No,Yes,No,No,No,Month-to-month,Yes,Bank transfer (automatic),1105.67
MW-86614-BJCL,Yes,104.99,Male,0,Yes,No,67,Yes,No,No,No internet service,No internet service,No internet service,No internet service,No internet service,No internet service,Month-to-month,No,Credit card (automatic),7042.5
MW-63510-MVTW,No,120.0,Female,0,No,No,27,Yes,Yes,Fiber optic,Yes,Yes,Yes,No,No,No,Month-to-month,Yes,Mailed check,3264.59
MW-84885-ATGV,Yes,77.52,Male,0,Yes,Yes,1,Yes,No,DSL,No,Yes,No,No,Yes,No,One year,Yes,Bank transfer (automatic),77.21
MW-48324-XCNP,Yes,83.34,Female,0,No,No,20,Yes,Yes,Fiber optic,No,No,No,No,No,No,Month-to-month,Yes,Credit card (automatic),1694.0
MW-26202-GGDL,Yes,59.35,Female,0,No,No,61,Yes,No,Fiber optic,Yes,No,No,Yes,No,No,Month-to-month,No,Bank transfer (automatic),3626.44
MW-17971-SSUY,Yes,53.49,Male,0,No,No,25,Yes,Yes,Fiber optic,No,No,Yes,No,Yes,No,Month-to-month,No,Electronic check,1347.59
MW-21177-RJGP,Yes,90.16,Female,0,No,No,5,No,No phone service,Fiber optic,Yes,No,No,No,Yes,Yes,One year,Yes,Mailed check,466.6
MW-71636-LCKS,No,104.86,Female,0,No,No,52,No,No phone service,DSL,Yes,Yes,No,Yes,No,Yes,One year,Yes,Bank transfer (automatic),5463.52
MW-58720-EFGM,No,87.6,Male,0,No,No,14,Yes,Yes,DSL,Yes,No,Yes,No,No,No,Two year,Yes,Bank transfer (automatic),1214.37
MW-56326-VHDB,Yes,38.81,Female,0,Yes,No,25,Yes,No,Fiber optic,Yes,No,Yes,No,No,No,Month-to-month,Yes,Bank transfer (automatic),986.5
MW-94923-QTCQ,Yes,75.75,Male,1,Yes,No,0,Yes,Yes,Fiber optic,No,No,Yes,No,No,Yes,Month-to-month,Yes,Credit card (automatic),0.0
MW-73073-XVYY,No,40.9,Female,0,Yes,No,43,Yes,No,Fiber optic,No,Yes,No,No,No,Yes,Two year,Yes,Credit card (automatic),1763.23
MW-34077-UKSU,Yes,54.27,Female,0,Yes,No,32,Yes,Yes,No,No internet service,No internet service,No internet service,No internet service,No internet service,No internet service,One year,Yes,Electronic check,1738.63
MW-80485-UHLL,No,113.09,Female,1,No,No,63,No,No phone service,Fiber optic,Yes,No,No,Yes,Yes,No,One year,Yes,Bank transfer (automatic),7141.83
MW-25465-VWZX,No,28.01,Male,0,No,No,24,Yes,No,Fiber optic,No,No,No,No,No,Yes,Month-to-month,No,Bank transfer (automatic),678.14
MW-34097-CKKV,No,120.0,Female,1,No,No,14,Yes,No,Fiber optic,No,No,Yes,Yes,No,Yes,Month-to-month,No,Electronic check,1659.21
MW-99885-AUXE,No,80.49,Female,1,Yes,Yes,12,Yes,Yes,No,No internet service,No internet service,No internet service,No internet service,No internet service,No internet service,Two year,Yes,Mailed check,997.25
MW-48877-JRQM,No,50.02,Male,0,No,No,14,Yes,No,Fiber optic,No,Yes,Yes,No,No,Yes,One year,Yes,Bank transfer (automatic),712.8
MW-33902-HBFP,No,66.05,Male,0,No,No,32,Yes,No,No,No internet service,No internet service,No internet service,No internet service,No internet service,No internet service,One year,Yes,Credit card (automatic),2105.34
MW-52630-FZEU,Yes,43.45,Male,1,No,No,6,Yes,Yes,DSL,No,No,Yes,Yes,No,Yes,Month-to-month,Yes,Mailed check,243.64
MW-44784-HEEF,Yes,47.59,Male,0,Yes,No,29,Yes,Yes,Fiber optic,No,Yes,No,No,Yes,No,Month-to-month,Yes,Electronic check,1394.35
MW-34444-ZHHA,No,66.2,Female,0,No,No,62,Yes,No,DSL,No,No,Yes,No,Yes,No,Month-to-month,Yes,Mailed check,4089.11
MW-27998-HBET,No,54.13,Female,0,No,Yes,56,Yes,Yes,Fiber optic,No,No,Yes,Yes,No,Yes,One year,Yes,Credit card (automatic),3043.29
MW-72745-RPFS,Yes,36.01,Male,0,No,Yes,46,Yes,No,No,No internet service,No internet service,No internet service,No internet service,No internet service,No internet service,Month-to-month,Yes,Bank transfer (automatic),1672.5
MW-37678-DTSB,No,57.36,Female,0,No,No,65,Yes,Yes,No,No internet service,No internet service,No internet service,No internet service,No internet service,No internet service,Month-to-month,No,Electronic check,3718.65
MW-39992-QYQZ,Yes,24.56,Male,0,No,Yes,56,Yes,Yes,DSL,Yes,No,No,Yes,Yes,No,Month-to-month,No,Credit card (automatic),1364.28
MW-43294-WAXB,No,25.85,Female,0,Yes,Yes,47,Yes,No,No,No internet service,No internet service,No internet service,No internet service,No internet service,No internet service,Two year,Yes,Electronic check,1207.9
MW-54255-EVMQ,Yes,25.54,Male,0,Yes,No,63,Yes,Yes,DSL,Yes,No,No,No,Yes,No,Month-to-month,No,Electronic check,1594.19
MW-60176-GZCF,Yes,114.14,Female,0,No,Yes,9,Yes,Yes,Fiber optic,Yes,No,No,Yes,No,Yes,Month-to-month,Yes,Mailed check,1030.7
MW-77460-WVGN,No,76.17,Female,0,No,No,59,Yes,No,Fiber optic,No,Yes,No,No,No,Yes,One year,Yes,Bank transfer (automatic),4499.61
MW-85054-APWF,No,81.88,Female,0,Yes,No,21,Yes,No,Fiber optic,No,No,No,No,Yes,No,Two year,Yes,Credit card (automatic),1730.39
MW-17329-YQBK,No,64.34,Female,0,Yes,Yes,53,Yes,Yes,DSL,Yes,No,No,Yes,Yes,No,One year,Yes,Electronic check,3397.52
MW-74144-EFBW,No,79.19,Female,0,No,Yes,66,Yes,No,Fiber optic,No,No,Yes,No,Yes,No,Two year,No,Credit card (automatic),5239.14
MW-36425-SFCH,No,99.28,Male,0,No,Yes,36,Yes,Yes,Fiber optic,Yes,No,No,No,Yes,Yes,Month-to-month,Yes,Bank transfer (automatic),3559.26
MW-77623-GCCS,No,76.23,Male,1,No,Yes,6,Yes,Yes,Fiber optic,No,No,Yes,No,Yes,No,Two year,No,Credit card (automatic),469.97
MW-42218-UGKY,No,113.21,Male,0,Yes,No,27,Yes,Yes,Fiber optic,Yes,Yes,No,Yes,Yes,Yes,Two year,Yes,Credit card (automatic),3034.37
MW-40154-JTWX,No,62.88,Female,0,No,No,29,Yes,Yes,Fiber optic,No,No,No,No,Yes,No,Month-to-month,No,Credit card (automatic),1847.04
MW-81530-ZEYR,No,81.97,Male,0,Yes,No,68,No,No phone service,Fiber optic,No,Yes,No,No,Yes,Yes,One year,Yes,Electronic check,5566.14
MW-49561-FXKZ,No,85.12,Female,0,Yes,No,68,Yes,No,DSL,No,No,Yes,No,No,No,Month-to-month,No,Electronic check,5797.15
MW-84366-MRMY,No,36.04,Male,0,No,Yes,41,Yes,Yes,Fiber optic,Yes,No,No,Yes,Yes,No,Month-to-month,Yes,Credit card (automatic),1487.82
MW-34482-MDXA,No,65.28,Female,0,Yes,No,69,Yes,Yes,Fiber optic,No,Yes,Yes,No,Yes,No,Month-to-month,Yes,Bank transfer (automatic),4485.28
MW-58987-UMSH,Yes,18.0,Female,0,No,Yes,31,Yes,No,DSL,No,Yes,Yes,No,Yes,Yes,Month-to-month,Yes,Bank transfer (automatic),570.53
MW-35881-FYEA,No,60.1,Male,1,No,Yes,30,Yes,Yes,DSL,No,Yes,No,No,No,No,Two year,Yes,Credit card (automatic),1794.74
MW-68089-KHQJ,No,55.63,Female,0,No,No,61,Yes,Yes,No,No internet service,No internet service,No internet service,No internet service,No internet service,No internet service,Month-to-month,No,Credit card (automatic),3388.84
MW-48106-JTUA,No,53.83,Female,0,No,Yes,48,Yes,Yes,No,No internet service,No internet service,No internet service,No internet service,No internet service,No internet service,One year,Yes,Bank transfer (automatic),2573.79
MW-26666-EWXY,No,51.77,Female,0,Yes,Yes,38,Yes,Yes,Fiber optic,Yes,No,No,Yes,Yes,No,Month-to-month,No,Credit card (automatic),1991.47
MW-58372-JMDC,Yes,79.36,Female,1,Yes,No,33,Yes,Yes,Fiber optic,No,No,Yes,No,Yes,No,Month-to-month,No,Electronic check,2601.33
MW-52850-QBDG,No,37.43,Male,0,Yes,No,51,Yes,No,No,No internet service,No internet service,No internet service,No internet service,No internet service,No internet service,Month-to-month,Yes,Bank transfer (automatic),1915.38
MW-45237-BDAN,No,119.8,Male,0,No,No,55,Yes,Yes,Fiber optic,Yes,No,Yes,No,Yes,Yes,Month-to-month,No,Credit card (automatic),6579.65
MW-11508-QKKE,No,81.02,Male,0,Yes,Yes,35,Yes,Yes,DSL,Yes,Yes,No,No,No,Yes,One year,Yes,Electronic check,2852.07
MW-15098-WVLQ,Yes,39.91,Female,1,No,Yes,2,Yes,No,Fiber optic,No,Yes,No,Yes,No,No,Two year,No,Electronic check,114.64
MW-25017-YRNS,No,83.42,Female,0,No,Yes,7,Yes,No,No,No internet service,No internet service,No internet service,No internet service,No internet service,No internet service,Month-to-month,Yes,Credit card (automatic),574.48
MW-80430-VWES,Yes,93.85,Male,0,No,No,10,Yes,Yes,Fiber optic,No,No,No,No,Yes,No,Two year,Yes,Mailed check,940.6
MW-31425-XDZK,No,75.07,Male,0,No,No,33,Yes,Yes,DSL,Yes,No,Yes,No,Yes,No,One year,Yes,Electronic check,2471.53
MW-46482-XNME,No,33.83,Female,0,No,Yes,44,Yes,No,No,No internet service,No internet service,No internet service,No internet service,No internet service,No internet service,One year,Yes,Electronic check,1504.09
MW-72453-VYYG,Yes,120.0,Male,0,No,Yes,58,Yes,No,Fiber optic,No,Yes,No,No,No,Yes,Month-to-month,No,Electronic check,6956.27
MW-65026-RUYY,No,83.18,Female,0,Yes,No,16,Yes,Yes,Fiber optic,Yes,No,No,Yes,Yes,No,Month-to-month,Yes,Electronic check,1344.46
MW-64185-RGEL,No,26.57,Female,0,No,No,57,Yes,Yes,No,No internet service,No internet service,No internet service,No internet service,No internet service,No internet service,Two year,Yes,Credit card (automatic),1508.52
MW-76271-RFRV,Yes,70.27,Female,0,No,No,48,Yes,No,Fiber optic,No,No,No,No,No,Yes,One year,Yes,Bank transfer (automatic),3406.62
MW-68857-PVHX,Yes,57.39,Male,0,No,Yes,3,No,No phone service,No,No internet service,No internet service,No internet service,No internet service,No internet service,No internet service,Month-to-month,Yes,Bank transfer (automatic),139.3
MW-27340-ZBGT,No,64.19,Female,0,No,Yes,25,No,No phone service,No,No internet service,No internet service,No internet service,No internet service,No internet service,No internet service,Two year,No,Electronic check,1610.4
MW-36160-UPPL,No,28.19,Male,0,No,No,22,Yes,No,DSL,No,Yes,Yes,No,No,No,Month-to-month,Yes,Mailed check,620.02
MW-82878-PXBW,No,65.63,Female,0,No,No,64,Yes,No,Fiber optic,No,No,No,No,No,No,One year,Yes,Electronic check,4199.62
MW-80912-BSJE,Yes,39.06,Male,0,No,No,67,Yes,Yes,Fiber optic,No,Yes,Yes,Yes,No,Yes,Month-to-month,Yes,Credit card (automatic),2621.3
MW-57721-AGAD,No,53.51,Female,0,Yes,Yes,59,Yes,No,No,No internet service,No internet service,No internet service,No internet service,No internet service,No internet service,Two year,No,Credit card (automatic),3157.97
MW-49220-KGLU,No,75.62,Male,0,Yes,No,38,Yes,Yes,No,No internet service,No internet service,No internet service,No internet service,No internet service,No internet service,Month-to-month,No,Mailed check,2876.85
MW-38284-AJKG,No,49.7,Male,0,Yes,No,35,Yes,Yes,No,No internet service,No internet service,No internet service,No internet service,No internet service,No internet service,Month-to-month,No,Credit card (automatic),1745.62
MW-12669-NFFB,No,55.29,Male,0,Yes,Yes,22,No,No phone service,Fiber optic,No,No,Yes,No,Yes,Yes,One year,No,Electronic check,1242.61
MW-37935-TJVC,Yes,88.61,Female,0,Yes,No,56,Yes,No,No,No internet service,No internet service,No internet service,No internet service,No internet service,No internet service,Month-to-month,No,Electronic check,4920.68
MW-72467-FPWE,No,37.34,Male,0,Yes,No,6,Yes,No,DSL,Yes,No,No,No,No,Yes,Two year,Yes,Credit card (automatic),251.75
MW-85112-HGAM,No,44.55,Female,1,Yes,No,19,Yes,No,Fiber optic,No,Yes,Yes,No,No,No,One year,No,Mailed check,884.85
MW-49279-SKSH,Yes,26.36,Female,0,No,Yes,9,Yes,No,DSL,Yes,Yes,No,No,No,No,Month-to-month,Yes,Credit card (automatic),210.97
MW-85455-PYDB,Yes,39.31,Male,0,No,Yes,36,Yes,No,No,No internet service,No internet service,No internet service,No internet service,No internet service,No internet service,Month-to-month,No,Electronic check,1415.88
MW-18563-CXQY,No,67.87,Female,0,No,No,21,Yes,No,Fiber optic,Yes,No,No,No,No,No,Two year,No,Credit card (automatic),1445.84
MW-93947-KZKW,Yes,83.18,Male,0,No,No,14,No,No phone service,Fiber optic,No,No,No,No,No,No,One year,Yes,Electronic check,1178.3
MW-98547-PVVF,No,39.81,Male,0,No,No,27,Yes,Yes,DSL,Yes,Yes,Yes,No,No,No,Two year,No,Electronic check,1100.01
MW-27388-UENQ,Yes,82.29,Female,0,Yes,No,62,Yes,Yes,Fiber optic,No,No,No,No,No,Yes,Month-to-month,Yes,Mailed check,5107.56
MW-75011-BNFT,No,67.16,Female,0,No,No,40,Yes,Yes,Fiber optic,No,Yes,No,No,Yes,No,Two year,Yes,Credit card (automatic),2655.91
MW-29987-MCZG,No,22.52,Female,0,No,No,60,Yes,Yes,No,No internet service,No internet service,No internet service,No internet service,No internet service,No internet service,Month-to-month,No,Bank transfer (automatic),1370.77
MW-17549-PSVQ,No,69.24,Female,0,No,No,66,Yes,No,No,No internet service,No internet service,No internet service,No internet service,No internet service,No internet service,One year,Yes,Bank transfer (automatic),4579.37
MW-92580-RJHD,No,99.83,Male,0,No,No,65,Yes,Yes,Fiber optic,Yes,No,Yes,No,Yes,No,Month-to-month,Yes,Electronic check,6510.95
MW-43396-ZWFV,Yes,18.0,Male,0,Yes,No,25,Yes,Yes,No,No internet service,No internet service,No internet service,No internet service,No internet service,No internet service,Month-to-month,No,Electronic check,426.99
MW-84181-SDFT,No,120.0,Female,0,No,No,64,No,No phone service,DSL,No,No,No,Yes,No,Yes,Two year,No,Electronic check,7661.76
MW-26282-ZDYL,No,45.68,Female,0,Yes,No,66,Yes,Yes,DSL,No,No,No,Yes,Yes,No,Two year,No,Credit card (automatic),3015.13
MW-74300-XMGK,No,18.0,Male,0,No,Yes,70,Yes,No,Fiber optic,Yes,Yes,No,No,No,No,Month-to-month,Yes,Electronic check,1280.0
MW-57431-NJGM,No,68.15,Female,0,Yes,No,25,Yes,No,Fiber optic,No,No,No,Yes,Yes,Yes,Two year,No,Electronic check,1727.92
MW-26506-HTGH,Yes,88.93,Female,0,Yes,Yes,16,Yes,Yes,DSL,No,No,No,Yes,No,No,Month-to-month,Yes,Bank transfer (automatic),1411.99
MW-68784-VPVJ,Yes,55.59,Male,0,No,No,42,Yes,No,DSL,Yes,No,No,No,No,Yes,Month-to-month,No,Bank transfer (automatic),2328.68
MW-44668-UZAS,No,73.35,Male,0,No,No,68,Yes,Yes,Fiber optic,No,No,Yes,No,No,Yes,Month-to-month,No,Mailed check,5030.88
MW-86700-YWKL,Yes,120.0,Female,1,No,Yes,65,Yes,Yes,DSL,No,No,No,No,Yes,No,Month-to-month,Yes,Electronic check,7791.71
MW-79222-HGVB,No,70.17,Female,0,No,Yes,41,Yes,No,Fiber optic,No,No,No,No,Yes,No,Month-to-month,Yes,Mailed check,2887.1
MW-75686-LVSS,Yes,120.0,Female,0,No,No,10,Yes,No,Fiber optic,No,Yes,No,No,Yes,No,Month-to-month,Yes,Bank transfer (automatic),1193.22
MW-16186-MVJS,Yes,101.94,Male,0,Yes,No,30,Yes,Yes,No,No internet service,No internet service,No internet service,No internet service,No internet service,No internet service,Month-to-month,Yes,Electronic check,3065.32
MW-69957-AAGL,No,65.55,Male,1,Yes,No,52,Yes,Yes,DSL,Yes,No,No,No,Yes,No,One year,No,Bank transfer (automatic),3395.61
MW-15991-HHCL,No,72.75,Male,0,No,Yes,40,Yes,No,DSL,No,Yes,Yes,No,No,No,Two year,Yes,Electronic check,2897.43
MW-62983-CSUP,No,54.42,Female,0,No,No,25,Yes,Yes,DSL,Yes,No,Yes,Yes,Yes,Yes,One year,Yes,Credit card (automatic),1354.94
MW-71664-HRWF,No,71.49,Male,0,No,No,25,Yes,Yes,DSL,Yes,No,No,Yes,No,No,Month-to-month,Yes,Credit card (automatic),1779.07
MW-73645-EMLF,No,80.85,Female,1,No,No,4,Yes,Yes,Fiber optic,Yes,No,No,No,No,Yes,One year,Yes,Electronic check,318.84
MW-11892-HNYH,No,51.88,Female,1,No,No,21,Yes,No,Fiber optic,Yes,Yes,No,No,No,No,Month-to-month,No,Mailed check,1097.37
MW-94394-DFQY,No,22.6,Male,0,No,No,48,No,No phone service,DSL,Yes,Yes,No,Yes,No,No,One year,Yes,Mailed check,1113.16
MW-17063-XGHR,No,103.64,Male,0,No,No,17,Yes,Yes,No,No internet service,No internet service,No internet service,No internet service,No internet service,No internet service,One year,Yes,Credit card (automatic),1753.02
MW-84742-FRXP,Yes,93.2,Female,1,Yes,Yes,72,Yes,Yes,Fiber optic,Yes,Yes,No,No,Yes,Yes,Month-to-month,Yes,Bank transfer (automatic),6695.57
MW-38352-TTEQ,No,21.49,Female,0,No,No,6,Yes,Yes,DSL,No,Yes,No,Yes,Yes,Yes,Month-to-month,Yes,Bank transfer (automatic),129.08
MW-26760-FWTA,No,69.13,Female,0,No,No,42,Yes,No,DSL,Yes,No,No,No,Yes,No,Two year,No,Electronic check,2890.69
MW-45294-GBKP,No,94.81,Female,0,Yes,Yes,36,Yes,No,No,No internet service,No internet service,No internet service,No internet service,No internet service,No internet service,Two year,Yes,Electronic check,3388.63
MW-70180-YKMF,No,91.71,Male,0,Yes,No,60,Yes,Yes,Fiber optic,No,No,No,No,No,No,One year,Yes,Bank transfer (automatic),5518.56
MW-41997-QJTR,No,43.18,Female,0,Yes,Yes,64,No,No phone service,No,No internet service,No internet service,No internet service,No internet service,No internet service,No internet service,Two year,Yes,Bank transfer (automatic),2764.73
MW-90814-CWHE,No,93.46,Male,1,No,Yes,39,Yes,Yes,DSL,Yes,No,Yes,No,No,No,Two year,Yes,Credit card (automatic),3647.62
MW-29830-RHND,No,64.45,Male,0,Yes,No,46,Yes,No,Fiber optic,No,No,No,No,No,Yes,Month-to-month,Yes,Credit card (automatic),2935.79
MW-52974-VZJA,No,75.66,Female,0,Yes,Yes,51,Yes,No,DSL,Yes,Yes,No,No,No,Yes,One year,Yes,Bank transfer (automatic),3849.89
MW-18110-TDMK,No,36.42,Male,0,No,Yes,38,Yes,No,DSL,No,Yes,No,Yes,No,No,Month-to-month,Yes,Bank transfer (automatic),1362.72
MW-30470-CEWS,Yes,18.0,Female,0,Yes,No,13,Yes,No,Fiber optic,Yes,Yes,No,No,No,Yes,Month-to-month,Yes,Credit card (automatic),233.69
MW-76859-HADN,No,40.68,Female,0,No,No,31,Yes,No,Fiber optic,No,No,No,Yes,No,No,Month-to-month,Yes,Credit card (automatic),1263.09
MW-38225-TESR,No,80.1,Female,0,No,Yes,17,Yes,No,DSL,No,No,Yes,No,No,No,Two year,Yes,Credit card (automatic),1363.7
MW-44071-BCDE,No,57.84,Female,0,No,No,33,No,No phone service,DSL,No,Yes,No,No,No,Yes,One year,No,Credit card (automatic),1898.72
MW-41874-AVWX,No,83.51,Male,1,Yes,No,44,Yes,Yes,Fiber optic,Yes,No,Yes,Yes,No,No,Month-to-month,Yes,Mailed check,3661.65
MW-70525-XJKQ,No,97.18,Male,0,No,Yes,15,No,No phone service,DSL,No,No,Yes,Yes,No,Yes,Month-to-month,Yes,Bank transfer (automatic),1454.8
MW-96014-YSQU,No,54.08,Female,0,Yes,Yes,18,Yes,No,DSL,Yes,No,Yes,Yes,Yes,No,Month-to-month,No,Bank transfer (automatic),978.8
MW-17097-WNUP,Yes,51.13,Female,0,No,No,60,Yes,No,DSL,No,No,Yes,No,Yes,Yes,One year,Yes,Electronic check,3059.11
MW-29603-TUTP,No,18.0,Female,0,No,Yes,27,Yes,No,DSL,No,No,Yes,No,Yes,Yes,Two year,Yes,Bank transfer (automatic),471.94
MW-39808-XNJG,Yes,18.0,Male,0,No,No,14,Yes,Yes,No,No internet service,No internet service,No internet service,No internet service,No internet service,No internet service,Month-to-month,Yes,Mailed check,238.58
MW-24617-HWYL,No,23.8,Male,0,No,Yes,52,Yes,No,DSL,No,Yes,Yes,No,No,Yes,Month-to-month,Yes,Mailed check,1227.72
MW-39281-HPKR,No,80.7,Male,0,No,No,52,Yes,No,Fiber optic,No,No,No,No,No,No,One year,Yes,Electronic check,4189.61
MW-24423-BNFL,No,54.38,Male,0,No,Yes,60,Yes,No,Fiber optic,No,Yes,No,Yes,No,No,Month-to-month,No,Bank transfer (automatic),3246.33
MW-29192-QMYC,No,47.97,Female,1,Yes,Yes,55,Yes,No,DSL,Yes,Yes,Yes,No,Yes,No,Month-to-month,No,Bank transfer (automatic),2631.67
MW-81352-KVJB,No,44.54,Male,0,Yes,Yes,72,Yes,Yes,Fiber optic,Yes,No,No,No,No,No,Month-to-month,No,Bank transfer (automatic),3225.42
MW-27159-QZYZ,Yes,40.63,Male,0,No,No,41,Yes,No,DSL,No,No,No,No,No,No,Month-to-month,Yes,Electronic check,1661.41
MW-68647-KXAB,No,91.7,Male,1,No,No,20,Yes,Yes,No,No internet service,No internet service,No internet service,No internet service,No internet service,No internet service,Month-to-month,Yes,Bank transfer (automatic),1815.42
MW-70001-UAQQ,No,66.8,Male,0,Yes,No,62,Yes,Yes,No,No internet service,No internet service,No internet service,No internet service,No internet service,No internet service,Two year,Yes,Electronic check,4107.72
MW-71673-EDEY,Yes,93.74,Male,0,No,No,19,Yes,Yes,No,No internet service,No internet service,No internet service,No internet service,No internet service,No internet service,Month-to-month,Yes,Electronic check,1808.61
MW-22450-FRWW,Yes,18.0,Male,0,Yes,Yes,21,Yes,No,Fiber optic,No,Yes,No,Yes,No,Yes,Month-to-month,No,Mailed check,395.09
MW-60867-GZJY,No,79.98,Male,1,Yes,No,60,Yes,No,No,No internet service,No internet service,No internet service,No internet service,No internet service,No internet service,One year,No,Credit card (automatic),4803.07
MW-62671-GCPZ,No,49.49,Male,0,Yes,No,64,Yes,Yes,Fiber optic,No,Yes,No,No,Yes,Yes,Two year,Yes,Mailed check,3184.8
MW-66998-TBVU,No,55.56,Male,0,Yes,No,24,Yes,No,Fiber optic,No,No,No,No,Yes,Yes,Month-to-month,No,Bank transfer (automatic),1341.35
MW-43381-YTKF,No,104.58,Female,0,Yes,No,53,Yes,Yes,DSL,Yes,No,Yes,No,Yes,No,Month-to-month,Yes,Credit card (automatic),5541.6
MW-61771-YKPR,Yes,52.3,Female,0,No,No,67,Yes,Yes,DSL,No,No,No,No,No,Yes,One year,No,Mailed check,3485.5
MW-22342-ZMWS,No,78.76,Female,0,Yes,No,58,Yes,Yes,DSL,Yes,No,No,No,No,No,Month-to-month,No,Credit card (automatic),4596.71
MW-98202-EDRK,Yes,33.46,Female,0,No,No,0,No,No phone service,DSL,No,Yes,Yes,No,Yes,No,One year,No,Electronic check,0.0
MW-74750-ATYA,No,65.08,Female,0,No,Yes,48,Yes,Yes,No,No internet service,No internet service,No internet service,No internet service,No internet service,No internet service,Month-to-month,Yes,Mailed check,3118.1
MW-14636-YRZN,Yes,18.0,Male,0,Yes,No,12,Yes,No,No,No internet service,No internet service,No internet service,No internet service,No internet service,No internet service,Month-to-month,Yes,Electronic check,216.56
MW-63897-JYQZ,No,62.28,Female,0,No,No,61,Yes,No,DSL,Yes,No,No,No,No,Yes,Month-to-month,No,Bank transfer (automatic),3799.9
MW-68378-GSQN,No,75.56,Male,0,Yes,No,4,Yes,No,No,No internet service,No internet service,No internet service,No internet service,No internet service,No internet service,One year,No,Credit card (automatic),310.86
MW-47315-VNVL,Yes,97.19,Male,0,No,No,72,Yes,No,Fiber optic,No,No,No,No,No,No,Month-to-month,Yes,Bank transfer (automatic),7004.57
MW-62359-EURJ,No,39.46,Female,0,Yes,No,12,Yes,No,Fiber optic,No,Yes,Yes,No,Yes,No,Month-to-month,No,Bank transfer (automatic),464.87
MW-24356-AFLL,No,48.13,Female,0,No,Yes,30,Yes,Yes,No,No internet service,No internet service,No internet service,No internet service,No internet service,No internet service,Month-to-month,Yes,Electronic check,1444.29
MW-29721-THBV,No,44.68,Female,0,Yes,Yes,17,Yes,Yes,Fiber optic,Yes,Yes,Yes,No,Yes,No,One year,Yes,Credit card (automatic),767.71
MW-90595-JGUK,No,56.38,Male,0,Yes,No,59,Yes,No,Fiber optic,No,No,Yes,No,No,No,Month-to-month,Yes,Mailed check,3316.49
MW-56560-MGXN,No,35.08,Female,0,Yes,No,28,Yes,No,DSL,No,Yes,Yes,No,No,No,One year,Yes,Electronic check,1003.94
MW-26529-HHLR,No,18.0,Male,0,Yes,No,54,Yes,Yes,DSL,No,Yes,Yes,No,No,No,One year,Yes,Credit card (automatic),971.7
MW-64792-FVJT,No,32.72,Male,0,Yes,No,4,Yes,No,No,No internet service,No internet service,No internet service,No internet service,No internet service,No internet service,Month-to-month,No,Mailed check,154.86
MW-79800-YHNP,No,62.53,Male,0,No,Yes,33,Yes,Yes,DSL,Yes,No,No,No,No,Yes,Two year,No,Mailed check,2042.61
MW-61840-TKTR,No,59.56,Male,1,No,Yes,66,Yes,Yes,DSL,No,No,Yes,No,No,No,Two year,Yes,Electronic check,3940.78
MW-15583-HWAW,Yes,80.56,Male,0,Yes,Yes,67,Yes,No,DSL,Yes,Yes,No,No,No,Yes,Month-to-month,No,Electronic check,5384.16
MW-68858-JXFK,No,89.27,Female,0,Yes,Yes,15,Yes,Yes,Fiber optic,No,Yes,No,No,No,No,Month-to-month,Yes,Credit card (automatic),1329.53
MW-51209-CVSK,Yes,50.51,Male,0,Yes,Yes,28,Yes,Yes,Fiber optic,No,Yes,No,No,No,No,Month-to-month,Yes,Mailed check,1427.85
MW-25131-QCRQ,No,18.0,Female,0,Yes,Yes,29,Yes,No,No,No internet service,No internet service,No internet service,No internet service,No internet service,No internet service,Month-to-month,No,Credit card (automatic),518.57
MW-81020-WQHU,No,76.1,Male,0,No,No,41,Yes,Yes,Fiber optic,Yes,No,No,Yes,No,Yes,Month-to-month,No,Electronic check,3159.06
MW-36322-UWRX,No,63.71,Male,0,Yes,Yes,39,Yes,Yes,No,No internet service,No internet service,No internet service,No internet service,No internet service,No internet service,Two year,Yes,Bank transfer (automatic),2492.46
MW-24361-QSYR,No,56.25,Female,0,No,Yes,7,Yes,Yes,Fiber optic,No,No,No,No,No,No,Two year,No,Bank transfer (automatic),383.31
MW-36705-QAFC,Yes,100.61,Female,0,No,No,55,Yes,No,Fiber optic,No,No,Yes,Yes,Yes,No,Month-to-month,No,Bank transfer (automatic),5541.35
MW-78523-HDQG,Yes,77.52,Female,0,No,No,16,Yes,Yes,DSL,No,Yes,No,No,Yes,Yes,Month-to-month,Yes,Mailed check,1236.76
MW-44090-FXLT,Yes,67.69,Male,1,No,No,22,No,No phone service,DSL,No,No,No,No,No,Yes,Month-to-month,Yes,Bank transfer (automatic),1501.66
MW-20671-BRXC,No,68.92,Male,0,No,No,61,Yes,Yes,No,No internet service,No internet service,No internet service,No internet service,No internet service,No internet service,Month-to-month,Yes,Bank transfer (automatic),4199.68
MW-40222-ERQT,No,89.49,Female,0,No,No,50,Yes,No,Fiber optic,No,No,Yes,No,No,No,Month-to-month,Yes,Credit card (automatic),4480.6
MW-81299-GHBF,No,43.31,Female,0,No,Yes,28,Yes,No,Fiber optic,No,No,Yes,No,Yes,No,Two year,No,Electronic check,1215.66
MW-24623-RSPC,No,37.59,Female,0,No,No,66,Yes,Yes,No,No internet service,No internet service,No internet service,No internet service,No internet service,No internet service,Two year,No,Mailed check,2482.12
MW-63582-WPAZ,Yes,56.98,Male,0,No,Yes,28,Yes,No,No,No internet service,No internet service,No internet service,No internet service,No internet service,No internet service,Month-to-month,Yes,Bank transfer (automatic),1611.07
MW-88939-QAKE,No,28.66,Female,0,No,No,41,Yes,Yes,DSL,Yes,Yes,Yes,Yes,Yes,No,One year,Yes,Electronic check,1148.01
MW-31262-ANAB,No,62.64,Male,1,No,No,17,Yes,No,Fiber optic,Yes,No,No,Yes,No,No,One year,Yes,Electronic check,1066.34
MW-15000-MSJB,No,66.91,Male,1,No,Yes,13,Yes,No,No,No internet service,No internet service,No internet service,No internet service,No internet service,No internet service,Two year,Yes,Credit card (automatic),859.31
MW-45635-TEFP,Yes,61.94,Female,0,Yes,Yes,35,Yes,No,No,No internet service,No internet service,No internet service,No internet service,No internet service,No internet service,Month-to-month,No,Electronic check,2147.67
MW-91640-EVVJ,Yes,53.16,Female,0,No,No,41,No,No phone service,DSL,No,Yes,Yes,Yes,Yes,Yes,Month-to-month,No,Electronic check,2166.99
MW-10741-TBVJ,No,113.59,Male,0,Yes,No,58,Yes,No,DSL,Yes,No,No,Yes,No,Yes,One year,No,Bank transfer (automatic),6578.92
MW-88479-YBEE,Yes,92.22,Female,0,No,No,28,Yes,Yes,Fiber optic,Yes,No,No,No,No,No,Month-to-month,No,Electronic check,2578.63
MW-97839-QMAX,Yes,61.09,Male,0,No,Yes,65,No,No phone service,DSL,Yes,No,No,Yes,No,No,One year,No,Electronic check,3975.91
MW-76578-JXJS,Yes,66.79,Male,1,Yes,No,44,Yes,Yes,DSL,No,Yes,No,Yes,No,Yes,Month-to-month,No,Electronic check,2946.89
MW-39035-ZWSN,No,105.29,Male,0,No,No,5,Yes,Yes,Fiber optic,Yes,No,No,No,No,No,One year,Yes,Electronic check,520.31
MW-13650-VYMW,No,46.46,Female,1,No,No,53,Yes,Yes,Fiber optic,No,No,Yes,No,No,No,Two year,No,Mailed check,2486.15
MW-28789-ARYF,No,35.03,Female,0,Yes,No,41,Yes,No,DSL,No,No,No,No,Yes,No,Month-to-month,Yes,Credit card (automatic),1430.66
MW-76127-VUDX,No,70.81,Female,0,No,Yes,28,Yes,No,Fiber optic,No,Yes,No,Yes,Yes,Yes,Month-to-month,No,Mailed check,1953.48
MW-42593-QMGJ,No,76.42,Female,0,No,No,34,Yes,No,DSL,No,No,No,Yes,No,Yes,One year,Yes,Mailed check,2593.11
MW-71235-MJLU,No,78.66,Female,0,Yes,No,22,Yes,No,Fiber optic,No,Yes,No,Yes,No,No,Month-to-month,No,Bank transfer (automatic),1731.23
MW-99985-EYJK,No,88.83,Female,0,Yes,Yes,44,No,No phone service,No,No internet service,No internet service,No internet service,No internet service,No internet service,No internet service,One year,Yes,Electronic check,3859.43
MW-46758-LCNB,No,42.02,Male,0,No,No,41,Yes,No,No,No internet service,No internet service,No internet service,No internet service,No internet service,No internet service,One year,Yes,Mailed check,1740.93
MW-28091-VVHH,Yes,21.75,Male,1,No,No,32,Yes,No,DSL,Yes,No,No,Yes,No,Yes,Month-to-month,No,Mailed check,694.51
MW-50892-GVZC,No,46.46,Male,0,No,No,20,Yes,Yes,No,No internet service,No internet service,No internet service,No internet service,No internet service,No internet service,Two year,Yes,Mailed check,911.91
MW-10713-DALH,No,81.46,Male,1,No,No,29,Yes,No,No,No internet service,No internet service,No internet service,No internet service,No internet service,No internet service,Month-to-month,Yes,Mailed check,2347.94
MW-40305-KHPZ,No,36.34,Female,0,No,No,36,Yes,Yes,Fiber optic,No,Yes,Yes,No,No,No,One year,Yes,Electronic check,1319.67
MW-93657-ZFWT,Yes,18.0,Male,0,Yes,No,34,Yes,Yes,No,No internet service,No internet service,No internet service,No internet service,No internet service,No internet service,Month-to-month,Yes,Credit card (automatic),625.26
MW-26119-XYCU,Yes,68.33,Male,0,No,Yes,22,Yes,No,DSL,Yes,No,Yes,No,No,Yes,Month-to-month,Yes,Credit card (automatic),1493.53
MW-99136-UZUE,No,46.99,Female,0,No,No,42,Yes,No,DSL,Yes,No,No,Yes,No,Yes,Month-to-month,Yes,Credit card (automatic),1953.25
MW-65753-JSHN,No,18.0,Male,0,No,Yes,16,Yes,No,No,No internet service,No internet service,No internet service,No internet service,No internet service,No internet service,Two year,Yes,Electronic check,289.96
MW-16668-QWDT,No,66.23,Female,0,No,Yes,36,Yes,Yes,Fiber optic,No,No,No,No,No,No,Two year,Yes,Bank transfer (automatic),2389.0
MW-65409-YUAK,No,52.41,Female,0,Yes,No,8,Yes,No,DSL,No,No,No,Yes,No,No,Two year,Yes,Bank transfer (automatic),427.76
MW-50718-NSVX,No,114.28,Male,0,Yes,No,34,Yes,No,DSL,No,No,No,No,Yes,Yes,Month-to-month,Yes,Electronic check,3877.07
MW-39779-VERA,Yes,66.67,Male,0,No,No,57,Yes,No,DSL,No,No,No,Yes,No,No,Month-to-month,Yes,Credit card (automatic),3798.36
MW-79698-DHRW,No,81.58,Male,0,No,Yes,59,Yes,Yes,DSL,No,No,No,No,No,No,Two year,No,Credit card (automatic),4813.52
MW-13134-TMCG,Yes,63.48,Female,0,No,No,50,Yes,No,DSL,No,No,Yes,No,No,Yes,One year,Yes,Electronic check,3188.5
MW-37345-RXCB,No,46.07,Male,0,No,No,54,Yes,No,No,No internet service,No internet service,No internet service,No internet service,No internet service,No internet service,Month-to-month,Yes,Credit card (automatic),2507.72
MW-62535-NVFV,No,49.37,Female,0,Yes,No,4,Yes,Yes,DSL,No,No,No,No,Yes,Yes,Two year,Yes,Electronic check,221.49
MW-90969-ZNSG,No,96.43,Female,0,No,No,24,Yes,Yes,No,No internet service,No internet service,No internet service,No internet service,No internet service,No internet service,Month-to-month,No,Mailed check,2333.86
MW-25418-SLVJ,Yes,86.43,Male,0,No,No,47,Yes,No,DSL,No,No,No,Yes,No,No,Month-to-month,Yes,Electronic check,4089.41
MW-19892-PDRQ,No,19.34,Female,0,Yes,No,58,Yes,No,DSL,No,Yes,No,No,No,No,Two year,No,Electronic check,1136.92
MW-52976-JEYZ,No,26.54,Male,0,Yes,No,42,Yes,No,No,No internet service,No internet service,No internet service,No internet service,No internet service,No internet service,Month-to-month,Yes,Credit card (automatic),1105.84
MW-33239-MPRC,No,28.21,Male,0,No,No,62,Yes,No,DSL,No,Yes,No,Yes,No,Yes,Month-to-month,Yes,Bank transfer (automatic),1772.02
MW-62969-FQQK,Yes,95.8,Male,0,Yes,No,19,Yes,Yes,DSL,No,Yes,No,No,No,Yes,One year,No,Electronic check,1799.55
MW-33923-NETH,No,18.0,Male,0,Yes,Yes,11,Yes,Yes,No,No internet service,No internet service,No internet service,No internet service,No internet service,No internet service,Two year,Yes,Credit card (automatic),233.47
MW-45166-ZGBP,No,87.59,Male,1,No,No,6,Yes,No,DSL,No,No,No,Yes,No,Yes,Month-to-month,Yes,Credit card (automatic),510.91
MW-57638-DGNB,No,75.95,Male,1,No,No,42,Yes,Yes,DSL,Yes,No,No,Yes,Yes,Yes,One year,No,Credit card (automatic),3203.21
MW-42826-FVGG,No,68.4,Male,1,No,No,48,Yes,Yes,No,No internet service,No internet service,No internet service,No internet service,No internet service,No internet service,Month-to-month,No,Credit card (automatic),3304.86
MW-19932-LHYL,No,49.81,Male,0,Yes,No,20,Yes,Yes,Fiber optic,No,No,No,No,Yes,No,Month-to-month,No,Credit card (automatic),1003.09
MW-11516-FVAQ,Yes,99.66,Male,0,No,No,57,Yes,Yes,Fiber optic,No,No,No,No,Yes,No,Month-to-month,Yes,Bank transfer (automatic),5649.86
MW-74043-MCFM,Yes,67.4,Male,0,Yes,Yes,53,Yes,Yes,DSL,No,No,No,Yes,Yes,Yes,Month-to-month,No,Mailed check,3557.98
MW-45483-AUVA,No,20.67,Male,0,No,No,26,Yes,Yes,DSL,No,Yes,No,No,No,Yes,Month-to-month,No,Credit card (automatic),542.77
MW-97367-KADS,No,27.66,Female,0,No,No,17,No,No phone service,Fiber optic,No,No,No,No,No,Yes,Month-to-month,No,Electronic check,479.75
MW-99811-HNGD,No,18.0,Female,0,Yes,No,54,Yes,Yes,Fiber optic,Yes,No,No,Yes,Yes,No,One year,Yes,Electronic check,969.32
MW-40589-WSWB,No,100.01,Female,0,No,Yes,49,Yes,No,DSL,Yes,No,No,No,No,Yes,One year,Yes,Mailed check,4901.61
MW-42565-FLZV,No,106.73,Female,0,Yes,No,12,Yes,No,No,No internet service,No internet service,No internet service,No internet service,No internet service,No internet service,One year,Yes,Electronic check,1258.73
MW-73143-NEYQ,No,96.59,Male,1,Yes,Yes,18,Yes,No,Fiber optic,No,No,No,Yes,No,Yes,Two year,Yes,Bank transfer (automatic),1765.24
MW-50776-UJUX,No,59.71,Male,0,Yes,Yes,35,Yes,Yes,Fiber optic,Yes,Yes,No,Yes,Yes,No,Month-to-month,No,Credit card (automatic),2084.18
MW-27984-LRUJ,No,21.21,Female,0,Yes,No,37,No,No phone service,Fiber optic,No,No,Yes,Yes,No,Yes,Month-to-month,Yes,Mailed check,796.6
MW-36131-RMPN,Yes,32.38,Female,0,Yes,Yes,12,Yes,Yes,Fiber optic,Yes,No,No,Yes,No,No,Month-to-month,Yes,Bank transfer (automatic),409.61
MW-13962-FZHT,No,34.33,Male,0,No,No,69,Yes,Yes,Fiber optic,Yes,Yes,No,No,Yes,No,One year,Yes,Mailed check,2351.44
MW-28936-UTEZ,No,62.63,Female,0,No,No,28,Yes,No,DSL,Yes,No,No,No,No,No,Month-to-month,No,Bank transfer (automatic),1755.56
MW-87507-QDQM,No,105.62,Female,0,No,No,27,No,No phone service,No,No internet service,No internet service,No internet service,No internet service,No internet service,No internet service,Month-to-month,No,Electronic check,2855.91
MW-59967-SZGW,Yes,105.51,Male,0,Yes,No,4,Yes,No,Fiber optic,No,No,No,Yes,Yes,No,Month-to-month,Yes,Electronic check,418.17
MW-48375-WEHL,No,49.35,Male,1,Yes,Yes,63,Yes,Yes,No,No internet service,No internet service,No internet service,No internet service,No internet service,No internet service,Month-to-month,No,Bank transfer (automatic),3122.96
MW-21386-GETS,No,18.0,Female,0,No,No,17,Yes,Yes,No,No internet service,No internet service,No internet service,No internet service,No internet service,No internet service,Two year,Yes,Bank transfer (automatic),295.99
MW-52314-TQEP,No,28.99,Male,0,No,No,72,No,No phone service,DSL,Yes,No,Yes,Yes,No,Yes,One year,Yes,Mailed check,2088.1
MW-48376-NXXC,No,99.66,Male,0,No,No,36,Yes,No,Fiber optic,Yes,Yes,No,No,No,Yes,Month-to-month,No,Electronic check,3582.2
MW-84413-PYTM,Yes,70.95,Female,0,Yes,No,63,No,No phone service,Fiber optic,No,Yes,No,No,No,No,One year,Yes,Electronic check,4504.73
MW-73063-SAMX,No,53.33,Female,0,Yes,Yes,13,Yes,No,Fiber optic,No,No,No,Yes,No,No,One year,Yes,Bank transfer (automatic),683.35
MW-79493-LYVY,Yes,51.24,Female,0,No,No,12,Yes,Yes,No,No internet service,No internet service,No internet service,No internet service,No internet service,No internet service,Month-to-month,No,Mailed check,626.05
MW-21436-DWFG,No,41.47,Female,0,No,No,58,No,No phone service,DSL,No,No,No,Yes,No,No,Month-to-month,No,Mailed check,2432.21
MW-64528-DGRH,No,27.89,Male,0,Yes,No,59,Yes,Yes,Fiber optic,No,Yes,Yes,No,Yes,Yes,One year,Yes,Credit card (automatic),1631.73
MW-90004-AFDX,No,120.0,Male,1,No,Yes,39,Yes,No,No,No internet service,No internet service,No internet service,No internet service,No internet service,No internet service,Month-to-month,No,Bank transfer (automatic),4681.43
MW-21790-UNWG,Yes,115.55,Female,0,No,No,2,Yes,No,No,No internet service,No internet service,No internet service,No internet service,No internet service,No internet service,Month-to-month,No,Electronic check,216.3
MW-47843-XUGR,No,39.34,Male,0,Yes,No,68,Yes,No,DSL,No,No,Yes,No,No,Yes,Month-to-month,Yes,Bank transfer (automatic),2644.93
MW-94481-ZKFX,No,18.0,Male,0,Yes,Yes,28,Yes,Yes,No,No internet service,No internet service,No internet service,No internet service,No internet service,No internet service,One year,No,Electronic check,492.22
MW-83090-HPCR,No,69.07,Female,0,Yes,No,68,Yes,No,DSL,No,Yes,No,No,No,Yes,Two year,No,Electronic check,4688.2
MW-76861-ZAGR,No,59.58,Female,0,No,Yes,63,Yes,Yes,Fiber optic,Yes,Yes,No,No,No,No,Two year,No,Bank transfer (automatic),3745.88
MW-33226-QKHT,Yes,82.84,Female,0,No,No,62,Yes,No,DSL,Yes,No,No,No,No,Yes,Month-to-month,No,Electronic check,5131.59
MW-54999-MBDK,No,89.64,Male,1,Yes,No,50,Yes,No,Fiber optic,No,No,No,No,No,Yes,Month-to-month,Yes,Electronic check,4482.09
MW-65368-RBZY,No,28.9,Male,1,No,No,49,Yes,No,DSL,No,No,No,No,Yes,No,One year,Yes,Credit card (automatic),1398.15
MW-64382-BLJD,No,102.41,Female,0,No,No,38,Yes,No,DSL,No,Yes,No,Yes,Yes,No,Two year,Yes,Bank transfer (automatic),3896.85
MW-35426-NTNX,Yes,53.41,Female,0,No,No,1,Yes,Yes,DSL,No,No,Yes,Yes,No,Yes,Two year,No,Credit card (automatic),71.61
MW-92150-RUWW,No,82.24,Male,0,Yes,No,28,Yes,No,No,No internet service,No internet service,No internet service,No internet service,No internet service,No internet service,Two year,No,Credit card (automatic),2322.68
MW-62372-PWKZ,Yes,56.16,Male,0,No,Yes,53,Yes,No,Fiber optic,No,No,No,No,No,Yes,Month-to-month,Yes,Electronic check,2972.58
MW-45569-RJBJ,No,91.67,Male,0,Yes,No,59,Yes,Yes,Fiber optic,Yes,Yes,Yes,No,Yes,No,One year,Yes,Bank transfer (automatic),5421.94
MW-77299-MCPW,No,18.0,Female,0,No,No,40,Yes,Yes,Fiber optic,Yes,No,No,No,Yes,No,Two year,No,Mailed check,709.78
MW-14650-HYKG,No,86.15,Male,0,Yes,No,51,Yes,Yes,Fiber optic,No,No,No,No,Yes,Yes,One year,No,Bank transfer (automatic),4388.5
MW-73233-WQQF,No,39.04,Female,1,Yes,No,1,Yes,No,DSL,No,No,No,No,No,No,One year,Yes,Mailed check,45.02
MW-78627-QWEA,Yes,66.2,Female,0,Yes,Yes,34,Yes,No,DSL,Yes,Yes,No,No,No,Yes,Month-to-month,Yes,Electronic check,2245.78
MW-59934-USEP,No,101.34,Male,0,No,No,37,Yes,No,Fiber optic,No,Yes,No,Yes,No,No,One year,Yes,Electronic check,3730.62
MW-51873-CGEY,No,39.91,Male,1,No,No,65,No,No phone service,No,No internet service,No internet service,No internet service,No internet service,No internet service,No internet service,Month-to-month,Yes,Credit card (automatic),2606.65
MW-52088-JMFN,Yes,35.2,Male,0,No,Yes,22,Yes,Yes,DSL,Yes,No,Yes,No,Yes,No,Month-to-month,No,Electronic check,761.97
MW-48454-PBUK,No,52.84,Female,0,No,Yes,16,No,No phone service,Fiber optic,No,No,No,No,Yes,No,Two year,Yes,Bank transfer (automatic),837.64
MW-10873-MDBP,No,50.95,Female,0,Yes,No,25,Yes,No,No,No internet service,No internet service,No internet service,No internet service,No internet service,No internet service,Two year,No,Credit card (automatic),1289.62
MW-75959-APUF,No,32.5,Female,1,Yes,No,12,Yes,No,No,No internet service,No internet service,No internet service,No internet service,No internet service,No internet service,Two year,No,Bank transfer (automatic),398.06
MW-10698-GYLH,Yes,67.19,Male,0,Yes,No,40,Yes,Yes,DSL,No,Yes,Yes,Yes,Yes,No,Month-to-month,Yes,Mailed check,2690.24
MW-90140-XRQZ,Yes,68.75,Male,0,Yes,No,46,Yes,No,No,No internet service,No internet service,No internet service,No internet service,No internet service,No internet service,Month-to-month,No,Electronic check,3140.46
MW-62324-QVST,No,77.89,Female,0,Yes,No,58,Yes,Yes,Fiber optic,No,Yes,Yes,No,No,Yes,Month-to-month,Yes,Credit card (automatic),4500.17
MW-92315-SBEN,No,39.41,Male,0,Yes,No,70,No,No phone service,Fiber optic,No,Yes,No,No,No,No,Two year,No,Bank transfer (automatic),2764.66
MW-62216-TUVR,Yes,35.68,Male,0,Yes,Yes,5,Yes,Yes,Fiber optic,No,No,No,No,No,Yes,One year,No,Mailed check,187.85
MW-23059-BPTY,No,60.44,Male,0,No,No,18,Yes,Yes,DSL,No,No,Yes,Yes,No,Yes,Two year,Yes,Credit card (automatic),1091.72
MW-47212-QPDW,Yes,56.65,Female,0,Yes,No,21,Yes,Yes,No,No internet service,No internet service,No internet service,No internet service,No internet service,No internet service,Month-to-month,Yes,Electronic check,1182.54
MW-43498-KXEU,No,57.22,Female,1,Yes,No,18,Yes,Yes,Fiber optic,No,No,No,No,No,Yes,One year,No,Mailed check,1022.36
MW-77602-HDXU,No,42.78,Male,0,No,Yes,60,Yes,No,No,No internet service,No internet service,No internet service,No internet service,No internet service,No internet service,Two year,No,Electronic check,2570.04
MW-56556-WUQS,Yes,73.9,Female,0,Yes,No,10,Yes,Yes,No,No internet service,No internet service,No internet service,No internet service,No internet service,No internet service,Month-to-month,Yes,Electronic check,720.22
MW-74591-BJHG,No,35.73,Female,0,Yes,No,2,Yes,Yes,Fiber optic,Yes,No,Yes,No,Yes,No,Two year,Yes,Mailed check,72.84
MW-11876-JRQT,No,60.33,Male,0,No,No,62,Yes,Yes,DSL,Yes,Yes,Yes,No,No,Yes,One year,Yes,Bank transfer (automatic),3719.63
MW-63028-LYNJ,Yes,54.81,Male,0,No,No,70,Yes,Yes,DSL,No,No,No,No,Yes,No,Month-to-month,Yes,Electronic check,3820.91
MW-44329-XGVT,No,63.0,Male,0,No,Yes,16,No,No phone service,No,No internet service,No internet service,No internet service,No internet service,No internet service,No internet service,Month-to-month,Yes,Bank transfer (automatic),1010.67
MW-69158-YZDG,No,99.56,Female,1,No,Yes,24,Yes,Yes,Fiber optic,Yes,Yes,No,Yes,No,No,Two year,No,Credit card (automatic),2398.19
MW-54415-MGDX,No,24.56,Male,0,No,Yes,36,Yes,Yes,No,No internet service,No internet service,No internet service,No internet service,No internet service,No internet service,One year,No,Credit card (automatic),889.29
MW-97307-AGWK,No,18.0,Female,0,Yes,No,38,No,No phone service,Fiber optic,No,No,No,No,Yes,No,One year,Yes,Electronic check,667.28
MW-82559-GZSV,No,46.17,Male,0,No,Yes,72,Yes,No,Fiber optic,No,Yes,No,No,No,No,One year,Yes,Credit card (automatic),3296.17
MW-26333-JFLY,Yes,29.46,Female,0,No,No,29,Yes,Yes,No,No internet service,No internet service,No internet service,No internet service,No internet service,No internet service,Month-to-month,Yes,Electronic check,854.22
MW-68483-QWYZ,Yes,18.0,Male,0,Yes,Yes,0,Yes,No,Fiber optic,No,No,No,No,No,No,Two year,Yes,Bank transfer (automatic),0.0
MW-87933-YKYS,No,116.39,Male,0,No,No,30,No,No phone service,Fiber optic,Yes,No,No,No,No,No,Two year,No,Mailed check,3505.87
MW-95680-XKAL,No,80.79,Female,0,No,No,40,Yes,No,DSL,No,No,Yes,No,No,Yes,Month-to-month,No,Bank transfer (automatic),3215.38
MW-87217-HSQK,No,84.01,Female,0,No,No,37,Yes,No,No,No internet service,No internet service,No internet service,No internet service,No internet service,No internet service,One year,Yes,Electronic check,3141.88
MW-96847-SLTP,No,55.44,Female,0,No,Yes,37,Yes,No,Fiber optic,Yes,Yes,Yes,No,No,Yes,Month-to-month,No,Bank transfer (automatic),2036.85
MW-86153-GCCZ,No,76.62,Female,0,No,Yes,67,Yes,No,Fiber optic,No,No,No,Yes,No,No,Month-to-month,No,Electronic check,5140.48
MW-40386-UVRM,No,51.32,Female,1,No,No,58,Yes,Yes,Fiber optic,No,No,Yes,No,Yes,No,Month-to-month,Yes,Electronic check,2965.51
MW-13492-VUGZ,No,88.43,Female,0,Yes,No,18,Yes,Yes,DSL,Yes,No,No,No,Yes,Yes,Two year,No,Bank transfer (automatic),1589.22
MW-21171-CNCT,No,69.67,Male,1,Yes,No,25,Yes,No,Fiber optic,No,Yes,No,No,No,No,Month-to-month,Yes,Electronic check,1744.51
MW-47097-KCVY,No,62.9,Male,0,No,No,48,No,No phone service,DSL,No,No,No,No,Yes,Yes,Month-to-month,Yes,Bank transfer (automatic),3032.1
MW-21773-JDHV,No,65.17,Female,0,Yes,Yes,29,Yes,Yes,DSL,No,Yes,No,No,No,Yes,One year,No,Bank transfer (automatic),1905.22
MW-38736-WMPR,No,107.96,Female,0,Yes,Yes,31,Yes,Yes,No,No internet service,No internet service,No internet service,No internet service,No internet service,No internet service,Month-to-month,No,Bank transfer (automatic),3357.67
MW-34334-JQBK,No,69.02,Male,0,Yes,No,12,Yes,No,Fiber optic,Yes,Yes,No,No,Yes,Yes,Two year,Yes,Bank transfer (automatic),843.8
MW-35853-TYXH,No,33.11,Female,0,No,Yes,18,Yes,Yes,No,No internet service,No internet service,No internet service,No internet service,No internet service,No internet service,Two year,No,Credit card (automatic),586.74
MW-99306-EFFX,No,74.09,Male,0,Yes,No,54,No,No phone service,Fiber optic,No,No,No,No,No,No,Month-to-month,Yes,Credit card (automatic),4010.59
MW-80789-AHRC,Yes,78.67,Male,0,Yes,Yes,61,Yes,Yes,DSL,No,No,No,No,No,No,Month-to-month,No,Electronic check,4793.76
MW-69447-KDGJ,No,59.66,Female,0,Yes,No,57,Yes,Yes,Fiber optic,Yes,No,No,No,No,Yes,Two year,Yes,Bank transfer (automatic),3415.41
MW-15142-SXZR,Yes,62.44,Male,0,Yes,No,22,Yes,Yes,DSL,Yes,No,No,Yes,No,Yes,Month-to-month,No,Bank transfer (automatic),1375.41
MW-44026-TDRN,Yes,32.01,Male,0,Yes,No,9,Yes,No,Fiber optic,Yes,No,No,No,No,Yes,Month-to-month,Yes,Electronic check,297.39
MW-34246-ZQVV,No,66.91,Male,0,Yes,No,11,Yes,Yes,No,No internet service,No internet service,No internet service,No internet service,No internet service,No internet service,Two year,Yes,Electronic check,740.38
MW-57168-CPXJ,No,27.57,Male,0,Yes,Yes,28,Yes,Yes,Fiber optic,No,No,Yes,Yes,No,Yes,Two year,Yes,Electronic check,783.37
MW-76783-UZZG,No,56.48,Female,0,Yes,No,37,Yes,No,Fiber optic,No,Yes,Yes,Yes,No,No,One year,No,Bank transfer (automatic),2077.65
MW-17296-HZKF,Yes,43.92,Female,0,No,No,65,Yes,No,No,No internet service,No internet service,No internet service,No internet service,No internet service,No internet service,One year,No,Mailed check,2831.22
MW-65357-QNAC,No,93.49,Female,0,No,No,65,Yes,No,Fiber optic,No,No,No,No,Yes,No,Two year,Yes,Bank transfer (automatic),6091.68
MW-52142-QXRM,No,110.5,Male,1,Yes,No,0,Yes,No,Fiber optic,Yes,No,No,No,No,No,One year,Yes,Bank transfer (automatic),20.17
MW-32714-ZXKV,No,29.67,Female,0,No,No,51,Yes,Yes,Fiber optic,Yes,Yes,No,Yes,No,No,One year,No,Bank transfer (automatic),1511.43
MW-99887-XEQB,No,63.86,Male,1,Yes,No,21,No,No phone service,Fiber optic,No,No,No,No,No,No,Two year,Yes,Electronic check,1353.23
MW-98938-PYXP,No,54.69,Male,0,No,Yes,14,Yes,No,DSL,Yes,Yes,No,Yes,No,No,One year,Yes,Bank transfer (automatic),741.22
MW-46954-QWAS,Yes,77.93,Female,0,Yes,No,40,Yes,Yes,Fiber optic,No,Yes,Yes,Yes,No,No,Month-to-month,Yes,Bank transfer (automatic),3107.88
MW-51902-HUCM,Yes,66.89,Male,0,No,No,2,Yes,Yes,Fiber optic,Yes,Yes,Yes,No,No,No,Month-to-month,No,Electronic check,135.01
MW-41955-UTTY,No,52.38,Female,0,No,Yes,24,Yes,No,DSL,No,No,No,Yes,No,Yes,Month-to-month,Yes,Electronic check,1231.09
MW-37262-JTVY,No,66.81,Male,0,No,Yes,40,Yes,Yes,No,No internet service,No internet service,No internet service,No internet service,No internet service,No internet service,Month-to-month,No,Electronic check,2649.46
MW-12243-FFLV,No,57.56,Male,1,Yes,No,19,Yes,Yes,DSL,Yes,No,No,Yes,Yes,Yes,Month-to-month,Yes,Credit card (automatic),1096.01
MW-89292-XNTB,No,111.67,Female,1,No,Yes,43,Yes,No,Fiber optic,No,No,Yes,Yes,No,No,Month-to-month,Yes,Electronic check,4792.72
MW-53014-URHR,No,40.19,Male,0,No,Yes,33,No,No phone service,No,No internet service,No internet service,No internet service,No internet service,No internet service,No internet service,Two year,Yes,Electronic check,1321.07
MW-26989-YZRR,No,71.72,Female,0,Yes,Yes,58,Yes,No,DSL,No,Yes,Yes,No,No,Yes,Month-to-month,Yes,Electronic check,4153.67
MW-62751-RDJZ,No,79.29,Male,0,Yes,No,13,Yes,Yes,No,No internet service,No internet service,No internet service,No internet service,No internet service,No internet service,Month-to-month,No,Electronic check,1011.52
MW-41959-BHXS,Yes,77.15,Female,0,No,No,4,Yes,No,No,No internet service,No internet service,No internet service,No internet service,No internet service,No internet service,Month-to-month,Yes,Mailed check,305.34
MW-90262-KQUJ,No,55.06,Male,1,No,No,38,Yes,No,Fiber optic,Yes,No,Yes,No,Yes,No,Month-to-month,Yes,Credit card (automatic),2092.07
MW-34485-YKXR,No,105.05,Female,0,Yes,No,18,Yes,No,No,No internet service,No internet service,No internet service,No internet service,No internet service,No internet service,Two year,No,Mailed check,1882.16
MW-48146-BWCY,Yes,18.0,Female,0,Yes,No,51,Yes,Yes,Fiber optic,No,Yes,Yes,Yes,Yes,No,Month-to-month,Yes,Credit card (automatic),910.48
MW-13855-AZMC,Yes,31.18,Female,0,No,No,6,Yes,No,Fiber optic,Yes,No,Yes,No,No,No,Month-to-month,Yes,Electronic check,184.02
MW-40006-FENE,No,83.91,Female,0,No,Yes,41,No,No phone service,Fiber optic,No,Yes,No,Yes,No,No,Two year,Yes,Mailed check,3452.61
MW-13396-VZHC,No,37.6,Male,0,Yes,No,72,Yes,No,Fiber optic,No,Yes,No,Yes,Yes,Yes,Month-to-month,Yes,Credit card (automatic),2705.78
MW-49773-BSUY,Yes,35.84,Female,0,Yes,No,6,Yes,No,DSL,No,No,Yes,No,No,No,Month-to-month,Yes,Bank transfer (automatic),186.15
MW-67598-DPEA,No,49.98,Male,0,Yes,No,22,Yes,No,DSL,No,No,No,No,Yes,Yes,Two year,No,Credit card (automatic),1081.65
MW-37038-LBDT,Yes,40.43,Female,1,No,No,61,Yes,No,Fiber optic,Yes,No,No,No,No,No,One year,Yes,Electronic check,2480.21
MW-20581-FKYN,No,83.11,Female,0,No,No,38,Yes,No,No,No internet service,No internet service,No internet service,No internet service,No internet service,No internet service,One year,No,Mailed check,3147.9
MW-13594-DBKX,No,91.13,Male,0,No,Yes,12,Yes,No,No,No internet service,No internet service,No internet service,No internet service,No internet service,No internet service,Two year,Yes,Bank transfer (automatic),1092.23
MW-79204-AXMQ,No,66.65,Female,1,Yes,No,15,Yes,Yes,No,No internet service,No internet service,No internet service,No internet service,No internet service,No internet service,Two year,Yes,Electronic check,1028.62
MW-11551-PMHK,Yes,95.64,Female,1,No,No,55,Yes,No,DSL,No,No,No,No,No,Yes,Month-to-month,No,Credit card (automatic),5269.68
MW-43536-TEVY,No,22.41,Male,0,No,No,62,Yes,No,Fiber optic,No,Yes,No,No,Yes,No,Two year,No,Electronic check,1357.2
MW-22524-NMVC,Yes,66.28,Female,1,No,No,26,Yes,Yes,Fiber optic,Yes,No,Yes,No,No,No,One year,Yes,Electronic check,1744.95
MW-32462-UVJZ,No,104.44,Male,0,No,No,34,Yes,Yes,DSL,Yes,Yes,No,Yes,No,Yes,Month-to-month,Yes,Bank transfer (automatic),3553.2
MW-47949-MGGS,No,93.31,Male,0,No,Yes,57,Yes,No,Fiber optic,Yes,No,Yes,Yes,No,Yes,Two year,No,Bank transfer (automatic),5324.21
MW-27364-YZXC,Yes,107.09,Male,0,No,Yes,12,Yes,No,Fiber optic,No,No,No,No,No,No,Month-to-month,No,Credit card (automatic),1289.64
MW-51011-TVFM,Yes,46.3,Male,0,Yes,Yes,15,Yes,Yes,No,No internet service,No internet service,No internet service,No internet service,No internet service,No internet service,Two year,Yes,Credit card (automatic),708.2
MW-37218-BSQE,Yes,91.52,Male,0,No,No,56,No,No phone service,DSL,No,No,No,Yes,No,Yes,One year,No,Electronic check,5123.92
MW-23768-EFRP,No,51.2,Female,0,No,No,13,Yes,Yes,No,No internet service,No internet service,No internet service,No internet service,No internet service,No internet service,Month-to-month,No,Bank transfer (automatic),643.38
MW-56154-NGUQ,No,81.85,Male,0,Yes,No,56,Yes,No,No,No internet service,No internet service,No internet service,No internet service,No internet service,No internet service,Month-to-month,Yes,Credit card (automatic),4588.45
MW-73150-HCWU,No,103.33,Female,0,Yes,No,36,No,No phone service,Fiber optic,Yes,No,No,No,No,Yes,Two year,No,Electronic check,3699.15
MW-57022-HGZT,No,40.18,Male,0,Yes,Yes,72,Yes,No,DSL,Yes,Yes,No,No,No,Yes,One year,Yes,Mailed check,2920.21
MW-22868-DDNV,Yes,18.0,Female,1,No,No,2,Yes,No,DSL,No,Yes,No,Yes,Yes,Yes,Month-to-month,No,Credit card (automatic),30.57
MW-72225-BAQE,No,119.43,Male,0,No,No,69,Yes,Yes,No,No internet service,No internet service,No internet service,No internet service,No internet service,No internet service,Month-to-month,Yes,Electronic check,8239.89
MW-94035-PJWU,No,78.64,Female,0,No,No,16,Yes,Yes,DSL,No,No,Yes,No,Yes,Yes,One year,No,Credit card (automatic),1248.1
MW-62464-DALT,Yes,60.79,Female,0,No,Yes,2,Yes,No,DSL,Yes,Yes,No,Yes,No,Yes,Month-to-month,No,Mailed check,126.67
MW-25431-MFBZ,No,59.14,Male,0,Yes,Yes,52,Yes,Yes,No,No internet service,No internet service,No internet service,No internet service,No internet service,No internet service,One year,No,Credit card (automatic),3082.1
MW-60189-XGMD,No,18.0,Male,0,Yes,No,38,Yes,Yes,Fiber optic,No,No,No,Yes,No,No,One year,Yes,Bank transfer (automatic),673.82
MW-55966-KSRG,No,70.26,Female,0,Yes,Yes,61,Yes,No,Fiber optic,Yes,No,No,Yes,No,Yes,Month-to-month,Yes,Bank transfer (automatic),4292.66
MW-13337-JNNU,No,48.08,Female,0,Yes,No,7,Yes,Yes,DSL,No,Yes,No,No,Yes,No,One year,No,Credit card (automatic),337.58
MW-81942-MVGF,Yes,65.57,Female,1,No,No,5,Yes,Yes,Fiber optic,Yes,No,Yes,No,No,No,Month-to-month,Yes,Electronic check,326.41
MW-34252-YFVG,No,64.91,Male,0,No,No,41,Yes,No,No,No internet service,No internet service,No internet service,No internet service,No internet service,No internet service,Two year,Yes,Bank transfer (automatic),2650.04
MW-77227-CKCT,No,18.0,Male,1,Yes,No,64,Yes,Yes,DSL,No,No,No,No,Yes,No,Two year,No,Credit card (automatic),1186.72
MW-59174-ZPZX,No,78.7,Male,0,Yes,Yes,29,Yes,No,DSL,No,No,No,No,No,No,Month-to-month,No,Credit card (automatic),2300.04
MW-92945-YSJQ,Yes,69.67,Male,0,No,Yes,58,Yes,No,DSL,No,No,No,No,No,No,Month-to-month,Yes,Credit card (automatic),4051.79
MW-95378-GNUK,No,73.7,Female,0,No,Yes,66,Yes,No,Fiber optic,No,Yes,No,No,No,No,Month-to-month,No,Bank transfer (automatic),4881.1
MW-46712-MJBE,No,58.5,Female,1,Yes,Yes,63,Yes,Yes,DSL,No,No,No,No,Yes,No,Two year,No,Bank transfer (automatic),3690.0
MW-13472-DGBX,No,65.47,Male,0,Yes,No,37,No,No phone service,No,No internet service,No internet service,No internet service,No internet service,No internet service,No internet service,Month-to-month,Yes,Bank transfer (automatic),2417.15
MW-86877-UVPA,No,69.18,Male,0,No,No,50,Yes,No,DSL,No,Yes,No,No,No,Yes,One year,Yes,Bank transfer (automatic),3419.35
MW-74267-DFTV,No,72.23,Male,0,No,No,38,Yes,Yes,DSL,Yes,Yes,Yes,Yes,No,No,Two year,Yes,Bank transfer (automatic),2726.46
MW-37239-SQJB,Yes,78.27,Male,0,No,Yes,49,Yes,No,No,No internet service,No internet service,No internet service,No internet service,No internet service,No internet service,Month-to-month,No,Electronic check,3867.71
MW-39615-FVQU,No,72.48,Female,0,Yes,No,41,No,No phone service,No,No internet service,No internet service,No internet service,No internet service,No internet service,No internet service,One year,Yes,Electronic check,2989.08
MW-10696-XGQT,No,119.49,Female,0,No,No,38,Yes,Yes,Fiber optic,Yes,No,No,Yes,Yes,Yes,Month-to-month,Yes,Bank transfer (automatic),4543.65
MW-53570-UXYR,No,42.22,Female,0,No,Yes,31,Yes,Yes,No,No internet service,No internet service,No internet service,No internet service,No internet service,No internet service,One year,Yes,Electronic check,1285.16
MW-35198-WTHB,No,52.75,Female,1,Yes,No,47,Yes,Yes,DSL,Yes,No,No,Yes,Yes,No,Month-to-month,Yes,Electronic check,2488.77
MW-42222-XPPU,No,114.79,Female,0,Yes,Yes,54,Yes,No,Fiber optic,No,No,Yes,Yes,No,Yes,Two year,Yes,Electronic check,6194.49
MW-28470-DMTK,No,59.36,Male,0,No,Yes,67,Yes,Yes,DSL,Yes,No,Yes,Yes,No,Yes,Month-to-month,No,Credit card (automatic),3987.59
MW-97350-SPJS,No,91.95,Male,0,No,No,44,Yes,No,Fiber optic,Yes,No,No,No,No,No,Month-to-month,Yes,Credit card (automatic),4029.12
MW-10903-LVBV,Yes,68.07,Female,0,Yes,No,7,Yes,No,No,No internet service,No internet service,No internet service,No internet service,No internet service,No internet service,Two year,No,Bank transfer (automatic),469.14
MW-88818-USGZ,No,57.17,Male,0,Yes,No,42,Yes,Yes,No,No internet service,No internet service,No internet service,No internet service,No internet service,No internet service,Two year,No,Credit card (automatic),2414.42
MW-87043-RNFL,No,93.59,Female,0,Yes,No,23,Yes,No,DSL,No,No,No,Yes,No,No,One year,Yes,Credit card (automatic),2181.49
MW-55622-LHHC,Yes,79.55,Male,0,No,Yes,1,Yes,No,Fiber optic,No,No,Yes,Yes,No,No,One year,No,Electronic check,69.67
MW-17598-TFMH,Yes,18.0,Male,0,No,No,5,Yes,No,No,No internet service,No internet service,No internet service,No internet service,No internet service,No internet service,Month-to-month,No,Electronic check,75.01
MW-38592-ZNGZ,Yes,69.2,Female,0,No,No,43,Yes,No,Fiber optic,No,Yes,Yes,Yes,No,No,One year,No,Electronic check,2990.94
MW-18985-VUDX,No,34.15,Male,0,Yes,No,68,Yes,No,DSL,No,No,Yes,No,No,Yes,Month-to-month,No,Electronic check,2303.3
MW-77276-EEJA,No,102.13,Female,0,No,No,36,Yes,No,Fiber optic,No,No,No,Yes,No,No,Month-to-month,No,Bank transfer (automatic),3658.86
MW-24042-AAHN,No,116.61,Male,0,No,Yes,32,Yes,Yes,DSL,No,No,No,No,Yes,Yes,Two year,Yes,Electronic check,3735.51
MW-70154-CCNE,No,120.0,Male,0,No,No,6,Yes,Yes,Fiber optic,No,No,No,No,Yes,No,One year,No,Credit card (automatic),751.29
MW-65047-METT,Yes,74.73,Male,0,Yes,No,49,Yes,Yes,Fiber optic,No,Yes,No,Yes,No,No,Month-to-month,Yes,Bank transfer (automatic),3649.04
MW-74766-YYTC,Yes,50.15,Female,0,Yes,No,4,No,No phone service,Fiber optic,No,No,Yes,No,Yes,No,Month-to-month,No,Mailed check,195.05
MW-82552-PCSH,No,73.65,Male,0,Yes,No,61,Yes,No,Fiber optic,Yes,Yes,Yes,No,No,No,Two year,Yes,Credit card (automatic),4494.32
MW-38892-MRKJ,No,35.81,Female,0,Yes,Yes,59,Yes,No,Fiber optic,Yes,No,Yes,No,Yes,Yes,Month-to-month,Yes,Credit card (automatic),2105.7
MW-11222-LGFC,No,120.0,Male,0,No,Yes,72,Yes,Yes,DSL,No,Yes,No,No,No,No,Month-to-month,Yes,Credit card (automatic),8613.5
MW-78314-BLRA,No,99.83,Male,1,No,No,20,Yes,Yes,DSL,Yes,Yes,No,Yes,No,Yes,Month-to-month,Yes,Credit card (automatic),2008.63
MW-20678-MRWV,Yes,73.14,Male,0,No,No,11,Yes,No,Fiber optic,No,Yes,No,Yes,No,No,Month-to-month,No,Credit card (automatic),807.33
MW-94761-PZXH,No,93.91,Male,0,Yes,Yes,21,Yes,No,No,No internet service,No internet service,No internet service,No internet service,No internet service,No internet service,Month-to-month,Yes,Bank transfer (automatic),1977.61
MW-87981-LVTN,No,49.25,Female,0,Yes,No,58,Yes,Yes,No,No internet service,No internet service,No internet service,No internet service,No internet service,No internet service,Two year,Yes,Credit card (automatic),2854.37
MW-61327-MGNC,Yes,30.76,Male,0,No,Yes,15,Yes,Yes,DSL,No,No,Yes,Yes,No,No,Month-to-month,No,Electronic check,484.1
MW-77761-VLKW,No,18.0,Male,0,Yes,Yes,64,Yes,No,Fiber optic,Yes,Yes,No,Yes,No,No,Month-to-month,Yes,Bank transfer (automatic),1144.43
MW-82091-ZYWM,No,66.49,Male,0,Yes,No,11,Yes,Yes,Fiber optic,Yes,No,No,No,No,No,One year,Yes,Mailed check,715.23
MW-92310-UURF,No,57.76,Male,0,No,No,3,Yes,No,Fiber optic,Yes,Yes,Yes,No,Yes,No,One year,Yes,Electronic check,198.24
MW-72174-FTAA,Yes,79.58,Male,1,No,No,16,Yes,No,Fiber optic,No,Yes,Yes,No,Yes,Yes,One year,Yes,Electronic check,1240.3
MW-55209-SLXU,Yes,64.39,Female,0,Yes,No,55,Yes,No,No,No internet service,No internet service,No internet service,No internet service,No internet service,No internet service,One year,No,Electronic check,3539.14
MW-88370-GJGC,No,78.22,Male,0,No,No,43,Yes,Yes,DSL,No,Yes,No,Yes,Yes,No,One year,Yes,Electronic check,3362.33
MW-59067-HZZH,No,88.33,Female,0,No,No,25,Yes,Yes,Fiber optic,No,Yes,No,No,Yes,Yes,One year,Yes,Electronic check,2206.53
MW-75204-NBEK,No,20.19,Male,0,No,No,47,No,No phone service,Fiber optic,No,Yes,Yes,No,No,Yes,Two year,No,Mailed check,925.66
MW-33993-LSJK,No,90.07,Female,0,No,Yes,47,Yes,Yes,Fiber optic,No,No,No,No,Yes,No,One year,No,Credit card (automatic),4215.51
MW-34914-UXRF,No,51.8,Female,0,No,No,40,Yes,No,DSL,No,No,No,No,No,No,Two year,No,Bank transfer (automatic),2086.37
MW-45490-LPGC,Yes,79.53,Male,0,No,Yes,37,Yes,Yes,Fiber optic,Yes,Yes,No,Yes,Yes,No,Month-to-month,Yes,Bank transfer (automatic),2963.39
MW-70951-WCCE,Yes,94.67,Male,0,No,No,7,Yes,No,DSL,Yes,Yes,No,Yes,No,No,One year,Yes,Electronic check,656.43
MW-26855-AFCR,No,94.87,Male,0,No,No,18,Yes,No,Fiber optic,No,No,No,No,Yes,No,One year,No,Credit card (automatic),1693.7
MW-33440-XWPW,Yes,67.87,Male,0,Yes,Yes,38,Yes,No,Fiber optic,No,No,No,No,No,No,Month-to-month,No,Electronic check,2552.29
MW-28455-KRHK,No,69.35,Female,0,Yes,No,9,Yes,Yes,DSL,Yes,No,No,No,No,Yes,Two year,No,Electronic check,638.26
MW-16263-CGCH,No,90.76,Male,0,Yes,No,34,No,No phone service,No,No internet service,No internet service,No internet service,No internet service,No internet service,No internet service,Month-to-month,No,Mailed check,3100.83
MW-72285-SLWR,Yes,18.96,Female,0,Yes,Yes,8,Yes,No,No,No internet service,No internet service,No internet service,No internet service,No internet service,No internet service,Month-to-month,Yes,Credit card (automatic),109.52
MW-29034-ZPSU,No,35.45,Female,0,Yes,Yes,57,Yes,No,Fiber optic,No,No,Yes,No,Yes,No,Two year,No,Credit card (automatic),1984.29
MW-67966-EDMC,Yes,55.62,Female,0,Yes,No,7,Yes,No,No,No internet service,No internet service,No internet service,No internet service,No internet service,No internet service,Month-to-month,No,Credit card (automatic),391.39
MW-39112-ZZEH,Yes,24.02,Female,0,No,No,6,Yes,Yes,No,No internet service,No internet service,No internet service,No internet service,No internet service,No internet service,Month-to-month,Yes,Bank transfer (automatic),148.11
MW-85948-FZVG,No,55.85,Male,0,No,Yes,46,Yes,Yes,DSL,Yes,Yes,No,No,Yes,Yes,Month-to-month,Yes,Mailed check,2561.94
MW-57067-TBDN,No,54.21,Female,0,Yes,No,16,Yes,Yes,Fiber optic,Yes,No,No,No,No,Yes,Two year,No,Bank transfer (automatic),866.87
MW-47551-HENX,No,66.61,Male,0,No,No,25,No,No phone service,Fiber optic,No,No,Yes,No,Yes,No,Month-to-month,Yes,Electronic check,1661.54
MW-65237-NLCL,No,62.29,Male,0,No,No,22,Yes,No,Fiber optic,No,No,Yes,No,No,No,One year,No,Electronic check,1370.78
MW-19466-WKWC,No,96.08,Female,0,Yes,Yes,15,Yes,No,No,No internet service,No internet service,No internet service,No internet service,No internet service,No internet service,Two year,No,Credit card (automatic),1427.69
MW-25247-RQGD,No,81.19,Male,0,Yes,No,55,Yes,Yes,Fiber optic,No,No,No,No,No,No,One year,Yes,Credit card (automatic),4465.27
MW-47541-SRKK,Yes,61.87,Female,0,No,No,50,Yes,Yes,DSL,No,No,No,No,Yes,No,Two year,Yes,Electronic check,3083.38
MW-89559-XWKN,No,54.0,Female,0,Yes,No,17,Yes,Yes,Fiber optic,No,No,Yes,No,No,Yes,Two year,No,Electronic check,906.63
MW-69347-KXMA,No,62.57,Female,0,No,No,50,Yes,No,Fiber optic,No,Yes,No,No,Yes,No,Month-to-month,Yes,Electronic check,3100.5
MW-55123-CTAP,No,63.1,Female,0,Yes,No,52,Yes,Yes,Fiber optic,No,No,Yes,No,No,Yes,Two year,Yes,Mailed check,3278.57
MW-48262-PERC,Yes,120.0,Male,0,No,Yes,39,Yes,No,DSL,No,Yes,No,No,Yes,No,Month-to-month,Yes,Electronic check,4692.04
MW-91210-YTDK,No,20.27,Female,0,No,No,42,Yes,Yes,DSL,No,No,No,No,No,No,Month-to-month,Yes,Bank transfer (automatic),846.46
MW-25611-XBGS,No,36.21,Male,0,No,Yes,68,Yes,No,Fiber optic,Yes,Yes,No,No,No,Yes,Month-to-month,Yes,Electronic check,2456.98
MW-61151-NGDH,No,31.81,Female,0,Yes,No,33,Yes,Yes,DSL,No,No,No,Yes,Yes,Yes,One year,Yes,Electronic check,1068.57
MW-77481-LBQL,No,72.08,Male,0,Yes,No,28,Yes,No,Fiber optic,Yes,No,No,No,No,No,Month-to-month,No,Electronic check,2033.61
MW-54735-GXWW,No,70.89,Male,0,Yes,No,39,No,No phone service,DSL,Yes,No,Yes,Yes,Yes,No,One year,No,Credit card (automatic),2790.73
MW-70707-YHJH,Yes,46.81,Female,0,Yes,No,61,Yes,Yes,Fiber optic,No,Yes,No,Yes,Yes,No,Month-to-month,No,Electronic check,2889.27
MW-48241-FWJT,No,90.88,Female,0,Yes,Yes,51,Yes,No,DSL,No,No,No,No,No,No,Month-to-month,No,Mailed check,4635.77
MW-61366-ZEHX,No,75.09,Male,0,Yes,Yes,5,Yes,No,DSL,No,No,No,No,Yes,Yes,Month-to-month,Yes,Bank transfer (automatic),358.09
MW-89858-KXPJ,No,92.14,Male,0,No,Yes,33,Yes,No,Fiber optic,No,Yes,No,No,No,Yes,Two year,No,Credit card (automatic),3032.8
MW-89223-LXBR,No,100.1,Male,0,No,Yes,54,Yes,No,DSL,No,Yes,Yes,No,No,No,Month-to-month,Yes,Electronic check,5414.0
MW-25398-WXPK,No,18.0,Male,0,No,No,16,Yes,No,DSL,No,Yes,No,No,Yes,No,Month-to-month,Yes,Bank transfer (automatic),309.6
MW-43109-ZKKN,No,84.57,Male,0,Yes,No,72,Yes,No,Fiber optic,No,No,Yes,Yes,No,No,Month-to-month,No,Electronic check,6073.31
MW-49146-MGKN,No,25.3,Female,0,No,No,58,Yes,Yes,DSL,No,No,No,Yes,No,Yes,Month-to-month,Yes,Bank transfer (automatic),1471.23
MW-43770-CNTE,No,71.48,Female,1,Yes,Yes,61,Yes,No,DSL,No,No,Yes,No,Yes,Yes,One year,Yes,Mailed check,4348.39
MW-92516-FXXC,No,61.81,Male,0,No,Yes,5,Yes,Yes,Fiber optic,Yes,No,No,No,No,No,Month-to-month,No,Credit card (automatic),306.85
MW-92412-BXZN,Yes,63.09,Male,0,No,No,42,Yes,No,Fiber optic,No,Yes,No,No,Yes,No,Month-to-month,No,Credit card (automatic),2647.36
MW-15387-WMHW,No,27.86,Male,0,Yes,Yes,38,Yes,Yes,Fiber optic,Yes,Yes,Yes,Yes,Yes,No,Two year,Yes,Credit card (automatic),1064.4
MW-99634-MLQH,Yes,94.91,Male,0,No,Yes,45,Yes,Yes,No,No internet service,No internet service,No internet service,No internet service,No internet service,No internet service,Month-to-month,Yes,Credit card (automatic),4301.43
MW-61334-GDCS,Yes,25.29,Male,0,Yes,No,62,Yes,Yes,Fiber optic,No,Yes,No,No,No,No,Month-to-month,Yes,Electronic check,1575.11
MW-27033-LVPN,No,86.52,Male,0,No,Yes,25,Yes,Yes,Fiber optic,No,Yes,Yes,No,Yes,No,One year,No,Bank transfer (automatic),2156.55
MW-97711-ZGWY,No,21.04,Female,0,No,No,38,Yes,Yes,No,No internet service,No internet service,No internet service,No internet service,No internet service,No internet service,One year,Yes,Electronic check,790.6
MW-37184-PRWP,No,63.46,Female,0,Yes,Yes,49,Yes,No,Fiber optic,No,No,Yes,No,No,No,One year,Yes,Electronic check,3106.68
MW-86584-LVXJ,No,118.13,Male,0,Yes,Yes,54,No,No phone service,Fiber optic,No,No,No,No,No,Yes,Month-to-month,Yes,Mailed check,6365.94
MW-85700-MTSJ,No,120.0,Male,0,Yes,No,56,Yes,No,Fiber optic,No,No,Yes,No,Yes,No,Month-to-month,Yes,Bank transfer (automatic),6722.09
MW-21279-TGDF,No,18.0,Male,1,Yes,No,24,Yes,No,Fiber optic,No,No,Yes,No,No,No,Month-to-month,No,Bank transfer (automatic),395.83
MW-91635-ZXDV,No,42.86,Female,1,No,No,72,Yes,No,No,No internet service,No internet service,No internet service,No internet service,No internet service,No internet service,Month-to-month,Yes,Credit card (automatic),3082.75
MW-97294-JEGB,Yes,48.32,Female,0,Yes,Yes,0,No,No phone service,DSL,Yes,No,No,No,No,Yes,Month-to-month,No,Bank transfer (automatic),0.0
MW-28427-EDDH,No,120.0,Female,0,No,No,35,Yes,Yes,No,No internet service,No internet service,No internet service,No internet service,No internet service,No internet service,Two year,Yes,Credit card (automatic),4182.59
MW-42301-XQER,No,61.95,Male,1,No,Yes,44,Yes,No,Fiber optic,No,No,No,No,No,No,One year,Yes,Credit card (automatic),2720.07
MW-98434-YCFL,No,96.24,Male,0,No,No,4,Yes,Yes,Fiber optic,No,Yes,Yes,No,No,No,Month-to-month,No,Credit card (automatic),401.76
MW-78428-DNQG,No,72.99,Male,0,Yes,No,32,Yes,Yes,Fiber optic,No,No,Yes,Yes,No,No,Month-to-month,No,Electronic check,2353.56
MW-21509-GTPQ,No,28.02,Female,0,No,No,43,Yes,Yes,DSL,No,No,Yes,No,No,Yes,One year,Yes,Bank transfer (automatic),1196.86
MW-79004-BTPS,No,18.0,Female,0,No,Yes,44,Yes,Yes,DSL,No,No,Yes,Yes,Yes,No,Month-to-month,No,Bank transfer (automatic),799.85
MW-61485-HXAS,No,45.61,Male,1,Yes,No,8,Yes,No,No,No internet service,No internet service,No internet service,No internet service,No internet service,No internet service,Month-to-month,Yes,Credit card (automatic),342.4
MW-44618-BVVN,Yes,120.0,Male,0,Yes,Yes,20,Yes,Yes,Fiber optic,No,No,Yes,Yes,No,No,Month-to-month,Yes,Electronic check,2395.56
MW-35960-PFAC,No,71.73,Female,0,No,No,17,Yes,Yes,No,No internet service,No internet service,No internet service,No internet service,No internet service,No internet service,One year,No,Electronic check,1222.87
MW-25218-FMEV,Yes,95.63,Male,0,No,No,46,Yes,No,DSL,No,No,No,Yes,No,Yes,One year,Yes,Mailed check,4421.88
MW-20733-SQRA,Yes,21.45,Female,0,No,No,24,Yes,No,DSL,No,No,No,No,No,Yes,Month-to-month,Yes,Electronic check,532.69
MW-37215-GFAL,No,54.24,Male,0,No,No,41,Yes,Yes,DSL,No,No,No,No,No,No,Month-to-month,Yes,Credit card (automatic),2226.97
MW-80635-KKSS,No,87.37,Male,0,No,No,53,Yes,No,DSL,Yes,No,No,No,No,No,One year,No,Electronic check,4616.94
MW-51668-HEKJ,No,31.26,Male,0,Yes,No,58,Yes,Yes,Fiber optic,No,No,No,Yes,No,No,One year,Yes,Mailed check,1833.46
MW-22200-CNKZ,No,62.08,Male,0,Yes,Yes,13,No,No phone service,No,No internet service,No internet service,No internet service,No internet service,No internet service,No internet service,One year,Yes,Bank transfer (automatic),801.94
MW-15477-DYJK,No,37.61,Female,0,No,No,65,Yes,Yes,No,No internet service,No internet service,No internet service,No internet service,No internet service,No internet service,Month-to-month,Yes,Mailed check,2451.38
MW-89910-GJBY,No,88.79,Female,0,No,No,12,Yes,Yes,Fiber optic,No,No,Yes,No,No,No,One year,Yes,Electronic check,1063.64
MW-46633-JWUT,No,75.96,Male,0,No,No,1,Yes,No,DSL,Yes,No,No,Yes,No,No,Two year,Yes,Bank transfer (automatic),105.84
MW-84106-KQJT,Yes,84.5,Male,0,No,No,3,No,No phone service,Fiber optic,No,Yes,No,Yes,No,Yes,One year,No,Mailed check,244.35
MW-34698-VTKW,Yes,90.13,Female,1,Yes,No,14,Yes,No,Fiber optic,No,No,Yes,Yes,Yes,No,Month-to-month,Yes,Credit card (automatic),1275.56
MW-95761-ATWR,No,57.17,Female,0,Yes,No,63,Yes,Yes,Fiber optic,No,No,No,No,No,No,One year,No,Bank transfer (automatic),3600.41
MW-63683-MYAY,Yes,94.1,Female,0,No,No,15,Yes,Yes,Fiber optic,Yes,Yes,No,No,No,No,Month-to-month,Yes,Credit card (automatic),1420.04
MW-45079-GLGZ,No,46.3,Female,0,No,No,50,Yes,Yes,DSL,Yes,No,Yes,Yes,No,No,Month-to-month,Yes,Electronic check,2339.3
MW-21462-KKQF,No,82.77,Female,0,Yes,No,30,Yes,Yes,DSL,Yes,Yes,Yes,Yes,No,Yes,Month-to-month,Yes,Bank transfer (automatic),2453.03
MW-99768-JETC,No,18.0,Female,0,No,No,2,Yes,No,No,No internet service,No internet service,No internet service,No internet service,No internet service,No internet service,Two year,No,Bank transfer (automatic),35.02
MW-32605-RJCZ,Yes,41.61,Female,0,No,Yes,32,Yes,Yes,Fiber optic,Yes,No,Yes,No,Yes,No,Month-to-month,No,Bank transfer (automatic),1318.11
MW-51216-JHBY,No,120.0,Male,0,Yes,No,2,Yes,No,No,No internet service,No internet service,No internet service,No internet service,No internet service,No internet service,Two year,No,Mailed check,246.69
MW-89403-XCGD,No,82.33,Male,0,No,No,34,Yes,Yes,DSL,No,No,Yes,Yes,No,No,Month-to-month,Yes,Electronic check,2809.59
MW-29075-SDKP,No,82.34,Male,0,Yes,Yes,40,Yes,No,Fiber optic,Yes,No,No,No,No,No,Month-to-month,No,Electronic check,3286.54
MW-20464-YZLE,Yes,39.28,Male,0,No,No,38,Yes,No,DSL,No,No,Yes,Yes,Yes,No,Month-to-month,Yes,Credit card (automatic),1484.81
MW-48171-PJLW,No,31.17,Female,0,Yes,No,20,No,No phone service,No,No internet service,No internet service,No internet service,No internet service,No internet service,No internet service,One year,Yes,Credit card (automatic),626.46
MW-72992-LNPJ,No,56.07,Male,0,No,Yes,55,Yes,No,DSL,No,Yes,No,No,Yes,No,Month-to-month,Yes,Electronic check,3064.75
MW-17221-XLQT,Yes,61.99,Female,0,No,Yes,43,Yes,No,Fiber optic,No,No,No,No,Yes,No,Month-to-month,No,Bank transfer (automatic),2670.57
MW-47303-VJAR,Yes,120.0,Male,0,No,No,18,Yes,Yes,DSL,No,No,No,No,No,No,Month-to-month,No,Bank transfer (automatic),2147.73
MW-88340-CVZB,No,94.57,Male,0,No,Yes,31,No,No phone service,DSL,No,No,No,No,No,No,Month-to-month,No,Bank transfer (automatic),2942.67
MW-31707-ATSY,Yes,67.27,Male,0,No,No,7,Yes,Yes,DSL,No,Yes,Yes,No,No,No,Month-to-month,Yes,Electronic check,451.12
MW-75117-DBJB,No,65.97,Male,0,No,No,67,Yes,No,Fiber optic,Yes,Yes,No,No,Yes,Yes,Month-to-month,Yes,Credit card (automatic),4411.48
MW-30452-XQSS,No,86.74,Male,0,No,No,54,Yes,No,No,No internet service,No internet service,No internet service,No internet service,No internet service,No internet service,Month-to-month,Yes,Bank transfer (automatic),4672.69
MW-26379-NMFY,No,24.44,Female,0,No,No,21,Yes,No,No,No internet service,No internet service,No internet service,No internet service,No internet service,No internet service,Two year,Yes,Bank transfer (automatic),508.77
MW-74057-PDEC,Yes,18.0,Male,0,No,Yes,49,Yes,No,Fiber optic,No,No,No,Yes,No,Yes,Month-to-month,Yes,Bank transfer (automatic),902.65
MW-59902-XAYV,No,86.3,Male,0,Yes,Yes,49,Yes,Yes,Fiber optic,No,No,Yes,No,No,Yes,Month-to-month,Yes,Bank transfer (automatic),4241.39
MW-57567-DCYQ,No,66.16,Male,0,Yes,Yes,44,Yes,No,Fiber optic,No,Yes,No,Yes,No,No,Month-to-month,No,Electronic check,2903.84
MW-73347-YYAB,Yes,24.64,Female,0,Yes,No,3,Yes,Yes,DSL,No,No,Yes,Yes,No,No,Month-to-month,No,Credit card (automatic),66.71
MW-60161-VCVW,Yes,18.0,Female,0,No,No,64,Yes,Yes,No,No internet service,No internet service,No internet service,No internet service,No internet service,No internet service,One year,Yes,Electronic check,1165.28
MW-42891-MGZL,No,90.82,Female,0,No,Yes,69,Yes,No,Fiber optic,No,Yes,No,Yes,No,No,Month-to-month,No,Credit card (automatic),6249.12
MW-60177-FPJT,No,48.35,Female,1,No,Yes,71,Yes,No,Fiber optic,No,No,No,No,Yes,No,Month-to-month,Yes,Credit card (automatic),3433.19
MW-13416-ZEFW,No,76.01,Male,0,Yes,Yes,71,Yes,Yes,DSL,No,No,Yes,No,Yes,No,One year,Yes,Bank transfer (automatic),5387.62
MW-14730-WUDC,Yes,56.09,Female,0,No,No,67,Yes,Yes,DSL,No,No,Yes,No,No,Yes,Month-to-month,Yes,Bank transfer (automatic),3755.45
MW-34427-HCMS,No,62.97,Male,0,Yes,No,53,Yes,No,Fiber optic,No,Yes,No,Yes,No,No,Two year,Yes,Electronic check,3349.55
MW-49590-TMJL,No,46.23,Female,0,No,No,4,No,No phone service,No,No internet service,No internet service,No internet service,No internet service,No internet service,No internet service,Two year,No,Mailed check,174.88
MW-33680-TFAT,Yes,61.7,Female,0,No,Yes,33,Yes,No,Fiber optic,Yes,No,Yes,Yes,No,Yes,Month-to-month,Yes,Bank transfer (automatic),2050.71
MW-11999-RCQJ,No,81.31,Female,0,No,No,17,Yes,No,Fiber optic,Yes,No,No,No,No,No,Month-to-month,Yes,Electronic check,1415.26
MW-71384-XTMZ,No,55.73,Female,0,No,No,16,Yes,Yes,Fiber optic,No,Yes,No,Yes,Yes,Yes,Month-to-month,Yes,Electronic check,900.74
MW-69975-SFQR,No,54.02,Female,0,No,No,60,Yes,Yes,Fiber optic,No,Yes,Yes,No,No,No,Month-to-month,No,Credit card (automatic),3239.94
MW-33832-VBXG,No,82.23,Female,0,No,No,59,No,No phone service,DSL,No,Yes,Yes,No,Yes,No,Month-to-month,Yes,Electronic check,4868.93
MW-16419-NCDV,No,84.23,Male,0,No,Yes,38,No,No phone service,DSL,Yes,No,No,Yes,Yes,Yes,One year,Yes,Mailed check,3184.11
MW-51251-TLBX,Yes,29.88,Male,0,No,No,53,Yes,No,Fiber optic,Yes,No,No,No,No,Yes,Month-to-month,Yes,Electronic check,1606.46
MW-41730-EAFS,No,63.13,Male,0,No,No,9,Yes,No,DSL,No,No,Yes,No,No,Yes,Month-to-month,Yes,Bank transfer (automatic),556.87
MW-13306-HNCS,No,48.29,Male,0,Yes,No,16,Yes,No,DSL,No,No,No,No,No,No,Month-to-month,Yes,Mailed check,805.16
MW-74664-ZZXZ,No,64.41,Male,1,Yes,No,62,Yes,Yes,Fiber optic,No,Yes,Yes,No,No,No,Two year,No,Credit card (automatic),3982.66
MW-50255-WVUF,No,107.02,Male,0,Yes,Yes,32,Yes,No,DSL,No,No,Yes,Yes,No,Yes,Two year,Yes,Mailed check,3434.57
MW-84929-EUGY,Yes,74.77,Female,0,Yes,Yes,39,Yes,No,No,No internet service,No internet service,No internet service,No internet service,No internet service,No internet service,Month-to-month,Yes,Electronic check,2892.64
MW-58329-SJNJ,No,120.0,Male,0,No,No,33,Yes,No,No,No internet service,No internet service,No internet service,No internet service,No internet service,No internet service,One year,Yes,Mailed check,3956.8
MW-99155-FMQS,Yes,70.59,Female,0,Yes,Yes,14,Yes,Yes,No,No internet service,No internet service,No internet service,No internet service,No internet service,No internet service,Month-to-month,Yes,Electronic check,972.06
MW-39455-JFDD,No,59.01,Male,0,Yes,No,60,Yes,No,No,No internet service,No internet service,No internet service,No internet service,No internet service,No internet service,One year,No,Credit card (automatic),3518.98
MW-32193-PGQR,No,63.41,Male,0,No,Yes,55,Yes,Yes,DSL,Yes,Yes,No,No,No,No,One year,Yes,Electronic check,3505.63
MW-11220-VBXY,No,68.28,Female,0,Yes,Yes,49,Yes,No,Fiber optic,Yes,No,No,No,No,No,Two year,Yes,Electronic check,3327.31
MW-57657-LPYC,Yes,73.69,Female,0,Yes,Yes,25,Yes,Yes,Fiber optic,No,No,No,No,No,Yes,Month-to-month,Yes,Mailed check,1831.22
MW-91474-ZTTG,Yes,34.24,Male,0,No,Yes,46,Yes,No,DSL,Yes,No,Yes,Yes,No,Yes,Month-to-month,No,Electronic check,1562.27
MW-11562-ZUYX,No,57.01,Male,1,Yes,No,69,Yes,Yes,No,No internet service,No internet service,No internet service,No internet service,No internet service,No internet service,Two year,Yes,Bank transfer (automatic),3950.78
MW-12362-SNKE,No,42.27,Male,0,Yes,No,47,Yes,Yes,DSL,Yes,No,No,No,No,No,Month-to-month,Yes,Mailed check,2001.95
MW-31861-AMQP,No,94.89,Male,0,No,No,36,Yes,Yes,Fiber optic,Yes,Yes,Yes,Yes,Yes,No,Month-to-month,Yes,Credit card (automatic),3435.09
MW-84140-MJKU,No,18.0,Male,0,No,No,19,Yes,Yes,Fiber optic,No,No,No,No,No,Yes,One year,Yes,Electronic check,330.2
MW-29651-YGRW,No,68.71,Female,0,Yes,Yes,38,Yes,Yes,No,No internet service,No internet service,No internet service,No internet service,No internet service,No internet service,One year,Yes,Bank transfer (automatic),2631.22
MW-39832-KLPQ,No,18.45,Female,0,Yes,No,27,Yes,No,Fiber optic,No,Yes,No,Yes,Yes,Yes,One year,Yes,Bank transfer (automatic),486.23
MW-66374-YBVF,Yes,76.97,Male,0,Yes,No,44,Yes,Yes,Fiber optic,Yes,No,No,No,No,No,One year,Yes,Electronic check,3375.36
MW-18623-JLNT,Yes,52.03,Male,0,Yes,No,3,Yes,Yes,DSL,No,No,No,Yes,No,No,One year,No,Bank transfer (automatic),145.61
MW-10044-EZWB,Yes,18.0,Female,0,Yes,Yes,13,No,No phone service,Fiber optic,No,No,No,No,Yes,Yes,Month-to-month,Yes,Credit card (automatic),224.07
MW-78250-PYAH,No,92.27,Female,0,No,No,57,Yes,Yes,Fiber optic,No,No,Yes,Yes,No,No,One year,Yes,Credit card (automatic),5258.03
MW-43107-MZPB,No,18.0,Male,0,Yes,No,27,Yes,Yes,Fiber optic,No,No,No,No,Yes,Yes,One year,Yes,Credit card (automatic),473.42
MW-46319-RNQU,No,63.06,Female,0,Yes,No,31,Yes,Yes,Fiber optic,No,Yes,No,No,Yes,No,Two year,No,Bank transfer (automatic),1958.33
MW-98288-CJDZ,No,84.74,Female,1,No,No,39,Yes,Yes,DSL,No,Yes,No,No,No,Yes,Month-to-month,No,Mailed check,3265.72
MW-59936-YYGH,Yes,105.3,Female,0,No,Yes,31,Yes,No,DSL,No,No,No,Yes,No,No,Month-to-month,Yes,Credit card (automatic),3267.72
MW-56008-MAWE,No,18.0,Male,1,Yes,No,55,Yes,No,No,No internet service,No internet service,No internet service,No internet service,No internet service,No internet service,One year,No,Electronic check,973.65
MW-27451-SADS,Yes,48.52,Male,0,Yes,Yes,17,No,No phone service,DSL,Yes,Yes,No,Yes,No,Yes,Month-to-month,Yes,Bank transfer (automatic),814.8
MW-89003-BDEM,Yes,96.51,Female,0,Yes,No,55,Yes,Yes,Fiber optic,No,No,Yes,No,No,No,Month-to-month,No,Bank transfer (automatic),5298.37
MW-97074-FEEW,No,98.54,Female,0,No,Yes,15,Yes,Yes,Fiber optic,Yes,Yes,Yes,No,No,No,Two year,No,Credit card (automatic),1492.25
MW-57113-VHRS,Yes,102.42,Female,1,No,No,27,Yes,Yes,No,No internet service,No internet service,No internet service,No internet service,No internet service,No internet service,Month-to-month,Yes,Credit card (automatic),2772.91
MW-43018-FQBK,Yes,120.0,Male,0,No,No,42,Yes,No,DSL,No,No,No,No,No,No,Month-to-month,No,Electronic check,5037.52
MW-39829-QUJC,No,48.74,Male,0,Yes,No,64,Yes,No,DSL,No,No,No,No,Yes,Yes,Month-to-month,No,Bank transfer (automatic),3108.63
MW-13273-TTCE,Yes,75.17,Male,0,Yes,Yes,16,Yes,Yes,No,No internet service,No internet service,No internet service,No internet service,No internet service,No internet service,Month-to-month,Yes,Electronic check,1214.46
MW-16486-GBUZ,No,53.62,Male,0,Yes,Yes,42,Yes,No,Fiber optic,Yes,No,No,Yes,No,No,Two year,Yes,Credit card (automatic),2278.96
MW-39500-WEGG,Yes,18.0,Female,1,Yes,No,4,No,No phone service,Fiber optic,No,No,No,No,No,No,Month-to-month,Yes,Bank transfer (automatic),71.58
MW-44072-MAFS,No,61.3,Female,0,Yes,Yes,5,Yes,Yes,Fiber optic,No,No,No,No,No,No,Month-to-month,Yes,Electronic check,282.53
MW-64397-RULA,Yes,18.0,Female,0,Yes,No,56,Yes,No,Fiber optic,No,No,No,No,No,No,Month-to-month,No,Credit card (automatic),997.46
MW-65505-ZNXW,No,48.38,Female,0,No,No,52,Yes,No,No,No internet service,No internet service,No internet service,No internet service,No internet service,No internet service,Month-to-month,Yes,Mailed check,2524.15
MW-55506-CURV,Yes,19.96,Male,0,No,Yes,27,Yes,Yes,Fiber optic,No,No,No,Yes,No,Yes,Month-to-month,Yes,Bank transfer (automatic),532.28
MW-98507-SBCG,No,77.17,Female,0,Yes,No,45,Yes,No,No,No internet service,No internet service,No internet service,No internet service,No internet service,No internet service,Month-to-month,Yes,Credit card (automatic),3459.77
MW-91014-ENZN,Yes,40.64,Female,1,Yes,No,27,Yes,No,No,No internet service,No internet service,No internet service,No internet service,No internet service,No internet service,Month-to-month,Yes,Bank transfer (automatic),1083.75
MW-75424-JUMY,No,18.0,Female,1,No,No,20,Yes,Yes,Fiber optic,No,No,No,No,Yes,No,Month-to-month,No,Bank transfer (automatic),361.38
MW-28144-LTBM,Yes,89.97,Female,1,No,Yes,31,Yes,No,Fiber optic,Yes,Yes,Yes,No,Yes,No,Month-to-month,Yes,Electronic check,2766.06
MW-21191-LQUA,Yes,45.89,Male,0,Yes,No,22,Yes,Yes,Fiber optic,No,No,Yes,Yes,No,Yes,Month-to-month,Yes,Electronic check,1009.06
MW-48758-HLRC,Yes,51.04,Female,0,No,No,59,No,No phone service,No,No internet service,No internet service,No internet service,No internet service,No internet service,No internet service,Month-to-month,Yes,Electronic check,3012.69
MW-54367-STNU,Yes,34.67,Female,0,No,No,30,Yes,Yes,Fiber optic,No,No,No,Yes,No,Yes,Month-to-month,No,Electronic check,1033.36
MW-44495-NZBM,No,98.47,Female,0,No,Yes,23,Yes,No,DSL,Yes,No,No,No,No,No,Month-to-month,Yes,Mailed check,2249.17
MW-13789-TCSD,No,72.12,Male,1,No,No,39,No,No phone service,No,No internet service,No internet service,No internet service,No internet service,No internet service,No internet service,Month-to-month,Yes,Bank transfer (automatic),2827.96
MW-33865-QXFE,No,45.61,Male,0,No,No,55,Yes,Yes,Fiber optic,No,No,No,No,No,No,Month-to-month,No,Bank transfer (automatic),2488.56
MW-73664-QJVD,No,18.0,Male,0,Yes,No,19,Yes,No,No,No internet service,No internet service,No internet service,No internet service,No internet service,No internet service,One year,No,Electronic check,344.59
MW-66542-UVTH,Yes,120.0,Male,0,No,Yes,68,Yes,Yes,Fiber optic,No,No,No,No,No,Yes,Month-to-month,Yes,Bank transfer (automatic),8170.92
MW-81786-TJLT,No,120.0,Female,1,Yes,No,33,Yes,Yes,Fiber optic,No,Yes,No,No,Yes,No,One year,Yes,Credit card (automatic),3962.39
MW-38174-YQZQ,No,107.29,Male,1,Yes,No,48,Yes,No,Fiber optic,Yes,No,No,No,No,Yes,One year,Yes,Electronic check,5168.39
MW-53590-WBEF,Yes,42.9,Female,1,Yes,No,69,Yes,No,Fiber optic,Yes,No,No,No,No,No,Month-to-month,Yes,Bank transfer (automatic),2943.07
MW-11448-HGSZ,No,48.97,Male,0,No,No,31,Yes,No,DSL,No,No,Yes,No,No,No,Month-to-month,No,Electronic check,1506.21
MW-48256-EFYJ,Yes,76.02,Female,1,Yes,No,14,Yes,No,Fiber optic,Yes,No,No,Yes,Yes,No,Month-to-month,No,Bank transfer (automatic),1057.36
MW-45707-SEXM,No,37.18,Female,1,Yes,No,54,Yes,No,Fiber optic,Yes,No,Yes,No,No,No,Month-to-month,Yes,Bank transfer (automatic),2057.08
MW-52575-WAPV,No,34.32,Female,0,Yes,Yes,0,Yes,No,No,No internet service,No internet service,No internet service,No internet service,No internet service,No internet service,Month-to-month,Yes,Electronic check,7.62
MW-57055-DXUM,No,107.76,Female,1,No,No,33,Yes,No,DSL,No,Yes,No,Yes,Yes,No,Month-to-month,Yes,Electronic check,3566.51
MW-42071-XWEA,No,62.35,Female,0,Yes,No,71,No,No phone service,DSL,Yes,Yes,No,No,No,Yes,Two year,Yes,Credit card (automatic),4436.65
MW-70356-FLSE,Yes,30.4,Male,0,Yes,Yes,30,Yes,No,Fiber optic,No,No,Yes,No,No,No,Month-to-month,No,Electronic check,913.18
MW-80085-HKNL,No,92.58,Female,0,Yes,No,49,Yes,Yes,DSL,No,No,Yes,Yes,No,No,One year,Yes,Bank transfer (automatic),4552.16
MW-53395-LSSV,No,46.78,Female,0,Yes,Yes,38,Yes,No,DSL,No,No,No,Yes,No,No,One year,No,Bank transfer (automatic),1749.59
MW-46301-YYWH,No,18.0,Female,0,No,Yes,15,Yes,Yes,Fiber optic,No,No,Yes,No,Yes,No,Month-to-month,No,Electronic check,274.15
MW-96588-SSSW,No,29.96,Male,0,Yes,No,23,Yes,Yes,Fiber optic,No,No,No,No,No,No,Two year,No,Bank transfer (automatic),695.5
MW-60590-UKFP,No,48.51,Male,0,No,No,38,Yes,Yes,Fiber optic,Yes,Yes,Yes,No,Yes,No,Two year,No,Bank transfer (automatic),1858.66
MW-40712-QSBB,Yes,70.6,Female,0,No,No,7,Yes,Yes,Fiber optic,No,No,No,No,Yes,Yes,Month-to-month,No,Electronic check,476.86
MW-63225-TQTP,No,69.15,Female,0,Yes,Yes,30,No,No phone service,No,No internet service,No internet service,No internet service,No internet service,No internet service,No internet service,Month-to-month,Yes,Credit card (automatic),2058.27
MW-47622-VHNZ,No,100.83,Male,0,No,No,30,Yes,No,Fiber optic,No,No,No,Yes,No,Yes,Month-to-month,Yes,Mailed check,3009.62
MW-51558-ZBDY,Yes,56.89,Female,0,Yes,Yes,60,Yes,No,No,No internet service,No internet service,No internet service,No internet service,No internet service,No internet service,Month-to-month,No,Bank transfer (automatic),3421.23
MW-88068-PRAB,No,50.03,Female,1,No,No,9,Yes,No,DSL,Yes,No,No,Yes,No,Yes,Month-to-month,Yes,Electronic check,458.32
MW-57984-SEUU,No,101.35,Female,0,Yes,Yes,61,Yes,Yes,No,No internet service,No internet service,No internet service,No internet service,No internet service,No internet service,Month-to-month,Yes,Electronic check,6168.1
MW-17197-YEKB,Yes,93.36,Female,1,Yes,No,29,Yes,No,No,No internet service,No internet service,No internet service,No internet service,No internet service,No internet service,Month-to-month,Yes,Bank transfer (automatic),2736.15
MW-26318-NPCZ,Yes,57.6,Female,0,Yes,No,47,Yes,No,DSL,No,Yes,Yes,No,Yes,No,One year,No,Bank transfer (automatic),2711.5
MW-89533-PKVL,No,72.76,Male,0,No,Yes,40,Yes,No,Fiber optic,Yes,No,Yes,Yes,No,No,Month-to-month,Yes,Electronic check,2912.26
MW-55925-TUVQ,No,49.74,Female,0,Yes,No,21,Yes,No,Fiber optic,Yes,Yes,No,Yes,No,No,Month-to-month,Yes,Bank transfer (automatic),1041.43
MW-64670-HGZP,Yes,29.14,Male,0,No,Yes,67,Yes,No,Fiber optic,Yes,Yes,No,No,No,Yes,Month-to-month,No,Mailed check,1966.34
MW-59068-PMPA,No,120.0,Male,0,No,Yes,16,No,No phone service,Fiber optic,No,No,No,No,No,No,One year,Yes,Mailed check,1925.84
MW-76505-QCPQ,Yes,47.74,Female,0,No,No,2,Yes,Yes,DSL,No,No,No,Yes,No,Yes,One year,Yes,Credit card (automatic),123.83
MW-16154-YDXU,Yes,72.85,Female,0,Yes,No,54,Yes,No,Fiber optic,Yes,No,No,Yes,No,No,Month-to-month,No,Bank transfer (automatic),3915.69
MW-45193-UMWC,No,18.54,Male,1,No,No,45,Yes,Yes,No,No internet service,No internet service,No internet service,No internet service,No internet service,No internet service,One year,Yes,Mailed check,811.12
MW-63620-MYQW,Yes,86.09,Male,0,Yes,No,65,Yes,No,DSL,No,No,No,Yes,No,No,Month-to-month,No,Credit card (automatic),5584.75
MW-33288-PRTT,No,27.82,Male,0,Yes,No,33,Yes,No,DSL,No,No,No,No,Yes,No,One year,Yes,Bank transfer (automatic),926.36
MW-50652-LRJA,Yes,114.34,Female,1,Yes,Yes,1,Yes,No,DSL,Yes,Yes,No,No,No,Yes,One year,Yes,Credit card (automatic),107.92
MW-75174-CQQF,No,117.92,Female,0,No,No,1,Yes,No,No,No internet service,No internet service,No internet service,No internet service,No internet service,No internet service,Month-to-month,Yes,Credit card (automatic),136.99
MW-58361-LYVK,No,80.97,Female,0,Yes,Yes,31,Yes,Yes,DSL,No,No,Yes,No,No,No,One year,No,Mailed check,2504.17
MW-75103-PSTD,No,67.45,Female,0,No,Yes,18,Yes,Yes,DSL,No,No,No,No,Yes,No,Two year,Yes,Mailed check,1230.33
MW-48647-GMXC,No,58.38,Female,0,Yes,No,67,Yes,Yes,Fiber optic,Yes,No,No,Yes,No,No,One year,Yes,Credit card (automatic),3899.0
MW-94458-TKKP,No,62.57,Female,0,No,No,8,Yes,Yes,Fiber optic,Yes,No,Yes,No,No,Yes,Month-to-month,Yes,Credit card (automatic),518.31
MW-74939-ERMK,No,76.28,Female,1,No,No,64,Yes,Yes,Fiber optic,No,Yes,No,Yes,No,No,One year,Yes,Electronic check,4902.46
MW-39408-DDER,Yes,66.69,Female,0,Yes,No,15,Yes,No,No,No internet service,No internet service,No internet service,No internet service,No internet service,No internet service,Month-to-month,No,Electronic check,991.88
MW-54378-KAWV,No,93.45,Male,0,No,No,8,Yes,Yes,DSL,Yes,Yes,No,Yes,No,No,One year,No,Mailed check,754.94
MW-57536-SSRU,No,36.45,Male,0,Yes,No,20,Yes,Yes,Fiber optic,Yes,No,Yes,No,No,Yes,Two year,No,Credit card (automatic),733.02
MW-12656-YZGH,Yes,109.84,Male,0,Yes,Yes,10,Yes,Yes,Fiber optic,No,Yes,Yes,Yes,No,No,Month-to-month,Yes,Credit card (automatic),1106.15
MW-52835-ENKR,No,51.32,Female,0,No,Yes,29,Yes,Yes,DSL,Yes,Yes,No,Yes,No,Yes,Month-to-month,No,Credit card (automatic),1507.55
MW-94559-QQAR,No,41.62,Male,0,No,No,24,Yes,No,No,No internet service,No internet service,No internet service,No internet service,No internet service,No internet service,Month-to-month,No,Electronic check,1013.48
MW-55196-DYAM,Yes,74.88,Male,0,No,No,38,No,No phone service,Fiber optic,No,No,Yes,No,No,Yes,Month-to-month,Yes,Credit card (automatic),2853.15
MW-62358-KWAR,Yes,76.8,Female,0,No,No,39,Yes,Yes,DSL,Yes,No,No,Yes,No,No,Month-to-month,Yes,Electronic check,3005.15
MW-25430-VUHH,No,18.0,Female,0,No,No,0,Yes,No,DSL,Yes,Yes,No,No,No,No,Month-to-month,No,Mailed check,0.0
MW-26290-FHLY,No,49.57,Female,0,Yes,No,9,Yes,No,DSL,Yes,No,Yes,No,No,Yes,One year,Yes,Mailed check,445.52
MW-26475-XVKN,Yes,18.0,Female,1,No,Yes,11,No,No phone service,No,No internet service,No internet service,No internet service,No internet service,No internet service,No internet service,Month-to-month,Yes,Bank transfer (automatic),181.48
MW-41490-NMEG,Yes,43.73,Female,1,No,No,14,Yes,Yes,DSL,Yes,No,Yes,No,No,No,Month-to-month,No,Bank transfer (automatic),611.95
MW-99458-PEBF,Yes,45.02,Female,1,Yes,No,6,Yes,No,No,No internet service,No internet service,No internet service,No internet service,No internet service,No internet service,One year,No,Electronic check,286.87
MW-21485-XYBG,Yes,72.92,Female,0,No,Yes,22,Yes,No,DSL,No,No,No,No,Yes,No,Month-to-month,Yes,Electronic check,1604.13
MW-13078-VLFS,No,40.37,Female,1,No,No,40,Yes,Yes,No,No internet service,No internet service,No internet service,No internet service,No internet service,No internet service,Month-to-month,No,Credit card (automatic),1577.22
MW-71092-RRKU,No,47.47,Male,0,No,No,22,Yes,Yes,No,No internet service,No internet service,No internet service,No internet service,No internet service,No internet service,Two year,Yes,Electronic check,1028.64
MW-73539-FKXH,No,103.12,Female,0,No,No,24,Yes,Yes,DSL,No,No,No,No,No,No,Two year,No,Mailed check,2483.6
MW-58618-CNSR,Yes,120.0,Female,0,Yes,No,34,Yes,No,DSL,Yes,No,Yes,Yes,No,No,One year,Yes,Electronic check,4071.91
MW-13375-GZTQ,No,36.37,Female,0,Yes,Yes,40,No,No phone service,No,No internet service,No internet service,No internet service,No internet service,No internet service,No internet service,Month-to-month,No,Electronic check,1466.56
MW-99724-TUPY,Yes,94.58,Female,0,Yes,No,24,Yes,Yes,DSL,No,No,Yes,No,No,No,Month-to-month,Yes,Electronic check,2251.81
MW-70103-GAQG,No,75.63,Male,1,Yes,Yes,16,Yes,No,DSL,No,No,No,No,No,No,Two year,No,Bank transfer (automatic),1215.81
MW-85470-VAUX,No,18.0,Female,0,No,Yes,29,Yes,No,No,No internet service,No internet service,No internet service,No internet service,No internet service,No internet service,One year,No,Mailed check,528.48
MW-69309-YKVP,No,40.26,Male,0,Yes,Yes,1,Yes,Yes,No,No internet service,No internet service,No internet service,No internet service,No internet service,No internet service,One year,No,Electronic check,52.11
MW-15844-AMTU,No,18.0,Male,0,Yes,No,35,Yes,No,Fiber optic,No,No,No,Yes,No,No,One year,No,Credit card (automatic),620.17
MW-18513-KJRA,No,73.71,Female,0,Yes,No,68,Yes,Yes,No,No internet service,No internet service,No internet service,No internet service,No internet service,No internet service,Month-to-month,No,Electronic check,5023.98
MW-98965-WJQM,Yes,31.7,Male,0,Yes,Yes,29,Yes,No,Fiber optic,Yes,No,No,No,No,No,Month-to-month,No,Bank transfer (automatic),941.9
MW-75511-KKUG,Yes,68.02,Female,0,No,Yes,7,Yes,No,Fiber optic,No,No,No,Yes,No,No,Two year,Yes,Electronic check,442.05
MW-45617-YCLA,No,120.0,Female,0,No,No,51,Yes,Yes,DSL,No,No,No,Yes,No,No,Two year,No,Credit card (automatic),6120.78
MW-98933-KXPB,Yes,111.79,Female,0,Yes,No,9,Yes,No,Fiber optic,No,No,Yes,Yes,No,Yes,Month-to-month,No,Electronic check,979.01
MW-58157-SKCB,No,40.99,Female,0,No,Yes,14,Yes,No,Fiber optic,No,No,Yes,No,No,No,One year,Yes,Bank transfer (automatic),560.96
MW-22293-LCRR,No,33.74,Male,0,No,Yes,10,Yes,Yes,Fiber optic,No,No,Yes,Yes,Yes,No,Month-to-month,Yes,Bank transfer (automatic),325.72
MW-26970-XYYJ,No,102.79,Female,0,No,No,64,Yes,Yes,No,No internet service,No internet service,No internet service,No internet service,No internet service,No internet service,Two year,No,Bank transfer (automatic),6577.56
MW-75099-GTLU,No,33.86,Male,1,Yes,Yes,71,Yes,No,Fiber optic,No,Yes,No,No,No,Yes,Month-to-month,No,Credit card (automatic),2409.72
MW-63629-VRMW,No,93.73,Male,0,Yes,No,41,Yes,Yes,Fiber optic,No,No,Yes,No,No,No,One year,Yes,Electronic check,3856.5
MW-74828-NECB,No,120.0,Female,0,Yes,No,45,Yes,No,Fiber optic,No,No,No,No,No,No,Month-to-month,Yes,Mailed check,5403.96
MW-57001-CLQN,No,84.26,Female,0,No,No,47,Yes,Yes,DSL,No,Yes,No,No,Yes,No,One year,Yes,Credit card (automatic),3970.32
MW-58104-JJNY,No,99.52,Female,0,No,No,44,Yes,Yes,DSL,No,No,No,Yes,No,No,One year,Yes,Credit card (automatic),4362.7
MW-27626-TCGY,No,96.04,Female,0,No,No,39,Yes,No,No,No internet service,No internet service,No internet service,No internet service,No internet service,No internet service,Month-to-month,Yes,Mailed check,3761.41
MW-50261-WLGV,No,47.29,Male,1,No,No,72,Yes,Yes,Fiber optic,Yes,Yes,No,No,No,Yes,Two year,No,Bank transfer (automatic),3355.44
MW-38511-VKCN,No,72.71,Male,0,No,No,53,Yes,No,Fiber optic,No,No,No,No,Yes,No,Two year,Yes,Bank transfer (automatic),3876.53
MW-43082-QSXM,No,35.31,Male,0,No,No,6,Yes,Yes,Fiber optic,Yes,No,Yes,No,Yes,Yes,Two year,No,Credit card (automatic),232.07
MW-10324-XWBN,No,102.7,Female,1,Yes,No,28,Yes,No,No,No internet service,No internet service,No internet service,No internet service,No internet service,No internet service,Month-to-month,No,Credit card (automatic),2886.85
MW-37745-DAAV,No,31.45,Male,0,No,No,71,Yes,No,Fiber optic,No,Yes,Yes,No,No,No,One year,No,Credit card (automatic),2266.38
MW-65156-WMZS,Yes,85.03,Male,1,Yes,No,29,Yes,No,DSL,No,No,No,Yes,No,No,One year,No,Mailed check,2438.81
MW-93105-BHRS,No,97.95,Male,0,Yes,No,14,No,No phone service,Fiber optic,No,No,Yes,No,Yes,Yes,One year,Yes,Bank transfer (automatic),1382.99
MW-30874-TTQZ,Yes,49.25,Male,1,No,No,63,Yes,Yes,Fiber optic,Yes,No,No,No,Yes,Yes,Month-to-month,Yes,Mailed check,3104.78
MW-42348-QJEF,No,42.37,Female,0,No,Yes,45,Yes,No,DSL,Yes,No,No,Yes,No,No,One year,No,Electronic check,1910.31
MW-11584-LMCS,Yes,58.91,Male,0,No,No,41,Yes,Yes,Fiber optic,Yes,Yes,No,No,No,No,Month-to-month,Yes,Credit card (automatic),2397.86
MW-47771-KMSW,No,37.23,Male,0,Yes,No,30,No,No phone service,DSL,No,No,No,Yes,No,Yes,Month-to-month,No,Bank transfer (automatic),1122.82
MW-95167-PZSZ,No,68.69,Male,0,No,No,9,No,No phone service,DSL,Yes,Yes,Yes,No,No,No,Month-to-month,No,Electronic check,623.43
MW-32551-KDFF,Yes,36.49,Male,0,Yes,No,28,Yes,Yes,No,No internet service,No internet service,No internet service,No internet service,No internet service,No internet service,Month-to-month,No,Bank transfer (automatic),1011.38
MW-92181-JHNY,Yes,38.66,Male,0,Yes,Yes,31,Yes,Yes,No,No internet service,No internet service,No internet service,No internet service,No internet service,No internet service,Month-to-month,Yes,Electronic check,1197.43
MW-96941-CUPC,Yes,80.41,Male,0,Yes,No,67,Yes,Yes,Fiber optic,No,Yes,No,No,No,Yes,Month-to-month,No,Electronic check,5367.75
MW-64442-VLRY,No,82.53,Male,0,No,No,22,Yes,No,DSL,No,No,Yes,No,Yes,Yes,One year,No,Bank transfer (automatic),1809.73
MW-72187-DEEP,Yes,55.19,Female,0,Yes,Yes,10,Yes,Yes,No,No internet service,No internet service,No internet service,No internet service,No internet service,No internet service,Month-to-month,Yes,Bank transfer (automatic),566.31
MW-61167-ZSQB,No,18.0,Female,0,Yes,No,31,Yes,No,Fiber optic,Yes,No,Yes,No,No,Yes,Month-to-month,Yes,Mailed check,572.71
MW-13374-JLMY,No,99.13,Female,1,Yes,Yes,72,Yes,No,No,No internet service,No internet service,No internet service,No internet service,No internet service,No internet service,One year,Yes,Electronic check,7148.89
MW-97958-JALR,No,50.55,Male,1,Yes,Yes,35,Yes,No,DSL,No,No,No,Yes,No,No,Two year,No,Bank transfer (automatic),1783.66
MW-95428-KWVL,Yes,120.0,Female,0,Yes,Yes,27,Yes,No,DSL,No,No,No,Yes,Yes,Yes,Two year,Yes,Electronic check,3254.6
MW-47305-XGYT,No,60.03,Female,0,No,No,48,Yes,Yes,Fiber optic,Yes,No,Yes,No,Yes,No,Two year,Yes,Credit card (automatic),2871.79
MW-44741-DJRJ,No,68.07,Female,1,Yes,No,47,Yes,Yes,No,No internet service,No internet service,No internet service,No internet service,No internet service,No internet service,Two year,Yes,Electronic check,3204.38
MW-84998-VGXZ,No,51.05,Female,0,No,No,21,Yes,No,DSL,No,No,No,Yes,Yes,Yes,One year,No,Credit card (automatic),1088.35
MW-51702-CTSD,No,71.3,Male,0,Yes,Yes,70,Yes,No,DSL,No,No,No,No,Yes,No,Two year,No,Electronic check,4970.31
MW-34240-RHVX,No,120.0,Male,0,Yes,No,43,Yes,No,Fiber optic,No,No,Yes,Yes,No,Yes,Two year,No,Electronic check,5139.22
MW-19016-AVZJ,Yes,53.53,Female,0,Yes,Yes,4,Yes,Yes,No,No internet service,No internet service,No internet service,No internet service,No internet service,No internet service,Month-to-month,Yes,Mailed check,192.51
MW-81679-ZTPC,No,102.29,Female,0,Yes,No,29,Yes,Yes,No,No internet service,No internet service,No internet service,No internet service,No internet service,No internet service,Two year,Yes,Bank transfer (automatic),2939.63
MW-54399-MDGX,No,66.72,Male,0,No,No,67,Yes,Yes,No,No internet service,No internet service,No internet service,No internet service,No internet service,No internet service,Two year,No,Credit card (automatic),4454.48
MW-74503-CPZD,No,99.21,Female,0,Yes,No,28,Yes,Yes,Fiber optic,Yes,No,Yes,No,No,No,One year,Yes,Mailed check,2770.0
MW-89493-EMMM,No,18.0,Male,1,No,No,41,Yes,No,No,No internet service,No internet service,No internet service,No internet service,No internet service,No internet service,Two year,Yes,Mailed check,760.68
MW-92789-FZCA,No,120.0,Male,1,Yes,No,44,Yes,No,Fiber optic,Yes,Yes,No,Yes,No,Yes,Month-to-month,Yes,Electronic check,5273.44
MW-58727-FTDU,No,74.23,Male,1,Yes,No,51,Yes,No,DSL,No,No,No,No,No,No,Month-to-month,No,Bank transfer (automatic),3762.98
MW-47762-KUFU,No,55.97,Male,0,Yes,Yes,63,Yes,No,Fiber optic,No,Yes,No,No,Yes,Yes,One year,No,Mailed check,3528.6
MW-62133-ATAL,No,91.1,Female,0,Yes,No,10,Yes,Yes,Fiber optic,Yes,No,No,Yes,No,No,One year,Yes,Credit card (automatic),908.17
MW-20115-SBYZ,No,68.32,Female,0,No,Yes,37,Yes,Yes,Fiber optic,Yes,Yes,Yes,No,No,No,Two year,Yes,Mailed check,2516.11
MW-67006-SFTH,Yes,29.56,Male,1,No,No,38,Yes,No,DSL,No,No,Yes,No,No,Yes,Two year,No,Bank transfer (automatic),1114.45
MW-24879-RDQH,No,18.0,Female,0,No,No,11,Yes,No,Fiber optic,No,Yes,No,No,No,Yes,One year,No,Credit card (automatic),214.01
MW-52210-QHGJ,No,118.78,Male,0,Yes,Yes,49,No,No phone service,No,No internet service,No internet service,No internet service,No internet service,No internet service,No internet service,Two year,No,Electronic check,5799.07
MW-77925-XKSS,No,57.31,Male,0,Yes,Yes,8,Yes,No,Fiber optic,No,Yes,Yes,No,No,No,Month-to-month,Yes,Mailed check,433.49
MW-54685-QZBN,No,45.61,Male,0,No,Yes,33,Yes,Yes,No,No internet service,No internet service,No internet service,No internet service,No internet service,No internet service,Two year,No,Credit card (automatic),1512.13
MW-12627-ZZLB,Yes,47.94,Male,0,No,No,24,Yes,No,Fiber optic,Yes,No,No,No,No,No,Month-to-month,Yes,Mailed check,1141.35
MW-78027-JKJA,Yes,107.93,Female,1,Yes,No,11,Yes,Yes,DSL,No,Yes,No,No,No,No,One year,Yes,Bank transfer (automatic),1210.51
MW-29598-YQKZ,Yes,49.3,Male,1,No,No,60,Yes,Yes,DSL,Yes,Yes,No,No,No,No,Month-to-month,No,Credit card (automatic),2955.69
MW-24233-WFET,No,83.33,Male,0,No,No,17,Yes,Yes,Fiber optic,No,No,Yes,No,Yes,No,One year,Yes,Electronic check,1415.1
MW-67562-XUVC,No,53.96,Male,0,Yes,No,18,Yes,Yes,DSL,No,No,No,Yes,Yes,Yes,Month-to-month,No,Credit card (automatic),983.08
MW-38185-ELQD,Yes,26.36,Male,1,Yes,No,62,Yes,No,Fiber optic,No,No,No,No,No,Yes,Month-to-month,No,Mailed check,1609.24
MW-80321-BJTV,No,91.04,Female,0,No,No,64,Yes,No,No,No internet service,No internet service,No internet service,No internet service,No internet service,No internet service,One year,No,Bank transfer (automatic),5831.62
MW-14335-VGHY,Yes,97.09,Male,0,Yes,No,2,Yes,Yes,Fiber optic,Yes,No,No,Yes,No,No,One year,Yes,Electronic check,188.7
MW-38268-DUAG,No,43.62,Female,0,Yes,No,20,Yes,Yes,No,No internet service,No internet service,No internet service,No internet service,No internet service,No internet service,Month-to-month,Yes,Mailed check,887.8
MW-95149-ELCQ,No,62.87,Male,0,No,No,51,Yes,Yes,No,No internet service,No internet service,No internet service,No internet service,No internet service,No internet service,One year,Yes,Electronic check,3196.67
MW-73995-LQTP,Yes,66.91,Female,0,No,No,56,Yes,No,Fiber optic,Yes,No,No,No,Yes,Yes,Month-to-month,No,Electronic check,3749.61
MW-47122-NKRY,No,77.35,Female,1,Yes,No,72,Yes,No,DSL,No,Yes,No,No,No,Yes,Month-to-month,No,Mailed check,5563.82
MW-76719-DCVR,Yes,120.0,Male,0,Yes,No,40,Yes,Yes,DSL,No,No,No,No,No,Yes,Month-to-month,Yes,Electronic check,4806.19
MW-77410-PALP,No,54.28,Male,0,Yes,Yes,0,Yes,Yes,Fiber optic,No,Yes,Yes,Yes,Yes,No,One year,Yes,Bank transfer (automatic),0.0
MW-58003-UEQC,No,54.1,Female,0,No,No,63,Yes,Yes,Fiber optic,No,Yes,No,Yes,No,No,One year,No,Electronic check,3412.23
MW-95073-VBPY,No,58.74,Male,0,Yes,No,11,Yes,Yes,Fiber optic,No,No,No,Yes,Yes,Yes,One year,Yes,Electronic check,672.44
MW-48764-JDRJ,Yes,35.73,Female,0,No,No,8,Yes,Yes,Fiber optic,Yes,No,No,No,No,Yes,Two year,No,Electronic check,281.55
MW-19058-RMJA,No,18.0,Female,0,No,Yes,49,No,No phone service,Fiber optic,Yes,Yes,Yes,No,Yes,No,One year,Yes,Mailed check,888.04
MW-80335-JYZA,No,68.01,Male,0,Yes,No,44,Yes,No,DSL,No,No,Yes,No,No,No,Two year,Yes,Electronic check,3026.74
MW-66850-EXVA,Yes,79.82,Female,0,No,No,4,Yes,Yes,DSL,No,No,No,Yes,Yes,Yes,Two year,No,Electronic check,325.13
MW-10462-LKZU,No,64.07,Male,0,Yes,Yes,12,Yes,No,Fiber optic,Yes,No,Yes,No,No,No,Month-to-month,Yes,Bank transfer (automatic),732.33
MW-77805-UASV,No,62.12,Female,1,Yes,No,43,Yes,No,No,No internet service,No internet service,No internet service,No internet service,No internet service,No internet service,Month-to-month,No,Bank transfer (automatic),2661.17
MW-45829-KMGM,Yes,37.04,Male,0,No,No,18,Yes,No,Fiber optic,No,No,No,No,Yes,No,Month-to-month,No,Bank transfer (automatic),648.66
MW-26761-JEZF,No,71.57,Male,0,Yes,No,49,No,No phone service,Fiber optic,Yes,Yes,Yes,Yes,No,No,One year,Yes,Electronic check,3520.76
MW-19238-EVDA,No,69.1,Female,0,Yes,No,30,Yes,Yes,Fiber optic,Yes,No,No,Yes,No,No,Month-to-month,Yes,Credit card (automatic),2071.59
MW-74861-QHSH,No,78.25,Male,0,Yes,No,42,Yes,No,Fiber optic,Yes,Yes,No,No,No,No,Month-to-month,Yes,Bank transfer (automatic),3302.45
MW-35615-CGKH,No,73.71,Female,0,Yes,No,34,Yes,Yes,DSL,Yes,No,No,Yes,Yes,No,Two year,No,Bank transfer (automatic),2515.31
MW-97919-QCRE,No,75.81,Female,0,No,Yes,26,Yes,Yes,DSL,Yes,No,Yes,No,No,No,Two year,No,Electronic check,1980.17
MW-16878-QPDP,Yes,103.56,Female,0,Yes,No,24,No,No phone service,DSL,No,Yes,No,Yes,Yes,No,Month-to-month,Yes,Electronic check,2467.09
MW-30832-ZYUN,No,81.17,Male,0,Yes,Yes,50,Yes,No,DSL,No,Yes,Yes,No,Yes,No,Month-to-month,No,Mailed check,4066.07
MW-88642-ULHC,Yes,78.42,Male,1,No,No,37,No,No phone service,DSL,No,No,Yes,No,No,No,Month-to-month,No,Electronic check,2922.04
MW-28527-MTWL,No,18.0,Male,0,Yes,No,43,Yes,No,Fiber optic,No,No,No,Yes,Yes,No,Month-to-month,Yes,Bank transfer (automatic),752.29
MW-86282-SUFE,No,95.6,Male,0,No,No,42,Yes,Yes,DSL,No,No,Yes,No,No,No,Two year,No,Electronic check,4010.44
MW-18441-PQBT,No,55.06,Female,0,Yes,No,15,Yes,Yes,DSL,Yes,No,Yes,No,No,No,One year,Yes,Electronic check,831.22
MW-34810-MJMM,Yes,66.38,Female,1,No,Yes,66,Yes,Yes,DSL,No,Yes,No,Yes,No,Yes,Month-to-month,Yes,Electronic check,4382.55
MW-26446-TBWG,No,25.81,Male,0,No,No,41,Yes,Yes,DSL,No,No,No,No,No,No,Month-to-month,Yes,Electronic check,1079.76
MW-66682-WDJJ,Yes,120.0,Female,0,No,No,52,Yes,No,DSL,No,Yes,No,Yes,Yes,Yes,Month-to-month,Yes,Mailed check,6250.93
MW-17911-ECAV,No,18.0,Female,0,Yes,No,64,Yes,Yes,DSL,Yes,Yes,No,No,Yes,No,Month-to-month,No,Electronic check,1158.09
MW-39578-CTAW,Yes,108.64,Female,0,No,Yes,67,Yes,No,DSL,Yes,Yes,Yes,Yes,No,No,Month-to-month,Yes,Bank transfer (automatic),7291.14
MW-37664-FYMP,No,76.75,Female,0,Yes,No,48,Yes,No,No,No internet service,No internet service,No internet service,No internet service,No internet service,No internet service,One year,Yes,Electronic check,3695.46
MW-87433-MTFM,Yes,18.0,Female,0,Yes,No,57,Yes,Yes,DSL,Yes,No,Yes,Yes,No,No,Month-to-month,Yes,Bank transfer (automatic),1026.62
MW-64570-FUWN,No,120.0,Female,0,Yes,No,34,Yes,Yes,DSL,No,Yes,No,No,No,Yes,Two year,Yes,Credit card (automatic),4074.68
MW-78186-QTKG,Yes,79.41,Male,0,No,Yes,53,Yes,Yes,Fiber optic,No,No,Yes,No,Yes,No,Month-to-month,Yes,Credit card (automatic),4223.58
MW-89334-YSAP,No,18.0,Female,0,Yes,No,23,Yes,No,DSL,Yes,No,No,No,Yes,No,One year,No,Bank transfer (automatic),402.85
MW-69312-LFUS,No,51.33,Female,0,No,Yes,51,Yes,No,Fiber optic,No,No,No,No,Yes,No,Month-to-month,Yes,Mailed check,2616.75
MW-28447-MJFR,Yes,80.04,Female,0,Yes,Yes,6,Yes,Yes,Fiber optic,No,No,No,Yes,No,No,Month-to-month,No,Bank transfer (automatic),462.89
MW-15575-WRAS,No,115.4,Female,0,Yes,No,66,Yes,No,No,No internet service,No internet service,No internet service,No internet service,No internet service,No internet service,Two year,No,Credit card (automatic),7627.38
MW-52406-LSKL,No,51.72,Female,0,No,Yes,17,Yes,No,No,No internet service,No internet service,No internet service,No internet service,No internet service,No internet service,One year,No,Mailed check,897.73
MW-76121-LQWX,Yes,18.0,Male,0,No,Yes,47,Yes,Yes,Fiber optic,Yes,Yes,No,Yes,Yes,No,Month-to-month,No,Electronic check,831.97
MW-99179-EBVU,No,107.77,Female,0,Yes,No,0,Yes,No,DSL,No,No,No,Yes,Yes,No,Month-to-month,Yes,Bank transfer (automatic),0.0
MW-90221-GDDM,Yes,78.95,Female,0,No,No,11,Yes,No,Fiber optic,Yes,No,No,Yes,Yes,No,One year,Yes,Electronic check,861.25
MW-79107-GDVU,No,18.0,Male,0,Yes,Yes,72,Yes,Yes,DSL,Yes,No,No,Yes,No,No,Two year,Yes,Bank transfer (automatic),1312.13
MW-21396-NADS,No,74.28,Male,0,No,Yes,60,Yes,No,No,No internet service,No internet service,No internet service,No internet service,No internet service,No internet service,One year,No,Electronic check,4478.05
MW-86465-KKVG,No,77.46,Male,0,No,No,16,Yes,Yes,DSL,No,No,Yes,Yes,Yes,Yes,Month-to-month,No,Electronic check,1232.17
MW-52977-ZZQH,Yes,54.26,Female,0,No,No,9,Yes,Yes,Fiber optic,Yes,No,Yes,Yes,Yes,No,Month-to-month,Yes,Credit card (automatic),441.97
MW-81947-ZFWL,No,39.18,Female,0,Yes,No,59,Yes,No,DSL,No,Yes,Yes,Yes,No,No,Month-to-month,No,Bank transfer (automatic),2328.91
MW-35627-WHTT,No,45.71,Male,0,No,Yes,72,Yes,No,Fiber optic,No,No,No,No,Yes,No,Month-to-month,No,Bank transfer (automatic),3291.8
MW-22732-JAHS,No,54.24,Male,0,No,Yes,12,Yes,Yes,DSL,Yes,No,No,Yes,No,No,One year,Yes,Credit card (automatic),651.61
MW-56611-VLXU,No,74.64,Male,0,Yes,Yes,48,Yes,Yes,Fiber optic,Yes,No,No,No,No,No,One year,Yes,Credit card (automatic),3597.18
MW-76754-CJNA,No,87.65,Male,0,No,No,20,Yes,Yes,Fiber optic,Yes,No,Yes,Yes,No,Yes,Month-to-month,No,Mailed check,1747.54
MW-45331-GUWD,No,18.0,Male,0,No,Yes,54,Yes,No,Fiber optic,No,No,Yes,No,Yes,No,One year,Yes,Credit card (automatic),962.55
MW-92613-QMWV,No,71.68,Female,0,No,No,30,Yes,No,DSL,Yes,Yes,No,No,Yes,No,One year,No,Mailed check,2145.06
MW-50792-YYTF,No,78.64,Female,0,No,No,9,Yes,No,DSL,No,Yes,Yes,No,No,No,One year,Yes,Electronic check,715.1
MW-73458-FWSU,Yes,69.07,Male,1,Yes,Yes,23,Yes,No,No,No internet service,No internet service,No internet service,No internet service,No internet service,No internet service,Month-to-month,No,Credit card (automatic),1601.79
MW-83989-GYEV,Yes,51.85,Male,0,Yes,No,39,No,No phone service,Fiber optic,No,Yes,Yes,Yes,No,No,Month-to-month,Yes,Mailed check,2046.65
MW-31857-JCVY,No,106.59,Female,0,No,No,58,Yes,Yes,Fiber optic,Yes,No,No,No,No,Yes,Month-to-month,Yes,Credit card (automatic),6188.27
MW-86425-ZALJ,Yes,104.33,Male,0,Yes,No,1,Yes,No,Fiber optic,No,No,No,No,No,Yes,Month-to-month,Yes,Electronic check,102.16
MW-52180-JKAM,Yes,53.01,Female,0,No,No,69,Yes,Yes,Fiber optic,No,Yes,Yes,No,Yes,No,Month-to-month,No,Electronic check,3670.98
MW-85721-BFTC,No,61.51,Male,0,Yes,No,47,Yes,Yes,Fiber optic,No,No,Yes,No,Yes,Yes,Month-to-month,Yes,Electronic check,2876.4
MW-43176-SWZR,Yes,87.16,Male,1,Yes,Yes,63,Yes,No,DSL,No,No,No,No,No,No,Month-to-month,Yes,Bank transfer (automatic),5512.37
MW-98317-XMXU,No,102.48,Female,0,No,No,67,Yes,Yes,Fiber optic,Yes,No,No,No,No,No,Month-to-month,Yes,Credit card (automatic),6869.33
MW-77610-YXSF,No,39.53,Male,1,No,No,11,Yes,Yes,Fiber optic,No,No,Yes,No,No,Yes,Two year,No,Mailed check,431.4
MW-64648-BHHY,Yes,32.61,Male,0,Yes,No,6,Yes,Yes,DSL,No,No,No,No,No,No,One year,Yes,Electronic check,181.14
MW-79056-APZG,Yes,72.22,Female,0,Yes,Yes,56,Yes,No,Fiber optic,Yes,Yes,Yes,No,No,Yes,Month-to-month,Yes,Mailed check,4053.72
MW-33219-PDLZ,No,30.29,Female,0,No,Yes,13,Yes,Yes,DSL,No,No,Yes,Yes,Yes,No,Two year,Yes,Mailed check,389.56
MW-42283-SNZW,Yes,18.0,Male,0,Yes,No,10,Yes,No,DSL,Yes,No,No,No,No,No,Month-to-month,No,Bank transfer (automatic),178.59
MW-82700-GRRL,No,39.39,Female,0,Yes,No,34,Yes,No,No,No internet service,No internet service,No internet service,No internet service,No internet service,No internet service,Month-to-month,Yes,Bank transfer (automatic),1314.19
MW-89042-EWDJ,No,76.51,Male,0,No,No,66,Yes,No,No,No internet service,No internet service,No internet service,No internet service,No internet service,No internet service,Two year,No,Electronic check,5043.14
MW-17307-FUCL,Yes,110.61,Male,0,Yes,No,58,No,No phone service,DSL,No,No,No,No,No,Yes,Month-to-month,Yes,Mailed check,6406.85
MW-73547-WXEN,Yes,42.74,Male,0,No,No,37,Yes,Yes,Fiber optic,No,Yes,No,No,No,No,Month-to-month,Yes,Bank transfer (automatic),1587.66
MW-96513-MHVT,No,60.27,Male,0,Yes,Yes,14,Yes,Yes,DSL,No,Yes,Yes,No,Yes,No,Month-to-month,No,Electronic check,839.77
MW-89520-BWJW,No,68.67,Male,0,No,No,24,No,No phone service,Fiber optic,No,No,No,Yes,No,Yes,Month-to-month,Yes,Mailed check,1608.35
MW-43374-UMSL,No,44.54,Female,0,Yes,No,50,Yes,Yes,Fiber optic,No,No,No,No,No,No,One year,No,Bank transfer (automatic),2220.77
MW-58416-UDQA,Yes,42.19,Female,0,No,Yes,11,Yes,No,No,No internet service,No internet service,No internet service,No internet service,No internet service,No internet service,Month-to-month,No,Mailed check,442.27
MW-64708-TYUT,Yes,74.05,Male,0,No,Yes,38,No,No phone service,Fiber optic,No,No,Yes,No,Yes,Yes,Month-to-month,Yes,Electronic check,2798.26
MW-93549-VPQQ,Yes,28.08,Male,0,Yes,Yes,0,Yes,Yes,Fiber optic,Yes,No,Yes,Yes,Yes,No,Month-to-month,Yes,Electronic check,15.06
MW-81668-MABL,No,40.98,Male,0,Yes,Yes,23,Yes,Yes,No,No internet service,No internet service,No internet service,No internet service,No internet service,No internet service,Month-to-month,No,Credit card (automatic),917.21
MW-21751-GYZM,Yes,57.92,Female,0,Yes,Yes,18,Yes,No,DSL,No,No,No,No,No,Yes,Month-to-month,Yes,Electronic check,1046.98
MW-75812-SPFK,No,73.67,Male,0,No,No,49,Yes,No,DSL,No,No,No,No,No,No,Two year,No,Credit card (automatic),3602.22
MW-33589-KCAH,No,18.54,Female,0,No,No,66,No,No phone service,Fiber optic,Yes,No,No,Yes,No,Yes,One year,Yes,Mailed check,1213.14
MW-95721-XCNP,Yes,60.08,Female,0,No,No,10,Yes,Yes,Fiber optic,Yes,Yes,No,No,Yes,No,Month-to-month,No,Mailed check,586.11
MW-95010-RZKJ,No,25.27,Male,1,Yes,No,58,Yes,Yes,DSL,No,No,Yes,No,No,No,One year,Yes,Credit card (automatic),1470.45
MW-63793-NWQB,No,43.47,Female,0,Yes,No,47,Yes,Yes,Fiber optic,No,No,No,No,No,Yes,Month-to-month,Yes,Mailed check,2049.57
MW-54900-LNXR,Yes,87.66,Male,0,Yes,No,70,Yes,No,Fiber optic,No,No,Yes,Yes,Yes,Yes,Month-to-month,Yes,Electronic check,6110.32
MW-33668-SHTC,Yes,61.78,Male,0,Yes,Yes,66,Yes,Yes,Fiber optic,No,Yes,No,No,No,No,Month-to-month,No,Electronic check,4094.74
MW-23121-EFMB,No,114.07,Male,0,Yes,Yes,7,Yes,Yes,No,No internet service,No internet service,No internet service,No internet service,No internet service,No internet service,Month-to-month,Yes,Bank transfer (automatic),780.7
MW-24893-NXKA,No,61.83,Male,0,Yes,Yes,54,Yes,Yes,Fiber optic,Yes,No,No,No,No,Yes,One year,No,Mailed check,3344.65
MW-31366-GBRV,No,93.04,Female,1,Yes,No,43,Yes,No,Fiber optic,No,No,Yes,No,No,Yes,Two year,Yes,Credit card (automatic),3983.01
MW-42927-GHHJ,Yes,87.84,Male,0,Yes,No,8,No,No phone service,Fiber optic,Yes,No,No,No,No,No,Month-to-month,No,Mailed check,695.83
MW-59221-SHKX,Yes,63.6,Male,0,No,No,18,No,No phone service,DSL,No,No,No,Yes,No,No,Month-to-month,Yes,Mailed check,1125.62
MW-74613-UYJY,No,24.53,Male,0,No,No,67,Yes,Yes,No,No internet service,No internet service,No internet service,No internet service,No internet service,No internet service,One year,Yes,Electronic check,1635.58
MW-34069-HHYE,Yes,60.85,Female,0,No,No,39,Yes,Yes,No,No internet service,No internet service,No internet service,No internet service,No internet service,No internet service,Month-to-month,Yes,Electronic check,2370.14
MW-18519-VVYW,No,48.02,Male,0,Yes,No,24,Yes,Yes,No,No internet service,No internet service,No internet service,No internet service,No internet service,No internet service,Month-to-month,Yes,Credit card (automatic),1135.24
MW-20230-VJPP,No,46.86,Female,1,No,No,23,Yes,Yes,No,No internet service,No internet service,No internet service,No internet service,No internet service,No internet service,Two year,No,Electronic check,1082.5
MW-16841-HKWA,No,68.67,Male,0,No,No,61,Yes,No,Fiber optic,No,Yes,No,No,No,No,Two year,No,Credit card (automatic),4195.55
MW-34729-BKUX,No,20.51,Female,0,No,Yes,20,Yes,No,Fiber optic,Yes,No,No,No,Yes,No,Two year,No,Electronic check,450.79
MW-69141-SWDC,Yes,37.78,Male,1,No,Yes,11,Yes,No,DSL,Yes,No,Yes,No,Yes,No,Month-to-month,Yes,Mailed check,429.51
MW-48882-NHXB,No,33.64,Female,0,Yes,No,41,Yes,Yes,No,No internet service,No internet service,No internet service,No internet service,No internet service,No internet service,Month-to-month,No,Electronic check,1396.89
MW-57537-JHQH,Yes,56.37,Male,0,Yes,Yes,72,Yes,Yes,Fiber optic,Yes,Yes,No,Yes,Yes,No,Month-to-month,No,Credit card (automatic),4032.1
MW-24093-YBBX,No,40.96,Male,0,No,Yes,13,Yes,Yes,DSL,Yes,Yes,No,No,Yes,No,Two year,Yes,Electronic check,503.1
MW-41169-NWMY,No,42.93,Male,0,No,No,18,Yes,Yes,No,No internet service,No internet service,No internet service,No internet service,No internet service,No internet service,Month-to-month,No,Bank transfer (automatic),768.29
MW-11775-MTZU,No,68.06,Male,0,Yes,No,34,Yes,No,Fiber optic,No,No,No,Yes,Yes,No,Month-to-month,Yes,Credit card (automatic),2340.84
MW-24953-GUKS,Yes,50.63,Male,1,No,Yes,14,Yes,Yes,No,No internet service,No internet service,No internet service,No internet service,No internet service,No internet service,Month-to-month,No,Bank transfer (automatic),745.94
MW-41930-REGE,No,64.14,Male,0,Yes,Yes,47,Yes,No,Fiber optic,Yes,No,No,No,Yes,No,One year,Yes,Electronic check,3004.27
MW-77528-BNES,No,30.53,Female,0,No,No,18,Yes,Yes,No,No internet service,No internet service,No internet service,No internet service,No internet service,No internet service,One year,Yes,Credit card (automatic),540.75
MW-20633-FADP,No,39.15,Female,1,No,Yes,9,Yes,No,Fiber optic,No,Yes,No,No,No,No,One year,No,Mailed check,360.51
MW-49869-DXTD,No,120.0,Male,0,No,No,19,Yes,No,Fiber optic,Yes,No,No,No,No,No,Month-to-month,Yes,Electronic check,2277.04
MW-88031-WHXZ,No,43.08,Male,0,No,No,67,Yes,Yes,Fiber optic,No,Yes,No,No,Yes,Yes,One year,Yes,Mailed check,2883.78
MW-44643-GHDA,No,18.0,Female,0,No,No,68,Yes,Yes,DSL,Yes,Yes,No,No,Yes,No,Month-to-month,Yes,Credit card (automatic),1233.52
MW-17828-NSPZ,No,74.26,Female,1,Yes,No,36,Yes,Yes,DSL,Yes,Yes,No,No,No,No,Month-to-month,Yes,Mailed check,2714.09
MW-33230-CFXF,Yes,42.76,Male,0,No,No,29,No,No phone service,No,No internet service,No internet service,No internet service,No internet service,No internet service,No internet service,Month-to-month,No,Bank transfer (automatic),1259.61
MW-25019-JLFN,No,71.32,Female,1,Yes,No,59,Yes,Yes,No,No internet service,No internet service,No internet service,No internet service,No internet service,No internet service,Month-to-month,Yes,Bank transfer (automatic),4235.92
MW-75398-VVMZ,No,61.31,Male,1,Yes,No,14,Yes,No,No,No internet service,No internet service,No internet service,No internet service,No internet service,No internet service,Month-to-month,Yes,Mailed check,830.68
MW-26248-HVXG,No,80.5,Female,0,Yes,No,47,Yes,No,DSL,No,No,No,No,Yes,No,Two year,Yes,Electronic check,3799.62
MW-37963-BUCR,Yes,61.01,Male,0,No,No,49,Yes,No,DSL,No,No,No,Yes,No,No,Month-to-month,Yes,Bank transfer (automatic),2975.24
MW-33867-MMTR,Yes,57.2,Male,0,Yes,No,51,Yes,No,No,No internet service,No internet service,No internet service,No internet service,No internet service,No internet service,Month-to-month,Yes,Mailed check,2942.35
MW-82355-QLSR,No,98.44,Male,0,No,No,15,Yes,Yes,DSL,Yes,No,No,No,No,No,One year,Yes,Electronic check,1496.96
MW-56165-PTCA,No,18.0,Male,0,No,No,52,Yes,Yes,Fiber optic,No,Yes,No,No,No,Yes,One year,Yes,Electronic check,945.06
MW-18655-AQUD,No,24.24,Female,0,No,No,44,Yes,No,DSL,No,No,No,No,Yes,Yes,Month-to-month,Yes,Credit card (automatic),1055.42
MW-47448-BJUL,No,39.25,Male,0,Yes,No,63,Yes,No,No,No internet service,No internet service,No internet service,No internet service,No internet service,No internet service,One year,No,Electronic check,2465.49
MW-93035-SZNH,No,18.0,Male,0,No,Yes,12,Yes,Yes,Fiber optic,No,No,Yes,No,No,Yes,Month-to-month,Yes,Electronic check,209.96
MW-51728-AVTJ,Yes,49.62,Male,0,Yes,No,44,Yes,No,DSL,Yes,No,No,Yes,Yes,No,Month-to-month,Yes,Electronic check,2194.72
MW-56717-RFSL,No,46.66,Female,0,Yes,Yes,60,Yes,Yes,Fiber optic,No,Yes,No,Yes,No,Yes,One year,Yes,Electronic check,2805.66
MW-31613-ECAV,No,93.24,Female,0,No,No,20,Yes,Yes,DSL,Yes,Yes,Yes,No,Yes,No,One year,Yes,Credit card (automatic),1886.1
MW-46993-BMCS,Yes,61.35,Male,0,Yes,No,54,Yes,No,Fiber optic,No,Yes,Yes,No,No,Yes,Month-to-month,Yes,Bank transfer (automatic),3337.06
MW-14322-KVCK,Yes,57.61,Male,0,No,No,7,Yes,Yes,Fiber optic,No,Yes,No,Yes,Yes,No,Month-to-month,Yes,Bank transfer (automatic),390.59
MW-33483-KLGG,No,52.6,Male,0,No,No,52,Yes,No,Fiber optic,No,No,Yes,No,No,Yes,Month-to-month,Yes,Credit card (automatic),2742.33
MW-80102-YTLV,No,32.44,Female,1,No,No,44,Yes,Yes,Fiber optic,No,Yes,Yes,Yes,No,No,Month-to-month,Yes,Mailed check,1434.31
MW-26577-BPSA,No,90.72,Male,0,Yes,No,14,Yes,No,DSL,Yes,No,No,No,No,No,Two year,Yes,Credit card (automatic),1268.65
MW-67888-STNS,No,100.3,Female,0,No,No,4,Yes,No,DSL,No,No,No,No,No,No,Month-to-month,No,Credit card (automatic),415.33
MW-52305-YJFK,No,27.64,Male,0,No,No,54,Yes,No,No,No internet service,No internet service,No internet service,No internet service,No internet service,No internet service,Two year,Yes,Bank transfer (automatic),1499.92
MW-67662-YMYU,No,112.6,Male,0,Yes,Yes,17,Yes,Yes,Fiber optic,Yes,No,Yes,No,Yes,Yes,Month-to-month,Yes,Bank transfer (automatic),1905.58
MW-71919-CSXN,No,43.87,Male,1,Yes,Yes,36,No,No phone service,Fiber optic,Yes,No,No,No,Yes,No,Two year,Yes,Mailed check,1577.19
MW-27225-HVBW,Yes,41.42,Female,0,Yes,Yes,4,Yes,Yes,Fiber optic,Yes,No,No,No,No,Yes,Month-to-month,No,Credit card (automatic),160.44
MW-49655-BBNB,Yes,78.18,Male,0,No,No,70,Yes,No,No,No internet service,No internet service,No internet service,No internet service,No internet service,No internet service,Month-to-month,No,Electronic check,5461.69
MW-84926-TMTU,No,80.86,Male,0,No,No,40,Yes,No,No,No internet service,No internet service,No internet service,No internet service,No internet service,No internet service,Month-to-month,No,Bank transfer (automatic),3233.12
MW-50551-UCWW,Yes,61.86,Male,0,No,No,68,Yes,Yes,DSL,Yes,No,Yes,Yes,No,Yes,Month-to-month,Yes,Mailed check,4187.03
MW-49722-NDTS,No,53.61,Female,0,Yes,Yes,11,Yes,No,Fiber optic,No,No,Yes,No,Yes,No,Two year,No,Bank transfer (automatic),596.82
MW-42759-DVSB,No,99.17,Male,0,No,No,15,Yes,No,Fiber optic,No,Yes,No,Yes,No,No,One year,No,Credit card (automatic),1508.61
MW-18284-QWYW,No,45.3,Female,0,Yes,Yes,44,Yes,No,No,No internet service,No internet service,No internet service,No internet service,No internet service,No internet service,One year,Yes,Bank transfer (automatic),1993.96
MW-27731-WDAF,No,61.94,Male,0,Yes,No,44,Yes,Yes,No,No internet service,No internet service,No internet service,No internet service,No internet service,No internet service,Month-to-month,No,Electronic check,2739.56
MW-29062-XWBZ,No,114.81,Female,0,No,No,57,Yes,Yes,Fiber optic,No,No,No,Yes,No,No,One year,No,Bank transfer (automatic),6546.5
MW-23542-FMQD,No,23.89,Male,0,No,No,67,Yes,No,No,No internet service,No internet service,No internet service,No internet service,No internet service,No internet service,One year,Yes,Credit card (automatic),1585.3
MW-85770-KGJJ,No,50.24,Female,0,Yes,No,59,Yes,No,Fiber optic,Yes,No,No,Yes,No,No,Two year,Yes,Bank transfer (automatic),2994.27
MW-95956-LRCT,Yes,94.75,Male,1,No,No,10,Yes,No,Fiber optic,No,No,No,Yes,Yes,Yes,One year,Yes,Credit card (automatic),911.16
MW-25242-CQEX,Yes,79.84,Male,0,Yes,No,22,Yes,No,Fiber optic,Yes,No,Yes,No,No,Yes,One year,No,Credit card (automatic),1756.63
MW-96147-HACK,Yes,90.82,Female,0,Yes,Yes,66,Yes,No,Fiber optic,Yes,No,Yes,Yes,Yes,No,Month-to-month,No,Credit card (automatic),5982.59
MW-67652-ZHMU,No,24.31,Male,1,No,No,40,Yes,Yes,DSL,No,No,No,Yes,No,No,Two year,Yes,Mailed check,996.13
MW-19127-FSKX,No,73.63,Female,0,No,No,63,Yes,Yes,Fiber optic,No,Yes,Yes,No,Yes,No,Month-to-month,No,Mailed check,4641.93
MW-97866-SHLW,No,55.44,Female,0,No,Yes,41,Yes,No,DSL,No,No,No,No,Yes,No,Month-to-month,No,Credit card (automatic),2311.37
MW-73877-JNWD,Yes,120.0,Male,0,Yes,Yes,3,Yes,Yes,DSL,No,No,Yes,Yes,No,No,Two year,Yes,Credit card (automatic),360.54
MW-67331-WVPF,Yes,88.28,Female,0,No,Yes,34,Yes,Yes,No,No internet service,No internet service,No internet service,No internet service,No internet service,No internet service,Month-to-month,No,Electronic check,2990.11
MW-48778-DUKN,No,63.33,Female,1,No,Yes,60,Yes,Yes,DSL,No,Yes,No,No,Yes,Yes,Month-to-month,Yes,Electronic check,3774.15
MW-29868-CNBN,Yes,72.58,Female,0,No,No,47,Yes,No,No,No internet service,No internet service,No internet service,No internet service,No internet service,No internet service,Month-to-month,Yes,Mailed check,3427.86
MW-26832-WZWQ,No,65.63,Male,1,Yes,Yes,9,Yes,No,Fiber optic,Yes,Yes,Yes,No,No,Yes,Month-to-month,Yes,Credit card (automatic),578.15
MW-76162-TBSY,No,84.97,Male,0,No,Yes,15,No,No phone service,Fiber optic,Yes,Yes,No,No,No,No,Two year,Yes,Credit card (automatic),1268.25
MW-75755-DGZM,No,38.31,Male,0,No,No,62,Yes,Yes,No,No internet service,No internet service,No internet service,No internet service,No internet service,No internet service,Two year,Yes,Bank transfer (automatic),2393.64
MW-39214-TVYC,Yes,104.96,Female,0,No,No,71,Yes,No,Fiber optic,Yes,No,No,No,No,No,Month-to-month,No,Electronic check,7467.96
MW-87341-JFVX,No,24.26,Male,0,No,No,54,Yes,Yes,No,No internet service,No internet service,No internet service,No internet service,No internet service,No internet service,Two year,Yes,Electronic check,1300.9
MW-67790-WCSN,No,70.15,Male,0,Yes,No,7,No,No phone service,DSL,No,Yes,No,No,Yes,No,One year,Yes,Credit card (automatic),484.24
