member_id,tenure_months,membership_tier,monthly_dues,visit_frequency_per_month,personal_training_addon,group_classes_per_month,has_locker_rental,referred_by_member,payment_method,avg_session_minutes,app_engagement_score,has_nutrition_plan,membership_value_estimate,cancelled
PAL-00001,60,Core,42.1,5.1,No,6,No,No,Bank Draft,75.5,79,No,1852.45,Yes
PAL-00002,0,Core,40.74,1.3,No,2,Yes,No,Credit Card,45.6,77,No,0.0,No
PAL-00003,46,Elite,77.9,13.6,Yes,4,No,No,Credit Card,52.6,74,No,3672.06,No
PAL-00004,19,Basic,25.17,15.3,No,3,No,Yes,Debit Card,53.0,0,No,966.32,No
PAL-00005,18,Basic,23.26,2.4,No,4,No,No,Debit Card,60.4,56,No,346.15,Yes
PAL-00006,55,Elite,77.46,6.8,Yes,1,No,No,Debit Card,68.5,85,No,3409.71,No
PAL-00007,54,Elite,91.44,7.2,Yes,2,No,No,Bank Draft,55.7,25,Yes,7758.23,No
PAL-00008,52,Basic,24.73,6.0,No,3,Yes,No,Credit Card,84.3,89,No,1218.86,Yes
PAL-00009,44,Basic,21.52,12.0,No,1,No,No,Credit Card,48.4,69,No,1169.11,No
PAL-00010,26,Core,47.99,9.5,No,1,No,No,Bank Draft,68.8,41,No,1743.65,No
PAL-00011,29,Basic,24.29,4.3,No,1,Yes,Yes,Credit Card,55.3,61,No,771.35,No
PAL-00012,49,Core,45.56,9.5,No,2,No,Yes,Debit Card,54.0,37,Yes,1011.42,No
PAL-00013,57,Basic,29.88,4.1,Yes,2,No,No,Credit Card,35.0,62,Yes,2340.43,No
PAL-00014,17,Core,43.36,2.1,No,1,No,No,Credit Card,60.2,50,No,465.93,No
PAL-00015,35,Basic,22.93,14.9,No,4,No,No,Bank Draft,48.9,96,No,370.79,No
PAL-00016,35,Core,39.71,17.5,No,4,No,No,Debit Card,51.6,24,Yes,2946.38,No
PAL-00017,8,Core,43.51,2.5,No,0,Yes,Yes,Debit Card,51.8,99,No,650.07,No
PAL-00018,40,Elite,70.28,6.4,No,3,No,No,Credit Card,59.6,74,No,1665.86,No
PAL-00019,12,Basic,25.29,12.0,No,2,No,No,Credit Card,68.4,21,No,138.0,Yes
PAL-00020,6,Basic,22.64,6.0,No,2,Yes,No,Bank Draft,49.4,56,No,94.32,Yes
PAL-00021,35,Elite,64.87,5.3,Yes,2,Yes,No,Credit Card,47.4,37,No,4830.63,No
PAL-00022,9,Core,42.73,7.4,Yes,3,No,No,Bank Draft,55.5,8,No,282.76,Yes
PAL-00023,56,Elite,74.26,8.1,No,5,No,No,Credit Card,37.3,43,No,3363.14,No
PAL-00024,5,Elite,85.17,6.1,Yes,4,No,No,Bank Draft,40.0,86,No,221.82,No
PAL-00025,58,Core,44.11,11.5,No,4,No,Yes,Credit Card,59.3,84,No,2967.93,No
PAL-00026,60,Basic,22.59,6.8,No,3,Yes,No,Credit Card,44.1,31,Yes,1257.1,No
PAL-00027,59,Basic,27.47,5.0,No,0,No,No,Credit Card,63.1,30,No,1139.03,Yes
PAL-00028,23,Core,38.7,17.5,No,4,No,No,Credit Card,50.6,24,No,399.95,No
PAL-00029,30,Core,42.28,3.5,No,1,No,No,Debit Card,47.1,31,No,1329.45,No
PAL-00030,19,Basic,21.27,7.8,No,0,No,No,Credit Card,68.0,77,No,593.77,No
PAL-00031,58,Core,46.67,5.3,Yes,2,No,No,Credit Card,42.8,32,No,2027.3,No
PAL-00032,21,Basic,24.44,7.6,No,1,Yes,No,Credit Card,52.0,50,No,750.88,No
PAL-00033,35,Basic,22.35,2.9,No,2,Yes,Yes,Credit Card,43.1,99,Yes,767.51,No
PAL-00034,59,Basic,29.11,2.7,No,4,No,No,Bank Draft,51.8,94,No,4214.75,No
PAL-00035,6,Basic,22.91,6.8,No,2,No,No,Credit Card,61.0,52,No,246.47,No
PAL-00036,1,Basic,21.17,7.9,No,2,Yes,No,Debit Card,54.1,24,No,108.78,Yes
PAL-00037,21,Core,44.7,1.3,No,1,No,No,Credit Card,51.4,57,No,964.92,No
PAL-00038,56,Elite,72.38,7.5,No,3,No,No,Bank Draft,50.2,60,No,4268.59,No
PAL-00039,7,Elite,77.87,5.3,No,3,Yes,No,Credit Card,55.7,93,No,506.12,No
PAL-00040,35,Basic,24.5,1.7,No,1,Yes,No,Credit Card,58.3,3,No,903.5,Yes
PAL-00041,41,Elite,85.83,2.6,Yes,2,No,Yes,Debit Card,58.1,16,No,1664.84,No
PAL-00042,32,Basic,24.51,2.4,No,2,No,No,Credit Card,54.4,99,Yes,1797.26,No
PAL-00043,22,Core,44.25,6.1,Yes,3,Yes,No,Debit Card,43.8,51,No,514.28,No
PAL-00044,21,Core,41.2,1.0,Yes,0,No,Yes,Bank Draft,50.1,1,No,1566.89,No
PAL-00045,18,Basic,28.27,7.6,No,2,No,No,Debit Card,45.8,52,No,311.45,Yes
PAL-00046,1,Basic,23.34,4.7,Yes,3,No,No,Debit Card,57.3,27,No,128.87,No
PAL-00047,55,Basic,26.26,17.9,Yes,4,No,No,Credit Card,48.3,71,No,1634.37,Yes
PAL-00048,51,Basic,21.98,0.9,Yes,1,No,Yes,Credit Card,48.7,2,No,1233.92,Yes
PAL-00049,50,Elite,67.52,4.2,No,3,Yes,Yes,Credit Card,72.2,40,No,1653.42,No
PAL-00050,32,Elite,78.99,0.9,Yes,4,Yes,No,Credit Card,50.7,27,No,3715.04,No
PAL-00051,18,Basic,28.25,5.5,No,5,Yes,No,Debit Card,26.7,77,Yes,481.51,No
PAL-00052,0,Core,41.33,4.0,No,0,No,No,Credit Card,75.2,95,Yes,33.24,No
PAL-00053,43,Elite,81.76,11.9,Yes,1,No,No,Debit Card,52.0,51,No,8468.58,No
PAL-00054,42,Basic,27.64,3.6,No,2,No,No,Credit Card,47.6,37,No,1259.45,No
PAL-00055,53,Core,43.89,2.6,No,2,No,Yes,Debit Card,47.6,100,No,2381.68,No
PAL-00056,25,Basic,26.65,3.9,No,2,No,No,Credit Card,47.3,46,Yes,340.19,No
PAL-00057,40,Basic,27.49,6.4,No,4,No,No,Bank Draft,69.2,56,Yes,1046.26,Yes
PAL-00058,24,Core,44.88,4.9,Yes,1,No,No,Credit Card,44.1,90,No,562.82,No
PAL-00059,58,Basic,25.76,8.1,No,2,No,No,Debit Card,44.0,5,No,1407.94,No
PAL-00060,3,Elite,84.98,8.3,Yes,1,No,No,Debit Card,49.6,1,No,287.7,No
PAL-00061,34,Elite,76.51,3.7,Yes,2,No,Yes,Credit Card,30.3,67,No,1503.51,No
PAL-00062,41,Basic,25.33,3.1,No,5,Yes,No,Credit Card,46.2,92,No,692.69,Yes
PAL-00063,3,Basic,21.54,6.7,No,2,No,No,Debit Card,65.6,42,No,87.7,Yes
PAL-00064,39,Basic,22.97,10.2,No,1,No,No,Credit Card,56.3,99,Yes,891.7,No
PAL-00065,58,Core,41.65,1.2,No,1,No,No,Debit Card,59.6,44,No,2186.13,Yes
PAL-00066,59,Basic,27.52,6.5,No,3,No,No,Credit Card,43.7,44,No,2852.77,No
PAL-00067,4,Core,45.73,4.5,No,2,No,No,Credit Card,29.7,13,No,68.11,Yes
PAL-00068,6,Core,45.72,2.6,No,0,No,No,Debit Card,61.0,19,No,98.18,No
PAL-00069,28,Basic,27.41,7.7,No,1,Yes,No,Bank Draft,38.5,57,No,989.16,Yes
PAL-00070,57,Core,40.88,3.7,Yes,4,Yes,No,Credit Card,30.7,69,Yes,6221.07,No
PAL-00071,25,Basic,27.65,11.3,No,2,Yes,No,Bank Draft,41.5,46,Yes,884.92,Yes
PAL-00072,29,Core,49.89,15.6,No,2,No,No,Credit Card,42.9,78,No,1351.78,No
PAL-00073,42,Elite,92.14,2.7,No,3,No,No,Credit Card,36.6,35,Yes,4410.45,No
PAL-00074,3,Basic,23.7,5.8,No,3,Yes,No,Credit Card,52.4,41,No,91.1,Yes
PAL-00075,51,Core,41.7,4.3,No,5,Yes,No,Debit Card,81.8,8,No,3646.54,No
PAL-00076,46,Elite,75.9,4.0,No,2,No,Yes,Credit Card,51.4,82,No,2237.33,No
PAL-00077,60,Basic,30.02,4.6,No,5,No,Yes,Credit Card,43.2,31,No,1522.41,No
PAL-00078,25,Core,41.41,4.6,No,2,No,No,Debit Card,52.8,24,No,2052.17,No
PAL-00079,46,Basic,24.48,14.1,No,1,No,No,Bank Draft,65.0,52,Yes,1145.16,No
PAL-00080,5,Core,42.47,9.5,No,4,No,No,Credit Card,22.0,4,No,197.5,No
PAL-00081,17,Core,39.59,13.8,No,1,No,No,Credit Card,46.2,62,No,490.57,No
PAL-00082,7,Elite,86.29,2.6,No,4,No,Yes,Debit Card,55.5,64,No,448.73,No
PAL-00083,37,Elite,88.81,9.8,Yes,4,No,No,Bank Draft,56.9,68,No,3345.46,No
PAL-00084,58,Elite,60.0,6.8,No,1,No,No,Credit Card,45.4,53,No,3669.46,No
PAL-00085,46,Elite,92.15,9.9,No,4,No,No,Credit Card,33.6,16,No,3625.36,No
PAL-00086,39,Basic,26.37,3.0,No,4,No,No,Credit Card,54.7,4,No,559.93,No
PAL-00087,43,Core,38.02,2.1,No,2,Yes,No,Bank Draft,41.4,20,No,1973.44,No
PAL-00088,58,Core,49.26,3.1,Yes,0,No,No,Debit Card,15.0,21,No,3131.73,No
PAL-00089,42,Basic,33.32,3.5,No,1,No,Yes,Debit Card,53.6,27,No,2168.4,Yes
PAL-00090,47,Basic,23.45,5.3,No,2,No,No,Credit Card,55.3,58,No,666.01,No
PAL-00091,16,Basic,27.15,12.4,No,2,No,No,Debit Card,49.0,15,No,404.34,No
PAL-00092,38,Core,48.65,8.8,No,2,No,No,Debit Card,75.5,65,No,1258.83,No
PAL-00093,41,Core,41.51,3.2,No,2,No,No,Credit Card,58.4,58,No,564.14,No
PAL-00094,7,Elite,71.12,5.1,No,1,No,No,Credit Card,53.8,68,No,614.11,No
PAL-00095,42,Basic,20.45,6.4,No,7,Yes,No,Bank Draft,72.6,64,No,724.84,Yes
PAL-00096,27,Core,47.57,0.6,No,1,No,No,Debit Card,77.7,41,Yes,1072.83,No
PAL-00097,59,Basic,23.88,9.9,No,0,No,No,Credit Card,64.3,97,No,1425.72,Yes
PAL-00098,14,Elite,76.33,8.6,Yes,2,Yes,No,Credit Card,45.7,74,Yes,725.34,Yes
PAL-00099,29,Basic,26.78,8.0,No,2,No,No,Debit Card,57.9,91,No,650.89,No
PAL-00100,9,Basic,23.13,4.5,No,0,No,No,Bank Draft,63.2,69,Yes,327.93,Yes
PAL-00101,3,Basic,25.11,10.6,No,2,No,No,Bank Draft,18.6,4,Yes,64.14,Yes
PAL-00102,30,Basic,25.67,6.3,No,2,No,Yes,Bank Draft,35.5,13,Yes,483.1,Yes
PAL-00103,58,Basic,25.47,6.7,No,1,No,No,Credit Card,59.8,83,Yes,1862.49,No
PAL-00104,19,Basic,18.37,12.3,No,0,No,No,Credit Card,50.5,58,No,838.37,No
PAL-00105,53,Basic,31.72,5.0,No,0,No,No,Debit Card,59.3,26,Yes,2495.1,Yes
PAL-00106,58,Core,42.44,1.5,No,1,No,Yes,Credit Card,61.4,18,No,2531.48,Yes
PAL-00107,49,Basic,21.66,11.1,No,3,No,No,Credit Card,39.5,48,No,2205.36,Yes
PAL-00108,1,Core,40.94,1.8,No,4,No,No,Credit Card,49.2,68,No,0.0,Yes
PAL-00109,44,Basic,22.58,5.2,No,2,No,No,Bank Draft,53.9,56,Yes,1559.25,No
PAL-00110,1,Basic,20.12,1.8,No,2,No,No,Bank Draft,63.8,62,Yes,42.1,Yes
PAL-00111,16,Core,44.0,2.8,No,2,No,No,Credit Card,63.8,55,No,995.66,No
PAL-00112,38,Elite,88.57,7.2,Yes,2,No,Yes,Credit Card,29.3,93,No,8519.02,No
PAL-00113,57,Basic,21.9,9.8,No,4,No,Yes,Credit Card,22.2,98,No,901.32,Yes
PAL-00114,5,Core,43.96,11.3,No,2,No,No,Debit Card,44.1,19,No,236.76,No
PAL-00115,58,Core,48.95,11.7,No,2,Yes,No,Credit Card,67.9,46,No,2736.14,Yes
PAL-00116,33,Basic,24.78,11.0,No,4,Yes,No,Credit Card,44.2,43,No,1323.66,No
PAL-00117,45,Basic,27.94,5.6,No,2,No,No,Bank Draft,82.2,69,No,638.87,No
PAL-00118,49,Core,35.51,12.0,No,2,No,Yes,Bank Draft,33.8,10,No,2836.25,No
PAL-00119,30,Basic,23.06,3.8,No,0,No,No,Credit Card,37.8,58,No,188.61,No
PAL-00120,7,Core,43.85,1.2,No,6,No,No,Credit Card,42.5,31,No,344.38,No
PAL-00121,47,Basic,25.29,7.6,No,3,Yes,No,Credit Card,38.5,75,No,756.25,Yes
PAL-00122,4,Core,54.03,2.1,No,3,No,Yes,Debit Card,39.9,69,No,98.28,No
PAL-00123,8,Elite,76.34,2.7,Yes,1,Yes,No,Bank Draft,55.3,97,No,586.11,No
PAL-00124,58,Basic,25.84,2.8,No,2,Yes,No,Credit Card,52.4,18,Yes,1597.73,Yes
PAL-00125,55,Core,36.04,3.4,No,3,Yes,No,Credit Card,37.9,15,No,2038.15,No
PAL-00126,52,Basic,21.49,8.1,No,1,Yes,No,Bank Draft,53.0,83,No,2010.93,Yes
PAL-00127,57,Basic,19.29,14.1,No,3,Yes,No,Credit Card,42.7,54,No,616.33,No
PAL-00128,15,Basic,21.97,9.5,No,3,No,No,Debit Card,62.1,44,No,367.13,Yes
PAL-00129,59,Basic,28.85,3.0,No,3,No,No,Credit Card,56.0,87,Yes,1838.52,No
PAL-00130,29,Elite,79.15,4.4,Yes,2,No,Yes,Credit Card,59.3,36,No,2023.4,No
PAL-00131,5,Core,42.73,1.0,No,3,No,No,Bank Draft,52.8,62,No,232.97,No
PAL-00132,9,Core,43.74,5.0,Yes,4,No,No,Debit Card,50.1,80,No,484.03,No
PAL-00133,42,Basic,22.43,7.4,No,2,No,Yes,Bank Draft,54.6,11,Yes,1869.79,No
PAL-00134,51,Elite,87.23,10.4,No,2,No,No,Credit Card,89.0,82,No,6250.51,No
PAL-00135,23,Basic,22.62,2.8,No,2,No,No,Credit Card,44.8,68,Yes,823.18,No
PAL-00136,11,Basic,25.83,10.5,No,3,No,No,Credit Card,61.0,9,Yes,838.93,No
PAL-00137,13,Elite,81.18,3.4,No,3,Yes,No,Credit Card,60.9,80,No,927.81,No
PAL-00138,50,Core,45.59,10.5,No,2,No,No,Bank Draft,85.0,99,Yes,3275.43,No
PAL-00139,49,Core,47.93,10.3,Yes,4,No,No,Credit Card,68.7,40,No,1910.82,No
PAL-00140,15,Elite,71.78,14.2,Yes,4,No,No,Bank Draft,27.2,79,Yes,1124.83,No
PAL-00141,2,Basic,26.7,22.6,No,3,No,No,Credit Card,47.2,3,No,59.12,Yes
PAL-00142,6,Basic,21.35,3.8,Yes,2,No,No,Debit Card,21.7,37,No,150.94,Yes
PAL-00143,24,Basic,26.99,9.7,No,1,No,No,Credit Card,57.0,28,No,972.56,No
PAL-00144,13,Basic,26.24,4.6,No,4,No,No,Credit Card,55.6,5,No,368.42,Yes
PAL-00145,27,Elite,89.37,2.4,No,0,No,Yes,Credit Card,47.6,37,No,2702.13,No
PAL-00146,32,Basic,23.03,7.6,No,3,No,No,Credit Card,56.0,21,No,544.68,Yes
PAL-00147,5,Basic,19.14,8.9,No,1,No,No,Credit Card,62.1,88,No,52.34,No
PAL-00148,53,Core,45.56,4.8,Yes,5,No,No,Debit Card,44.3,14,No,2265.87,No
PAL-00149,47,Elite,82.59,3.0,Yes,1,No,Yes,Credit Card,37.5,65,No,2797.47,No
PAL-00150,2,Core,51.32,7.7,No,2,No,No,Bank Draft,44.0,4,No,61.26,No
PAL-00151,26,Basic,27.14,3.0,No,1,No,No,Credit Card,58.8,29,No,928.62,Yes
PAL-00152,8,Basic,25.8,5.2,No,3,No,Yes,Debit Card,51.9,36,No,167.98,Yes
PAL-00153,50,Core,43.49,8.9,Yes,2,No,No,Debit Card,64.0,78,No,2483.0,No
PAL-00154,33,Core,49.21,7.3,No,4,Yes,Yes,Credit Card,33.5,15,No,1579.08,No
PAL-00155,11,Basic,25.29,9.7,No,2,No,No,Bank Draft,64.3,50,Yes,77.41,No
PAL-00156,5,Elite,67.32,3.6,No,2,No,Yes,Credit Card,69.8,54,No,306.95,No
PAL-00157,19,Core,44.39,5.2,No,4,No,No,Credit Card,79.0,45,No,845.22,No
PAL-00158,21,Core,48.12,4.0,Yes,3,No,Yes,Debit Card,56.1,70,No,1453.39,No
PAL-00159,18,Basic,20.58,6.1,No,3,No,Yes,Credit Card,54.1,70,No,254.25,No
PAL-00160,22,Basic,31.55,3.6,No,1,Yes,No,Debit Card,62.8,29,No,541.48,No
PAL-00161,8,Core,42.43,5.2,No,4,No,No,Credit Card,51.5,44,Yes,487.68,No
PAL-00162,29,Core,41.42,5.9,Yes,1,No,No,Credit Card,40.4,19,No,1105.61,No
PAL-00163,17,Basic,21.7,13.3,No,4,No,No,Credit Card,31.7,47,No,632.27,Yes
PAL-00164,43,Basic,23.09,4.4,No,4,Yes,No,Debit Card,41.6,56,No,1336.97,No
PAL-00165,47,Elite,78.89,7.0,No,2,No,No,Bank Draft,72.3,5,No,5218.37,No
PAL-00166,15,Elite,82.53,12.8,Yes,2,Yes,No,Debit Card,56.4,97,No,1124.34,No
PAL-00167,7,Basic,27.65,1.9,No,3,No,No,Credit Card,32.3,37,No,69.62,No
PAL-00168,19,Basic,25.03,8.0,No,3,No,No,Credit Card,52.8,72,No,417.63,Yes
PAL-00169,8,Core,39.73,7.9,No,4,No,No,Credit Card,59.1,88,No,414.0,No
PAL-00170,26,Core,43.97,6.5,Yes,3,No,No,Credit Card,65.2,45,No,2098.25,Yes
PAL-00171,56,Basic,25.33,5.6,No,3,No,No,Credit Card,41.1,13,No,1097.27,Yes
PAL-00172,23,Basic,21.14,12.1,No,3,No,No,Credit Card,50.5,23,Yes,584.69,No
PAL-00173,52,Elite,76.63,0.6,No,4,No,No,Debit Card,29.1,46,No,3424.51,No
PAL-00174,43,Basic,20.91,7.4,No,1,No,No,Debit Card,59.2,40,No,1888.91,Yes
PAL-00175,53,Elite,66.79,6.6,Yes,2,No,No,Bank Draft,20.5,23,No,3323.93,No
PAL-00176,2,Basic,25.91,6.4,No,1,No,No,Bank Draft,48.0,10,No,0.0,Yes
PAL-00177,43,Basic,23.54,4.5,No,2,No,No,Credit Card,43.8,99,No,1169.0,No
PAL-00178,9,Core,42.16,4.0,No,0,No,No,Bank Draft,75.9,59,Yes,145.49,No
PAL-00179,37,Elite,68.76,4.2,No,2,No,No,Bank Draft,70.6,43,No,3007.66,No
PAL-00180,8,Elite,74.47,5.1,Yes,4,No,No,Credit Card,38.7,25,No,610.88,No
PAL-00181,53,Core,46.34,5.2,No,1,No,Yes,Credit Card,47.9,71,No,1612.81,Yes
PAL-00182,32,Core,47.7,1.0,No,2,No,No,Debit Card,24.3,15,No,4081.72,No
PAL-00183,35,Basic,30.48,8.3,No,3,No,No,Debit Card,38.3,98,No,1933.58,No
PAL-00184,5,Basic,21.27,2.2,No,2,No,No,Debit Card,37.1,77,No,141.88,Yes
PAL-00185,18,Elite,82.71,6.7,No,3,Yes,No,Credit Card,56.6,76,No,1591.75,No
PAL-00186,4,Core,49.11,3.2,No,0,Yes,No,Debit Card,60.4,40,No,308.85,No
PAL-00187,52,Core,48.28,6.7,No,3,No,Yes,Credit Card,36.9,67,No,4295.77,No
PAL-00188,47,Core,49.37,14.5,Yes,1,No,No,Debit Card,70.3,77,No,2126.35,No
PAL-00189,38,Basic,23.58,2.3,No,2,No,No,Bank Draft,79.0,78,No,1078.52,Yes
PAL-00190,59,Elite,89.13,6.3,No,1,No,No,Bank Draft,42.7,25,Yes,7069.04,No
PAL-00191,52,Basic,25.38,6.1,No,3,Yes,No,Debit Card,41.5,17,No,995.08,Yes
PAL-00192,2,Basic,23.48,2.5,No,3,Yes,Yes,Debit Card,64.9,53,No,173.03,Yes
PAL-00193,53,Basic,22.44,12.7,No,2,No,No,Credit Card,49.6,4,No,1746.24,Yes
PAL-00194,10,Elite,68.59,2.6,No,2,Yes,No,Credit Card,51.7,5,No,627.52,No
PAL-00195,7,Basic,25.05,1.7,No,2,No,No,Credit Card,54.1,45,No,1396.21,Yes
PAL-00196,31,Elite,75.16,4.1,Yes,3,No,Yes,Debit Card,58.4,54,No,1846.74,No
PAL-00197,38,Basic,30.9,13.0,No,1,Yes,No,Bank Draft,86.9,0,No,2002.85,Yes
PAL-00198,54,Basic,22.89,6.6,No,1,Yes,No,Debit Card,46.8,61,No,945.89,No
PAL-00199,31,Elite,63.02,12.2,No,1,Yes,No,Credit Card,58.6,91,No,1574.78,No
PAL-00200,30,Basic,19.99,7.6,No,2,No,No,Credit Card,33.7,92,No,731.52,Yes
PAL-00201,5,Core,47.73,9.3,Yes,2,No,No,Credit Card,24.7,17,No,216.86,No
PAL-00202,23,Core,40.48,2.7,Yes,1,No,Yes,Debit Card,67.4,97,No,1006.69,No
PAL-00203,12,Core,46.11,1.4,No,2,No,No,Credit Card,44.8,97,No,584.12,No
PAL-00204,51,Core,42.09,8.8,No,2,Yes,No,Debit Card,61.0,42,No,3313.29,No
PAL-00205,22,Core,44.42,3.7,No,2,No,No,Credit Card,59.1,8,No,1797.38,No
PAL-00206,47,Core,44.8,1.6,No,1,No,No,Credit Card,62.5,4,No,9302.88,No
PAL-00207,3,Basic,26.5,8.4,No,4,Yes,No,Debit Card,45.0,32,No,101.71,Yes
PAL-00208,48,Core,35.03,7.6,Yes,3,No,No,Credit Card,60.3,59,No,1559.86,No
PAL-00209,38,Basic,23.76,15.6,No,0,No,No,Bank Draft,75.6,24,No,802.62,No
PAL-00210,14,Basic,21.76,4.7,No,0,No,Yes,Credit Card,54.2,72,No,435.96,No
PAL-00211,47,Basic,26.72,5.4,No,2,Yes,Yes,Debit Card,67.0,66,No,989.72,Yes
PAL-00212,39,Elite,79.52,8.7,Yes,2,Yes,No,Credit Card,46.7,18,No,2268.31,No
PAL-00213,39,Core,40.83,15.6,No,4,No,No,Credit Card,48.8,65,Yes,957.82,No
PAL-00214,11,Basic,26.28,11.5,No,2,No,No,Credit Card,70.4,24,No,212.41,No
PAL-00215,28,Elite,91.88,2.7,Yes,1,No,No,Credit Card,44.9,89,No,1308.18,No
PAL-00216,27,Basic,22.82,4.8,No,3,No,No,Debit Card,46.0,80,No,811.4,Yes
PAL-00217,12,Basic,19.87,6.8,No,0,No,Yes,Bank Draft,44.9,58,Yes,154.62,No
PAL-00218,51,Basic,27.63,5.9,No,1,Yes,No,Debit Card,39.5,46,No,2055.68,Yes
PAL-00219,36,Core,42.99,2.9,No,1,No,No,Credit Card,60.0,3,No,2929.31,No
PAL-00220,48,Basic,22.83,14.7,No,1,Yes,Yes,Credit Card,50.4,31,Yes,1002.02,No
PAL-00221,58,Core,35.0,4.8,Yes,1,No,No,Debit Card,56.9,99,No,958.28,No
PAL-00222,33,Elite,87.99,1.9,No,1,No,No,Bank Draft,39.3,85,Yes,6597.26,No
PAL-00223,18,Basic,25.68,5.0,No,1,Yes,No,Credit Card,44.0,75,No,543.4,Yes
PAL-00224,46,Elite,77.62,9.5,Yes,1,No,No,Debit Card,61.2,16,No,5228.28,No
PAL-00225,35,Basic,24.48,12.6,No,3,No,No,Debit Card,44.5,81,No,521.84,No
PAL-00226,4,Core,50.23,3.9,Yes,2,No,No,Credit Card,61.5,4,No,457.45,No
PAL-00227,21,Elite,77.11,6.2,Yes,4,No,No,Debit Card,50.5,53,No,577.94,No
PAL-00228,50,Core,45.48,6.0,No,1,No,No,Debit Card,56.4,22,No,1191.17,No
PAL-00229,34,Core,45.45,6.2,Yes,4,No,No,Credit Card,83.3,85,No,2984.24,No
PAL-00230,48,Core,49.08,14.4,No,3,Yes,No,Credit Card,63.7,77,No,1415.47,No
PAL-00231,59,Basic,26.41,2.8,No,4,No,No,Debit Card,71.4,54,No,2396.94,No
PAL-00232,45,Elite,76.88,18.3,No,4,No,Yes,Credit Card,38.2,67,Yes,4639.34,No
PAL-00233,18,Basic,25.6,1.3,No,2,Yes,No,Credit Card,58.1,37,No,638.49,No
PAL-00234,8,Core,47.84,5.3,No,2,Yes,Yes,Credit Card,73.2,4,Yes,659.56,No
PAL-00235,13,Basic,28.85,12.3,No,3,No,No,Debit Card,60.1,37,Yes,309.69,No
PAL-00236,13,Core,47.85,13.6,No,5,No,No,Debit Card,50.0,16,No,1350.26,No
PAL-00237,26,Core,49.09,11.8,No,2,No,Yes,Credit Card,49.5,96,No,1360.99,No
PAL-00238,13,Core,46.2,4.8,No,1,Yes,No,Bank Draft,40.2,14,Yes,821.28,No
PAL-00239,45,Core,46.29,13.5,No,3,No,Yes,Bank Draft,47.4,37,Yes,4903.94,No
PAL-00240,41,Basic,26.89,14.2,No,4,No,No,Credit Card,43.1,30,No,1145.8,No
PAL-00241,6,Basic,19.02,11.4,Yes,2,No,No,Debit Card,42.3,22,No,365.78,No
PAL-00242,17,Core,46.78,1.7,No,2,No,No,Debit Card,60.1,17,No,373.37,Yes
PAL-00243,6,Basic,23.86,3.3,No,3,No,No,Credit Card,46.3,13,No,311.48,Yes
PAL-00244,8,Core,39.71,7.4,Yes,6,No,No,Debit Card,60.1,68,Yes,181.36,No
PAL-00245,37,Basic,25.37,10.7,No,6,No,No,Credit Card,53.2,89,No,614.86,No
PAL-00246,34,Core,36.55,2.9,No,2,No,No,Credit Card,81.5,84,No,4539.52,No
PAL-00247,13,Basic,23.74,4.5,No,2,No,No,Credit Card,49.2,37,No,72.64,Yes
PAL-00248,21,Basic,28.5,5.5,No,3,No,No,Credit Card,60.7,88,No,316.58,No
PAL-00249,56,Core,36.74,6.1,Yes,4,No,No,Credit Card,42.8,6,No,3337.7,No
PAL-00250,29,Basic,26.33,7.5,No,3,No,No,Credit Card,47.2,48,No,1147.06,No
PAL-00251,49,Core,47.79,9.0,No,2,No,No,Credit Card,51.1,96,No,2196.4,No
PAL-00252,44,Basic,19.26,1.1,No,3,Yes,No,Credit Card,55.3,13,No,522.71,Yes
PAL-00253,18,Basic,23.86,9.0,No,1,No,No,Credit Card,50.7,91,No,358.38,No
PAL-00254,14,Basic,25.04,9.6,No,1,No,Yes,Debit Card,41.2,4,No,240.72,Yes
PAL-00255,56,Elite,77.38,4.9,No,0,No,No,Debit Card,63.7,66,No,2503.33,No
PAL-00256,55,Basic,22.58,10.6,No,1,No,No,Credit Card,58.9,39,No,1029.29,Yes
PAL-00257,10,Basic,27.02,4.2,No,2,No,Yes,Credit Card,66.3,90,No,416.45,No
PAL-00258,43,Core,42.87,11.0,No,2,No,No,Credit Card,52.3,49,No,2484.65,No
PAL-00259,10,Core,43.9,6.3,No,0,No,No,Credit Card,71.1,67,No,627.87,No
PAL-00260,49,Basic,26.64,3.5,No,3,No,No,Credit Card,49.9,14,No,981.79,No
PAL-00261,1,Elite,79.97,11.0,No,0,Yes,No,Credit Card,31.5,3,No,69.39,No
PAL-00262,25,Core,45.63,10.7,No,3,No,No,Credit Card,53.8,2,No,2495.67,No
PAL-00263,21,Basic,26.14,12.6,No,2,No,No,Credit Card,20.9,22,No,405.14,Yes
PAL-00264,35,Core,50.67,8.2,Yes,3,No,Yes,Bank Draft,55.2,10,No,1010.98,No
PAL-00265,47,Basic,27.17,7.0,No,0,Yes,No,Debit Card,55.8,73,No,1536.85,No
PAL-00266,47,Core,47.63,3.9,No,2,Yes,No,Bank Draft,23.1,74,No,2182.89,Yes
PAL-00267,22,Core,45.8,2.9,No,3,No,No,Bank Draft,24.8,72,No,692.15,No
PAL-00268,2,Core,46.65,16.2,No,3,Yes,No,Credit Card,37.7,19,No,190.39,No
PAL-00269,56,Elite,76.86,1.7,Yes,5,Yes,No,Credit Card,51.0,15,No,2538.99,No
PAL-00270,22,Core,53.95,7.8,No,4,No,No,Credit Card,33.8,81,Yes,1340.8,No
PAL-00271,57,Core,41.02,2.5,No,0,No,No,Bank Draft,69.8,17,Yes,1601.17,No
PAL-00272,7,Basic,29.0,7.9,No,3,No,No,Debit Card,36.2,92,No,375.86,Yes
PAL-00273,45,Basic,27.47,11.4,No,0,No,Yes,Debit Card,64.0,23,No,1903.39,No
PAL-00274,48,Core,50.55,8.6,Yes,2,No,No,Bank Draft,23.3,33,No,2737.57,No
PAL-00275,11,Elite,79.7,2.4,No,4,No,No,Credit Card,71.1,71,No,913.1,No
PAL-00276,59,Basic,27.4,5.6,No,5,Yes,No,Debit Card,63.0,65,No,3287.44,No
PAL-00277,4,Elite,70.74,7.9,No,1,No,No,Credit Card,28.6,64,No,590.66,No
PAL-00278,55,Core,45.08,2.7,No,1,Yes,No,Debit Card,53.3,29,No,4683.03,No
PAL-00279,14,Basic,24.93,6.0,No,2,No,Yes,Bank Draft,59.7,49,No,562.9,No
PAL-00280,56,Core,44.68,6.4,No,1,Yes,No,Credit Card,72.6,73,No,2239.6,No
PAL-00281,19,Elite,83.34,3.8,No,0,No,Yes,Credit Card,30.9,55,No,3944.85,No
PAL-00282,22,Basic,23.25,5.3,No,3,Yes,No,Credit Card,75.7,21,No,624.05,No
PAL-00283,36,Elite,84.72,9.6,Yes,2,Yes,No,Debit Card,48.6,21,Yes,3272.39,No
PAL-00284,31,Basic,31.13,5.9,No,4,Yes,No,Credit Card,83.6,40,Yes,854.62,No
PAL-00285,54,Elite,99.64,10.7,Yes,4,No,No,Debit Card,74.9,30,No,4137.82,No
PAL-00286,23,Core,47.49,10.1,No,1,Yes,No,Credit Card,15.0,87,No,1205.56,No
PAL-00287,21,Core,37.63,10.9,No,6,No,No,Credit Card,61.3,13,No,587.64,No
PAL-00288,22,Core,40.72,6.1,No,1,No,No,Credit Card,49.4,63,No,718.41,No
PAL-00289,33,Elite,83.74,9.0,Yes,1,No,No,Credit Card,64.7,25,No,5172.26,No
PAL-00290,0,Core,46.56,10.7,No,2,No,No,Debit Card,60.0,7,No,95.56,No
PAL-00291,32,Elite,78.55,8.3,Yes,3,Yes,No,Debit Card,56.3,37,No,3345.38,No
PAL-00292,36,Basic,26.23,11.6,No,0,Yes,No,Credit Card,62.1,8,No,416.2,No
PAL-00293,23,Basic,22.1,1.4,No,3,No,No,Bank Draft,38.0,45,No,1479.26,Yes
PAL-00294,49,Basic,24.76,15.4,No,1,No,No,Credit Card,26.2,99,Yes,946.04,No
PAL-00295,1,Basic,23.94,7.4,No,3,Yes,No,Credit Card,60.9,70,No,0.0,Yes
PAL-00296,24,Elite,92.63,8.9,No,0,No,No,Credit Card,56.2,36,No,2344.15,Yes
PAL-00297,19,Core,46.82,21.7,No,2,No,Yes,Credit Card,68.8,81,No,1083.84,No
PAL-00298,51,Elite,91.04,11.4,Yes,3,No,No,Debit Card,60.2,20,No,4999.33,No
PAL-00299,43,Basic,27.47,4.3,Yes,4,No,Yes,Credit Card,45.6,82,No,1027.32,Yes
PAL-00300,27,Core,47.28,11.0,No,1,No,No,Credit Card,56.5,46,No,841.59,No
PAL-00301,19,Elite,74.09,17.6,Yes,0,No,No,Debit Card,71.1,24,No,1231.3,No
PAL-00302,39,Basic,24.05,8.1,No,2,Yes,No,Bank Draft,54.7,37,No,231.21,No
PAL-00303,44,Core,47.84,5.8,Yes,2,No,No,Debit Card,22.8,49,No,4406.84,No
PAL-00304,0,Basic,20.37,15.0,No,1,Yes,No,Debit Card,72.1,66,Yes,0.0,No
PAL-00305,60,Core,53.02,8.4,No,5,No,No,Credit Card,37.2,100,No,7306.79,No
PAL-00306,37,Basic,26.75,3.8,No,2,No,No,Credit Card,43.7,50,No,1463.78,Yes
PAL-00307,24,Core,42.41,5.4,No,4,Yes,No,Debit Card,37.4,16,No,1438.36,Yes
PAL-00308,17,Basic,23.39,8.1,No,2,No,Yes,Debit Card,54.7,63,No,511.59,No
PAL-00309,38,Core,46.55,1.9,Yes,3,No,No,Credit Card,46.6,98,No,1977.45,No
PAL-00310,48,Core,47.98,11.9,No,3,No,Yes,Credit Card,61.2,86,Yes,1994.12,No
PAL-00311,52,Basic,18.07,4.1,Yes,0,Yes,No,Bank Draft,64.4,29,No,730.48,Yes
PAL-00312,0,Basic,27.71,6.6,No,1,No,No,Bank Draft,29.7,47,No,64.28,Yes
PAL-00313,37,Core,46.49,12.0,Yes,1,No,No,Bank Draft,21.2,5,Yes,1761.06,No
PAL-00314,6,Basic,21.05,10.8,Yes,2,No,No,Credit Card,43.4,70,No,169.43,Yes
PAL-00315,15,Core,44.56,8.8,No,1,No,No,Credit Card,64.9,96,No,730.98,No
PAL-00316,49,Basic,22.02,2.3,No,2,No,No,Credit Card,57.0,48,No,1355.39,Yes
PAL-00317,7,Basic,25.23,8.7,No,5,No,No,Debit Card,62.4,41,No,235.76,No
PAL-00318,27,Core,41.88,4.2,No,0,Yes,No,Bank Draft,34.6,84,No,1214.53,Yes
PAL-00319,0,Elite,93.73,4.7,Yes,2,No,No,Credit Card,34.7,46,No,0.0,No
PAL-00320,16,Elite,82.56,10.0,Yes,3,Yes,No,Debit Card,62.2,44,No,1378.34,No
PAL-00321,32,Basic,25.41,3.4,No,1,Yes,No,Credit Card,35.9,26,No,837.86,No
PAL-00322,1,Core,44.16,9.1,Yes,3,No,No,Credit Card,56.4,28,No,105.95,No
PAL-00323,55,Elite,68.65,14.5,Yes,0,No,No,Credit Card,29.6,36,No,3378.85,No
PAL-00324,21,Basic,23.36,6.2,No,3,No,No,Debit Card,48.8,93,No,200.87,Yes
PAL-00325,3,Elite,74.08,13.3,Yes,4,No,No,Credit Card,41.6,53,No,657.66,No
PAL-00326,48,Basic,26.09,5.8,No,2,Yes,No,Bank Draft,60.3,50,No,752.57,No
PAL-00327,2,Elite,74.93,4.5,No,3,No,No,Debit Card,28.7,41,No,155.44,No
PAL-00328,32,Core,50.18,4.8,Yes,2,No,No,Credit Card,64.7,72,No,2254.89,Yes
PAL-00329,19,Core,53.76,10.4,No,3,No,No,Credit Card,53.5,85,No,654.33,No
PAL-00330,7,Core,38.02,6.0,No,2,Yes,Yes,Credit Card,64.0,67,No,317.36,Yes
PAL-00331,20,Elite,91.8,5.0,No,2,Yes,No,Debit Card,41.1,67,Yes,2393.04,No
PAL-00332,22,Basic,27.5,15.6,No,2,Yes,No,Credit Card,63.3,69,No,351.12,Yes
PAL-00333,22,Basic,22.23,14.6,No,4,No,No,Credit Card,43.9,71,Yes,447.4,No
PAL-00334,21,Core,45.07,6.4,Yes,2,Yes,No,Credit Card,71.9,10,No,769.13,No
PAL-00335,7,Elite,81.34,5.8,No,1,No,No,Debit Card,29.1,88,No,751.97,No
PAL-00336,6,Elite,80.74,1.9,No,5,No,No,Credit Card,29.3,40,No,643.53,No
PAL-00337,59,Basic,25.21,5.6,No,2,No,No,Debit Card,50.9,52,No,1154.33,Yes
PAL-00338,22,Basic,25.38,1.8,No,0,Yes,No,Credit Card,54.1,95,No,812.62,Yes
PAL-00339,59,Elite,79.47,8.4,Yes,3,No,Yes,Bank Draft,54.6,79,No,4182.18,No
PAL-00340,8,Core,37.87,1.7,No,2,No,No,Credit Card,60.3,50,No,378.21,No
PAL-00341,45,Core,42.08,6.3,No,1,No,Yes,Debit Card,32.3,64,Yes,2505.51,No
PAL-00342,43,Core,45.94,6.6,No,2,No,No,Credit Card,76.2,11,No,2797.29,No
PAL-00343,33,Basic,28.58,7.7,No,2,No,No,Credit Card,50.6,24,No,831.84,No
PAL-00344,13,Basic,25.62,27.7,No,3,Yes,Yes,Credit Card,62.5,29,No,127.56,Yes
PAL-00345,13,Core,40.24,1.8,No,4,No,No,Credit Card,53.0,26,Yes,491.08,No
PAL-00346,17,Core,43.2,16.2,No,1,No,No,Credit Card,65.5,9,No,819.54,No
PAL-00347,42,Core,42.58,13.5,No,3,Yes,No,Bank Draft,103.0,85,Yes,696.68,No
PAL-00348,9,Core,45.76,7.6,No,2,No,No,Debit Card,37.8,41,No,272.35,No
PAL-00349,11,Core,43.3,15.2,Yes,1,Yes,Yes,Debit Card,53.2,9,No,553.84,No
PAL-00350,48,Core,49.67,15.1,No,2,No,No,Credit Card,49.4,15,Yes,1788.53,No
PAL-00351,0,Basic,19.45,11.4,No,3,No,No,Debit Card,70.1,51,No,48.44,Yes
PAL-00352,56,Core,44.73,3.9,Yes,1,No,No,Credit Card,61.6,83,No,3285.09,Yes
PAL-00353,48,Core,41.48,4.7,No,4,No,No,Debit Card,66.3,0,No,1159.97,No
PAL-00354,11,Basic,31.9,10.5,No,1,No,Yes,Credit Card,46.0,43,No,423.78,No
PAL-00355,10,Core,38.69,4.2,Yes,3,No,No,Credit Card,62.6,13,No,674.38,No
PAL-00356,32,Basic,25.31,3.5,No,2,No,No,Bank Draft,39.5,88,No,1477.24,No
PAL-00357,26,Core,41.53,8.9,No,3,No,No,Debit Card,44.2,16,No,1217.67,No
PAL-00358,55,Elite,95.79,5.4,No,4,No,No,Credit Card,67.6,66,Yes,9299.87,No
PAL-00359,19,Basic,25.73,2.8,No,0,Yes,No,Bank Draft,65.0,34,Yes,404.69,Yes
PAL-00360,57,Basic,24.65,2.7,No,3,No,No,Credit Card,66.5,50,Yes,1426.38,No
PAL-00361,34,Elite,78.29,13.4,No,1,No,Yes,Credit Card,39.9,74,No,3925.92,No
PAL-00362,8,Basic,25.78,15.6,No,1,No,No,Credit Card,62.3,10,No,269.68,Yes
PAL-00363,24,Basic,26.24,2.2,No,3,No,Yes,Credit Card,38.1,86,No,391.86,No
PAL-00364,36,Elite,76.62,10.1,Yes,1,Yes,No,Credit Card,52.8,20,No,1771.06,No
PAL-00365,17,Basic,27.28,15.7,No,2,No,No,Credit Card,63.4,36,Yes,600.15,Yes
PAL-00366,30,Basic,24.5,7.5,No,0,No,No,Credit Card,57.0,49,No,870.66,No
PAL-00367,39,Basic,17.79,1.3,No,5,Yes,No,Credit Card,68.9,82,No,707.41,No
PAL-00368,24,Elite,89.45,6.3,Yes,3,No,Yes,Credit Card,30.3,34,No,2793.31,No
PAL-00369,49,Basic,23.64,8.9,No,2,Yes,No,Credit Card,45.9,11,No,743.7,No
PAL-00370,49,Basic,24.31,5.5,No,0,No,No,Credit Card,33.7,80,No,1449.29,Yes
PAL-00371,58,Basic,22.89,21.6,No,6,No,No,Credit Card,46.5,2,No,1345.57,No
PAL-00372,1,Elite,81.28,7.0,Yes,2,No,No,Bank Draft,51.8,60,No,186.22,Yes
PAL-00373,9,Basic,21.69,13.4,No,2,No,No,Credit Card,52.5,97,Yes,56.24,Yes
PAL-00374,51,Elite,91.24,6.6,No,2,No,No,Debit Card,64.2,34,No,8378.28,No
PAL-00375,51,Basic,23.5,14.4,No,2,Yes,Yes,Debit Card,65.1,49,No,897.15,No
PAL-00376,14,Core,44.15,3.1,No,3,No,No,Debit Card,45.0,47,No,652.83,No
PAL-00377,60,Core,46.96,3.0,No,3,Yes,No,Credit Card,58.4,80,No,4004.66,No
PAL-00378,8,Core,47.81,1.8,Yes,7,No,No,Debit Card,75.3,37,No,375.54,No
PAL-00379,55,Basic,27.51,0.5,No,2,No,No,Debit Card,74.6,66,No,3841.85,No
PAL-00380,38,Elite,76.63,7.4,No,3,Yes,No,Credit Card,52.5,54,Yes,4455.93,No
PAL-00381,56,Basic,25.88,3.0,No,4,No,No,Debit Card,59.9,24,No,1137.61,Yes
PAL-00382,57,Elite,81.37,2.9,Yes,2,No,Yes,Credit Card,51.6,8,No,4957.41,Yes
PAL-00383,9,Elite,94.33,7.6,Yes,4,No,No,Debit Card,19.7,22,No,115.17,No
PAL-00384,31,Core,48.61,12.9,No,2,No,No,Debit Card,34.3,48,No,1743.97,Yes
PAL-00385,22,Basic,20.88,11.4,No,2,No,No,Debit Card,44.9,16,No,1396.28,Yes
PAL-00386,58,Basic,19.68,2.3,No,2,No,No,Debit Card,45.9,33,No,1158.69,No
PAL-00387,58,Elite,75.97,6.2,Yes,1,No,No,Credit Card,46.6,90,No,3632.27,No
PAL-00388,37,Basic,19.64,3.0,No,1,Yes,No,Debit Card,41.7,80,No,894.62,Yes
PAL-00389,16,Core,47.19,7.0,No,6,No,No,Debit Card,51.4,70,No,397.7,No
PAL-00390,36,Core,48.82,13.5,No,1,No,No,Bank Draft,48.7,34,No,3087.66,No
PAL-00391,36,Basic,25.66,3.7,No,2,No,No,Bank Draft,41.9,1,No,916.83,Yes
PAL-00392,11,Core,43.58,8.7,No,6,No,No,Bank Draft,43.1,75,Yes,376.58,No
PAL-00393,42,Core,44.22,12.6,No,3,No,No,Credit Card,42.5,36,No,1330.83,No
PAL-00394,9,Core,42.53,8.7,No,5,No,No,Debit Card,67.8,8,No,469.87,No
PAL-00395,4,Basic,20.41,12.2,Yes,2,No,No,Bank Draft,59.4,56,No,228.27,No
PAL-00396,38,Basic,24.67,7.4,No,3,No,No,Bank Draft,46.0,93,No,891.39,No
PAL-00397,49,Basic,26.88,8.1,Yes,3,No,No,Credit Card,62.4,20,No,1905.92,No
PAL-00398,3,Core,41.75,5.9,Yes,3,No,No,Credit Card,45.5,46,No,131.57,Yes
PAL-00399,36,Basic,26.11,1.8,Yes,3,No,No,Credit Card,48.7,97,No,596.39,No
PAL-00400,59,Core,50.43,4.2,Yes,5,No,No,Debit Card,48.1,40,Yes,4262.94,No
PAL-00401,58,Basic,23.88,17.9,No,1,No,No,Credit Card,68.0,61,No,1745.95,Yes
PAL-00402,16,Basic,29.58,10.2,Yes,5,No,No,Debit Card,55.8,58,No,447.49,Yes
PAL-00403,59,Core,44.21,4.5,No,2,No,No,Debit Card,46.3,30,Yes,4414.8,No
PAL-00404,28,Basic,23.08,13.5,No,5,No,No,Debit Card,70.8,39,No,719.37,No
PAL-00405,6,Core,40.41,8.3,No,3,No,No,Debit Card,49.4,59,No,344.1,No
PAL-00406,11,Basic,25.31,2.6,Yes,1,No,No,Credit Card,37.2,29,Yes,163.12,Yes
PAL-00407,31,Elite,87.75,6.3,No,4,No,No,Credit Card,42.5,38,No,5002.43,No
PAL-00408,27,Basic,23.76,4.2,No,1,No,No,Credit Card,29.9,5,No,1386.65,No
PAL-00409,7,Basic,24.31,5.2,No,2,No,No,Credit Card,42.1,40,No,105.54,No
PAL-00410,14,Core,41.52,10.7,No,1,No,No,Credit Card,45.8,43,No,446.08,No
PAL-00411,39,Elite,67.57,1.4,No,2,No,No,Credit Card,36.3,57,No,2902.6,No
PAL-00412,51,Basic,27.37,4.3,No,1,No,No,Credit Card,41.7,31,No,3082.05,Yes
PAL-00413,24,Basic,26.84,3.3,No,0,Yes,Yes,Credit Card,37.3,63,No,1085.27,Yes
PAL-00414,3,Core,53.35,1.5,No,2,No,No,Bank Draft,65.1,76,No,293.85,No
PAL-00415,31,Core,45.96,4.0,No,1,No,No,Credit Card,29.2,6,No,1456.26,No
PAL-00416,25,Basic,19.46,11.4,No,4,No,No,Credit Card,34.3,9,No,351.35,No
PAL-00417,34,Basic,21.82,6.3,No,2,No,Yes,Credit Card,52.7,43,No,948.55,No
PAL-00418,46,Elite,85.85,2.5,No,3,No,No,Credit Card,29.3,4,No,2584.06,No
PAL-00419,44,Basic,27.38,13.2,No,2,No,No,Credit Card,53.9,52,No,2293.27,No
PAL-00420,53,Core,46.82,1.9,No,2,No,No,Bank Draft,35.7,46,No,3042.46,Yes
PAL-00421,48,Elite,74.73,12.3,Yes,1,No,No,Credit Card,58.1,0,No,1984.5,No
PAL-00422,59,Basic,20.97,6.5,No,3,No,No,Debit Card,43.3,63,No,1476.48,Yes
PAL-00423,26,Core,42.82,6.2,No,5,No,Yes,Credit Card,45.4,52,No,1167.37,No
PAL-00424,3,Core,36.05,16.1,No,4,No,No,Credit Card,61.6,34,No,123.37,No
PAL-00425,33,Core,39.88,6.0,No,2,No,No,Credit Card,52.5,52,No,1108.05,No
PAL-00426,8,Basic,21.85,6.8,No,1,No,No,Credit Card,28.4,90,No,272.36,Yes
PAL-00427,6,Elite,87.03,7.6,Yes,6,No,No,Debit Card,52.9,82,No,660.79,No
PAL-00428,15,Elite,70.96,13.5,No,2,No,No,Credit Card,48.4,33,No,1157.14,No
PAL-00429,8,Basic,25.93,7.5,No,6,No,No,Credit Card,47.1,11,No,151.3,No
PAL-00430,58,Basic,27.81,4.5,No,2,No,No,Debit Card,45.3,39,No,972.58,Yes
PAL-00431,34,Core,42.34,5.8,No,3,No,Yes,Credit Card,39.4,13,No,1305.98,No
PAL-00432,59,Elite,88.11,1.5,No,1,No,No,Credit Card,55.0,36,No,6198.5,No
PAL-00433,34,Elite,79.39,4.3,No,0,No,No,Bank Draft,42.8,45,No,2218.77,No
PAL-00434,35,Basic,27.44,11.5,No,1,No,No,Credit Card,77.0,28,No,1371.58,Yes
PAL-00435,4,Core,42.45,2.2,Yes,3,No,No,Bank Draft,75.9,21,No,201.64,No
PAL-00436,44,Basic,20.07,9.0,No,2,No,No,Debit Card,51.1,71,No,950.9,No
PAL-00437,29,Basic,24.08,1.7,No,2,No,No,Debit Card,63.6,66,No,745.55,No
PAL-00438,28,Basic,23.76,7.0,No,3,No,No,Credit Card,48.4,96,No,1116.77,Yes
PAL-00439,57,Basic,23.1,9.2,No,3,Yes,No,Bank Draft,45.7,98,No,1710.72,No
PAL-00440,55,Basic,20.17,6.7,No,3,No,No,Credit Card,52.1,84,No,874.58,No
PAL-00441,32,Core,44.91,15.2,No,2,No,No,Credit Card,38.9,62,No,2213.06,No
PAL-00442,6,Core,48.28,6.1,No,3,No,No,Debit Card,39.8,44,No,202.75,No
PAL-00443,47,Elite,83.17,5.6,No,0,No,No,Credit Card,80.0,27,No,3099.38,No
PAL-00444,48,Core,45.03,6.9,No,1,No,No,Debit Card,51.1,31,No,1774.93,No
PAL-00445,4,Basic,29.0,9.6,No,1,Yes,Yes,Credit Card,59.2,26,No,140.06,Yes
PAL-00446,29,Core,46.62,10.9,No,1,No,No,Credit Card,62.0,83,No,2316.97,No
PAL-00447,16,Basic,24.55,9.6,No,2,No,No,Credit Card,39.6,49,No,417.21,Yes
PAL-00448,27,Basic,21.97,21.1,No,0,Yes,No,Credit Card,32.4,69,No,992.17,No
PAL-00449,49,Elite,80.85,6.8,No,1,No,No,Credit Card,74.2,11,No,5708.87,No
PAL-00450,34,Basic,25.97,17.2,No,1,Yes,No,Debit Card,54.9,65,No,1515.74,Yes
PAL-00451,11,Core,48.58,4.5,No,3,No,Yes,Credit Card,52.1,43,No,403.7,No
PAL-00452,28,Elite,79.04,0.4,Yes,1,No,No,Credit Card,57.7,94,No,665.59,No
PAL-00453,41,Core,50.71,5.9,Yes,3,No,Yes,Credit Card,57.7,81,No,4373.3,No
PAL-00454,52,Core,41.21,9.3,No,3,Yes,No,Bank Draft,66.1,19,Yes,2530.97,No
PAL-00455,7,Basic,24.39,3.9,No,2,Yes,No,Debit Card,64.1,66,No,372.61,Yes
PAL-00456,14,Basic,27.41,5.9,No,2,Yes,No,Credit Card,51.9,63,No,163.95,No
PAL-00457,16,Elite,74.58,15.0,No,1,No,No,Credit Card,52.1,66,No,2248.5,No
PAL-00458,7,Elite,72.16,11.8,No,1,No,No,Credit Card,71.0,58,No,1161.78,No
PAL-00459,24,Elite,85.43,2.7,Yes,3,No,No,Credit Card,30.4,15,No,5048.21,No
PAL-00460,39,Core,46.57,10.0,No,0,No,No,Credit Card,53.4,92,No,1041.64,No
PAL-00461,37,Core,46.75,5.6,No,1,Yes,Yes,Credit Card,35.7,48,No,626.5,No
PAL-00462,45,Basic,23.42,1.9,No,2,Yes,Yes,Credit Card,28.7,19,No,691.61,Yes
PAL-00463,20,Elite,70.75,8.0,No,3,Yes,Yes,Credit Card,41.6,70,No,1458.6,No
PAL-00464,30,Basic,23.59,13.6,No,1,No,No,Debit Card,36.2,46,No,958.32,No
PAL-00465,56,Core,45.95,18.3,No,2,Yes,Yes,Debit Card,59.9,59,No,2091.04,No
PAL-00466,39,Core,43.29,2.3,No,3,No,Yes,Credit Card,25.1,0,No,2379.12,No
PAL-00467,26,Elite,78.59,0.6,Yes,4,No,No,Bank Draft,68.7,38,No,1661.71,No
PAL-00468,29,Elite,71.74,12.2,No,0,No,No,Credit Card,46.6,5,No,2052.57,No
PAL-00469,16,Basic,24.98,11.9,No,2,No,No,Debit Card,63.3,32,Yes,404.83,No
PAL-00470,50,Basic,26.97,5.8,No,2,No,No,Debit Card,42.8,16,No,667.37,No
PAL-00471,23,Core,40.99,11.4,No,2,Yes,Yes,Credit Card,41.5,84,Yes,793.0,No
PAL-00472,43,Elite,77.07,10.5,No,1,Yes,No,Debit Card,46.7,99,No,3249.32,No
PAL-00473,34,Basic,21.97,5.5,No,2,No,No,Bank Draft,46.1,88,No,561.92,No
PAL-00474,58,Core,44.23,4.4,No,2,No,No,Credit Card,47.0,41,No,1944.8,No
PAL-00475,18,Basic,20.71,5.9,No,2,Yes,No,Credit Card,40.5,21,No,401.89,No
PAL-00476,36,Core,45.85,2.7,No,4,Yes,No,Credit Card,50.5,23,No,878.65,No
PAL-00477,43,Core,49.15,4.7,Yes,3,No,Yes,Debit Card,55.3,36,No,3635.46,No
PAL-00478,41,Core,44.29,5.2,No,0,No,Yes,Credit Card,58.2,54,No,3510.34,No
PAL-00479,56,Basic,26.45,10.1,No,2,No,Yes,Debit Card,68.9,57,No,1404.18,No
PAL-00480,32,Core,40.17,2.8,No,0,No,Yes,Credit Card,53.5,81,No,1490.64,No
PAL-00481,25,Basic,25.76,4.3,No,1,No,No,Bank Draft,60.7,65,No,866.64,Yes
PAL-00482,33,Basic,25.07,8.4,Yes,5,Yes,No,Credit Card,71.8,15,No,1376.92,Yes
PAL-00483,18,Elite,64.76,5.1,No,0,No,Yes,Debit Card,41.2,72,No,1202.78,No
PAL-00484,4,Core,40.86,2.5,No,1,Yes,No,Debit Card,60.7,63,No,325.44,No
PAL-00485,54,Elite,89.26,6.8,Yes,5,No,No,Credit Card,42.1,52,No,6583.03,No
PAL-00486,27,Elite,85.57,6.8,No,1,No,Yes,Credit Card,42.4,47,Yes,1759.19,No
PAL-00487,44,Core,40.09,15.8,No,3,Yes,No,Credit Card,53.0,16,No,1181.16,Yes
PAL-00488,14,Basic,25.17,1.6,No,5,No,No,Bank Draft,15.0,72,No,180.14,No
PAL-00489,10,Core,44.5,12.4,No,0,No,Yes,Bank Draft,48.1,3,No,129.32,No
PAL-00490,59,Core,39.35,3.3,No,1,No,No,Credit Card,41.2,39,No,2057.55,No
PAL-00491,11,Core,41.71,15.4,No,2,No,No,Credit Card,31.3,28,No,467.87,No
PAL-00492,54,Basic,25.01,9.5,No,2,Yes,Yes,Credit Card,61.3,31,No,947.98,Yes
PAL-00493,38,Basic,28.97,19.8,No,3,Yes,No,Credit Card,41.7,67,No,877.73,Yes
PAL-00494,24,Core,51.29,6.2,No,3,No,No,Credit Card,59.0,73,Yes,692.46,No
PAL-00495,21,Elite,79.43,0.9,No,2,No,Yes,Credit Card,62.5,47,No,2563.51,No
PAL-00496,6,Core,44.16,8.7,No,4,Yes,Yes,Credit Card,63.8,95,No,326.52,No
PAL-00497,20,Core,45.17,4.3,No,1,Yes,No,Credit Card,84.8,27,Yes,1089.22,No
PAL-00498,23,Basic,25.55,8.3,No,2,Yes,No,Credit Card,43.2,35,No,573.43,No
PAL-00499,7,Basic,24.34,3.5,No,1,No,No,Credit Card,35.4,48,No,246.1,Yes
PAL-00500,60,Elite,81.29,6.5,No,3,No,No,Debit Card,81.9,73,No,4803.92,No
PAL-00501,55,Basic,21.82,7.3,No,1,No,No,Debit Card,47.9,56,No,450.1,Yes
PAL-00502,4,Core,39.64,9.3,No,4,No,No,Debit Card,49.1,71,No,151.82,No
PAL-00503,36,Core,44.66,6.5,Yes,0,Yes,No,Debit Card,64.1,2,No,1469.08,No
PAL-00504,54,Core,38.22,2.4,Yes,1,No,Yes,Bank Draft,51.4,20,Yes,1185.17,No
PAL-00505,4,Basic,23.78,12.7,No,1,No,Yes,Credit Card,48.9,52,Yes,167.76,No
PAL-00506,6,Basic,26.59,2.3,No,5,No,Yes,Debit Card,64.5,99,No,155.53,No
PAL-00507,17,Elite,89.25,1.8,No,0,No,Yes,Debit Card,34.2,89,No,1052.3,No
PAL-00508,33,Core,45.41,4.8,No,2,No,No,Credit Card,35.6,31,No,2810.42,Yes
PAL-00509,35,Elite,75.54,3.1,No,1,Yes,No,Debit Card,51.7,20,No,4329.3,Yes
PAL-00510,52,Basic,27.16,8.7,No,4,No,No,Credit Card,25.3,11,No,1189.17,Yes
PAL-00511,55,Basic,20.54,6.1,No,2,Yes,No,Debit Card,28.1,2,Yes,1407.36,No
PAL-00512,37,Core,39.86,11.8,No,6,No,Yes,Debit Card,75.2,98,No,1262.52,No
PAL-00513,3,Basic,27.59,9.1,No,3,No,No,Debit Card,29.7,50,No,151.02,No
PAL-00514,10,Core,50.14,9.2,No,1,No,No,Bank Draft,44.6,59,No,648.34,No
PAL-00515,47,Basic,24.57,4.1,No,3,No,No,Credit Card,63.0,84,Yes,684.62,Yes
PAL-00516,60,Basic,31.99,3.7,No,2,No,No,Credit Card,65.4,68,No,1606.39,No
PAL-00517,6,Basic,28.58,0.9,Yes,5,No,No,Credit Card,57.6,19,No,312.32,Yes
PAL-00518,52,Core,52.59,10.3,Yes,2,No,No,Credit Card,44.6,60,No,1861.2,Yes
PAL-00519,24,Basic,24.38,12.1,No,2,No,Yes,Credit Card,39.8,39,No,589.36,No
PAL-00520,9,Core,42.26,8.8,No,1,No,No,Bank Draft,47.7,99,Yes,663.98,No
PAL-00521,44,Basic,21.42,1.8,No,1,No,No,Credit Card,55.8,24,No,1361.16,No
PAL-00522,31,Basic,21.82,5.0,No,2,Yes,No,Credit Card,32.7,72,Yes,861.55,Yes
PAL-00523,13,Elite,90.33,2.9,No,2,No,No,Credit Card,60.0,91,No,731.51,No
PAL-00524,39,Elite,74.19,7.0,Yes,0,Yes,No,Credit Card,52.1,74,No,2931.04,No
PAL-00525,10,Basic,23.3,1.9,No,4,No,No,Credit Card,42.6,0,No,387.43,Yes
PAL-00526,35,Elite,79.53,8.9,Yes,4,No,No,Debit Card,60.2,53,Yes,1804.51,No
PAL-00527,47,Core,38.6,11.7,No,3,No,No,Bank Draft,70.6,9,No,996.73,No
PAL-00528,21,Basic,30.29,2.4,No,3,No,No,Credit Card,54.0,1,No,612.7,Yes
PAL-00529,9,Basic,23.97,0.6,No,3,No,Yes,Credit Card,53.3,21,No,315.85,No
PAL-00530,49,Core,43.05,4.0,No,0,Yes,No,Debit Card,46.3,3,No,3608.33,No
PAL-00531,7,Basic,25.54,0.7,No,2,No,No,Debit Card,28.5,2,No,305.83,Yes
PAL-00532,17,Core,38.25,5.8,No,1,No,No,Credit Card,39.4,84,No,600.63,No
PAL-00533,2,Basic,24.46,7.5,No,1,No,No,Bank Draft,51.3,96,No,107.47,Yes
PAL-00534,18,Elite,68.72,10.0,Yes,2,No,No,Credit Card,32.2,25,No,1141.31,No
PAL-00535,3,Basic,24.29,4.6,No,2,Yes,No,Debit Card,42.7,57,No,83.06,Yes
PAL-00536,33,Elite,90.85,7.3,No,3,Yes,No,Credit Card,35.9,20,No,2403.7,No
PAL-00537,7,Core,43.46,4.2,Yes,0,Yes,No,Debit Card,53.0,27,No,230.55,No
PAL-00538,3,Basic,23.62,7.5,No,1,Yes,No,Credit Card,60.8,11,No,218.38,No
PAL-00539,49,Basic,29.26,3.2,No,2,No,No,Debit Card,61.3,82,No,1209.84,No
PAL-00540,4,Basic,27.47,6.6,No,2,No,No,Credit Card,72.0,39,No,137.3,No
PAL-00541,23,Basic,20.59,7.6,No,4,No,No,Bank Draft,34.5,7,No,701.09,Yes
PAL-00542,58,Core,41.31,7.9,No,2,Yes,No,Debit Card,64.5,95,No,2889.27,Yes
PAL-00543,25,Core,49.43,4.7,No,2,No,No,Bank Draft,55.5,22,Yes,1468.47,No
PAL-00544,26,Elite,77.56,12.7,Yes,2,Yes,No,Credit Card,57.3,12,No,2925.15,No
PAL-00545,41,Core,36.56,3.2,No,3,No,No,Credit Card,72.9,27,Yes,1587.87,No
PAL-00546,34,Core,39.62,2.8,No,4,Yes,No,Credit Card,27.4,63,No,3674.68,No
PAL-00547,48,Basic,19.91,4.5,No,7,Yes,No,Credit Card,49.7,100,No,1306.63,No
PAL-00548,60,Core,48.36,4.5,No,1,No,No,Credit Card,45.3,21,No,2371.03,Yes
PAL-00549,36,Core,42.46,2.0,No,4,No,No,Bank Draft,38.5,24,Yes,1215.83,No
PAL-00550,59,Basic,27.32,4.6,No,2,No,No,Debit Card,49.1,22,No,1102.48,No
PAL-00551,7,Basic,28.11,14.4,No,1,No,Yes,Credit Card,57.4,68,No,246.18,Yes
PAL-00552,47,Basic,22.11,1.0,No,3,No,No,Bank Draft,51.6,64,Yes,537.26,No
PAL-00553,32,Core,50.97,1.0,No,2,Yes,No,Credit Card,27.9,93,Yes,1552.64,No
PAL-00554,35,Core,45.05,6.1,Yes,2,No,No,Debit Card,48.5,91,No,557.89,Yes
PAL-00555,50,Basic,23.59,2.9,No,4,No,Yes,Debit Card,35.6,69,Yes,2221.66,Yes
PAL-00556,15,Basic,28.19,6.5,No,1,No,No,Credit Card,39.5,64,No,427.52,No
PAL-00557,35,Basic,26.81,10.3,No,0,Yes,No,Bank Draft,38.9,90,No,2820.59,No
PAL-00558,11,Basic,24.9,10.8,No,1,No,No,Credit Card,76.3,92,No,286.91,Yes
PAL-00559,49,Core,45.81,8.0,No,2,No,Yes,Credit Card,45.4,57,No,2131.68,No
PAL-00560,7,Core,46.18,5.1,No,4,No,No,Credit Card,45.1,100,No,198.64,Yes
PAL-00561,11,Elite,82.56,5.2,Yes,1,Yes,No,Credit Card,51.7,69,No,944.31,No
PAL-00562,22,Core,46.52,2.0,Yes,1,Yes,No,Credit Card,43.1,92,No,2557.05,No
PAL-00563,31,Core,44.1,5.3,No,2,No,No,Credit Card,65.7,92,No,1535.8,No
PAL-00564,16,Basic,26.62,6.3,No,2,No,No,Debit Card,60.5,28,No,759.71,Yes
PAL-00565,33,Core,44.29,0.6,No,6,No,No,Credit Card,57.2,90,No,1503.34,No
PAL-00566,51,Core,49.81,3.8,No,2,No,No,Credit Card,50.8,6,No,4997.47,No
PAL-00567,7,Core,41.98,10.1,No,2,No,No,Debit Card,60.6,17,Yes,317.1,No
PAL-00568,56,Basic,24.16,3.6,No,4,Yes,No,Bank Draft,49.8,69,Yes,1072.03,No
PAL-00569,41,Elite,73.7,2.6,Yes,3,No,No,Credit Card,63.4,96,No,4108.18,No
PAL-00570,36,Elite,78.2,18.6,No,1,Yes,No,Credit Card,55.4,62,No,4571.0,No
PAL-00571,35,Elite,71.79,9.4,No,2,Yes,No,Credit Card,43.4,12,No,885.75,No
PAL-00572,39,Elite,73.06,4.6,No,3,Yes,No,Bank Draft,51.0,8,No,2093.84,No
PAL-00573,23,Basic,23.7,4.1,No,1,No,No,Credit Card,62.7,58,No,254.23,No
PAL-00574,32,Core,45.63,13.8,Yes,3,Yes,No,Credit Card,53.7,65,No,2202.0,No
PAL-00575,2,Basic,28.11,15.2,No,4,No,No,Debit Card,40.1,40,No,57.28,Yes
PAL-00576,6,Core,43.33,8.8,No,4,No,No,Credit Card,80.0,17,No,331.84,No
PAL-00577,33,Elite,66.78,7.1,Yes,4,No,No,Debit Card,45.8,75,No,2184.14,No
PAL-00578,52,Core,47.53,2.9,No,8,No,Yes,Credit Card,52.6,62,No,2721.85,No
PAL-00579,0,Basic,22.93,2.5,No,2,Yes,No,Credit Card,51.3,87,No,32.68,No
PAL-00580,2,Core,50.08,10.0,No,5,Yes,No,Credit Card,80.9,29,No,281.93,No
PAL-00581,30,Basic,23.51,5.2,No,2,No,No,Credit Card,50.3,87,No,584.0,No
PAL-00582,41,Basic,30.02,10.4,No,4,No,No,Debit Card,63.9,90,No,1211.81,No
PAL-00583,50,Basic,22.34,7.1,No,1,No,No,Bank Draft,64.2,89,Yes,1517.08,No
PAL-00584,10,Basic,29.92,8.5,No,2,No,No,Credit Card,35.6,21,No,380.07,Yes
PAL-00585,56,Elite,77.71,7.3,No,0,No,No,Credit Card,74.6,61,No,4649.4,No
PAL-00586,47,Basic,25.45,10.9,No,5,No,No,Debit Card,54.4,43,No,1524.65,No
PAL-00587,42,Basic,24.94,7.6,No,2,No,No,Credit Card,52.3,78,No,1090.55,Yes
PAL-00588,39,Basic,26.49,1.8,No,0,Yes,No,Credit Card,56.7,4,No,930.52,Yes
PAL-00589,60,Core,42.86,9.4,Yes,0,No,No,Credit Card,82.3,56,No,9650.18,No
PAL-00590,15,Basic,27.44,4.1,No,3,No,Yes,Credit Card,52.2,74,No,516.77,Yes
PAL-00591,56,Basic,29.01,13.4,No,2,Yes,No,Credit Card,55.1,71,No,3454.51,No
PAL-00592,47,Elite,74.1,6.9,No,4,No,No,Credit Card,63.5,91,No,3061.95,No
PAL-00593,46,Core,41.02,13.6,No,2,Yes,No,Credit Card,55.9,38,No,1143.85,No
PAL-00594,47,Basic,24.25,12.3,No,2,No,No,Bank Draft,68.2,93,No,528.38,No
PAL-00595,0,Basic,26.26,9.1,No,1,No,No,Credit Card,58.1,48,No,56.47,No
PAL-00596,30,Basic,23.58,8.0,Yes,3,No,No,Credit Card,68.2,20,No,419.69,No
PAL-00597,38,Basic,23.28,4.1,No,1,No,No,Credit Card,61.2,50,No,1472.74,No
PAL-00598,33,Basic,25.29,10.8,No,1,No,No,Bank Draft,54.5,63,No,842.37,No
PAL-00599,57,Basic,27.13,4.1,No,2,No,No,Bank Draft,67.2,26,No,1701.14,Yes
PAL-00600,6,Elite,97.45,6.3,No,3,No,No,Credit Card,63.4,76,No,343.08,No
PAL-00601,56,Core,41.96,6.5,Yes,1,No,No,Credit Card,50.1,25,No,1373.63,No
PAL-00602,26,Basic,22.16,6.5,Yes,5,No,No,Debit Card,42.4,40,No,444.66,No
PAL-00603,27,Elite,70.73,3.0,Yes,1,Yes,No,Bank Draft,55.0,65,No,3348.03,No
PAL-00604,40,Basic,20.13,3.3,No,3,Yes,No,Credit Card,69.2,43,Yes,1173.8,Yes
PAL-00605,49,Core,48.65,1.7,No,1,No,No,Debit Card,37.8,15,No,2222.09,Yes
PAL-00606,4,Basic,21.86,9.7,No,2,No,No,Debit Card,50.0,32,No,52.36,Yes
PAL-00607,44,Core,45.97,3.3,No,0,No,Yes,Debit Card,51.3,39,No,2099.29,No
PAL-00608,21,Core,44.67,3.8,No,1,No,No,Credit Card,66.6,61,No,1601.91,No
PAL-00609,40,Core,44.21,5.0,Yes,2,No,No,Bank Draft,36.7,0,No,4315.9,No
PAL-00610,27,Elite,74.13,3.0,Yes,3,No,No,Bank Draft,66.5,1,No,5719.05,No
PAL-00611,10,Elite,85.75,11.4,No,3,No,Yes,Credit Card,42.9,37,Yes,973.63,No
PAL-00612,43,Core,42.14,19.1,No,1,No,No,Credit Card,52.7,79,No,1295.29,No
PAL-00613,44,Core,48.41,0.9,No,2,No,No,Credit Card,64.1,6,No,2529.58,No
PAL-00614,22,Basic,23.48,8.3,No,3,No,Yes,Credit Card,73.5,95,No,337.63,No
PAL-00615,7,Core,45.68,2.2,Yes,3,No,No,Debit Card,68.5,56,No,543.44,No
PAL-00616,56,Basic,28.78,7.2,No,2,No,Yes,Credit Card,44.5,84,No,3048.58,No
PAL-00617,19,Core,52.1,9.6,No,0,No,No,Debit Card,39.2,44,No,877.82,No
PAL-00618,48,Elite,71.69,1.2,No,5,No,No,Debit Card,78.7,86,No,4837.13,No
PAL-00619,21,Core,44.86,9.4,No,2,No,No,Bank Draft,34.5,71,No,1618.58,No
PAL-00620,30,Core,46.02,15.7,No,4,No,Yes,Debit Card,76.3,97,Yes,846.28,No
PAL-00621,51,Basic,22.39,12.4,No,1,No,No,Credit Card,65.8,7,No,1860.36,No
PAL-00622,43,Elite,78.47,1.7,Yes,0,Yes,No,Debit Card,64.6,28,Yes,3732.54,No
PAL-00623,39,Core,43.13,17.5,No,1,No,No,Credit Card,62.7,42,No,1356.08,No
PAL-00624,18,Basic,26.41,18.6,No,2,No,No,Credit Card,39.6,46,Yes,186.29,Yes
PAL-00625,6,Basic,28.32,5.1,No,0,No,No,Debit Card,47.7,99,No,254.71,No
PAL-00626,30,Basic,22.61,1.8,No,4,No,No,Debit Card,78.6,35,No,1103.08,No
PAL-00627,24,Basic,29.0,9.6,No,2,No,No,Credit Card,34.7,46,No,1865.29,No
PAL-00628,34,Core,42.4,7.9,No,1,No,No,Credit Card,73.9,54,No,1083.39,No
PAL-00629,30,Basic,26.65,12.3,No,2,No,No,Credit Card,77.4,98,No,1448.46,Yes
PAL-00630,17,Core,44.7,4.3,Yes,3,No,No,Credit Card,39.9,88,No,1491.48,No
PAL-00631,3,Basic,22.02,7.4,Yes,0,No,No,Credit Card,65.6,58,No,27.57,Yes
PAL-00632,51,Core,49.75,8.1,Yes,2,No,No,Debit Card,78.5,48,No,3995.23,No
PAL-00633,4,Core,43.11,0.9,No,4,No,No,Debit Card,79.6,89,No,25.41,No
PAL-00634,33,Basic,23.74,6.3,Yes,2,No,Yes,Credit Card,23.5,51,No,1907.8,No
PAL-00635,34,Core,43.04,4.6,No,0,No,No,Credit Card,67.3,8,No,1295.63,No
PAL-00636,28,Core,39.27,11.0,No,2,No,No,Credit Card,56.7,91,No,700.74,Yes
PAL-00637,5,Basic,22.54,2.3,No,2,No,No,Bank Draft,71.4,23,No,93.23,Yes
PAL-00638,19,Core,54.89,6.1,No,2,No,No,Credit Card,59.5,50,No,1205.31,No
PAL-00639,28,Core,42.6,4.7,No,2,No,No,Bank Draft,54.0,36,No,742.49,No
PAL-00640,54,Core,39.26,13.2,No,3,No,Yes,Credit Card,82.5,1,No,3778.3,No
PAL-00641,59,Elite,85.28,4.2,No,3,No,No,Credit Card,55.9,4,No,5950.55,No
PAL-00642,18,Core,45.69,2.5,No,4,No,No,Credit Card,80.4,82,No,844.84,Yes
PAL-00643,41,Core,45.97,12.5,No,2,No,No,Credit Card,63.0,0,No,1145.99,Yes
PAL-00644,7,Basic,24.14,7.8,No,4,No,Yes,Credit Card,38.2,42,No,287.28,Yes
PAL-00645,28,Core,48.14,13.5,No,3,No,No,Bank Draft,59.5,16,Yes,2043.71,No
PAL-00646,5,Elite,84.68,10.6,Yes,0,No,No,Debit Card,75.5,73,No,552.27,No
PAL-00647,25,Elite,79.82,5.0,No,2,No,No,Debit Card,39.8,16,Yes,1973.23,No
PAL-00648,52,Core,45.74,5.9,No,2,No,No,Debit Card,56.4,76,No,2025.64,No
PAL-00649,5,Basic,26.11,23.1,No,4,Yes,No,Debit Card,16.7,65,Yes,167.57,No
PAL-00650,19,Basic,22.96,6.5,No,1,No,No,Debit Card,39.9,33,No,440.98,No
PAL-00651,27,Elite,78.69,23.0,Yes,1,Yes,Yes,Debit Card,34.3,63,No,3163.13,No
PAL-00652,39,Elite,87.14,7.8,No,2,No,Yes,Debit Card,35.8,92,No,4075.5,No
PAL-00653,41,Core,37.96,3.7,Yes,0,No,No,Credit Card,70.2,20,Yes,717.69,No
PAL-00654,60,Basic,26.02,5.2,Yes,2,No,No,Credit Card,46.2,69,No,2007.25,No
PAL-00655,37,Basic,25.44,3.4,No,1,Yes,No,Bank Draft,45.7,87,No,815.04,Yes
PAL-00656,16,Core,41.94,8.6,No,1,No,No,Bank Draft,41.7,17,Yes,422.36,Yes
PAL-00657,47,Core,49.24,7.9,Yes,2,No,Yes,Debit Card,61.7,38,Yes,1297.06,No
PAL-00658,38,Basic,21.72,5.3,No,1,No,No,Credit Card,76.0,7,No,550.08,No
PAL-00659,30,Core,48.7,3.7,No,1,No,No,Credit Card,61.1,5,No,592.76,No
PAL-00660,33,Basic,26.03,5.9,No,3,No,No,Credit Card,63.6,18,Yes,748.89,Yes
PAL-00661,29,Elite,89.15,21.4,No,2,No,Yes,Debit Card,67.6,94,No,4433.24,No
PAL-00662,4,Core,46.69,1.6,No,0,No,No,Credit Card,55.1,59,No,193.92,No
PAL-00663,2,Elite,79.94,13.9,No,2,No,No,Credit Card,28.5,45,No,60.22,No
PAL-00664,21,Basic,28.14,13.4,No,4,No,No,Debit Card,68.7,15,No,358.34,Yes
PAL-00665,41,Basic,24.19,5.3,No,2,Yes,Yes,Credit Card,48.5,68,Yes,2853.55,Yes
PAL-00666,7,Elite,83.51,4.2,Yes,1,No,Yes,Debit Card,26.8,44,No,708.25,No
PAL-00667,27,Core,50.87,7.0,No,1,No,No,Debit Card,59.8,27,No,1516.63,No
PAL-00668,14,Core,44.04,3.9,Yes,1,No,No,Debit Card,81.1,20,No,695.26,No
PAL-00669,45,Core,49.62,4.3,No,4,No,Yes,Credit Card,70.2,58,No,1103.39,No
PAL-00670,52,Core,43.23,6.2,No,3,No,No,Bank Draft,31.1,2,No,954.8,No
PAL-00671,51,Elite,75.22,5.6,No,7,Yes,No,Bank Draft,50.8,72,No,2394.27,No
PAL-00672,20,Basic,27.12,9.9,No,3,Yes,No,Credit Card,43.0,40,No,410.44,Yes
PAL-00673,47,Basic,21.84,4.2,No,1,No,No,Debit Card,34.2,13,No,649.3,Yes
PAL-00674,1,Basic,29.53,0.7,No,3,No,No,Debit Card,50.3,23,No,27.85,Yes
PAL-00675,17,Core,51.92,10.8,No,0,No,Yes,Credit Card,49.8,4,No,1308.69,No
PAL-00676,54,Core,42.94,8.9,No,2,Yes,No,Credit Card,35.9,44,No,4091.32,Yes
PAL-00677,31,Core,40.32,4.0,No,2,Yes,No,Debit Card,46.3,44,No,987.68,No
PAL-00678,56,Core,40.16,15.6,No,3,No,Yes,Bank Draft,48.3,54,No,2157.66,No
PAL-00679,40,Core,50.54,14.1,Yes,2,No,No,Credit Card,38.4,99,Yes,2398.53,No
PAL-00680,33,Core,50.99,2.7,No,1,No,Yes,Bank Draft,26.7,41,No,1855.17,No
PAL-00681,19,Basic,26.74,13.6,No,6,Yes,No,Credit Card,40.6,93,Yes,586.86,No
PAL-00682,21,Core,41.23,2.3,No,0,Yes,No,Debit Card,29.1,35,No,1090.63,No
PAL-00683,4,Core,42.26,8.6,No,3,No,No,Credit Card,56.5,4,No,209.92,Yes
PAL-00684,49,Core,35.39,9.8,No,1,Yes,No,Debit Card,51.8,37,No,2615.49,No
PAL-00685,18,Elite,88.53,3.4,Yes,2,Yes,No,Debit Card,69.6,15,No,1678.87,No
PAL-00686,6,Basic,27.03,12.0,No,3,No,Yes,Bank Draft,19.7,11,No,288.91,Yes
PAL-00687,41,Basic,22.94,12.4,No,0,No,No,Bank Draft,70.5,59,No,354.76,No
PAL-00688,37,Core,40.02,1.3,Yes,3,No,No,Credit Card,34.5,60,No,1582.61,No
PAL-00689,57,Basic,27.04,5.5,No,3,No,No,Credit Card,50.9,63,No,2067.4,Yes
PAL-00690,8,Basic,26.16,2.4,No,3,No,No,Credit Card,47.3,21,No,191.28,No
PAL-00691,47,Elite,85.55,7.3,Yes,1,No,No,Debit Card,33.0,1,No,6960.01,No
PAL-00692,52,Elite,76.79,9.6,Yes,2,No,Yes,Credit Card,55.7,41,No,1642.72,Yes
PAL-00693,11,Core,43.87,13.3,Yes,0,Yes,No,Debit Card,52.8,37,No,274.45,Yes
PAL-00694,46,Basic,27.15,16.5,No,2,No,No,Bank Draft,79.4,68,No,1337.77,No
PAL-00695,31,Core,43.84,11.2,Yes,5,No,No,Debit Card,53.8,46,No,487.47,No
PAL-00696,54,Core,36.58,5.9,No,3,No,No,Credit Card,47.4,65,Yes,2076.32,No
PAL-00697,8,Basic,28.83,9.0,No,2,Yes,Yes,Credit Card,41.3,45,No,411.85,Yes
PAL-00698,58,Core,39.09,13.7,Yes,3,No,No,Credit Card,42.5,98,No,2297.75,No
PAL-00699,35,Basic,23.47,5.8,No,3,No,No,Credit Card,21.2,23,No,624.08,No
PAL-00700,48,Core,52.39,8.3,No,7,No,No,Bank Draft,43.2,74,Yes,3925.81,No
PAL-00701,24,Basic,28.83,3.5,No,3,No,No,Debit Card,58.7,48,No,330.51,No
PAL-00702,16,Elite,75.16,12.4,No,6,No,No,Bank Draft,40.5,18,No,1548.04,No
PAL-00703,40,Basic,27.22,7.1,No,3,No,No,Bank Draft,65.8,18,Yes,1096.72,Yes
PAL-00704,37,Basic,21.42,1.4,No,3,No,No,Debit Card,51.6,1,No,436.3,No
PAL-00705,50,Basic,29.9,2.0,No,1,No,No,Credit Card,62.2,91,No,1254.01,Yes
PAL-00706,57,Basic,23.36,4.3,No,1,Yes,No,Credit Card,47.7,3,No,1268.46,Yes
PAL-00707,25,Basic,25.57,4.3,Yes,2,No,No,Credit Card,41.1,7,No,833.47,Yes
PAL-00708,11,Core,49.57,1.3,No,1,No,No,Bank Draft,69.9,0,No,1126.5,No
PAL-00709,50,Basic,25.7,5.4,No,1,No,No,Debit Card,51.4,95,No,1223.29,No
PAL-00710,11,Core,45.52,12.8,No,3,No,No,Credit Card,67.9,77,No,424.59,No
PAL-00711,54,Core,45.64,2.5,No,1,No,No,Credit Card,46.0,86,No,1813.23,No
PAL-00712,45,Elite,93.8,6.4,No,2,Yes,No,Debit Card,15.0,52,No,3082.14,No
PAL-00713,52,Elite,75.32,7.7,No,3,Yes,No,Debit Card,76.2,20,No,9079.33,No
PAL-00714,38,Core,45.0,11.4,No,2,No,No,Debit Card,39.3,48,No,2823.27,No
PAL-00715,19,Basic,22.1,4.8,No,1,Yes,No,Credit Card,32.7,23,No,284.6,Yes
PAL-00716,27,Core,44.49,5.2,No,5,No,No,Credit Card,62.9,60,No,1294.58,Yes
PAL-00717,46,Elite,77.68,11.9,No,1,No,Yes,Bank Draft,26.2,83,No,2820.83,No
PAL-00718,5,Core,45.04,6.5,No,2,No,No,Debit Card,65.6,18,No,228.32,No
PAL-00719,2,Core,38.7,1.8,No,0,No,No,Credit Card,52.9,56,No,18.31,No
PAL-00720,46,Core,43.96,5.8,Yes,2,No,No,Credit Card,55.7,24,No,1017.84,Yes
PAL-00721,43,Basic,27.57,9.6,No,2,No,Yes,Bank Draft,58.2,69,No,1015.16,No
PAL-00722,20,Elite,69.36,2.6,Yes,1,No,No,Credit Card,36.5,97,No,1968.34,No
PAL-00723,39,Elite,87.57,1.6,Yes,3,No,No,Credit Card,36.6,72,No,3333.55,No
PAL-00724,55,Core,36.9,3.7,No,3,No,No,Bank Draft,64.7,13,No,1145.7,Yes
PAL-00725,32,Elite,75.24,7.1,Yes,2,No,No,Debit Card,43.1,48,No,3045.37,No
PAL-00726,36,Core,44.16,10.6,No,5,No,No,Debit Card,48.0,9,No,1478.28,No
PAL-00727,52,Elite,79.55,4.7,No,4,No,No,Credit Card,54.0,76,No,3560.27,No
PAL-00728,46,Core,46.66,11.9,Yes,1,No,No,Debit Card,61.7,87,Yes,1533.63,No
PAL-00729,17,Core,42.73,6.2,No,3,No,No,Debit Card,28.5,39,No,1313.67,No
PAL-00730,11,Basic,23.66,9.0,No,5,No,No,Credit Card,58.6,94,No,162.52,No
PAL-00731,1,Core,46.0,11.3,No,2,Yes,No,Credit Card,66.7,44,No,179.05,Yes
PAL-00732,41,Core,44.56,4.0,No,1,No,Yes,Credit Card,58.4,3,No,1562.74,No
PAL-00733,55,Core,46.76,5.1,Yes,1,No,No,Bank Draft,71.2,77,Yes,1246.98,No
PAL-00734,59,Basic,21.15,8.5,No,1,No,No,Credit Card,47.8,75,No,1383.32,No
PAL-00735,18,Core,46.41,4.8,Yes,2,No,No,Bank Draft,30.5,1,Yes,1119.05,No
PAL-00736,13,Core,41.57,6.2,No,2,No,No,Debit Card,59.6,42,No,305.66,No
PAL-00737,53,Core,39.28,2.7,No,2,Yes,No,Credit Card,52.3,54,No,3375.52,No
PAL-00738,45,Basic,22.52,9.0,No,1,No,No,Credit Card,78.1,21,No,868.96,No
PAL-00739,17,Core,39.58,7.3,No,1,Yes,No,Credit Card,55.8,6,No,1164.56,Yes
PAL-00740,24,Elite,78.85,6.0,No,1,No,No,Debit Card,64.3,5,No,2165.57,No
PAL-00741,10,Basic,19.54,3.2,No,3,No,No,Credit Card,47.5,88,Yes,160.16,Yes
PAL-00742,6,Elite,98.34,11.1,No,5,Yes,No,Credit Card,52.6,32,No,379.33,No
PAL-00743,17,Basic,20.98,3.1,No,3,No,No,Debit Card,69.3,7,Yes,754.52,No
PAL-00744,54,Basic,27.95,13.6,No,1,No,No,Debit Card,61.2,77,No,2087.04,No
PAL-00745,35,Core,41.32,2.0,No,3,No,No,Credit Card,91.7,61,No,1586.02,No
PAL-00746,26,Elite,93.75,1.6,Yes,3,No,Yes,Bank Draft,65.4,84,No,3715.61,No
PAL-00747,45,Elite,82.05,7.7,No,5,No,Yes,Bank Draft,53.2,96,No,5559.56,No
PAL-00748,21,Basic,20.38,2.5,No,3,Yes,No,Bank Draft,55.9,68,No,751.35,No
PAL-00749,12,Basic,26.01,5.2,No,1,No,No,Credit Card,61.8,92,No,691.23,No
PAL-00750,48,Elite,74.3,10.0,No,0,No,No,Debit Card,71.5,19,Yes,6519.46,No
PAL-00751,20,Basic,23.23,2.3,No,4,No,No,Debit Card,49.9,34,No,1240.09,Yes
PAL-00752,0,Basic,28.22,8.1,No,1,No,No,Debit Card,28.2,38,No,0.0,Yes
PAL-00753,3,Elite,80.54,8.6,Yes,0,No,No,Credit Card,63.8,52,No,274.5,No
PAL-00754,35,Basic,24.92,7.8,No,3,No,No,Debit Card,67.5,14,Yes,2245.71,No
PAL-00755,0,Core,48.21,12.6,No,6,No,No,Debit Card,46.5,73,No,0.0,Yes
PAL-00756,3,Elite,78.99,3.4,Yes,1,No,Yes,Credit Card,72.4,4,No,270.66,No
PAL-00757,15,Core,47.88,2.4,No,1,Yes,Yes,Bank Draft,64.5,14,No,609.61,No
PAL-00758,57,Core,43.09,1.3,No,4,No,No,Credit Card,56.6,17,Yes,3062.2,No
PAL-00759,16,Core,43.81,8.8,No,1,No,No,Debit Card,45.8,31,No,615.53,No
PAL-00760,54,Basic,21.37,5.7,No,1,Yes,No,Debit Card,39.9,47,Yes,731.68,Yes
PAL-00761,29,Elite,92.26,11.6,Yes,2,No,No,Debit Card,60.9,88,No,2969.18,No
PAL-00762,39,Core,39.64,2.8,No,0,Yes,No,Credit Card,57.4,40,No,1730.49,No
PAL-00763,18,Elite,100.16,3.3,No,5,No,No,Credit Card,48.2,74,No,2223.46,No
PAL-00764,32,Elite,82.21,3.1,No,1,Yes,No,Credit Card,29.0,32,No,1794.01,Yes
PAL-00765,17,Core,39.9,5.0,No,3,No,No,Debit Card,61.0,27,No,500.73,No
PAL-00766,47,Basic,26.73,2.3,No,1,Yes,No,Credit Card,61.7,37,No,2031.95,No
PAL-00767,54,Elite,85.98,3.7,Yes,3,No,Yes,Credit Card,55.6,38,No,4848.38,No
PAL-00768,43,Basic,23.83,5.7,No,2,No,No,Credit Card,50.9,40,No,2270.27,Yes
PAL-00769,6,Basic,26.99,6.6,No,2,No,No,Credit Card,37.9,63,No,171.99,No
PAL-00770,26,Basic,25.95,6.1,No,1,No,No,Credit Card,62.1,93,Yes,665.7,No
PAL-00771,10,Elite,95.29,2.2,No,4,Yes,No,Credit Card,78.1,82,Yes,420.52,No
PAL-00772,9,Core,46.64,6.3,No,4,No,No,Credit Card,40.1,48,No,336.55,Yes
PAL-00773,1,Core,43.26,4.6,No,2,Yes,No,Credit Card,41.2,56,No,108.2,No
PAL-00774,51,Basic,21.81,10.0,No,1,No,No,Debit Card,46.9,36,No,1281.14,No
PAL-00775,38,Basic,24.59,12.0,No,4,No,No,Credit Card,70.2,66,No,441.22,Yes
PAL-00776,42,Basic,23.26,11.6,No,0,No,No,Bank Draft,72.8,2,No,999.07,Yes
PAL-00777,16,Basic,24.2,4.8,No,1,Yes,No,Credit Card,51.3,9,No,462.53,Yes
PAL-00778,19,Core,43.64,4.8,Yes,0,No,Yes,Credit Card,52.1,96,No,537.0,No
PAL-00779,38,Basic,24.56,7.9,No,1,No,No,Bank Draft,52.8,67,No,989.97,No
PAL-00780,26,Elite,83.82,3.0,No,2,No,No,Credit Card,32.1,15,No,1435.35,No
PAL-00781,13,Core,47.65,7.1,No,1,No,No,Debit Card,30.0,36,Yes,714.28,No
PAL-00782,44,Core,46.75,6.1,No,0,No,No,Credit Card,57.8,15,No,1722.4,No
PAL-00783,43,Core,44.06,12.0,Yes,2,Yes,No,Credit Card,80.7,25,Yes,3191.23,No
PAL-00784,38,Core,49.74,5.6,No,1,No,No,Credit Card,88.1,88,No,825.69,No
PAL-00785,13,Basic,20.19,6.8,No,1,No,No,Bank Draft,48.8,42,Yes,451.04,Yes
PAL-00786,56,Core,42.85,10.4,No,4,No,No,Credit Card,40.9,42,Yes,1300.19,No
PAL-00787,52,Core,41.14,5.6,No,5,No,No,Debit Card,37.9,49,No,3128.61,No
PAL-00788,1,Basic,25.87,3.5,No,3,No,No,Debit Card,83.0,29,No,68.68,Yes
PAL-00789,38,Elite,73.19,8.0,Yes,2,No,No,Credit Card,36.2,62,No,3419.21,No
PAL-00790,38,Basic,23.98,2.7,No,3,No,No,Debit Card,52.2,29,No,1359.18,Yes
PAL-00791,44,Core,39.93,6.5,Yes,0,No,Yes,Credit Card,66.8,65,No,1634.66,No
PAL-00792,23,Core,49.79,3.7,No,3,No,No,Debit Card,52.1,27,No,1460.3,No
PAL-00793,20,Basic,21.14,1.7,No,2,Yes,No,Bank Draft,73.2,71,Yes,432.71,No
PAL-00794,17,Elite,78.77,7.6,Yes,5,No,No,Debit Card,32.8,29,No,2275.48,No
PAL-00795,53,Core,42.46,6.2,No,1,No,Yes,Debit Card,41.8,96,No,1525.49,No
PAL-00796,54,Basic,21.48,12.6,Yes,1,Yes,Yes,Credit Card,45.1,30,No,896.66,No
PAL-00797,21,Core,45.05,1.9,No,3,No,No,Credit Card,50.2,28,No,1043.88,Yes
PAL-00798,26,Elite,79.63,3.2,No,1,Yes,No,Credit Card,66.7,50,No,2825.58,No
PAL-00799,43,Core,52.48,11.3,No,0,Yes,No,Credit Card,22.0,76,No,1598.93,No
PAL-00800,25,Core,41.81,12.2,Yes,2,No,No,Debit Card,49.5,28,No,1059.53,No
PAL-00801,36,Elite,73.89,8.7,Yes,1,No,No,Debit Card,57.7,25,No,2430.15,No
PAL-00802,16,Basic,19.75,5.3,No,4,Yes,No,Debit Card,64.5,28,Yes,581.69,Yes
PAL-00803,38,Elite,80.07,10.1,Yes,1,Yes,No,Debit Card,43.9,91,No,4603.77,No
PAL-00804,45,Elite,67.54,4.6,Yes,3,No,Yes,Credit Card,50.7,27,No,2079.49,No
PAL-00805,23,Basic,30.82,0.7,No,2,No,No,Credit Card,54.6,29,No,361.13,No
PAL-00806,26,Elite,63.88,11.9,No,5,No,No,Bank Draft,60.8,35,Yes,795.76,No
PAL-00807,54,Elite,79.25,4.3,Yes,1,No,No,Credit Card,75.4,72,No,8014.0,No
PAL-00808,24,Basic,24.87,20.6,No,1,No,No,Debit Card,51.5,69,No,1301.37,No
PAL-00809,13,Elite,77.97,2.4,Yes,0,No,No,Debit Card,60.6,25,No,902.36,No
PAL-00810,42,Basic,26.08,11.6,No,3,Yes,No,Debit Card,24.3,94,No,995.9,No
PAL-00811,32,Core,45.45,6.6,No,2,No,Yes,Bank Draft,48.8,2,No,1521.64,No
PAL-00812,37,Core,45.42,10.6,No,1,No,No,Debit Card,62.0,93,No,1652.34,Yes
PAL-00813,49,Core,45.18,3.5,No,1,No,No,Credit Card,67.9,96,No,3836.82,Yes
PAL-00814,60,Elite,94.05,18.6,No,2,Yes,Yes,Credit Card,28.2,55,No,9779.41,No
PAL-00815,22,Core,48.66,16.3,No,2,No,No,Debit Card,51.1,81,No,557.53,No
PAL-00816,18,Elite,75.98,4.4,Yes,3,No,Yes,Credit Card,45.2,29,No,945.21,Yes
PAL-00817,9,Basic,29.29,4.8,No,1,No,No,Debit Card,69.0,96,No,293.71,No
PAL-00818,56,Core,46.52,6.8,No,4,Yes,No,Credit Card,30.3,55,No,6245.67,No
PAL-00819,41,Basic,33.16,3.0,No,2,No,No,Bank Draft,60.6,85,No,1702.81,Yes
PAL-00820,30,Basic,22.84,3.4,No,4,No,No,Bank Draft,57.5,45,No,785.88,Yes
PAL-00821,52,Elite,82.26,10.9,Yes,1,No,No,Debit Card,62.8,61,No,3708.09,No
PAL-00822,1,Core,45.74,0.7,No,2,No,No,Credit Card,54.1,70,No,107.18,No
PAL-00823,59,Basic,23.4,3.1,No,1,No,No,Debit Card,59.9,48,No,968.09,Yes
PAL-00824,43,Core,51.7,14.5,No,1,No,No,Bank Draft,63.1,41,No,1633.2,No
PAL-00825,18,Core,39.07,13.1,No,1,No,No,Credit Card,43.3,57,No,1066.03,No
PAL-00826,23,Elite,76.48,5.4,Yes,5,Yes,No,Debit Card,50.0,63,No,3131.06,No
PAL-00827,49,Basic,21.95,1.4,No,1,No,No,Bank Draft,64.3,70,Yes,1570.7,Yes
PAL-00828,53,Basic,24.51,12.6,No,1,No,No,Credit Card,55.4,68,No,1037.19,No
PAL-00829,7,Core,40.24,4.1,No,1,No,No,Credit Card,23.8,62,No,361.33,No
PAL-00830,25,Basic,19.54,9.6,No,1,No,No,Credit Card,30.7,81,No,1752.02,Yes
PAL-00831,31,Core,44.73,8.0,Yes,1,Yes,No,Credit Card,72.4,26,No,1851.59,No
PAL-00832,7,Basic,28.89,9.6,No,2,No,No,Credit Card,45.8,67,No,138.84,Yes
PAL-00833,19,Core,47.08,8.7,No,3,No,No,Debit Card,21.3,1,No,616.86,No
PAL-00834,41,Basic,26.47,9.1,No,4,No,No,Credit Card,44.6,83,No,1541.35,No
PAL-00835,17,Basic,24.35,3.5,No,0,No,No,Credit Card,63.5,22,No,449.87,Yes
PAL-00836,20,Elite,65.18,6.7,No,5,No,No,Bank Draft,44.4,71,No,942.83,No
PAL-00837,8,Basic,20.59,9.0,No,2,No,No,Debit Card,71.7,13,No,134.28,No
PAL-00838,37,Basic,29.29,8.1,No,3,No,No,Credit Card,37.3,84,Yes,701.02,Yes
PAL-00839,1,Core,44.82,5.0,No,1,No,No,Credit Card,58.9,83,No,60.9,No
PAL-00840,17,Basic,23.65,0.5,No,3,No,No,Bank Draft,64.0,42,No,403.76,Yes
PAL-00841,58,Core,42.35,2.9,No,1,No,No,Debit Card,56.2,7,Yes,3444.5,No
PAL-00842,20,Core,50.05,1.3,Yes,2,No,No,Credit Card,61.5,78,Yes,1913.01,No
PAL-00843,46,Elite,79.47,8.2,No,1,Yes,No,Debit Card,77.0,26,No,2680.82,No
PAL-00844,31,Basic,30.18,3.8,No,2,No,No,Debit Card,60.3,91,No,1220.48,Yes
PAL-00845,11,Elite,81.68,2.3,Yes,5,No,No,Credit Card,26.4,94,No,2402.26,No
PAL-00846,31,Core,48.23,4.1,No,3,No,No,Debit Card,51.5,7,No,2931.17,No
PAL-00847,29,Elite,75.52,4.2,No,2,No,Yes,Debit Card,59.2,75,No,903.17,No
PAL-00848,60,Core,42.59,5.2,No,1,No,Yes,Debit Card,69.4,59,Yes,3137.0,No
PAL-00849,58,Basic,24.08,7.0,No,0,No,No,Debit Card,57.5,7,No,2690.65,No
PAL-00850,32,Elite,78.32,6.1,Yes,3,No,No,Debit Card,56.1,9,No,4165.17,No
PAL-00851,56,Basic,25.2,7.4,No,2,Yes,No,Credit Card,62.1,75,No,1685.5,No
PAL-00852,36,Core,51.55,8.1,No,1,No,No,Debit Card,56.9,54,Yes,3633.28,No
PAL-00853,5,Basic,21.23,0.8,No,1,No,No,Credit Card,39.4,94,No,181.83,No
PAL-00854,52,Basic,28.6,16.5,No,2,No,No,Credit Card,68.4,8,No,5529.53,Yes
PAL-00855,44,Basic,19.96,7.1,No,2,Yes,No,Credit Card,41.8,42,No,603.95,Yes
PAL-00856,0,Elite,87.48,16.8,No,0,No,No,Credit Card,29.5,65,No,0.0,No
PAL-00857,0,Core,43.33,3.3,Yes,6,No,No,Credit Card,56.5,45,Yes,227.71,Yes
PAL-00858,57,Core,43.91,27.4,Yes,1,No,No,Debit Card,42.0,34,No,4698.06,No
PAL-00859,19,Basic,27.31,3.5,No,2,No,Yes,Credit Card,54.2,31,No,607.21,No
PAL-00860,20,Elite,77.76,2.7,Yes,2,No,Yes,Credit Card,32.1,12,No,731.76,No
PAL-00861,34,Elite,90.14,3.5,Yes,3,No,No,Credit Card,53.8,90,No,1368.33,No
PAL-00862,50,Basic,29.13,3.3,No,1,No,No,Debit Card,46.9,76,No,762.1,No
PAL-00863,34,Core,38.87,3.2,No,2,Yes,No,Credit Card,50.0,30,No,569.58,No
PAL-00864,36,Elite,81.69,4.1,No,2,No,No,Credit Card,53.9,35,No,4214.65,No
PAL-00865,3,Elite,88.43,6.2,Yes,1,No,No,Credit Card,48.9,62,No,265.25,No
PAL-00866,52,Core,46.04,3.1,Yes,4,Yes,No,Credit Card,42.0,42,Yes,2769.08,No
PAL-00867,10,Core,52.69,6.2,Yes,4,No,No,Credit Card,34.6,85,No,756.09,No
PAL-00868,23,Basic,19.99,4.5,No,5,No,Yes,Credit Card,58.4,39,Yes,268.68,Yes
PAL-00869,35,Core,52.53,1.5,No,1,No,No,Credit Card,42.2,27,No,1507.03,No
PAL-00870,52,Elite,92.64,5.8,No,5,No,No,Debit Card,30.5,40,No,13256.68,No
PAL-00871,31,Basic,27.78,1.0,No,3,No,No,Credit Card,45.2,17,No,1479.6,Yes
PAL-00872,56,Basic,29.3,3.0,No,1,Yes,Yes,Credit Card,42.4,36,No,2187.7,Yes
PAL-00873,11,Elite,72.76,3.4,No,0,Yes,No,Credit Card,44.2,70,No,975.96,No
PAL-00874,18,Elite,88.58,8.1,Yes,2,No,No,Debit Card,65.2,94,No,1625.53,No
PAL-00875,45,Basic,26.29,12.4,Yes,2,Yes,No,Credit Card,38.8,28,No,905.8,Yes
PAL-00876,37,Basic,26.75,2.5,No,6,No,No,Credit Card,76.3,64,No,2177.23,No
PAL-00877,14,Basic,26.14,0.9,No,3,No,No,Credit Card,51.8,94,No,300.99,No
PAL-00878,12,Elite,90.56,4.5,No,2,Yes,No,Credit Card,46.1,28,No,542.31,No
PAL-00879,21,Basic,25.19,4.6,No,1,Yes,No,Credit Card,69.5,20,No,524.54,Yes
PAL-00880,40,Basic,21.92,9.0,No,1,Yes,No,Credit Card,49.8,79,No,1015.4,No
PAL-00881,45,Elite,88.57,18.5,No,2,No,No,Debit Card,45.3,98,No,8138.5,No
PAL-00882,56,Core,43.56,6.0,Yes,1,No,No,Credit Card,49.2,3,Yes,1115.6,Yes
PAL-00883,41,Core,42.83,17.9,No,3,No,No,Bank Draft,104.0,5,No,2093.82,No
PAL-00884,39,Basic,24.83,4.1,No,1,No,No,Credit Card,15.0,36,No,949.6,Yes
PAL-00885,20,Core,45.08,9.6,No,3,No,Yes,Bank Draft,52.2,24,No,727.69,No
PAL-00886,44,Core,50.7,4.4,No,1,Yes,No,Credit Card,67.6,36,No,1101.53,No
PAL-00887,36,Basic,24.08,12.5,No,4,Yes,No,Debit Card,58.0,59,Yes,632.84,No
PAL-00888,53,Basic,30.62,2.5,No,1,No,No,Debit Card,58.0,40,No,1471.84,No
PAL-00889,6,Basic,24.79,7.8,No,1,Yes,No,Debit Card,63.7,50,No,431.74,No
PAL-00890,41,Basic,24.89,9.8,No,3,No,No,Credit Card,62.8,54,No,1339.96,Yes
PAL-00891,16,Basic,25.56,3.5,No,1,Yes,No,Credit Card,48.7,47,No,162.89,Yes
PAL-00892,15,Elite,77.86,8.2,No,2,No,No,Credit Card,63.4,16,No,2504.52,No
PAL-00893,0,Basic,26.34,2.2,Yes,1,No,No,Credit Card,53.5,90,No,103.53,Yes
PAL-00894,40,Elite,60.0,14.9,No,1,No,Yes,Credit Card,56.3,83,No,2184.89,No
PAL-00895,15,Elite,99.59,6.1,No,3,No,No,Credit Card,38.8,12,No,1425.84,No
PAL-00896,56,Core,45.81,5.1,No,1,No,No,Bank Draft,42.5,62,No,1978.73,No
PAL-00897,30,Basic,22.67,10.0,No,4,No,No,Credit Card,44.4,80,No,844.31,Yes
PAL-00898,44,Elite,67.43,8.1,Yes,4,No,No,Debit Card,40.3,94,No,3852.34,No
PAL-00899,28,Core,48.18,4.9,No,2,No,No,Credit Card,36.4,79,No,1406.02,No
PAL-00900,16,Basic,27.84,12.0,No,0,No,No,Debit Card,64.5,64,No,419.85,No
PAL-00901,41,Basic,24.75,2.2,No,2,No,No,Credit Card,42.0,94,No,1155.41,No
PAL-00902,54,Elite,95.96,8.5,No,1,No,No,Credit Card,36.4,25,No,7037.54,No
PAL-00903,38,Core,47.77,1.5,No,4,No,No,Credit Card,54.7,86,No,2033.09,No
PAL-00904,56,Basic,27.19,2.7,No,1,No,No,Debit Card,39.3,14,No,2081.35,Yes
PAL-00905,18,Basic,22.28,8.5,No,2,Yes,No,Debit Card,60.4,83,No,450.5,Yes
PAL-00906,14,Core,49.52,3.2,Yes,1,No,No,Debit Card,56.4,44,No,930.69,No
PAL-00907,9,Elite,70.67,10.1,Yes,2,Yes,No,Credit Card,58.1,69,No,488.28,No
PAL-00908,22,Core,48.43,12.2,No,1,No,No,Debit Card,39.4,16,No,1626.54,No
PAL-00909,57,Basic,24.58,5.8,No,4,No,Yes,Credit Card,44.7,22,Yes,683.61,Yes
PAL-00910,6,Basic,29.45,13.2,No,2,No,Yes,Debit Card,59.2,97,No,242.57,No
PAL-00911,36,Core,42.44,4.5,No,2,No,No,Debit Card,29.6,23,No,2548.68,No
PAL-00912,56,Basic,30.96,12.2,Yes,1,No,No,Bank Draft,56.7,90,No,2073.64,No
PAL-00913,33,Basic,27.0,7.1,No,0,No,No,Debit Card,52.3,75,No,649.65,Yes
PAL-00914,35,Basic,21.64,8.0,No,1,No,No,Debit Card,69.9,11,No,756.54,Yes
PAL-00915,45,Core,45.62,5.7,No,3,Yes,No,Credit Card,29.6,93,No,3075.33,No
PAL-00916,19,Core,43.2,6.9,No,0,No,No,Credit Card,45.0,93,No,1091.06,No
PAL-00917,37,Elite,69.94,4.0,No,1,Yes,Yes,Credit Card,53.8,72,Yes,2005.88,No
PAL-00918,16,Basic,19.47,18.7,No,3,No,No,Credit Card,69.9,65,No,260.99,No
PAL-00919,55,Elite,80.63,5.8,Yes,3,No,No,Credit Card,62.7,58,No,13833.2,No
PAL-00920,34,Core,48.73,0.6,No,1,No,No,Debit Card,43.0,18,No,955.07,No
PAL-00921,24,Elite,79.46,3.6,No,3,No,No,Credit Card,54.6,83,No,732.34,No
PAL-00922,59,Basic,27.0,8.4,No,4,Yes,No,Credit Card,64.4,61,No,677.49,Yes
PAL-00923,30,Basic,30.94,6.3,No,4,No,No,Credit Card,63.6,42,No,910.78,No
PAL-00924,28,Basic,23.83,8.6,No,2,No,No,Credit Card,68.9,22,No,428.7,No
PAL-00925,14,Basic,24.43,9.9,No,3,Yes,No,Credit Card,36.6,43,No,246.1,Yes
PAL-00926,59,Basic,25.82,24.0,No,3,No,No,Credit Card,78.5,9,No,2292.26,Yes
PAL-00927,40,Basic,32.55,9.1,No,1,No,No,Credit Card,39.3,48,No,3109.85,Yes
PAL-00928,45,Core,47.07,8.0,No,5,No,No,Debit Card,55.2,24,No,2254.73,No
PAL-00929,54,Core,47.23,8.7,No,1,Yes,No,Debit Card,44.2,6,No,2836.13,No
PAL-00930,42,Basic,25.57,13.2,Yes,2,No,No,Credit Card,51.1,36,No,2421.83,Yes
PAL-00931,58,Elite,97.46,7.4,Yes,3,No,No,Credit Card,47.4,79,No,7597.14,No
PAL-00932,9,Basic,25.62,7.0,No,2,Yes,No,Bank Draft,76.0,83,No,317.79,No
PAL-00933,28,Core,46.45,8.3,No,1,No,No,Bank Draft,34.6,41,Yes,2384.41,No
PAL-00934,11,Basic,23.88,4.0,No,0,Yes,No,Credit Card,26.7,19,No,173.05,No
PAL-00935,19,Basic,25.33,11.7,No,6,No,No,Debit Card,37.6,23,No,286.37,Yes
PAL-00936,45,Core,38.91,6.7,Yes,4,Yes,No,Credit Card,37.5,92,No,1829.02,Yes
PAL-00937,33,Basic,28.41,7.8,No,3,No,Yes,Debit Card,59.3,87,No,592.82,No
PAL-00938,10,Basic,23.07,1.6,No,3,No,No,Credit Card,49.3,4,No,200.38,No
PAL-00939,43,Elite,74.77,2.4,No,0,No,Yes,Credit Card,56.9,24,No,2394.87,No
PAL-00940,33,Core,47.23,13.0,No,3,No,No,Debit Card,55.9,25,No,1510.33,No
PAL-00941,21,Elite,87.33,1.7,Yes,2,No,No,Credit Card,40.4,78,No,2084.19,No
PAL-00942,31,Elite,84.08,7.5,No,1,No,Yes,Credit Card,42.4,93,No,1246.24,No
PAL-00943,47,Basic,27.89,6.4,Yes,4,Yes,No,Credit Card,36.2,12,No,2449.56,No
PAL-00944,44,Core,39.93,3.8,Yes,1,No,No,Credit Card,61.9,67,Yes,2717.47,No
PAL-00945,11,Core,40.96,6.8,Yes,2,No,No,Bank Draft,33.6,100,No,316.15,No
PAL-00946,33,Core,49.5,3.5,Yes,0,No,No,Debit Card,22.7,79,No,1964.7,No
PAL-00947,22,Elite,72.91,4.5,No,2,No,No,Credit Card,41.2,99,No,4774.35,No
PAL-00948,13,Basic,28.02,5.7,No,2,No,No,Debit Card,72.1,88,Yes,453.62,No
PAL-00949,58,Core,43.44,19.8,No,0,Yes,No,Credit Card,39.4,89,No,2590.28,No
PAL-00950,47,Core,39.51,5.0,Yes,5,No,No,Credit Card,48.8,15,No,1099.38,No
PAL-00951,53,Basic,22.64,10.2,No,3,No,No,Bank Draft,35.9,84,No,761.4,Yes
PAL-00952,47,Basic,27.41,26.3,No,3,Yes,No,Credit Card,31.3,91,No,1472.75,No
PAL-00953,48,Elite,84.48,13.3,No,1,No,Yes,Bank Draft,39.3,18,No,5392.52,No
PAL-00954,2,Core,42.51,2.0,No,2,No,No,Credit Card,58.5,85,No,217.48,No
PAL-00955,60,Core,47.97,3.1,No,3,Yes,No,Credit Card,26.6,21,No,3027.04,No
PAL-00956,33,Elite,79.4,13.2,No,1,No,No,Credit Card,73.7,69,No,5305.54,No
PAL-00957,19,Basic,31.19,0.9,No,1,No,No,Credit Card,27.9,71,No,704.06,Yes
PAL-00958,4,Core,43.1,1.8,No,0,No,No,Credit Card,40.1,100,Yes,338.69,Yes
PAL-00959,0,Core,49.44,13.1,No,1,No,No,Credit Card,35.6,4,No,0.0,No
PAL-00960,7,Core,48.63,8.7,No,1,Yes,Yes,Credit Card,43.5,97,No,550.34,Yes
PAL-00961,19,Core,49.0,0.8,No,2,No,No,Debit Card,74.0,90,Yes,1145.84,No
PAL-00962,3,Basic,21.36,3.9,No,2,No,No,Credit Card,46.6,34,No,15.89,Yes
PAL-00963,15,Elite,89.47,6.4,Yes,2,No,No,Credit Card,44.9,93,No,911.25,No
PAL-00964,46,Core,47.6,4.7,No,3,No,No,Debit Card,60.2,84,No,3904.29,No
PAL-00965,20,Core,39.91,9.7,Yes,1,No,No,Credit Card,38.3,17,Yes,1182.53,No
PAL-00966,34,Basic,24.57,13.0,No,2,No,No,Debit Card,52.5,15,No,491.54,Yes
PAL-00967,44,Basic,25.79,4.9,No,0,Yes,No,Debit Card,71.7,78,No,1069.25,No
PAL-00968,30,Core,43.95,2.5,No,1,Yes,No,Credit Card,61.3,39,No,1654.94,No
PAL-00969,30,Core,46.74,3.4,Yes,4,No,No,Credit Card,56.2,41,No,656.76,No
PAL-00970,12,Basic,26.18,8.2,No,1,No,No,Debit Card,55.6,75,No,278.88,Yes
PAL-00971,12,Basic,22.17,12.4,No,1,No,No,Debit Card,43.6,19,No,398.66,No
PAL-00972,1,Elite,78.31,6.0,Yes,5,No,Yes,Debit Card,33.1,61,No,212.83,No
PAL-00973,1,Core,41.79,14.7,No,3,Yes,No,Bank Draft,61.0,30,No,31.83,Yes
PAL-00974,13,Core,47.03,6.4,Yes,1,Yes,No,Debit Card,50.6,51,No,536.76,No
PAL-00975,4,Basic,21.26,2.0,No,1,No,No,Credit Card,61.2,96,No,182.63,Yes
PAL-00976,19,Basic,22.8,7.3,No,2,No,No,Credit Card,74.3,12,No,186.07,Yes
PAL-00977,0,Core,49.26,19.4,Yes,1,No,No,Credit Card,71.6,78,Yes,110.47,No
PAL-00978,52,Basic,25.31,7.9,No,4,No,No,Credit Card,51.8,44,Yes,1848.5,Yes
PAL-00979,41,Core,40.49,10.2,No,2,No,Yes,Credit Card,54.7,45,No,1809.97,No
PAL-00980,8,Basic,23.6,1.8,No,2,No,No,Debit Card,37.4,2,No,102.66,No
PAL-00981,10,Core,37.76,7.5,No,3,Yes,No,Credit Card,42.2,37,No,591.47,No
PAL-00982,12,Core,45.38,4.7,No,1,No,Yes,Credit Card,45.6,41,No,261.62,No
PAL-00983,11,Core,54.76,8.5,No,3,No,No,Credit Card,57.1,69,No,765.16,No
PAL-00984,8,Elite,91.92,2.7,Yes,3,Yes,No,Credit Card,47.5,30,No,239.63,No
PAL-00985,13,Basic,27.62,17.4,No,2,Yes,No,Credit Card,54.4,81,Yes,32.52,Yes
PAL-00986,47,Basic,28.64,8.1,No,0,No,No,Credit Card,47.4,74,No,2179.01,Yes
PAL-00987,33,Basic,22.43,8.3,No,1,No,Yes,Bank Draft,41.2,23,Yes,1751.86,No
PAL-00988,8,Core,44.78,14.0,No,4,No,No,Credit Card,60.3,90,No,470.17,No
PAL-00989,10,Basic,26.01,8.1,No,2,No,No,Debit Card,55.7,82,No,313.0,Yes
PAL-00990,6,Core,39.9,2.0,No,2,No,No,Debit Card,42.1,95,No,79.37,Yes
PAL-00991,50,Basic,25.31,1.3,No,4,No,No,Credit Card,56.9,41,No,977.65,Yes
PAL-00992,31,Basic,32.64,23.2,No,0,No,No,Debit Card,45.0,54,No,600.31,Yes
PAL-00993,27,Core,47.22,8.1,No,1,No,Yes,Debit Card,64.2,93,No,1027.07,No
PAL-00994,30,Core,46.31,5.8,No,4,No,No,Debit Card,73.7,72,No,663.72,Yes
PAL-00995,28,Basic,23.74,5.4,No,2,No,No,Credit Card,44.8,27,No,889.48,No
PAL-00996,27,Basic,26.24,3.9,Yes,2,No,Yes,Credit Card,55.7,32,No,703.95,Yes
PAL-00997,25,Elite,83.03,8.6,Yes,1,No,No,Credit Card,59.1,57,Yes,4022.25,No
PAL-00998,52,Core,47.29,6.7,No,6,No,No,Debit Card,50.0,48,No,1712.89,No
PAL-00999,50,Basic,30.99,5.7,Yes,2,No,No,Credit Card,40.1,55,No,1412.13,No
PAL-01000,33,Elite,70.38,3.2,No,4,Yes,No,Credit Card,53.2,65,No,2573.67,No
PAL-01001,49,Elite,65.81,6.9,Yes,2,No,No,Credit Card,61.0,53,No,2563.0,No
PAL-01002,1,Core,53.74,5.8,No,3,No,No,Debit Card,30.8,6,No,62.45,No
PAL-01003,43,Basic,19.03,9.1,No,2,No,No,Bank Draft,48.0,5,Yes,883.1,Yes
PAL-01004,19,Elite,94.69,4.6,Yes,4,Yes,No,Bank Draft,66.1,11,Yes,2644.78,Yes
PAL-01005,6,Basic,29.44,3.8,No,0,No,No,Credit Card,65.1,89,No,280.33,Yes
PAL-01006,47,Core,40.14,3.9,Yes,5,No,No,Debit Card,33.4,40,No,3074.74,No
PAL-01007,50,Core,48.01,2.9,No,0,No,No,Credit Card,30.2,41,No,1811.33,No
PAL-01008,8,Core,44.91,1.8,No,8,No,No,Credit Card,67.3,54,No,1032.18,No
PAL-01009,35,Basic,23.16,5.1,No,0,No,No,Credit Card,25.5,57,No,634.83,No
PAL-01010,51,Basic,20.65,2.3,No,2,Yes,No,Credit Card,41.3,12,No,958.23,Yes
PAL-01011,40,Basic,25.95,13.8,No,1,No,Yes,Bank Draft,63.6,18,No,1350.95,No
PAL-01012,31,Core,46.67,9.5,No,4,No,No,Bank Draft,70.0,30,No,3497.22,No
PAL-01013,15,Basic,25.62,3.9,No,3,No,No,Bank Draft,37.2,34,No,278.39,Yes
PAL-01014,20,Core,42.3,7.8,Yes,1,No,No,Bank Draft,55.7,60,No,1551.33,No
PAL-01015,51,Basic,26.86,9.6,No,2,No,No,Credit Card,68.0,51,No,1407.66,No
PAL-01016,13,Core,39.41,4.8,No,0,No,Yes,Credit Card,46.7,40,No,327.36,No
PAL-01017,6,Basic,27.27,3.8,No,1,No,No,Credit Card,45.1,83,No,79.72,No
PAL-01018,19,Core,51.62,0.8,No,3,No,Yes,Credit Card,75.5,99,No,815.76,No
PAL-01019,21,Core,52.19,10.7,No,0,Yes,No,Bank Draft,49.7,20,No,2177.57,No
PAL-01020,3,Core,52.79,3.9,No,2,No,Yes,Bank Draft,19.5,15,No,67.93,No
PAL-01021,32,Core,42.06,16.4,No,4,No,No,Debit Card,53.9,10,Yes,1001.26,Yes
PAL-01022,34,Basic,24.7,10.3,No,2,No,No,Bank Draft,59.6,39,No,485.2,No
PAL-01023,54,Core,44.4,6.1,No,2,Yes,No,Bank Draft,67.0,82,No,3574.56,No
PAL-01024,15,Elite,79.6,7.0,No,4,Yes,Yes,Debit Card,61.9,35,Yes,1133.58,No
PAL-01025,17,Basic,30.29,3.9,No,3,No,No,Bank Draft,57.7,78,No,585.67,Yes
PAL-01026,53,Core,49.89,6.7,No,1,No,No,Bank Draft,40.3,33,No,3395.55,No
PAL-01027,26,Basic,29.2,6.5,No,3,No,No,Credit Card,73.8,54,No,378.21,No
PAL-01028,8,Elite,79.54,2.4,No,1,No,No,Credit Card,50.1,84,Yes,267.12,No
PAL-01029,35,Basic,26.37,3.1,No,3,Yes,No,Credit Card,63.5,13,No,1421.56,No
PAL-01030,28,Elite,82.06,5.0,Yes,5,No,No,Bank Draft,64.1,16,Yes,1752.99,No
PAL-01031,33,Basic,26.1,16.1,No,1,Yes,No,Credit Card,60.5,23,No,1223.96,No
PAL-01032,44,Elite,79.73,2.0,Yes,3,No,No,Credit Card,46.7,48,No,3518.9,No
PAL-01033,56,Elite,80.98,1.5,No,4,No,Yes,Debit Card,71.9,93,No,10292.73,No
PAL-01034,45,Basic,28.58,2.8,No,5,No,No,Credit Card,53.4,30,No,1206.47,No
PAL-01035,47,Core,44.39,13.8,No,1,No,No,Bank Draft,56.0,4,No,3174.93,No
PAL-01036,13,Basic,25.16,1.4,Yes,2,Yes,No,Credit Card,63.4,21,No,418.51,No
PAL-01037,53,Basic,21.34,6.5,No,2,No,No,Bank Draft,50.8,65,No,1284.7,No
PAL-01038,58,Core,42.27,2.1,Yes,2,No,No,Credit Card,66.8,11,No,2196.74,No
PAL-01039,6,Core,46.68,6.0,No,3,No,No,Credit Card,56.8,19,No,132.3,No
PAL-01040,57,Basic,24.71,12.7,No,3,No,No,Credit Card,46.7,48,No,1189.67,No
PAL-01041,24,Elite,66.98,5.5,Yes,3,No,No,Credit Card,59.8,57,No,1013.69,No
PAL-01042,25,Core,40.07,10.6,No,3,No,No,Credit Card,38.1,76,No,749.01,Yes
PAL-01043,37,Core,37.73,4.5,No,1,Yes,No,Debit Card,54.4,72,No,1184.64,No
PAL-01044,27,Core,54.4,2.0,No,2,No,No,Debit Card,49.0,10,No,1844.52,No
PAL-01045,29,Basic,24.02,14.2,No,1,Yes,Yes,Credit Card,62.2,68,No,415.75,No
PAL-01046,20,Basic,25.45,8.4,No,4,No,No,Credit Card,62.7,6,Yes,322.62,Yes
PAL-01047,20,Core,43.8,7.8,Yes,3,No,No,Debit Card,43.6,10,No,1277.6,Yes
PAL-01048,24,Elite,87.53,5.5,No,0,Yes,No,Bank Draft,40.7,67,No,1967.1,No
PAL-01049,36,Elite,81.42,10.5,Yes,1,No,No,Credit Card,71.4,69,No,6066.45,No
PAL-01050,48,Basic,21.49,5.9,No,0,No,Yes,Debit Card,75.1,0,Yes,382.53,Yes
PAL-01051,8,Core,48.28,1.8,No,6,No,Yes,Debit Card,88.4,61,No,265.15,No
PAL-01052,31,Basic,21.88,5.4,No,5,No,No,Credit Card,46.6,30,Yes,1366.7,No
PAL-01053,30,Basic,28.49,9.7,No,4,No,Yes,Credit Card,43.9,46,No,444.32,No
PAL-01054,54,Basic,25.27,8.2,No,1,No,No,Bank Draft,37.7,2,No,1885.67,No
PAL-01055,7,Elite,85.65,1.7,No,0,No,No,Credit Card,49.5,7,No,600.11,No
PAL-01056,25,Core,43.9,1.5,No,3,No,No,Credit Card,30.8,86,No,1521.96,No
PAL-01057,18,Basic,24.2,6.8,No,2,No,No,Debit Card,45.8,90,No,627.78,Yes
PAL-01058,42,Elite,75.62,5.8,No,1,No,No,Credit Card,53.5,14,No,2005.51,No
PAL-01059,6,Basic,23.77,4.1,No,0,No,No,Debit Card,28.7,49,No,215.13,No
PAL-01060,44,Basic,24.59,11.9,No,4,No,No,Bank Draft,53.8,37,No,1182.81,Yes
PAL-01061,59,Basic,25.57,6.0,No,4,No,No,Debit Card,67.1,24,Yes,1623.2,Yes
PAL-01062,20,Core,45.95,6.9,No,2,No,Yes,Debit Card,57.1,51,No,1162.94,No
PAL-01063,19,Basic,20.1,2.5,No,3,No,No,Credit Card,63.2,23,No,531.63,No
PAL-01064,55,Elite,79.98,8.3,Yes,1,No,No,Credit Card,40.7,86,No,2620.84,No
PAL-01065,15,Basic,23.87,5.2,No,0,No,No,Debit Card,30.0,38,No,451.66,No
PAL-01066,31,Basic,25.66,3.5,No,1,Yes,No,Debit Card,67.2,7,No,1016.13,Yes
PAL-01067,7,Basic,24.63,8.3,No,2,No,No,Credit Card,56.3,90,Yes,132.64,No
PAL-01068,30,Core,45.22,11.6,No,2,No,No,Credit Card,49.7,67,No,1659.38,No
PAL-01069,49,Basic,19.85,3.8,No,3,No,No,Credit Card,51.5,37,No,1066.27,Yes
PAL-01070,3,Core,39.01,7.8,No,5,No,No,Credit Card,37.1,75,No,49.53,No
PAL-01071,45,Basic,25.15,4.5,No,1,Yes,No,Bank Draft,56.4,74,No,1457.86,No
PAL-01072,51,Elite,68.57,7.1,No,1,No,Yes,Credit Card,56.0,99,No,2582.78,No
PAL-01073,7,Basic,24.97,1.9,No,5,Yes,No,Bank Draft,55.7,45,No,366.95,Yes
PAL-01074,37,Core,42.59,1.9,No,2,No,No,Credit Card,45.7,18,No,1617.46,No
PAL-01075,36,Elite,88.95,7.3,No,2,No,No,Credit Card,57.7,33,No,2024.23,No
PAL-01076,13,Core,47.88,3.4,No,3,No,No,Debit Card,56.4,71,No,861.33,No
PAL-01077,2,Basic,22.99,8.2,No,1,No,Yes,Debit Card,56.0,99,No,160.3,Yes
PAL-01078,19,Basic,22.3,6.0,No,4,No,No,Debit Card,51.3,95,No,582.84,Yes
PAL-01079,35,Core,46.31,2.7,No,3,No,No,Credit Card,50.8,41,Yes,1147.84,Yes
PAL-01080,22,Basic,25.68,5.5,No,0,No,Yes,Credit Card,48.1,68,No,671.84,No
PAL-01081,3,Core,44.93,5.1,No,2,No,No,Credit Card,53.3,87,Yes,69.48,No
PAL-01082,50,Elite,79.09,9.4,Yes,1,No,No,Debit Card,31.4,8,No,1912.27,No
PAL-01083,46,Core,36.84,6.7,Yes,2,No,No,Credit Card,52.4,1,No,2932.77,No
PAL-01084,49,Basic,25.41,4.7,No,1,No,No,Credit Card,49.0,22,No,1992.23,No
PAL-01085,53,Core,47.05,7.8,No,1,Yes,Yes,Debit Card,74.6,37,Yes,3132.45,No
PAL-01086,32,Core,43.17,8.7,No,1,Yes,Yes,Credit Card,36.8,55,No,2197.9,No
PAL-01087,28,Core,42.53,2.5,Yes,1,Yes,No,Debit Card,33.7,13,No,1026.45,No
PAL-01088,47,Basic,26.47,7.1,No,2,No,No,Credit Card,42.5,17,Yes,790.25,No
PAL-01089,54,Core,41.67,1.7,No,2,No,Yes,Debit Card,55.7,68,No,1648.61,Yes
PAL-01090,34,Core,45.32,2.8,No,2,No,No,Bank Draft,48.5,74,Yes,1311.85,No
PAL-01091,10,Basic,31.32,4.5,No,4,No,No,Credit Card,27.7,23,No,653.79,Yes
PAL-01092,9,Elite,60.82,0.7,Yes,2,No,No,Credit Card,33.6,40,No,586.55,No
PAL-01093,48,Elite,77.17,11.5,No,0,No,Yes,Credit Card,67.6,55,Yes,2538.86,No
PAL-01094,13,Core,44.56,9.0,Yes,1,No,No,Credit Card,79.5,96,Yes,827.24,No
PAL-01095,28,Elite,83.11,7.0,No,2,No,No,Credit Card,59.6,92,No,1756.26,No
PAL-01096,19,Elite,91.85,2.2,No,3,No,No,Debit Card,49.6,66,No,1769.71,Yes
PAL-01097,48,Basic,26.81,12.0,No,2,Yes,No,Debit Card,55.0,67,No,1992.06,No
PAL-01098,13,Basic,22.91,10.1,No,1,No,Yes,Bank Draft,41.1,65,No,324.2,No
PAL-01099,29,Basic,28.85,4.6,No,2,No,Yes,Bank Draft,70.1,93,Yes,881.77,No
PAL-01100,54,Basic,24.33,4.5,Yes,1,No,No,Credit Card,74.0,85,No,2001.13,No
PAL-01101,28,Basic,24.34,8.9,No,3,No,No,Bank Draft,41.7,81,No,980.72,No
PAL-01102,11,Basic,22.38,4.6,No,4,No,No,Credit Card,58.8,46,No,207.14,Yes
PAL-01103,19,Basic,26.81,1.2,No,1,No,No,Debit Card,45.6,3,No,316.73,Yes
PAL-01104,5,Basic,24.19,12.6,No,4,No,No,Credit Card,59.9,48,No,98.83,Yes
PAL-01105,50,Core,43.39,5.5,No,3,No,No,Debit Card,47.6,60,No,2463.41,No
PAL-01106,50,Elite,68.35,6.3,No,4,No,No,Credit Card,41.5,48,No,3199.61,No
PAL-01107,59,Basic,27.74,3.4,No,3,No,No,Credit Card,55.3,70,No,2048.57,No
PAL-01108,8,Core,50.39,8.2,Yes,3,No,No,Credit Card,32.6,85,No,245.98,No
PAL-01109,15,Core,45.14,6.7,No,3,Yes,No,Debit Card,51.6,47,No,472.07,No
PAL-01110,0,Core,39.16,6.3,No,2,No,No,Credit Card,48.6,27,No,3.07,No
PAL-01111,29,Basic,26.87,4.5,No,3,Yes,No,Debit Card,60.7,84,No,683.33,Yes
PAL-01112,41,Elite,90.5,4.8,No,4,No,No,Bank Draft,54.9,92,No,3477.47,Yes
PAL-01113,17,Basic,22.59,5.7,No,0,No,No,Credit Card,52.4,22,No,109.91,No
PAL-01114,9,Core,42.45,12.3,No,1,Yes,No,Debit Card,64.5,24,No,519.45,No
PAL-01115,6,Basic,22.26,12.5,No,2,No,No,Bank Draft,63.0,88,Yes,208.03,No
PAL-01116,24,Elite,85.73,3.0,No,2,No,No,Debit Card,63.9,56,No,2315.19,No
PAL-01117,48,Core,45.85,19.8,No,5,Yes,No,Credit Card,37.4,99,No,1245.22,No
PAL-01118,19,Elite,76.44,8.1,Yes,1,No,No,Debit Card,61.4,34,No,2262.73,No
PAL-01119,40,Basic,25.86,8.9,Yes,0,Yes,No,Credit Card,73.5,1,No,466.08,No
PAL-01120,58,Basic,28.85,5.3,No,1,Yes,No,Credit Card,28.9,79,No,1568.27,No
PAL-01121,4,Core,47.67,6.1,Yes,2,No,No,Debit Card,34.5,6,Yes,195.99,No
PAL-01122,6,Basic,28.3,11.1,No,4,No,No,Credit Card,77.6,99,No,279.88,Yes
PAL-01123,44,Basic,29.69,10.1,No,5,No,Yes,Credit Card,57.9,89,No,2176.25,No
PAL-01124,3,Basic,25.63,3.6,No,4,Yes,No,Debit Card,43.4,52,No,142.12,No
PAL-01125,29,Basic,27.87,5.0,No,2,Yes,No,Credit Card,34.6,74,No,511.33,Yes
PAL-01126,47,Basic,28.56,3.8,No,4,No,No,Credit Card,42.8,51,No,2045.37,No
PAL-01127,47,Basic,31.18,1.9,No,1,No,No,Bank Draft,23.0,11,No,1723.56,Yes
PAL-01128,20,Core,41.02,8.1,Yes,0,Yes,No,Bank Draft,56.6,52,No,629.97,Yes
PAL-01129,6,Elite,87.2,5.2,No,1,No,Yes,Credit Card,64.6,10,No,520.59,No
PAL-01130,34,Basic,26.4,9.5,No,3,No,Yes,Debit Card,71.2,42,No,1760.6,No
PAL-01131,23,Basic,24.04,0.4,No,1,Yes,No,Debit Card,26.3,28,Yes,545.56,No
PAL-01132,0,Core,41.03,8.0,No,3,No,No,Credit Card,59.8,72,No,0.0,No
PAL-01133,52,Core,46.94,3.4,No,3,No,Yes,Credit Card,53.1,19,No,4117.88,No
PAL-01134,60,Elite,82.55,11.9,No,4,No,No,Debit Card,62.5,77,No,7106.66,No
PAL-01135,1,Basic,28.66,4.3,No,2,No,No,Credit Card,18.1,18,No,0.0,Yes
PAL-01136,39,Elite,75.59,13.7,No,1,No,No,Credit Card,51.6,63,Yes,1662.99,No
PAL-01137,15,Basic,21.23,5.1,No,4,No,No,Debit Card,36.7,47,No,18.44,Yes
PAL-01138,39,Basic,28.45,4.0,No,0,No,Yes,Bank Draft,36.8,6,No,3111.4,Yes
PAL-01139,6,Core,45.3,4.1,No,3,No,Yes,Credit Card,77.3,25,No,201.78,No
PAL-01140,45,Elite,88.89,8.3,No,1,No,No,Credit Card,75.3,27,No,10186.28,No
PAL-01141,6,Basic,29.24,6.7,No,3,No,No,Debit Card,54.7,46,No,250.25,Yes
PAL-01142,22,Core,46.47,4.7,No,2,No,No,Debit Card,23.7,56,No,1430.22,No
PAL-01143,19,Elite,91.2,6.7,No,1,Yes,No,Bank Draft,42.5,10,No,1070.92,Yes
PAL-01144,24,Elite,68.77,15.1,No,3,No,No,Debit Card,77.4,10,Yes,3950.97,No
PAL-01145,28,Core,42.27,8.6,No,1,No,No,Debit Card,49.2,97,Yes,1291.63,Yes
PAL-01146,26,Basic,28.27,2.6,Yes,4,Yes,No,Credit Card,35.7,61,No,769.84,Yes
PAL-01147,11,Elite,82.93,4.5,No,2,No,No,Credit Card,53.9,98,No,1402.15,No
PAL-01148,48,Core,48.31,8.6,Yes,3,No,Yes,Credit Card,50.7,12,No,1398.88,No
PAL-01149,58,Elite,78.75,2.8,Yes,3,No,No,Bank Draft,36.7,74,No,9559.73,Yes
PAL-01150,5,Basic,22.4,14.4,No,2,No,No,Debit Card,42.8,91,Yes,152.79,Yes
PAL-01151,35,Core,48.08,11.6,No,3,No,No,Credit Card,32.7,77,Yes,1952.93,No
PAL-01152,17,Basic,25.89,5.2,No,0,No,No,Debit Card,86.2,98,No,479.13,No
PAL-01153,58,Core,47.5,10.9,No,2,No,No,Bank Draft,40.3,100,Yes,5425.23,No
PAL-01154,47,Basic,28.5,25.3,Yes,4,Yes,No,Debit Card,44.9,27,Yes,654.18,Yes
PAL-01155,38,Basic,26.81,6.9,No,3,Yes,No,Credit Card,47.2,27,Yes,642.33,No
PAL-01156,4,Basic,25.34,7.4,No,1,No,No,Credit Card,61.8,56,No,45.28,Yes
PAL-01157,48,Core,43.15,2.7,No,3,Yes,No,Credit Card,24.7,32,No,831.53,No
PAL-01158,57,Core,43.07,3.7,No,1,Yes,No,Debit Card,50.9,70,No,943.83,No
PAL-01159,57,Basic,25.88,4.0,No,1,No,Yes,Bank Draft,53.9,46,No,963.7,No
PAL-01160,33,Core,44.25,7.1,No,3,No,Yes,Credit Card,58.1,42,No,1360.4,No
PAL-01161,37,Core,37.92,6.2,No,2,No,No,Debit Card,54.2,59,No,658.14,No
PAL-01162,7,Basic,34.47,12.9,No,3,No,No,Debit Card,37.3,36,Yes,276.57,Yes
PAL-01163,3,Basic,22.26,7.7,No,1,No,No,Credit Card,50.5,73,No,130.34,Yes
PAL-01164,12,Core,43.34,8.2,No,0,No,No,Credit Card,59.5,82,No,222.11,No
PAL-01165,20,Basic,21.42,10.5,No,3,No,No,Credit Card,52.8,31,Yes,593.84,No
PAL-01166,12,Core,48.44,7.4,No,1,No,Yes,Credit Card,50.8,60,No,730.06,No
PAL-01167,29,Basic,22.4,2.3,No,1,No,No,Credit Card,72.0,72,No,706.07,No
PAL-01168,11,Basic,31.62,22.1,No,5,Yes,No,Bank Draft,63.4,13,No,537.11,Yes
PAL-01169,49,Basic,27.39,2.5,No,1,Yes,No,Credit Card,42.7,6,Yes,1911.06,No
PAL-01170,31,Core,41.6,4.1,No,1,No,No,Bank Draft,47.8,94,No,1428.82,No
PAL-01171,6,Basic,23.55,3.7,No,0,No,No,Credit Card,57.6,65,Yes,44.39,Yes
PAL-01172,49,Core,52.18,1.0,No,3,No,No,Debit Card,36.5,68,No,3435.96,No
PAL-01173,2,Core,39.87,12.7,No,5,Yes,No,Credit Card,52.0,37,Yes,168.64,No
PAL-01174,9,Elite,83.78,2.5,Yes,1,No,No,Credit Card,57.8,94,No,1172.06,Yes
PAL-01175,40,Core,41.1,2.4,Yes,1,No,Yes,Credit Card,37.1,84,No,2798.36,No
PAL-01176,3,Basic,31.91,9.1,No,1,No,No,Bank Draft,63.6,24,No,175.86,Yes
PAL-01177,15,Core,42.13,10.2,No,0,No,No,Credit Card,63.6,97,No,559.27,No
PAL-01178,2,Basic,21.81,2.7,Yes,3,No,Yes,Credit Card,23.5,41,Yes,163.86,No
PAL-01179,2,Basic,23.45,4.0,Yes,1,No,No,Credit Card,58.7,77,No,87.18,Yes
PAL-01180,7,Core,47.18,8.7,No,3,No,No,Bank Draft,73.1,43,No,734.88,Yes
PAL-01181,8,Basic,21.68,6.0,No,5,No,No,Debit Card,52.0,40,No,249.95,Yes
PAL-01182,12,Basic,25.43,5.1,No,3,No,Yes,Credit Card,33.8,10,Yes,174.34,No
PAL-01183,53,Basic,26.62,2.2,Yes,2,Yes,No,Credit Card,60.5,53,No,2373.98,No
PAL-01184,24,Basic,25.65,8.2,No,0,No,No,Credit Card,44.5,19,No,553.96,No
PAL-01185,1,Core,43.49,12.7,No,4,No,No,Bank Draft,59.7,78,No,161.68,No
PAL-01186,45,Core,39.97,16.1,No,3,Yes,No,Credit Card,61.4,86,No,1213.22,No
PAL-01187,4,Basic,28.8,12.5,No,1,No,No,Credit Card,35.5,44,No,55.63,Yes
PAL-01188,1,Basic,24.01,3.3,No,1,Yes,Yes,Credit Card,55.2,21,No,0.0,Yes
PAL-01189,39,Basic,24.35,4.8,No,4,No,No,Debit Card,38.1,93,No,822.94,No
PAL-01190,17,Core,47.0,5.0,No,1,No,Yes,Credit Card,34.1,10,No,500.27,No
PAL-01191,56,Core,45.92,10.9,No,0,No,Yes,Credit Card,62.5,83,Yes,1259.44,No
PAL-01192,1,Basic,26.12,13.4,Yes,1,No,No,Debit Card,53.4,83,Yes,145.05,No
PAL-01193,16,Basic,30.72,3.0,No,2,No,No,Bank Draft,16.3,97,No,309.61,No
PAL-01194,60,Core,41.8,12.7,No,3,Yes,Yes,Bank Draft,61.1,92,Yes,5645.59,No
PAL-01195,45,Basic,26.6,4.2,No,1,No,No,Credit Card,35.5,65,No,1076.52,Yes
PAL-01196,42,Core,51.8,6.5,No,2,Yes,No,Credit Card,52.2,89,No,2584.95,No
PAL-01197,4,Core,47.8,15.1,Yes,1,No,No,Credit Card,46.2,43,No,315.88,Yes
PAL-01198,12,Elite,77.38,2.6,No,0,Yes,No,Credit Card,65.4,65,No,662.64,No
PAL-01199,36,Core,47.17,10.7,No,0,No,No,Debit Card,59.2,51,No,2185.08,No
PAL-01200,6,Basic,24.34,4.5,No,4,No,No,Debit Card,55.6,48,No,437.35,No
PAL-01201,44,Basic,27.61,7.9,No,4,Yes,No,Debit Card,59.9,20,No,1429.84,Yes
PAL-01202,17,Core,42.49,5.0,No,1,No,Yes,Debit Card,50.4,31,No,773.66,No
PAL-01203,29,Core,40.78,1.9,No,3,No,No,Debit Card,64.0,23,No,1387.1,No
PAL-01204,44,Basic,24.56,7.6,No,2,Yes,Yes,Debit Card,56.0,33,No,1475.16,No
PAL-01205,3,Core,50.66,3.7,No,0,No,No,Credit Card,65.3,86,No,87.03,Yes
PAL-01206,60,Elite,92.12,1.9,Yes,3,No,No,Debit Card,72.1,16,No,4919.38,No
PAL-01207,53,Core,41.33,1.3,No,4,Yes,Yes,Credit Card,67.3,88,No,1960.92,No
PAL-01208,16,Elite,64.98,8.5,No,3,Yes,Yes,Credit Card,52.9,92,No,1231.13,No
PAL-01209,16,Basic,25.97,0.8,No,0,No,No,Debit Card,74.3,60,Yes,802.88,No
PAL-01210,49,Core,46.99,7.3,No,4,No,No,Debit Card,42.2,69,No,2531.1,Yes
PAL-01211,41,Basic,24.67,3.2,No,5,No,No,Debit Card,51.1,45,No,1408.68,Yes
PAL-01212,50,Core,48.61,8.4,No,1,No,No,Credit Card,59.4,51,No,2995.3,No
PAL-01213,32,Basic,21.53,1.9,No,1,Yes,No,Bank Draft,48.1,25,No,247.6,Yes
PAL-01214,41,Elite,81.44,2.9,No,3,Yes,No,Credit Card,64.4,21,No,2938.77,No
PAL-01215,59,Basic,23.24,6.2,No,2,No,No,Credit Card,52.4,5,No,505.95,Yes
PAL-01216,31,Core,39.28,6.5,No,2,Yes,Yes,Credit Card,28.8,21,No,747.28,No
PAL-01217,25,Core,44.06,2.6,No,1,No,No,Credit Card,34.1,71,No,465.95,No
PAL-01218,56,Core,41.01,8.4,No,3,Yes,No,Credit Card,64.8,53,No,2057.04,No
PAL-01219,51,Elite,75.77,4.5,No,1,No,No,Bank Draft,38.5,57,Yes,2922.61,No
PAL-01220,40,Basic,29.78,6.7,No,1,Yes,No,Credit Card,52.7,49,No,1240.38,No
PAL-01221,24,Basic,26.09,9.8,No,3,No,No,Debit Card,45.5,100,No,816.81,No
PAL-01222,31,Core,46.38,6.0,No,2,Yes,No,Credit Card,58.8,89,Yes,1173.18,No
PAL-01223,42,Core,41.61,7.5,No,2,Yes,No,Debit Card,51.4,65,No,1287.79,No
PAL-01224,37,Core,41.36,6.1,No,1,Yes,No,Credit Card,39.7,97,Yes,1507.6,No
PAL-01225,27,Core,39.62,8.3,No,3,No,No,Credit Card,31.2,22,No,1330.69,No
PAL-01226,47,Core,44.6,0.5,Yes,2,Yes,No,Credit Card,63.7,59,No,1430.65,Yes
PAL-01227,36,Core,38.14,5.9,Yes,1,No,No,Credit Card,49.1,52,No,996.79,No
PAL-01228,8,Basic,25.64,11.5,No,4,No,No,Credit Card,31.9,80,No,285.71,No
PAL-01229,9,Basic,25.28,7.0,No,0,No,No,Bank Draft,55.1,7,No,286.83,No
PAL-01230,50,Basic,24.31,3.3,No,2,No,No,Credit Card,56.6,57,No,2008.18,No
PAL-01231,32,Elite,78.12,7.0,No,4,No,No,Credit Card,46.9,22,Yes,3290.08,No
PAL-01232,51,Elite,64.54,8.5,No,5,No,No,Debit Card,50.6,23,No,2779.41,No
PAL-01233,27,Basic,25.31,8.0,No,3,No,No,Credit Card,66.6,65,No,295.6,Yes
PAL-01234,21,Core,50.84,3.4,No,2,No,Yes,Bank Draft,52.8,25,Yes,1067.86,No
PAL-01235,16,Basic,24.05,5.4,No,2,No,Yes,Debit Card,31.1,66,Yes,903.2,No
PAL-01236,3,Core,44.05,12.2,No,1,No,No,Credit Card,52.7,69,Yes,195.1,No
PAL-01237,40,Core,48.16,8.3,No,5,No,No,Debit Card,65.7,85,No,1622.92,No
PAL-01238,47,Core,44.55,5.5,Yes,0,No,No,Credit Card,33.4,3,No,972.89,No
PAL-01239,45,Basic,25.93,18.2,No,1,No,No,Credit Card,62.0,71,No,576.98,Yes
PAL-01240,53,Basic,22.01,8.6,No,3,No,Yes,Credit Card,50.8,69,Yes,1022.61,No
PAL-01241,49,Basic,27.24,6.2,No,0,No,No,Credit Card,31.0,90,No,1253.23,No
PAL-01242,35,Basic,24.94,5.6,No,3,No,No,Bank Draft,64.6,68,No,714.48,No
PAL-01243,6,Basic,21.31,2.9,No,3,No,No,Debit Card,40.8,9,No,89.82,Yes
PAL-01244,45,Basic,24.28,4.8,No,4,No,No,Debit Card,51.8,11,Yes,695.44,Yes
PAL-01245,36,Basic,23.98,10.4,No,0,Yes,No,Credit Card,56.2,74,No,580.58,Yes
PAL-01246,46,Basic,28.16,8.0,No,4,Yes,Yes,Debit Card,53.3,81,No,2051.92,Yes
PAL-01247,35,Core,46.1,9.5,No,5,No,Yes,Credit Card,41.3,36,No,1768.38,No
PAL-01248,17,Basic,24.64,3.9,Yes,3,No,No,Credit Card,68.6,5,No,443.22,No
PAL-01249,13,Elite,90.19,8.6,No,3,No,No,Credit Card,39.7,72,No,736.03,No
PAL-01250,6,Elite,68.77,5.4,Yes,0,No,No,Bank Draft,46.7,18,No,302.5,No
PAL-01251,22,Basic,22.78,2.7,No,1,No,No,Credit Card,63.7,58,Yes,266.36,No
PAL-01252,53,Core,39.67,12.4,Yes,2,No,No,Bank Draft,50.0,16,No,2211.09,No
PAL-01253,11,Core,47.01,8.0,No,2,No,No,Bank Draft,46.7,23,Yes,701.57,No
PAL-01254,15,Basic,19.16,9.0,No,6,No,No,Credit Card,47.2,13,No,227.81,Yes
PAL-01255,10,Core,40.08,1.6,No,0,Yes,No,Bank Draft,25.5,49,No,264.01,No
PAL-01256,26,Core,50.3,3.2,Yes,5,No,No,Credit Card,65.1,58,Yes,1125.23,No
PAL-01257,9,Basic,23.39,2.9,Yes,3,No,No,Bank Draft,34.5,28,No,291.87,Yes
PAL-01258,53,Basic,28.67,3.6,No,2,Yes,No,Credit Card,51.2,79,No,1020.2,Yes
PAL-01259,54,Basic,26.52,12.1,No,4,No,Yes,Credit Card,19.3,38,No,1697.33,No
PAL-01260,19,Elite,83.63,3.1,Yes,4,No,No,Debit Card,52.8,54,Yes,1323.57,No
PAL-01261,5,Core,42.79,7.7,No,2,No,No,Debit Card,33.2,77,No,361.62,Yes
PAL-01262,25,Basic,22.53,7.3,No,1,Yes,No,Credit Card,27.4,37,No,470.65,No
PAL-01263,1,Core,47.6,3.6,Yes,4,No,No,Credit Card,37.5,72,No,167.17,No
PAL-01264,1,Core,39.91,12.8,No,2,No,No,Credit Card,27.9,91,Yes,38.48,Yes
PAL-01265,29,Core,47.82,5.7,No,2,No,Yes,Debit Card,49.0,59,Yes,658.42,No
PAL-01266,4,Basic,24.61,10.8,No,4,No,No,Credit Card,51.6,37,No,96.56,No
PAL-01267,29,Core,38.09,5.0,No,0,No,No,Bank Draft,49.3,28,No,1002.21,No
PAL-01268,40,Elite,75.54,3.9,Yes,5,No,No,Credit Card,41.4,58,No,2854.11,No
PAL-01269,21,Core,38.42,1.5,No,0,No,No,Credit Card,62.7,49,No,525.03,No
PAL-01270,57,Basic,25.38,6.7,No,3,No,No,Bank Draft,47.3,93,No,1036.55,No
PAL-01271,40,Basic,29.85,13.6,Yes,6,No,No,Credit Card,66.8,68,No,1679.42,No
PAL-01272,7,Basic,25.16,8.4,No,5,No,No,Debit Card,20.2,83,No,115.96,No
PAL-01273,60,Elite,77.77,8.3,Yes,0,No,No,Debit Card,53.9,18,No,6699.99,No
PAL-01274,55,Core,48.99,11.1,Yes,4,No,No,Credit Card,53.6,32,Yes,1511.17,No
PAL-01275,14,Elite,84.68,8.2,Yes,2,Yes,No,Bank Draft,39.5,6,No,1658.08,No
PAL-01276,6,Basic,23.55,3.0,Yes,4,No,No,Debit Card,66.1,47,No,277.95,No
PAL-01277,26,Elite,89.88,5.0,Yes,2,Yes,No,Debit Card,49.9,65,No,662.55,No
PAL-01278,53,Core,48.59,8.3,Yes,5,No,Yes,Credit Card,52.2,47,No,6380.19,No
PAL-01279,38,Elite,69.37,12.4,Yes,1,Yes,Yes,Credit Card,55.7,95,No,5536.51,No
PAL-01280,54,Basic,26.18,6.2,Yes,3,No,No,Credit Card,76.2,67,No,802.2,No
PAL-01281,51,Elite,76.69,9.7,No,0,Yes,No,Credit Card,44.7,61,No,5056.59,No
PAL-01282,1,Core,43.01,3.7,No,3,No,No,Debit Card,52.7,6,No,0.0,No
PAL-01283,42,Core,43.36,17.2,No,1,No,Yes,Credit Card,66.9,51,No,925.85,No
PAL-01284,21,Basic,27.04,8.6,No,0,No,Yes,Credit Card,48.4,86,No,291.36,Yes
PAL-01285,60,Basic,27.42,7.6,No,3,No,No,Debit Card,65.3,91,No,1624.21,No
PAL-01286,13,Elite,82.22,8.2,Yes,1,Yes,No,Debit Card,50.2,65,No,971.29,No
PAL-01287,39,Core,44.29,22.9,No,1,No,No,Debit Card,55.3,51,Yes,2286.24,No
PAL-01288,59,Elite,79.63,3.0,No,3,No,No,Bank Draft,48.1,65,No,5758.0,No
PAL-01289,46,Basic,27.36,2.7,No,3,Yes,Yes,Credit Card,46.0,90,No,1511.1,No
PAL-01290,18,Core,45.97,5.1,No,2,No,No,Debit Card,50.5,4,No,1382.08,No
PAL-01291,58,Core,48.79,2.3,No,9,No,No,Debit Card,39.0,58,No,2976.31,No
PAL-01292,33,Basic,31.55,1.1,No,2,No,Yes,Credit Card,39.4,19,No,965.2,No
PAL-01293,49,Basic,21.5,9.7,No,2,Yes,No,Credit Card,48.4,11,No,1080.84,Yes
PAL-01294,25,Basic,24.73,8.3,No,1,Yes,Yes,Credit Card,50.9,43,No,1455.04,No
PAL-01295,39,Basic,25.09,11.8,No,1,No,No,Credit Card,59.3,80,No,957.05,No
PAL-01296,32,Core,43.48,1.5,No,2,No,No,Credit Card,45.1,7,No,786.01,No
PAL-01297,37,Basic,21.27,11.8,No,4,No,No,Debit Card,71.2,20,Yes,767.37,Yes
PAL-01298,41,Core,38.59,5.7,No,1,No,No,Credit Card,33.7,75,No,1186.6,No
PAL-01299,51,Core,44.5,8.6,No,1,No,No,Bank Draft,38.5,21,No,3252.43,No
PAL-01300,21,Core,41.89,11.9,No,3,No,No,Credit Card,55.8,39,No,617.97,No
PAL-01301,38,Core,50.04,10.6,No,3,No,Yes,Credit Card,68.5,32,Yes,1948.5,No
PAL-01302,54,Basic,21.77,10.8,No,1,No,No,Bank Draft,40.4,77,No,1524.92,Yes
PAL-01303,49,Elite,86.79,8.4,Yes,1,No,No,Credit Card,71.6,35,No,7566.2,No
PAL-01304,14,Basic,24.35,11.2,Yes,1,No,No,Debit Card,61.2,24,No,437.74,No
PAL-01305,18,Core,43.33,3.1,No,2,No,No,Credit Card,57.5,9,No,1112.34,No
PAL-01306,52,Elite,92.04,2.0,No,0,No,Yes,Credit Card,57.2,98,No,6686.92,No
PAL-01307,58,Core,49.62,1.8,No,2,No,No,Credit Card,56.8,97,No,1692.14,No
PAL-01308,34,Core,44.68,12.2,No,2,No,No,Bank Draft,43.9,48,Yes,1544.23,No
PAL-01309,24,Elite,74.65,1.5,Yes,2,No,No,Debit Card,43.8,88,No,1886.79,No
PAL-01310,56,Elite,73.29,8.5,No,2,Yes,Yes,Debit Card,43.7,2,No,13439.55,No
PAL-01311,6,Basic,24.03,1.9,No,2,Yes,No,Credit Card,44.1,55,No,243.93,No
PAL-01312,51,Elite,84.41,11.3,Yes,0,No,No,Credit Card,59.9,48,No,5742.04,No
PAL-01313,58,Elite,70.48,2.0,No,2,No,No,Credit Card,67.8,63,No,2113.25,No
PAL-01314,46,Basic,23.57,1.4,No,1,No,Yes,Credit Card,36.4,64,No,895.5,Yes
PAL-01315,22,Basic,19.74,2.0,Yes,4,Yes,No,Credit Card,38.1,90,No,162.58,No
PAL-01316,20,Core,42.24,1.7,Yes,4,No,No,Debit Card,69.6,11,No,452.18,No
PAL-01317,21,Elite,83.79,3.8,No,1,No,No,Debit Card,49.7,60,No,1625.32,No
PAL-01318,13,Core,49.54,8.5,No,3,No,No,Debit Card,59.8,4,No,407.52,Yes
PAL-01319,16,Core,41.72,16.2,No,5,No,No,Bank Draft,44.9,91,No,538.72,No
PAL-01320,55,Basic,21.75,3.1,No,4,Yes,No,Bank Draft,77.2,50,No,1673.33,Yes
PAL-01321,35,Core,44.83,4.0,No,1,No,No,Credit Card,52.1,84,No,856.2,No
PAL-01322,9,Core,43.44,14.4,No,3,No,No,Bank Draft,61.8,55,No,474.31,No
PAL-01323,13,Basic,23.4,6.0,No,1,No,No,Credit Card,63.5,93,No,452.63,No
PAL-01324,1,Elite,79.57,14.8,Yes,0,Yes,No,Debit Card,28.0,41,Yes,92.04,No
PAL-01325,49,Basic,24.37,2.8,No,3,No,No,Debit Card,27.1,67,Yes,1648.52,No
PAL-01326,51,Core,41.59,5.2,No,3,Yes,No,Credit Card,42.8,50,No,2497.5,No
PAL-01327,40,Elite,78.67,2.3,No,2,Yes,Yes,Debit Card,51.4,38,No,3290.61,No
PAL-01328,49,Core,46.07,5.1,No,1,No,No,Credit Card,50.8,90,No,1536.1,No
PAL-01329,19,Basic,25.96,5.5,No,1,Yes,No,Credit Card,64.9,29,No,484.49,Yes
PAL-01330,55,Elite,85.65,6.6,No,1,No,No,Debit Card,37.3,11,No,1419.87,No
PAL-01331,55,Basic,24.3,10.0,No,3,No,No,Credit Card,36.3,96,No,2594.31,No
PAL-01332,45,Elite,76.09,13.8,No,3,No,No,Credit Card,37.8,93,Yes,9919.79,No
PAL-01333,9,Core,42.44,2.4,No,3,No,No,Debit Card,66.5,30,No,281.4,No
PAL-01334,51,Basic,23.08,7.6,No,0,No,No,Credit Card,61.5,19,No,1241.74,No
PAL-01335,22,Basic,26.15,10.6,No,0,No,No,Credit Card,32.8,97,Yes,850.9,Yes
PAL-01336,7,Basic,25.85,5.2,No,0,No,No,Credit Card,61.2,60,No,190.09,Yes
PAL-01337,55,Basic,22.29,2.2,No,4,No,Yes,Credit Card,43.1,60,No,1149.7,Yes
PAL-01338,37,Elite,106.26,10.8,Yes,1,No,No,Credit Card,31.4,49,No,4623.13,No
PAL-01339,31,Basic,30.96,4.2,No,3,No,No,Debit Card,50.3,4,No,2347.07,Yes
PAL-01340,55,Core,41.5,14.2,No,3,No,No,Debit Card,49.4,75,No,2262.7,No
PAL-01341,9,Basic,18.23,1.7,No,1,No,No,Debit Card,61.7,16,No,305.16,No
PAL-01342,55,Basic,27.06,8.3,No,2,No,No,Credit Card,49.4,34,No,1275.04,Yes
PAL-01343,21,Basic,27.8,15.4,No,3,No,No,Debit Card,66.8,33,No,560.18,No
PAL-01344,54,Elite,77.62,3.0,No,3,Yes,No,Debit Card,68.4,97,No,6320.46,No
PAL-01345,1,Basic,28.19,9.0,No,3,No,No,Credit Card,43.1,18,No,129.79,Yes
PAL-01346,43,Core,44.11,2.3,No,3,No,Yes,Debit Card,48.3,11,No,1277.37,No
PAL-01347,20,Basic,26.05,4.0,No,1,No,No,Credit Card,64.6,27,No,250.27,No
PAL-01348,22,Basic,20.97,5.2,No,3,No,No,Credit Card,51.5,61,No,295.58,No
PAL-01349,58,Core,42.39,7.4,No,2,No,No,Credit Card,65.1,72,No,4788.31,No
PAL-01350,11,Basic,30.93,9.3,No,1,No,No,Credit Card,65.6,54,No,330.08,Yes
PAL-01351,9,Elite,74.04,3.3,No,2,No,Yes,Debit Card,28.2,60,Yes,381.79,No
PAL-01352,4,Elite,98.16,19.0,No,4,No,Yes,Credit Card,58.7,1,No,342.77,No
PAL-01353,42,Core,43.18,1.9,Yes,3,No,No,Credit Card,56.9,1,No,2278.31,No
PAL-01354,5,Basic,20.98,10.3,No,1,Yes,No,Debit Card,57.3,16,No,38.2,Yes
PAL-01355,60,Core,44.24,3.5,Yes,2,Yes,No,Credit Card,56.1,55,No,1474.27,No
PAL-01356,9,Elite,79.78,15.0,No,0,No,No,Credit Card,55.9,95,Yes,883.99,No
PAL-01357,36,Core,47.18,3.4,Yes,0,Yes,No,Debit Card,76.6,18,No,3211.52,Yes
PAL-01358,34,Basic,21.85,1.4,No,1,Yes,No,Credit Card,57.0,48,No,950.49,Yes
PAL-01359,23,Basic,23.45,11.1,No,1,Yes,No,Debit Card,45.1,85,Yes,197.4,No
PAL-01360,1,Basic,21.26,5.8,No,1,No,No,Debit Card,45.9,30,No,126.23,Yes
PAL-01361,44,Core,42.95,15.0,Yes,1,No,No,Credit Card,48.0,95,No,3341.01,No
PAL-01362,10,Basic,21.29,7.2,No,2,Yes,No,Credit Card,69.3,44,No,78.58,Yes
PAL-01363,15,Basic,22.39,5.1,No,2,No,No,Debit Card,36.8,38,No,545.86,No
PAL-01364,21,Core,39.61,14.9,No,3,Yes,No,Bank Draft,72.8,9,Yes,1431.0,No
PAL-01365,35,Core,46.83,7.4,No,3,No,No,Credit Card,54.4,91,No,2306.32,No
PAL-01366,39,Elite,71.47,5.4,No,1,Yes,Yes,Debit Card,21.7,94,No,1126.6,No
PAL-01367,56,Core,42.37,5.3,No,1,No,No,Bank Draft,70.1,17,No,1767.11,Yes
PAL-01368,52,Core,46.17,10.3,Yes,5,No,Yes,Debit Card,63.0,36,No,2074.44,No
PAL-01369,35,Basic,19.21,3.8,No,3,No,No,Credit Card,46.8,78,No,538.51,No
PAL-01370,24,Core,49.2,16.5,No,5,No,No,Debit Card,54.6,73,No,1068.54,No
PAL-01371,56,Core,44.57,4.5,No,1,Yes,No,Credit Card,64.7,96,No,1277.69,No
PAL-01372,21,Elite,78.67,2.7,No,4,No,No,Credit Card,68.3,6,No,1118.65,No
PAL-01373,30,Core,41.26,2.2,No,3,No,No,Debit Card,49.9,9,No,925.92,No
PAL-01374,31,Core,43.87,9.9,Yes,3,No,Yes,Debit Card,70.8,80,Yes,1551.66,No
PAL-01375,18,Elite,94.59,13.3,No,0,No,No,Bank Draft,49.4,76,No,1250.71,No
PAL-01376,36,Basic,25.39,9.1,No,2,No,Yes,Debit Card,68.7,38,No,871.69,Yes
PAL-01377,42,Core,41.67,10.0,Yes,2,No,Yes,Credit Card,29.7,2,No,656.27,No
PAL-01378,21,Elite,82.02,9.3,Yes,5,No,No,Debit Card,73.3,55,No,2417.78,No
PAL-01379,1,Elite,72.63,6.8,Yes,1,No,No,Bank Draft,27.5,31,No,57.32,No
PAL-01380,39,Core,41.49,6.6,Yes,4,Yes,Yes,Debit Card,40.9,85,No,2098.53,No
PAL-01381,10,Core,43.22,3.1,No,2,No,Yes,Credit Card,66.3,66,No,308.64,No
PAL-01382,24,Basic,23.72,12.4,No,1,No,No,Debit Card,53.4,55,No,515.71,No
PAL-01383,55,Core,39.84,16.9,No,4,No,No,Debit Card,61.9,80,No,2261.15,No
PAL-01384,11,Core,40.43,4.3,Yes,0,No,No,Bank Draft,35.3,75,No,442.02,No
PAL-01385,4,Basic,24.29,2.2,No,3,No,Yes,Credit Card,40.2,0,No,61.22,Yes
PAL-01386,51,Elite,87.62,6.7,Yes,1,Yes,No,Credit Card,47.9,3,No,6433.62,No
PAL-01387,52,Elite,85.05,8.9,No,2,Yes,No,Credit Card,30.2,83,Yes,4261.9,No
PAL-01388,12,Elite,84.83,11.9,No,2,Yes,No,Debit Card,67.9,54,No,1505.89,No
PAL-01389,11,Basic,25.88,18.2,No,1,No,No,Credit Card,51.0,67,No,301.05,Yes
PAL-01390,48,Basic,24.65,8.6,No,1,No,No,Bank Draft,36.1,47,No,536.22,No
PAL-01391,36,Core,47.44,6.9,No,0,No,No,Bank Draft,51.2,56,No,2809.71,No
PAL-01392,35,Basic,23.07,7.8,No,4,No,Yes,Bank Draft,51.9,35,No,702.93,No
PAL-01393,50,Core,45.29,1.1,No,2,No,No,Debit Card,58.8,72,No,3243.6,No
PAL-01394,46,Core,45.95,1.1,No,1,No,No,Debit Card,50.3,11,No,2349.98,No
PAL-01395,20,Core,47.58,3.0,No,1,No,No,Credit Card,41.2,3,No,621.56,Yes
PAL-01396,0,Core,37.39,7.6,Yes,0,No,Yes,Bank Draft,49.0,2,No,4.19,No
PAL-01397,17,Basic,26.4,9.5,No,4,No,Yes,Credit Card,81.4,44,No,1475.38,No
PAL-01398,13,Basic,24.21,6.0,No,3,No,Yes,Credit Card,56.8,46,No,352.59,Yes
PAL-01399,40,Elite,66.88,11.0,No,2,No,No,Bank Draft,38.4,48,No,2192.35,No
PAL-01400,26,Core,43.45,7.9,No,1,No,No,Credit Card,66.0,34,No,715.94,No
PAL-01401,3,Basic,22.59,8.4,No,1,No,No,Debit Card,84.7,13,No,103.65,Yes
PAL-01402,52,Basic,24.59,7.7,No,1,No,No,Credit Card,59.4,2,No,1091.84,No
PAL-01403,6,Basic,28.83,12.0,No,5,No,Yes,Credit Card,51.2,12,No,208.82,Yes
PAL-01404,6,Basic,23.31,6.9,No,2,No,No,Credit Card,31.3,80,No,108.78,No
PAL-01405,56,Core,50.72,6.5,No,1,No,No,Credit Card,50.7,1,No,2577.16,Yes
PAL-01406,34,Core,51.5,6.5,Yes,1,No,No,Credit Card,34.7,94,No,2591.11,No
PAL-01407,50,Basic,26.98,6.1,No,1,No,No,Credit Card,56.1,45,No,1433.1,Yes
PAL-01408,51,Core,41.96,9.6,Yes,3,Yes,Yes,Debit Card,22.8,7,No,1154.2,No
PAL-01409,8,Basic,22.05,6.3,No,2,No,No,Credit Card,60.1,83,No,325.07,Yes
PAL-01410,0,Core,41.14,7.2,No,3,No,No,Debit Card,27.2,81,Yes,72.84,No
PAL-01411,24,Basic,25.09,6.0,No,2,No,No,Credit Card,53.2,95,Yes,250.59,Yes
PAL-01412,2,Basic,25.84,5.9,No,3,No,No,Credit Card,73.8,15,No,24.5,Yes
PAL-01413,18,Basic,22.41,2.6,No,4,No,No,Debit Card,38.9,23,Yes,392.92,Yes
PAL-01414,24,Core,36.46,1.5,Yes,3,Yes,Yes,Debit Card,42.7,24,No,451.76,Yes
PAL-01415,27,Core,43.0,4.0,Yes,2,No,No,Credit Card,57.1,38,No,1040.51,No
PAL-01416,5,Core,46.95,9.8,No,1,No,No,Credit Card,44.4,11,No,350.96,No
PAL-01417,13,Elite,71.55,13.2,No,6,No,No,Credit Card,68.7,44,No,990.62,No
PAL-01418,5,Basic,23.95,3.2,No,2,No,No,Debit Card,48.1,58,No,96.72,No
PAL-01419,39,Basic,22.17,3.6,No,1,No,No,Credit Card,65.6,41,No,1101.32,No
PAL-01420,13,Basic,22.45,10.1,No,0,No,No,Debit Card,58.7,39,No,435.46,No
PAL-01421,35,Basic,24.96,2.7,No,3,No,No,Credit Card,52.7,97,No,963.38,No
PAL-01422,29,Core,48.23,6.1,No,3,No,No,Credit Card,54.0,87,No,3011.74,No
PAL-01423,44,Core,39.4,2.4,No,4,No,No,Credit Card,57.0,73,Yes,3119.75,No
PAL-01424,20,Basic,29.83,13.3,No,1,Yes,No,Credit Card,46.7,60,No,778.52,Yes
PAL-01425,0,Basic,26.25,9.7,No,3,No,No,Credit Card,68.4,84,No,63.73,Yes
PAL-01426,59,Basic,25.11,5.1,No,5,No,No,Credit Card,34.0,22,Yes,1780.27,No
PAL-01427,56,Basic,29.27,5.1,Yes,0,Yes,No,Credit Card,74.5,48,No,1714.72,Yes
PAL-01428,27,Core,43.86,9.5,No,2,Yes,No,Debit Card,34.0,78,No,1030.5,No
PAL-01429,3,Core,42.5,9.8,No,4,Yes,No,Credit Card,66.4,52,No,180.81,No
PAL-01430,35,Basic,21.09,3.1,No,0,No,No,Bank Draft,79.2,86,No,113.0,No
PAL-01431,35,Elite,67.61,4.5,No,1,No,No,Credit Card,76.2,5,No,2580.66,No
PAL-01432,22,Core,40.31,1.1,No,4,Yes,No,Credit Card,23.3,25,No,770.5,Yes
PAL-01433,15,Basic,29.06,12.2,No,1,No,No,Credit Card,52.6,16,No,196.38,Yes
PAL-01434,6,Basic,23.91,12.2,No,2,Yes,No,Debit Card,52.4,36,No,0.0,No
PAL-01435,29,Basic,25.88,6.5,No,1,No,No,Credit Card,74.7,39,No,298.43,Yes
PAL-01436,25,Core,42.16,8.1,No,3,No,No,Credit Card,32.9,73,No,1784.03,No
PAL-01437,33,Basic,27.08,4.5,No,2,No,No,Debit Card,51.5,16,No,2332.54,Yes
PAL-01438,27,Basic,26.5,3.5,No,5,No,No,Debit Card,38.8,70,No,760.45,Yes
PAL-01439,59,Elite,77.25,3.1,Yes,5,No,No,Credit Card,55.0,83,No,4606.46,No
PAL-01440,58,Elite,91.68,1.6,No,2,No,No,Bank Draft,44.4,86,No,2790.36,No
PAL-01441,60,Core,47.98,4.1,No,1,No,No,Credit Card,54.4,16,No,4174.27,No
PAL-01442,54,Elite,65.09,3.5,No,1,No,No,Debit Card,46.8,66,No,2163.72,No
PAL-01443,55,Basic,23.97,8.0,No,1,No,Yes,Debit Card,31.7,72,No,934.35,No
PAL-01444,0,Core,46.53,16.8,No,1,No,No,Bank Draft,65.8,23,Yes,0.0,No
PAL-01445,54,Elite,70.43,5.1,Yes,0,No,No,Credit Card,23.9,34,No,3929.21,No
PAL-01446,16,Elite,66.24,1.9,No,2,No,No,Credit Card,54.1,39,Yes,604.75,No
PAL-01447,14,Core,46.04,3.0,No,2,No,No,Credit Card,47.6,89,No,219.76,No
PAL-01448,35,Elite,86.24,3.2,Yes,0,No,Yes,Credit Card,61.3,40,No,1724.17,No
PAL-01449,33,Basic,27.55,9.5,No,2,Yes,No,Credit Card,82.4,94,No,1927.77,Yes
PAL-01450,43,Basic,23.84,10.6,No,2,No,No,Credit Card,26.2,40,Yes,1552.58,No
PAL-01451,52,Core,49.95,7.9,No,1,No,No,Credit Card,43.2,66,No,3651.88,No
PAL-01452,27,Basic,23.82,2.5,No,3,No,No,Credit Card,48.9,23,No,218.16,Yes
PAL-01453,50,Basic,24.91,10.9,No,0,Yes,No,Credit Card,41.4,98,No,1346.92,No
PAL-01454,43,Core,44.15,1.9,No,1,No,No,Credit Card,61.8,51,No,2442.4,Yes
PAL-01455,42,Core,44.02,7.1,No,2,No,No,Credit Card,51.6,82,Yes,2702.54,No
PAL-01456,43,Core,46.32,9.3,No,4,No,No,Debit Card,41.7,49,No,1886.83,No
PAL-01457,29,Basic,26.58,6.1,Yes,4,No,No,Credit Card,37.7,61,No,905.72,No
PAL-01458,43,Basic,22.08,6.0,No,1,No,Yes,Credit Card,23.1,59,No,998.06,No
PAL-01459,37,Elite,94.94,3.8,No,1,No,No,Debit Card,60.7,80,No,5682.72,No
PAL-01460,15,Basic,22.41,2.7,Yes,7,Yes,No,Credit Card,43.1,97,Yes,306.86,Yes
PAL-01461,41,Core,40.6,13.5,No,0,Yes,No,Debit Card,78.2,7,Yes,1837.97,No
PAL-01462,0,Basic,19.88,6.0,Yes,1,No,No,Debit Card,69.4,4,No,41.26,No
PAL-01463,52,Basic,24.23,5.4,No,1,No,No,Bank Draft,47.9,16,Yes,1276.63,Yes
PAL-01464,11,Core,47.92,13.1,No,5,No,No,Debit Card,50.1,82,No,486.18,No
PAL-01465,50,Core,47.05,1.6,No,1,Yes,No,Credit Card,39.7,24,No,5532.24,No
PAL-01466,21,Basic,28.24,1.2,No,1,Yes,No,Credit Card,49.6,39,No,617.22,Yes
PAL-01467,44,Basic,34.72,16.3,No,0,No,No,Credit Card,45.5,54,No,2547.95,No
PAL-01468,27,Core,46.1,5.8,No,0,No,Yes,Credit Card,50.8,9,No,2277.81,No
PAL-01469,42,Core,41.78,6.3,No,1,No,Yes,Credit Card,63.3,92,No,1526.68,No
PAL-01470,5,Core,47.33,3.9,No,4,No,No,Credit Card,79.2,83,No,320.42,No
PAL-01471,44,Core,51.47,5.2,No,2,Yes,No,Credit Card,42.4,83,No,2193.74,No
PAL-01472,42,Basic,25.81,2.1,No,1,Yes,No,Credit Card,29.5,54,No,629.77,Yes
PAL-01473,55,Basic,30.01,7.0,No,2,Yes,No,Debit Card,47.5,62,No,1098.74,Yes
PAL-01474,8,Basic,25.18,12.3,No,3,No,No,Debit Card,52.8,28,Yes,185.33,No
PAL-01475,27,Basic,25.4,5.3,No,0,Yes,No,Debit Card,59.2,31,No,812.19,Yes
PAL-01476,17,Basic,24.7,7.1,No,4,No,No,Debit Card,67.1,28,No,504.58,No
PAL-01477,60,Elite,82.02,6.1,Yes,1,No,Yes,Debit Card,31.6,51,No,4683.69,No
PAL-01478,19,Basic,24.95,10.9,No,6,No,Yes,Credit Card,55.9,32,Yes,303.47,No
PAL-01479,39,Core,46.73,4.1,Yes,0,Yes,No,Credit Card,78.3,79,No,4634.6,Yes
PAL-01480,35,Basic,24.96,10.9,No,2,Yes,No,Credit Card,56.8,96,No,659.73,Yes
PAL-01481,32,Core,42.37,4.2,No,5,No,No,Credit Card,36.2,74,No,1626.94,No
PAL-01482,44,Core,51.7,7.1,No,5,No,Yes,Credit Card,30.1,17,No,1602.38,No
PAL-01483,5,Core,46.38,7.0,No,1,No,No,Debit Card,49.2,66,No,171.21,No
PAL-01484,18,Basic,24.1,12.0,No,2,No,No,Credit Card,73.7,0,No,385.73,Yes
PAL-01485,40,Basic,30.4,14.4,No,2,No,No,Credit Card,50.3,11,Yes,1182.87,No
PAL-01486,51,Basic,26.73,4.0,No,4,No,No,Debit Card,41.1,93,No,1671.3,No
PAL-01487,34,Basic,22.94,5.4,No,1,No,No,Debit Card,35.3,87,No,1059.42,Yes
PAL-01488,21,Basic,27.0,13.7,No,2,Yes,No,Credit Card,80.3,92,No,322.51,Yes
PAL-01489,37,Elite,83.77,5.1,No,7,No,No,Credit Card,22.6,75,No,1621.52,No
PAL-01490,49,Basic,28.08,2.3,No,2,No,No,Credit Card,46.2,57,No,1154.93,Yes
PAL-01491,16,Core,51.55,16.0,No,2,No,No,Credit Card,35.9,82,No,779.81,No
PAL-01492,9,Elite,79.67,10.1,Yes,3,No,No,Debit Card,49.6,75,No,552.37,No
PAL-01493,51,Elite,78.51,6.0,No,2,Yes,Yes,Credit Card,50.4,3,Yes,4425.42,Yes
PAL-01494,21,Core,40.78,3.8,No,1,No,No,Credit Card,63.9,43,No,696.46,No
PAL-01495,58,Basic,21.39,3.3,Yes,1,No,No,Credit Card,31.0,77,No,872.6,Yes
PAL-01496,35,Core,41.94,3.4,No,3,No,No,Debit Card,51.6,4,No,2117.7,No
PAL-01497,47,Elite,85.55,9.4,No,3,No,No,Credit Card,28.1,42,No,4828.73,No
PAL-01498,30,Core,47.84,12.3,No,2,Yes,No,Credit Card,27.6,23,No,1678.73,No
PAL-01499,10,Basic,28.19,2.5,No,1,No,No,Credit Card,47.3,20,No,161.79,No
PAL-01500,22,Basic,27.79,4.4,No,3,No,Yes,Credit Card,58.2,88,Yes,346.75,No
PAL-01501,0,Core,35.0,2.0,No,2,No,No,Credit Card,62.0,15,No,0.0,Yes
PAL-01502,12,Basic,26.21,5.1,No,3,No,No,Credit Card,59.1,63,No,295.48,Yes
PAL-01503,42,Basic,29.83,4.9,No,1,No,No,Bank Draft,51.3,51,No,803.93,Yes
PAL-01504,30,Core,52.25,6.9,No,7,Yes,No,Credit Card,56.3,49,No,2260.05,No
PAL-01505,58,Basic,28.11,1.1,No,3,No,Yes,Credit Card,45.9,65,No,4174.34,No
PAL-01506,5,Basic,23.87,5.5,No,4,No,No,Credit Card,38.9,99,Yes,54.67,No
PAL-01507,6,Core,49.8,7.9,No,1,No,No,Credit Card,39.6,16,No,231.78,No
PAL-01508,24,Basic,25.53,6.9,No,0,No,No,Credit Card,48.6,48,No,602.23,No
PAL-01509,52,Elite,72.66,9.1,Yes,3,No,No,Credit Card,40.9,46,No,5267.71,No
PAL-01510,4,Elite,85.09,7.4,Yes,1,No,No,Credit Card,75.2,26,No,381.73,No
PAL-01511,32,Elite,77.45,1.4,Yes,4,No,No,Bank Draft,42.9,20,No,1914.96,No
PAL-01512,26,Basic,29.36,12.9,Yes,1,No,No,Credit Card,24.7,16,Yes,1056.7,No
PAL-01513,47,Basic,23.72,11.7,No,1,No,No,Bank Draft,61.7,94,No,1309.67,No
PAL-01514,58,Basic,23.95,3.7,No,3,Yes,No,Debit Card,62.2,32,No,2623.48,Yes
PAL-01515,32,Elite,79.64,5.4,No,2,No,No,Credit Card,53.2,67,No,4585.53,No
PAL-01516,29,Elite,75.48,3.0,No,1,No,No,Credit Card,52.2,61,No,2054.9,No
PAL-01517,16,Basic,26.0,8.0,No,4,No,No,Bank Draft,48.4,37,Yes,655.82,Yes
PAL-01518,35,Basic,24.49,8.3,No,0,No,No,Credit Card,47.8,80,Yes,1266.09,Yes
PAL-01519,8,Basic,32.58,11.3,No,0,No,No,Credit Card,49.2,67,No,508.55,Yes
PAL-01520,30,Basic,29.26,5.6,No,2,No,No,Bank Draft,52.3,94,No,1005.43,No
PAL-01521,3,Basic,31.73,7.2,No,2,No,Yes,Credit Card,48.5,62,No,34.61,No
PAL-01522,13,Basic,28.84,3.1,No,1,No,No,Debit Card,25.7,53,Yes,161.39,Yes
PAL-01523,10,Core,41.94,9.5,No,4,No,No,Credit Card,36.6,66,No,320.38,No
PAL-01524,6,Core,49.61,12.7,No,2,Yes,Yes,Credit Card,54.2,26,No,204.46,No
PAL-01525,4,Basic,25.8,10.5,Yes,1,No,No,Debit Card,36.2,19,No,285.95,No
PAL-01526,20,Basic,19.19,14.5,No,5,No,Yes,Debit Card,39.2,88,No,488.02,No
PAL-01527,17,Core,44.95,5.5,No,2,No,Yes,Bank Draft,61.5,86,No,756.79,No
PAL-01528,31,Core,43.79,2.3,No,0,No,No,Bank Draft,27.9,88,No,1412.85,No
PAL-01529,25,Basic,26.21,0.7,No,3,No,No,Credit Card,36.6,68,No,468.74,No
PAL-01530,42,Basic,21.78,4.8,No,4,No,Yes,Credit Card,59.8,67,No,2086.49,Yes
PAL-01531,40,Elite,63.05,5.5,Yes,2,No,No,Credit Card,40.6,52,Yes,2849.5,No
PAL-01532,39,Basic,20.44,9.4,No,0,No,No,Debit Card,50.0,96,No,908.53,No
PAL-01533,57,Elite,85.9,5.1,No,2,No,No,Credit Card,15.0,6,No,4680.16,No
PAL-01534,32,Core,40.85,2.9,No,4,No,No,Credit Card,64.9,37,No,607.47,No
PAL-01535,31,Core,48.85,8.6,No,5,No,No,Credit Card,64.7,53,No,2605.0,No
PAL-01536,21,Basic,28.67,7.4,No,0,No,No,Debit Card,51.1,63,No,702.15,No
PAL-01537,30,Core,47.5,10.7,Yes,2,No,No,Credit Card,35.6,62,No,3690.01,No
PAL-01538,15,Core,45.88,12.5,No,2,Yes,Yes,Credit Card,73.0,44,No,972.55,Yes
PAL-01539,60,Basic,21.82,12.0,Yes,2,No,Yes,Credit Card,83.2,55,Yes,1955.88,Yes
PAL-01540,45,Elite,79.0,7.6,Yes,2,No,No,Credit Card,74.9,75,No,2915.54,No
PAL-01541,25,Core,40.18,6.0,No,3,No,No,Credit Card,63.5,93,No,1095.35,No
PAL-01542,54,Core,46.83,1.5,No,5,No,No,Credit Card,53.6,16,No,3256.47,No
PAL-01543,51,Basic,22.97,9.1,No,2,No,No,Credit Card,46.3,72,No,416.82,Yes
PAL-01544,38,Basic,23.67,10.4,No,1,No,No,Debit Card,70.2,88,No,2007.89,No
PAL-01545,17,Basic,25.54,3.0,No,0,No,No,Bank Draft,49.7,75,No,623.98,Yes
PAL-01546,6,Basic,24.91,1.5,No,0,No,No,Debit Card,15.0,89,No,434.87,Yes
PAL-01547,6,Elite,79.41,4.8,Yes,5,No,No,Credit Card,51.7,59,No,872.83,Yes
PAL-01548,48,Basic,27.34,12.7,No,2,No,No,Credit Card,49.0,64,Yes,841.95,No
PAL-01549,8,Basic,26.83,5.6,No,1,No,No,Credit Card,42.4,56,No,135.14,Yes
PAL-01550,36,Core,48.72,2.0,Yes,4,No,No,Debit Card,63.3,19,No,1662.81,No
PAL-01551,29,Elite,95.12,7.7,Yes,1,No,No,Credit Card,42.3,20,No,2345.15,No
PAL-01552,39,Basic,20.38,3.4,No,1,No,Yes,Credit Card,54.6,69,Yes,994.49,Yes
PAL-01553,3,Elite,81.06,13.4,No,0,No,No,Credit Card,17.4,71,No,407.59,No
PAL-01554,42,Elite,73.96,3.0,No,3,No,No,Credit Card,37.2,59,Yes,1444.96,No
PAL-01555,6,Basic,29.7,6.1,No,5,No,No,Credit Card,47.4,93,No,188.52,No
PAL-01556,28,Core,51.8,2.9,No,1,No,No,Debit Card,23.2,1,Yes,2245.58,No
PAL-01557,26,Core,44.23,8.1,No,2,No,No,Credit Card,38.3,50,No,624.41,No
PAL-01558,31,Basic,21.65,6.3,No,2,No,No,Credit Card,62.0,28,Yes,904.35,Yes
PAL-01559,3,Elite,67.55,12.1,No,3,No,Yes,Bank Draft,45.7,54,No,325.82,No
PAL-01560,19,Core,42.73,10.6,No,2,No,No,Credit Card,71.5,6,No,528.76,Yes
PAL-01561,24,Core,40.62,5.4,Yes,1,Yes,No,Credit Card,56.1,67,No,1131.92,No
PAL-01562,38,Core,45.24,5.5,No,1,No,No,Debit Card,33.9,51,Yes,2301.29,No
PAL-01563,15,Basic,22.05,6.2,No,0,No,Yes,Debit Card,70.5,22,No,460.17,No
PAL-01564,30,Core,48.2,7.7,No,2,No,No,Credit Card,61.0,14,No,2146.54,No
PAL-01565,32,Elite,77.34,24.1,No,2,No,No,Credit Card,55.5,16,No,2888.97,No
PAL-01566,20,Core,52.69,9.6,No,5,No,No,Debit Card,65.7,33,No,1118.57,No
PAL-01567,2,Core,46.88,5.7,No,5,Yes,No,Bank Draft,38.3,18,No,22.55,No
PAL-01568,14,Core,50.2,1.8,Yes,4,No,No,Bank Draft,55.2,18,No,1148.39,No
PAL-01569,25,Core,45.47,1.6,No,0,No,No,Credit Card,41.0,2,No,841.33,No
PAL-01570,38,Basic,30.35,1.5,No,5,No,No,Credit Card,62.2,96,No,1684.63,Yes
PAL-01571,5,Basic,24.83,12.4,Yes,2,Yes,No,Debit Card,35.0,20,No,201.96,No
PAL-01572,27,Core,47.74,4.4,No,1,No,No,Credit Card,53.7,19,No,799.29,No
PAL-01573,21,Elite,83.21,13.3,No,3,Yes,No,Bank Draft,67.1,17,No,639.81,No
PAL-01574,12,Core,42.74,5.1,No,2,No,No,Debit Card,47.7,35,Yes,437.98,No
PAL-01575,41,Basic,28.45,4.1,No,1,Yes,No,Credit Card,70.1,98,No,708.24,No
PAL-01576,47,Basic,27.2,9.9,No,2,Yes,No,Debit Card,43.2,9,No,1190.29,No
PAL-01577,33,Basic,26.39,1.3,No,0,Yes,No,Credit Card,35.2,92,No,882.53,Yes
PAL-01578,32,Elite,68.32,16.3,No,5,No,No,Debit Card,55.5,99,Yes,1441.09,No
PAL-01579,33,Basic,22.91,2.9,No,2,No,No,Debit Card,50.1,16,No,1082.22,No
PAL-01580,38,Core,45.98,6.2,No,3,No,No,Credit Card,68.3,54,No,2159.95,Yes
PAL-01581,46,Core,40.88,4.8,No,3,No,No,Debit Card,40.0,46,No,1043.18,No
PAL-01582,34,Elite,88.56,9.9,No,2,No,Yes,Credit Card,65.3,27,No,1165.37,No
PAL-01583,52,Basic,24.42,4.7,No,1,No,No,Credit Card,52.8,44,Yes,1346.45,No
PAL-01584,38,Basic,30.05,13.3,No,2,No,No,Credit Card,65.4,74,No,787.12,Yes
PAL-01585,28,Basic,22.94,11.9,No,0,No,Yes,Credit Card,40.7,84,No,1128.0,No
PAL-01586,5,Basic,25.21,9.1,No,4,No,No,Credit Card,46.9,3,No,175.08,No
PAL-01587,13,Basic,26.55,2.7,No,3,No,No,Credit Card,52.8,94,No,173.48,Yes
PAL-01588,17,Core,49.27,1.4,No,3,Yes,No,Credit Card,68.4,67,No,887.44,No
PAL-01589,31,Basic,23.82,7.7,No,5,No,No,Bank Draft,58.8,12,No,721.6,No
PAL-01590,47,Core,53.42,9.1,No,1,Yes,No,Bank Draft,31.6,42,No,4129.53,No
PAL-01591,31,Elite,76.7,6.3,Yes,2,No,No,Credit Card,40.1,70,Yes,1782.26,No
PAL-01592,48,Core,45.59,6.3,No,1,Yes,Yes,Debit Card,50.2,5,Yes,7260.33,No
PAL-01593,51,Elite,78.53,15.4,Yes,3,No,No,Credit Card,41.7,41,No,5213.93,No
PAL-01594,3,Core,43.22,2.7,Yes,2,No,No,Debit Card,75.7,41,No,228.46,Yes
PAL-01595,36,Core,55.0,7.0,No,2,Yes,No,Debit Card,42.1,72,Yes,2457.32,No
PAL-01596,44,Basic,22.92,10.2,No,2,No,No,Debit Card,35.4,6,Yes,808.35,Yes
PAL-01597,58,Core,49.58,16.5,Yes,3,No,No,Debit Card,44.5,10,No,2641.62,No
PAL-01598,13,Core,51.01,3.9,Yes,1,No,No,Credit Card,60.3,96,No,513.77,No
PAL-01599,41,Basic,24.46,6.9,No,1,No,Yes,Debit Card,47.4,62,No,1603.99,No
PAL-01600,50,Core,46.58,5.6,No,1,No,No,Bank Draft,74.1,78,No,2085.05,Yes
PAL-01601,30,Basic,24.4,8.0,No,4,No,No,Credit Card,32.3,18,No,593.27,Yes
PAL-01602,23,Elite,79.72,10.6,No,2,No,No,Bank Draft,48.4,52,No,1605.24,No
PAL-01603,20,Basic,20.49,8.0,No,0,Yes,No,Debit Card,88.3,98,Yes,422.99,No
PAL-01604,18,Basic,25.82,3.9,No,2,No,No,Credit Card,59.9,35,No,257.36,Yes
PAL-01605,35,Basic,28.98,6.9,No,2,No,No,Credit Card,41.7,62,No,874.29,No
PAL-01606,17,Core,40.89,6.8,No,3,No,No,Bank Draft,28.7,28,No,214.35,No
PAL-01607,60,Basic,15.0,2.5,No,0,No,No,Credit Card,39.0,5,No,1565.85,Yes
PAL-01608,41,Basic,25.54,30.0,No,2,No,No,Debit Card,51.9,51,No,961.36,No
PAL-01609,27,Basic,15.98,4.6,No,3,No,No,Debit Card,67.7,60,No,422.17,Yes
PAL-01610,41,Basic,29.42,10.2,No,3,No,No,Credit Card,36.5,97,No,1873.52,No
PAL-01611,25,Basic,23.22,1.1,No,1,No,No,Credit Card,36.1,78,No,1238.43,No
PAL-01612,36,Elite,68.45,5.0,Yes,4,No,Yes,Debit Card,49.9,54,No,1388.49,No
PAL-01613,29,Core,44.15,3.0,No,3,No,No,Credit Card,76.5,85,No,2219.83,No
PAL-01614,58,Core,45.33,4.4,No,0,No,Yes,Credit Card,67.9,85,Yes,1448.75,No
PAL-01615,13,Basic,25.02,2.6,No,5,No,No,Credit Card,26.6,88,No,340.77,No
PAL-01616,18,Elite,75.65,9.0,Yes,2,No,Yes,Bank Draft,50.0,0,No,2658.28,No
PAL-01617,43,Elite,83.12,3.4,No,1,No,No,Credit Card,58.1,65,Yes,2353.47,Yes
PAL-01618,37,Elite,79.18,8.8,No,0,No,No,Bank Draft,51.0,36,No,1908.05,No
PAL-01619,15,Core,44.86,3.9,No,3,No,No,Debit Card,35.9,23,No,1195.57,No
PAL-01620,26,Core,40.61,4.2,No,2,No,No,Credit Card,65.1,28,Yes,226.02,No
PAL-01621,40,Core,44.88,8.6,Yes,4,No,No,Debit Card,61.3,100,No,3493.68,No
PAL-01622,34,Core,40.36,2.8,No,1,No,No,Debit Card,71.6,1,No,773.15,Yes
PAL-01623,56,Basic,21.96,6.7,Yes,4,No,No,Credit Card,54.4,94,No,1609.39,No
PAL-01624,8,Basic,30.92,3.7,No,1,No,No,Debit Card,45.7,26,No,196.29,Yes
PAL-01625,17,Basic,31.24,7.2,No,2,No,No,Credit Card,58.2,14,Yes,413.1,No
PAL-01626,55,Core,39.62,11.8,No,4,No,No,Credit Card,40.8,25,No,1668.58,No
PAL-01627,41,Basic,21.66,10.9,No,4,No,No,Bank Draft,64.1,36,Yes,706.87,No
PAL-01628,53,Elite,75.85,2.6,No,1,No,No,Credit Card,75.8,24,No,2732.31,No
PAL-01629,17,Core,41.84,1.0,No,4,No,No,Debit Card,37.2,60,Yes,767.68,No
PAL-01630,58,Core,43.81,11.7,No,3,No,No,Credit Card,40.7,0,No,2101.94,No
PAL-01631,26,Core,44.07,11.7,No,2,No,No,Credit Card,74.3,9,No,1494.71,No
PAL-01632,44,Elite,77.16,7.7,Yes,2,No,No,Credit Card,63.5,12,No,3837.88,No
PAL-01633,24,Elite,84.25,7.2,Yes,1,No,No,Debit Card,52.2,34,No,1960.64,No
PAL-01634,42,Elite,91.07,0.9,No,1,No,No,Debit Card,31.1,12,No,4654.61,No
PAL-01635,54,Elite,78.4,4.9,No,0,No,No,Debit Card,48.4,8,No,4331.93,No
PAL-01636,3,Elite,72.74,9.9,Yes,1,Yes,Yes,Bank Draft,47.9,60,Yes,125.85,Yes
PAL-01637,57,Core,44.43,2.1,No,1,Yes,No,Credit Card,44.3,4,No,3042.76,Yes
PAL-01638,26,Basic,21.31,4.6,No,1,No,Yes,Debit Card,54.2,34,No,513.43,No
PAL-01639,32,Core,52.18,5.2,No,2,No,Yes,Credit Card,25.9,30,No,997.43,No
PAL-01640,2,Basic,27.5,11.4,Yes,1,No,No,Debit Card,53.7,55,No,63.55,No
PAL-01641,2,Core,44.44,4.7,No,1,No,No,Debit Card,55.9,75,No,5.1,No
PAL-01642,56,Basic,27.57,10.3,Yes,1,No,No,Credit Card,45.5,36,No,1976.88,No
PAL-01643,57,Basic,23.83,11.1,No,6,No,No,Credit Card,69.0,100,No,563.57,Yes
PAL-01644,35,Core,37.55,6.2,Yes,1,No,No,Bank Draft,40.8,61,No,1824.34,No
PAL-01645,38,Basic,21.82,14.8,No,4,No,Yes,Credit Card,58.8,11,No,498.56,No
PAL-01646,3,Elite,99.49,5.3,No,3,No,Yes,Credit Card,70.7,56,Yes,306.07,Yes
PAL-01647,40,Basic,29.5,9.5,No,1,Yes,No,Debit Card,60.8,0,No,2711.27,No
PAL-01648,36,Basic,24.18,8.6,No,1,Yes,No,Credit Card,33.1,79,No,989.04,No
PAL-01649,56,Elite,87.99,5.3,No,1,No,No,Credit Card,77.1,83,Yes,3857.51,No
PAL-01650,39,Elite,78.89,11.0,Yes,1,No,No,Bank Draft,50.5,83,No,1417.93,No
PAL-01651,53,Basic,24.0,15.4,No,3,No,No,Debit Card,64.7,61,No,1536.2,No
PAL-01652,59,Elite,75.04,4.3,No,1,No,No,Credit Card,54.9,44,No,3161.63,No
PAL-01653,57,Elite,93.61,17.4,No,0,No,No,Bank Draft,68.8,15,Yes,3790.27,No
PAL-01654,40,Core,43.53,4.4,No,3,No,No,Debit Card,64.8,82,No,4609.58,No
PAL-01655,55,Elite,73.06,8.7,No,5,No,No,Credit Card,47.8,78,No,3865.71,No
PAL-01656,49,Core,43.84,6.6,No,0,No,No,Debit Card,47.4,14,No,1415.56,No
PAL-01657,9,Basic,25.35,2.4,No,3,Yes,No,Credit Card,59.7,57,No,166.95,No
PAL-01658,47,Basic,20.54,6.9,No,4,Yes,No,Credit Card,46.7,45,No,552.58,Yes
PAL-01659,31,Basic,23.09,7.2,No,3,No,No,Credit Card,65.4,78,Yes,697.21,No
PAL-01660,44,Basic,21.95,11.2,No,3,No,No,Debit Card,72.6,24,No,818.46,Yes
PAL-01661,37,Core,35.76,5.8,No,2,No,No,Credit Card,57.9,70,No,1453.74,No
PAL-01662,6,Basic,19.02,8.8,No,3,No,No,Credit Card,46.9,98,No,0.0,Yes
PAL-01663,37,Core,44.75,4.2,No,4,No,No,Credit Card,64.3,15,No,3105.46,No
PAL-01664,20,Core,42.56,3.8,No,2,No,No,Credit Card,69.5,41,No,1412.89,No
PAL-01665,48,Core,44.37,6.2,No,5,No,No,Credit Card,47.5,56,Yes,1451.2,No
PAL-01666,45,Core,45.59,5.2,No,3,No,Yes,Bank Draft,40.2,59,Yes,1544.61,No
PAL-01667,54,Core,44.1,5.2,Yes,1,Yes,No,Debit Card,37.2,94,No,1632.36,No
PAL-01668,54,Basic,22.39,5.9,No,3,No,No,Credit Card,39.2,82,No,1232.89,No
PAL-01669,52,Core,44.17,3.4,Yes,4,Yes,No,Bank Draft,54.7,26,No,3435.67,No
PAL-01670,9,Basic,24.8,11.5,No,1,No,No,Credit Card,65.3,40,Yes,86.21,No
PAL-01671,34,Core,42.55,15.6,No,2,No,No,Credit Card,33.0,65,No,2697.13,No
PAL-01672,0,Core,46.86,7.9,Yes,2,No,No,Debit Card,62.9,41,Yes,45.27,No
PAL-01673,19,Elite,79.98,0.8,Yes,2,No,No,Debit Card,64.4,53,No,2157.67,Yes
PAL-01674,51,Basic,22.56,12.7,No,3,No,No,Bank Draft,76.2,50,No,2138.87,No
PAL-01675,41,Basic,24.53,2.1,No,1,Yes,Yes,Credit Card,46.5,71,No,1152.46,No
PAL-01676,14,Elite,85.42,2.9,No,2,No,Yes,Credit Card,74.5,90,No,1504.37,No
PAL-01677,50,Basic,21.75,9.3,No,1,No,No,Debit Card,54.8,88,No,1196.46,Yes
PAL-01678,32,Core,43.0,7.5,Yes,4,No,Yes,Credit Card,47.4,39,No,1401.06,No
PAL-01679,47,Elite,81.48,13.4,Yes,5,No,No,Debit Card,41.0,91,No,2820.21,No
PAL-01680,60,Core,47.15,3.1,No,0,No,No,Credit Card,50.1,16,No,4287.63,No
PAL-01681,29,Basic,26.78,14.1,No,3,No,No,Credit Card,37.4,28,No,656.91,Yes
PAL-01682,45,Basic,27.91,2.6,No,6,Yes,No,Credit Card,47.9,17,Yes,1299.76,Yes
PAL-01683,31,Basic,26.93,4.7,No,0,No,Yes,Credit Card,42.8,74,No,1385.91,No
PAL-01684,9,Core,40.21,6.6,No,2,No,No,Credit Card,26.8,50,Yes,783.37,No
PAL-01685,41,Elite,72.28,8.2,Yes,2,No,Yes,Debit Card,58.5,37,No,6813.69,No
PAL-01686,56,Basic,25.42,12.2,No,2,No,Yes,Debit Card,57.1,72,No,1877.7,No
PAL-01687,51,Core,42.92,9.5,No,1,Yes,No,Credit Card,46.9,66,No,2348.87,No
PAL-01688,13,Elite,76.7,3.5,No,2,No,No,Credit Card,58.8,41,No,1480.92,No
PAL-01689,53,Elite,79.81,10.7,No,1,No,No,Debit Card,58.2,42,No,3345.8,No
PAL-01690,50,Elite,70.56,5.3,No,1,No,No,Credit Card,33.5,53,Yes,3654.69,No
PAL-01691,12,Core,46.52,1.2,No,3,No,No,Bank Draft,56.8,33,No,1285.8,No
PAL-01692,0,Basic,27.41,7.1,No,2,No,No,Debit Card,56.2,49,No,0.0,Yes
PAL-01693,55,Basic,23.1,8.6,No,4,No,No,Bank Draft,48.0,68,No,1235.37,No
PAL-01694,14,Core,40.1,8.2,Yes,1,No,No,Debit Card,27.1,86,No,577.48,No
PAL-01695,1,Basic,22.57,8.4,No,0,No,No,Credit Card,96.2,49,No,55.52,Yes
PAL-01696,6,Basic,24.74,6.5,No,3,Yes,No,Credit Card,45.6,11,No,269.09,Yes
PAL-01697,60,Basic,23.32,3.2,No,2,No,No,Debit Card,44.6,73,No,965.42,No
PAL-01698,34,Basic,29.07,11.8,No,2,Yes,No,Bank Draft,55.6,80,No,832.47,No
PAL-01699,24,Core,42.37,7.1,No,2,No,No,Debit Card,46.4,32,No,1035.43,No
PAL-01700,36,Core,46.8,6.4,No,2,No,No,Credit Card,40.8,10,Yes,936.45,No
PAL-01701,14,Basic,31.03,8.2,No,2,No,No,Credit Card,67.9,88,No,319.84,No
PAL-01702,43,Elite,78.49,5.8,Yes,2,No,No,Credit Card,31.0,39,Yes,2537.4,No
PAL-01703,2,Core,41.57,10.4,No,1,Yes,No,Credit Card,39.5,72,No,64.75,No
PAL-01704,17,Core,49.44,14.2,Yes,3,No,No,Bank Draft,42.6,72,No,1177.94,No
PAL-01705,18,Core,44.69,2.3,No,5,Yes,No,Bank Draft,57.0,100,No,1214.78,No
PAL-01706,57,Basic,32.87,1.7,No,3,No,No,Credit Card,71.2,49,No,3145.39,No
PAL-01707,39,Elite,91.65,4.0,No,2,No,No,Credit Card,35.9,66,No,3613.84,No
PAL-01708,0,Core,43.42,2.8,No,2,No,Yes,Credit Card,51.8,5,No,9.8,No
PAL-01709,15,Basic,27.75,7.3,No,0,No,No,Credit Card,27.5,25,No,414.05,No
PAL-01710,19,Basic,26.07,16.5,No,2,No,No,Debit Card,39.6,11,Yes,1115.22,No
PAL-01711,48,Elite,94.37,16.9,No,3,Yes,No,Credit Card,49.5,96,No,3020.83,No
PAL-01712,3,Elite,78.13,4.5,Yes,3,No,No,Bank Draft,55.3,95,No,175.55,No
PAL-01713,54,Core,46.98,3.1,No,4,No,No,Credit Card,19.8,98,Yes,1901.46,No
PAL-01714,22,Core,44.92,4.7,Yes,3,Yes,No,Credit Card,33.3,35,No,1533.97,No
PAL-01715,21,Core,44.78,9.2,No,3,Yes,No,Debit Card,59.5,90,Yes,698.01,No
PAL-01716,57,Core,43.89,3.2,Yes,2,No,No,Credit Card,61.8,68,No,1249.38,No
PAL-01717,8,Elite,79.41,1.9,Yes,3,No,No,Debit Card,42.7,22,Yes,583.31,No
PAL-01718,18,Core,44.05,4.6,No,3,No,No,Credit Card,44.1,6,No,920.55,No
PAL-01719,33,Basic,19.09,6.3,No,2,No,Yes,Debit Card,42.0,19,Yes,1014.53,No
PAL-01720,18,Basic,23.73,6.4,Yes,1,Yes,No,Credit Card,69.9,95,No,776.13,Yes
PAL-01721,36,Core,40.46,3.6,Yes,3,Yes,No,Bank Draft,61.7,8,No,1090.53,No
PAL-01722,17,Elite,78.27,2.2,No,3,No,No,Credit Card,73.8,73,No,1101.24,No
PAL-01723,12,Core,47.23,7.2,Yes,3,No,No,Credit Card,69.9,88,No,544.18,No
PAL-01724,50,Core,42.24,6.9,Yes,0,Yes,No,Credit Card,50.6,58,No,2153.1,No
PAL-01725,52,Core,48.58,3.4,No,4,Yes,No,Credit Card,48.6,99,Yes,1158.33,No
PAL-01726,35,Core,40.91,7.7,No,2,Yes,No,Credit Card,53.9,66,No,1276.2,No
PAL-01727,45,Core,49.33,6.7,No,5,No,No,Debit Card,51.1,77,No,1567.24,Yes
PAL-01728,25,Elite,63.06,7.3,No,5,No,No,Debit Card,60.9,12,No,2110.64,No
PAL-01729,43,Core,41.58,6.4,No,2,No,No,Bank Draft,58.4,50,No,3763.01,Yes
PAL-01730,22,Core,47.6,3.5,No,0,No,No,Credit Card,67.6,93,No,1457.52,Yes
PAL-01731,20,Core,43.01,14.3,No,0,No,No,Credit Card,41.0,98,Yes,698.7,No
PAL-01732,41,Elite,83.52,8.0,No,1,No,No,Credit Card,57.6,100,No,3162.7,No
PAL-01733,41,Core,45.37,3.1,Yes,4,No,No,Credit Card,45.6,58,No,3920.95,No
PAL-01734,59,Basic,22.77,9.5,No,5,No,No,Bank Draft,65.7,21,No,746.13,Yes
PAL-01735,3,Basic,22.99,11.3,No,2,No,No,Bank Draft,23.8,89,No,134.38,No
PAL-01736,27,Elite,81.96,10.4,Yes,1,No,No,Debit Card,61.2,63,No,3139.44,No
PAL-01737,20,Core,42.29,6.5,No,5,No,No,Credit Card,37.7,61,No,1467.06,No
PAL-01738,13,Elite,88.13,5.6,No,2,Yes,No,Bank Draft,51.1,69,No,538.52,No
PAL-01739,20,Basic,29.04,5.3,No,1,No,No,Debit Card,54.2,10,No,317.74,Yes
PAL-01740,24,Core,41.51,8.1,No,1,No,No,Credit Card,41.3,37,No,787.62,No
PAL-01741,48,Basic,29.34,12.6,No,4,No,No,Credit Card,45.3,77,No,1207.56,No
PAL-01742,10,Basic,23.72,12.9,No,2,No,No,Credit Card,55.7,94,No,288.47,No
PAL-01743,49,Basic,23.15,2.2,No,3,No,No,Bank Draft,48.6,88,Yes,1113.33,Yes
PAL-01744,40,Basic,24.33,4.0,No,0,Yes,No,Credit Card,56.4,20,No,976.12,Yes
PAL-01745,60,Core,43.21,1.8,No,1,No,No,Credit Card,65.7,40,No,2448.61,No
PAL-01746,1,Elite,88.35,7.9,Yes,4,No,No,Credit Card,49.2,32,No,48.7,No
PAL-01747,52,Elite,84.79,14.3,Yes,1,No,No,Debit Card,65.4,95,No,5638.84,No
PAL-01748,26,Core,47.21,5.1,Yes,1,No,Yes,Credit Card,38.0,57,No,2099.26,Yes
PAL-01749,7,Elite,84.89,10.1,No,2,No,No,Credit Card,81.4,33,No,1240.98,No
PAL-01750,1,Elite,71.57,1.3,No,1,No,No,Credit Card,33.9,19,No,75.14,No
PAL-01751,5,Basic,19.5,7.3,Yes,2,No,No,Credit Card,41.5,21,Yes,311.92,Yes
PAL-01752,2,Basic,28.85,6.2,No,2,No,No,Bank Draft,67.5,13,No,73.12,Yes
PAL-01753,35,Elite,81.28,10.5,No,4,No,No,Bank Draft,61.5,89,Yes,1749.8,No
PAL-01754,23,Core,47.21,2.1,No,0,No,No,Credit Card,58.0,57,No,841.55,No
PAL-01755,30,Core,46.79,6.7,No,2,No,No,Debit Card,51.5,11,No,2201.77,No
PAL-01756,46,Core,45.59,16.6,No,0,No,No,Credit Card,40.9,52,No,2997.8,No
PAL-01757,43,Basic,27.47,3.3,No,0,No,Yes,Bank Draft,32.6,26,No,1972.13,Yes
PAL-01758,40,Core,52.89,2.9,Yes,1,No,No,Credit Card,59.8,46,No,2446.25,Yes
PAL-01759,29,Basic,21.28,11.1,No,1,No,No,Bank Draft,61.9,26,No,405.0,Yes
PAL-01760,54,Core,41.39,12.0,Yes,3,No,Yes,Credit Card,58.9,91,Yes,5165.26,No
PAL-01761,37,Basic,21.34,9.0,No,3,No,No,Credit Card,49.2,20,No,840.71,No
PAL-01762,26,Core,44.16,22.5,No,3,No,Yes,Credit Card,75.9,69,No,1059.48,No
PAL-01763,47,Basic,29.98,6.4,No,0,No,No,Credit Card,59.3,24,No,845.11,No
PAL-01764,9,Core,35.0,9.1,No,3,No,Yes,Credit Card,54.2,94,No,215.29,No
PAL-01765,57,Core,46.31,8.8,No,3,Yes,No,Credit Card,56.8,42,No,3590.45,No
PAL-01766,4,Core,41.13,4.9,No,1,No,No,Credit Card,80.0,9,No,160.19,No
PAL-01767,31,Core,44.5,4.1,No,0,No,Yes,Bank Draft,41.0,13,No,579.36,No
PAL-01768,14,Core,41.76,5.9,No,2,Yes,No,Credit Card,41.5,36,No,485.08,No
PAL-01769,46,Elite,68.6,4.3,No,3,No,Yes,Credit Card,54.2,30,No,2055.53,No
PAL-01770,30,Basic,27.53,6.5,No,2,Yes,Yes,Debit Card,51.4,4,No,507.16,Yes
PAL-01771,47,Basic,30.56,10.2,Yes,1,No,No,Debit Card,62.7,68,No,1644.51,No
PAL-01772,16,Basic,22.74,2.4,No,2,Yes,No,Bank Draft,53.4,70,No,283.39,No
PAL-01773,47,Core,44.01,2.7,No,3,No,No,Debit Card,62.6,45,No,2253.04,No
PAL-01774,46,Core,45.24,5.1,No,0,Yes,Yes,Bank Draft,68.6,90,No,6052.84,Yes
PAL-01775,50,Elite,76.8,5.7,No,2,No,No,Debit Card,50.2,70,No,2728.1,No
PAL-01776,40,Elite,92.9,3.3,No,4,No,No,Bank Draft,75.9,64,No,6537.42,No
PAL-01777,48,Basic,30.47,9.0,No,2,No,No,Debit Card,51.4,87,No,1135.4,Yes
PAL-01778,26,Elite,84.06,3.0,Yes,2,No,No,Debit Card,61.3,27,No,1453.44,No
PAL-01779,38,Basic,22.25,1.8,No,3,No,No,Credit Card,51.2,84,No,254.8,Yes
PAL-01780,43,Basic,25.57,7.5,Yes,0,No,No,Credit Card,37.0,32,Yes,1955.7,No
PAL-01781,46,Core,41.84,8.4,No,1,No,No,Debit Card,47.7,22,No,2119.16,Yes
PAL-01782,28,Basic,19.9,7.5,No,1,No,Yes,Credit Card,75.5,10,No,185.21,No
PAL-01783,43,Core,45.9,2.6,No,1,Yes,No,Bank Draft,31.7,8,No,2002.08,Yes
PAL-01784,2,Elite,82.19,1.6,No,4,Yes,No,Bank Draft,69.2,68,Yes,148.31,No
PAL-01785,6,Core,42.96,17.4,No,1,No,No,Credit Card,27.3,20,No,671.15,No
PAL-01786,44,Elite,79.58,7.8,No,1,No,No,Debit Card,55.3,53,No,3345.85,No
PAL-01787,1,Basic,23.59,15.5,Yes,1,No,No,Credit Card,69.1,67,No,174.11,No
PAL-01788,40,Basic,25.69,3.8,No,3,No,No,Debit Card,30.5,26,No,798.29,Yes
PAL-01789,43,Core,42.07,13.7,No,2,No,Yes,Credit Card,41.3,48,No,2057.9,No
PAL-01790,31,Elite,79.69,14.0,Yes,0,No,No,Debit Card,70.5,75,No,2083.01,No
PAL-01791,34,Core,47.23,10.0,No,3,No,No,Bank Draft,44.2,70,No,899.58,No
PAL-01792,8,Core,45.53,5.4,Yes,5,No,No,Credit Card,49.1,98,No,465.98,No
PAL-01793,19,Elite,81.17,3.3,Yes,2,No,No,Credit Card,47.9,69,No,1072.2,No
PAL-01794,31,Core,37.74,8.4,No,3,No,No,Credit Card,34.2,36,No,1814.86,No
PAL-01795,49,Core,43.36,2.8,Yes,3,No,No,Debit Card,55.6,38,No,3794.44,No
PAL-01796,15,Elite,80.54,4.4,No,0,No,No,Debit Card,70.9,11,No,946.5,Yes
PAL-01797,54,Basic,23.9,7.5,No,4,Yes,No,Credit Card,54.9,74,No,513.89,No
PAL-01798,59,Core,40.75,14.6,No,6,Yes,No,Credit Card,69.7,60,No,2158.47,No
PAL-01799,35,Elite,85.15,14.6,No,0,No,No,Debit Card,48.2,26,Yes,2861.4,No
PAL-01800,28,Basic,27.04,13.8,No,1,No,No,Debit Card,55.9,66,No,430.01,No
PAL-01801,48,Elite,96.14,14.9,No,0,No,No,Debit Card,65.7,18,No,1790.65,No
PAL-01802,47,Core,49.93,5.0,No,4,No,Yes,Bank Draft,54.7,60,No,970.73,No
PAL-01803,37,Basic,22.7,4.2,No,3,No,No,Bank Draft,37.5,79,No,1454.8,Yes
PAL-01804,34,Core,41.74,1.5,No,2,No,Yes,Credit Card,41.7,42,No,2056.68,No
PAL-01805,40,Core,42.16,9.3,No,3,No,Yes,Credit Card,53.1,63,No,887.91,No
PAL-01806,50,Basic,25.15,4.6,No,2,Yes,Yes,Credit Card,63.8,73,No,2014.64,Yes
PAL-01807,23,Core,44.84,5.1,No,5,No,No,Bank Draft,49.7,27,Yes,1103.06,No
PAL-01808,28,Basic,24.14,4.9,No,2,No,No,Debit Card,65.9,31,No,863.78,Yes
PAL-01809,33,Core,46.64,5.9,Yes,1,Yes,No,Bank Draft,78.1,40,No,367.57,No
PAL-01810,35,Basic,24.11,6.9,No,3,No,No,Credit Card,68.0,37,No,503.64,No
PAL-01811,11,Core,41.98,7.4,Yes,2,Yes,No,Credit Card,45.9,90,No,862.47,No
PAL-01812,29,Core,45.28,4.3,No,1,No,Yes,Bank Draft,47.8,96,No,494.06,No
PAL-01813,43,Core,45.73,1.7,Yes,0,Yes,No,Debit Card,71.0,18,Yes,4020.71,No
PAL-01814,57,Basic,27.56,6.4,No,0,No,Yes,Debit Card,55.9,71,No,2082.19,No
PAL-01815,0,Core,38.17,14.4,No,2,No,No,Bank Draft,52.6,11,No,69.02,Yes
PAL-01816,7,Basic,23.04,7.1,No,1,No,No,Credit Card,49.5,0,No,116.51,Yes
PAL-01817,26,Basic,24.58,9.6,No,1,Yes,Yes,Credit Card,40.2,15,Yes,980.26,Yes
PAL-01818,21,Elite,91.44,4.5,No,2,No,No,Bank Draft,38.6,37,No,2212.43,No
PAL-01819,50,Elite,76.4,13.3,Yes,4,No,No,Debit Card,45.8,58,No,3332.58,No
PAL-01820,33,Basic,23.68,4.9,No,1,No,Yes,Credit Card,45.7,80,No,1028.88,No
PAL-01821,27,Basic,29.92,4.7,No,0,Yes,No,Credit Card,60.5,12,Yes,462.9,Yes
PAL-01822,5,Basic,24.99,8.1,Yes,3,No,No,Debit Card,47.4,90,Yes,220.4,No
PAL-01823,2,Basic,25.01,10.4,No,2,No,No,Debit Card,52.3,36,No,52.32,No
PAL-01824,51,Elite,74.99,5.1,Yes,3,No,No,Credit Card,46.1,19,Yes,2945.65,No
PAL-01825,34,Core,46.5,7.8,No,0,No,No,Credit Card,47.4,53,No,1703.34,No
PAL-01826,53,Basic,24.24,23.6,No,5,No,No,Credit Card,56.1,81,No,1234.98,No
PAL-01827,27,Basic,26.36,6.8,No,1,No,No,Debit Card,15.0,78,No,953.54,No
PAL-01828,12,Basic,23.8,3.0,No,1,Yes,No,Bank Draft,70.8,31,No,295.76,Yes
PAL-01829,37,Basic,23.66,2.8,No,1,No,No,Credit Card,49.8,72,No,1388.71,Yes
PAL-01830,57,Basic,23.66,11.4,No,0,No,No,Credit Card,38.3,45,No,643.2,Yes
PAL-01831,6,Basic,25.22,3.1,No,2,No,No,Credit Card,36.0,20,No,142.91,No
PAL-01832,37,Basic,28.27,5.9,No,4,No,Yes,Bank Draft,53.0,42,No,857.36,No
PAL-01833,17,Basic,24.06,3.4,No,2,No,No,Debit Card,15.0,95,No,264.62,Yes
PAL-01834,36,Basic,21.08,2.8,No,1,No,No,Credit Card,69.7,46,No,545.78,Yes
PAL-01835,31,Basic,20.54,12.5,No,1,No,No,Credit Card,40.6,11,No,378.67,Yes
PAL-01836,21,Elite,75.71,1.3,No,1,No,No,Credit Card,70.2,20,Yes,1249.88,No
PAL-01837,18,Core,42.68,13.0,No,0,No,No,Bank Draft,60.2,32,No,799.77,No
PAL-01838,34,Core,40.13,1.7,No,0,No,No,Debit Card,50.7,2,No,2454.65,Yes
PAL-01839,33,Basic,33.72,5.6,No,3,Yes,No,Debit Card,62.7,45,No,1366.11,Yes
PAL-01840,15,Basic,22.54,6.7,No,2,No,No,Credit Card,43.1,21,No,138.63,Yes
PAL-01841,19,Core,51.77,8.5,No,3,Yes,No,Bank Draft,47.9,13,No,468.59,No
PAL-01842,2,Basic,30.7,4.5,No,3,Yes,Yes,Credit Card,77.4,67,No,0.0,Yes
PAL-01843,22,Basic,24.28,5.5,No,3,No,No,Credit Card,60.8,29,No,560.14,No
PAL-01844,44,Core,41.25,8.0,No,0,Yes,No,Debit Card,63.8,42,No,1309.81,No
PAL-01845,49,Basic,22.12,17.0,No,3,No,No,Debit Card,51.6,25,No,1034.73,No
PAL-01846,58,Core,47.65,7.6,No,1,No,No,Debit Card,39.4,16,No,2469.49,No
PAL-01847,36,Basic,24.76,14.7,No,3,Yes,Yes,Credit Card,49.8,50,No,1704.82,No
PAL-01848,5,Core,46.53,8.6,No,0,No,No,Credit Card,35.4,81,No,89.83,Yes
PAL-01849,6,Core,38.15,14.7,No,3,No,Yes,Debit Card,31.1,49,Yes,246.62,No
PAL-01850,36,Core,41.72,2.1,No,0,Yes,No,Credit Card,52.7,30,No,1407.19,Yes
PAL-01851,11,Elite,74.85,3.4,No,5,No,No,Credit Card,41.3,19,No,1011.55,No
PAL-01852,15,Core,40.35,5.7,No,3,No,No,Bank Draft,58.2,54,No,691.02,Yes
PAL-01853,23,Basic,26.87,5.2,No,4,No,No,Credit Card,43.4,24,No,1107.61,Yes
PAL-01854,22,Core,48.23,7.6,No,4,No,Yes,Credit Card,26.9,12,No,1034.01,No
PAL-01855,38,Basic,24.32,4.3,No,1,No,No,Credit Card,61.7,64,No,809.49,Yes
PAL-01856,17,Core,47.77,6.6,No,4,No,No,Credit Card,60.9,26,No,961.76,No
PAL-01857,38,Elite,66.0,5.2,No,2,No,No,Credit Card,59.2,83,No,1034.38,No
PAL-01858,4,Basic,23.19,6.8,No,1,No,Yes,Bank Draft,46.3,31,No,48.68,Yes
PAL-01859,47,Core,50.94,4.1,No,3,No,No,Debit Card,68.3,46,Yes,2737.31,Yes
PAL-01860,60,Basic,20.31,6.6,No,4,Yes,No,Debit Card,50.2,57,Yes,1235.73,Yes
PAL-01861,7,Elite,80.85,6.7,No,1,Yes,No,Debit Card,53.3,19,No,489.56,Yes
PAL-01862,35,Elite,76.68,3.3,No,3,No,No,Debit Card,59.1,30,No,3036.64,Yes
PAL-01863,52,Core,40.81,1.6,Yes,0,No,Yes,Credit Card,34.5,18,No,2321.11,No
PAL-01864,34,Basic,23.11,10.0,No,1,No,No,Debit Card,51.9,47,No,1004.06,No
PAL-01865,54,Core,53.97,15.2,No,3,No,No,Debit Card,50.7,48,No,3567.72,No
PAL-01866,35,Basic,26.2,4.8,No,1,No,Yes,Debit Card,59.3,37,No,989.16,No
PAL-01867,2,Elite,79.74,10.7,No,3,No,No,Credit Card,57.3,26,No,163.23,No
PAL-01868,5,Elite,75.95,6.3,No,1,No,No,Debit Card,68.7,81,Yes,309.32,No
PAL-01869,44,Core,48.35,9.1,No,2,No,No,Credit Card,74.0,75,No,2555.64,No
PAL-01870,24,Core,51.21,10.3,No,1,No,Yes,Credit Card,47.6,94,Yes,3011.18,No
PAL-01871,52,Basic,20.36,11.9,No,1,No,No,Credit Card,25.1,49,No,1620.32,No
PAL-01872,56,Basic,23.68,6.6,No,1,No,No,Credit Card,22.5,99,No,1183.01,No
PAL-01873,11,Elite,80.43,2.6,No,2,No,No,Credit Card,67.5,27,Yes,582.03,Yes
PAL-01874,33,Basic,25.79,5.3,No,2,No,No,Credit Card,37.5,58,Yes,922.69,No
PAL-01875,42,Basic,28.58,10.4,No,0,Yes,No,Credit Card,47.4,52,No,1764.09,Yes
PAL-01876,24,Basic,21.66,6.5,No,3,No,No,Bank Draft,66.4,65,No,478.23,No
PAL-01877,53,Basic,31.11,1.4,No,1,No,No,Debit Card,55.1,16,No,1454.45,No
PAL-01878,12,Basic,26.37,12.7,Yes,3,No,No,Credit Card,82.9,7,No,391.97,Yes
PAL-01879,17,Basic,21.49,1.0,Yes,5,No,No,Credit Card,64.7,100,No,1042.6,No
PAL-01880,15,Basic,25.43,4.5,No,2,No,No,Credit Card,44.1,2,No,549.08,Yes
PAL-01881,11,Core,45.28,2.9,No,3,Yes,Yes,Credit Card,43.1,44,No,730.59,Yes
PAL-01882,49,Elite,74.68,1.9,Yes,0,No,No,Credit Card,65.0,50,No,2280.57,No
PAL-01883,50,Basic,22.82,16.3,No,0,No,No,Credit Card,47.4,40,No,1040.06,No
PAL-01884,39,Core,43.6,6.6,No,5,Yes,Yes,Credit Card,61.8,91,No,4434.76,No
PAL-01885,12,Core,41.36,5.7,No,2,Yes,No,Credit Card,77.2,56,No,487.09,Yes
PAL-01886,20,Core,49.7,7.2,No,1,Yes,No,Credit Card,34.8,20,Yes,1400.16,No
PAL-01887,7,Core,44.21,4.4,No,5,No,No,Credit Card,37.6,74,No,135.03,No
PAL-01888,54,Core,44.26,1.0,No,1,No,Yes,Bank Draft,31.5,35,No,2437.48,No
PAL-01889,31,Basic,20.29,13.4,No,2,Yes,No,Credit Card,32.6,18,No,292.98,No
PAL-01890,1,Elite,74.85,3.0,No,1,No,No,Credit Card,41.4,63,No,80.31,No
PAL-01891,56,Basic,24.51,9.9,No,1,No,Yes,Bank Draft,47.8,44,No,1240.76,No
PAL-01892,46,Core,49.2,2.6,Yes,1,No,No,Credit Card,45.0,72,No,3627.04,No
PAL-01893,40,Basic,24.59,9.9,No,1,No,No,Debit Card,54.6,53,No,826.89,Yes
PAL-01894,32,Core,47.98,0.7,No,1,No,No,Debit Card,48.1,36,No,1400.53,No
PAL-01895,4,Basic,25.83,7.0,Yes,0,No,No,Debit Card,65.1,68,No,60.33,No
PAL-01896,54,Basic,22.14,15.0,No,0,No,No,Debit Card,95.1,27,No,1099.19,Yes
PAL-01897,5,Basic,22.36,7.7,No,1,Yes,Yes,Credit Card,49.8,28,No,140.31,Yes
PAL-01898,53,Basic,27.81,2.3,No,2,No,Yes,Debit Card,45.1,1,No,548.52,Yes
PAL-01899,5,Core,43.94,6.3,No,3,No,No,Debit Card,40.5,13,Yes,378.34,No
PAL-01900,19,Core,45.32,0.9,No,1,No,Yes,Credit Card,29.1,2,No,802.57,No
PAL-01901,60,Core,45.91,3.9,Yes,1,Yes,No,Bank Draft,43.4,61,Yes,2652.41,No
PAL-01902,2,Core,45.05,14.3,Yes,0,No,No,Debit Card,53.7,39,No,62.89,No
PAL-01903,25,Basic,27.27,7.4,No,3,Yes,No,Debit Card,50.5,66,No,470.65,No
PAL-01904,53,Core,49.46,7.1,Yes,2,No,No,Credit Card,76.2,23,No,1413.38,No
PAL-01905,0,Core,46.88,13.3,No,0,No,No,Credit Card,58.5,6,No,0.0,Yes
PAL-01906,50,Core,43.56,4.4,Yes,3,No,No,Bank Draft,68.8,57,Yes,1468.92,No
PAL-01907,17,Elite,95.94,5.2,Yes,1,Yes,No,Credit Card,46.1,76,Yes,2202.62,No
PAL-01908,9,Basic,21.25,4.3,No,3,No,No,Credit Card,30.1,17,Yes,305.93,No
PAL-01909,58,Core,49.93,3.4,No,1,No,No,Bank Draft,63.2,5,No,2356.21,No
PAL-01910,32,Basic,19.98,4.0,No,5,No,No,Credit Card,64.3,28,No,528.34,No
PAL-01911,31,Basic,21.63,8.8,No,4,No,Yes,Debit Card,37.6,20,No,604.28,Yes
PAL-01912,22,Basic,28.35,9.5,No,1,No,No,Credit Card,24.7,50,No,431.11,Yes
PAL-01913,54,Basic,16.32,1.9,No,2,No,No,Debit Card,28.2,100,Yes,1084.28,No
PAL-01914,44,Core,42.38,14.1,No,1,No,No,Debit Card,65.9,88,Yes,1737.17,No
PAL-01915,43,Core,44.42,12.1,No,1,No,Yes,Credit Card,53.6,44,No,655.24,No
PAL-01916,53,Basic,23.23,5.8,No,3,No,No,Debit Card,50.2,96,No,1615.85,No
PAL-01917,21,Basic,27.76,4.5,No,3,No,No,Debit Card,62.1,42,No,281.59,No
PAL-01918,38,Basic,25.57,4.0,No,2,No,No,Debit Card,48.4,89,No,904.47,No
PAL-01919,6,Elite,70.16,5.7,No,2,No,Yes,Debit Card,28.1,41,Yes,390.39,No
PAL-01920,57,Elite,104.92,6.4,No,3,No,Yes,Credit Card,43.5,6,No,8091.91,No
PAL-01921,23,Basic,24.53,3.8,No,1,No,No,Credit Card,91.9,15,No,543.26,Yes
PAL-01922,3,Elite,69.11,3.9,Yes,5,Yes,No,Credit Card,69.3,34,Yes,433.14,No
PAL-01923,15,Basic,27.75,3.0,No,1,Yes,No,Debit Card,57.0,77,No,741.5,No
PAL-01924,24,Core,43.91,25.1,No,2,No,No,Credit Card,42.0,31,No,1064.71,No
PAL-01925,3,Core,43.26,5.0,No,2,No,Yes,Credit Card,58.4,42,No,310.26,Yes
PAL-01926,21,Basic,24.32,18.9,No,0,Yes,No,Bank Draft,67.1,0,No,351.97,Yes
PAL-01927,29,Basic,23.35,4.6,No,1,Yes,No,Credit Card,57.8,12,No,479.0,Yes
PAL-01928,15,Core,43.59,4.6,No,2,No,No,Credit Card,52.1,41,No,1524.8,No
PAL-01929,47,Core,48.65,4.8,No,3,No,No,Bank Draft,47.1,66,No,3267.21,Yes
PAL-01930,22,Basic,27.24,8.0,No,3,Yes,Yes,Credit Card,67.9,34,No,877.62,No
PAL-01931,55,Basic,30.73,9.5,No,1,No,Yes,Debit Card,52.4,73,No,2404.2,No
PAL-01932,7,Elite,73.32,13.2,No,1,No,No,Debit Card,49.2,29,No,748.19,No
PAL-01933,47,Basic,18.16,4.9,No,3,No,No,Credit Card,49.6,1,Yes,908.82,No
PAL-01934,30,Basic,22.64,9.9,Yes,3,No,No,Credit Card,43.9,78,Yes,450.15,No
PAL-01935,48,Core,45.11,3.3,No,2,No,No,Credit Card,54.8,78,No,1140.63,Yes
PAL-01936,19,Core,51.68,14.5,Yes,3,No,No,Debit Card,27.4,43,No,810.2,No
PAL-01937,50,Core,42.83,2.6,No,2,No,Yes,Credit Card,43.8,21,Yes,2367.16,No
PAL-01938,35,Basic,24.07,2.8,No,1,No,Yes,Credit Card,41.5,81,No,1452.21,No
PAL-01939,16,Basic,23.3,6.1,Yes,4,No,No,Debit Card,62.2,44,No,529.16,No
PAL-01940,26,Elite,69.87,7.6,Yes,2,Yes,Yes,Debit Card,57.5,1,Yes,1009.82,No
PAL-01941,10,Elite,76.85,4.8,No,2,No,No,Credit Card,86.0,53,No,1443.79,No
PAL-01942,0,Basic,25.17,6.8,No,1,No,No,Bank Draft,48.6,57,No,90.87,Yes
PAL-01943,24,Core,42.5,6.5,No,1,No,Yes,Bank Draft,62.5,22,Yes,776.96,No
PAL-01944,32,Core,39.69,4.0,No,5,No,Yes,Credit Card,24.2,60,No,1464.39,No
PAL-01945,43,Basic,24.93,8.5,No,2,Yes,Yes,Credit Card,51.7,58,No,866.42,No
PAL-01946,33,Core,39.68,7.9,Yes,2,No,No,Credit Card,43.3,93,No,811.22,No
PAL-01947,17,Basic,21.33,9.3,No,2,No,No,Bank Draft,34.5,71,No,354.9,No
PAL-01948,51,Basic,26.71,14.6,No,1,No,Yes,Credit Card,55.0,83,No,691.59,No
PAL-01949,60,Basic,24.63,17.3,No,1,No,No,Credit Card,76.3,87,No,1589.13,No
PAL-01950,17,Core,41.83,8.8,No,2,No,Yes,Credit Card,57.0,97,No,844.41,No
PAL-01951,39,Core,41.66,6.7,Yes,3,No,No,Credit Card,31.8,60,No,1116.54,No
PAL-01952,45,Elite,60.0,9.4,No,0,No,No,Debit Card,23.8,72,No,3841.59,No
PAL-01953,2,Core,42.59,8.3,No,2,No,Yes,Debit Card,54.6,2,No,55.02,No
PAL-01954,53,Core,45.5,2.1,No,3,Yes,No,Bank Draft,43.5,90,No,1468.37,Yes
PAL-01955,47,Core,41.65,1.9,No,0,No,No,Credit Card,33.6,49,Yes,2796.0,No
PAL-01956,42,Basic,28.74,10.0,No,2,No,No,Debit Card,61.0,80,No,1373.4,No
PAL-01957,8,Core,51.5,10.9,No,2,No,No,Bank Draft,70.2,20,No,240.04,Yes
PAL-01958,6,Elite,87.84,1.9,No,3,No,No,Credit Card,29.7,0,No,430.49,No
PAL-01959,35,Basic,28.19,3.4,No,4,Yes,No,Debit Card,65.8,32,No,804.12,No
PAL-01960,25,Elite,73.37,11.2,Yes,2,No,No,Credit Card,42.2,4,No,1433.59,No
PAL-01961,3,Basic,24.35,6.1,No,2,No,Yes,Credit Card,50.5,4,No,45.08,No
PAL-01962,24,Basic,26.58,7.1,No,0,No,No,Credit Card,66.6,57,No,606.86,No
PAL-01963,7,Basic,18.1,1.7,No,4,No,Yes,Credit Card,40.3,47,No,194.61,No
PAL-01964,15,Elite,82.51,9.8,Yes,0,No,No,Bank Draft,50.5,94,No,1066.34,No
PAL-01965,35,Core,44.48,1.8,No,5,No,No,Credit Card,38.3,93,No,4634.27,No
PAL-01966,20,Core,48.12,9.7,No,0,Yes,No,Debit Card,56.6,4,No,1340.41,No
PAL-01967,3,Basic,18.61,16.2,No,2,No,No,Debit Card,58.3,74,No,137.08,Yes
PAL-01968,42,Elite,93.79,17.6,Yes,2,Yes,No,Credit Card,31.6,72,No,2576.53,No
PAL-01969,0,Core,41.39,10.2,No,2,No,No,Credit Card,40.4,33,No,0.0,Yes
PAL-01970,23,Basic,28.26,1.8,No,2,Yes,No,Credit Card,71.7,50,No,263.13,No
PAL-01971,4,Core,43.33,9.5,No,3,No,No,Credit Card,60.3,80,No,406.02,No
PAL-01972,12,Basic,24.58,5.2,Yes,0,Yes,No,Credit Card,54.7,47,No,394.34,No
PAL-01973,49,Core,46.1,1.9,No,0,No,Yes,Debit Card,65.7,74,No,2101.84,No
PAL-01974,48,Basic,28.8,7.3,No,2,No,Yes,Bank Draft,40.7,94,No,1999.46,Yes
PAL-01975,36,Basic,28.28,13.1,No,1,No,No,Debit Card,46.9,39,No,2056.97,No
PAL-01976,23,Elite,75.8,0.9,No,2,No,No,Credit Card,39.3,15,No,1229.46,No
PAL-01977,21,Basic,20.39,3.8,No,1,No,No,Credit Card,30.6,35,No,504.32,Yes
PAL-01978,25,Basic,26.95,15.3,No,0,No,No,Credit Card,41.6,88,Yes,1611.4,No
PAL-01979,33,Basic,22.64,4.9,No,4,Yes,No,Credit Card,51.1,9,No,336.74,Yes
PAL-01980,5,Basic,24.08,5.1,No,0,Yes,No,Debit Card,60.0,31,No,0.0,Yes
PAL-01981,24,Basic,21.16,3.8,No,3,No,No,Credit Card,68.9,65,No,630.51,Yes
PAL-01982,48,Core,46.56,1.0,No,0,No,No,Credit Card,53.2,16,No,1496.32,No
PAL-01983,28,Core,48.43,1.8,No,0,No,No,Debit Card,60.5,13,No,1084.79,No
PAL-01984,5,Basic,27.97,12.0,No,2,No,Yes,Debit Card,64.7,53,No,143.17,Yes
PAL-01985,26,Elite,83.09,3.7,Yes,3,No,Yes,Credit Card,65.4,19,No,4106.72,No
PAL-01986,34,Basic,26.46,5.1,Yes,2,No,No,Credit Card,43.4,40,No,1638.59,No
PAL-01987,39,Basic,23.18,3.8,No,1,Yes,No,Credit Card,42.4,1,No,666.78,Yes
PAL-01988,46,Basic,22.65,4.5,No,4,Yes,Yes,Bank Draft,52.3,27,No,896.26,No
PAL-01989,10,Core,39.69,9.5,No,2,No,No,Credit Card,80.9,11,No,298.59,No
PAL-01990,7,Basic,27.31,18.5,No,0,No,No,Bank Draft,64.9,97,No,396.41,No
PAL-01991,33,Elite,72.65,15.7,Yes,2,No,No,Credit Card,46.2,68,No,2923.94,No
PAL-01992,18,Basic,22.63,7.0,No,3,No,No,Credit Card,52.2,14,No,400.71,Yes
PAL-01993,59,Core,55.0,11.4,No,1,Yes,No,Credit Card,55.9,42,Yes,3316.48,No
PAL-01994,60,Basic,23.16,13.5,No,0,No,No,Debit Card,34.9,18,No,1335.6,No
PAL-01995,33,Elite,86.62,12.1,No,2,No,No,Credit Card,41.4,29,No,2304.14,Yes
PAL-01996,27,Core,51.29,2.5,No,1,No,No,Debit Card,58.4,87,No,1229.96,Yes
PAL-01997,31,Basic,22.79,7.1,No,1,No,No,Debit Card,62.1,98,No,498.64,No
PAL-01998,35,Basic,22.76,9.6,Yes,2,No,No,Credit Card,50.0,13,No,1050.82,No
PAL-01999,56,Core,45.8,3.3,Yes,1,Yes,No,Credit Card,45.6,33,No,1581.66,No
PAL-02000,52,Basic,27.03,2.9,No,3,No,No,Credit Card,57.2,50,No,1657.14,No
PAL-02001,0,Basic,25.67,8.0,No,3,No,No,Credit Card,38.1,55,Yes,0.0,No
PAL-02002,54,Basic,23.3,7.4,No,2,No,No,Credit Card,39.3,55,No,1755.5,No
PAL-02003,14,Core,46.28,13.3,No,1,Yes,No,Credit Card,92.7,50,No,462.83,Yes
PAL-02004,20,Basic,21.83,1.5,No,4,Yes,No,Bank Draft,41.1,15,No,422.11,No
PAL-02005,28,Core,45.77,14.7,Yes,3,No,No,Bank Draft,64.2,69,No,1229.23,No
PAL-02006,51,Core,41.08,4.6,No,2,No,No,Credit Card,46.6,68,No,1722.35,No
PAL-02007,56,Basic,24.93,2.2,No,2,No,No,Credit Card,60.6,57,Yes,4292.92,No
PAL-02008,19,Core,39.46,9.2,No,1,Yes,No,Credit Card,65.1,95,No,599.11,No
PAL-02009,38,Core,40.32,5.4,No,1,No,No,Debit Card,30.1,72,No,1446.56,No
PAL-02010,49,Core,39.82,11.6,No,2,Yes,Yes,Bank Draft,50.8,34,No,1021.66,No
PAL-02011,60,Core,51.65,6.2,No,7,No,No,Credit Card,35.3,56,No,7181.91,No
PAL-02012,48,Core,42.96,2.7,No,2,No,No,Bank Draft,39.0,56,No,1911.29,No
PAL-02013,58,Core,49.33,2.3,No,1,No,No,Credit Card,71.2,34,Yes,1643.52,No
PAL-02014,35,Basic,24.18,1.2,No,4,No,No,Credit Card,40.8,80,Yes,1799.9,Yes
PAL-02015,4,Elite,82.75,8.1,No,1,No,No,Credit Card,41.9,23,No,431.0,No
PAL-02016,39,Elite,69.93,1.9,Yes,4,Yes,No,Debit Card,60.9,18,No,2637.69,No
PAL-02017,41,Elite,90.84,5.3,No,1,Yes,No,Debit Card,92.6,47,No,3712.33,No
PAL-02018,34,Basic,27.32,5.8,No,5,Yes,No,Credit Card,45.9,36,No,922.26,Yes
PAL-02019,14,Core,43.95,7.9,No,2,No,Yes,Debit Card,41.2,47,No,987.06,No
PAL-02020,6,Elite,79.11,4.6,No,4,Yes,Yes,Debit Card,49.5,37,No,799.08,No
PAL-02021,3,Elite,78.62,2.6,Yes,1,No,No,Bank Draft,62.0,84,No,38.68,No
PAL-02022,26,Basic,22.81,4.6,No,2,No,No,Credit Card,66.5,16,No,490.06,No
PAL-02023,27,Elite,85.49,6.3,Yes,3,No,No,Debit Card,34.1,37,No,2503.96,No
PAL-02024,7,Core,44.43,12.8,No,2,No,No,Debit Card,76.7,67,No,251.96,No
PAL-02025,24,Basic,26.28,14.9,No,2,No,No,Debit Card,60.1,15,No,378.65,No
PAL-02026,3,Elite,88.22,12.1,Yes,4,No,Yes,Bank Draft,40.8,73,No,392.99,No
PAL-02027,15,Basic,24.22,7.5,No,0,Yes,No,Credit Card,48.7,19,No,881.84,No
PAL-02028,30,Basic,25.86,4.5,No,0,No,No,Credit Card,58.6,49,No,820.48,Yes
PAL-02029,13,Elite,71.71,6.8,No,3,No,No,Credit Card,52.1,46,No,806.66,No
PAL-02030,16,Core,43.97,9.8,No,2,No,No,Debit Card,49.9,45,No,331.79,No
PAL-02031,3,Basic,29.86,6.1,No,4,No,No,Debit Card,81.1,25,No,187.05,No
PAL-02032,21,Core,42.61,8.2,No,2,No,Yes,Bank Draft,59.4,33,No,1040.33,No
PAL-02033,55,Basic,24.2,6.5,No,3,No,No,Debit Card,45.6,86,No,1538.45,Yes
PAL-02034,38,Core,51.92,4.4,No,2,No,No,Debit Card,47.1,36,No,2190.41,No
PAL-02035,9,Basic,31.51,5.9,No,0,Yes,No,Credit Card,76.2,29,No,521.69,No
PAL-02036,28,Core,45.45,2.7,Yes,3,No,No,Debit Card,57.0,67,No,1235.4,No
PAL-02037,56,Basic,24.34,5.6,No,3,Yes,No,Credit Card,37.0,80,No,1726.45,No
PAL-02038,34,Core,50.53,8.9,Yes,2,No,No,Credit Card,48.7,67,No,1583.17,No
PAL-02039,31,Core,45.85,9.2,No,5,Yes,No,Debit Card,51.6,84,No,1142.7,No
PAL-02040,41,Core,50.6,17.7,No,2,No,No,Debit Card,37.6,70,No,1453.79,No
PAL-02041,57,Core,45.31,5.3,No,1,Yes,No,Debit Card,75.0,90,No,1497.55,No
PAL-02042,40,Core,43.86,5.0,Yes,2,No,No,Bank Draft,34.5,61,Yes,1001.94,No
PAL-02043,40,Elite,87.42,6.5,Yes,3,No,No,Credit Card,75.1,79,No,7178.52,No
PAL-02044,42,Core,39.06,10.7,No,3,No,No,Credit Card,35.5,57,No,2592.17,No
PAL-02045,49,Core,47.91,15.3,No,2,No,No,Debit Card,56.2,39,No,1951.06,No
PAL-02046,27,Basic,21.86,14.7,No,1,No,No,Debit Card,69.4,100,No,620.41,No
PAL-02047,6,Elite,80.3,3.2,No,3,No,No,Debit Card,50.0,79,No,448.97,No
PAL-02048,43,Elite,78.02,8.0,No,1,No,No,Bank Draft,40.5,39,Yes,4384.15,No
PAL-02049,29,Basic,29.69,10.4,Yes,0,No,No,Bank Draft,54.1,48,No,1372.36,Yes
PAL-02050,16,Elite,74.8,23.0,No,2,Yes,No,Credit Card,57.6,25,No,1645.95,No
PAL-02051,39,Core,51.08,12.8,Yes,0,Yes,No,Credit Card,71.0,24,No,1330.27,No
PAL-02052,46,Basic,30.43,3.6,No,3,No,No,Credit Card,35.3,16,No,1125.81,Yes
PAL-02053,10,Basic,22.18,17.1,No,0,No,No,Debit Card,39.1,23,No,136.59,No
PAL-02054,48,Core,48.93,5.8,Yes,1,No,No,Credit Card,80.7,42,No,454.38,No
PAL-02055,32,Core,43.24,13.5,No,1,No,No,Credit Card,55.1,72,No,1427.23,No
PAL-02056,54,Elite,81.78,14.8,Yes,3,No,No,Debit Card,57.8,43,No,1494.07,No
PAL-02057,48,Basic,22.62,9.0,No,3,Yes,Yes,Bank Draft,62.3,17,Yes,2172.23,No
PAL-02058,57,Core,48.14,3.8,No,3,No,No,Credit Card,53.7,11,No,1346.51,No
PAL-02059,53,Core,40.71,7.2,Yes,0,No,No,Credit Card,69.5,76,No,2190.32,No
PAL-02060,31,Basic,27.45,9.5,No,3,Yes,No,Debit Card,61.3,78,No,1526.01,No
PAL-02061,23,Core,40.91,15.7,No,2,Yes,Yes,Bank Draft,52.8,96,No,554.06,No
PAL-02062,32,Elite,68.68,9.1,No,3,No,No,Credit Card,31.0,17,No,2565.85,No
PAL-02063,17,Basic,26.71,11.2,No,6,No,No,Debit Card,66.3,92,No,309.83,No
PAL-02064,23,Core,42.19,7.4,No,1,Yes,No,Credit Card,78.3,8,No,862.34,No
PAL-02065,55,Core,42.24,12.0,No,3,No,No,Debit Card,69.0,85,Yes,1702.47,No
PAL-02066,47,Basic,22.56,3.9,No,1,Yes,Yes,Debit Card,21.0,44,No,1305.69,No
PAL-02067,2,Core,47.32,11.8,No,4,No,No,Credit Card,69.4,37,No,22.83,No
PAL-02068,16,Basic,22.3,2.8,No,2,No,No,Credit Card,61.5,74,No,396.27,Yes
PAL-02069,36,Elite,73.31,4.8,Yes,2,No,Yes,Credit Card,52.8,49,No,2811.52,No
PAL-02070,39,Core,48.27,7.3,Yes,1,No,No,Credit Card,33.6,15,No,1402.45,No
PAL-02071,1,Basic,25.85,9.4,No,0,No,Yes,Credit Card,41.3,84,Yes,9.39,Yes
PAL-02072,34,Elite,66.53,12.3,No,2,No,No,Credit Card,58.5,26,Yes,2700.46,No
PAL-02073,38,Basic,24.58,5.2,Yes,4,No,No,Credit Card,45.9,59,No,495.47,No
PAL-02074,17,Elite,86.67,8.5,No,4,No,No,Credit Card,80.8,68,No,2184.99,No
PAL-02075,28,Core,43.32,5.1,No,1,No,No,Debit Card,29.6,88,No,1596.82,No
PAL-02076,15,Core,51.34,5.1,No,4,No,No,Debit Card,50.7,42,No,1246.25,No
PAL-02077,21,Basic,26.72,5.7,No,1,No,No,Credit Card,29.3,37,Yes,635.79,No
PAL-02078,9,Basic,26.71,13.0,No,1,No,No,Debit Card,29.0,95,No,151.48,No
PAL-02079,55,Elite,81.32,10.4,No,2,No,No,Bank Draft,36.1,86,No,4471.37,No
PAL-02080,44,Core,42.93,6.7,No,0,No,No,Credit Card,27.1,95,No,939.69,No
PAL-02081,5,Core,49.65,1.6,No,3,No,No,Debit Card,59.7,5,No,265.64,No
PAL-02082,50,Core,43.51,12.9,Yes,0,No,Yes,Credit Card,40.8,6,No,3885.72,Yes
PAL-02083,39,Elite,81.88,7.1,No,1,Yes,No,Bank Draft,36.7,14,No,8030.03,No
PAL-02084,11,Basic,27.73,13.3,No,1,No,No,Credit Card,51.5,13,Yes,182.85,No
PAL-02085,8,Core,45.03,10.6,No,1,No,No,Bank Draft,49.1,18,Yes,184.52,No
PAL-02086,55,Elite,76.28,3.5,No,3,Yes,Yes,Credit Card,48.5,25,No,2822.85,No
PAL-02087,17,Elite,78.42,8.1,No,3,No,No,Credit Card,46.2,39,No,949.06,No
PAL-02088,12,Core,45.26,2.3,No,0,No,No,Bank Draft,57.2,45,No,378.15,No
PAL-02089,15,Core,48.34,15.1,No,1,No,Yes,Debit Card,60.6,6,No,1614.5,No
PAL-02090,6,Basic,18.86,5.7,No,4,No,No,Debit Card,37.5,24,No,212.58,Yes
PAL-02091,30,Basic,30.58,7.8,No,2,No,No,Debit Card,75.0,0,Yes,1696.99,No
PAL-02092,53,Core,44.18,3.7,No,1,No,No,Debit Card,51.8,29,No,3524.4,No
PAL-02093,34,Core,38.27,22.3,Yes,2,Yes,No,Debit Card,68.2,95,No,1977.66,No
PAL-02094,56,Core,48.06,14.7,Yes,1,Yes,No,Debit Card,53.4,71,No,3486.31,No
PAL-02095,55,Elite,78.45,8.4,No,2,No,No,Credit Card,63.6,88,No,3534.12,No
PAL-02096,10,Basic,26.55,1.9,Yes,7,No,No,Credit Card,30.9,24,No,358.82,Yes
PAL-02097,28,Core,44.96,4.6,Yes,4,No,No,Credit Card,35.8,44,Yes,3379.55,No
PAL-02098,10,Core,51.95,4.0,No,3,No,No,Bank Draft,43.5,65,Yes,555.52,No
PAL-02099,38,Elite,82.7,9.5,No,2,No,No,Debit Card,34.0,25,No,3731.59,No
PAL-02100,17,Basic,23.69,6.1,No,5,No,No,Debit Card,55.8,87,No,247.62,No
PAL-02101,3,Basic,24.67,11.0,No,2,Yes,No,Debit Card,51.7,82,No,45.87,Yes
PAL-02102,3,Core,39.81,10.4,No,4,No,No,Debit Card,37.9,1,Yes,43.35,No
PAL-02103,32,Core,44.16,4.6,No,4,Yes,No,Credit Card,59.5,15,No,3094.75,No
PAL-02104,25,Basic,26.94,5.5,No,1,No,Yes,Credit Card,63.0,81,No,630.96,No
PAL-02105,49,Core,38.54,8.8,No,1,No,No,Credit Card,22.7,44,No,2108.78,No
PAL-02106,43,Basic,25.7,8.0,No,2,No,No,Debit Card,66.3,17,No,2248.5,No
PAL-02107,58,Elite,67.72,5.3,Yes,0,No,No,Debit Card,60.8,80,No,5563.34,No
PAL-02108,5,Basic,25.74,17.1,No,2,Yes,Yes,Debit Card,29.8,88,No,70.07,No
PAL-02109,46,Basic,24.71,1.2,No,2,No,No,Credit Card,42.2,62,No,1336.03,Yes
PAL-02110,18,Core,45.39,1.5,No,3,No,No,Debit Card,42.6,50,No,781.41,No
PAL-02111,43,Basic,30.0,8.3,No,2,No,No,Debit Card,38.4,31,Yes,2239.62,No
PAL-02112,21,Elite,80.74,12.7,No,2,Yes,No,Debit Card,73.3,78,Yes,1582.97,No
PAL-02113,48,Core,45.4,5.0,No,2,No,No,Bank Draft,44.8,75,No,2039.4,No
PAL-02114,57,Core,50.6,2.4,No,6,No,No,Bank Draft,19.7,29,No,2333.87,No
PAL-02115,9,Basic,26.01,1.8,No,4,No,No,Debit Card,47.6,3,Yes,346.4,Yes
PAL-02116,45,Basic,28.4,2.5,No,3,No,Yes,Debit Card,43.4,46,No,2180.72,Yes
PAL-02117,7,Basic,31.54,3.5,No,1,No,No,Bank Draft,41.9,59,No,215.98,Yes
PAL-02118,22,Basic,27.88,2.3,No,1,No,No,Credit Card,56.5,76,No,736.11,No
PAL-02119,38,Core,46.93,19.1,No,2,Yes,Yes,Credit Card,32.1,69,No,3729.32,No
PAL-02120,12,Core,42.95,1.1,No,1,No,No,Credit Card,76.9,35,No,881.67,Yes
PAL-02121,51,Core,45.34,6.4,No,0,No,Yes,Debit Card,50.2,6,No,1626.53,No
PAL-02122,53,Core,48.92,4.7,No,3,No,No,Credit Card,52.5,33,No,1917.6,No
PAL-02123,44,Elite,83.62,7.3,No,2,Yes,No,Credit Card,45.8,48,No,4210.11,No
PAL-02124,17,Core,37.95,3.4,No,4,No,Yes,Credit Card,73.8,17,Yes,1260.76,No
PAL-02125,53,Core,47.15,6.5,Yes,1,No,No,Credit Card,42.3,96,No,3244.97,No
PAL-02126,38,Basic,25.89,2.1,No,4,No,No,Debit Card,54.9,33,No,837.76,No
PAL-02127,43,Core,42.13,5.8,Yes,0,Yes,No,Debit Card,56.9,22,No,3112.19,No
PAL-02128,42,Elite,83.93,10.8,No,3,Yes,No,Bank Draft,48.8,80,Yes,2941.2,No
PAL-02129,6,Elite,96.02,12.0,Yes,0,No,No,Credit Card,59.9,72,No,647.84,No
PAL-02130,48,Basic,19.47,11.9,No,1,No,Yes,Credit Card,64.2,99,No,2816.49,No
PAL-02131,55,Basic,23.76,12.7,No,2,No,No,Debit Card,62.2,86,No,1145.11,No
PAL-02132,37,Elite,82.12,1.9,No,1,No,No,Credit Card,50.5,0,No,3293.86,No
PAL-02133,22,Basic,31.35,3.4,No,0,No,Yes,Debit Card,48.4,68,No,766.15,No
PAL-02134,24,Core,43.53,5.8,No,0,No,No,Debit Card,53.9,16,No,580.13,No
PAL-02135,48,Elite,86.96,16.1,Yes,2,No,Yes,Credit Card,46.3,36,No,6708.09,No
PAL-02136,9,Basic,25.98,10.3,No,0,Yes,No,Debit Card,37.3,65,No,272.8,No
PAL-02137,48,Basic,20.99,1.1,No,3,No,No,Bank Draft,54.2,0,No,1245.99,No
PAL-02138,12,Core,45.06,13.2,No,2,No,No,Credit Card,72.6,53,No,520.74,No
PAL-02139,31,Core,38.92,9.0,No,2,No,Yes,Debit Card,59.1,12,No,744.02,No
PAL-02140,35,Core,38.96,9.7,No,2,No,No,Debit Card,33.4,95,No,2175.62,No
PAL-02141,58,Elite,87.61,9.5,No,1,No,No,Credit Card,53.2,40,No,9192.52,No
PAL-02142,29,Core,47.6,5.1,No,0,No,No,Credit Card,64.8,25,Yes,841.08,No
PAL-02143,35,Basic,24.35,1.6,No,0,No,No,Credit Card,49.6,94,No,940.65,No
PAL-02144,23,Basic,21.45,12.4,No,2,Yes,No,Credit Card,54.5,9,Yes,891.92,No
PAL-02145,50,Elite,74.06,2.8,No,1,No,No,Credit Card,101.8,58,Yes,3337.16,No
PAL-02146,32,Elite,86.32,4.9,No,2,No,No,Credit Card,78.2,3,No,2594.21,Yes
PAL-02147,8,Basic,23.62,7.8,Yes,4,Yes,No,Credit Card,52.2,76,Yes,379.85,No
PAL-02148,52,Basic,23.78,3.6,No,1,No,No,Bank Draft,62.4,43,No,1181.29,Yes
PAL-02149,59,Basic,23.23,3.4,No,2,Yes,Yes,Credit Card,49.1,54,No,1631.11,No
PAL-02150,2,Basic,25.22,3.5,No,3,Yes,No,Debit Card,48.1,27,Yes,69.96,No
PAL-02151,24,Basic,18.86,9.8,No,5,No,No,Bank Draft,65.8,29,No,628.04,Yes
PAL-02152,8,Elite,64.63,4.2,No,1,No,No,Debit Card,65.5,32,No,471.46,No
PAL-02153,31,Basic,26.98,2.8,No,3,Yes,No,Credit Card,61.8,48,Yes,946.32,No
PAL-02154,0,Basic,29.29,5.7,No,2,No,No,Credit Card,49.4,65,Yes,19.23,Yes
PAL-02155,12,Elite,73.49,8.8,No,2,No,No,Credit Card,78.3,16,No,606.09,No
PAL-02156,19,Basic,19.47,8.4,No,8,No,No,Debit Card,37.2,59,No,276.61,Yes
PAL-02157,3,Basic,28.18,1.5,No,3,No,No,Credit Card,53.9,29,No,158.93,Yes
PAL-02158,10,Core,43.29,10.5,Yes,0,No,No,Credit Card,36.5,33,Yes,278.9,No
PAL-02159,35,Basic,26.96,2.5,No,3,No,No,Credit Card,54.2,33,No,814.63,Yes
PAL-02160,17,Basic,26.08,4.6,No,3,No,No,Debit Card,48.5,44,No,276.69,Yes
PAL-02161,33,Basic,25.13,7.9,No,4,No,No,Debit Card,71.7,75,No,794.57,No
PAL-02162,4,Core,44.84,4.2,No,3,No,No,Credit Card,52.6,33,No,355.5,No
PAL-02163,53,Basic,25.67,19.8,No,4,No,Yes,Debit Card,72.2,86,No,2112.85,No
PAL-02164,21,Elite,85.54,3.6,No,4,No,No,Credit Card,50.1,47,No,3276.05,No
PAL-02165,8,Basic,27.59,5.3,No,1,No,No,Credit Card,45.8,51,No,249.75,No
PAL-02166,24,Elite,71.03,12.8,Yes,1,No,No,Debit Card,58.6,3,No,966.52,No
PAL-02167,22,Elite,88.7,5.9,No,6,No,No,Credit Card,23.2,25,No,1222.83,No
PAL-02168,56,Basic,25.65,16.9,No,2,Yes,No,Debit Card,47.9,48,No,1649.47,Yes
PAL-02169,11,Elite,88.35,7.0,Yes,5,No,No,Debit Card,55.7,100,No,854.42,No
PAL-02170,34,Basic,33.07,2.8,No,2,No,No,Debit Card,84.5,22,No,880.22,Yes
PAL-02171,9,Basic,23.09,17.2,No,3,No,No,Bank Draft,61.7,49,No,307.32,Yes
PAL-02172,51,Basic,29.93,8.3,No,1,No,No,Bank Draft,27.4,34,No,3168.98,No
PAL-02173,51,Elite,83.5,7.9,Yes,1,Yes,No,Bank Draft,43.2,85,No,5314.63,No
PAL-02174,38,Basic,24.61,8.5,No,2,No,Yes,Credit Card,36.9,69,No,1446.58,Yes
PAL-02175,32,Basic,23.8,30.0,No,3,Yes,No,Bank Draft,59.1,22,No,570.42,No
PAL-02176,27,Elite,82.39,4.6,No,3,No,No,Bank Draft,65.7,59,No,1848.29,No
PAL-02177,60,Elite,78.19,9.9,No,4,No,No,Debit Card,31.8,72,No,1133.05,No
PAL-02178,54,Elite,81.55,4.1,Yes,2,No,No,Debit Card,68.9,69,No,7305.09,No
PAL-02179,37,Elite,88.26,6.1,No,3,No,No,Debit Card,40.1,58,Yes,4604.02,No
PAL-02180,47,Basic,28.01,6.1,No,1,No,No,Debit Card,40.4,92,No,1341.16,No
PAL-02181,39,Basic,24.07,9.4,No,1,No,No,Debit Card,35.7,92,No,1718.09,No
PAL-02182,1,Basic,30.21,3.1,No,6,No,No,Debit Card,44.6,93,No,0.0,No
PAL-02183,33,Core,45.89,10.5,No,4,No,Yes,Debit Card,52.9,90,Yes,1647.06,No
PAL-02184,13,Elite,89.31,1.8,Yes,2,No,No,Debit Card,69.3,42,No,2088.14,No
PAL-02185,35,Elite,80.89,11.2,No,2,No,Yes,Debit Card,34.6,48,No,2369.35,No
PAL-02186,60,Core,40.02,1.7,Yes,4,No,No,Credit Card,35.3,92,No,1961.3,No
PAL-02187,24,Core,42.01,4.5,Yes,2,No,Yes,Credit Card,65.2,3,No,962.26,No
PAL-02188,46,Elite,69.38,8.5,No,2,Yes,No,Bank Draft,48.0,70,No,1953.12,No
PAL-02189,59,Core,41.41,9.3,No,1,No,Yes,Credit Card,43.1,95,No,5582.35,No
PAL-02190,25,Core,35.68,7.8,Yes,1,No,Yes,Credit Card,55.8,49,Yes,652.96,No
PAL-02191,43,Elite,77.77,11.4,Yes,3,Yes,No,Credit Card,44.9,80,No,3022.83,No
PAL-02192,36,Basic,22.75,6.2,No,1,No,No,Credit Card,39.5,32,No,961.65,No
PAL-02193,14,Basic,28.8,4.8,No,1,No,Yes,Credit Card,48.3,98,No,546.86,Yes
PAL-02194,47,Elite,82.14,6.7,No,2,Yes,Yes,Bank Draft,55.8,1,No,5146.9,No
PAL-02195,23,Elite,86.47,3.7,Yes,5,No,Yes,Debit Card,36.9,41,No,1204.71,No
PAL-02196,23,Core,44.2,9.3,No,2,Yes,No,Credit Card,66.6,56,No,561.49,Yes
PAL-02197,5,Core,44.33,7.5,No,3,No,No,Credit Card,50.2,24,No,266.21,No
PAL-02198,2,Basic,26.8,11.0,No,3,No,No,Credit Card,49.8,82,No,34.33,Yes
PAL-02199,16,Basic,24.5,3.8,No,0,No,No,Credit Card,44.2,84,No,784.59,No
PAL-02200,37,Basic,22.04,6.4,No,4,Yes,Yes,Credit Card,46.6,45,No,1358.94,No
PAL-02201,56,Basic,22.03,5.2,No,1,No,Yes,Credit Card,41.7,86,No,1094.67,No
PAL-02202,7,Basic,22.44,2.0,No,2,No,No,Debit Card,68.1,79,No,185.05,Yes
PAL-02203,21,Core,46.89,3.9,No,3,Yes,No,Credit Card,54.4,0,Yes,644.09,Yes
PAL-02204,14,Core,46.4,6.6,No,2,No,No,Credit Card,45.4,55,No,850.05,No
PAL-02205,31,Basic,28.31,3.4,No,3,No,No,Debit Card,40.3,71,No,1294.42,Yes
PAL-02206,31,Basic,25.13,0.5,No,2,No,No,Credit Card,45.6,93,No,917.4,No
PAL-02207,52,Basic,27.36,3.9,No,0,No,No,Debit Card,58.9,43,No,2428.23,No
PAL-02208,48,Core,38.05,7.6,No,1,Yes,No,Debit Card,47.1,2,No,2585.75,Yes
PAL-02209,28,Elite,83.5,6.7,No,5,No,No,Bank Draft,48.9,43,No,2885.46,Yes
PAL-02210,13,Basic,25.45,26.5,No,1,No,Yes,Credit Card,53.7,73,No,379.89,No
PAL-02211,35,Basic,21.7,7.1,No,2,No,No,Credit Card,44.2,8,No,404.25,No
PAL-02212,11,Elite,90.41,3.6,No,0,No,No,Debit Card,50.6,25,Yes,1108.79,No
PAL-02213,60,Basic,26.06,10.1,Yes,3,No,No,Debit Card,80.8,71,No,1041.54,Yes
PAL-02214,25,Basic,26.83,9.6,No,6,No,No,Credit Card,54.6,85,No,661.81,No
PAL-02215,26,Core,38.14,6.6,No,2,Yes,No,Credit Card,55.1,40,No,353.78,No
PAL-02216,8,Elite,74.63,1.5,No,2,No,No,Debit Card,41.7,30,Yes,480.46,No
PAL-02217,40,Elite,74.66,6.7,No,4,No,No,Credit Card,64.2,62,No,3902.99,No
PAL-02218,15,Core,42.5,9.3,No,3,No,No,Debit Card,43.0,28,No,336.16,No
PAL-02219,17,Basic,19.75,11.1,No,2,No,No,Debit Card,56.6,61,No,431.58,No
PAL-02220,18,Basic,23.2,5.7,No,3,No,No,Bank Draft,23.0,35,No,333.92,Yes
PAL-02221,14,Basic,22.55,7.0,No,4,No,No,Credit Card,40.9,80,No,372.68,No
PAL-02222,47,Elite,88.05,2.0,No,3,Yes,No,Debit Card,44.2,44,No,3807.15,No
PAL-02223,53,Core,45.82,12.1,No,1,Yes,No,Credit Card,47.7,34,Yes,2157.56,No
PAL-02224,40,Elite,72.75,5.7,Yes,5,No,No,Bank Draft,46.2,16,Yes,5084.35,Yes
PAL-02225,57,Core,42.92,6.2,No,1,No,No,Credit Card,69.0,39,Yes,3407.02,Yes
PAL-02226,22,Core,41.86,13.3,No,1,Yes,No,Credit Card,51.1,85,No,359.08,No
PAL-02227,54,Basic,21.23,5.7,No,2,No,No,Bank Draft,69.1,8,No,811.06,No
PAL-02228,57,Core,50.25,7.3,Yes,2,No,No,Credit Card,38.9,1,No,2350.52,No
PAL-02229,5,Core,47.29,4.2,No,1,No,No,Debit Card,35.0,38,No,373.47,No
PAL-02230,16,Basic,25.42,11.6,No,1,Yes,No,Credit Card,72.9,8,No,415.47,Yes
PAL-02231,31,Elite,71.78,12.9,Yes,3,No,No,Credit Card,39.3,95,No,1451.06,No
PAL-02232,30,Core,47.82,2.1,No,1,Yes,No,Debit Card,56.0,21,No,1232.83,No
PAL-02233,36,Basic,25.82,9.0,Yes,4,No,No,Bank Draft,48.4,70,No,792.71,Yes
PAL-02234,37,Basic,28.93,3.1,No,4,No,Yes,Bank Draft,36.1,75,No,733.97,No
PAL-02235,7,Elite,80.53,12.4,Yes,3,No,Yes,Debit Card,32.8,28,Yes,537.24,No
PAL-02236,58,Basic,27.41,7.1,No,4,No,No,Credit Card,40.5,24,No,2290.97,Yes
PAL-02237,0,Core,46.38,8.2,No,2,No,No,Credit Card,45.9,14,Yes,0.0,No
PAL-02238,52,Basic,24.07,11.6,No,0,No,No,Credit Card,57.8,20,No,2472.79,Yes
PAL-02239,30,Core,40.56,3.1,Yes,3,No,No,Bank Draft,53.0,65,Yes,1457.4,No
PAL-02240,22,Core,47.92,6.2,No,1,No,No,Debit Card,47.2,5,No,1409.98,No
PAL-02241,26,Core,55.0,2.7,No,3,No,No,Credit Card,66.5,40,Yes,1587.14,No
PAL-02242,30,Basic,24.08,10.7,Yes,2,Yes,No,Bank Draft,70.5,2,Yes,625.91,No
PAL-02243,0,Basic,30.31,2.5,No,2,Yes,No,Credit Card,54.2,66,No,24.01,Yes
PAL-02244,27,Elite,86.1,5.1,No,3,No,No,Credit Card,45.3,47,No,1475.66,No
PAL-02245,58,Elite,81.83,4.4,No,4,Yes,Yes,Debit Card,51.8,71,No,2149.2,No
PAL-02246,18,Elite,60.0,13.5,No,4,No,No,Credit Card,55.6,52,No,1381.91,No
PAL-02247,20,Core,47.42,15.2,No,1,No,No,Credit Card,31.6,83,No,1047.98,No
PAL-02248,29,Basic,26.51,9.4,No,3,No,No,Credit Card,51.0,16,No,359.15,No
PAL-02249,57,Elite,78.91,7.7,No,4,No,Yes,Credit Card,52.5,87,No,5097.39,No
PAL-02250,5,Elite,74.09,2.4,Yes,2,No,No,Debit Card,38.0,11,No,589.44,Yes
PAL-02251,18,Basic,28.44,5.7,No,0,No,No,Credit Card,44.2,15,No,792.58,No
PAL-02252,3,Basic,20.75,10.4,No,5,No,No,Debit Card,41.5,85,No,0.0,No
PAL-02253,5,Core,44.58,5.7,No,3,No,Yes,Debit Card,68.9,23,No,192.07,No
PAL-02254,4,Core,38.84,7.9,No,3,No,No,Credit Card,34.8,3,No,47.38,Yes
PAL-02255,20,Core,41.96,0.8,No,3,Yes,No,Credit Card,57.3,61,No,1342.07,Yes
PAL-02256,8,Elite,89.58,3.4,No,3,No,No,Credit Card,74.8,13,No,1001.15,No
PAL-02257,47,Elite,67.71,9.6,Yes,1,No,No,Credit Card,50.7,12,No,2260.52,No
PAL-02258,17,Basic,20.24,2.3,No,1,No,No,Credit Card,71.4,16,No,349.97,No
PAL-02259,26,Core,47.77,3.6,No,2,No,No,Credit Card,53.4,99,No,1087.03,No
PAL-02260,38,Basic,23.75,1.2,No,5,No,No,Credit Card,58.8,17,No,770.9,Yes
PAL-02261,20,Basic,27.92,6.4,No,0,No,No,Credit Card,32.7,9,No,607.23,Yes
PAL-02262,51,Basic,29.77,3.5,No,3,No,No,Credit Card,70.0,66,Yes,1713.37,No
PAL-02263,40,Elite,84.59,14.4,Yes,2,No,No,Debit Card,47.8,65,No,1173.97,No
PAL-02264,47,Basic,22.7,8.4,No,0,No,No,Credit Card,51.0,65,No,1070.27,Yes
PAL-02265,41,Core,47.58,8.4,No,0,No,Yes,Credit Card,47.0,53,No,3732.99,No
PAL-02266,19,Core,40.86,2.9,No,1,No,No,Debit Card,41.4,43,No,776.27,No
PAL-02267,35,Basic,26.57,6.9,No,3,No,No,Debit Card,63.4,26,No,1828.56,Yes
PAL-02268,2,Core,46.92,2.2,No,4,No,No,Credit Card,46.8,99,No,149.71,Yes
PAL-02269,11,Core,41.12,3.6,No,0,No,No,Debit Card,40.9,85,No,1136.69,No
PAL-02270,3,Basic,26.23,17.0,No,1,No,No,Debit Card,41.7,90,No,152.06,Yes
PAL-02271,4,Core,48.45,2.8,No,2,No,No,Credit Card,38.7,88,No,548.55,No
PAL-02272,48,Basic,21.5,5.3,No,1,No,Yes,Debit Card,73.0,76,No,1431.12,No
PAL-02273,12,Basic,22.44,4.6,No,0,No,No,Debit Card,53.8,15,No,331.72,Yes
PAL-02274,53,Basic,24.66,12.3,No,4,No,No,Credit Card,40.8,7,No,832.79,No
PAL-02275,58,Elite,80.14,2.5,Yes,2,No,No,Credit Card,40.5,42,No,2552.05,No
PAL-02276,56,Basic,21.16,7.1,No,4,No,No,Credit Card,66.5,37,Yes,2331.39,No
PAL-02277,36,Elite,82.13,1.1,No,5,No,No,Credit Card,55.8,51,No,2062.49,No
PAL-02278,58,Basic,32.59,7.8,No,5,No,Yes,Bank Draft,31.1,21,No,3830.79,No
PAL-02279,6,Core,47.42,11.6,No,1,Yes,Yes,Bank Draft,15.0,81,No,222.66,No
PAL-02280,51,Basic,21.81,5.7,No,2,Yes,No,Debit Card,54.0,51,Yes,422.4,No
PAL-02281,6,Basic,23.62,6.8,No,0,No,No,Debit Card,71.2,73,Yes,231.91,No
PAL-02282,21,Core,48.91,7.4,Yes,2,No,No,Credit Card,41.1,25,Yes,604.91,No
PAL-02283,19,Basic,26.09,3.2,No,2,Yes,No,Credit Card,60.5,26,No,915.5,Yes
PAL-02284,28,Basic,25.72,5.1,No,2,No,No,Credit Card,76.9,27,No,582.09,Yes
PAL-02285,40,Basic,26.84,3.0,No,0,No,No,Credit Card,33.7,19,No,1049.16,Yes
PAL-02286,50,Basic,21.95,14.1,Yes,4,No,No,Debit Card,38.5,22,No,974.37,No
PAL-02287,36,Core,43.02,7.7,Yes,2,No,No,Credit Card,47.1,43,No,1523.5,No
PAL-02288,54,Core,47.89,2.9,No,1,No,No,Debit Card,57.3,54,Yes,2931.21,No
PAL-02289,36,Elite,86.39,5.1,No,2,No,No,Debit Card,56.8,78,No,2410.86,No
PAL-02290,22,Basic,20.92,2.6,Yes,2,No,No,Credit Card,50.3,52,Yes,240.07,No
PAL-02291,34,Elite,78.36,4.7,No,1,No,No,Bank Draft,88.1,2,No,1356.88,No
PAL-02292,38,Elite,80.78,2.9,Yes,1,No,No,Credit Card,63.5,59,Yes,2057.04,No
PAL-02293,30,Core,45.45,2.3,No,5,No,No,Debit Card,47.3,0,No,705.71,Yes
PAL-02294,10,Core,46.58,7.0,No,1,No,No,Credit Card,49.4,19,No,770.69,No
PAL-02295,17,Basic,25.29,9.4,No,1,Yes,No,Credit Card,46.8,39,No,317.07,No
PAL-02296,0,Core,45.25,13.4,No,3,Yes,No,Debit Card,69.5,90,No,0.0,No
PAL-02297,36,Basic,22.27,3.2,No,3,Yes,No,Credit Card,30.8,43,Yes,1131.57,No
PAL-02298,21,Basic,22.8,4.6,No,2,No,No,Credit Card,48.7,80,No,186.03,Yes
PAL-02299,47,Basic,22.58,8.9,Yes,2,No,No,Bank Draft,25.6,70,No,1684.75,No
PAL-02300,56,Core,41.53,5.7,No,3,No,No,Debit Card,56.3,30,Yes,1706.49,No
PAL-02301,60,Basic,22.58,10.2,No,4,No,No,Credit Card,59.2,72,Yes,1100.0,No
PAL-02302,39,Elite,93.92,6.9,Yes,1,Yes,No,Credit Card,32.0,68,No,10132.44,No
PAL-02303,58,Core,46.3,3.8,No,2,No,No,Credit Card,29.6,90,No,2757.23,No
PAL-02304,54,Core,46.8,4.5,No,3,No,No,Debit Card,52.3,99,No,2570.85,No
PAL-02305,58,Core,40.57,5.8,No,3,No,No,Bank Draft,56.9,78,No,2568.37,No
PAL-02306,21,Basic,20.63,3.7,No,1,No,No,Credit Card,31.7,40,No,207.16,Yes
PAL-02307,18,Core,47.27,3.4,Yes,1,Yes,No,Credit Card,48.2,32,No,2209.09,Yes
PAL-02308,2,Core,47.06,8.8,No,0,No,No,Credit Card,61.3,46,Yes,36.04,No
PAL-02309,34,Core,42.29,7.5,No,1,No,No,Debit Card,58.7,14,No,2629.4,Yes
PAL-02310,21,Core,46.05,0.6,No,5,No,No,Credit Card,46.2,1,No,845.61,Yes
PAL-02311,51,Basic,21.78,14.1,No,1,No,Yes,Credit Card,42.3,84,No,854.42,Yes
PAL-02312,26,Core,42.53,3.4,No,2,No,No,Debit Card,17.3,89,No,850.09,No
PAL-02313,11,Core,47.34,9.3,No,2,Yes,No,Debit Card,41.3,95,No,123.38,Yes
PAL-02314,40,Basic,23.89,5.8,No,4,No,No,Credit Card,56.6,58,No,893.7,No
PAL-02315,16,Basic,28.39,8.3,No,4,No,No,Debit Card,51.4,76,No,687.12,No
PAL-02316,58,Core,41.44,7.3,Yes,1,No,No,Credit Card,62.5,86,Yes,2411.93,No
PAL-02317,34,Basic,31.08,3.8,No,5,No,No,Debit Card,78.3,53,No,655.05,No
PAL-02318,18,Core,50.28,3.4,No,1,Yes,Yes,Credit Card,52.0,25,No,1177.37,Yes
PAL-02319,37,Basic,27.76,2.3,Yes,2,No,Yes,Credit Card,23.3,10,No,978.48,No
PAL-02320,46,Basic,25.71,7.7,No,3,No,Yes,Bank Draft,44.9,10,No,1017.86,No
PAL-02321,21,Core,50.07,10.1,No,3,No,No,Credit Card,68.1,16,No,580.94,No
PAL-02322,54,Elite,88.02,3.8,No,2,Yes,No,Bank Draft,69.0,78,No,3575.64,No
PAL-02323,6,Basic,28.06,7.3,Yes,3,Yes,No,Debit Card,28.8,42,No,243.98,Yes
PAL-02324,15,Basic,24.52,2.3,No,4,No,No,Credit Card,39.9,17,No,417.64,Yes
PAL-02325,10,Basic,25.76,7.9,No,3,No,No,Debit Card,49.0,35,Yes,430.55,Yes
PAL-02326,47,Basic,27.14,2.3,No,2,No,No,Debit Card,64.8,96,No,502.54,No
PAL-02327,25,Core,48.26,12.2,Yes,3,Yes,No,Credit Card,39.5,92,No,919.66,No
PAL-02328,58,Elite,87.45,7.8,Yes,2,Yes,No,Credit Card,60.2,49,Yes,4419.54,No
PAL-02329,15,Core,52.79,5.5,No,4,No,No,Credit Card,15.0,56,No,916.47,Yes
PAL-02330,47,Basic,26.62,6.6,No,1,No,No,Credit Card,49.8,13,No,1325.85,No
PAL-02331,41,Basic,27.86,7.6,No,2,No,No,Debit Card,35.3,64,No,1098.65,No
PAL-02332,24,Basic,27.03,1.4,No,2,No,No,Credit Card,47.9,99,No,923.48,Yes
PAL-02333,56,Core,50.7,7.4,No,1,Yes,No,Bank Draft,30.4,5,No,15013.42,Yes
PAL-02334,35,Basic,22.79,3.6,No,3,No,No,Credit Card,52.3,2,Yes,678.28,No
PAL-02335,28,Elite,87.19,7.4,Yes,2,Yes,No,Credit Card,59.7,60,No,4867.04,No
PAL-02336,45,Core,48.74,10.4,No,2,No,No,Debit Card,55.0,28,No,4872.71,No
PAL-02337,55,Basic,26.92,4.6,No,1,No,No,Debit Card,67.6,43,Yes,1015.48,Yes
PAL-02338,49,Basic,22.74,9.5,No,4,Yes,No,Debit Card,53.7,92,No,1136.91,Yes
PAL-02339,8,Basic,27.19,11.9,No,4,No,No,Credit Card,54.2,7,No,142.35,Yes
PAL-02340,43,Core,51.24,7.1,No,2,No,No,Debit Card,43.7,53,No,1855.35,Yes
PAL-02341,32,Elite,95.21,5.9,No,4,No,No,Debit Card,57.8,47,No,3988.0,No
PAL-02342,59,Core,44.49,6.3,Yes,1,No,No,Credit Card,44.6,92,No,2207.49,No
PAL-02343,54,Core,42.78,3.4,No,3,No,No,Debit Card,47.5,4,No,2537.77,No
PAL-02344,52,Basic,23.76,13.2,No,3,No,No,Credit Card,67.0,86,No,1601.73,Yes
PAL-02345,8,Core,48.91,7.7,No,5,No,No,Debit Card,75.9,98,No,464.32,No
PAL-02346,13,Elite,84.65,7.9,No,2,Yes,Yes,Credit Card,47.3,100,No,1178.99,No
PAL-02347,54,Basic,21.11,12.5,No,2,No,No,Credit Card,57.5,26,No,1257.63,No
PAL-02348,60,Core,44.55,4.5,No,4,No,Yes,Credit Card,41.3,51,No,3125.05,No
PAL-02349,46,Elite,81.01,2.3,No,3,No,No,Credit Card,42.9,74,Yes,4026.38,No
PAL-02350,42,Core,48.68,5.6,No,2,No,No,Debit Card,17.5,40,No,1458.82,No
PAL-02351,30,Core,41.91,15.9,No,1,No,No,Credit Card,59.9,45,No,685.66,No
PAL-02352,55,Elite,85.09,13.0,No,2,Yes,No,Bank Draft,45.6,29,No,4725.53,No
PAL-02353,5,Core,42.36,2.2,No,2,No,No,Credit Card,75.3,94,No,246.71,No
PAL-02354,30,Basic,20.79,3.8,Yes,5,Yes,No,Credit Card,41.7,9,No,1181.56,No
PAL-02355,6,Core,39.15,11.1,Yes,2,No,No,Credit Card,51.8,3,No,184.86,No
PAL-02356,54,Basic,31.47,7.4,No,2,No,No,Bank Draft,62.3,78,Yes,1427.99,Yes
PAL-02357,24,Elite,75.56,6.8,No,2,No,No,Debit Card,87.0,10,No,2514.79,No
PAL-02358,60,Core,40.54,5.1,No,3,No,No,Debit Card,39.9,96,No,1322.13,No
PAL-02359,3,Core,46.36,3.9,No,0,No,No,Credit Card,45.3,86,No,50.46,No
PAL-02360,50,Basic,21.84,4.6,No,2,No,No,Bank Draft,54.3,56,No,978.67,Yes
PAL-02361,13,Core,39.35,2.1,Yes,1,No,No,Credit Card,47.5,44,No,1263.32,No
PAL-02362,48,Core,41.03,8.5,No,1,Yes,No,Bank Draft,61.7,59,No,1694.02,No
PAL-02363,48,Basic,27.83,4.2,No,1,No,No,Credit Card,54.3,83,No,1669.06,No
PAL-02364,13,Basic,27.02,8.2,No,3,Yes,Yes,Bank Draft,69.6,46,No,302.96,No
PAL-02365,24,Elite,86.79,1.9,No,3,No,No,Credit Card,48.5,88,No,1715.51,No
PAL-02366,8,Elite,88.23,6.0,No,0,No,No,Credit Card,64.0,59,No,1221.31,No
PAL-02367,38,Core,41.79,10.5,No,1,Yes,No,Credit Card,51.6,97,Yes,980.52,No
PAL-02368,46,Basic,27.75,7.6,No,3,No,No,Debit Card,60.0,10,No,1334.02,Yes
PAL-02369,2,Elite,77.37,4.7,No,3,No,No,Credit Card,55.2,95,Yes,197.48,No
PAL-02370,43,Elite,78.98,2.7,No,1,No,No,Credit Card,51.1,4,No,6102.2,No
PAL-02371,17,Core,43.36,7.0,Yes,1,No,No,Credit Card,41.7,44,Yes,734.64,No
PAL-02372,38,Core,45.34,11.3,No,2,No,No,Bank Draft,63.9,10,No,858.97,No
PAL-02373,57,Basic,21.97,14.3,No,1,No,Yes,Debit Card,37.4,100,No,697.78,No
PAL-02374,27,Core,52.83,8.2,Yes,3,No,Yes,Debit Card,61.0,5,No,1004.99,No
PAL-02375,43,Elite,82.83,4.1,Yes,1,No,Yes,Debit Card,60.6,85,No,5334.96,No
PAL-02376,3,Core,48.17,5.2,No,5,Yes,No,Credit Card,82.9,20,No,103.72,No
PAL-02377,3,Elite,74.95,7.4,No,1,No,No,Debit Card,63.9,19,No,267.27,No
PAL-02378,34,Basic,23.73,6.8,No,3,No,Yes,Credit Card,25.8,70,Yes,1786.28,No
PAL-02379,38,Basic,22.07,1.7,No,0,Yes,No,Credit Card,38.6,49,No,1123.92,No
PAL-02380,32,Elite,71.74,16.1,Yes,3,No,No,Credit Card,51.7,87,No,3468.77,No
PAL-02381,42,Elite,78.1,5.9,No,3,Yes,No,Credit Card,46.3,13,No,3798.05,No
PAL-02382,43,Basic,27.94,5.9,No,2,Yes,No,Credit Card,57.0,22,No,785.19,No
PAL-02383,58,Elite,80.61,2.2,No,0,No,No,Debit Card,34.4,84,No,11752.51,No
PAL-02384,5,Basic,29.43,4.7,No,5,Yes,No,Credit Card,26.9,2,No,52.65,Yes
PAL-02385,24,Core,42.63,9.4,Yes,2,Yes,No,Credit Card,38.7,79,No,1598.27,No
PAL-02386,24,Basic,24.85,10.1,No,4,No,No,Debit Card,82.0,97,Yes,871.62,No
PAL-02387,33,Elite,85.34,8.2,Yes,2,No,No,Credit Card,67.2,78,No,1644.03,No
PAL-02388,25,Elite,84.47,3.3,No,4,No,Yes,Credit Card,44.1,16,No,934.47,No
PAL-02389,45,Basic,31.42,11.5,No,2,Yes,No,Bank Draft,54.5,30,Yes,1858.84,Yes
PAL-02390,28,Elite,79.66,3.7,No,2,No,No,Debit Card,38.1,78,No,1388.36,Yes
PAL-02391,23,Basic,25.77,3.5,No,1,Yes,No,Bank Draft,63.9,77,No,1070.3,No
PAL-02392,2,Elite,84.62,4.3,No,3,No,Yes,Bank Draft,37.3,93,Yes,209.12,No
PAL-02393,21,Elite,75.83,12.2,No,2,No,Yes,Credit Card,46.5,28,No,2664.47,No
PAL-02394,35,Elite,67.96,4.5,No,3,No,No,Bank Draft,41.3,75,Yes,3860.11,No
PAL-02395,60,Basic,24.36,7.6,Yes,4,No,No,Debit Card,48.6,0,No,1754.89,No
PAL-02396,11,Basic,25.28,4.9,No,1,Yes,No,Credit Card,56.0,9,No,280.45,No
PAL-02397,45,Core,45.08,14.5,No,0,Yes,No,Bank Draft,51.7,52,No,2552.4,No
PAL-02398,55,Core,42.84,7.0,No,0,No,No,Bank Draft,65.9,86,No,2249.68,No
PAL-02399,30,Core,48.53,4.2,Yes,5,Yes,Yes,Credit Card,38.0,35,No,1214.55,No
PAL-02400,38,Core,47.24,1.8,No,4,No,No,Credit Card,17.1,63,No,961.68,No
PAL-02401,12,Basic,26.43,8.2,No,0,Yes,No,Credit Card,54.4,64,No,403.24,Yes
PAL-02402,50,Core,42.82,6.0,Yes,2,No,No,Credit Card,74.7,36,No,1934.29,No
PAL-02403,40,Basic,20.55,4.6,No,2,No,Yes,Debit Card,37.7,86,No,1160.84,No
PAL-02404,30,Basic,25.77,2.6,No,1,Yes,No,Credit Card,60.1,57,No,980.57,Yes
PAL-02405,40,Core,46.53,15.5,No,0,No,No,Credit Card,45.6,99,No,1002.03,No
PAL-02406,22,Core,46.81,9.0,No,1,Yes,No,Credit Card,40.9,88,No,1213.47,No
PAL-02407,11,Basic,24.5,10.8,No,1,No,No,Debit Card,40.9,27,No,432.87,No
PAL-02408,15,Basic,24.19,5.1,Yes,1,No,No,Debit Card,59.0,67,No,356.81,No
PAL-02409,1,Core,45.21,5.4,No,2,No,Yes,Credit Card,70.9,24,No,110.68,No
PAL-02410,24,Core,46.56,16.8,No,2,Yes,No,Debit Card,68.7,78,No,1412.12,No
PAL-02411,27,Basic,24.58,3.0,No,2,Yes,No,Debit Card,64.0,27,No,1451.93,No
PAL-02412,56,Core,47.3,14.3,Yes,1,Yes,No,Debit Card,54.0,87,No,2836.83,No
PAL-02413,25,Basic,27.91,13.4,No,1,Yes,Yes,Credit Card,43.0,81,No,1108.69,No
PAL-02414,56,Core,53.51,2.2,No,2,No,No,Credit Card,65.1,23,Yes,1533.17,No
PAL-02415,7,Core,49.78,2.6,No,2,Yes,No,Credit Card,70.7,45,No,212.85,No
PAL-02416,57,Elite,78.4,18.3,No,2,Yes,No,Credit Card,46.0,74,No,5833.83,No
PAL-02417,25,Basic,24.99,5.9,No,3,No,No,Credit Card,45.8,57,Yes,526.95,Yes
PAL-02418,46,Core,41.14,6.0,No,4,No,No,Credit Card,57.9,73,Yes,2357.39,No
PAL-02419,14,Basic,21.57,7.2,No,3,No,No,Credit Card,37.8,77,No,379.06,No
PAL-02420,10,Core,45.99,4.4,Yes,2,No,No,Credit Card,55.2,80,No,684.55,No
PAL-02421,34,Elite,82.0,11.2,No,1,No,No,Bank Draft,24.2,48,No,1913.14,Yes
PAL-02422,43,Elite,75.37,2.2,Yes,0,No,No,Debit Card,66.4,35,No,4081.7,No
PAL-02423,16,Basic,25.19,10.9,No,1,No,No,Debit Card,53.7,99,No,337.12,Yes
PAL-02424,20,Basic,24.24,4.2,No,5,No,No,Credit Card,53.8,85,No,441.33,No
PAL-02425,25,Basic,24.98,3.6,No,2,No,No,Bank Draft,59.4,42,No,1425.03,Yes
PAL-02426,25,Basic,24.73,4.6,No,5,Yes,No,Bank Draft,45.3,12,No,999.57,No
PAL-02427,60,Basic,26.03,9.8,Yes,1,No,No,Credit Card,65.5,89,No,1728.28,No
PAL-02428,28,Basic,20.79,4.8,No,0,No,No,Credit Card,68.6,77,No,527.04,Yes
PAL-02429,46,Core,53.5,1.1,No,0,No,No,Credit Card,62.5,26,Yes,3658.93,No
PAL-02430,15,Core,46.45,3.0,No,1,No,No,Credit Card,62.7,15,No,1168.75,No
PAL-02431,41,Basic,20.9,8.5,No,3,Yes,No,Credit Card,96.6,13,No,992.21,No
PAL-02432,12,Core,52.37,3.1,No,0,No,Yes,Credit Card,74.5,10,Yes,1019.67,Yes
PAL-02433,43,Basic,24.69,3.3,No,1,Yes,No,Credit Card,43.3,52,No,996.74,No
PAL-02434,6,Core,55.0,3.6,Yes,3,No,Yes,Credit Card,54.5,81,Yes,540.64,No
PAL-02435,18,Core,41.27,10.2,No,5,No,No,Credit Card,28.3,89,No,595.99,No
PAL-02436,26,Basic,24.18,7.2,No,3,No,No,Debit Card,62.1,40,No,711.12,No
PAL-02437,56,Basic,22.09,12.2,No,2,No,No,Debit Card,44.3,26,No,648.32,Yes
PAL-02438,36,Basic,18.83,4.9,No,3,No,Yes,Credit Card,76.8,65,No,504.9,No
PAL-02439,11,Core,44.71,12.7,No,2,Yes,Yes,Credit Card,61.7,64,No,431.1,Yes
PAL-02440,53,Basic,25.71,0.9,No,3,No,No,Credit Card,45.3,62,Yes,1231.66,No
PAL-02441,48,Elite,68.3,6.5,No,4,No,No,Debit Card,53.2,27,No,2700.39,No
PAL-02442,1,Basic,23.61,5.3,No,3,No,No,Bank Draft,67.3,60,No,0.0,No
PAL-02443,8,Basic,25.96,4.8,No,3,No,Yes,Bank Draft,63.2,41,No,296.51,No
PAL-02444,2,Core,45.28,13.1,No,3,No,Yes,Credit Card,42.2,47,No,50.38,No
PAL-02445,14,Basic,25.77,5.1,No,1,No,No,Credit Card,71.7,13,No,442.67,No
PAL-02446,45,Core,39.77,8.8,Yes,4,No,Yes,Credit Card,20.9,76,Yes,2377.86,No
PAL-02447,10,Core,50.55,13.7,No,2,No,No,Bank Draft,32.6,4,No,304.25,No
PAL-02448,48,Elite,73.09,6.9,No,3,No,Yes,Credit Card,51.2,29,Yes,3042.62,No
PAL-02449,24,Core,46.37,4.1,No,0,Yes,No,Debit Card,46.3,60,No,1304.84,Yes
PAL-02450,2,Core,38.38,1.8,No,4,Yes,No,Credit Card,56.0,71,Yes,88.69,No
PAL-02451,33,Elite,70.37,5.3,No,2,Yes,No,Credit Card,36.0,56,Yes,3858.06,No
PAL-02452,46,Basic,27.1,7.9,No,3,Yes,No,Credit Card,41.7,32,No,2168.52,No
PAL-02453,21,Core,46.28,10.5,No,3,No,Yes,Debit Card,36.9,30,No,1845.94,No
PAL-02454,34,Elite,69.09,8.8,No,3,No,No,Debit Card,35.8,12,No,2284.55,No
PAL-02455,49,Core,41.84,3.5,No,3,No,No,Credit Card,50.7,4,No,1027.78,Yes
PAL-02456,19,Basic,21.77,7.3,No,4,No,No,Debit Card,37.2,17,No,642.61,Yes
PAL-02457,22,Elite,80.47,4.6,No,3,No,No,Debit Card,45.3,19,No,2066.54,No
PAL-02458,39,Basic,25.04,2.4,Yes,1,No,Yes,Debit Card,45.8,40,No,763.92,No
PAL-02459,56,Core,44.9,10.6,No,1,No,No,Credit Card,51.7,6,No,1756.57,No
PAL-02460,18,Basic,31.23,2.4,No,7,No,No,Credit Card,28.1,37,No,466.32,No
PAL-02461,13,Core,35.02,7.1,No,1,No,Yes,Debit Card,57.7,93,No,367.21,No
PAL-02462,26,Core,44.25,2.7,No,3,No,No,Bank Draft,42.9,78,No,897.65,No
PAL-02463,3,Basic,25.7,7.6,No,3,No,No,Debit Card,56.2,46,No,0.0,No
PAL-02464,29,Basic,29.45,6.5,No,0,No,No,Debit Card,49.7,36,No,1126.27,Yes
PAL-02465,20,Basic,27.08,3.9,No,2,No,No,Credit Card,56.4,35,No,552.98,Yes
PAL-02466,17,Core,48.36,6.0,No,3,No,No,Debit Card,54.8,78,No,470.82,No
PAL-02467,16,Elite,89.52,2.1,No,6,No,No,Credit Card,76.4,68,No,1633.31,No
PAL-02468,20,Core,43.3,18.4,No,4,No,No,Credit Card,31.2,7,No,756.86,No
PAL-02469,19,Elite,80.34,3.1,Yes,2,No,No,Credit Card,76.1,50,Yes,779.54,No
PAL-02470,54,Core,37.88,9.4,No,4,No,No,Debit Card,69.1,26,No,2570.44,Yes
PAL-02471,8,Basic,22.31,16.4,No,3,Yes,No,Debit Card,47.1,11,Yes,215.55,Yes
PAL-02472,24,Basic,32.2,6.5,Yes,0,Yes,No,Credit Card,62.8,99,Yes,661.87,No
PAL-02473,21,Core,44.76,10.1,No,6,No,Yes,Credit Card,82.7,27,No,769.69,No
PAL-02474,16,Basic,29.14,15.5,No,2,No,No,Debit Card,32.3,33,No,173.71,Yes
PAL-02475,9,Core,44.18,7.8,No,1,No,No,Debit Card,55.1,72,No,449.62,No
PAL-02476,30,Elite,89.43,4.8,No,2,No,No,Debit Card,36.2,41,No,2680.93,No
PAL-02477,31,Basic,21.12,11.1,No,3,No,No,Credit Card,57.2,82,No,632.91,Yes
PAL-02478,8,Basic,24.51,6.3,No,1,No,No,Bank Draft,65.7,44,No,183.28,No
PAL-02479,60,Elite,60.0,1.3,Yes,4,No,No,Bank Draft,38.2,61,No,4191.57,No
PAL-02480,34,Core,51.26,3.4,Yes,3,No,No,Credit Card,44.2,82,No,2073.26,No
PAL-02481,46,Basic,30.33,5.6,No,4,No,No,Debit Card,51.5,74,No,1318.38,Yes
PAL-02482,51,Basic,26.9,12.2,No,2,No,No,Bank Draft,65.1,71,Yes,1716.65,Yes
PAL-02483,16,Core,46.76,7.5,No,2,Yes,Yes,Debit Card,67.2,10,No,724.89,No
PAL-02484,29,Elite,81.59,4.3,No,3,No,No,Credit Card,59.4,14,No,1059.01,No
PAL-02485,48,Elite,84.52,7.8,No,2,No,No,Credit Card,56.5,71,No,3158.46,Yes
PAL-02486,0,Basic,19.46,1.0,No,2,No,Yes,Credit Card,52.7,87,No,0.0,Yes
PAL-02487,17,Elite,73.91,2.5,Yes,1,No,No,Credit Card,65.4,67,No,1424.2,No
PAL-02488,55,Basic,22.89,16.1,No,1,No,No,Credit Card,60.0,32,No,1038.23,No
PAL-02489,40,Core,44.07,1.6,Yes,3,No,No,Debit Card,63.1,66,No,1616.53,Yes
PAL-02490,45,Elite,72.93,16.3,Yes,1,Yes,Yes,Credit Card,55.5,90,No,4204.65,No
PAL-02491,30,Basic,22.62,19.1,Yes,4,Yes,No,Credit Card,34.7,7,No,919.67,Yes
PAL-02492,59,Core,40.18,6.2,No,2,No,Yes,Credit Card,36.4,87,No,2792.6,No
PAL-02493,40,Elite,77.18,10.1,No,3,Yes,No,Credit Card,59.4,26,No,3503.74,No
PAL-02494,49,Core,44.81,3.4,No,4,No,No,Debit Card,45.8,7,No,2594.25,No
PAL-02495,34,Core,52.74,4.6,No,0,Yes,No,Debit Card,59.1,45,No,4818.14,No
PAL-02496,52,Basic,29.43,17.2,No,2,No,No,Debit Card,46.2,46,No,1915.71,No
PAL-02497,42,Basic,26.54,13.9,No,4,No,No,Credit Card,41.5,81,Yes,966.99,No
PAL-02498,55,Basic,24.07,13.2,Yes,3,Yes,No,Credit Card,62.3,83,No,1371.67,No
PAL-02499,3,Basic,22.65,10.5,No,2,No,No,Bank Draft,33.9,10,No,115.02,No
PAL-02500,15,Basic,27.0,2.1,No,4,No,Yes,Debit Card,60.4,75,No,350.24,No
PAL-02501,23,Elite,87.16,4.6,No,4,No,No,Credit Card,47.1,13,No,1858.17,No
PAL-02502,60,Basic,24.62,5.0,No,1,No,No,Debit Card,41.7,60,Yes,2183.77,Yes
PAL-02503,16,Elite,70.6,12.6,No,7,No,No,Credit Card,46.6,14,No,1671.52,No
PAL-02504,15,Elite,73.44,6.1,No,5,Yes,Yes,Debit Card,54.2,96,No,589.98,No
PAL-02505,36,Basic,25.53,9.7,No,0,No,No,Bank Draft,76.9,24,No,1062.98,No
PAL-02506,59,Basic,26.81,3.2,No,2,Yes,Yes,Credit Card,59.0,7,No,935.6,No
PAL-02507,60,Core,46.51,2.8,No,3,No,No,Credit Card,67.6,77,No,10183.09,No
PAL-02508,48,Elite,69.53,6.0,No,5,No,No,Credit Card,62.2,85,No,3054.48,Yes
PAL-02509,49,Basic,25.51,4.0,No,2,No,No,Credit Card,55.0,33,No,1062.15,Yes
PAL-02510,44,Basic,20.92,9.7,No,1,No,No,Credit Card,46.5,87,No,2463.4,Yes
PAL-02511,24,Core,47.62,10.4,No,2,Yes,No,Bank Draft,46.4,83,No,967.57,No
PAL-02512,14,Basic,27.55,3.9,Yes,5,No,Yes,Credit Card,49.5,31,Yes,367.09,Yes
PAL-02513,38,Basic,28.1,4.0,No,4,No,No,Credit Card,66.9,29,No,2014.61,Yes
PAL-02514,18,Basic,31.31,6.0,No,3,No,Yes,Debit Card,84.7,1,No,1686.85,No
PAL-02515,55,Elite,84.84,14.5,No,2,No,No,Debit Card,47.5,41,No,4697.43,No
PAL-02516,9,Basic,23.12,8.6,No,0,Yes,No,Debit Card,55.2,90,No,192.02,No
PAL-02517,51,Core,35.1,6.9,Yes,1,No,No,Bank Draft,53.3,40,No,1110.18,No
PAL-02518,18,Core,48.66,4.5,No,0,No,No,Bank Draft,46.5,61,No,1780.42,Yes
PAL-02519,36,Elite,74.39,5.6,No,2,No,No,Credit Card,24.5,16,No,2370.79,No
PAL-02520,56,Basic,28.84,9.9,No,2,No,No,Credit Card,72.0,23,No,1038.97,No
PAL-02521,12,Core,45.36,10.7,Yes,4,No,No,Credit Card,59.8,6,No,952.66,No
PAL-02522,28,Elite,79.22,2.0,Yes,2,No,No,Debit Card,60.5,96,No,1101.5,No
PAL-02523,34,Core,45.08,2.7,No,1,No,Yes,Credit Card,45.0,91,No,2011.91,Yes
PAL-02524,58,Elite,83.81,9.7,No,1,No,No,Debit Card,61.4,35,No,1809.75,No
PAL-02525,2,Basic,28.83,14.5,No,3,No,No,Debit Card,36.2,87,Yes,9.3,No
PAL-02526,36,Core,45.68,5.5,No,1,Yes,Yes,Credit Card,56.5,34,No,1604.39,No
PAL-02527,59,Elite,76.02,7.9,No,1,Yes,No,Debit Card,37.9,77,No,6597.55,No
PAL-02528,0,Core,45.79,1.1,No,4,No,No,Credit Card,38.5,74,Yes,38.59,Yes
PAL-02529,22,Basic,28.19,12.2,No,2,No,Yes,Credit Card,51.4,72,No,601.89,No
PAL-02530,20,Basic,25.47,6.8,No,0,Yes,Yes,Credit Card,47.7,52,No,282.53,Yes
PAL-02531,4,Elite,68.27,11.1,No,2,No,No,Debit Card,74.8,70,Yes,182.75,No
PAL-02532,20,Basic,22.24,5.5,No,1,Yes,No,Credit Card,28.3,84,Yes,531.95,No
PAL-02533,29,Basic,24.12,13.1,No,8,No,No,Debit Card,59.5,46,No,1075.13,No
PAL-02534,25,Basic,21.63,15.5,No,3,No,Yes,Credit Card,67.1,67,No,338.23,No
PAL-02535,34,Elite,84.04,5.4,No,2,No,No,Credit Card,42.7,22,No,4753.94,No
PAL-02536,40,Core,43.96,11.5,Yes,2,Yes,No,Credit Card,48.1,25,No,3482.17,No
PAL-02537,26,Basic,20.46,13.6,No,3,No,No,Bank Draft,62.2,91,No,1416.91,Yes
PAL-02538,16,Elite,84.63,7.1,Yes,2,No,No,Debit Card,39.2,0,Yes,782.68,No
PAL-02539,55,Basic,27.25,6.6,No,4,No,Yes,Debit Card,52.4,88,No,2768.39,No
PAL-02540,24,Basic,22.47,19.6,No,1,No,No,Debit Card,50.3,60,No,567.52,No
PAL-02541,57,Basic,19.05,7.8,No,4,No,No,Debit Card,57.4,92,No,996.32,No
PAL-02542,60,Core,43.01,6.4,No,2,Yes,Yes,Credit Card,54.3,85,No,5893.72,No
PAL-02543,38,Elite,92.83,3.4,Yes,1,No,No,Debit Card,50.7,7,No,3461.55,No
PAL-02544,22,Core,39.38,6.5,No,0,No,No,Debit Card,51.5,56,No,988.72,No
PAL-02545,59,Core,43.51,8.8,No,4,No,No,Bank Draft,45.9,13,No,1179.25,No
PAL-02546,30,Core,49.44,9.5,Yes,1,No,No,Credit Card,63.2,76,No,674.89,No
PAL-02547,21,Basic,25.36,3.7,No,4,Yes,No,Credit Card,54.9,100,No,672.84,Yes
PAL-02548,31,Elite,82.48,5.9,Yes,1,Yes,No,Debit Card,53.9,18,No,6287.19,No
PAL-02549,43,Core,42.76,7.5,Yes,1,No,No,Credit Card,73.6,9,No,3082.18,No
PAL-02550,11,Core,48.18,2.1,No,5,No,No,Credit Card,63.5,54,No,711.58,No
PAL-02551,12,Core,40.71,9.4,No,6,No,No,Debit Card,44.8,33,No,301.4,No
PAL-02552,30,Basic,27.43,8.7,No,1,No,No,Credit Card,82.7,84,Yes,1090.94,No
PAL-02553,38,Core,39.57,7.5,No,4,No,No,Bank Draft,46.7,31,Yes,2412.63,No
PAL-02554,13,Basic,26.89,7.0,Yes,0,No,Yes,Credit Card,88.5,72,No,475.51,No
PAL-02555,5,Core,43.27,3.8,No,3,No,No,Credit Card,15.0,4,No,158.02,Yes
PAL-02556,6,Elite,80.59,10.1,No,4,Yes,No,Credit Card,45.2,25,No,1082.8,No
PAL-02557,2,Basic,22.03,5.4,No,2,No,No,Debit Card,50.6,52,No,23.76,Yes
PAL-02558,49,Basic,23.19,4.7,No,3,No,Yes,Bank Draft,49.6,18,No,683.3,Yes
PAL-02559,36,Core,48.69,3.0,No,1,No,Yes,Debit Card,48.1,79,No,3752.74,No
PAL-02560,43,Core,39.11,5.5,No,4,No,Yes,Credit Card,59.3,62,No,1587.53,No
PAL-02561,31,Basic,26.23,10.5,No,5,Yes,No,Credit Card,44.8,31,No,1199.47,Yes
PAL-02562,16,Basic,27.71,4.7,No,2,No,No,Credit Card,53.3,4,No,293.61,Yes
PAL-02563,25,Basic,26.3,6.4,No,2,No,No,Debit Card,56.5,46,No,399.59,Yes
PAL-02564,8,Core,52.09,1.3,Yes,2,No,No,Debit Card,97.2,8,No,696.11,No
PAL-02565,22,Elite,82.22,2.9,No,2,No,No,Debit Card,74.5,10,No,954.65,No
PAL-02566,59,Core,53.54,2.0,No,3,Yes,No,Bank Draft,60.8,54,No,7056.85,No
PAL-02567,57,Elite,78.54,6.2,Yes,1,No,No,Credit Card,72.8,85,No,4409.59,No
PAL-02568,55,Basic,27.61,7.2,No,3,No,No,Debit Card,21.5,3,No,1580.41,Yes
PAL-02569,44,Core,47.82,3.6,No,6,No,No,Debit Card,31.4,75,No,2079.7,No
PAL-02570,22,Basic,24.49,7.3,No,3,Yes,No,Credit Card,49.2,3,No,786.34,No
PAL-02571,46,Basic,26.19,7.7,No,2,No,Yes,Credit Card,37.1,26,No,969.99,Yes
PAL-02572,39,Basic,25.65,6.2,No,1,No,No,Credit Card,59.9,11,No,926.14,Yes
PAL-02573,44,Basic,21.69,3.1,No,2,Yes,No,Credit Card,64.6,5,No,2583.27,Yes
PAL-02574,17,Basic,19.7,12.5,No,3,No,Yes,Debit Card,49.2,16,No,446.11,No
PAL-02575,49,Core,42.84,15.9,No,2,Yes,No,Debit Card,41.3,34,No,1617.57,Yes
PAL-02576,22,Core,43.09,10.8,No,2,Yes,No,Credit Card,71.5,41,No,630.77,No
PAL-02577,38,Elite,79.73,2.6,No,1,No,No,Debit Card,26.0,27,No,1528.65,No
PAL-02578,32,Core,42.24,1.9,Yes,2,No,No,Credit Card,48.0,66,Yes,1913.75,No
PAL-02579,17,Basic,22.42,16.3,No,3,No,No,Credit Card,38.0,57,No,237.99,Yes
PAL-02580,16,Basic,22.78,6.2,Yes,5,No,No,Credit Card,51.4,2,No,657.39,No
PAL-02581,28,Elite,75.21,23.7,No,1,Yes,No,Credit Card,47.2,97,No,2080.82,No
PAL-02582,5,Core,42.23,3.2,Yes,1,No,Yes,Bank Draft,49.3,23,Yes,284.15,No
PAL-02583,0,Elite,82.12,6.0,Yes,1,No,No,Bank Draft,56.0,5,No,0.0,No
PAL-02584,43,Basic,28.99,18.9,No,2,No,No,Credit Card,79.2,70,No,910.52,No
PAL-02585,54,Elite,82.27,11.1,Yes,0,No,No,Credit Card,67.3,92,No,3368.64,No
PAL-02586,11,Core,44.12,11.9,No,5,No,No,Credit Card,47.8,46,No,627.91,No
PAL-02587,1,Core,37.68,3.0,Yes,1,No,No,Debit Card,44.6,61,No,227.91,No
PAL-02588,18,Basic,24.64,11.4,No,6,No,No,Credit Card,58.1,0,Yes,324.04,No
PAL-02589,45,Core,46.39,13.9,No,4,No,No,Bank Draft,30.6,8,No,1514.41,No
PAL-02590,58,Core,40.46,2.5,No,0,No,No,Debit Card,22.3,32,No,4797.99,No
PAL-02591,22,Basic,22.47,2.3,No,2,No,No,Credit Card,54.1,15,No,101.93,No
PAL-02592,36,Elite,78.68,12.6,Yes,1,Yes,Yes,Debit Card,50.6,89,No,3766.82,No
PAL-02593,58,Elite,72.46,6.3,No,3,No,No,Bank Draft,71.9,3,No,11039.72,No
PAL-02594,13,Core,41.55,10.8,No,1,No,Yes,Debit Card,50.0,5,No,241.56,Yes
PAL-02595,9,Core,41.95,8.4,No,2,Yes,No,Credit Card,63.3,59,Yes,432.5,Yes
PAL-02596,17,Elite,68.13,1.8,No,1,No,No,Credit Card,58.8,48,No,678.14,No
PAL-02597,46,Basic,24.41,7.8,No,0,No,No,Credit Card,51.7,47,No,1522.5,No
PAL-02598,13,Core,46.44,3.7,No,5,No,No,Credit Card,36.4,0,Yes,402.55,Yes
PAL-02599,2,Core,49.41,2.0,No,1,No,No,Credit Card,51.2,66,No,86.31,No
PAL-02600,53,Basic,25.6,3.2,Yes,5,No,No,Credit Card,35.6,46,No,1213.55,No
PAL-02601,48,Elite,75.73,13.7,Yes,4,No,Yes,Bank Draft,42.2,87,No,2200.03,No
PAL-02602,48,Basic,23.67,3.2,No,2,Yes,Yes,Credit Card,33.9,31,No,944.13,Yes
PAL-02603,38,Core,40.93,3.2,No,1,Yes,No,Credit Card,69.0,60,Yes,1145.2,No
PAL-02604,33,Basic,23.24,9.6,No,2,No,No,Credit Card,50.4,26,No,222.7,Yes
PAL-02605,13,Core,49.81,6.3,No,4,No,No,Debit Card,37.9,87,No,355.2,No
PAL-02606,7,Core,40.49,6.3,No,0,Yes,No,Credit Card,34.7,59,Yes,535.49,No
PAL-02607,38,Core,42.08,6.7,No,1,No,No,Credit Card,65.9,80,No,1424.86,Yes
PAL-02608,45,Core,48.58,1.1,No,3,No,No,Bank Draft,62.6,20,Yes,2921.5,No
PAL-02609,50,Core,38.34,5.5,No,1,No,Yes,Bank Draft,34.0,41,Yes,1172.66,No
PAL-02610,51,Core,42.78,9.7,No,2,No,No,Credit Card,60.1,93,No,2857.98,No
PAL-02611,42,Core,41.28,4.6,No,1,Yes,No,Credit Card,43.3,98,No,1750.1,Yes
PAL-02612,32,Basic,23.78,5.8,No,5,No,No,Credit Card,62.9,69,No,1379.26,No
PAL-02613,27,Core,43.16,6.7,Yes,2,No,No,Credit Card,30.2,36,No,1256.19,No
PAL-02614,12,Core,42.24,13.2,No,4,No,No,Credit Card,52.1,28,Yes,553.74,No
PAL-02615,17,Core,38.03,2.1,No,3,Yes,No,Debit Card,56.7,38,No,508.69,No
PAL-02616,42,Core,47.42,1.4,No,3,Yes,No,Credit Card,73.4,54,No,1854.21,Yes
PAL-02617,37,Basic,25.61,5.4,No,3,No,No,Debit Card,41.9,37,No,1220.67,No
PAL-02618,19,Core,46.38,5.3,Yes,4,Yes,No,Credit Card,38.1,45,No,1198.95,Yes
PAL-02619,22,Core,48.57,4.6,No,2,No,No,Credit Card,35.0,62,No,610.27,No
PAL-02620,55,Basic,24.45,10.0,No,3,Yes,No,Credit Card,39.3,3,No,2568.57,No
PAL-02621,24,Core,43.36,9.8,No,1,Yes,Yes,Credit Card,70.0,37,No,718.19,No
PAL-02622,50,Core,44.61,12.1,No,4,No,No,Credit Card,37.8,15,No,1979.1,Yes
PAL-02623,26,Core,48.56,2.5,No,3,Yes,No,Debit Card,55.6,71,No,1179.97,No
PAL-02624,24,Core,45.89,5.7,Yes,2,No,No,Credit Card,55.4,66,No,1084.65,No
PAL-02625,36,Basic,23.57,8.8,No,2,No,No,Debit Card,35.6,19,No,837.7,No
PAL-02626,2,Basic,22.68,2.5,Yes,3,No,No,Bank Draft,59.2,30,No,189.3,No
PAL-02627,20,Basic,25.97,1.7,No,0,No,No,Credit Card,64.6,81,No,530.61,Yes
PAL-02628,57,Core,48.61,7.2,No,3,No,No,Credit Card,44.1,45,Yes,2367.84,No
PAL-02629,48,Core,48.32,9.5,No,3,No,No,Debit Card,49.1,37,No,4416.81,Yes
PAL-02630,58,Basic,23.81,9.1,No,4,No,No,Credit Card,46.5,29,No,1265.34,No
PAL-02631,51,Core,45.17,3.6,No,2,Yes,No,Credit Card,35.3,64,Yes,4676.39,No
PAL-02632,29,Core,45.37,4.8,Yes,5,No,No,Credit Card,57.6,23,No,1511.31,Yes
PAL-02633,55,Basic,26.68,5.9,No,2,No,No,Debit Card,51.2,81,No,1296.49,No
PAL-02634,0,Basic,29.7,5.6,No,2,No,Yes,Credit Card,54.7,1,Yes,52.5,Yes
PAL-02635,14,Basic,21.63,9.4,No,2,No,No,Credit Card,21.3,59,No,690.36,No
PAL-02636,44,Core,44.72,4.2,Yes,4,Yes,No,Debit Card,56.7,70,No,1636.15,Yes
PAL-02637,11,Elite,74.89,7.8,No,5,No,No,Credit Card,69.8,4,Yes,894.19,No
PAL-02638,17,Basic,24.25,4.2,No,2,No,No,Debit Card,43.4,92,No,483.41,No
PAL-02639,13,Elite,76.83,15.6,No,3,Yes,Yes,Credit Card,39.4,25,No,979.1,No
PAL-02640,45,Basic,20.19,2.5,No,2,No,No,Credit Card,61.9,23,No,829.59,Yes
PAL-02641,48,Elite,76.31,0.4,Yes,1,No,Yes,Bank Draft,34.4,31,No,3180.2,No
PAL-02642,1,Elite,93.72,1.4,No,2,No,No,Debit Card,17.3,18,No,166.43,Yes
PAL-02643,12,Core,45.38,1.1,No,2,No,No,Debit Card,54.1,44,No,1063.1,No
PAL-02644,37,Basic,24.26,6.5,Yes,1,No,No,Credit Card,43.4,93,Yes,764.38,Yes
PAL-02645,55,Basic,30.65,5.0,No,1,No,No,Credit Card,60.7,79,No,1517.79,No
PAL-02646,57,Basic,26.77,6.0,No,1,No,No,Debit Card,52.7,75,No,1203.1,No
PAL-02647,49,Basic,22.98,7.2,No,2,No,Yes,Debit Card,61.0,39,No,2292.13,No
PAL-02648,31,Core,42.8,2.9,Yes,3,No,No,Credit Card,53.7,26,No,1188.25,No
PAL-02649,3,Core,46.35,3.9,Yes,6,No,No,Credit Card,63.6,69,No,279.8,No
PAL-02650,57,Core,45.73,7.8,No,4,No,No,Debit Card,95.8,80,No,4298.38,No
PAL-02651,45,Basic,26.37,8.4,Yes,1,Yes,Yes,Credit Card,46.0,87,No,644.63,No
PAL-02652,44,Basic,21.6,9.2,No,1,No,Yes,Debit Card,49.2,14,No,917.1,No
PAL-02653,52,Elite,76.87,9.2,Yes,7,No,Yes,Credit Card,36.2,81,Yes,1998.95,No
PAL-02654,36,Core,42.58,2.2,No,2,Yes,No,Bank Draft,48.3,22,Yes,3062.88,Yes
PAL-02655,44,Elite,69.32,16.7,No,2,No,No,Debit Card,51.9,86,No,1334.92,No
PAL-02656,51,Core,46.54,7.6,No,4,No,No,Debit Card,46.2,82,No,843.98,No
PAL-02657,49,Basic,21.6,4.1,Yes,2,No,No,Credit Card,53.1,56,Yes,2310.85,Yes
PAL-02658,56,Core,49.92,11.4,Yes,0,No,No,Bank Draft,53.6,23,No,2246.46,No
PAL-02659,11,Elite,80.13,5.0,No,2,No,No,Debit Card,55.2,13,No,475.85,No
PAL-02660,52,Core,45.02,13.3,Yes,2,No,Yes,Credit Card,46.0,3,No,1303.73,No
PAL-02661,30,Basic,26.95,4.1,No,1,Yes,No,Debit Card,29.4,14,No,998.42,No
PAL-02662,56,Core,45.27,5.5,Yes,1,No,Yes,Debit Card,61.4,1,Yes,3037.53,No
PAL-02663,59,Core,45.73,3.0,No,2,No,No,Bank Draft,47.3,15,Yes,3582.77,No
PAL-02664,3,Elite,76.94,5.5,No,3,No,No,Credit Card,62.6,28,No,202.39,Yes
PAL-02665,53,Core,37.37,3.6,No,3,No,No,Credit Card,46.5,35,No,4926.49,Yes
PAL-02666,12,Elite,94.86,4.7,Yes,2,Yes,Yes,Debit Card,32.2,62,No,1179.27,No
PAL-02667,54,Basic,24.05,14.0,No,1,No,Yes,Bank Draft,47.4,14,No,1177.8,No
PAL-02668,16,Core,43.53,5.9,No,2,No,No,Bank Draft,25.3,97,No,411.67,No
PAL-02669,41,Core,54.25,14.2,Yes,3,No,Yes,Credit Card,38.3,91,No,1158.9,No
PAL-02670,58,Basic,24.32,5.0,No,1,Yes,No,Credit Card,47.5,80,No,3666.95,Yes
PAL-02671,5,Elite,82.37,17.4,Yes,3,No,No,Credit Card,34.6,71,No,227.4,No
PAL-02672,55,Basic,24.84,7.6,No,1,No,No,Credit Card,48.6,82,No,737.26,No
PAL-02673,49,Core,45.16,2.5,No,2,Yes,No,Bank Draft,38.4,19,No,2301.56,No
PAL-02674,49,Basic,24.22,4.9,No,1,No,No,Bank Draft,59.7,58,No,2462.78,No
PAL-02675,55,Basic,28.9,6.8,No,3,No,No,Debit Card,23.7,53,No,1089.39,No
PAL-02676,48,Basic,20.61,5.2,No,1,No,No,Debit Card,55.4,16,No,968.12,No
PAL-02677,16,Basic,22.58,4.0,No,5,No,Yes,Debit Card,49.9,47,No,506.33,No
PAL-02678,27,Basic,25.67,6.9,No,2,No,No,Bank Draft,41.7,56,No,669.98,No
PAL-02679,34,Core,41.4,7.3,No,0,No,No,Credit Card,49.2,12,No,2533.59,Yes
PAL-02680,6,Core,44.84,9.5,No,4,No,Yes,Credit Card,56.9,19,Yes,416.38,No
PAL-02681,51,Core,42.73,11.5,No,0,No,No,Credit Card,18.1,43,No,6460.75,No
PAL-02682,40,Elite,87.16,9.3,Yes,2,No,No,Debit Card,60.2,66,No,4669.68,No
PAL-02683,56,Basic,21.49,4.3,No,3,No,No,Bank Draft,74.2,67,No,1394.02,Yes
PAL-02684,31,Basic,22.7,12.3,No,3,Yes,No,Credit Card,32.6,57,Yes,437.5,No
PAL-02685,1,Basic,27.57,3.6,Yes,2,No,No,Credit Card,76.7,51,No,19.62,Yes
PAL-02686,24,Core,45.67,10.2,No,4,No,No,Debit Card,64.5,43,No,746.24,No
PAL-02687,12,Core,45.72,6.1,Yes,3,No,No,Credit Card,41.3,59,No,600.11,Yes
PAL-02688,22,Basic,22.46,3.4,No,2,No,Yes,Credit Card,53.4,66,Yes,513.3,No
PAL-02689,35,Core,44.74,3.0,No,3,Yes,No,Credit Card,43.5,22,Yes,2041.54,No
PAL-02690,9,Basic,27.44,7.1,Yes,1,No,No,Credit Card,53.9,73,No,311.69,Yes
PAL-02691,37,Core,48.56,2.5,No,4,Yes,No,Bank Draft,75.5,76,No,1112.79,No
PAL-02692,24,Elite,80.23,6.9,Yes,0,No,No,Credit Card,59.5,3,No,1231.5,No
PAL-02693,49,Elite,81.53,8.1,Yes,6,No,No,Credit Card,47.6,80,No,2354.48,No
PAL-02694,56,Basic,20.96,14.6,No,2,No,No,Bank Draft,57.4,95,Yes,1466.72,No
PAL-02695,21,Basic,31.15,3.2,No,1,No,No,Debit Card,32.3,45,No,620.84,Yes
PAL-02696,12,Core,40.15,6.4,Yes,2,No,No,Credit Card,74.2,22,No,536.77,No
PAL-02697,1,Core,46.31,11.3,Yes,1,No,No,Bank Draft,48.8,54,No,56.39,No
PAL-02698,36,Core,49.17,3.5,No,1,No,No,Debit Card,48.6,28,No,1342.81,No
PAL-02699,26,Core,43.88,8.2,Yes,1,No,No,Debit Card,55.0,56,No,2086.41,No
PAL-02700,38,Basic,27.03,10.1,No,1,No,Yes,Debit Card,45.1,75,No,840.24,No
PAL-02701,16,Basic,27.1,5.9,No,4,Yes,No,Credit Card,40.1,22,No,930.89,No
PAL-02702,23,Elite,75.72,6.9,No,1,No,No,Bank Draft,56.6,42,Yes,2380.82,No
PAL-02703,56,Basic,23.83,5.5,No,2,No,No,Debit Card,47.1,83,No,1129.28,No
PAL-02704,16,Core,48.24,11.9,No,3,No,No,Credit Card,35.8,69,Yes,1302.18,No
PAL-02705,34,Basic,25.02,15.0,No,4,No,No,Credit Card,65.8,75,No,1042.44,No
PAL-02706,9,Basic,33.08,5.3,No,3,No,No,Credit Card,17.4,67,No,159.69,No
PAL-02707,5,Core,44.07,3.7,No,2,No,No,Credit Card,35.1,21,No,148.02,No
PAL-02708,25,Core,40.62,7.8,Yes,3,No,No,Debit Card,63.1,60,No,1041.5,No
PAL-02709,5,Basic,21.71,4.5,No,3,No,No,Credit Card,47.9,87,No,87.95,Yes
PAL-02710,30,Elite,79.59,6.0,Yes,3,No,No,Credit Card,69.1,61,No,1889.09,No
PAL-02711,8,Elite,72.77,15.3,No,2,Yes,No,Debit Card,67.9,20,Yes,309.19,No
PAL-02712,2,Basic,23.3,4.5,No,2,No,No,Credit Card,65.3,0,No,106.29,Yes
PAL-02713,37,Core,37.38,2.1,No,2,Yes,No,Debit Card,73.1,49,No,1214.0,No
PAL-02714,56,Basic,24.0,5.9,Yes,5,No,No,Debit Card,48.5,97,No,1157.08,No
PAL-02715,60,Basic,25.51,2.7,No,1,No,No,Debit Card,50.2,35,No,2046.7,Yes
PAL-02716,0,Basic,27.05,4.4,No,4,Yes,Yes,Credit Card,52.5,16,No,0.0,Yes
PAL-02717,37,Basic,26.48,1.9,No,2,Yes,No,Credit Card,66.1,66,No,805.87,No
PAL-02718,2,Core,42.77,15.2,Yes,1,No,No,Credit Card,44.1,49,No,189.07,No
PAL-02719,38,Basic,21.76,12.9,No,1,No,Yes,Credit Card,64.7,19,No,1325.19,Yes
PAL-02720,40,Basic,27.3,13.0,No,4,No,No,Credit Card,53.1,66,Yes,1387.59,Yes
PAL-02721,8,Basic,27.28,9.3,No,0,Yes,No,Credit Card,66.1,80,No,206.85,No
PAL-02722,48,Core,43.73,10.0,No,2,Yes,No,Credit Card,64.7,13,No,2550.21,No
PAL-02723,53,Elite,76.48,3.3,Yes,2,Yes,No,Credit Card,50.0,99,No,4758.06,No
PAL-02724,27,Basic,25.21,2.8,No,2,No,No,Credit Card,75.0,48,No,544.91,Yes
PAL-02725,32,Basic,23.11,5.9,No,7,No,No,Debit Card,65.1,97,No,1045.71,No
PAL-02726,19,Basic,25.85,3.2,No,2,No,Yes,Credit Card,26.9,0,No,500.51,No
PAL-02727,59,Elite,82.51,5.6,No,5,No,No,Credit Card,23.0,55,No,4815.06,No
PAL-02728,43,Elite,83.07,4.6,Yes,1,No,Yes,Bank Draft,37.8,8,No,3212.09,No
PAL-02729,27,Basic,24.15,1.3,No,1,No,No,Credit Card,51.6,57,No,819.69,Yes
PAL-02730,53,Basic,24.85,13.4,No,2,No,No,Credit Card,67.9,41,No,1195.86,Yes
PAL-02731,50,Core,53.76,4.3,No,2,Yes,Yes,Debit Card,47.2,30,No,5073.3,No
PAL-02732,19,Basic,25.05,5.6,No,1,No,No,Debit Card,47.4,87,No,294.85,No
PAL-02733,60,Basic,22.37,4.1,No,4,No,No,Credit Card,56.0,6,Yes,1395.44,Yes
PAL-02734,37,Basic,25.1,9.8,Yes,1,No,Yes,Credit Card,72.7,80,No,2628.01,No
PAL-02735,2,Core,45.17,1.5,Yes,2,No,No,Credit Card,57.2,48,No,121.93,No
PAL-02736,54,Core,42.73,7.8,No,1,No,No,Debit Card,48.5,13,No,1261.78,Yes
PAL-02737,17,Basic,28.2,0.7,No,3,No,No,Bank Draft,36.3,44,No,628.07,Yes
PAL-02738,40,Core,47.11,24.2,No,1,No,No,Credit Card,34.2,78,No,1112.22,No
PAL-02739,48,Core,43.43,15.1,Yes,3,No,No,Bank Draft,31.1,36,No,4371.49,No
PAL-02740,4,Elite,81.74,3.4,Yes,1,Yes,Yes,Debit Card,58.9,0,No,323.82,No
PAL-02741,50,Elite,75.1,2.4,No,1,No,No,Bank Draft,56.5,86,No,3512.09,No
PAL-02742,9,Basic,27.03,16.8,No,3,No,No,Debit Card,60.3,10,No,209.15,No
PAL-02743,11,Basic,24.42,10.1,No,0,No,No,Debit Card,64.4,0,No,284.65,No
PAL-02744,49,Elite,97.72,4.3,Yes,0,Yes,No,Debit Card,54.4,76,No,4538.55,No
PAL-02745,31,Core,49.12,5.5,Yes,1,No,No,Credit Card,38.7,91,No,1268.49,No
PAL-02746,29,Basic,24.26,2.1,No,3,No,No,Debit Card,42.7,89,No,710.18,No
PAL-02747,33,Core,51.16,3.5,No,2,Yes,No,Debit Card,53.6,79,No,1978.45,Yes
PAL-02748,14,Core,45.64,6.4,No,1,No,No,Debit Card,46.5,42,No,641.65,No
PAL-02749,60,Core,37.87,1.8,Yes,1,No,Yes,Debit Card,26.3,28,Yes,8900.05,No
PAL-02750,5,Elite,79.25,2.6,Yes,0,Yes,Yes,Credit Card,42.0,20,No,457.42,Yes
PAL-02751,11,Basic,30.27,3.7,No,1,No,Yes,Bank Draft,71.7,90,No,498.78,Yes
PAL-02752,4,Core,44.59,1.7,Yes,2,No,No,Bank Draft,55.1,16,Yes,225.51,No
PAL-02753,2,Core,44.34,15.8,No,3,No,No,Credit Card,53.6,78,No,7.19,No
PAL-02754,31,Basic,22.39,11.1,No,3,No,No,Credit Card,40.7,28,No,594.13,No
PAL-02755,6,Core,51.54,2.4,No,4,No,Yes,Credit Card,31.9,29,Yes,808.14,Yes
PAL-02756,44,Core,46.78,4.0,Yes,4,No,No,Credit Card,52.9,26,No,2535.52,No
PAL-02757,59,Basic,26.93,13.6,No,1,No,No,Credit Card,57.2,82,No,1263.56,No
PAL-02758,25,Elite,81.93,2.1,Yes,3,Yes,No,Credit Card,31.8,99,No,1009.69,No
PAL-02759,10,Elite,90.09,8.2,No,2,Yes,Yes,Debit Card,63.9,57,No,1218.37,No
PAL-02760,24,Basic,28.65,12.1,No,3,No,No,Credit Card,45.2,53,No,902.28,No
PAL-02761,24,Basic,21.7,3.4,Yes,4,No,No,Debit Card,56.9,38,No,967.7,Yes
PAL-02762,0,Core,43.43,11.2,No,2,Yes,No,Credit Card,52.6,38,No,13.7,No
PAL-02763,43,Elite,72.54,4.7,Yes,2,Yes,No,Debit Card,50.7,13,No,3766.36,No
PAL-02764,22,Basic,24.49,8.0,No,2,Yes,No,Credit Card,89.1,76,No,784.56,Yes
PAL-02765,46,Elite,78.56,5.3,Yes,2,No,No,Credit Card,59.8,54,Yes,2399.21,No
PAL-02766,11,Elite,94.68,1.4,No,3,Yes,No,Debit Card,52.4,78,No,1819.09,No
PAL-02767,1,Elite,83.65,5.2,Yes,2,No,No,Credit Card,60.9,46,No,52.44,No
PAL-02768,24,Core,50.58,1.4,No,4,No,Yes,Debit Card,46.4,17,No,1570.13,No
PAL-02769,30,Elite,86.35,14.7,Yes,0,No,No,Credit Card,63.3,30,No,2137.67,No
PAL-02770,2,Basic,28.33,2.4,No,3,No,No,Credit Card,55.8,42,No,203.91,Yes
PAL-02771,33,Elite,77.01,6.0,No,3,Yes,No,Credit Card,50.0,81,No,3719.56,No
PAL-02772,33,Core,44.52,9.7,No,0,Yes,No,Credit Card,48.0,39,No,2752.4,No
PAL-02773,59,Basic,22.81,8.8,No,5,No,No,Credit Card,49.8,42,Yes,1581.16,No
PAL-02774,35,Elite,76.71,3.5,Yes,3,No,No,Debit Card,52.1,12,No,2495.4,No
PAL-02775,9,Core,44.48,3.8,No,1,No,No,Bank Draft,68.9,24,No,202.55,Yes
PAL-02776,51,Core,42.99,9.5,No,4,Yes,Yes,Credit Card,58.0,13,No,1202.59,No
PAL-02777,57,Basic,25.44,5.2,Yes,3,No,No,Credit Card,22.6,43,No,1118.6,No
PAL-02778,10,Core,49.63,13.4,Yes,2,Yes,Yes,Credit Card,75.2,97,No,683.45,No
PAL-02779,20,Basic,20.81,5.4,No,2,Yes,No,Debit Card,59.7,43,Yes,446.4,No
PAL-02780,37,Core,42.84,3.7,No,2,Yes,No,Credit Card,87.1,16,No,1347.53,Yes
PAL-02781,2,Core,47.59,13.1,No,2,No,Yes,Debit Card,51.2,89,No,36.2,No
PAL-02782,51,Core,46.59,2.2,No,6,No,No,Debit Card,68.2,64,No,3984.53,No
PAL-02783,44,Elite,71.37,4.7,Yes,2,No,No,Bank Draft,62.7,81,No,4215.8,No
PAL-02784,55,Basic,23.79,6.2,Yes,3,Yes,Yes,Credit Card,54.7,67,Yes,1630.52,Yes
PAL-02785,46,Core,45.26,6.3,Yes,6,Yes,Yes,Credit Card,70.7,69,Yes,1375.34,No
PAL-02786,10,Core,48.64,7.6,No,1,No,No,Credit Card,49.5,46,No,408.81,No
PAL-02787,43,Core,51.16,6.6,Yes,0,No,No,Credit Card,53.9,96,No,4380.5,No
PAL-02788,38,Core,40.06,6.3,No,0,Yes,No,Debit Card,36.8,29,No,1813.55,No
PAL-02789,16,Basic,29.19,3.5,No,3,Yes,No,Credit Card,49.0,47,No,367.57,Yes
PAL-02790,9,Basic,21.27,8.6,No,4,No,No,Bank Draft,39.5,89,No,229.25,No
PAL-02791,55,Basic,20.1,5.2,No,1,No,No,Credit Card,52.7,1,No,1604.93,Yes
PAL-02792,11,Basic,24.88,9.7,No,3,No,Yes,Bank Draft,60.7,34,No,181.67,Yes
PAL-02793,9,Core,44.34,8.5,No,1,No,No,Credit Card,57.6,64,No,460.4,No
PAL-02794,43,Core,44.02,15.9,No,3,Yes,Yes,Credit Card,55.1,17,No,5455.53,No
PAL-02795,47,Basic,26.59,21.3,No,3,No,Yes,Debit Card,62.3,51,No,617.23,No
PAL-02796,51,Basic,23.53,9.8,No,2,No,Yes,Bank Draft,86.3,79,No,593.09,No
PAL-02797,31,Core,45.42,5.3,No,2,Yes,Yes,Debit Card,45.8,87,No,985.73,No
PAL-02798,22,Basic,24.07,2.0,No,0,No,No,Credit Card,86.1,64,No,336.86,Yes
PAL-02799,43,Basic,27.22,5.2,Yes,0,No,No,Credit Card,32.5,37,No,1429.65,No
PAL-02800,48,Basic,28.67,3.6,No,5,No,No,Credit Card,19.4,18,No,1710.22,No
PAL-02801,9,Basic,26.55,3.9,No,3,Yes,No,Bank Draft,69.1,18,No,339.3,No
PAL-02802,41,Elite,96.0,6.7,No,2,No,No,Credit Card,53.2,74,Yes,3641.04,No
PAL-02803,12,Basic,27.84,4.5,No,1,No,No,Bank Draft,30.4,67,No,282.56,No
PAL-02804,21,Basic,24.9,3.5,No,1,No,No,Credit Card,52.7,17,No,404.91,Yes
PAL-02805,55,Basic,23.12,2.7,No,3,No,Yes,Credit Card,46.3,84,No,1045.37,No
PAL-02806,17,Elite,76.4,2.2,No,5,No,No,Debit Card,57.7,39,Yes,1376.71,No
PAL-02807,44,Elite,69.19,8.7,No,3,Yes,No,Credit Card,48.5,83,No,5240.86,No
PAL-02808,44,Core,42.67,2.6,No,2,No,No,Credit Card,70.2,97,Yes,2304.83,No
PAL-02809,13,Core,40.88,8.5,No,0,No,No,Debit Card,54.4,83,No,390.0,No
PAL-02810,51,Elite,89.4,5.8,No,3,No,No,Credit Card,56.0,10,Yes,4530.24,No
PAL-02811,42,Basic,20.53,9.2,No,5,Yes,No,Credit Card,49.4,67,No,401.16,No
PAL-02812,5,Core,44.56,1.5,No,2,No,No,Credit Card,61.8,78,No,159.32,No
PAL-02813,50,Basic,20.86,9.9,No,0,No,No,Credit Card,50.4,78,Yes,983.39,No
PAL-02814,28,Basic,24.62,11.6,Yes,0,No,No,Debit Card,66.2,36,No,1007.96,Yes
PAL-02815,32,Core,49.06,8.0,No,0,No,No,Debit Card,32.6,31,No,2137.45,No
PAL-02816,16,Basic,28.89,0.7,Yes,2,Yes,Yes,Credit Card,53.7,96,No,266.38,No
PAL-02817,11,Basic,22.17,8.2,No,2,No,No,Credit Card,43.9,41,No,805.12,Yes
PAL-02818,6,Basic,34.21,22.0,No,1,No,No,Credit Card,38.2,69,No,128.31,Yes
PAL-02819,0,Elite,74.66,8.0,No,0,Yes,No,Credit Card,33.5,93,No,26.3,No
PAL-02820,11,Core,44.18,7.4,No,1,Yes,Yes,Credit Card,40.0,26,No,508.44,No
PAL-02821,14,Core,46.65,7.6,No,3,No,Yes,Credit Card,57.1,91,Yes,807.48,No
PAL-02822,49,Core,51.11,6.4,Yes,2,Yes,No,Debit Card,58.4,70,No,1759.97,No
PAL-02823,9,Basic,24.47,9.3,No,1,No,No,Credit Card,63.3,70,No,110.28,No
PAL-02824,41,Core,45.66,2.8,Yes,2,No,No,Credit Card,45.8,79,No,5280.82,No
PAL-02825,40,Core,48.95,10.1,Yes,4,No,No,Credit Card,66.4,44,No,2149.97,No
PAL-02826,59,Basic,21.98,3.2,No,3,No,No,Credit Card,51.2,40,No,799.1,No
PAL-02827,58,Basic,23.34,2.6,No,5,No,No,Bank Draft,61.4,46,No,1476.45,No
PAL-02828,20,Basic,24.77,1.4,No,2,No,Yes,Credit Card,53.6,6,Yes,1100.45,Yes
PAL-02829,15,Core,49.32,10.4,No,2,No,Yes,Credit Card,41.7,53,Yes,1214.75,No
PAL-02830,55,Core,49.96,8.3,Yes,1,No,No,Bank Draft,32.3,68,No,4191.27,No
PAL-02831,19,Core,53.32,8.6,No,0,Yes,No,Credit Card,35.3,22,No,687.02,Yes
PAL-02832,5,Elite,85.63,9.4,Yes,2,No,No,Credit Card,38.5,36,No,441.91,No
PAL-02833,60,Core,44.48,1.7,No,1,Yes,No,Debit Card,45.1,29,Yes,3032.28,No
PAL-02834,53,Core,48.64,5.5,No,1,No,No,Credit Card,61.0,83,No,3447.25,Yes
PAL-02835,52,Core,45.86,1.2,No,3,No,Yes,Credit Card,65.9,10,No,5470.98,Yes
PAL-02836,3,Basic,29.09,4.5,No,2,No,No,Debit Card,66.9,93,No,5.32,No
PAL-02837,14,Basic,25.34,11.5,No,1,No,No,Bank Draft,15.0,81,No,458.07,No
PAL-02838,10,Basic,21.26,15.0,Yes,2,No,No,Credit Card,45.5,26,Yes,394.93,No
PAL-02839,26,Basic,30.27,9.5,No,2,No,No,Debit Card,48.3,51,No,916.61,Yes
PAL-02840,49,Basic,23.15,3.5,No,2,Yes,No,Bank Draft,46.2,29,Yes,1911.39,No
PAL-02841,46,Basic,22.55,2.6,No,0,No,No,Credit Card,28.0,83,No,3596.84,Yes
PAL-02842,57,Core,46.98,6.4,No,0,No,No,Bank Draft,66.4,27,No,3958.48,No
PAL-02843,30,Basic,26.4,9.3,No,3,No,No,Credit Card,77.5,58,No,353.03,No
PAL-02844,36,Basic,27.98,2.0,No,2,No,Yes,Credit Card,47.2,55,No,1553.77,No
PAL-02845,51,Core,46.64,3.0,Yes,3,Yes,No,Debit Card,83.0,70,No,3898.73,No
PAL-02846,52,Basic,27.89,7.7,No,0,No,No,Credit Card,19.5,66,No,948.58,No
PAL-02847,56,Core,49.77,5.7,Yes,4,No,Yes,Credit Card,36.5,23,No,3126.2,No
PAL-02848,7,Basic,19.75,3.9,No,2,No,No,Credit Card,48.3,35,No,84.52,Yes
PAL-02849,2,Basic,29.87,7.0,No,4,No,No,Bank Draft,61.1,76,No,98.95,Yes
PAL-02850,52,Basic,21.84,10.2,No,2,Yes,Yes,Credit Card,53.1,12,No,1937.42,No
PAL-02851,43,Basic,26.89,3.0,No,2,No,No,Bank Draft,36.7,29,Yes,1012.46,Yes
PAL-02852,17,Core,42.96,1.7,No,1,No,No,Credit Card,62.3,49,No,896.46,Yes
PAL-02853,55,Core,46.56,2.2,No,1,No,No,Credit Card,60.2,45,No,1697.34,No
PAL-02854,57,Core,39.91,3.6,No,4,No,No,Credit Card,44.4,32,No,1010.47,No
PAL-02855,56,Elite,85.38,5.3,No,2,No,No,Credit Card,46.7,82,No,6606.25,No
PAL-02856,26,Elite,88.29,8.2,No,5,No,Yes,Debit Card,36.2,71,No,1245.13,No
PAL-02857,42,Elite,68.83,1.7,No,1,Yes,No,Debit Card,59.5,43,No,1769.27,No
PAL-02858,47,Basic,26.37,12.3,No,0,Yes,No,Debit Card,35.4,65,No,1082.74,No
PAL-02859,8,Core,41.8,3.2,No,1,No,No,Bank Draft,33.8,86,No,345.56,No
PAL-02860,42,Basic,26.8,6.4,No,4,Yes,Yes,Debit Card,74.7,59,Yes,376.41,No
PAL-02861,16,Core,42.68,20.4,Yes,1,No,No,Bank Draft,53.3,77,No,645.81,No
PAL-02862,1,Core,47.36,3.2,No,1,No,No,Credit Card,41.9,98,No,0.0,Yes
PAL-02863,55,Elite,83.0,3.1,Yes,3,Yes,Yes,Credit Card,25.0,10,No,6441.66,No
PAL-02864,13,Basic,24.34,10.7,No,2,No,No,Debit Card,53.6,0,No,581.25,No
PAL-02865,28,Elite,71.3,12.0,Yes,2,No,No,Credit Card,52.2,49,Yes,2911.06,No
PAL-02866,34,Basic,28.46,3.7,Yes,2,Yes,No,Debit Card,67.6,20,No,701.97,No
PAL-02867,42,Basic,25.09,2.7,No,1,No,No,Credit Card,19.0,69,No,1428.77,Yes
PAL-02868,13,Core,46.67,1.4,No,0,Yes,No,Bank Draft,41.5,3,No,979.19,Yes
PAL-02869,22,Core,50.59,1.2,No,5,No,No,Debit Card,59.7,69,No,1026.97,No
PAL-02870,48,Basic,29.2,4.3,No,0,No,No,Debit Card,49.7,99,No,1077.55,Yes
PAL-02871,48,Basic,21.62,0.4,No,3,No,Yes,Credit Card,62.0,83,No,534.63,No
PAL-02872,50,Elite,80.46,6.4,No,1,No,No,Credit Card,55.8,8,Yes,2204.35,No
PAL-02873,32,Core,48.94,8.8,Yes,4,No,Yes,Credit Card,55.0,14,No,1715.4,No
PAL-02874,1,Core,44.93,2.1,No,1,No,No,Credit Card,60.6,18,No,19.88,No
PAL-02875,54,Basic,30.35,10.0,No,3,Yes,No,Bank Draft,34.9,84,No,1817.09,No
PAL-02876,36,Basic,19.79,7.2,No,2,No,No,Credit Card,56.8,4,Yes,1060.23,No
PAL-02877,24,Core,55.0,7.1,No,2,Yes,No,Debit Card,57.4,60,No,860.45,Yes
PAL-02878,60,Basic,30.15,2.1,No,3,Yes,No,Credit Card,81.5,29,No,1216.84,Yes
PAL-02879,55,Core,45.75,4.8,No,2,No,No,Credit Card,22.8,50,No,2662.01,Yes
PAL-02880,32,Basic,23.5,9.2,No,2,No,No,Credit Card,46.5,75,Yes,1105.7,No
PAL-02881,40,Basic,26.29,3.5,No,3,Yes,No,Bank Draft,59.6,63,No,906.3,Yes
PAL-02882,51,Basic,23.68,12.6,Yes,0,Yes,No,Credit Card,64.4,6,No,758.72,No
PAL-02883,4,Basic,22.28,6.4,No,0,No,No,Credit Card,49.0,6,No,126.56,Yes
PAL-02884,6,Elite,86.85,9.4,Yes,5,No,No,Bank Draft,47.3,97,No,503.68,No
PAL-02885,8,Basic,23.74,2.3,No,2,No,Yes,Credit Card,48.8,10,No,295.73,Yes
PAL-02886,44,Core,39.39,7.1,Yes,1,No,No,Credit Card,71.8,47,No,2409.33,No
PAL-02887,39,Elite,66.28,2.0,Yes,4,Yes,No,Credit Card,51.4,25,No,2279.36,No
PAL-02888,12,Basic,27.46,3.6,No,4,No,No,Debit Card,42.0,52,No,267.79,No
PAL-02889,38,Core,39.93,1.2,No,2,No,No,Debit Card,43.5,41,No,1645.38,No
PAL-02890,17,Core,47.78,10.2,No,0,No,Yes,Credit Card,41.6,22,No,327.95,No
PAL-02891,40,Basic,26.23,7.3,No,1,No,No,Bank Draft,63.7,3,No,2230.58,No
PAL-02892,30,Core,38.74,16.0,No,0,No,No,Bank Draft,67.3,9,No,1240.06,No
PAL-02893,29,Elite,76.47,5.4,Yes,4,No,Yes,Credit Card,28.2,15,No,3183.99,No
PAL-02894,57,Basic,28.82,3.0,No,1,No,Yes,Debit Card,44.9,38,No,867.32,No
PAL-02895,47,Basic,26.71,14.5,No,2,No,No,Debit Card,59.9,87,Yes,2666.0,Yes
PAL-02896,41,Elite,72.42,30.0,No,4,No,No,Credit Card,55.6,0,No,2274.11,No
PAL-02897,49,Basic,26.18,11.5,No,3,No,No,Credit Card,47.8,84,Yes,1143.98,Yes
PAL-02898,56,Basic,30.11,12.7,No,1,No,No,Credit Card,63.8,24,No,1644.98,Yes
PAL-02899,24,Basic,26.51,3.0,Yes,0,No,No,Debit Card,71.6,13,No,466.42,No
PAL-02900,45,Core,45.72,4.6,No,0,Yes,No,Debit Card,42.0,87,No,1635.74,No
PAL-02901,36,Elite,81.28,11.5,No,0,No,No,Debit Card,29.8,6,No,4816.21,No
PAL-02902,45,Core,43.65,6.0,No,3,No,No,Credit Card,50.7,66,No,2860.44,No
PAL-02903,52,Core,52.62,7.0,No,5,No,No,Credit Card,36.8,39,No,3151.14,No
PAL-02904,52,Basic,22.13,2.8,No,1,No,No,Debit Card,62.0,87,No,737.9,Yes
PAL-02905,32,Core,40.32,6.3,No,2,No,No,Credit Card,37.6,66,No,1138.99,No
PAL-02906,19,Basic,21.38,7.7,No,4,Yes,Yes,Debit Card,79.6,47,No,408.85,No
PAL-02907,16,Elite,71.05,4.1,No,1,Yes,No,Debit Card,35.9,21,Yes,1303.18,Yes
PAL-02908,48,Basic,30.64,18.6,Yes,3,No,No,Credit Card,50.3,11,No,2189.31,Yes
PAL-02909,34,Core,48.97,6.3,No,0,No,No,Credit Card,54.8,52,No,1009.46,Yes
PAL-02910,51,Basic,24.81,8.8,No,2,No,No,Debit Card,42.9,89,Yes,1429.54,Yes
PAL-02911,28,Core,43.6,10.4,No,3,No,No,Debit Card,49.5,78,No,2367.23,No
PAL-02912,45,Core,43.23,4.9,No,4,No,Yes,Debit Card,54.8,97,No,2098.32,No
PAL-02913,16,Basic,25.25,3.7,No,6,No,Yes,Credit Card,79.1,41,Yes,537.96,No
PAL-02914,41,Basic,23.31,3.9,No,3,Yes,No,Bank Draft,56.9,63,No,598.55,No
PAL-02915,9,Basic,20.37,11.0,No,2,No,Yes,Credit Card,53.0,29,Yes,475.38,Yes
PAL-02916,11,Core,51.08,3.7,Yes,4,Yes,No,Credit Card,69.6,64,No,562.71,Yes
PAL-02917,51,Basic,30.98,18.2,No,2,No,Yes,Credit Card,61.6,66,No,637.18,Yes
PAL-02918,58,Elite,85.45,1.6,No,2,No,No,Credit Card,69.4,98,Yes,16025.34,No
PAL-02919,26,Basic,21.35,18.0,No,3,No,No,Debit Card,40.3,68,No,718.08,No
PAL-02920,17,Core,42.93,8.6,No,0,No,No,Debit Card,31.9,85,No,1362.26,No
PAL-02921,53,Basic,22.11,6.1,No,2,No,No,Credit Card,76.1,13,No,1744.04,Yes
PAL-02922,25,Basic,24.11,2.4,No,2,No,Yes,Credit Card,59.1,43,No,455.75,No
PAL-02923,41,Elite,78.01,3.1,No,2,No,No,Credit Card,44.4,19,No,2715.3,No
PAL-02924,4,Core,41.39,6.5,No,2,No,No,Credit Card,36.8,59,No,224.29,No
PAL-02925,49,Core,43.11,3.9,No,3,No,No,Debit Card,46.2,86,No,8206.38,No
PAL-02926,1,Core,40.96,3.0,No,1,No,No,Credit Card,78.5,2,No,47.11,No
PAL-02927,46,Core,38.87,5.7,No,2,Yes,No,Debit Card,34.8,63,No,1021.84,No
PAL-02928,10,Basic,23.66,4.4,No,1,No,Yes,Debit Card,78.0,26,No,253.43,Yes
PAL-02929,55,Basic,23.32,13.6,No,2,No,No,Debit Card,43.8,80,No,2395.93,Yes
PAL-02930,37,Core,41.87,9.8,No,3,Yes,No,Credit Card,51.9,11,No,1244.22,No
PAL-02931,31,Core,38.54,9.8,No,1,No,No,Credit Card,52.3,86,No,808.49,No
PAL-02932,17,Basic,27.14,6.6,No,4,Yes,Yes,Bank Draft,54.1,26,No,395.55,Yes
PAL-02933,14,Basic,28.43,2.5,No,2,No,No,Credit Card,30.9,85,No,1218.61,No
PAL-02934,53,Basic,24.93,6.7,No,3,Yes,No,Credit Card,86.9,58,Yes,1401.59,No
PAL-02935,23,Core,41.53,7.5,No,3,No,No,Debit Card,62.3,9,No,1554.34,No
PAL-02936,1,Basic,25.97,8.3,No,1,No,No,Credit Card,63.7,30,No,0.0,Yes
PAL-02937,5,Basic,22.31,6.7,No,2,No,No,Debit Card,53.5,80,No,98.92,Yes
PAL-02938,11,Basic,26.84,0.5,Yes,4,No,No,Credit Card,55.7,47,Yes,355.03,Yes
PAL-02939,56,Core,41.43,11.6,No,1,No,Yes,Debit Card,58.6,0,Yes,3176.76,No
PAL-02940,4,Core,45.99,2.3,Yes,1,No,No,Bank Draft,57.0,77,No,34.04,No
PAL-02941,43,Basic,24.29,4.0,No,0,No,No,Credit Card,39.7,17,No,760.89,No
PAL-02942,6,Elite,79.56,6.7,No,0,No,No,Credit Card,42.9,65,Yes,263.98,No
PAL-02943,1,Core,39.82,6.3,Yes,2,No,No,Debit Card,65.8,39,No,226.14,Yes
PAL-02944,14,Core,47.37,3.1,No,2,No,No,Debit Card,71.9,26,No,504.48,No
PAL-02945,5,Basic,23.97,3.9,No,1,No,No,Credit Card,41.0,80,No,0.0,Yes
PAL-02946,52,Basic,28.0,4.0,No,2,No,No,Credit Card,48.8,48,Yes,1553.14,No
PAL-02947,56,Core,36.36,1.5,Yes,3,No,No,Credit Card,48.4,24,No,911.35,No
PAL-02948,52,Core,41.27,2.7,Yes,1,Yes,No,Credit Card,64.5,3,No,1063.76,No
PAL-02949,33,Basic,20.79,10.9,No,2,No,Yes,Debit Card,50.2,25,No,921.34,Yes
PAL-02950,19,Core,44.13,8.3,No,5,No,Yes,Credit Card,47.5,78,No,640.52,No
PAL-02951,60,Core,43.37,10.1,No,3,Yes,No,Credit Card,41.0,9,No,1154.98,Yes
PAL-02952,4,Core,45.21,18.4,No,3,No,No,Bank Draft,65.3,74,No,256.5,No
PAL-02953,20,Core,39.61,7.7,No,2,No,No,Credit Card,51.2,29,Yes,620.07,No
PAL-02954,41,Elite,81.83,1.1,No,3,No,Yes,Credit Card,47.7,50,No,5959.49,No
PAL-02955,19,Core,52.59,6.3,Yes,1,Yes,No,Debit Card,51.0,82,No,1202.14,No
PAL-02956,42,Basic,28.21,8.4,Yes,0,Yes,No,Debit Card,74.6,43,No,746.86,No
PAL-02957,53,Basic,24.94,6.1,No,3,No,Yes,Bank Draft,56.1,83,No,1006.33,No
PAL-02958,56,Core,51.47,2.9,No,4,No,Yes,Credit Card,73.3,81,Yes,3561.49,No
PAL-02959,7,Basic,23.67,7.6,No,0,No,No,Debit Card,38.9,68,No,200.17,Yes
PAL-02960,56,Basic,30.38,10.4,No,1,No,Yes,Credit Card,54.2,97,No,2527.52,No
PAL-02961,59,Core,35.0,7.0,Yes,0,No,No,Credit Card,50.7,59,No,1494.44,No
PAL-02962,15,Basic,27.52,11.0,Yes,4,No,Yes,Credit Card,89.6,16,No,632.9,No
PAL-02963,1,Elite,60.0,5.9,No,2,No,No,Credit Card,52.4,94,No,50.31,No
PAL-02964,53,Basic,20.01,6.3,No,0,Yes,Yes,Credit Card,40.2,58,No,1723.73,No
PAL-02965,55,Core,47.4,3.8,No,5,No,Yes,Debit Card,57.2,47,No,3508.27,No
PAL-02966,32,Core,43.58,8.6,No,1,No,Yes,Credit Card,60.0,43,No,1289.14,Yes
PAL-02967,17,Elite,71.44,7.2,Yes,0,No,No,Credit Card,74.0,69,No,2008.16,No
PAL-02968,55,Elite,91.66,5.4,No,3,No,No,Credit Card,46.9,1,Yes,2507.77,No
PAL-02969,48,Elite,70.14,16.3,No,2,Yes,No,Credit Card,71.0,59,No,3672.16,No
PAL-02970,41,Basic,28.02,18.0,No,2,No,Yes,Bank Draft,54.7,35,No,753.23,No
PAL-02971,29,Basic,26.89,5.9,No,2,No,No,Debit Card,59.6,98,No,664.88,Yes
PAL-02972,28,Elite,71.55,14.2,No,4,No,No,Credit Card,62.0,83,No,2794.74,No
PAL-02973,55,Elite,77.11,9.0,Yes,0,No,No,Debit Card,51.5,0,No,1490.27,No
PAL-02974,35,Elite,86.24,11.8,Yes,2,Yes,No,Debit Card,32.4,99,No,1680.86,No
PAL-02975,22,Core,44.49,1.5,No,2,No,No,Credit Card,55.5,43,No,738.77,No
PAL-02976,14,Elite,68.9,6.3,Yes,0,No,No,Bank Draft,45.6,13,Yes,345.2,No
PAL-02977,33,Core,44.57,5.1,No,2,No,No,Credit Card,36.4,36,No,1594.79,Yes
PAL-02978,34,Basic,21.28,10.2,No,5,No,No,Credit Card,55.1,14,No,522.46,No
PAL-02979,46,Elite,77.88,5.1,No,6,Yes,No,Debit Card,39.3,2,No,4783.4,No
PAL-02980,16,Basic,24.89,8.9,No,4,No,No,Debit Card,54.9,57,Yes,416.73,No
PAL-02981,50,Elite,89.76,14.0,Yes,0,No,No,Debit Card,53.2,57,No,3987.83,No
PAL-02982,26,Basic,27.53,5.2,No,1,No,No,Credit Card,50.0,18,No,623.31,No
PAL-02983,40,Core,41.79,3.0,No,3,Yes,No,Credit Card,39.1,55,No,2845.61,No
PAL-02984,18,Core,44.51,9.0,No,3,No,Yes,Debit Card,32.9,92,No,1085.76,No
PAL-02985,30,Core,51.08,7.4,No,2,No,Yes,Debit Card,55.1,1,No,2569.1,No
PAL-02986,27,Elite,82.53,3.2,Yes,1,No,No,Bank Draft,69.9,15,No,2014.65,No
PAL-02987,43,Core,52.26,7.5,No,5,No,No,Bank Draft,63.4,33,No,1748.25,No
PAL-02988,52,Elite,72.06,8.6,Yes,4,No,No,Debit Card,34.6,92,No,3034.97,No
PAL-02989,29,Core,44.5,11.4,No,3,Yes,Yes,Debit Card,46.9,65,No,2976.67,No
PAL-02990,34,Basic,19.62,1.6,Yes,3,No,No,Debit Card,48.7,8,Yes,1654.72,No
PAL-02991,43,Elite,88.27,5.2,No,4,No,No,Bank Draft,34.8,28,No,4310.44,No
PAL-02992,2,Elite,77.33,4.5,No,3,No,Yes,Credit Card,44.2,15,Yes,115.21,No
PAL-02993,35,Basic,27.46,4.8,No,1,Yes,No,Credit Card,38.9,84,No,1084.09,No
PAL-02994,42,Elite,83.66,10.2,Yes,0,No,No,Debit Card,74.3,71,No,4175.9,No
PAL-02995,16,Core,38.47,5.8,No,4,No,No,Credit Card,55.0,90,No,991.88,No
PAL-02996,40,Basic,23.95,9.8,No,1,Yes,Yes,Credit Card,72.9,72,No,587.61,No
PAL-02997,4,Basic,24.58,4.5,No,4,No,No,Debit Card,56.1,82,No,91.69,No
PAL-02998,5,Elite,73.73,9.2,No,2,No,Yes,Credit Card,72.3,96,No,1706.1,No
PAL-02999,12,Elite,87.9,9.3,No,4,Yes,No,Credit Card,32.8,16,No,734.62,No
PAL-03000,19,Basic,28.53,1.9,No,1,No,No,Credit Card,70.1,86,Yes,774.29,No
