viewer_id,months_subscribed,plan_level,monthly_rate,devices_registered,weekly_watch_hours,autoplay_next_episode,payment_method,binge_sessions_per_month,signup_channel,num_profiles,days_since_last_watch,parental_controls_enabled,projected_lifetime_value,subscription_lapsed
SOL-00001,9,Ultra,16.38,3,3.9,Yes,Credit Card,6,App Store,4,7,No,289.58,No
SOL-00002,11,Ad-Lite,5.34,2,10.6,Yes,PayPal,4,Web,3,2,No,110.75,No
SOL-00003,4,Ad-Lite,6.06,1,3.2,Yes,PayPal,3,Partner Bundle,4,2,No,44.73,Yes
SOL-00004,7,Ad-Lite,5.95,3,25.3,No,Credit Card,2,App Store,1,3,No,48.81,No
SOL-00005,8,Standard,12.13,2,8.9,Yes,Mobile Carrier Billing,2,Web,1,25,No,91.94,Yes
SOL-00006,17,Standard,12.72,1,3.2,Yes,Credit Card,4,App Store,2,2,No,328.79,No
SOL-00007,9,Ad-Lite,5.93,1,4.0,Yes,PayPal,2,App Store,3,14,No,18.34,No
SOL-00008,15,Standard,12.84,1,9.3,Yes,PayPal,1,Web,2,1,No,148.75,No
SOL-00009,30,Standard,11.73,3,3.4,No,PayPal,2,App Store,1,14,Yes,141.44,Yes
SOL-00010,6,Standard,10.71,1,0.6,Yes,Mobile Carrier Billing,2,Partner Bundle,1,12,No,27.91,No
SOL-00011,4,Standard,9.23,1,7.2,Yes,PayPal,3,Web,3,7,No,40.87,No
SOL-00012,7,Ultra,17.67,2,11.0,No,Mobile Carrier Billing,1,App Store,3,13,No,58.98,No
SOL-00013,15,Ad-Lite,5.92,2,4.6,No,PayPal,4,App Store,2,5,No,105.63,Yes
SOL-00014,16,Ultra,16.25,3,5.2,Yes,Credit Card,1,App Store,2,4,No,185.62,Yes
SOL-00015,40,Ad-Lite,7.04,5,4.8,No,Mobile Carrier Billing,4,App Store,1,2,No,243.12,Yes
SOL-00016,10,Ad-Lite,6.09,3,7.8,No,Credit Card,7,App Store,1,11,No,120.87,Yes
SOL-00017,6,Standard,12.25,4,8.8,Yes,Gift Card,6,App Store,1,10,No,111.16,Yes
SOL-00018,18,Standard,12.04,2,3.8,Yes,Credit Card,6,Web,3,4,Yes,508.36,No
SOL-00019,6,Standard,10.98,3,8.8,No,Mobile Carrier Billing,2,App Store,3,6,No,137.43,No
SOL-00020,8,Standard,11.4,2,14.7,Yes,Credit Card,0,Web,2,13,No,117.61,No
SOL-00021,28,Ultra,14.53,3,2.8,No,PayPal,7,Web,1,6,No,473.66,No
SOL-00022,24,Standard,14.09,4,8.8,Yes,Mobile Carrier Billing,7,Web,2,8,No,343.62,No
SOL-00023,12,Standard,10.7,4,3.6,Yes,Mobile Carrier Billing,4,Partner Bundle,2,6,No,124.87,Yes
SOL-00024,18,Ultra,17.28,2,3.8,No,Credit Card,5,App Store,3,10,No,380.32,No
SOL-00025,11,Standard,9.83,5,3.3,Yes,PayPal,3,Partner Bundle,3,5,No,60.82,No
SOL-00026,9,Standard,12.25,2,13.4,Yes,Credit Card,4,App Store,2,5,Yes,337.51,No
SOL-00027,7,Ad-Lite,6.98,4,9.1,No,Credit Card,6,Web,1,19,No,0.0,No
SOL-00028,28,Standard,11.15,3,10.4,Yes,Mobile Carrier Billing,6,App Store,4,11,No,418.12,No
SOL-00029,15,Ad-Lite,6.24,1,1.5,Yes,PayPal,2,Partner Bundle,1,15,No,152.0,Yes
SOL-00030,17,Ultra,17.32,3,10.7,Yes,PayPal,4,App Store,2,9,Yes,0.55,No
SOL-00031,22,Ad-Lite,6.69,2,1.8,Yes,Credit Card,4,App Store,1,4,No,79.89,No
SOL-00032,23,Ad-Lite,6.41,3,8.1,Yes,Mobile Carrier Billing,1,App Store,2,19,No,144.58,Yes
SOL-00033,3,Ad-Lite,5.34,2,2.5,Yes,Mobile Carrier Billing,4,Web,2,12,No,42.04,Yes
SOL-00034,19,Ad-Lite,5.7,2,6.8,Yes,Credit Card,3,App Store,2,9,No,155.7,Yes
SOL-00035,5,Standard,13.01,3,15.5,No,PayPal,2,App Store,3,7,No,109.75,Yes
SOL-00036,7,Standard,11.98,1,10.8,Yes,Credit Card,2,Partner Bundle,1,3,Yes,179.1,No
SOL-00037,31,Standard,9.49,3,7.5,Yes,Mobile Carrier Billing,4,Web,3,9,Yes,345.99,No
SOL-00038,18,Ultra,16.31,5,11.4,No,Mobile Carrier Billing,2,Partner Bundle,2,5,No,510.84,Yes
SOL-00039,33,Standard,11.72,2,2.5,Yes,Credit Card,4,Partner Bundle,2,4,No,273.08,No
SOL-00040,22,Ultra,19.67,2,10.3,Yes,Credit Card,2,App Store,3,11,Yes,557.44,No
SOL-00041,9,Ultra,16.91,3,4.3,Yes,Mobile Carrier Billing,6,Web,2,3,No,270.46,No
SOL-00042,19,Ultra,15.68,2,12.5,Yes,Credit Card,5,App Store,3,14,Yes,559.44,No
SOL-00043,34,Ad-Lite,7.05,3,7.7,Yes,Credit Card,2,App Store,3,11,No,205.2,Yes
SOL-00044,13,Ultra,17.96,3,4.5,No,Credit Card,2,Partner Bundle,2,9,Yes,334.41,No
SOL-00045,4,Standard,11.4,2,1.2,Yes,Gift Card,5,Web,3,4,No,104.26,Yes
SOL-00046,5,Standard,12.94,2,4.6,No,Credit Card,2,App Store,4,9,No,185.91,Yes
SOL-00047,24,Standard,12.15,4,10.5,No,PayPal,4,Web,3,29,No,220.95,Yes
SOL-00048,12,Ad-Lite,6.23,1,6.7,Yes,Credit Card,2,Web,2,3,No,110.55,Yes
SOL-00049,5,Ad-Lite,5.49,2,6.0,Yes,PayPal,2,Web,1,14,No,72.07,Yes
SOL-00050,25,Standard,12.4,3,9.9,No,Gift Card,8,Partner Bundle,3,6,No,457.96,No
SOL-00051,7,Ad-Lite,5.39,2,14.4,Yes,Credit Card,3,App Store,3,5,Yes,113.38,No
SOL-00052,5,Standard,14.34,3,6.2,No,Mobile Carrier Billing,5,App Store,1,8,No,99.61,No
SOL-00053,5,Ad-Lite,4.78,4,12.4,Yes,PayPal,5,Web,2,1,No,36.15,Yes
SOL-00054,10,Standard,13.42,2,5.1,No,PayPal,4,Partner Bundle,2,4,No,233.73,No
SOL-00055,2,Ultra,17.57,2,9.6,No,PayPal,2,App Store,1,8,No,0.0,No
SOL-00056,16,Standard,10.94,3,17.4,Yes,Credit Card,6,Web,1,9,No,95.91,Yes
SOL-00057,6,Ad-Lite,4.32,3,7.7,No,Credit Card,1,App Store,1,10,No,0.0,No
SOL-00058,1,Standard,10.94,4,4.2,No,Gift Card,8,App Store,2,9,Yes,0.0,Yes
SOL-00059,13,Ad-Lite,4.5,3,2.8,Yes,PayPal,4,App Store,3,12,No,52.82,Yes
SOL-00060,3,Standard,10.99,3,8.8,No,Credit Card,2,Partner Bundle,1,11,No,111.39,Yes
SOL-00061,11,Ultra,17.24,3,1.2,No,PayPal,2,Partner Bundle,3,16,Yes,168.18,No
SOL-00062,17,Ad-Lite,6.74,1,0.5,Yes,PayPal,3,Web,2,7,No,274.64,Yes
SOL-00063,8,Ad-Lite,5.54,4,5.7,No,Credit Card,2,App Store,1,1,No,139.56,Yes
SOL-00064,9,Ultra,18.18,3,11.7,Yes,Credit Card,1,App Store,2,34,No,153.11,No
SOL-00065,10,Standard,11.31,2,6.7,Yes,PayPal,3,Web,1,7,No,266.57,Yes
SOL-00066,18,Ad-Lite,6.23,3,2.0,No,Mobile Carrier Billing,3,Web,1,3,No,62.35,No
SOL-00067,30,Ultra,16.59,1,0.7,Yes,Mobile Carrier Billing,6,App Store,3,7,No,243.96,No
SOL-00068,4,Ad-Lite,6.68,1,5.7,Yes,Mobile Carrier Billing,6,App Store,1,24,No,61.8,No
SOL-00069,13,Standard,10.42,2,20.8,Yes,Mobile Carrier Billing,4,Partner Bundle,1,2,No,154.22,No
SOL-00070,21,Ad-Lite,4.09,1,3.2,No,Credit Card,3,App Store,2,10,No,25.53,Yes
SOL-00071,7,Ultra,17.24,2,2.5,Yes,Credit Card,2,Web,2,8,No,90.25,No
SOL-00072,18,Ad-Lite,6.26,4,5.9,Yes,Mobile Carrier Billing,6,App Store,1,1,No,240.03,No
SOL-00073,10,Standard,11.8,1,22.2,Yes,Mobile Carrier Billing,2,Partner Bundle,3,6,No,67.3,No
SOL-00074,19,Ultra,17.38,3,5.4,Yes,Credit Card,5,App Store,1,5,No,316.21,No
SOL-00075,33,Standard,11.1,2,6.5,No,Credit Card,2,App Store,3,9,Yes,469.94,No
SOL-00076,27,Ad-Lite,5.39,1,6.8,Yes,Mobile Carrier Billing,1,Partner Bundle,1,5,Yes,619.58,No
SOL-00077,18,Ad-Lite,6.81,2,8.9,Yes,Gift Card,5,App Store,2,4,No,192.35,No
SOL-00078,5,Standard,11.93,5,13.5,No,Credit Card,1,App Store,3,1,No,25.32,Yes
SOL-00079,13,Ad-Lite,6.4,2,12.5,Yes,Credit Card,6,App Store,1,6,No,221.17,Yes
SOL-00080,11,Ultra,17.58,1,7.7,Yes,PayPal,1,App Store,2,16,No,213.35,No
SOL-00081,27,Ad-Lite,5.84,1,19.5,Yes,PayPal,3,Web,2,14,No,232.09,No
SOL-00082,11,Standard,12.55,1,5.0,Yes,PayPal,3,App Store,3,8,No,262.35,Yes
SOL-00083,15,Standard,12.14,3,13.4,No,Credit Card,4,Partner Bundle,4,14,Yes,81.39,No
SOL-00084,5,Standard,10.63,2,5.5,Yes,Credit Card,7,App Store,4,2,No,83.46,Yes
SOL-00085,17,Ad-Lite,6.22,2,9.0,No,Credit Card,4,Partner Bundle,4,22,Yes,152.55,Yes
SOL-00086,2,Standard,11.71,1,3.6,Yes,Credit Card,6,App Store,3,8,No,61.35,No
SOL-00087,8,Ultra,19.2,3,9.5,Yes,Credit Card,5,App Store,3,4,No,92.2,No
SOL-00088,3,Standard,12.11,1,16.2,No,PayPal,3,Web,3,1,No,0.0,No
SOL-00089,20,Ad-Lite,6.02,2,8.4,Yes,Credit Card,4,Partner Bundle,3,6,No,102.59,Yes
SOL-00090,7,Standard,11.53,2,6.3,No,Mobile Carrier Billing,4,Web,1,8,No,58.38,Yes
SOL-00091,20,Standard,11.5,4,14.1,Yes,Credit Card,4,Partner Bundle,3,2,Yes,106.81,No
SOL-00092,12,Ad-Lite,5.77,3,12.3,No,PayPal,2,App Store,2,17,No,121.69,No
SOL-00093,1,Ad-Lite,5.99,4,4.2,Yes,Credit Card,5,App Store,1,2,No,92.61,Yes
SOL-00094,21,Ad-Lite,6.14,3,1.2,No,PayPal,6,App Store,1,5,No,127.89,No
SOL-00095,12,Standard,10.8,5,15.4,Yes,Credit Card,1,Partner Bundle,1,3,Yes,91.07,No
SOL-00096,1,Ad-Lite,6.65,2,3.4,Yes,Mobile Carrier Billing,2,Partner Bundle,1,11,No,0.0,No
SOL-00097,4,Standard,12.52,3,0.5,Yes,Credit Card,2,Web,2,25,No,0.0,No
SOL-00098,11,Ultra,19.06,5,0.6,No,Credit Card,9,App Store,2,8,No,210.68,No
SOL-00099,23,Ultra,15.14,2,4.5,Yes,Mobile Carrier Billing,2,App Store,2,15,No,572.48,No
SOL-00100,12,Standard,12.32,3,4.8,Yes,Mobile Carrier Billing,8,Web,3,6,No,244.53,No
SOL-00101,7,Ultra,17.73,3,9.4,Yes,Mobile Carrier Billing,2,Partner Bundle,3,22,Yes,157.23,No
SOL-00102,24,Standard,11.33,3,15.0,Yes,Mobile Carrier Billing,5,App Store,1,4,Yes,251.59,No
SOL-00103,10,Ad-Lite,6.09,2,22.2,No,Mobile Carrier Billing,5,App Store,5,7,No,5.4,Yes
SOL-00104,17,Standard,13.16,2,2.9,No,Credit Card,4,Web,4,1,No,261.9,Yes
SOL-00105,0,Standard,9.57,3,2.5,No,Mobile Carrier Billing,5,App Store,1,3,No,0.0,Yes
SOL-00106,12,Standard,10.1,3,6.7,Yes,Credit Card,4,Partner Bundle,3,17,No,264.1,No
SOL-00107,12,Ad-Lite,5.88,3,7.2,Yes,PayPal,3,Web,1,2,Yes,52.36,No
SOL-00108,18,Standard,14.44,3,10.4,No,PayPal,6,Partner Bundle,3,1,No,372.12,No
SOL-00109,4,Ad-Lite,6.14,2,9.8,Yes,Mobile Carrier Billing,7,App Store,1,3,No,122.71,No
SOL-00110,7,Ad-Lite,5.11,2,10.9,Yes,Mobile Carrier Billing,2,Partner Bundle,4,3,No,109.08,Yes
SOL-00111,15,Ad-Lite,7.45,1,1.3,No,Mobile Carrier Billing,4,Partner Bundle,1,15,No,83.0,Yes
SOL-00112,7,Ad-Lite,6.31,2,2.0,Yes,Credit Card,6,Partner Bundle,2,12,Yes,59.24,No
SOL-00113,8,Ultra,15.81,1,14.4,No,Mobile Carrier Billing,2,Web,3,20,No,94.41,Yes
SOL-00114,15,Standard,12.85,1,3.5,Yes,Credit Card,9,App Store,2,7,No,134.99,Yes
SOL-00115,15,Ad-Lite,5.6,2,7.6,Yes,Credit Card,2,Web,1,2,No,151.02,Yes
SOL-00116,4,Standard,11.55,3,11.2,No,Credit Card,2,App Store,1,6,No,131.82,No
SOL-00117,7,Ad-Lite,6.21,2,7.2,Yes,Mobile Carrier Billing,7,Web,2,1,Yes,134.3,Yes
SOL-00118,30,Ad-Lite,5.97,4,20.6,No,Credit Card,9,Partner Bundle,4,8,No,182.8,No
SOL-00119,14,Ad-Lite,6.75,2,6.5,Yes,Mobile Carrier Billing,4,App Store,2,2,No,140.73,Yes
SOL-00120,22,Ad-Lite,5.03,1,10.1,Yes,PayPal,3,Partner Bundle,1,12,No,49.7,No
SOL-00121,19,Standard,12.18,4,3.6,Yes,PayPal,2,Web,3,23,No,439.34,No
SOL-00122,30,Ad-Lite,7.16,2,12.8,Yes,PayPal,2,App Store,5,6,No,362.54,No
SOL-00123,14,Standard,11.09,2,5.9,Yes,PayPal,3,Partner Bundle,2,17,No,250.12,No
SOL-00124,3,Standard,13.6,3,4.5,Yes,Credit Card,2,Partner Bundle,2,10,No,29.71,Yes
SOL-00125,26,Ultra,16.63,1,3.2,No,Credit Card,0,Web,2,10,No,359.55,No
SOL-00126,11,Ultra,16.31,2,1.1,No,PayPal,2,Web,1,14,No,347.01,No
SOL-00127,7,Ad-Lite,6.87,5,2.3,Yes,PayPal,4,Web,2,6,No,0.0,Yes
SOL-00128,21,Ad-Lite,6.62,2,9.2,No,PayPal,4,App Store,2,8,No,100.05,No
SOL-00129,5,Ultra,18.71,3,2.5,Yes,Credit Card,5,App Store,2,11,No,0.0,Yes
SOL-00130,13,Standard,13.08,4,18.1,Yes,Credit Card,3,Partner Bundle,2,6,No,173.69,Yes
SOL-00131,11,Ad-Lite,5.83,3,11.0,No,Credit Card,4,Web,1,5,No,120.2,Yes
SOL-00132,8,Standard,11.0,1,12.0,Yes,Mobile Carrier Billing,6,App Store,3,4,No,147.45,Yes
SOL-00133,3,Standard,12.04,1,8.5,Yes,Mobile Carrier Billing,5,App Store,5,10,No,139.39,Yes
SOL-00134,31,Ad-Lite,5.35,1,7.4,Yes,Credit Card,3,App Store,1,13,No,216.63,No
SOL-00135,14,Standard,12.09,2,11.7,No,Credit Card,3,Partner Bundle,3,4,Yes,225.47,No
SOL-00136,21,Standard,12.4,2,14.1,Yes,Mobile Carrier Billing,4,Partner Bundle,3,19,Yes,492.01,No
SOL-00137,13,Ad-Lite,7.77,2,1.5,Yes,Mobile Carrier Billing,4,Partner Bundle,2,6,No,156.26,No
SOL-00138,16,Standard,10.74,1,6.9,No,Gift Card,5,Partner Bundle,2,2,No,422.72,No
SOL-00139,5,Ad-Lite,4.41,5,10.1,Yes,PayPal,3,Web,4,4,No,90.59,Yes
SOL-00140,23,Ad-Lite,5.8,3,2.0,Yes,PayPal,1,Web,1,4,No,253.08,No
SOL-00141,14,Standard,11.78,1,10.5,No,PayPal,3,Web,2,2,No,271.44,No
SOL-00142,1,Ad-Lite,6.96,2,4.4,Yes,Mobile Carrier Billing,3,Partner Bundle,3,11,No,0.0,Yes
SOL-00143,8,Ad-Lite,6.09,2,6.9,No,Mobile Carrier Billing,3,App Store,2,14,No,99.43,Yes
SOL-00144,6,Standard,11.02,2,13.1,Yes,Credit Card,1,App Store,2,5,No,116.79,No
SOL-00145,3,Ultra,18.49,2,4.7,Yes,Gift Card,3,App Store,3,23,No,123.94,No
SOL-00146,27,Standard,13.34,1,15.5,Yes,Credit Card,1,Web,2,5,No,452.29,Yes
SOL-00147,8,Ad-Lite,6.06,5,5.0,Yes,PayPal,4,Web,2,9,No,99.19,Yes
SOL-00148,17,Ultra,16.39,3,4.5,Yes,Credit Card,2,Web,2,9,No,447.88,No
SOL-00149,11,Ultra,15.76,2,5.5,Yes,Mobile Carrier Billing,5,Web,1,7,No,222.3,No
SOL-00150,3,Ultra,16.98,4,8.8,No,Mobile Carrier Billing,4,Partner Bundle,3,5,No,202.34,No
SOL-00151,12,Ad-Lite,7.08,3,7.9,Yes,Mobile Carrier Billing,5,App Store,1,11,No,99.25,Yes
SOL-00152,17,Ad-Lite,5.34,1,8.3,No,Mobile Carrier Billing,5,Web,1,2,No,104.38,Yes
SOL-00153,13,Ultra,15.47,5,5.8,No,PayPal,0,App Store,2,21,No,192.86,Yes
SOL-00154,2,Ad-Lite,4.45,2,8.8,Yes,Mobile Carrier Billing,2,App Store,2,5,Yes,5.45,Yes
SOL-00155,16,Standard,12.82,4,3.3,No,Credit Card,3,App Store,2,8,Yes,182.29,No
SOL-00156,14,Ad-Lite,7.13,2,5.6,Yes,Credit Card,1,App Store,1,18,Yes,59.42,No
SOL-00157,13,Ad-Lite,5.78,2,4.9,No,Credit Card,5,Partner Bundle,1,21,No,40.87,Yes
SOL-00158,15,Ad-Lite,6.44,1,23.6,Yes,Mobile Carrier Billing,4,Partner Bundle,3,11,No,167.54,No
SOL-00159,4,Standard,10.44,2,5.6,Yes,PayPal,4,Partner Bundle,1,1,Yes,11.15,No
SOL-00160,14,Standard,10.7,2,9.3,No,Credit Card,9,Web,2,5,No,248.69,No
SOL-00161,10,Ultra,17.24,1,3.4,No,Credit Card,7,Web,3,10,No,331.38,Yes
SOL-00162,5,Standard,10.9,3,3.4,Yes,PayPal,4,Partner Bundle,3,5,No,85.4,Yes
SOL-00163,15,Standard,11.99,1,18.3,Yes,Credit Card,7,Partner Bundle,2,12,No,140.66,Yes
SOL-00164,17,Ad-Lite,5.91,2,6.3,Yes,PayPal,5,App Store,1,13,No,149.09,No
SOL-00165,34,Ultra,15.62,2,10.3,No,PayPal,1,App Store,3,6,No,813.6,No
SOL-00166,10,Ad-Lite,5.5,3,2.7,Yes,Credit Card,7,App Store,2,11,No,66.61,Yes
SOL-00167,16,Ad-Lite,4.13,1,5.2,Yes,PayPal,3,Web,2,8,No,108.88,Yes
SOL-00168,3,Standard,12.96,5,25.7,Yes,PayPal,7,Web,1,13,No,16.08,No
SOL-00169,5,Ad-Lite,5.36,2,5.9,No,Credit Card,4,Web,2,14,No,51.91,Yes
SOL-00170,4,Ad-Lite,6.21,2,11.7,Yes,Credit Card,3,Web,2,6,No,55.13,Yes
SOL-00171,12,Ad-Lite,5.43,4,6.4,Yes,Gift Card,0,Partner Bundle,2,6,No,71.52,No
SOL-00172,4,Ultra,17.04,2,2.2,Yes,Mobile Carrier Billing,1,Web,2,1,No,121.22,Yes
SOL-00173,33,Standard,12.75,2,14.3,No,Credit Card,4,App Store,1,1,No,596.76,No
SOL-00174,6,Ad-Lite,7.48,5,6.1,Yes,Mobile Carrier Billing,4,Partner Bundle,4,12,No,0.0,Yes
SOL-00175,4,Standard,13.34,2,3.1,No,PayPal,3,App Store,2,11,No,66.53,No
SOL-00176,14,Ultra,16.56,2,0.8,Yes,PayPal,0,Web,2,6,No,353.18,No
SOL-00177,2,Ad-Lite,5.71,2,5.2,Yes,PayPal,4,Web,3,3,No,0.0,No
SOL-00178,2,Ad-Lite,6.66,1,5.9,Yes,Credit Card,5,App Store,1,21,No,0.0,Yes
SOL-00179,19,Standard,12.82,3,14.6,Yes,Credit Card,3,Partner Bundle,2,4,Yes,208.73,No
SOL-00180,10,Standard,11.74,2,16.5,No,PayPal,4,App Store,2,20,No,127.62,Yes
SOL-00181,16,Standard,12.85,3,3.0,Yes,Gift Card,2,Partner Bundle,3,29,No,227.39,No
SOL-00182,33,Standard,9.81,3,11.9,Yes,PayPal,3,App Store,5,46,No,439.4,Yes
SOL-00183,16,Ultra,16.19,3,4.9,No,Credit Card,4,Web,2,4,No,391.46,No
SOL-00184,32,Ad-Lite,6.7,2,3.8,Yes,Credit Card,3,App Store,1,6,No,271.67,Yes
SOL-00185,2,Ad-Lite,5.93,3,3.5,No,Credit Card,4,App Store,1,11,No,0.0,Yes
SOL-00186,1,Ultra,17.27,1,4.9,No,Credit Card,4,App Store,2,2,No,103.15,No
SOL-00187,8,Standard,11.16,2,11.7,No,Credit Card,5,App Store,3,1,Yes,70.96,Yes
SOL-00188,16,Ad-Lite,6.86,2,10.2,No,Gift Card,4,App Store,1,14,No,63.31,Yes
SOL-00189,13,Standard,9.58,1,13.8,Yes,PayPal,1,App Store,3,4,No,95.87,No
SOL-00190,15,Standard,10.98,2,16.5,Yes,PayPal,5,Partner Bundle,1,1,No,163.35,No
SOL-00191,1,Ad-Lite,5.72,3,1.5,Yes,PayPal,5,Web,1,3,No,15.03,Yes
SOL-00192,7,Ad-Lite,6.47,3,4.1,Yes,Credit Card,9,Partner Bundle,2,6,No,69.17,No
SOL-00193,10,Ad-Lite,5.6,2,3.6,Yes,PayPal,4,App Store,1,3,No,146.99,Yes
SOL-00194,15,Standard,10.32,3,5.6,No,Credit Card,1,Partner Bundle,1,26,No,136.95,No
SOL-00195,23,Standard,12.15,1,9.7,Yes,Mobile Carrier Billing,4,App Store,5,16,No,358.09,Yes
SOL-00196,19,Ad-Lite,4.94,1,4.2,No,PayPal,5,Web,2,7,No,223.68,Yes
SOL-00197,11,Ad-Lite,6.18,3,12.9,No,PayPal,2,Partner Bundle,2,5,Yes,6.21,Yes
SOL-00198,20,Ultra,16.33,1,16.8,Yes,PayPal,5,Web,1,11,Yes,345.13,No
SOL-00199,18,Ad-Lite,6.26,4,5.9,Yes,Credit Card,1,Web,1,7,No,151.63,Yes
SOL-00200,13,Standard,10.37,3,6.3,Yes,PayPal,3,App Store,2,9,No,315.46,No
SOL-00201,10,Ultra,14.91,3,5.4,Yes,Credit Card,2,App Store,3,6,No,196.72,No
SOL-00202,3,Standard,12.05,2,6.7,Yes,PayPal,5,Web,3,17,No,60.34,No
SOL-00203,20,Ultra,16.95,2,16.4,No,PayPal,5,Partner Bundle,3,7,Yes,278.83,No
SOL-00204,22,Ultra,17.56,3,7.7,No,Credit Card,3,Web,3,5,No,343.27,No
SOL-00205,16,Ad-Lite,4.64,3,5.1,Yes,Mobile Carrier Billing,1,Partner Bundle,1,25,No,132.44,Yes
SOL-00206,7,Ad-Lite,6.56,1,3.2,Yes,Credit Card,3,App Store,2,2,No,151.95,No
SOL-00207,31,Standard,11.92,3,12.1,Yes,PayPal,8,Partner Bundle,2,15,No,637.66,No
SOL-00208,8,Standard,12.4,2,4.5,Yes,Credit Card,4,Web,4,3,No,45.79,No
SOL-00209,9,Standard,12.01,1,4.3,Yes,Credit Card,6,App Store,3,3,No,72.17,No
SOL-00210,27,Ultra,16.1,1,11.6,No,Gift Card,3,Partner Bundle,2,1,Yes,380.02,No
SOL-00211,9,Standard,11.94,2,13.4,Yes,PayPal,3,App Store,1,7,No,172.74,No
SOL-00212,22,Ultra,17.36,4,16.6,No,PayPal,5,Web,1,8,No,209.92,No
SOL-00213,6,Ad-Lite,6.43,1,6.3,Yes,Mobile Carrier Billing,3,Partner Bundle,1,1,Yes,109.82,Yes
SOL-00214,8,Ultra,18.8,1,5.5,Yes,Credit Card,2,App Store,2,20,No,226.76,No
SOL-00215,13,Ad-Lite,6.46,2,1.1,No,PayPal,5,Web,3,8,No,246.65,Yes
SOL-00216,20,Ultra,16.38,1,11.2,Yes,Gift Card,3,App Store,1,4,Yes,165.61,No
SOL-00217,25,Ultra,18.79,3,5.1,Yes,Mobile Carrier Billing,1,Web,3,3,No,437.83,No
SOL-00218,15,Ad-Lite,7.56,1,8.4,Yes,Mobile Carrier Billing,2,App Store,4,12,No,104.44,Yes
SOL-00219,11,Standard,10.33,2,9.2,Yes,Credit Card,4,Partner Bundle,1,18,Yes,95.94,No
SOL-00220,4,Standard,15.0,5,7.8,Yes,PayPal,1,Web,3,0,No,66.14,No
SOL-00221,15,Standard,11.62,3,3.7,Yes,Credit Card,3,App Store,3,1,No,251.47,No
SOL-00222,21,Standard,13.25,1,4.9,Yes,PayPal,9,Web,3,10,Yes,342.32,No
SOL-00223,8,Ad-Lite,5.82,4,4.5,Yes,Credit Card,4,Web,2,15,No,108.15,Yes
SOL-00224,7,Ad-Lite,6.48,2,8.3,Yes,Credit Card,5,App Store,4,12,No,0.0,No
SOL-00225,22,Ad-Lite,5.45,3,6.7,Yes,Gift Card,3,Partner Bundle,2,6,Yes,239.02,Yes
SOL-00226,26,Ad-Lite,7.02,4,8.3,Yes,PayPal,5,App Store,3,22,Yes,238.97,Yes
SOL-00227,10,Standard,12.61,2,5.5,No,PayPal,2,Partner Bundle,2,7,No,85.47,Yes
SOL-00228,15,Standard,11.75,4,5.3,No,Credit Card,4,Web,1,19,No,229.18,Yes
SOL-00229,29,Standard,11.18,1,5.7,Yes,Gift Card,3,App Store,2,2,No,410.64,No
SOL-00230,5,Standard,11.89,2,2.7,Yes,PayPal,4,App Store,1,12,No,18.52,Yes
SOL-00231,13,Ad-Lite,5.43,2,10.5,Yes,Mobile Carrier Billing,2,App Store,2,14,No,150.48,No
SOL-00232,2,Standard,12.34,1,15.8,Yes,Mobile Carrier Billing,4,Web,1,2,No,68.36,No
SOL-00233,7,Ad-Lite,5.04,4,7.0,No,PayPal,1,Partner Bundle,2,5,No,150.36,No
SOL-00234,14,Ultra,17.17,4,12.4,Yes,Credit Card,2,App Store,3,4,No,171.01,No
SOL-00235,30,Ultra,18.18,2,1.3,Yes,PayPal,1,App Store,3,5,No,564.84,No
SOL-00236,18,Standard,10.02,3,13.1,Yes,PayPal,3,Web,3,3,No,267.59,No
SOL-00237,28,Ultra,14.93,2,5.8,No,PayPal,1,Partner Bundle,4,3,No,227.02,No
SOL-00238,7,Ultra,16.79,2,4.8,Yes,PayPal,4,Web,2,8,No,195.33,No
SOL-00239,18,Standard,12.63,2,5.8,No,PayPal,2,App Store,2,8,No,77.24,No
SOL-00240,8,Ad-Lite,5.27,3,4.1,Yes,PayPal,8,App Store,3,1,No,82.59,Yes
SOL-00241,24,Ad-Lite,6.01,5,2.6,No,Credit Card,4,Partner Bundle,1,0,No,94.97,No
SOL-00242,18,Standard,11.17,2,5.8,No,Credit Card,3,Partner Bundle,2,1,No,159.86,No
SOL-00243,9,Standard,13.57,1,7.2,No,Credit Card,1,App Store,2,21,Yes,0.0,No
SOL-00244,25,Standard,13.4,2,1.7,No,Credit Card,4,Web,2,4,No,248.04,No
SOL-00245,2,Standard,11.37,2,14.2,No,Credit Card,2,App Store,3,20,No,62.77,Yes
SOL-00246,10,Ad-Lite,5.98,1,2.0,Yes,Mobile Carrier Billing,4,Partner Bundle,2,11,Yes,199.63,Yes
SOL-00247,16,Standard,10.51,1,3.1,Yes,Credit Card,8,Web,1,7,No,106.24,No
SOL-00248,22,Ad-Lite,5.71,1,2.7,Yes,PayPal,3,Partner Bundle,1,11,No,27.74,Yes
SOL-00249,9,Ultra,15.2,1,4.4,Yes,PayPal,3,Web,5,16,No,175.44,No
SOL-00250,24,Standard,10.22,2,13.9,Yes,Mobile Carrier Billing,2,Web,1,4,No,230.31,No
SOL-00251,26,Ad-Lite,7.09,2,12.5,Yes,Mobile Carrier Billing,6,Web,2,2,No,308.75,Yes
SOL-00252,12,Standard,12.22,2,6.6,No,PayPal,6,App Store,3,7,No,128.85,No
SOL-00253,22,Standard,11.95,2,8.7,Yes,Mobile Carrier Billing,3,Partner Bundle,1,14,No,364.57,No
SOL-00254,30,Ad-Lite,6.49,1,2.5,No,PayPal,3,Web,4,14,No,242.78,No
SOL-00255,8,Standard,14.02,3,5.0,No,PayPal,1,Web,1,15,No,128.1,No
SOL-00256,21,Standard,11.05,1,2.1,No,PayPal,1,Web,3,10,No,439.07,No
SOL-00257,32,Standard,10.94,3,18.2,No,Gift Card,2,Partner Bundle,2,5,No,292.94,No
SOL-00258,23,Ultra,18.31,2,4.3,No,Mobile Carrier Billing,3,Partner Bundle,2,6,Yes,272.0,No
SOL-00259,11,Ad-Lite,7.74,2,9.9,Yes,Credit Card,4,App Store,2,7,No,241.0,No
SOL-00260,5,Ultra,15.08,2,6.3,Yes,Credit Card,1,Web,3,15,Yes,32.96,No
SOL-00261,22,Standard,10.85,5,3.8,Yes,Credit Card,4,Web,2,34,No,123.46,No
SOL-00262,14,Ad-Lite,7.25,1,22.2,No,Credit Card,2,Partner Bundle,2,24,No,163.55,Yes
SOL-00263,28,Ad-Lite,4.94,2,8.4,Yes,Credit Card,3,Partner Bundle,4,10,No,164.92,Yes
SOL-00264,20,Standard,12.5,4,4.2,No,Credit Card,2,Web,2,5,No,519.68,No
SOL-00265,12,Ultra,16.59,1,6.1,Yes,PayPal,4,App Store,1,3,No,159.28,Yes
SOL-00266,16,Ad-Lite,5.72,3,3.7,No,Mobile Carrier Billing,6,Web,4,7,No,108.01,No
SOL-00267,5,Standard,10.85,3,8.7,Yes,Credit Card,4,Web,2,13,No,131.22,No
SOL-00268,10,Ad-Lite,5.52,2,1.1,Yes,Mobile Carrier Billing,3,Partner Bundle,2,12,No,119.0,No
SOL-00269,6,Ad-Lite,6.12,4,0.3,No,Credit Card,6,App Store,2,4,No,0.0,Yes
SOL-00270,37,Ad-Lite,6.36,2,3.7,No,Mobile Carrier Billing,7,App Store,4,3,No,255.22,Yes
SOL-00271,22,Standard,12.47,5,6.9,No,Credit Card,7,App Store,2,4,No,302.97,No
SOL-00272,19,Ad-Lite,5.56,2,13.3,Yes,PayPal,3,Partner Bundle,1,26,No,115.54,No
SOL-00273,47,Ultra,16.42,1,4.1,Yes,PayPal,2,Web,2,11,No,1514.62,No
SOL-00274,14,Ad-Lite,5.32,1,10.8,No,PayPal,5,App Store,3,4,No,74.87,Yes
SOL-00275,4,Ad-Lite,6.67,2,2.7,Yes,Credit Card,4,App Store,1,11,No,51.96,Yes
SOL-00276,19,Standard,11.73,3,13.3,Yes,PayPal,2,Partner Bundle,3,7,No,158.06,No
SOL-00277,19,Ad-Lite,5.6,3,3.0,Yes,PayPal,4,Partner Bundle,1,10,Yes,109.52,Yes
SOL-00278,32,Ad-Lite,5.0,1,6.4,Yes,Credit Card,1,App Store,3,3,No,242.61,No
SOL-00279,16,Ad-Lite,5.79,1,5.8,Yes,Mobile Carrier Billing,2,App Store,1,10,Yes,73.48,Yes
SOL-00280,3,Standard,10.77,3,9.4,No,Credit Card,1,App Store,1,32,No,106.99,No
SOL-00281,17,Ultra,17.8,3,5.4,Yes,Gift Card,4,App Store,2,5,No,394.68,No
SOL-00282,14,Ad-Lite,5.78,1,5.5,No,Credit Card,7,App Store,2,11,No,70.77,Yes
SOL-00283,19,Ad-Lite,5.49,3,2.0,Yes,PayPal,4,App Store,2,8,No,0.0,Yes
SOL-00284,37,Ultra,17.43,3,12.4,Yes,Mobile Carrier Billing,5,Web,2,8,Yes,316.92,No
SOL-00285,8,Ad-Lite,6.37,4,5.2,Yes,Mobile Carrier Billing,4,App Store,2,4,No,70.32,No
SOL-00286,42,Ultra,16.61,2,20.9,Yes,Credit Card,0,App Store,2,24,No,435.57,No
SOL-00287,32,Standard,13.0,2,9.1,Yes,Credit Card,1,Web,2,14,No,211.54,No
SOL-00288,4,Ad-Lite,5.85,1,13.1,Yes,Gift Card,8,Web,2,9,No,117.55,Yes
SOL-00289,1,Standard,13.24,1,13.2,Yes,PayPal,4,App Store,3,1,No,38.19,Yes
SOL-00290,13,Ad-Lite,4.95,3,9.5,Yes,Credit Card,4,Web,3,15,No,58.17,Yes
SOL-00291,15,Standard,11.85,3,5.5,Yes,Credit Card,5,Web,3,6,No,169.37,No
SOL-00292,4,Ad-Lite,5.63,3,11.2,Yes,PayPal,3,App Store,5,37,No,0.0,Yes
SOL-00293,24,Ad-Lite,5.66,1,13.1,No,PayPal,2,Web,1,7,No,163.44,No
SOL-00294,2,Ad-Lite,6.4,2,19.1,Yes,Mobile Carrier Billing,6,App Store,1,14,No,42.65,Yes
SOL-00295,6,Ad-Lite,5.98,3,6.8,No,PayPal,1,Web,1,22,No,0.0,No
SOL-00296,19,Ad-Lite,6.32,3,5.1,Yes,Mobile Carrier Billing,3,Web,2,5,Yes,114.59,Yes
SOL-00297,22,Ultra,18.42,1,5.3,Yes,Mobile Carrier Billing,4,Partner Bundle,1,5,No,210.91,No
SOL-00298,19,Ultra,17.51,4,2.6,No,Credit Card,3,Web,2,31,No,325.9,No
SOL-00299,6,Standard,12.96,2,6.1,Yes,Mobile Carrier Billing,2,App Store,2,10,No,142.18,No
SOL-00300,1,Ad-Lite,5.85,2,7.2,No,PayPal,4,App Store,2,20,Yes,45.97,Yes
SOL-00301,15,Ad-Lite,6.58,2,3.5,Yes,Credit Card,7,App Store,2,9,No,224.41,No
SOL-00302,12,Standard,13.3,2,4.0,Yes,PayPal,2,App Store,1,9,No,90.25,No
SOL-00303,1,Ultra,16.64,2,9.2,Yes,PayPal,3,Web,1,2,Yes,58.46,No
SOL-00304,10,Ad-Lite,8.0,2,10.4,No,PayPal,3,Partner Bundle,1,10,No,0.0,Yes
SOL-00305,28,Ad-Lite,6.17,4,6.9,Yes,Credit Card,4,Partner Bundle,3,29,Yes,352.12,Yes
SOL-00306,9,Standard,13.35,1,1.1,No,Credit Card,3,Partner Bundle,1,7,Yes,158.56,Yes
SOL-00307,8,Ad-Lite,6.13,3,12.8,Yes,Mobile Carrier Billing,3,Web,2,45,No,21.53,No
SOL-00308,5,Standard,11.63,1,5.4,Yes,Mobile Carrier Billing,3,Web,2,7,Yes,129.51,No
SOL-00309,14,Ad-Lite,5.49,2,6.5,Yes,Mobile Carrier Billing,3,Web,2,8,No,238.04,No
SOL-00310,24,Standard,13.39,3,16.1,Yes,Mobile Carrier Billing,4,App Store,2,6,No,310.32,No
SOL-00311,12,Ultra,17.21,2,7.1,No,PayPal,6,Web,1,12,No,344.79,Yes
SOL-00312,8,Ad-Lite,6.43,1,9.2,No,PayPal,5,Web,3,19,No,106.22,No
SOL-00313,12,Ad-Lite,7.73,1,7.4,Yes,Credit Card,2,App Store,2,7,No,112.9,No
SOL-00314,12,Standard,12.05,3,8.9,Yes,PayPal,3,App Store,1,8,No,278.43,Yes
SOL-00315,27,Standard,11.22,1,3.4,No,Credit Card,4,Web,1,10,No,443.71,Yes
SOL-00316,20,Standard,12.95,1,5.3,Yes,PayPal,5,App Store,2,12,No,277.8,No
SOL-00317,9,Ultra,17.55,2,10.1,Yes,PayPal,2,Web,5,19,No,126.49,No
SOL-00318,29,Standard,11.43,2,8.1,Yes,Credit Card,5,Partner Bundle,1,14,No,281.63,No
SOL-00319,7,Standard,12.26,3,5.1,Yes,Mobile Carrier Billing,4,App Store,1,2,No,2.76,No
SOL-00320,0,Standard,12.76,2,10.1,Yes,Credit Card,4,App Store,1,2,No,0.0,No
SOL-00321,5,Ultra,16.95,4,12.9,No,Mobile Carrier Billing,6,App Store,3,8,No,140.88,No
SOL-00322,14,Standard,11.92,1,16.5,Yes,Mobile Carrier Billing,2,Partner Bundle,3,20,Yes,242.83,No
SOL-00323,11,Standard,10.95,3,2.4,Yes,PayPal,3,Web,3,1,No,262.58,Yes
SOL-00324,29,Standard,12.29,5,8.2,Yes,Credit Card,2,Partner Bundle,5,4,No,139.69,Yes
SOL-00325,14,Ad-Lite,5.62,2,8.5,No,Credit Card,7,App Store,4,15,No,138.29,Yes
SOL-00326,12,Standard,10.67,1,15.8,Yes,Mobile Carrier Billing,2,Web,1,16,No,234.56,No
SOL-00327,15,Ad-Lite,5.41,3,6.7,Yes,Credit Card,4,App Store,4,14,No,195.5,Yes
SOL-00328,12,Ultra,18.04,3,8.1,No,Mobile Carrier Billing,4,Partner Bundle,1,4,Yes,384.68,No
SOL-00329,30,Ad-Lite,5.23,4,0.8,Yes,PayPal,6,Web,2,9,No,222.07,No
SOL-00330,10,Ad-Lite,5.29,2,16.4,No,Credit Card,3,App Store,3,33,No,99.43,No
SOL-00331,13,Ad-Lite,4.58,2,5.1,Yes,Gift Card,5,App Store,3,19,No,185.1,Yes
SOL-00332,9,Ad-Lite,5.04,2,5.1,Yes,Mobile Carrier Billing,2,App Store,2,8,No,125.88,No
SOL-00333,8,Standard,10.64,4,4.7,No,Mobile Carrier Billing,3,Web,3,4,No,145.85,No
SOL-00334,14,Standard,13.03,2,1.5,No,Credit Card,3,App Store,3,2,No,92.06,No
SOL-00335,18,Ultra,15.45,1,2.8,No,Mobile Carrier Billing,10,App Store,2,5,No,488.02,No
SOL-00336,8,Standard,11.0,2,2.0,Yes,Credit Card,3,Partner Bundle,3,13,No,157.72,No
SOL-00337,18,Standard,13.97,4,9.3,No,Mobile Carrier Billing,2,Partner Bundle,1,8,No,288.46,No
SOL-00338,6,Ad-Lite,4.82,2,7.0,Yes,Mobile Carrier Billing,7,Web,1,14,No,17.75,No
SOL-00339,7,Standard,11.76,2,8.8,Yes,PayPal,3,App Store,3,5,Yes,109.1,No
SOL-00340,25,Standard,12.61,3,6.8,Yes,PayPal,5,Web,1,4,Yes,257.47,No
SOL-00341,1,Ultra,16.4,1,5.8,Yes,Credit Card,6,Web,2,7,No,0.0,No
SOL-00342,8,Ultra,15.54,4,1.9,Yes,Credit Card,2,App Store,3,12,No,243.23,Yes
SOL-00343,14,Ad-Lite,5.36,3,1.8,Yes,Credit Card,5,App Store,1,7,No,15.13,Yes
SOL-00344,29,Ad-Lite,6.9,2,4.5,Yes,Mobile Carrier Billing,6,Web,4,7,Yes,310.42,No
SOL-00345,18,Standard,10.3,1,7.9,Yes,Credit Card,5,App Store,2,6,No,307.4,No
SOL-00346,13,Ad-Lite,5.68,1,12.8,Yes,Credit Card,4,App Store,2,16,No,85.57,Yes
SOL-00347,7,Ad-Lite,5.1,2,7.5,No,Gift Card,3,App Store,1,8,No,145.83,Yes
SOL-00348,1,Ad-Lite,5.15,3,20.1,No,Credit Card,3,App Store,1,4,No,21.47,Yes
SOL-00349,10,Standard,10.01,3,9.4,Yes,Mobile Carrier Billing,0,App Store,2,4,Yes,64.76,No
SOL-00350,11,Ad-Lite,5.92,3,3.1,Yes,Gift Card,3,Partner Bundle,2,19,No,171.63,No
SOL-00351,10,Ad-Lite,5.63,5,5.9,Yes,Credit Card,3,App Store,4,25,No,41.96,Yes
SOL-00352,9,Ad-Lite,6.16,2,1.0,No,PayPal,0,App Store,1,3,No,0.0,Yes
SOL-00353,21,Standard,14.36,3,1.2,No,Credit Card,4,App Store,2,20,No,137.15,Yes
SOL-00354,29,Standard,13.64,4,22.5,No,PayPal,0,App Store,2,6,No,746.95,No
SOL-00355,2,Ad-Lite,7.04,2,11.5,Yes,PayPal,2,App Store,4,9,No,0.0,Yes
SOL-00356,14,Ad-Lite,5.6,3,3.1,Yes,Credit Card,2,Partner Bundle,2,10,No,100.87,Yes
SOL-00357,26,Ultra,19.55,1,15.8,Yes,Credit Card,3,Partner Bundle,2,18,No,896.4,No
SOL-00358,25,Standard,13.86,3,7.0,Yes,Credit Card,2,Web,1,24,No,447.42,No
SOL-00359,2,Ultra,16.8,1,8.0,Yes,Mobile Carrier Billing,2,Web,2,9,Yes,0.0,No
SOL-00360,32,Ad-Lite,4.61,1,7.2,Yes,Credit Card,4,App Store,3,13,No,159.79,Yes
SOL-00361,5,Ad-Lite,5.43,1,12.5,Yes,Credit Card,6,App Store,2,8,No,82.53,Yes
SOL-00362,15,Standard,11.56,4,19.8,Yes,PayPal,5,App Store,2,10,No,303.76,No
SOL-00363,8,Ad-Lite,6.64,2,19.9,Yes,PayPal,2,Partner Bundle,3,17,Yes,6.75,No
SOL-00364,7,Standard,12.37,1,5.7,Yes,Credit Card,6,Partner Bundle,3,21,No,204.28,No
SOL-00365,6,Standard,12.13,2,4.4,No,Mobile Carrier Billing,3,Web,2,3,Yes,113.94,Yes
SOL-00366,0,Ultra,17.41,4,4.8,No,PayPal,5,Partner Bundle,1,6,No,0.0,No
SOL-00367,18,Ad-Lite,4.0,1,5.5,No,Mobile Carrier Billing,1,Web,4,16,Yes,223.81,No
SOL-00368,21,Standard,12.13,4,4.5,Yes,Credit Card,3,Web,1,3,No,194.05,No
SOL-00369,23,Standard,13.48,4,5.4,Yes,PayPal,4,Web,2,7,Yes,163.45,No
SOL-00370,37,Ultra,17.55,1,2.1,Yes,Mobile Carrier Billing,6,Partner Bundle,1,4,Yes,553.19,No
SOL-00371,19,Standard,13.26,2,1.4,No,Credit Card,5,Partner Bundle,2,10,No,509.19,No
SOL-00372,14,Ad-Lite,5.02,4,12.8,Yes,PayPal,5,App Store,1,16,No,97.49,No
SOL-00373,6,Ad-Lite,5.3,5,3.4,No,Credit Card,1,Web,1,10,No,53.8,No
SOL-00374,10,Ad-Lite,5.67,2,10.8,Yes,Mobile Carrier Billing,2,Partner Bundle,1,4,No,72.89,No
SOL-00375,19,Ultra,15.79,3,13.0,No,PayPal,0,App Store,2,14,No,305.7,No
SOL-00376,13,Standard,12.33,2,10.7,Yes,PayPal,2,App Store,2,32,No,226.72,No
SOL-00377,5,Standard,10.97,2,12.4,Yes,PayPal,1,App Store,2,2,No,97.84,Yes
SOL-00378,20,Ad-Lite,6.28,2,7.2,No,PayPal,4,Partner Bundle,1,13,No,114.45,Yes
SOL-00379,8,Ad-Lite,6.28,3,6.2,No,Credit Card,5,App Store,2,21,No,0.0,No
SOL-00380,10,Standard,13.44,2,5.8,Yes,PayPal,3,Partner Bundle,2,5,No,250.82,Yes
SOL-00381,17,Standard,10.45,4,13.2,No,Gift Card,2,App Store,2,11,Yes,182.28,No
SOL-00382,15,Standard,11.36,2,10.1,Yes,Mobile Carrier Billing,2,Web,3,8,No,276.83,Yes
SOL-00383,16,Ultra,16.49,3,10.8,Yes,Credit Card,4,App Store,4,8,No,297.26,No
SOL-00384,5,Ad-Lite,6.3,3,13.2,No,Credit Card,5,Web,2,2,No,58.83,Yes
SOL-00385,9,Standard,11.36,2,1.7,No,Mobile Carrier Billing,4,App Store,4,5,No,110.91,Yes
SOL-00386,16,Ad-Lite,5.46,2,7.1,Yes,Gift Card,2,Partner Bundle,2,10,Yes,136.25,Yes
SOL-00387,28,Ultra,17.0,1,12.8,No,Gift Card,0,Web,3,6,No,255.27,No
SOL-00388,12,Standard,10.92,1,12.4,Yes,Gift Card,7,Partner Bundle,2,13,No,114.03,No
SOL-00389,26,Ultra,15.71,3,2.9,Yes,Credit Card,4,App Store,2,4,No,373.54,No
SOL-00390,8,Ad-Lite,6.61,3,2.6,No,Credit Card,5,Web,1,17,No,76.27,Yes
SOL-00391,28,Standard,12.8,1,7.0,Yes,Credit Card,3,Web,2,10,Yes,242.76,Yes
SOL-00392,9,Standard,11.47,1,8.2,Yes,Mobile Carrier Billing,0,App Store,3,11,No,107.51,Yes
SOL-00393,9,Ad-Lite,5.21,4,4.5,Yes,PayPal,3,App Store,1,4,No,8.33,Yes
SOL-00394,41,Standard,11.55,1,6.5,Yes,PayPal,5,Web,1,8,No,778.77,No
SOL-00395,6,Ad-Lite,6.66,4,6.0,No,PayPal,3,App Store,2,5,No,15.59,No
SOL-00396,10,Ultra,17.18,3,3.9,Yes,PayPal,6,Partner Bundle,2,4,No,99.54,No
SOL-00397,8,Ultra,17.79,2,9.8,No,PayPal,2,App Store,3,4,No,63.96,No
SOL-00398,19,Ad-Lite,6.89,2,12.7,Yes,Mobile Carrier Billing,5,App Store,2,17,No,268.13,Yes
SOL-00399,3,Ad-Lite,4.34,4,9.6,No,Mobile Carrier Billing,1,App Store,4,1,No,0.0,Yes
SOL-00400,37,Ad-Lite,4.76,2,10.9,Yes,Credit Card,4,App Store,5,11,No,56.68,No
SOL-00401,19,Standard,10.86,2,2.3,Yes,Mobile Carrier Billing,2,Partner Bundle,2,13,No,174.29,Yes
SOL-00402,21,Ultra,19.32,3,7.7,No,Mobile Carrier Billing,1,App Store,4,24,Yes,361.15,No
SOL-00403,36,Ad-Lite,7.32,4,7.3,Yes,PayPal,2,App Store,2,2,No,72.77,No
SOL-00404,6,Ultra,17.21,2,9.3,No,PayPal,2,Web,2,20,No,0.0,No
SOL-00405,19,Ad-Lite,4.84,3,3.4,Yes,Gift Card,3,App Store,3,9,No,85.59,Yes
SOL-00406,20,Standard,12.17,5,2.6,No,PayPal,2,App Store,2,12,Yes,369.98,No
SOL-00407,13,Ultra,17.76,1,10.3,No,PayPal,2,Web,1,3,No,174.99,No
SOL-00408,25,Ad-Lite,6.09,2,9.5,Yes,Mobile Carrier Billing,2,App Store,1,13,No,221.65,Yes
SOL-00409,2,Standard,12.23,3,7.4,Yes,Credit Card,5,App Store,1,10,No,63.42,Yes
SOL-00410,6,Standard,11.7,2,7.4,Yes,PayPal,2,App Store,2,9,No,14.41,No
SOL-00411,25,Standard,11.99,2,5.5,Yes,Mobile Carrier Billing,4,Web,3,2,No,236.35,No
SOL-00412,15,Ad-Lite,6.49,3,7.5,No,Credit Card,6,Web,2,4,No,97.1,Yes
SOL-00413,27,Ultra,16.35,2,4.1,Yes,Mobile Carrier Billing,4,Web,1,1,No,333.23,No
SOL-00414,11,Standard,12.45,2,5.5,Yes,PayPal,4,Web,2,1,No,147.81,No
SOL-00415,27,Ultra,15.64,1,7.6,Yes,Gift Card,3,Web,3,4,No,770.77,No
SOL-00416,14,Ultra,17.6,2,17.3,Yes,Mobile Carrier Billing,4,App Store,3,10,Yes,184.16,No
SOL-00417,12,Standard,12.26,2,2.2,Yes,Mobile Carrier Billing,7,Web,3,15,No,123.15,No
SOL-00418,21,Ultra,17.51,2,6.7,Yes,PayPal,3,Web,2,11,No,333.91,No
SOL-00419,0,Ultra,16.55,3,4.7,Yes,PayPal,2,Partner Bundle,2,12,No,15.04,No
SOL-00420,9,Ad-Lite,6.1,2,0.1,Yes,PayPal,2,Web,5,7,Yes,78.15,No
SOL-00421,27,Standard,12.57,1,14.2,Yes,Mobile Carrier Billing,8,Web,1,5,Yes,349.0,No
SOL-00422,12,Ad-Lite,5.64,3,8.0,No,Credit Card,2,Partner Bundle,2,8,No,32.01,Yes
SOL-00423,5,Ad-Lite,5.59,2,6.5,Yes,Mobile Carrier Billing,3,App Store,1,10,Yes,14.48,No
SOL-00424,6,Ad-Lite,7.11,3,13.7,Yes,Gift Card,7,Partner Bundle,1,27,No,93.63,Yes
SOL-00425,29,Standard,10.38,2,3.3,No,Credit Card,4,Web,2,8,No,467.57,Yes
SOL-00426,22,Standard,11.23,3,3.2,No,PayPal,4,Web,3,11,No,399.86,No
SOL-00427,5,Standard,12.01,3,21.5,Yes,Credit Card,3,Web,3,2,No,85.68,No
SOL-00428,31,Ad-Lite,5.94,1,7.3,Yes,Mobile Carrier Billing,8,App Store,3,5,Yes,82.93,No
SOL-00429,10,Standard,10.95,1,6.0,Yes,Credit Card,4,Web,1,8,No,156.94,No
SOL-00430,24,Ultra,15.18,4,7.4,No,PayPal,2,Web,4,21,No,376.21,No
SOL-00431,14,Ad-Lite,5.65,1,11.2,No,PayPal,5,Partner Bundle,1,7,No,102.22,No
SOL-00432,2,Ultra,17.04,2,6.1,Yes,PayPal,1,App Store,3,2,No,0.0,No
SOL-00433,3,Standard,11.21,1,5.8,Yes,Mobile Carrier Billing,3,Web,3,20,No,23.97,No
SOL-00434,9,Standard,9.81,3,15.5,Yes,Mobile Carrier Billing,5,App Store,2,17,No,121.14,No
SOL-00435,30,Standard,14.03,3,7.5,Yes,Mobile Carrier Billing,0,Web,2,11,Yes,339.98,Yes
SOL-00436,4,Standard,12.15,3,2.5,No,PayPal,5,Web,2,4,Yes,147.56,No
SOL-00437,7,Standard,11.55,1,5.2,No,Credit Card,5,Web,1,11,No,93.18,No
SOL-00438,10,Standard,13.27,3,8.1,No,Credit Card,1,Partner Bundle,4,9,No,207.18,No
SOL-00439,25,Ad-Lite,6.2,3,2.6,No,Credit Card,1,Web,2,2,Yes,178.83,Yes
SOL-00440,12,Standard,13.2,3,10.5,No,PayPal,6,App Store,2,5,Yes,376.9,No
SOL-00441,29,Ad-Lite,6.14,3,3.6,Yes,Gift Card,3,Web,2,5,Yes,186.1,No
SOL-00442,8,Ad-Lite,6.99,4,5.4,Yes,Mobile Carrier Billing,5,App Store,1,5,No,52.22,No
SOL-00443,17,Ultra,17.64,2,19.1,No,Gift Card,5,Partner Bundle,3,19,No,247.53,No
SOL-00444,3,Standard,11.94,3,4.2,No,Mobile Carrier Billing,2,Web,2,20,No,133.17,Yes
SOL-00445,7,Standard,12.58,2,5.3,Yes,Credit Card,2,App Store,2,7,No,30.12,No
SOL-00446,1,Standard,11.44,1,7.1,Yes,Mobile Carrier Billing,2,App Store,4,5,No,0.0,Yes
SOL-00447,15,Ad-Lite,6.07,3,3.4,No,PayPal,4,App Store,3,1,No,54.61,No
SOL-00448,22,Ad-Lite,6.01,3,2.1,No,Mobile Carrier Billing,4,Web,1,4,No,53.49,Yes
SOL-00449,40,Ad-Lite,5.41,3,3.6,No,Credit Card,3,Web,3,6,No,193.28,No
SOL-00450,4,Standard,13.02,2,6.9,Yes,Mobile Carrier Billing,2,App Store,3,2,Yes,0.0,Yes
SOL-00451,15,Standard,11.77,2,4.5,Yes,Credit Card,5,Partner Bundle,3,2,No,157.82,Yes
SOL-00452,17,Ad-Lite,6.56,1,3.7,Yes,PayPal,4,Web,5,4,No,170.1,Yes
SOL-00453,45,Ad-Lite,5.09,3,3.7,Yes,Credit Card,3,App Store,2,11,No,235.87,No
SOL-00454,23,Ad-Lite,5.23,1,7.2,Yes,Credit Card,5,App Store,2,12,No,85.6,No
SOL-00455,6,Standard,11.32,3,15.1,No,Credit Card,6,Web,2,4,Yes,147.12,No
SOL-00456,30,Ad-Lite,4.0,2,3.0,No,Mobile Carrier Billing,2,Partner Bundle,1,1,No,277.68,No
SOL-00457,18,Ad-Lite,7.33,3,4.9,Yes,Mobile Carrier Billing,4,Web,2,11,No,259.99,No
SOL-00458,26,Ultra,16.83,3,9.3,No,PayPal,4,App Store,1,4,Yes,584.62,Yes
SOL-00459,10,Ad-Lite,6.66,4,11.3,Yes,Credit Card,2,Web,1,13,Yes,62.32,No
SOL-00460,21,Standard,11.96,3,7.1,Yes,Credit Card,4,Web,2,1,No,294.4,No
SOL-00461,8,Ultra,18.88,4,24.0,No,Gift Card,2,Web,2,15,No,181.02,No
SOL-00462,3,Ultra,15.47,1,11.8,Yes,PayPal,3,App Store,1,9,No,66.13,No
SOL-00463,21,Ad-Lite,4.9,5,13.5,Yes,PayPal,8,App Store,3,5,No,164.13,Yes
SOL-00464,29,Ad-Lite,5.16,3,6.9,Yes,Credit Card,3,Partner Bundle,3,7,No,0.0,No
SOL-00465,14,Ad-Lite,4.8,1,13.0,No,Credit Card,3,Web,2,19,No,136.16,No
SOL-00466,3,Standard,10.63,1,3.8,Yes,Gift Card,3,Web,2,3,No,26.75,Yes
SOL-00467,27,Ad-Lite,6.13,1,3.1,Yes,Credit Card,2,Web,3,6,No,144.21,Yes
SOL-00468,9,Ad-Lite,6.44,4,6.3,Yes,Mobile Carrier Billing,6,App Store,2,12,No,141.88,Yes
SOL-00469,7,Ad-Lite,5.65,1,6.9,No,Credit Card,4,App Store,1,11,Yes,246.59,No
SOL-00470,27,Standard,12.27,2,16.1,No,Credit Card,6,Web,2,22,Yes,482.41,No
SOL-00471,27,Ultra,15.19,2,7.9,No,PayPal,5,Web,1,1,No,377.64,No
SOL-00472,7,Ad-Lite,5.78,2,7.7,Yes,Credit Card,3,App Store,3,14,No,93.46,Yes
SOL-00473,7,Standard,11.6,1,3.5,Yes,Mobile Carrier Billing,1,Web,1,6,No,223.17,No
SOL-00474,4,Ad-Lite,4.49,2,3.9,Yes,Credit Card,2,Partner Bundle,2,7,No,0.0,Yes
SOL-00475,14,Ultra,17.38,2,11.5,No,Credit Card,1,Partner Bundle,1,17,No,189.94,Yes
SOL-00476,0,Ad-Lite,5.67,2,10.4,Yes,Credit Card,2,Web,3,9,Yes,31.37,Yes
SOL-00477,5,Ad-Lite,7.14,3,0.6,Yes,Credit Card,2,Web,2,6,Yes,1.96,No
SOL-00478,14,Ad-Lite,5.18,1,6.4,Yes,Mobile Carrier Billing,2,App Store,5,14,Yes,142.37,Yes
SOL-00479,12,Ad-Lite,6.03,1,5.1,Yes,PayPal,5,Partner Bundle,2,4,No,90.3,Yes
SOL-00480,12,Standard,11.93,1,11.0,Yes,PayPal,1,Partner Bundle,2,8,No,266.19,Yes
SOL-00481,19,Ultra,16.48,2,13.4,Yes,Credit Card,2,Web,1,31,No,331.15,No
SOL-00482,7,Standard,11.96,1,13.2,Yes,Credit Card,2,Web,1,3,No,0.0,No
SOL-00483,16,Ad-Lite,6.73,1,4.3,Yes,Credit Card,6,Web,1,4,No,175.85,No
SOL-00484,20,Ad-Lite,6.31,1,6.1,Yes,Mobile Carrier Billing,2,App Store,3,9,No,57.05,Yes
SOL-00485,15,Ad-Lite,6.75,2,2.4,No,PayPal,2,App Store,1,19,No,87.19,Yes
SOL-00486,17,Ad-Lite,6.58,1,7.6,Yes,PayPal,4,App Store,2,3,No,57.44,Yes
SOL-00487,21,Ad-Lite,8.0,3,9.9,Yes,PayPal,2,App Store,2,4,No,186.37,Yes
SOL-00488,1,Ultra,16.36,3,15.1,Yes,PayPal,7,Partner Bundle,1,10,Yes,0.0,Yes
SOL-00489,25,Standard,12.24,3,1.5,Yes,Mobile Carrier Billing,2,App Store,1,11,No,291.0,No
SOL-00490,4,Standard,11.72,1,1.8,Yes,Gift Card,3,App Store,4,20,No,106.01,Yes
SOL-00491,0,Standard,11.84,1,2.7,No,Mobile Carrier Billing,1,Partner Bundle,1,5,No,15.52,Yes
SOL-00492,26,Standard,12.02,4,5.2,Yes,Credit Card,3,Web,2,15,Yes,189.78,No
SOL-00493,8,Ad-Lite,6.37,2,9.0,No,Mobile Carrier Billing,3,Web,3,9,No,18.29,Yes
SOL-00494,34,Ultra,15.84,3,7.4,No,PayPal,1,App Store,3,8,No,760.03,No
SOL-00495,35,Standard,12.47,2,7.2,Yes,PayPal,1,Web,2,7,No,610.48,No
SOL-00496,13,Ad-Lite,4.0,1,6.6,Yes,Mobile Carrier Billing,3,Web,3,7,No,113.14,Yes
SOL-00497,15,Ad-Lite,5.08,1,11.8,Yes,Credit Card,4,Partner Bundle,1,2,No,272.59,Yes
SOL-00498,9,Ad-Lite,5.03,3,6.6,No,Credit Card,1,App Store,1,26,Yes,172.24,Yes
SOL-00499,13,Standard,12.4,2,6.6,Yes,Credit Card,4,App Store,3,6,Yes,266.44,Yes
SOL-00500,9,Standard,12.49,1,7.0,Yes,PayPal,2,Web,4,1,Yes,242.83,No
SOL-00501,26,Standard,10.35,1,4.8,No,Gift Card,3,App Store,4,7,No,196.39,Yes
SOL-00502,23,Ultra,16.89,1,8.6,No,PayPal,5,App Store,2,7,No,333.81,No
SOL-00503,6,Ad-Lite,4.0,3,7.1,Yes,PayPal,3,Partner Bundle,1,4,No,134.65,Yes
SOL-00504,29,Standard,10.79,3,11.5,Yes,PayPal,4,Web,3,9,No,484.8,No
SOL-00505,19,Ad-Lite,6.15,3,8.4,Yes,PayPal,5,Partner Bundle,2,28,No,122.72,Yes
SOL-00506,2,Standard,13.39,2,8.4,Yes,Credit Card,0,App Store,2,4,No,0.0,No
SOL-00507,31,Ad-Lite,6.67,2,4.2,Yes,Credit Card,4,App Store,2,3,No,414.14,Yes
SOL-00508,9,Ad-Lite,7.15,2,1.1,Yes,Credit Card,1,Web,3,8,No,158.58,Yes
SOL-00509,6,Ultra,19.41,1,2.1,No,PayPal,3,Web,1,3,No,190.43,Yes
SOL-00510,26,Standard,11.82,3,3.2,Yes,Mobile Carrier Billing,3,App Store,3,8,No,200.51,Yes
SOL-00511,32,Ad-Lite,5.81,1,5.6,Yes,Credit Card,3,App Store,2,2,No,118.81,Yes
SOL-00512,5,Ad-Lite,6.69,4,4.9,Yes,Gift Card,2,Web,2,4,No,10.47,Yes
SOL-00513,1,Standard,12.86,3,7.9,Yes,Mobile Carrier Billing,3,Partner Bundle,1,10,No,55.22,Yes
SOL-00514,28,Standard,11.77,3,10.5,Yes,Credit Card,2,App Store,2,1,No,262.15,No
SOL-00515,10,Ad-Lite,5.76,2,6.8,Yes,Gift Card,5,App Store,3,8,Yes,105.44,Yes
SOL-00516,3,Ultra,16.65,5,7.5,Yes,Mobile Carrier Billing,0,App Store,2,10,Yes,146.5,No
SOL-00517,17,Standard,11.08,2,7.4,Yes,Credit Card,8,Web,2,9,No,119.16,No
SOL-00518,11,Standard,9.64,1,2.9,Yes,Gift Card,3,Web,3,3,No,84.14,No
SOL-00519,9,Ad-Lite,6.76,3,13.2,No,PayPal,0,Web,2,4,No,40.34,No
SOL-00520,41,Standard,9.87,2,5.5,Yes,Credit Card,4,App Store,5,7,No,280.86,No
SOL-00521,7,Ultra,16.68,3,3.6,Yes,Gift Card,1,Partner Bundle,2,3,No,4.16,No
SOL-00522,6,Standard,14.37,1,2.4,Yes,Credit Card,4,App Store,5,10,Yes,164.37,No
SOL-00523,13,Ad-Lite,7.32,4,4.5,No,Mobile Carrier Billing,3,Web,2,3,No,0.0,Yes
SOL-00524,9,Ad-Lite,6.43,2,14.1,Yes,PayPal,4,Web,2,10,No,117.05,Yes
SOL-00525,1,Ultra,17.63,2,6.8,No,Mobile Carrier Billing,3,Partner Bundle,3,20,Yes,8.83,Yes
SOL-00526,18,Ad-Lite,7.33,2,7.6,No,Credit Card,3,Partner Bundle,2,4,No,211.9,Yes
SOL-00527,7,Standard,13.71,2,8.1,Yes,Gift Card,4,App Store,2,4,No,0.0,No
SOL-00528,17,Ad-Lite,7.49,2,5.4,Yes,Credit Card,5,App Store,1,5,No,118.01,Yes
SOL-00529,18,Ad-Lite,5.83,1,13.3,No,Credit Card,2,App Store,2,8,Yes,84.48,No
SOL-00530,5,Ad-Lite,5.69,1,8.8,Yes,Mobile Carrier Billing,6,App Store,2,8,No,119.72,Yes
SOL-00531,17,Ad-Lite,6.25,2,6.9,Yes,Credit Card,5,Partner Bundle,1,13,No,338.04,Yes
SOL-00532,7,Standard,13.13,1,6.5,Yes,PayPal,4,App Store,4,12,No,71.16,Yes
SOL-00533,12,Ad-Lite,5.78,3,7.4,Yes,PayPal,5,App Store,5,3,Yes,177.51,Yes
SOL-00534,32,Ultra,15.83,2,4.7,No,Credit Card,4,App Store,1,8,Yes,511.74,No
SOL-00535,11,Standard,13.51,1,6.3,No,Credit Card,0,Web,4,5,No,46.14,No
SOL-00536,16,Ad-Lite,6.83,2,1.6,Yes,Gift Card,8,App Store,3,7,No,207.03,Yes
SOL-00537,45,Ultra,15.91,1,3.4,Yes,Credit Card,2,Web,2,20,No,568.26,No
SOL-00538,5,Standard,11.93,1,18.9,Yes,Credit Card,4,Partner Bundle,2,6,Yes,231.28,No
SOL-00539,12,Standard,10.95,1,7.8,Yes,Credit Card,8,Web,4,14,No,162.03,No
SOL-00540,4,Ad-Lite,6.75,3,10.5,No,PayPal,2,Web,2,8,No,115.13,Yes
SOL-00541,9,Standard,12.43,2,14.5,No,Credit Card,6,Web,1,1,No,263.34,No
SOL-00542,5,Ad-Lite,6.0,2,12.7,Yes,PayPal,2,Web,2,4,No,70.04,Yes
SOL-00543,5,Ad-Lite,5.57,2,3.5,No,Mobile Carrier Billing,4,App Store,3,7,No,34.92,Yes
SOL-00544,8,Standard,12.04,3,12.2,Yes,Credit Card,3,Web,4,15,No,87.92,Yes
SOL-00545,4,Ad-Lite,5.92,3,4.8,Yes,Credit Card,2,Partner Bundle,4,18,No,0.0,No
SOL-00546,30,Standard,11.19,1,20.6,Yes,Credit Card,4,Partner Bundle,1,16,No,259.0,No
SOL-00547,27,Ad-Lite,6.7,2,10.3,Yes,Mobile Carrier Billing,6,App Store,2,24,No,228.51,No
SOL-00548,25,Standard,11.65,2,10.1,Yes,Credit Card,3,Web,2,13,No,550.52,No
SOL-00549,27,Standard,10.96,4,2.7,No,Credit Card,3,Partner Bundle,2,0,No,408.92,Yes
SOL-00550,16,Ad-Lite,6.52,5,16.5,No,Mobile Carrier Billing,4,App Store,3,16,No,108.41,No
SOL-00551,12,Standard,12.82,4,1.6,Yes,Mobile Carrier Billing,4,Partner Bundle,1,4,No,136.6,Yes
SOL-00552,17,Ultra,17.86,4,22.0,Yes,Credit Card,2,Web,2,1,Yes,219.75,No
SOL-00553,11,Ultra,17.64,1,8.0,Yes,Mobile Carrier Billing,4,Partner Bundle,5,14,No,192.78,No
SOL-00554,5,Ad-Lite,6.64,2,2.4,No,PayPal,7,App Store,4,16,No,28.0,Yes
SOL-00555,9,Ad-Lite,5.84,1,5.1,Yes,PayPal,4,Partner Bundle,2,3,No,145.08,No
SOL-00556,18,Ad-Lite,5.66,2,7.1,No,Gift Card,3,Web,3,1,No,0.2,Yes
SOL-00557,12,Ultra,17.08,3,4.5,Yes,Gift Card,7,Web,3,17,No,188.31,Yes
SOL-00558,13,Ultra,16.34,3,9.5,Yes,PayPal,5,App Store,1,5,No,165.6,No
SOL-00559,14,Ultra,16.18,3,5.4,No,Credit Card,5,App Store,3,6,No,180.19,No
SOL-00560,30,Standard,13.75,1,1.5,Yes,PayPal,3,App Store,1,6,Yes,343.29,No
SOL-00561,28,Ad-Lite,5.81,1,6.4,Yes,Gift Card,7,Web,2,6,No,203.71,Yes
SOL-00562,2,Standard,11.34,2,7.8,No,Mobile Carrier Billing,0,App Store,2,7,No,0.0,Yes
SOL-00563,10,Standard,12.62,3,4.6,No,Credit Card,6,Web,1,2,No,167.02,No
SOL-00564,5,Standard,11.39,1,14.0,Yes,PayPal,3,App Store,1,18,No,59.45,No
SOL-00565,23,Standard,13.76,4,5.0,No,Credit Card,5,Web,2,5,No,408.23,No
SOL-00566,19,Ad-Lite,6.44,5,3.4,Yes,Credit Card,6,Web,3,4,No,38.55,Yes
SOL-00567,29,Ad-Lite,6.46,2,1.1,No,Credit Card,4,App Store,3,9,No,392.97,No
SOL-00568,7,Ad-Lite,5.95,2,9.7,Yes,Credit Card,4,Partner Bundle,1,10,No,100.87,Yes
SOL-00569,29,Ad-Lite,5.59,4,5.5,No,Gift Card,5,Web,1,10,No,195.15,Yes
SOL-00570,10,Ad-Lite,8.0,1,3.6,No,Credit Card,2,App Store,4,7,No,43.43,No
SOL-00571,17,Ultra,15.51,1,6.3,Yes,PayPal,2,App Store,3,3,No,157.19,No
SOL-00572,19,Standard,13.25,2,23.5,Yes,Gift Card,3,App Store,3,11,No,421.33,No
SOL-00573,15,Standard,11.63,1,2.3,Yes,Mobile Carrier Billing,2,Partner Bundle,2,2,No,305.68,Yes
SOL-00574,25,Standard,11.95,1,2.9,No,PayPal,4,Web,3,4,No,467.08,Yes
SOL-00575,19,Standard,11.71,2,5.5,Yes,Credit Card,3,Partner Bundle,1,8,No,247.7,Yes
SOL-00576,0,Ad-Lite,6.04,2,2.8,No,PayPal,2,Web,1,7,No,26.98,Yes
SOL-00577,7,Standard,13.84,4,10.1,No,Mobile Carrier Billing,2,Web,2,10,No,147.06,No
SOL-00578,14,Standard,11.49,3,6.3,Yes,Credit Card,10,App Store,2,2,Yes,117.18,No
SOL-00579,2,Ad-Lite,5.99,1,7.0,Yes,Mobile Carrier Billing,4,Partner Bundle,2,9,No,0.0,No
SOL-00580,30,Ad-Lite,6.66,2,9.9,No,Mobile Carrier Billing,4,App Store,5,6,Yes,101.98,Yes
SOL-00581,2,Ad-Lite,5.56,2,6.6,Yes,PayPal,5,Partner Bundle,1,4,Yes,22.4,Yes
SOL-00582,4,Ad-Lite,5.49,3,5.9,Yes,Credit Card,4,Web,4,4,No,31.82,Yes
SOL-00583,3,Standard,13.05,3,5.3,No,Mobile Carrier Billing,9,Web,4,5,Yes,84.82,No
SOL-00584,11,Ad-Lite,5.13,2,2.6,Yes,Credit Card,6,Web,3,3,No,73.81,Yes
SOL-00585,9,Ad-Lite,6.72,3,3.5,Yes,Mobile Carrier Billing,6,Web,2,0,No,2.43,No
SOL-00586,11,Ultra,16.28,3,12.5,Yes,Mobile Carrier Billing,7,App Store,1,3,No,325.71,No
SOL-00587,2,Standard,13.42,1,4.7,No,Credit Card,1,Web,1,2,No,39.96,No
SOL-00588,34,Standard,11.63,3,13.0,No,Credit Card,5,Web,1,0,No,563.33,No
SOL-00589,7,Ad-Lite,7.78,2,3.7,Yes,Mobile Carrier Billing,3,Web,1,5,No,7.74,No
SOL-00590,1,Ad-Lite,4.24,1,21.7,No,Credit Card,1,App Store,2,24,No,0.0,No
SOL-00591,21,Ad-Lite,5.62,1,11.7,No,Credit Card,6,Web,3,24,Yes,149.33,Yes
SOL-00592,5,Ultra,16.35,2,7.6,No,Mobile Carrier Billing,2,App Store,3,1,No,148.51,No
SOL-00593,27,Ad-Lite,5.78,1,5.3,No,PayPal,5,Partner Bundle,4,5,No,285.06,No
SOL-00594,44,Standard,13.14,2,8.6,Yes,Credit Card,2,Web,1,39,No,337.71,No
SOL-00595,26,Ultra,18.16,1,7.4,No,PayPal,3,Web,3,2,No,410.07,No
SOL-00596,16,Ultra,14.22,2,4.7,Yes,Credit Card,4,Partner Bundle,2,1,No,126.57,No
SOL-00597,16,Ad-Lite,6.9,3,4.4,No,PayPal,3,Partner Bundle,3,4,No,107.07,Yes
SOL-00598,8,Ad-Lite,5.44,5,6.7,Yes,PayPal,2,App Store,2,3,No,2.23,No
SOL-00599,9,Standard,10.87,1,10.5,Yes,PayPal,2,Partner Bundle,2,5,No,143.05,No
SOL-00600,31,Ultra,15.28,3,6.5,Yes,Credit Card,3,Partner Bundle,3,6,Yes,337.09,No
SOL-00601,16,Ad-Lite,5.19,2,5.1,No,Credit Card,6,App Store,3,2,No,133.88,Yes
SOL-00602,18,Standard,12.91,1,6.3,Yes,Credit Card,3,App Store,3,2,No,159.79,No
SOL-00603,23,Ad-Lite,6.89,2,8.3,Yes,Credit Card,3,App Store,2,3,Yes,114.03,No
SOL-00604,24,Ad-Lite,5.18,1,21.2,Yes,Gift Card,4,App Store,1,17,No,297.95,Yes
SOL-00605,26,Ad-Lite,4.46,2,6.4,No,Gift Card,5,App Store,3,9,No,128.24,No
SOL-00606,8,Standard,12.56,5,7.1,Yes,Credit Card,1,App Store,1,5,No,112.44,No
SOL-00607,2,Standard,11.43,3,16.7,Yes,Credit Card,3,Partner Bundle,2,9,Yes,81.72,No
SOL-00608,8,Ad-Lite,5.55,2,6.7,Yes,Credit Card,3,Web,2,14,Yes,111.32,Yes
SOL-00609,18,Ad-Lite,5.47,2,14.8,Yes,Mobile Carrier Billing,5,Web,5,7,No,0.0,No
SOL-00610,8,Ultra,18.33,3,12.4,Yes,Mobile Carrier Billing,2,Web,1,21,No,353.29,No
SOL-00611,7,Ad-Lite,6.11,3,4.7,No,Mobile Carrier Billing,3,Partner Bundle,3,9,No,0.0,Yes
SOL-00612,17,Standard,12.32,2,3.3,No,Credit Card,4,Web,1,2,No,156.94,No
SOL-00613,1,Ad-Lite,5.38,3,0.7,Yes,Mobile Carrier Billing,8,App Store,1,19,No,57.16,No
SOL-00614,36,Ad-Lite,5.73,3,1.5,Yes,Credit Card,2,App Store,1,6,No,345.94,Yes
SOL-00615,18,Ultra,17.89,2,7.0,Yes,PayPal,4,Web,3,18,No,324.68,Yes
SOL-00616,20,Standard,10.79,2,8.0,Yes,Credit Card,5,Partner Bundle,2,3,Yes,242.56,No
SOL-00617,8,Standard,13.06,3,7.8,Yes,Credit Card,1,Web,2,56,No,210.42,No
SOL-00618,35,Ad-Lite,5.81,3,2.4,Yes,PayPal,2,Partner Bundle,1,2,No,311.18,Yes
SOL-00619,1,Standard,10.78,3,6.0,Yes,Credit Card,4,Partner Bundle,2,1,No,27.44,No
SOL-00620,6,Ad-Lite,4.34,1,8.2,Yes,Credit Card,6,Web,2,7,Yes,3.47,Yes
SOL-00621,3,Ad-Lite,7.42,5,12.3,Yes,PayPal,4,Web,1,33,Yes,108.77,Yes
SOL-00622,19,Ad-Lite,7.35,1,11.5,Yes,Credit Card,2,App Store,1,9,Yes,244.46,Yes
SOL-00623,20,Ultra,15.08,2,6.6,Yes,Credit Card,4,Partner Bundle,2,4,No,684.93,Yes
SOL-00624,19,Standard,13.14,3,4.5,No,PayPal,8,Partner Bundle,5,14,No,401.17,No
SOL-00625,10,Standard,13.77,3,5.9,No,Gift Card,2,App Store,1,10,No,172.36,No
SOL-00626,3,Ad-Lite,6.13,3,5.8,No,Credit Card,0,App Store,1,6,No,23.89,No
SOL-00627,19,Ad-Lite,4.08,1,2.5,No,PayPal,4,Partner Bundle,2,1,Yes,185.44,Yes
SOL-00628,8,Ad-Lite,6.57,2,5.0,Yes,Credit Card,1,Web,3,2,Yes,0.0,No
SOL-00629,18,Ad-Lite,5.96,1,4.4,Yes,Mobile Carrier Billing,4,Partner Bundle,2,0,No,124.24,Yes
SOL-00630,2,Ad-Lite,6.65,3,2.8,Yes,Mobile Carrier Billing,3,Web,3,15,No,0.0,Yes
SOL-00631,7,Ad-Lite,6.64,5,13.0,No,Credit Card,2,Web,4,3,No,142.8,Yes
SOL-00632,20,Ultra,16.11,3,9.1,No,Credit Card,3,Web,3,4,Yes,463.02,No
SOL-00633,3,Standard,10.81,1,9.1,Yes,Gift Card,7,App Store,1,29,No,0.0,No
SOL-00634,29,Ad-Lite,5.09,2,5.7,Yes,Gift Card,5,Partner Bundle,2,6,No,129.8,Yes
SOL-00635,17,Standard,13.23,3,8.7,Yes,Credit Card,2,Web,2,2,No,321.76,No
SOL-00636,10,Ultra,15.1,1,10.3,Yes,Credit Card,8,App Store,2,6,No,164.57,No
SOL-00637,3,Ad-Lite,6.13,2,15.5,Yes,Gift Card,2,Partner Bundle,2,4,Yes,0.0,No
SOL-00638,2,Ad-Lite,7.45,3,4.1,No,Credit Card,1,Partner Bundle,1,8,No,0.0,Yes
SOL-00639,16,Standard,11.48,2,4.9,Yes,Credit Card,6,App Store,1,5,No,412.84,No
SOL-00640,5,Standard,12.27,3,7.8,Yes,Credit Card,6,Web,3,38,No,123.05,Yes
SOL-00641,4,Standard,12.8,1,9.2,No,Credit Card,3,Partner Bundle,1,6,No,59.99,No
SOL-00642,11,Ad-Lite,5.65,2,4.3,Yes,Credit Card,2,Web,2,9,Yes,21.09,Yes
SOL-00643,9,Ad-Lite,7.0,1,1.6,Yes,PayPal,1,Web,3,3,No,39.48,Yes
SOL-00644,14,Standard,9.99,4,11.2,Yes,Credit Card,1,Web,3,29,No,235.85,Yes
SOL-00645,12,Standard,9.77,1,5.9,Yes,Credit Card,1,Partner Bundle,1,3,Yes,222.27,No
SOL-00646,12,Ad-Lite,4.84,2,3.8,No,Mobile Carrier Billing,3,Partner Bundle,1,6,No,105.41,Yes
SOL-00647,1,Standard,10.88,2,7.1,Yes,Credit Card,6,App Store,5,12,No,0.0,Yes
SOL-00648,6,Ad-Lite,6.84,5,4.5,Yes,PayPal,4,Web,1,3,No,82.17,No
SOL-00649,39,Ad-Lite,4.18,4,3.4,Yes,Credit Card,3,App Store,2,5,No,209.82,No
SOL-00650,5,Standard,13.67,2,9.2,Yes,PayPal,3,Web,1,2,No,34.81,Yes
SOL-00651,21,Standard,11.4,3,0.8,Yes,Mobile Carrier Billing,3,App Store,4,36,No,140.68,Yes
SOL-00652,30,Ad-Lite,5.75,1,7.1,Yes,PayPal,2,Partner Bundle,1,0,No,127.87,No
SOL-00653,19,Ad-Lite,4.6,2,5.0,No,Mobile Carrier Billing,2,App Store,4,3,No,122.48,Yes
SOL-00654,16,Standard,12.99,2,9.2,No,Credit Card,5,App Store,2,15,No,100.0,No
SOL-00655,26,Ad-Lite,7.24,2,8.2,Yes,Credit Card,1,App Store,1,10,No,266.69,No
SOL-00656,4,Ad-Lite,5.71,2,6.2,No,PayPal,0,App Store,2,11,No,26.96,No
SOL-00657,9,Standard,11.94,1,6.2,No,Credit Card,4,App Store,1,17,No,61.8,No
SOL-00658,13,Ad-Lite,6.16,1,5.2,Yes,Credit Card,1,Web,3,5,No,0.0,Yes
SOL-00659,6,Ad-Lite,6.68,2,8.6,No,PayPal,4,App Store,1,11,Yes,29.66,Yes
SOL-00660,22,Ad-Lite,5.16,2,13.3,Yes,Mobile Carrier Billing,3,Web,4,4,No,44.5,Yes
SOL-00661,17,Standard,11.58,3,6.4,Yes,Credit Card,3,Partner Bundle,2,5,No,324.82,No
SOL-00662,17,Standard,13.4,3,7.5,Yes,PayPal,4,Partner Bundle,3,24,Yes,6.65,Yes
SOL-00663,4,Standard,11.86,5,18.4,No,PayPal,6,App Store,2,5,No,107.47,No
SOL-00664,20,Ultra,15.54,4,6.5,Yes,PayPal,3,Partner Bundle,2,2,Yes,750.56,Yes
SOL-00665,13,Ultra,15.06,1,3.9,Yes,Credit Card,3,Partner Bundle,1,4,No,358.24,No
SOL-00666,34,Ultra,17.14,4,3.7,No,Gift Card,2,Partner Bundle,1,25,No,1449.67,Yes
SOL-00667,7,Ad-Lite,7.0,1,2.2,Yes,Mobile Carrier Billing,2,Web,1,44,No,0.0,No
SOL-00668,20,Ad-Lite,7.22,2,5.5,Yes,Credit Card,3,Web,3,7,No,284.28,Yes
SOL-00669,17,Ad-Lite,5.38,2,3.9,Yes,PayPal,3,Web,1,13,No,127.64,No
SOL-00670,17,Standard,12.13,2,7.7,No,Credit Card,2,App Store,1,13,No,150.08,Yes
SOL-00671,3,Ad-Lite,6.26,3,5.7,No,PayPal,3,Web,3,2,Yes,0.0,No
SOL-00672,12,Standard,10.33,1,11.5,No,Gift Card,4,App Store,2,4,No,255.83,Yes
SOL-00673,14,Ad-Lite,6.93,1,4.9,Yes,Mobile Carrier Billing,3,Web,2,7,No,82.6,Yes
SOL-00674,16,Standard,12.9,5,9.2,Yes,Gift Card,2,Web,2,1,Yes,382.17,No
SOL-00675,0,Standard,11.38,3,13.0,No,Gift Card,4,App Store,2,4,No,105.92,No
SOL-00676,11,Ad-Lite,5.99,2,14.1,Yes,Credit Card,3,Web,3,5,No,4.09,No
SOL-00677,18,Ad-Lite,7.01,2,1.1,No,Credit Card,4,Web,2,4,No,70.44,Yes
SOL-00678,12,Ad-Lite,6.08,1,17.6,No,Mobile Carrier Billing,3,Partner Bundle,4,4,No,72.06,Yes
SOL-00679,17,Ad-Lite,5.62,1,5.3,No,PayPal,2,App Store,3,5,No,62.94,Yes
SOL-00680,15,Standard,11.9,2,7.8,No,Credit Card,4,Web,3,5,No,175.22,Yes
SOL-00681,38,Standard,12.74,3,1.4,Yes,Credit Card,3,App Store,2,3,No,600.73,No
SOL-00682,20,Ad-Lite,6.46,2,7.4,Yes,Credit Card,1,Partner Bundle,2,2,No,115.76,No
SOL-00683,6,Ad-Lite,5.58,2,6.6,No,Credit Card,5,App Store,5,4,No,132.07,No
SOL-00684,12,Ultra,17.77,2,11.4,Yes,PayPal,1,App Store,1,12,No,299.16,No
SOL-00685,14,Ad-Lite,5.14,2,5.6,No,PayPal,5,App Store,1,2,Yes,32.99,No
SOL-00686,13,Ultra,16.66,4,2.4,Yes,PayPal,5,App Store,4,5,No,335.93,No
SOL-00687,23,Standard,11.47,3,8.7,Yes,Credit Card,4,App Store,1,14,No,370.37,No
SOL-00688,3,Standard,11.63,1,4.5,No,PayPal,4,App Store,3,7,No,0.0,No
SOL-00689,12,Standard,11.39,1,8.9,Yes,Credit Card,3,App Store,2,14,No,236.02,No
SOL-00690,10,Ad-Lite,6.35,1,4.7,Yes,PayPal,4,App Store,3,1,No,165.71,Yes
SOL-00691,5,Standard,11.71,4,11.5,No,Credit Card,0,App Store,1,8,No,173.87,No
SOL-00692,12,Ultra,18.39,1,3.5,No,Mobile Carrier Billing,7,Web,2,23,No,116.95,No
SOL-00693,4,Standard,12.17,3,4.8,Yes,Mobile Carrier Billing,4,App Store,1,9,No,128.93,No
SOL-00694,34,Standard,11.04,2,4.9,Yes,Credit Card,3,Web,4,25,No,239.33,No
SOL-00695,24,Ad-Lite,5.1,2,8.3,Yes,Credit Card,5,App Store,2,5,No,245.91,Yes
SOL-00696,10,Standard,13.63,2,1.1,Yes,Credit Card,2,App Store,1,4,No,180.4,Yes
SOL-00697,12,Ad-Lite,6.4,2,2.3,Yes,PayPal,4,Partner Bundle,1,10,No,30.12,Yes
SOL-00698,14,Standard,13.04,3,1.6,Yes,Mobile Carrier Billing,4,Partner Bundle,2,14,No,281.07,No
SOL-00699,29,Ad-Lite,6.28,1,3.4,No,Mobile Carrier Billing,4,Partner Bundle,1,5,No,141.19,Yes
SOL-00700,16,Standard,11.86,4,9.8,Yes,Mobile Carrier Billing,9,Partner Bundle,2,6,No,302.82,No
SOL-00701,6,Ad-Lite,5.94,3,10.4,Yes,Credit Card,4,Web,2,2,No,3.73,Yes
SOL-00702,20,Ultra,18.16,5,3.3,No,PayPal,2,Web,2,12,Yes,491.05,No
SOL-00703,40,Ad-Lite,5.63,3,8.6,Yes,PayPal,4,App Store,1,22,Yes,138.26,No
SOL-00704,10,Ultra,15.46,3,6.6,No,Credit Card,3,App Store,3,15,Yes,145.28,No
SOL-00705,13,Ad-Lite,5.96,3,11.9,No,Credit Card,6,Web,1,3,Yes,90.08,Yes
SOL-00706,27,Ad-Lite,4.51,3,11.9,No,Mobile Carrier Billing,4,App Store,4,10,No,132.58,No
SOL-00707,9,Ad-Lite,6.8,1,4.1,No,Credit Card,7,Web,4,10,No,188.64,No
SOL-00708,14,Standard,10.92,2,13.8,Yes,Credit Card,3,App Store,4,5,No,154.14,No
SOL-00709,18,Ad-Lite,4.41,2,2.0,No,PayPal,1,App Store,5,8,No,115.3,No
SOL-00710,5,Ad-Lite,5.27,2,9.7,Yes,Gift Card,3,App Store,2,18,Yes,181.57,Yes
SOL-00711,1,Ad-Lite,6.07,1,11.0,Yes,PayPal,3,Web,3,5,No,0.0,No
SOL-00712,15,Ad-Lite,5.94,3,1.5,Yes,Gift Card,3,App Store,3,12,No,291.86,Yes
SOL-00713,6,Standard,11.59,2,3.4,No,Credit Card,3,Web,3,20,No,10.88,No
SOL-00714,13,Ad-Lite,6.44,1,5.1,Yes,Mobile Carrier Billing,6,App Store,2,14,No,66.29,Yes
SOL-00715,9,Ultra,14.88,1,2.7,Yes,PayPal,5,Partner Bundle,1,1,Yes,205.08,Yes
SOL-00716,5,Ad-Lite,5.67,2,8.7,Yes,Mobile Carrier Billing,3,Web,3,16,Yes,0.0,Yes
SOL-00717,40,Ad-Lite,6.48,2,3.9,No,Gift Card,0,App Store,3,22,No,198.62,Yes
SOL-00718,6,Standard,12.53,2,3.7,No,Credit Card,3,Web,2,21,No,133.55,No
SOL-00719,10,Standard,14.17,2,15.9,No,PayPal,5,App Store,2,11,No,167.46,No
SOL-00720,9,Ultra,17.16,5,1.3,No,Gift Card,2,App Store,4,22,No,193.98,No
SOL-00721,25,Ad-Lite,7.0,4,4.5,Yes,Credit Card,7,App Store,1,8,No,174.11,No
SOL-00722,33,Ultra,18.81,1,15.0,No,PayPal,1,App Store,3,9,No,919.07,No
SOL-00723,10,Standard,12.65,3,10.4,Yes,Credit Card,2,Partner Bundle,4,6,No,29.26,No
SOL-00724,24,Ad-Lite,5.54,1,5.0,No,Mobile Carrier Billing,4,App Store,2,5,No,178.73,No
SOL-00725,21,Ad-Lite,6.23,3,10.7,No,Credit Card,1,Web,2,13,Yes,5.0,No
SOL-00726,29,Ad-Lite,7.04,1,1.0,Yes,Mobile Carrier Billing,3,App Store,2,2,Yes,48.52,Yes
SOL-00727,8,Standard,10.5,2,9.8,Yes,Credit Card,5,Partner Bundle,2,9,No,101.24,No
SOL-00728,4,Standard,11.68,2,1.7,Yes,Mobile Carrier Billing,0,Web,2,6,No,0.0,Yes
SOL-00729,2,Standard,11.15,2,22.0,Yes,PayPal,2,Web,2,4,No,10.44,Yes
SOL-00730,7,Ad-Lite,6.19,1,5.1,Yes,PayPal,3,Web,1,2,Yes,55.41,No
SOL-00731,19,Ad-Lite,5.24,2,7.3,Yes,Credit Card,2,App Store,3,8,No,91.03,No
SOL-00732,9,Ad-Lite,5.69,3,14.4,Yes,Credit Card,3,Web,1,5,No,50.62,Yes
SOL-00733,7,Standard,11.58,2,21.1,No,Mobile Carrier Billing,4,Web,2,1,No,214.67,Yes
SOL-00734,3,Standard,11.54,2,7.1,No,Mobile Carrier Billing,4,Web,1,22,No,79.75,Yes
SOL-00735,9,Ad-Lite,4.62,3,15.9,Yes,Credit Card,1,Web,1,2,No,69.5,No
SOL-00736,10,Standard,11.17,1,5.8,No,Mobile Carrier Billing,1,Web,3,8,No,128.85,No
SOL-00737,10,Ad-Lite,5.41,2,2.8,Yes,Credit Card,1,Web,1,4,No,9.88,Yes
SOL-00738,11,Ad-Lite,5.43,5,6.1,Yes,Gift Card,1,App Store,2,24,No,21.95,Yes
SOL-00739,25,Ad-Lite,6.81,2,10.1,Yes,Mobile Carrier Billing,2,Web,3,2,Yes,230.93,No
SOL-00740,5,Ad-Lite,6.27,1,10.7,No,Gift Card,5,App Store,3,22,No,88.59,Yes
SOL-00741,15,Ad-Lite,6.89,3,18.1,Yes,PayPal,1,App Store,2,33,No,29.6,Yes
SOL-00742,17,Standard,12.87,2,7.1,Yes,Credit Card,5,App Store,2,1,No,310.55,No
SOL-00743,27,Ultra,17.58,3,6.0,No,PayPal,8,Partner Bundle,2,9,No,216.09,No
SOL-00744,28,Ad-Lite,6.06,1,7.4,No,Mobile Carrier Billing,4,App Store,2,10,No,200.26,Yes
SOL-00745,19,Ad-Lite,4.89,3,8.5,Yes,Mobile Carrier Billing,4,Web,4,4,No,108.1,No
SOL-00746,20,Ultra,17.99,1,5.0,Yes,Credit Card,1,App Store,4,8,Yes,533.9,No
SOL-00747,6,Ad-Lite,6.54,4,4.8,Yes,PayPal,3,Partner Bundle,1,9,Yes,104.4,Yes
SOL-00748,35,Ad-Lite,6.15,4,6.9,Yes,PayPal,4,Web,1,8,No,192.65,Yes
SOL-00749,10,Standard,9.49,2,10.3,No,Credit Card,0,App Store,2,9,No,67.0,No
SOL-00750,27,Ad-Lite,6.34,2,4.1,No,Credit Card,5,Web,4,3,No,172.56,Yes
SOL-00751,27,Standard,12.67,2,1.8,Yes,PayPal,3,App Store,3,2,No,304.04,No
SOL-00752,30,Ad-Lite,6.59,4,4.1,Yes,Credit Card,0,Web,3,33,No,106.06,Yes
SOL-00753,11,Ad-Lite,6.21,1,5.9,Yes,Credit Card,5,App Store,2,7,No,143.13,No
SOL-00754,14,Standard,13.08,1,5.3,Yes,PayPal,2,Partner Bundle,1,5,No,198.07,Yes
SOL-00755,35,Ad-Lite,6.78,2,0.4,Yes,PayPal,4,App Store,1,22,No,360.94,Yes
SOL-00756,12,Ad-Lite,5.95,4,18.6,No,Credit Card,3,App Store,1,38,No,215.35,Yes
SOL-00757,24,Ad-Lite,5.55,3,8.5,Yes,PayPal,3,Partner Bundle,1,8,No,280.98,No
SOL-00758,7,Ultra,16.41,1,6.4,Yes,PayPal,5,Web,2,7,No,337.88,No
SOL-00759,32,Standard,10.74,4,7.8,Yes,Credit Card,0,Web,5,2,No,611.96,No
SOL-00760,33,Ad-Lite,5.26,1,2.2,Yes,Mobile Carrier Billing,5,Web,2,1,No,422.76,Yes
SOL-00761,29,Standard,12.22,2,5.1,Yes,Credit Card,5,Web,1,2,No,719.16,Yes
SOL-00762,5,Standard,11.96,2,6.1,Yes,Mobile Carrier Billing,4,Partner Bundle,1,13,No,122.06,No
SOL-00763,23,Standard,10.56,3,2.5,No,Credit Card,5,Web,1,8,Yes,340.49,No
SOL-00764,11,Ad-Lite,5.7,3,5.6,Yes,PayPal,5,Web,2,8,No,157.56,No
SOL-00765,5,Standard,13.44,1,10.8,Yes,Mobile Carrier Billing,3,Web,2,1,No,78.38,No
SOL-00766,9,Ad-Lite,5.95,2,10.4,Yes,PayPal,2,Web,1,9,No,8.98,No
SOL-00767,23,Ad-Lite,6.67,1,11.3,Yes,Credit Card,5,App Store,1,8,Yes,94.23,No
SOL-00768,25,Ultra,18.68,1,2.8,Yes,Mobile Carrier Billing,3,Partner Bundle,1,4,Yes,645.21,No
SOL-00769,25,Standard,14.05,2,1.4,Yes,Credit Card,7,Partner Bundle,3,14,No,580.61,No
SOL-00770,18,Ad-Lite,5.65,2,6.9,No,PayPal,2,App Store,3,3,No,130.84,Yes
SOL-00771,22,Standard,12.84,2,9.6,No,Credit Card,4,Web,1,18,Yes,157.22,Yes
SOL-00772,9,Ad-Lite,4.44,2,13.9,Yes,PayPal,3,Web,1,5,No,5.36,Yes
SOL-00773,33,Standard,10.75,3,17.9,No,Mobile Carrier Billing,7,App Store,2,7,No,239.33,No
SOL-00774,11,Standard,13.02,2,8.9,No,PayPal,2,App Store,2,3,No,220.06,Yes
SOL-00775,9,Standard,11.85,1,28.4,Yes,Mobile Carrier Billing,3,Web,4,4,No,143.11,No
SOL-00776,17,Ad-Lite,5.08,3,9.3,No,Credit Card,2,Web,3,31,No,89.97,Yes
SOL-00777,27,Ultra,13.81,3,2.7,No,Mobile Carrier Billing,4,Web,2,11,No,285.73,No
SOL-00778,12,Ad-Lite,6.58,1,14.0,Yes,Credit Card,3,App Store,1,12,No,0.0,No
SOL-00779,5,Ad-Lite,4.5,2,6.7,Yes,PayPal,5,Web,2,34,No,45.95,Yes
SOL-00780,37,Ultra,15.66,1,9.6,Yes,Credit Card,2,Web,1,5,No,304.73,No
SOL-00781,28,Standard,11.21,5,7.5,Yes,Mobile Carrier Billing,3,App Store,2,2,No,239.0,No
SOL-00782,18,Standard,13.44,2,7.6,Yes,PayPal,9,App Store,2,3,No,453.94,No
SOL-00783,4,Standard,11.74,2,3.4,Yes,Mobile Carrier Billing,1,Partner Bundle,2,6,No,93.34,No
SOL-00784,9,Standard,11.08,2,2.8,Yes,Mobile Carrier Billing,3,Web,2,13,No,164.43,No
SOL-00785,9,Ad-Lite,6.14,4,6.6,No,Credit Card,1,App Store,1,6,No,0.0,No
SOL-00786,14,Ultra,17.75,2,7.6,Yes,Credit Card,1,Web,1,20,No,158.24,No
SOL-00787,2,Ultra,17.34,2,4.4,Yes,Mobile Carrier Billing,3,App Store,2,18,Yes,7.69,No
SOL-00788,18,Ad-Lite,6.04,3,2.4,Yes,Credit Card,6,Web,4,28,No,110.85,No
SOL-00789,11,Ultra,17.79,3,8.3,No,Credit Card,6,Web,2,4,Yes,219.87,No
SOL-00790,8,Ad-Lite,5.54,1,4.6,No,Credit Card,3,Partner Bundle,1,13,Yes,17.5,Yes
SOL-00791,11,Standard,12.03,5,14.9,Yes,Mobile Carrier Billing,2,App Store,2,16,No,56.12,No
SOL-00792,10,Ultra,16.77,1,4.1,No,Credit Card,5,Web,2,14,No,130.97,No
SOL-00793,23,Standard,11.48,1,6.6,Yes,PayPal,3,Web,3,5,No,326.58,Yes
SOL-00794,8,Standard,10.49,1,3.7,Yes,PayPal,4,App Store,1,14,No,0.0,Yes
SOL-00795,10,Ad-Lite,5.42,3,14.1,Yes,Credit Card,3,Partner Bundle,2,10,Yes,51.97,No
SOL-00796,1,Standard,12.38,2,8.5,Yes,PayPal,2,App Store,3,10,No,0.0,No
SOL-00797,2,Ad-Lite,8.0,2,13.3,No,Credit Card,9,Partner Bundle,1,1,No,109.97,No
SOL-00798,18,Ultra,16.6,2,15.2,Yes,Mobile Carrier Billing,1,Partner Bundle,2,6,No,152.32,No
SOL-00799,12,Ad-Lite,6.54,2,4.8,No,PayPal,5,Web,3,4,No,106.56,Yes
SOL-00800,36,Standard,12.77,2,9.9,No,Mobile Carrier Billing,5,Partner Bundle,3,13,No,807.39,No
SOL-00801,29,Ad-Lite,4.79,3,9.8,Yes,Mobile Carrier Billing,8,Web,2,6,Yes,279.17,Yes
SOL-00802,3,Standard,11.4,3,2.9,No,Credit Card,2,Web,3,9,Yes,59.86,No
SOL-00803,9,Standard,12.46,1,18.7,Yes,Credit Card,3,Web,1,3,No,88.83,Yes
SOL-00804,15,Ad-Lite,6.79,1,26.4,No,Gift Card,1,App Store,2,20,Yes,230.19,No
SOL-00805,21,Standard,12.85,1,10.3,No,PayPal,3,Web,3,23,No,249.72,No
SOL-00806,0,Ultra,15.77,2,1.9,No,PayPal,4,App Store,1,15,No,0.0,No
SOL-00807,2,Ad-Lite,5.32,2,5.9,No,Mobile Carrier Billing,2,App Store,2,5,No,0.0,Yes
SOL-00808,18,Ad-Lite,5.93,1,2.0,Yes,Credit Card,2,Web,1,25,No,80.76,Yes
SOL-00809,9,Standard,10.62,1,12.9,No,Credit Card,5,Partner Bundle,3,4,No,85.68,No
SOL-00810,7,Ultra,14.89,4,6.5,No,Credit Card,4,Web,2,20,No,171.33,No
SOL-00811,12,Ad-Lite,6.48,1,7.8,Yes,PayPal,3,App Store,2,5,No,81.42,Yes
SOL-00812,1,Standard,12.92,2,18.0,No,Gift Card,5,App Store,2,1,No,35.72,No
SOL-00813,12,Ad-Lite,6.26,2,11.6,Yes,PayPal,5,App Store,2,4,No,55.24,Yes
SOL-00814,14,Ad-Lite,6.43,3,5.8,No,Mobile Carrier Billing,5,App Store,2,10,Yes,99.05,No
SOL-00815,3,Ultra,15.05,1,2.5,Yes,Mobile Carrier Billing,1,App Store,2,6,No,0.0,Yes
SOL-00816,10,Ad-Lite,5.96,3,9.6,Yes,Mobile Carrier Billing,9,App Store,2,28,Yes,38.43,Yes
SOL-00817,6,Ultra,17.31,1,8.5,Yes,Credit Card,4,Web,2,3,No,175.41,No
SOL-00818,24,Ad-Lite,5.49,3,4.5,No,Mobile Carrier Billing,3,App Store,1,7,No,122.19,Yes
SOL-00819,10,Ad-Lite,5.54,3,6.8,Yes,PayPal,3,Partner Bundle,4,20,No,108.08,Yes
SOL-00820,36,Ad-Lite,6.14,3,8.1,Yes,PayPal,4,Partner Bundle,3,25,No,239.15,Yes
SOL-00821,27,Ultra,17.85,2,1.4,No,Mobile Carrier Billing,4,Web,4,9,No,408.21,No
SOL-00822,29,Standard,11.07,1,1.6,Yes,Credit Card,3,Web,3,9,Yes,275.83,Yes
SOL-00823,13,Standard,12.85,4,2.1,Yes,Credit Card,2,App Store,3,8,No,199.69,No
SOL-00824,9,Ad-Lite,5.24,4,25.5,No,Credit Card,2,Partner Bundle,1,7,No,145.25,Yes
SOL-00825,11,Ad-Lite,6.44,3,5.4,Yes,PayPal,7,App Store,3,6,Yes,34.57,Yes
SOL-00826,12,Ad-Lite,4.65,2,3.8,Yes,PayPal,2,Web,2,9,No,0.0,Yes
SOL-00827,20,Ad-Lite,6.28,2,1.5,Yes,Mobile Carrier Billing,3,App Store,2,3,No,90.71,No
SOL-00828,16,Ad-Lite,5.6,1,10.1,Yes,Mobile Carrier Billing,3,Web,1,4,No,70.13,No
SOL-00829,15,Standard,11.95,3,6.8,No,Credit Card,1,Web,2,11,No,153.8,No
SOL-00830,3,Ultra,16.33,2,6.1,Yes,PayPal,5,App Store,3,5,No,47.2,Yes
SOL-00831,33,Ad-Lite,7.4,2,12.2,Yes,PayPal,5,Web,2,7,No,177.35,Yes
SOL-00832,35,Ad-Lite,7.75,3,13.8,Yes,Credit Card,4,Web,2,6,Yes,326.89,No
SOL-00833,11,Standard,12.94,5,5.4,No,PayPal,0,App Store,2,10,Yes,313.02,No
SOL-00834,7,Standard,9.94,2,4.8,Yes,PayPal,3,App Store,4,27,Yes,243.66,Yes
SOL-00835,10,Ad-Lite,6.32,3,6.2,Yes,Credit Card,4,Partner Bundle,1,16,No,84.98,Yes
SOL-00836,8,Standard,12.65,1,1.8,Yes,PayPal,5,App Store,3,3,Yes,65.74,No
SOL-00837,10,Ad-Lite,4.87,5,8.8,No,Credit Card,3,Partner Bundle,2,9,No,7.16,Yes
SOL-00838,16,Ad-Lite,6.17,3,14.1,Yes,Mobile Carrier Billing,5,Partner Bundle,2,6,No,253.08,No
SOL-00839,16,Standard,12.93,3,6.3,Yes,Credit Card,2,Web,4,5,Yes,43.77,Yes
SOL-00840,7,Ad-Lite,6.59,3,10.0,Yes,Credit Card,0,Web,3,13,No,0.0,Yes
SOL-00841,22,Standard,12.32,3,7.9,Yes,PayPal,2,Web,3,6,No,402.35,No
SOL-00842,15,Ad-Lite,5.8,4,6.0,No,PayPal,6,Partner Bundle,1,9,No,97.84,No
SOL-00843,12,Standard,14.9,2,2.6,No,Mobile Carrier Billing,4,Web,2,1,No,76.93,Yes
SOL-00844,5,Standard,11.47,2,5.4,No,Credit Card,2,Web,2,8,No,119.56,No
SOL-00845,16,Ultra,16.16,2,8.5,No,Mobile Carrier Billing,2,Partner Bundle,1,11,No,62.82,No
SOL-00846,3,Ultra,15.71,2,2.4,Yes,Credit Card,2,Partner Bundle,2,8,No,5.27,Yes
SOL-00847,6,Ultra,17.94,2,2.7,No,PayPal,0,App Store,2,12,No,16.0,No
SOL-00848,37,Standard,12.52,1,6.9,No,Mobile Carrier Billing,4,App Store,3,4,No,1071.22,No
SOL-00849,34,Standard,13.33,2,14.4,Yes,Mobile Carrier Billing,2,Partner Bundle,1,8,No,658.76,No
SOL-00850,0,Standard,13.7,3,9.3,Yes,Mobile Carrier Billing,5,Web,1,7,Yes,0.0,No
SOL-00851,25,Standard,11.62,3,6.5,Yes,Credit Card,3,App Store,2,2,No,200.64,Yes
SOL-00852,24,Standard,12.61,1,3.6,Yes,PayPal,4,Partner Bundle,2,12,No,614.55,No
SOL-00853,20,Ad-Lite,7.31,2,8.0,Yes,Credit Card,1,Web,4,4,Yes,60.41,Yes
SOL-00854,21,Ultra,17.8,1,2.8,No,Gift Card,2,App Store,3,3,Yes,402.14,No
SOL-00855,11,Ad-Lite,5.96,2,2.8,Yes,Mobile Carrier Billing,3,Web,1,4,No,71.46,Yes
SOL-00856,19,Ad-Lite,6.58,1,3.6,Yes,Credit Card,6,Web,2,15,No,172.12,Yes
SOL-00857,29,Ad-Lite,6.78,5,2.4,Yes,PayPal,4,Web,3,29,No,159.51,No
SOL-00858,18,Ad-Lite,4.24,5,15.5,No,Credit Card,3,Web,1,1,No,108.2,Yes
SOL-00859,5,Standard,12.29,3,1.4,No,Credit Card,5,Web,2,11,No,0.0,Yes
SOL-00860,8,Ad-Lite,5.08,2,11.4,Yes,Credit Card,5,App Store,3,15,Yes,27.27,Yes
SOL-00861,7,Ultra,14.43,1,9.7,No,Mobile Carrier Billing,1,App Store,4,11,No,32.93,Yes
SOL-00862,3,Standard,10.38,2,2.4,Yes,Credit Card,3,App Store,2,13,No,0.0,No
SOL-00863,12,Standard,11.41,3,7.0,Yes,Credit Card,6,App Store,3,4,No,260.25,Yes
SOL-00864,22,Standard,11.32,3,1.9,No,Mobile Carrier Billing,2,App Store,1,1,No,241.81,No
SOL-00865,22,Standard,11.6,2,7.7,No,PayPal,1,App Store,1,2,Yes,175.49,Yes
SOL-00866,7,Ad-Lite,6.45,2,13.8,Yes,Mobile Carrier Billing,3,App Store,1,7,Yes,126.76,Yes
SOL-00867,13,Ultra,18.45,3,3.6,Yes,Mobile Carrier Billing,4,Partner Bundle,1,4,No,444.42,No
SOL-00868,6,Ultra,15.12,1,4.4,Yes,PayPal,4,App Store,2,11,No,24.16,No
SOL-00869,2,Ad-Lite,6.13,2,4.3,No,Credit Card,8,App Store,2,20,Yes,145.15,Yes
SOL-00870,8,Ad-Lite,7.21,1,10.0,Yes,PayPal,3,Partner Bundle,2,19,Yes,133.53,No
SOL-00871,20,Ad-Lite,6.45,2,15.8,Yes,PayPal,5,App Store,2,23,No,113.18,No
SOL-00872,17,Ad-Lite,7.5,4,4.0,Yes,Mobile Carrier Billing,1,App Store,2,13,No,278.76,Yes
SOL-00873,10,Ad-Lite,5.84,5,11.8,Yes,PayPal,3,Web,1,10,No,93.47,Yes
SOL-00874,9,Ad-Lite,5.83,3,7.9,No,PayPal,4,App Store,3,7,Yes,0.0,No
SOL-00875,10,Ad-Lite,4.65,5,14.9,Yes,Credit Card,4,Partner Bundle,1,4,Yes,58.05,Yes
SOL-00876,18,Ad-Lite,5.17,3,8.6,No,Credit Card,1,App Store,3,7,No,118.89,Yes
SOL-00877,42,Standard,13.69,1,15.3,Yes,PayPal,4,App Store,2,5,No,425.46,Yes
SOL-00878,4,Standard,10.63,4,6.5,Yes,Mobile Carrier Billing,7,App Store,4,14,No,148.2,No
SOL-00879,17,Standard,11.94,2,22.4,Yes,PayPal,7,App Store,2,0,No,213.76,No
SOL-00880,29,Ultra,17.85,2,9.3,Yes,Credit Card,3,Web,2,1,No,357.15,No
SOL-00881,22,Standard,11.51,2,1.6,No,PayPal,2,Partner Bundle,4,6,No,298.33,No
SOL-00882,15,Ad-Lite,6.48,5,6.3,Yes,Credit Card,3,App Store,4,27,No,152.38,Yes
SOL-00883,2,Ad-Lite,5.56,2,1.9,No,Credit Card,2,App Store,2,21,No,100.15,Yes
SOL-00884,33,Ad-Lite,6.28,5,1.1,Yes,Mobile Carrier Billing,6,App Store,1,15,No,322.56,Yes
SOL-00885,4,Ad-Lite,6.72,3,2.4,Yes,Credit Card,8,Partner Bundle,2,19,No,99.58,Yes
SOL-00886,23,Standard,13.06,2,5.7,Yes,Gift Card,3,App Store,2,27,No,342.84,No
SOL-00887,10,Ad-Lite,6.15,2,2.6,No,Credit Card,3,App Store,2,2,No,96.62,Yes
SOL-00888,15,Ultra,15.01,3,5.2,No,Credit Card,2,Web,2,3,No,0.0,No
SOL-00889,7,Standard,11.61,2,6.8,Yes,Mobile Carrier Billing,3,App Store,2,2,No,184.9,Yes
SOL-00890,28,Standard,11.89,3,3.9,No,Credit Card,2,App Store,3,10,Yes,229.66,No
SOL-00891,11,Standard,11.93,1,23.2,Yes,Credit Card,1,Web,2,8,No,93.78,No
SOL-00892,30,Standard,10.99,3,8.5,No,Mobile Carrier Billing,0,App Store,1,21,No,177.67,No
SOL-00893,10,Ad-Lite,4.54,1,9.4,No,Mobile Carrier Billing,1,App Store,5,37,No,0.38,Yes
SOL-00894,1,Ad-Lite,6.47,1,7.0,Yes,PayPal,5,Web,5,4,No,3.65,Yes
SOL-00895,11,Standard,10.36,3,6.1,No,Credit Card,4,Web,1,7,No,134.48,No
SOL-00896,10,Ad-Lite,5.22,2,4.4,No,Credit Card,6,Partner Bundle,4,3,No,131.14,No
SOL-00897,8,Ad-Lite,5.55,4,3.8,No,PayPal,2,Web,2,2,No,23.03,Yes
SOL-00898,1,Standard,12.69,2,3.2,No,PayPal,1,Web,2,4,No,8.49,Yes
SOL-00899,10,Ad-Lite,6.33,1,7.7,Yes,Credit Card,3,Web,2,5,Yes,173.77,No
SOL-00900,10,Ad-Lite,6.73,2,5.5,No,Mobile Carrier Billing,5,App Store,5,1,No,111.44,Yes
SOL-00901,23,Ad-Lite,7.02,4,10.5,No,Credit Card,5,Partner Bundle,1,1,Yes,132.58,Yes
SOL-00902,29,Ultra,14.16,1,2.6,No,Credit Card,3,App Store,2,3,Yes,400.95,No
SOL-00903,17,Ad-Lite,6.95,2,18.2,Yes,Gift Card,2,Web,2,3,No,99.73,No
SOL-00904,6,Ad-Lite,6.05,2,8.7,Yes,Credit Card,3,Partner Bundle,3,14,Yes,0.0,Yes
SOL-00905,17,Standard,11.31,2,3.7,Yes,Credit Card,3,Web,1,18,No,264.99,Yes
SOL-00906,29,Standard,12.28,2,7.9,No,Mobile Carrier Billing,5,Partner Bundle,2,3,No,354.49,No
SOL-00907,8,Ad-Lite,5.39,2,6.2,Yes,Mobile Carrier Billing,8,Partner Bundle,3,14,No,10.73,No
SOL-00908,17,Standard,12.34,5,4.6,Yes,Mobile Carrier Billing,7,Web,1,5,No,283.71,No
SOL-00909,10,Ad-Lite,4.5,3,9.2,No,Mobile Carrier Billing,3,Web,1,2,No,116.46,No
SOL-00910,31,Standard,13.72,2,7.1,Yes,Credit Card,4,Partner Bundle,2,27,No,604.61,No
SOL-00911,17,Standard,12.98,2,2.6,Yes,Credit Card,4,App Store,5,9,No,295.86,No
SOL-00912,8,Standard,11.94,2,3.5,Yes,Credit Card,4,App Store,2,1,Yes,238.12,No
SOL-00913,3,Ultra,18.49,2,6.6,Yes,Credit Card,7,App Store,1,10,Yes,82.2,Yes
SOL-00914,10,Standard,12.53,3,17.7,No,Mobile Carrier Billing,3,App Store,1,5,Yes,64.84,No
SOL-00915,21,Standard,10.83,2,2.1,Yes,Mobile Carrier Billing,6,App Store,1,6,No,333.54,No
SOL-00916,9,Standard,12.01,4,1.8,Yes,Mobile Carrier Billing,2,App Store,2,9,Yes,94.62,No
SOL-00917,18,Ad-Lite,6.02,3,2.9,Yes,Mobile Carrier Billing,5,Web,5,5,No,176.06,Yes
SOL-00918,11,Standard,11.04,1,8.0,Yes,Credit Card,2,App Store,3,1,No,118.4,No
SOL-00919,19,Standard,13.27,1,9.8,Yes,Credit Card,3,Partner Bundle,3,7,No,277.86,No
SOL-00920,23,Ad-Lite,7.14,2,3.5,No,Credit Card,3,App Store,3,7,No,110.31,No
SOL-00921,11,Ad-Lite,6.09,1,3.4,No,Credit Card,2,App Store,4,12,No,77.6,Yes
SOL-00922,5,Standard,11.36,1,7.1,Yes,PayPal,6,Web,2,7,No,71.16,No
SOL-00923,15,Standard,12.58,3,9.9,No,PayPal,1,App Store,1,10,No,172.55,Yes
SOL-00924,2,Standard,11.63,2,4.6,Yes,PayPal,3,Web,2,3,No,77.22,No
SOL-00925,27,Ad-Lite,6.69,2,5.6,No,PayPal,6,Web,2,2,Yes,244.77,No
SOL-00926,6,Standard,12.1,3,4.1,No,Gift Card,3,Web,4,0,No,129.05,No
SOL-00927,12,Ad-Lite,7.45,3,5.5,No,Credit Card,3,Web,1,13,No,219.41,No
SOL-00928,12,Standard,13.55,4,9.0,Yes,PayPal,5,App Store,3,18,No,232.9,No
SOL-00929,9,Ad-Lite,5.86,2,7.8,Yes,Credit Card,2,App Store,2,7,Yes,118.17,Yes
SOL-00930,26,Ad-Lite,4.56,2,11.4,No,Credit Card,2,App Store,1,33,No,101.99,Yes
SOL-00931,9,Ad-Lite,6.69,5,3.7,Yes,PayPal,3,App Store,4,10,No,37.5,No
SOL-00932,1,Ad-Lite,4.7,3,5.6,Yes,Credit Card,1,Web,5,9,Yes,132.58,Yes
SOL-00933,5,Standard,11.33,2,8.7,No,Credit Card,3,Web,1,24,Yes,74.41,No
SOL-00934,17,Ad-Lite,5.12,3,9.7,Yes,Credit Card,2,Web,2,6,No,152.18,Yes
SOL-00935,12,Standard,12.44,2,5.6,Yes,Mobile Carrier Billing,4,App Store,2,5,No,185.28,No
SOL-00936,18,Standard,11.86,1,14.1,No,Credit Card,4,Web,2,10,Yes,382.71,No
SOL-00937,4,Standard,12.19,2,5.1,Yes,Gift Card,3,Partner Bundle,3,2,Yes,85.5,No
SOL-00938,15,Ad-Lite,6.55,4,4.2,No,Gift Card,2,Partner Bundle,2,18,Yes,90.59,No
SOL-00939,40,Ultra,20.66,2,15.2,No,Mobile Carrier Billing,2,Web,1,19,No,870.47,No
SOL-00940,1,Standard,11.89,4,12.6,Yes,PayPal,2,Partner Bundle,2,2,No,98.82,No
SOL-00941,13,Ad-Lite,5.23,4,14.5,Yes,Gift Card,5,Web,2,7,No,21.42,No
SOL-00942,14,Ad-Lite,4.15,2,0.6,No,Credit Card,0,App Store,2,3,No,111.61,No
SOL-00943,12,Standard,12.32,2,2.8,Yes,Mobile Carrier Billing,2,Web,1,23,No,351.85,Yes
SOL-00944,24,Standard,14.2,2,11.7,No,Credit Card,5,Partner Bundle,2,2,Yes,127.97,Yes
SOL-00945,19,Ad-Lite,5.13,1,8.3,No,PayPal,4,Web,2,5,No,232.23,Yes
SOL-00946,18,Ad-Lite,6.09,1,15.0,No,PayPal,3,App Store,4,17,Yes,120.89,Yes
SOL-00947,9,Ad-Lite,6.1,1,2.2,No,PayPal,4,App Store,2,11,No,0.0,No
SOL-00948,4,Ad-Lite,5.99,2,5.8,Yes,PayPal,4,App Store,3,14,No,16.3,Yes
SOL-00949,6,Ad-Lite,7.46,1,4.2,No,Mobile Carrier Billing,2,Web,2,2,No,78.5,No
SOL-00950,8,Ultra,18.0,1,15.3,Yes,Credit Card,4,Web,3,16,No,221.96,No
SOL-00951,21,Ad-Lite,6.3,2,3.9,No,Credit Card,4,Web,2,14,No,39.52,Yes
SOL-00952,19,Standard,10.59,2,10.7,No,Credit Card,6,Web,1,13,No,150.48,Yes
SOL-00953,8,Standard,11.33,4,14.7,Yes,Credit Card,3,Web,2,2,Yes,156.38,Yes
SOL-00954,5,Standard,11.74,1,4.5,No,Credit Card,5,App Store,2,9,No,183.09,Yes
SOL-00955,4,Ultra,16.86,5,0.9,Yes,Mobile Carrier Billing,4,App Store,2,4,No,0.0,Yes
SOL-00956,7,Standard,13.11,3,25.7,Yes,Mobile Carrier Billing,5,App Store,2,5,No,169.4,No
SOL-00957,19,Ad-Lite,5.81,5,11.0,No,Credit Card,2,App Store,3,3,No,0.0,Yes
SOL-00958,13,Ad-Lite,6.08,3,6.3,Yes,Mobile Carrier Billing,6,Partner Bundle,3,5,No,82.02,Yes
SOL-00959,19,Standard,11.99,2,2.7,Yes,PayPal,2,Partner Bundle,2,16,No,470.14,Yes
SOL-00960,13,Ad-Lite,6.9,2,3.4,No,Credit Card,2,Partner Bundle,1,7,No,187.89,Yes
SOL-00961,10,Standard,11.15,3,5.8,No,PayPal,3,App Store,1,2,Yes,214.26,Yes
SOL-00962,14,Ad-Lite,6.03,2,7.4,No,Mobile Carrier Billing,1,Web,5,11,Yes,108.41,Yes
SOL-00963,25,Ad-Lite,6.85,2,12.2,No,Credit Card,6,Web,2,10,No,109.88,No
SOL-00964,21,Standard,14.32,2,7.3,Yes,Credit Card,5,Web,1,8,Yes,449.83,Yes
SOL-00965,10,Ad-Lite,6.76,2,12.0,Yes,Credit Card,3,App Store,5,14,Yes,89.11,No
SOL-00966,12,Standard,10.24,5,6.0,No,Credit Card,3,Web,3,14,No,204.12,No
SOL-00967,29,Standard,11.13,3,0.9,No,Gift Card,5,Web,3,7,No,334.79,Yes
SOL-00968,11,Standard,14.27,3,5.5,Yes,Credit Card,3,Partner Bundle,4,8,No,153.84,Yes
SOL-00969,3,Ad-Lite,6.19,3,10.4,No,Credit Card,1,App Store,3,17,No,99.69,Yes
SOL-00970,3,Ad-Lite,6.49,1,5.0,Yes,Mobile Carrier Billing,1,Partner Bundle,3,3,Yes,59.56,No
SOL-00971,17,Standard,10.34,1,11.6,No,Credit Card,3,Web,3,17,No,217.37,Yes
SOL-00972,15,Ad-Lite,6.87,4,0.9,No,Credit Card,1,App Store,3,7,Yes,91.63,Yes
SOL-00973,17,Standard,11.26,1,5.8,No,Mobile Carrier Billing,2,Web,4,3,No,194.3,No
SOL-00974,8,Standard,13.78,3,1.5,Yes,Mobile Carrier Billing,5,Web,3,6,Yes,259.15,Yes
SOL-00975,1,Ad-Lite,4.47,1,3.8,Yes,Credit Card,3,Partner Bundle,3,15,No,0.0,Yes
SOL-00976,27,Ad-Lite,6.18,3,7.5,No,Credit Card,1,App Store,2,16,No,203.05,No
SOL-00977,9,Ad-Lite,5.52,1,0.7,Yes,Credit Card,3,App Store,4,30,No,17.32,No
SOL-00978,29,Ad-Lite,6.79,1,14.1,Yes,PayPal,4,Partner Bundle,1,9,No,291.81,Yes
SOL-00979,20,Ultra,17.03,2,4.1,No,PayPal,1,Web,1,10,Yes,296.6,No
SOL-00980,7,Ad-Lite,5.27,2,3.9,Yes,Mobile Carrier Billing,4,Partner Bundle,3,2,Yes,61.4,Yes
SOL-00981,25,Standard,10.82,5,13.3,No,Credit Card,2,Partner Bundle,3,2,Yes,344.39,No
SOL-00982,16,Standard,10.03,1,8.6,No,PayPal,4,Partner Bundle,1,8,Yes,340.43,No
SOL-00983,28,Standard,11.83,5,11.5,No,Gift Card,4,Web,1,15,No,373.8,No
SOL-00984,20,Standard,11.48,1,4.3,No,PayPal,4,Web,3,20,No,239.29,No
SOL-00985,13,Standard,12.59,1,16.1,Yes,Gift Card,6,App Store,3,9,No,209.71,No
SOL-00986,13,Standard,11.87,2,9.3,Yes,Credit Card,3,Web,2,18,No,153.39,No
SOL-00987,9,Standard,10.45,3,4.5,Yes,PayPal,6,Partner Bundle,4,2,No,279.42,No
SOL-00988,28,Ad-Lite,7.55,2,4.4,No,Mobile Carrier Billing,5,App Store,2,2,Yes,80.35,No
SOL-00989,17,Standard,11.95,2,9.1,No,Credit Card,3,App Store,2,7,No,319.82,No
SOL-00990,4,Standard,11.73,3,8.3,No,PayPal,4,App Store,2,8,No,47.64,Yes
SOL-00991,20,Ad-Lite,6.77,2,0.9,Yes,Credit Card,2,Web,2,9,No,172.99,Yes
SOL-00992,15,Standard,11.95,1,6.8,Yes,PayPal,5,Partner Bundle,1,9,No,52.38,Yes
SOL-00993,18,Ad-Lite,5.86,4,4.4,No,Mobile Carrier Billing,3,Partner Bundle,2,25,No,91.41,Yes
SOL-00994,9,Standard,13.71,3,10.1,Yes,Credit Card,2,Partner Bundle,2,4,No,113.12,No
SOL-00995,6,Standard,11.7,4,3.9,Yes,Credit Card,1,Partner Bundle,2,15,No,0.0,Yes
SOL-00996,21,Standard,12.05,4,4.8,No,Credit Card,6,App Store,1,7,No,313.66,Yes
SOL-00997,24,Standard,12.09,3,1.6,No,PayPal,5,Partner Bundle,1,12,No,310.64,No
SOL-00998,8,Ad-Lite,6.28,3,12.0,No,PayPal,3,Partner Bundle,1,5,No,95.96,No
SOL-00999,23,Standard,12.38,3,5.0,No,Mobile Carrier Billing,6,Partner Bundle,4,7,No,232.31,No
SOL-01000,15,Standard,13.62,2,12.8,No,Mobile Carrier Billing,7,Web,1,10,No,287.75,No
SOL-01001,32,Ad-Lite,7.17,5,14.4,Yes,PayPal,1,Web,2,26,No,130.33,Yes
SOL-01002,8,Ultra,17.83,3,3.1,Yes,Gift Card,1,Partner Bundle,1,9,No,250.26,Yes
SOL-01003,32,Standard,11.66,4,5.1,Yes,PayPal,5,Web,2,9,Yes,534.73,No
SOL-01004,9,Ultra,16.96,1,6.3,Yes,Gift Card,2,Web,1,2,No,275.79,No
SOL-01005,35,Ad-Lite,6.11,2,9.1,Yes,Credit Card,2,Web,3,15,No,402.18,No
SOL-01006,4,Ad-Lite,5.2,2,1.0,Yes,Mobile Carrier Billing,5,App Store,3,1,No,4.2,Yes
SOL-01007,3,Standard,11.91,1,43.8,Yes,Credit Card,3,App Store,2,10,No,79.03,No
SOL-01008,19,Standard,11.51,2,13.4,No,Mobile Carrier Billing,2,Web,2,9,No,175.4,No
SOL-01009,19,Standard,12.22,2,6.0,Yes,Mobile Carrier Billing,4,App Store,1,4,No,305.42,No
SOL-01010,18,Standard,11.34,4,2.6,Yes,PayPal,2,App Store,2,8,No,452.88,No
SOL-01011,15,Ultra,17.65,3,17.9,Yes,PayPal,6,Web,3,6,No,124.51,No
SOL-01012,3,Ultra,16.3,2,3.3,Yes,PayPal,1,App Store,3,9,No,38.69,No
SOL-01013,29,Standard,9.72,4,7.6,Yes,Mobile Carrier Billing,1,Partner Bundle,1,1,No,278.24,No
SOL-01014,18,Standard,10.28,1,3.3,Yes,Gift Card,5,App Store,1,9,No,1.7,No
SOL-01015,24,Standard,11.67,2,15.0,Yes,Mobile Carrier Billing,3,Partner Bundle,3,26,No,387.83,No
SOL-01016,4,Ad-Lite,4.66,3,7.0,Yes,Mobile Carrier Billing,1,Web,2,7,No,0.0,Yes
SOL-01017,9,Ad-Lite,6.24,4,5.5,No,Gift Card,0,Web,2,4,No,30.06,Yes
SOL-01018,16,Ad-Lite,5.55,1,13.3,Yes,Credit Card,1,Web,3,0,No,96.74,No
SOL-01019,5,Standard,12.5,3,3.8,Yes,Mobile Carrier Billing,2,App Store,1,11,Yes,12.19,Yes
SOL-01020,24,Ad-Lite,6.23,5,7.1,No,Mobile Carrier Billing,2,Web,2,17,No,165.54,Yes
SOL-01021,15,Ultra,16.68,3,6.4,No,Credit Card,1,Partner Bundle,1,3,Yes,294.21,No
SOL-01022,15,Standard,13.0,1,8.1,Yes,Credit Card,2,App Store,1,4,No,271.58,No
SOL-01023,27,Standard,10.03,2,4.5,No,Mobile Carrier Billing,2,Web,2,3,Yes,260.53,No
SOL-01024,3,Ad-Lite,5.83,2,19.4,No,PayPal,0,Web,1,13,No,0.0,Yes
SOL-01025,8,Ad-Lite,6.84,1,9.7,Yes,Mobile Carrier Billing,5,Partner Bundle,1,7,No,107.02,Yes
SOL-01026,4,Standard,14.24,2,17.0,Yes,Credit Card,4,Web,3,30,No,12.82,No
SOL-01027,39,Ultra,14.68,2,3.9,Yes,Credit Card,7,Partner Bundle,2,6,No,603.48,Yes
SOL-01028,31,Ad-Lite,7.6,5,3.4,No,PayPal,3,App Store,1,15,No,274.03,Yes
SOL-01029,2,Ultra,16.97,4,13.3,No,Gift Card,7,App Store,2,7,No,110.48,No
SOL-01030,28,Ultra,17.01,4,3.9,Yes,Credit Card,7,App Store,3,3,No,275.22,No
SOL-01031,35,Ad-Lite,6.33,1,2.8,No,Mobile Carrier Billing,4,Partner Bundle,1,9,No,453.63,No
SOL-01032,29,Standard,13.07,4,1.0,Yes,Credit Card,3,Web,2,10,No,127.76,No
SOL-01033,20,Ad-Lite,6.66,1,7.2,No,PayPal,2,App Store,2,13,No,154.5,Yes
SOL-01034,8,Ad-Lite,6.95,2,4.7,No,Gift Card,3,App Store,1,1,No,24.5,No
SOL-01035,16,Standard,11.59,3,2.7,No,Mobile Carrier Billing,6,App Store,4,15,No,84.39,No
SOL-01036,24,Standard,12.1,2,3.6,Yes,Mobile Carrier Billing,1,Web,2,4,No,144.28,No
SOL-01037,16,Standard,9.73,1,16.8,No,Credit Card,4,Web,1,10,No,124.85,No
SOL-01038,10,Standard,12.37,3,2.6,Yes,Credit Card,5,App Store,3,4,No,210.2,Yes
SOL-01039,21,Ultra,19.37,2,1.0,No,Credit Card,1,Web,3,2,Yes,630.18,No
SOL-01040,8,Ad-Lite,6.62,2,15.1,No,Credit Card,6,Web,2,6,No,112.57,Yes
SOL-01041,1,Ultra,19.35,1,7.3,Yes,PayPal,2,App Store,1,3,Yes,0.0,No
SOL-01042,4,Standard,11.56,2,2.5,No,Credit Card,2,Partner Bundle,3,3,No,0.0,Yes
SOL-01043,14,Ultra,17.43,2,2.1,Yes,Credit Card,3,App Store,2,3,No,200.09,Yes
SOL-01044,14,Ultra,16.16,1,6.2,No,Gift Card,1,Web,4,4,No,220.29,No
SOL-01045,8,Ad-Lite,7.21,1,6.3,Yes,PayPal,2,Web,3,23,Yes,144.73,Yes
SOL-01046,27,Standard,11.2,2,6.8,Yes,Mobile Carrier Billing,2,Web,2,1,No,353.48,Yes
SOL-01047,9,Standard,11.55,3,13.7,No,Credit Card,6,Web,1,3,Yes,110.17,No
SOL-01048,5,Ad-Lite,5.11,1,17.0,Yes,Gift Card,3,App Store,3,10,No,0.0,Yes
SOL-01049,4,Ad-Lite,6.5,1,10.3,Yes,Mobile Carrier Billing,0,Partner Bundle,4,8,No,70.55,No
SOL-01050,7,Standard,10.73,2,5.9,Yes,Mobile Carrier Billing,1,Web,1,7,No,41.22,No
SOL-01051,6,Standard,10.82,2,7.0,Yes,Credit Card,2,App Store,2,3,No,38.41,Yes
SOL-01052,9,Ad-Lite,7.23,5,13.0,Yes,PayPal,3,Partner Bundle,1,8,No,93.49,Yes
SOL-01053,10,Ultra,17.93,2,7.6,Yes,Mobile Carrier Billing,6,App Store,2,5,No,515.24,No
SOL-01054,20,Standard,12.17,3,7.5,Yes,Credit Card,3,App Store,1,14,No,250.55,Yes
SOL-01055,20,Ad-Lite,4.24,4,1.5,Yes,Mobile Carrier Billing,7,Web,3,14,No,153.28,Yes
SOL-01056,11,Ultra,17.44,1,10.2,No,Mobile Carrier Billing,2,Web,3,5,Yes,214.21,No
SOL-01057,14,Ultra,17.29,4,8.8,Yes,PayPal,5,App Store,1,0,No,261.95,No
SOL-01058,20,Ad-Lite,6.09,3,2.8,Yes,PayPal,7,Web,5,11,No,78.9,Yes
SOL-01059,19,Standard,11.47,5,8.3,Yes,Credit Card,3,App Store,2,10,No,389.5,No
SOL-01060,6,Standard,11.27,5,9.4,Yes,PayPal,3,Web,2,10,No,158.76,No
SOL-01061,35,Ad-Lite,5.58,2,5.4,Yes,PayPal,3,App Store,3,9,No,123.78,Yes
SOL-01062,37,Standard,11.72,3,5.2,Yes,Mobile Carrier Billing,2,Partner Bundle,4,2,No,446.27,No
SOL-01063,17,Ad-Lite,5.08,1,3.1,No,Credit Card,3,Web,1,4,No,83.8,Yes
SOL-01064,6,Ad-Lite,5.68,2,7.4,Yes,Credit Card,6,Web,2,11,Yes,61.76,Yes
SOL-01065,9,Standard,12.6,2,6.5,Yes,Mobile Carrier Billing,1,Partner Bundle,3,11,No,130.58,No
SOL-01066,5,Ad-Lite,5.28,3,9.9,No,Mobile Carrier Billing,1,Web,2,6,Yes,29.19,Yes
SOL-01067,15,Standard,11.72,2,2.6,Yes,Credit Card,1,Partner Bundle,2,17,No,26.4,No
SOL-01068,5,Ad-Lite,4.9,2,13.5,Yes,Credit Card,7,App Store,1,11,No,69.88,Yes
SOL-01069,17,Ad-Lite,6.05,5,7.9,Yes,Credit Card,3,Web,3,7,No,32.94,Yes
SOL-01070,33,Ad-Lite,6.51,3,6.2,Yes,Mobile Carrier Billing,2,Partner Bundle,3,4,No,91.58,No
SOL-01071,32,Ultra,15.1,3,5.0,Yes,Mobile Carrier Billing,4,Web,5,8,No,293.49,No
SOL-01072,2,Ultra,17.92,2,24.4,Yes,PayPal,3,Web,1,18,No,78.56,No
SOL-01073,27,Standard,10.71,4,6.9,Yes,PayPal,3,Partner Bundle,1,6,No,570.26,No
SOL-01074,6,Ad-Lite,7.06,2,10.3,No,PayPal,1,Partner Bundle,1,2,No,12.47,Yes
SOL-01075,24,Standard,10.86,3,13.5,Yes,Mobile Carrier Billing,2,App Store,1,9,No,552.21,No
SOL-01076,5,Ad-Lite,6.5,1,4.3,No,Credit Card,4,App Store,2,10,No,76.62,Yes
SOL-01077,2,Ultra,19.13,2,2.5,No,Mobile Carrier Billing,4,App Store,3,2,No,101.14,No
SOL-01078,14,Ad-Lite,5.71,2,5.6,Yes,Gift Card,6,App Store,4,3,No,135.46,No
SOL-01079,10,Standard,11.21,1,11.5,Yes,Credit Card,7,App Store,5,1,No,100.41,No
SOL-01080,2,Ad-Lite,6.99,3,3.6,Yes,Credit Card,2,App Store,2,9,No,21.14,Yes
SOL-01081,4,Standard,9.81,2,16.0,No,Credit Card,3,Partner Bundle,3,20,No,122.06,No
SOL-01082,5,Ad-Lite,6.0,2,6.7,No,PayPal,4,Partner Bundle,1,11,No,61.21,No
SOL-01083,22,Ultra,16.84,4,6.3,No,Mobile Carrier Billing,5,Partner Bundle,3,2,Yes,142.28,No
SOL-01084,1,Ad-Lite,5.5,4,6.5,Yes,Gift Card,7,App Store,2,13,No,36.3,Yes
SOL-01085,10,Standard,11.8,2,10.0,Yes,Mobile Carrier Billing,2,Partner Bundle,1,22,Yes,0.0,No
SOL-01086,22,Standard,9.89,2,9.7,No,PayPal,2,Partner Bundle,3,4,Yes,433.18,No
SOL-01087,4,Standard,10.7,2,5.6,Yes,Credit Card,3,Web,3,6,No,54.98,No
SOL-01088,2,Standard,11.9,3,4.7,No,Gift Card,5,App Store,3,13,Yes,0.0,No
SOL-01089,32,Ultra,17.2,3,3.0,Yes,Mobile Carrier Billing,4,Web,2,12,No,556.93,No
SOL-01090,16,Standard,12.46,2,11.4,No,Gift Card,3,Partner Bundle,3,3,No,326.23,Yes
SOL-01091,9,Ad-Lite,6.75,3,4.2,Yes,Mobile Carrier Billing,2,App Store,5,3,Yes,130.8,Yes
SOL-01092,10,Ad-Lite,7.25,4,25.3,Yes,Credit Card,3,App Store,2,3,No,167.93,Yes
SOL-01093,1,Ad-Lite,5.29,3,5.3,Yes,Credit Card,4,App Store,1,14,No,0.0,Yes
SOL-01094,7,Ad-Lite,5.49,1,12.9,Yes,Mobile Carrier Billing,4,Web,1,6,No,148.71,Yes
SOL-01095,5,Ultra,17.09,3,6.9,Yes,Mobile Carrier Billing,3,App Store,2,22,No,0.0,No
SOL-01096,17,Ad-Lite,6.96,2,12.5,No,Credit Card,3,App Store,2,15,No,448.59,Yes
SOL-01097,21,Standard,10.5,1,9.9,Yes,Mobile Carrier Billing,4,Web,2,29,No,339.97,Yes
SOL-01098,18,Standard,12.39,2,11.5,Yes,Mobile Carrier Billing,3,Partner Bundle,3,7,No,129.3,No
SOL-01099,18,Standard,9.58,1,3.3,No,Credit Card,4,App Store,3,4,No,114.34,Yes
SOL-01100,36,Ad-Lite,6.64,3,1.7,Yes,Credit Card,1,Web,2,8,Yes,318.58,No
SOL-01101,38,Ultra,15.78,3,8.0,No,Gift Card,5,Web,4,2,No,429.32,No
SOL-01102,23,Ad-Lite,6.5,1,5.2,No,Credit Card,8,Web,1,3,No,254.87,Yes
SOL-01103,4,Ad-Lite,7.07,1,4.8,Yes,Credit Card,2,App Store,2,20,No,88.98,Yes
SOL-01104,15,Standard,12.93,1,6.0,Yes,Mobile Carrier Billing,3,Partner Bundle,1,14,No,203.96,No
SOL-01105,15,Ad-Lite,7.23,2,7.7,Yes,PayPal,6,Web,3,8,Yes,157.19,Yes
SOL-01106,5,Standard,11.18,3,6.2,No,Credit Card,3,App Store,2,8,No,160.42,No
SOL-01107,16,Standard,11.31,3,3.8,No,Credit Card,6,App Store,1,1,No,107.5,No
SOL-01108,6,Standard,10.8,1,5.8,Yes,PayPal,3,Web,4,4,No,101.38,No
SOL-01109,4,Standard,13.13,1,3.4,Yes,Credit Card,1,App Store,4,10,No,83.25,No
SOL-01110,8,Standard,11.83,3,7.6,No,PayPal,5,Web,2,7,No,60.54,Yes
SOL-01111,26,Standard,11.79,1,6.7,Yes,PayPal,5,App Store,1,15,No,258.2,No
SOL-01112,35,Standard,9.62,4,15.6,Yes,Mobile Carrier Billing,7,App Store,2,10,No,468.87,No
SOL-01113,5,Ad-Lite,6.12,1,15.3,Yes,Credit Card,4,Partner Bundle,2,5,No,28.07,Yes
SOL-01114,34,Ad-Lite,7.82,3,5.2,Yes,PayPal,5,App Store,1,13,Yes,350.98,No
SOL-01115,14,Ad-Lite,8.0,1,5.2,Yes,Credit Card,3,App Store,1,1,Yes,106.28,No
SOL-01116,11,Ad-Lite,5.81,1,12.2,Yes,Mobile Carrier Billing,3,Web,2,6,Yes,173.66,Yes
SOL-01117,11,Ultra,17.43,2,10.3,No,PayPal,3,Web,1,14,No,181.1,Yes
SOL-01118,6,Standard,10.16,3,9.1,Yes,Mobile Carrier Billing,3,Web,4,10,No,30.69,No
SOL-01119,20,Ad-Lite,6.48,1,4.9,Yes,Gift Card,2,Web,1,4,No,66.79,No
SOL-01120,26,Ad-Lite,5.5,2,4.7,Yes,Mobile Carrier Billing,5,Partner Bundle,2,30,Yes,201.31,Yes
SOL-01121,13,Standard,9.09,3,8.0,Yes,Mobile Carrier Billing,2,Partner Bundle,2,8,No,204.23,No
SOL-01122,9,Ad-Lite,6.7,2,5.6,Yes,Credit Card,4,Partner Bundle,3,12,Yes,39.0,No
SOL-01123,13,Standard,13.79,1,29.2,Yes,PayPal,4,Web,2,11,No,279.69,No
SOL-01124,25,Ad-Lite,4.99,2,14.7,No,PayPal,3,Web,2,9,Yes,271.45,No
SOL-01125,6,Standard,11.71,2,6.7,Yes,Credit Card,4,Web,2,6,No,146.16,Yes
SOL-01126,20,Standard,10.9,1,4.0,Yes,Mobile Carrier Billing,2,App Store,3,3,No,478.12,No
SOL-01127,15,Ultra,18.32,4,4.6,No,PayPal,3,App Store,2,19,No,259.29,No
SOL-01128,22,Ad-Lite,5.29,2,9.2,Yes,PayPal,2,App Store,3,9,No,117.79,No
SOL-01129,6,Ad-Lite,6.13,2,9.0,Yes,Gift Card,3,Web,2,21,No,81.98,Yes
SOL-01130,25,Standard,10.91,3,7.3,Yes,Credit Card,3,Web,3,13,No,267.98,No
SOL-01131,2,Standard,13.67,1,9.1,No,Credit Card,5,App Store,2,12,No,50.58,Yes
SOL-01132,33,Standard,15.0,3,3.7,No,PayPal,4,App Store,2,2,No,240.93,No
SOL-01133,26,Standard,12.88,3,9.9,Yes,PayPal,3,App Store,4,29,No,244.43,No
SOL-01134,6,Ultra,18.24,2,9.2,No,PayPal,6,Web,5,4,No,225.25,No
SOL-01135,3,Ad-Lite,6.46,3,2.7,No,Mobile Carrier Billing,4,Partner Bundle,3,3,No,121.94,No
SOL-01136,13,Ad-Lite,5.47,1,2.7,Yes,Credit Card,2,App Store,3,6,No,29.23,Yes
SOL-01137,19,Standard,12.13,3,2.7,No,Gift Card,5,Partner Bundle,2,23,No,244.07,No
SOL-01138,23,Ad-Lite,4.7,1,6.1,Yes,Credit Card,5,Web,2,7,No,82.04,No
SOL-01139,17,Ad-Lite,6.94,2,14.3,Yes,Gift Card,3,Partner Bundle,4,13,No,112.41,Yes
SOL-01140,14,Ad-Lite,5.69,2,5.0,Yes,Mobile Carrier Billing,1,App Store,2,8,No,122.43,Yes
SOL-01141,7,Standard,12.02,1,5.2,Yes,Mobile Carrier Billing,5,Web,1,8,No,217.82,No
SOL-01142,17,Ad-Lite,6.2,3,1.5,Yes,Credit Card,3,Partner Bundle,2,11,No,262.55,No
SOL-01143,15,Standard,12.21,1,1.6,Yes,Credit Card,4,App Store,2,12,No,162.17,No
SOL-01144,5,Ultra,17.13,2,5.7,Yes,Credit Card,5,Partner Bundle,3,3,No,80.27,No
SOL-01145,6,Ad-Lite,5.86,2,8.1,Yes,Mobile Carrier Billing,2,App Store,1,26,No,17.03,Yes
SOL-01146,20,Standard,15.0,2,10.7,No,Mobile Carrier Billing,1,Web,1,13,No,594.57,No
SOL-01147,29,Ultra,15.84,2,1.7,No,Mobile Carrier Billing,4,Web,2,8,Yes,394.84,No
SOL-01148,2,Ad-Lite,7.08,1,3.4,No,Mobile Carrier Billing,2,Web,2,3,No,64.36,Yes
SOL-01149,6,Standard,11.98,3,10.3,Yes,Credit Card,3,Web,2,9,No,169.57,No
SOL-01150,2,Ad-Lite,5.1,3,1.9,Yes,Gift Card,7,Web,3,26,No,7.07,Yes
SOL-01151,23,Ad-Lite,6.4,1,3.1,Yes,PayPal,4,App Store,3,16,No,109.68,No
SOL-01152,12,Ultra,15.51,5,8.0,Yes,PayPal,2,Web,5,5,No,204.03,No
SOL-01153,16,Standard,12.14,1,5.5,Yes,PayPal,2,App Store,1,12,No,231.62,Yes
SOL-01154,21,Standard,11.92,2,4.9,No,Gift Card,3,Web,1,9,No,363.61,No
SOL-01155,12,Ad-Lite,7.57,1,2.4,No,Credit Card,4,Web,2,23,No,106.87,Yes
SOL-01156,1,Ad-Lite,5.82,2,9.6,Yes,PayPal,3,Web,2,12,No,0.0,No
SOL-01157,12,Standard,12.5,1,4.3,No,Credit Card,3,Web,1,12,Yes,389.43,No
SOL-01158,23,Ad-Lite,5.93,2,4.7,Yes,Gift Card,4,App Store,1,5,No,193.54,No
SOL-01159,1,Ad-Lite,5.83,2,20.9,No,Credit Card,5,App Store,3,15,No,78.27,Yes
SOL-01160,10,Ad-Lite,5.47,4,3.7,No,Mobile Carrier Billing,6,Web,2,33,No,49.06,No
SOL-01161,5,Ad-Lite,5.55,3,15.7,Yes,Credit Card,4,Web,2,9,No,69.9,No
SOL-01162,20,Ad-Lite,6.42,3,5.7,No,PayPal,7,Partner Bundle,3,5,No,108.66,Yes
SOL-01163,25,Standard,11.47,1,1.4,Yes,Mobile Carrier Billing,1,Partner Bundle,2,11,No,446.79,No
SOL-01164,11,Standard,13.05,1,3.3,Yes,Credit Card,3,App Store,2,5,No,396.12,Yes
SOL-01165,13,Ultra,17.43,3,5.7,Yes,Credit Card,2,Partner Bundle,1,5,No,346.67,No
SOL-01166,14,Ad-Lite,6.28,5,7.8,Yes,Mobile Carrier Billing,3,Web,1,2,No,157.7,Yes
SOL-01167,27,Standard,11.34,1,10.3,Yes,Credit Card,5,Partner Bundle,3,2,No,450.09,Yes
SOL-01168,7,Ad-Lite,6.02,1,15.5,Yes,Mobile Carrier Billing,3,App Store,2,2,No,144.27,No
SOL-01169,31,Standard,9.69,3,1.9,Yes,Credit Card,6,Web,2,11,Yes,568.52,Yes
SOL-01170,2,Standard,10.65,2,6.9,Yes,PayPal,1,App Store,1,17,No,47.4,Yes
SOL-01171,25,Ad-Lite,5.09,1,3.4,No,Credit Card,5,App Store,3,3,No,95.17,Yes
SOL-01172,3,Ad-Lite,4.76,1,3.3,No,PayPal,6,App Store,1,24,No,7.26,Yes
SOL-01173,25,Ad-Lite,5.88,3,12.5,No,PayPal,5,Web,2,7,No,155.0,Yes
SOL-01174,13,Ad-Lite,6.57,2,5.8,Yes,Gift Card,6,Web,3,7,No,152.18,Yes
SOL-01175,13,Ad-Lite,5.7,3,7.7,Yes,Mobile Carrier Billing,6,Web,2,17,No,167.13,Yes
SOL-01176,14,Ultra,16.59,2,2.0,No,Credit Card,3,Web,1,1,No,456.67,No
SOL-01177,17,Ad-Lite,6.65,3,15.0,No,Credit Card,6,App Store,3,11,No,268.28,Yes
SOL-01178,5,Ad-Lite,6.31,3,9.9,Yes,Credit Card,5,Web,2,6,No,117.56,Yes
SOL-01179,5,Standard,10.15,5,2.7,No,Gift Card,7,Partner Bundle,2,13,No,26.4,No
SOL-01180,21,Ultra,15.41,2,3.3,No,PayPal,3,Partner Bundle,2,8,No,401.31,No
SOL-01181,24,Ad-Lite,4.22,2,15.6,Yes,Mobile Carrier Billing,6,Web,1,10,No,131.78,No
SOL-01182,18,Standard,11.71,1,8.8,Yes,Credit Card,5,Partner Bundle,3,4,No,387.65,No
SOL-01183,5,Standard,12.95,1,8.0,No,Mobile Carrier Billing,0,Web,2,7,No,148.97,Yes
SOL-01184,22,Standard,11.52,3,7.4,No,Mobile Carrier Billing,6,App Store,3,7,No,184.71,Yes
SOL-01185,15,Standard,12.52,1,10.4,Yes,Credit Card,0,Web,2,3,No,150.43,No
SOL-01186,16,Ultra,17.06,3,2.7,No,Credit Card,1,Web,1,4,No,323.22,No
SOL-01187,5,Ultra,19.54,1,6.6,Yes,Credit Card,2,Partner Bundle,3,4,No,111.2,No
SOL-01188,23,Standard,11.22,3,18.6,No,PayPal,3,App Store,4,4,No,490.76,Yes
SOL-01189,8,Ultra,15.59,1,5.2,Yes,Gift Card,1,App Store,1,8,No,100.92,Yes
SOL-01190,8,Ad-Lite,4.99,1,8.3,Yes,PayPal,5,Web,3,12,Yes,174.15,No
SOL-01191,5,Standard,12.07,2,8.6,Yes,Credit Card,1,Partner Bundle,3,17,Yes,155.83,No
SOL-01192,12,Standard,12.19,3,5.7,Yes,Mobile Carrier Billing,2,App Store,5,5,No,58.83,No
SOL-01193,2,Ad-Lite,5.58,2,10.2,No,Mobile Carrier Billing,5,Web,4,3,No,72.37,Yes
SOL-01194,16,Ad-Lite,5.9,2,5.0,Yes,Credit Card,2,Web,2,14,Yes,49.93,No
SOL-01195,5,Ad-Lite,5.59,5,7.4,No,Mobile Carrier Billing,1,Web,3,14,No,54.96,Yes
SOL-01196,8,Ad-Lite,7.02,4,6.2,Yes,PayPal,4,App Store,3,7,No,177.68,Yes
SOL-01197,21,Standard,12.05,2,6.1,Yes,Mobile Carrier Billing,5,App Store,1,21,No,310.37,No
SOL-01198,4,Standard,11.96,3,7.8,Yes,Credit Card,6,Web,3,4,No,135.62,No
SOL-01199,12,Ultra,15.82,2,7.6,Yes,Credit Card,4,App Store,2,14,No,169.54,No
SOL-01200,20,Standard,13.19,2,7.8,Yes,Mobile Carrier Billing,7,Partner Bundle,4,5,Yes,117.31,No
SOL-01201,12,Ad-Lite,6.96,2,14.3,Yes,Mobile Carrier Billing,6,Partner Bundle,3,4,Yes,182.06,Yes
SOL-01202,15,Ultra,17.56,2,13.3,Yes,Credit Card,2,Web,3,26,Yes,610.62,No
SOL-01203,20,Standard,10.31,1,3.8,Yes,Credit Card,7,Web,1,2,Yes,181.32,No
SOL-01204,10,Ad-Lite,6.69,2,13.0,No,Mobile Carrier Billing,3,Web,2,25,No,26.98,Yes
SOL-01205,4,Ad-Lite,4.18,3,24.7,No,Mobile Carrier Billing,4,Web,2,2,No,73.28,Yes
SOL-01206,25,Standard,11.92,1,3.8,No,PayPal,5,Web,1,6,No,237.06,No
SOL-01207,26,Ultra,15.27,3,2.0,No,PayPal,0,Web,1,13,No,274.72,No
SOL-01208,13,Ad-Lite,6.32,3,1.7,Yes,Credit Card,7,Web,1,8,No,99.12,Yes
SOL-01209,15,Ultra,16.88,3,6.5,No,Credit Card,4,Web,1,4,No,299.83,No
SOL-01210,11,Ad-Lite,6.06,1,2.4,Yes,Mobile Carrier Billing,0,Web,2,12,Yes,85.05,No
SOL-01211,9,Standard,11.79,3,1.7,Yes,Credit Card,3,Web,2,3,No,129.61,Yes
SOL-01212,11,Ad-Lite,6.6,2,3.6,Yes,PayPal,1,Partner Bundle,2,5,No,168.32,No
SOL-01213,31,Standard,13.73,3,8.3,No,Mobile Carrier Billing,5,Web,3,7,No,592.07,No
SOL-01214,16,Ad-Lite,5.86,2,4.4,No,Gift Card,6,Web,4,5,Yes,115.17,Yes
SOL-01215,3,Ad-Lite,6.19,3,2.3,No,Credit Card,3,Web,2,18,No,115.2,No
SOL-01216,23,Ad-Lite,6.3,3,8.5,No,Mobile Carrier Billing,4,Partner Bundle,2,13,No,85.97,No
SOL-01217,8,Ad-Lite,5.98,5,5.2,Yes,Credit Card,8,App Store,4,20,Yes,94.55,No
SOL-01218,16,Ultra,16.46,4,5.1,Yes,Gift Card,6,App Store,4,5,No,398.35,Yes
SOL-01219,10,Ad-Lite,5.78,2,0.9,Yes,Credit Card,4,Web,2,2,No,115.36,No
SOL-01220,20,Ultra,18.52,1,15.8,No,Gift Card,3,Partner Bundle,2,3,Yes,272.7,No
SOL-01221,13,Ad-Lite,5.23,1,8.4,No,Credit Card,4,Web,2,5,No,94.4,Yes
SOL-01222,16,Standard,11.13,2,9.7,No,Mobile Carrier Billing,2,Web,2,11,Yes,382.38,No
SOL-01223,3,Ad-Lite,5.89,4,5.3,No,Credit Card,6,Web,1,1,Yes,20.99,Yes
SOL-01224,16,Ad-Lite,4.7,4,11.7,Yes,Mobile Carrier Billing,9,Web,1,2,No,163.85,No
SOL-01225,24,Standard,13.9,1,4.7,Yes,Mobile Carrier Billing,7,Web,1,12,Yes,310.17,No
SOL-01226,11,Standard,12.36,1,3.9,Yes,Credit Card,2,App Store,1,3,No,83.42,Yes
SOL-01227,12,Standard,11.92,2,20.4,Yes,Credit Card,4,App Store,4,9,Yes,275.04,No
SOL-01228,27,Standard,13.32,3,6.6,Yes,Mobile Carrier Billing,3,Web,2,10,No,243.86,No
SOL-01229,19,Standard,12.12,1,9.2,Yes,Gift Card,1,Partner Bundle,2,4,Yes,388.66,Yes
SOL-01230,12,Standard,11.79,2,1.8,Yes,Credit Card,2,Partner Bundle,3,19,No,179.49,No
SOL-01231,7,Ad-Lite,6.61,1,5.1,No,PayPal,2,Web,3,4,No,130.78,Yes
SOL-01232,22,Standard,10.6,1,6.8,No,PayPal,9,App Store,1,10,No,225.85,No
SOL-01233,10,Standard,10.79,5,9.5,Yes,Gift Card,7,Web,1,18,Yes,202.01,No
SOL-01234,9,Ad-Lite,6.0,1,13.8,No,Credit Card,1,Partner Bundle,1,15,No,66.39,No
SOL-01235,8,Ultra,17.83,2,9.0,Yes,PayPal,6,App Store,3,12,Yes,129.85,No
SOL-01236,36,Ad-Lite,6.26,2,7.5,Yes,Credit Card,2,Partner Bundle,2,5,Yes,172.04,No
SOL-01237,5,Standard,13.46,4,2.0,No,Credit Card,1,App Store,4,5,Yes,0.0,No
SOL-01238,21,Standard,13.55,3,5.3,No,PayPal,4,App Store,1,9,Yes,213.7,Yes
SOL-01239,27,Ad-Lite,4.94,1,6.5,Yes,Mobile Carrier Billing,3,Partner Bundle,2,13,Yes,184.92,No
SOL-01240,15,Ad-Lite,5.21,1,3.3,Yes,PayPal,8,App Store,1,9,No,141.88,Yes
SOL-01241,26,Ad-Lite,5.05,1,26.0,No,Credit Card,2,Partner Bundle,1,7,No,150.34,Yes
SOL-01242,21,Standard,10.45,3,6.3,No,Credit Card,7,Partner Bundle,1,2,No,292.25,Yes
SOL-01243,29,Ultra,16.19,3,2.2,No,Credit Card,6,Partner Bundle,1,14,No,437.22,No
SOL-01244,20,Standard,13.33,3,9.3,Yes,PayPal,2,App Store,3,5,No,481.94,No
SOL-01245,22,Ultra,17.43,5,6.1,Yes,Mobile Carrier Billing,2,Web,1,5,No,672.32,No
SOL-01246,2,Ultra,17.48,1,4.9,Yes,Credit Card,2,App Store,1,12,No,84.93,No
SOL-01247,20,Standard,13.09,3,4.8,Yes,Credit Card,5,Web,2,4,No,193.9,No
SOL-01248,6,Standard,12.32,1,29.4,Yes,Credit Card,7,App Store,2,6,No,188.29,Yes
SOL-01249,7,Ad-Lite,4.0,2,4.9,Yes,PayPal,3,Web,1,12,No,0.0,Yes
SOL-01250,28,Standard,11.96,3,2.3,Yes,PayPal,4,Partner Bundle,1,6,No,326.63,Yes
SOL-01251,17,Ultra,16.79,1,3.3,Yes,Gift Card,2,Partner Bundle,2,4,No,93.03,Yes
SOL-01252,8,Ad-Lite,5.49,3,5.2,Yes,Credit Card,3,Web,2,2,No,104.89,No
SOL-01253,20,Standard,10.43,2,5.3,No,Credit Card,2,App Store,2,5,Yes,291.77,Yes
SOL-01254,11,Ad-Lite,4.28,1,4.4,Yes,Mobile Carrier Billing,3,Web,1,5,No,124.12,No
SOL-01255,9,Ad-Lite,6.61,2,8.9,No,Gift Card,2,App Store,2,13,No,169.86,Yes
SOL-01256,7,Ad-Lite,6.24,1,5.5,No,Credit Card,7,Partner Bundle,1,3,No,129.04,Yes
SOL-01257,3,Ad-Lite,7.83,3,7.5,No,PayPal,0,App Store,3,6,No,69.44,Yes
SOL-01258,10,Standard,12.89,4,1.1,Yes,Gift Card,3,App Store,4,3,No,113.62,Yes
SOL-01259,16,Ultra,20.15,2,3.1,Yes,Credit Card,4,App Store,3,12,Yes,401.9,No
SOL-01260,19,Ad-Lite,5.6,4,10.1,Yes,PayPal,2,App Store,2,16,Yes,45.17,Yes
SOL-01261,1,Standard,11.91,4,2.0,Yes,Mobile Carrier Billing,5,Partner Bundle,2,5,No,0.0,Yes
SOL-01262,6,Standard,11.5,2,13.6,Yes,Mobile Carrier Billing,7,Partner Bundle,2,1,Yes,182.43,Yes
SOL-01263,10,Ad-Lite,6.02,3,12.3,Yes,Credit Card,1,App Store,3,5,No,74.73,Yes
SOL-01264,17,Standard,9.89,2,5.2,Yes,Mobile Carrier Billing,4,App Store,1,4,No,249.74,No
SOL-01265,10,Ultra,17.23,1,3.7,Yes,Gift Card,1,Partner Bundle,1,25,No,51.01,No
SOL-01266,20,Standard,11.58,4,1.7,Yes,Mobile Carrier Billing,0,Web,1,10,No,136.61,No
SOL-01267,3,Standard,12.18,2,2.4,Yes,Credit Card,4,Web,1,7,No,69.47,Yes
SOL-01268,17,Ad-Lite,6.56,2,8.4,Yes,Credit Card,3,App Store,1,5,No,96.85,Yes
SOL-01269,22,Standard,12.63,1,12.2,Yes,Mobile Carrier Billing,7,Partner Bundle,2,3,No,236.65,No
SOL-01270,14,Standard,13.1,2,5.8,Yes,PayPal,4,Web,1,1,Yes,196.77,No
SOL-01271,29,Ad-Lite,5.63,2,15.0,Yes,PayPal,6,Partner Bundle,2,14,No,194.65,Yes
SOL-01272,19,Ultra,20.19,3,9.5,No,Credit Card,6,App Store,2,2,No,501.99,No
SOL-01273,7,Ad-Lite,6.71,1,6.8,Yes,Credit Card,6,Web,2,7,Yes,25.12,No
SOL-01274,16,Standard,12.21,2,2.7,Yes,Credit Card,1,Web,5,7,No,180.95,No
SOL-01275,23,Ad-Lite,6.45,2,1.5,Yes,Credit Card,2,Web,1,5,No,172.5,Yes
SOL-01276,22,Ultra,17.71,5,5.3,Yes,Mobile Carrier Billing,3,Partner Bundle,2,12,Yes,240.69,No
SOL-01277,19,Standard,11.65,3,5.6,Yes,Gift Card,4,Web,1,6,No,233.05,No
SOL-01278,15,Ad-Lite,6.88,3,3.6,No,Credit Card,3,App Store,3,5,No,116.62,Yes
SOL-01279,9,Standard,11.78,5,10.0,No,Credit Card,4,App Store,1,8,Yes,155.99,No
SOL-01280,9,Ad-Lite,5.18,2,10.9,No,Credit Card,5,App Store,2,16,No,144.23,Yes
SOL-01281,7,Ad-Lite,5.61,1,3.3,Yes,PayPal,2,Web,3,9,Yes,36.72,Yes
SOL-01282,4,Standard,10.64,1,8.6,Yes,Credit Card,2,App Store,1,2,Yes,141.93,No
SOL-01283,29,Ad-Lite,5.57,3,3.0,No,Credit Card,5,App Store,3,19,No,242.86,Yes
SOL-01284,8,Standard,11.19,2,4.5,Yes,Credit Card,2,Web,2,3,No,34.57,No
SOL-01285,6,Standard,11.01,3,5.4,Yes,PayPal,3,App Store,1,6,No,158.54,No
SOL-01286,19,Ad-Lite,5.71,2,5.6,Yes,PayPal,3,Web,1,4,No,99.8,No
SOL-01287,7,Ad-Lite,4.69,3,3.4,Yes,Mobile Carrier Billing,1,Web,2,41,No,7.7,No
SOL-01288,6,Standard,12.17,4,7.8,Yes,Mobile Carrier Billing,2,App Store,1,6,No,0.0,No
SOL-01289,36,Standard,13.36,2,4.5,Yes,Credit Card,9,Web,1,5,No,692.06,Yes
SOL-01290,22,Ultra,17.83,2,2.6,Yes,Mobile Carrier Billing,3,Web,3,8,No,202.17,No
SOL-01291,16,Ultra,20.8,2,12.2,No,Credit Card,4,App Store,1,17,No,288.62,No
SOL-01292,19,Ad-Lite,6.52,1,5.2,Yes,Credit Card,1,Partner Bundle,1,2,No,85.37,Yes
SOL-01293,22,Ad-Lite,6.22,3,5.3,Yes,Credit Card,4,App Store,1,10,No,273.42,Yes
SOL-01294,4,Standard,12.44,2,7.4,No,PayPal,4,Web,2,9,Yes,8.41,Yes
SOL-01295,24,Standard,10.36,2,12.8,Yes,PayPal,4,App Store,1,5,No,435.51,No
SOL-01296,6,Ad-Lite,7.2,3,4.0,Yes,Credit Card,6,Partner Bundle,3,10,Yes,0.0,Yes
SOL-01297,19,Standard,11.21,3,10.8,Yes,Gift Card,4,Web,1,14,No,239.0,No
SOL-01298,31,Ultra,19.27,2,6.0,Yes,Credit Card,2,App Store,2,22,No,694.52,No
SOL-01299,22,Ultra,15.97,1,0.4,Yes,PayPal,4,App Store,1,1,No,511.55,No
SOL-01300,36,Ad-Lite,4.65,1,12.7,Yes,Mobile Carrier Billing,3,Web,4,5,No,135.46,No
SOL-01301,8,Ad-Lite,6.89,2,2.4,No,Credit Card,4,App Store,3,3,No,0.69,Yes
SOL-01302,24,Ad-Lite,5.75,2,9.3,No,Mobile Carrier Billing,3,App Store,3,13,Yes,98.15,No
SOL-01303,23,Standard,10.93,4,17.5,Yes,Credit Card,2,Web,2,4,Yes,204.59,No
SOL-01304,23,Ad-Lite,5.95,5,15.2,No,Credit Card,2,App Store,1,12,No,38.7,No
SOL-01305,32,Standard,11.97,3,13.2,Yes,Mobile Carrier Billing,6,Web,2,2,No,580.15,No
SOL-01306,6,Ad-Lite,6.02,4,4.1,No,PayPal,2,App Store,3,11,No,85.07,Yes
SOL-01307,15,Standard,13.55,2,10.4,No,PayPal,1,Web,2,30,No,421.49,No
SOL-01308,18,Standard,13.22,1,1.1,No,PayPal,5,App Store,2,7,No,320.28,No
SOL-01309,4,Ad-Lite,7.02,2,4.9,No,Mobile Carrier Billing,7,Web,3,11,Yes,110.44,No
SOL-01310,5,Standard,11.51,2,4.9,No,Credit Card,6,Web,3,14,No,27.48,Yes
SOL-01311,21,Ad-Lite,6.18,2,12.6,Yes,Credit Card,5,Partner Bundle,3,9,No,143.7,Yes
SOL-01312,28,Ad-Lite,6.03,4,9.6,Yes,PayPal,3,Web,2,3,No,217.86,Yes
SOL-01313,2,Standard,13.99,2,15.8,No,Credit Card,2,Web,2,11,Yes,0.0,Yes
SOL-01314,10,Standard,11.7,3,2.3,Yes,Gift Card,2,Web,2,1,No,64.87,No
SOL-01315,17,Ad-Lite,5.62,1,3.8,Yes,Credit Card,4,App Store,5,10,No,19.29,Yes
SOL-01316,5,Ad-Lite,6.36,4,17.3,No,Credit Card,7,App Store,1,5,No,21.04,Yes
SOL-01317,18,Ad-Lite,5.17,2,2.6,Yes,PayPal,3,App Store,1,7,No,107.14,No
SOL-01318,20,Standard,9.56,2,8.8,No,Credit Card,5,Web,1,5,Yes,198.38,No
SOL-01319,10,Ad-Lite,7.93,1,1.6,No,Mobile Carrier Billing,1,App Store,2,3,No,257.79,Yes
SOL-01320,4,Standard,11.41,3,9.7,No,Credit Card,2,Partner Bundle,2,13,No,0.0,Yes
SOL-01321,2,Standard,12.25,1,28.7,No,Credit Card,3,Partner Bundle,1,4,No,67.66,Yes
SOL-01322,10,Ultra,17.32,2,6.8,Yes,Mobile Carrier Billing,2,Partner Bundle,1,4,No,120.24,No
SOL-01323,10,Ultra,16.08,5,7.0,No,Credit Card,5,Web,2,8,No,261.84,Yes
SOL-01324,27,Ad-Lite,4.93,2,9.1,No,Credit Card,4,Partner Bundle,1,6,No,153.69,Yes
SOL-01325,10,Standard,10.59,3,9.0,No,Credit Card,4,Web,3,8,No,278.9,No
SOL-01326,13,Standard,12.81,2,9.8,Yes,Gift Card,3,Web,1,5,No,397.07,No
SOL-01327,16,Standard,10.14,4,7.5,Yes,Credit Card,3,Partner Bundle,2,4,No,356.86,No
SOL-01328,12,Standard,10.49,2,1.5,No,Credit Card,0,App Store,2,17,No,198.14,No
SOL-01329,7,Standard,11.79,1,5.5,Yes,Credit Card,7,Partner Bundle,2,6,Yes,94.59,No
SOL-01330,25,Ad-Lite,5.08,1,6.3,Yes,Mobile Carrier Billing,4,Web,2,10,No,182.39,Yes
SOL-01331,13,Ad-Lite,5.38,1,5.4,No,Credit Card,8,App Store,1,5,No,200.42,Yes
SOL-01332,18,Standard,11.61,1,8.5,Yes,Credit Card,2,Web,3,5,No,185.89,No
SOL-01333,7,Ad-Lite,5.86,5,2.0,Yes,Mobile Carrier Billing,3,App Store,1,27,Yes,143.69,Yes
SOL-01334,8,Ad-Lite,4.38,3,7.5,No,Mobile Carrier Billing,4,Web,2,12,No,20.05,Yes
SOL-01335,15,Ad-Lite,5.43,3,10.8,No,Credit Card,3,App Store,2,17,No,264.52,No
SOL-01336,28,Standard,13.81,2,4.9,No,PayPal,3,App Store,2,12,No,372.4,Yes
SOL-01337,19,Ultra,16.17,2,5.5,No,Credit Card,0,Partner Bundle,1,16,No,191.18,No
SOL-01338,38,Ultra,17.89,5,12.5,Yes,Mobile Carrier Billing,2,App Store,4,3,No,519.1,Yes
SOL-01339,4,Ad-Lite,5.53,1,5.9,No,Credit Card,4,App Store,1,24,No,89.22,Yes
SOL-01340,18,Ad-Lite,6.1,2,4.5,No,Mobile Carrier Billing,4,Web,4,36,No,175.21,Yes
SOL-01341,30,Standard,13.15,3,16.1,No,Credit Card,3,Web,3,11,No,302.06,No
SOL-01342,9,Ultra,16.08,3,12.8,Yes,PayPal,4,App Store,2,14,No,146.46,No
SOL-01343,6,Standard,10.36,2,7.4,No,PayPal,4,Web,2,7,No,128.8,Yes
SOL-01344,21,Ad-Lite,5.17,2,5.1,No,PayPal,4,Web,1,10,Yes,40.64,No
SOL-01345,7,Ad-Lite,7.06,3,20.0,No,Credit Card,5,Web,2,8,Yes,37.1,No
SOL-01346,8,Ad-Lite,5.36,1,1.6,Yes,Mobile Carrier Billing,6,App Store,1,4,No,79.45,Yes
SOL-01347,28,Standard,11.46,2,5.1,Yes,PayPal,1,App Store,2,7,No,643.34,No
SOL-01348,2,Ultra,15.59,4,5.2,Yes,PayPal,5,Web,1,4,No,106.95,No
SOL-01349,3,Ad-Lite,5.87,2,3.2,Yes,PayPal,4,Web,4,1,Yes,69.4,No
SOL-01350,13,Standard,10.82,2,7.4,Yes,Credit Card,3,Web,3,6,Yes,244.72,No
SOL-01351,8,Ultra,16.65,3,7.8,Yes,Credit Card,4,App Store,2,7,No,235.7,Yes
SOL-01352,10,Ad-Lite,5.45,5,2.3,No,Credit Card,2,Web,2,9,No,0.0,Yes
SOL-01353,22,Ad-Lite,7.5,3,18.0,Yes,PayPal,3,App Store,3,4,No,308.16,No
SOL-01354,29,Ultra,17.57,2,9.8,Yes,Credit Card,3,Web,3,18,No,473.12,Yes
SOL-01355,10,Standard,13.49,3,6.2,No,PayPal,5,App Store,2,5,No,169.49,Yes
SOL-01356,13,Ultra,20.92,3,6.0,Yes,Credit Card,5,Web,2,10,No,383.35,No
SOL-01357,23,Ad-Lite,5.15,2,30.4,Yes,Credit Card,7,Partner Bundle,2,12,No,220.58,No
SOL-01358,12,Ad-Lite,6.0,3,6.5,Yes,PayPal,6,App Store,3,3,No,262.06,Yes
SOL-01359,21,Ultra,18.46,4,5.0,Yes,Gift Card,3,Web,1,14,Yes,605.38,No
SOL-01360,1,Ad-Lite,5.29,2,2.1,No,Mobile Carrier Billing,7,App Store,2,7,No,0.0,Yes
SOL-01361,33,Standard,14.13,2,8.2,No,Credit Card,7,Web,1,15,No,807.81,No
SOL-01362,23,Ultra,14.97,3,14.3,No,Credit Card,4,App Store,4,1,No,1121.46,No
SOL-01363,25,Standard,11.94,5,13.5,Yes,Mobile Carrier Billing,3,Web,2,3,No,232.92,No
SOL-01364,7,Ad-Lite,6.42,5,2.4,Yes,PayPal,8,Web,4,5,No,73.09,No
SOL-01365,30,Ad-Lite,6.29,1,6.3,Yes,Credit Card,4,Web,1,8,No,327.4,Yes
SOL-01366,20,Ad-Lite,5.55,2,7.9,No,Credit Card,6,Partner Bundle,1,8,No,142.85,Yes
SOL-01367,15,Standard,12.51,1,3.1,Yes,Mobile Carrier Billing,4,App Store,4,12,No,163.19,Yes
SOL-01368,13,Ad-Lite,6.16,2,1.4,Yes,PayPal,4,App Store,1,23,No,71.05,No
SOL-01369,28,Standard,13.56,4,2.3,No,Credit Card,4,Web,1,4,Yes,499.98,No
SOL-01370,18,Ad-Lite,6.2,2,6.1,No,Mobile Carrier Billing,1,Web,2,3,Yes,54.38,Yes
SOL-01371,13,Ad-Lite,6.35,2,5.1,No,Credit Card,3,Partner Bundle,3,5,No,0.0,Yes
SOL-01372,12,Ad-Lite,6.3,4,6.5,No,PayPal,2,Web,1,3,No,0.0,Yes
SOL-01373,23,Standard,14.53,2,10.2,Yes,Credit Card,5,App Store,4,16,No,446.15,Yes
SOL-01374,4,Ad-Lite,6.26,3,13.0,No,Credit Card,4,App Store,2,16,No,66.42,Yes
SOL-01375,9,Ultra,15.96,2,7.8,Yes,Credit Card,7,Partner Bundle,1,16,No,122.21,No
SOL-01376,12,Ad-Lite,4.8,2,8.8,No,Credit Card,1,App Store,1,0,No,95.12,Yes
SOL-01377,4,Ad-Lite,5.53,2,10.2,Yes,Mobile Carrier Billing,0,Partner Bundle,1,24,Yes,7.12,No
SOL-01378,10,Standard,12.13,1,4.3,Yes,Credit Card,2,Web,1,8,No,213.15,No
SOL-01379,18,Standard,12.87,1,10.8,Yes,Credit Card,1,Partner Bundle,2,15,No,305.83,Yes
SOL-01380,13,Standard,12.62,3,4.2,No,Mobile Carrier Billing,3,Web,3,12,No,293.68,No
SOL-01381,2,Standard,13.7,3,8.6,Yes,Credit Card,4,Partner Bundle,1,2,No,87.27,No
SOL-01382,21,Ad-Lite,6.55,4,11.4,No,PayPal,3,Web,2,8,No,39.12,Yes
SOL-01383,24,Ad-Lite,5.86,3,5.6,No,Mobile Carrier Billing,2,Partner Bundle,4,14,No,150.27,No
SOL-01384,38,Ad-Lite,5.34,1,8.2,Yes,Gift Card,4,Web,2,9,No,134.53,No
SOL-01385,28,Standard,11.17,1,0.5,No,Credit Card,2,Web,5,7,No,597.43,No
SOL-01386,36,Ad-Lite,5.87,5,1.1,No,PayPal,0,App Store,4,14,No,257.77,No
SOL-01387,13,Ad-Lite,4.74,2,8.7,Yes,Credit Card,2,Web,2,14,No,104.66,Yes
SOL-01388,18,Standard,13.18,3,11.3,No,PayPal,5,Partner Bundle,1,3,No,766.63,No
SOL-01389,14,Ad-Lite,6.65,5,7.7,Yes,Credit Card,1,App Store,1,11,No,27.21,Yes
SOL-01390,5,Ultra,16.78,3,6.5,No,Gift Card,5,Web,1,9,No,85.65,No
SOL-01391,19,Standard,12.32,1,7.5,Yes,PayPal,3,App Store,5,10,No,91.35,No
SOL-01392,16,Ad-Lite,6.91,3,10.9,No,Credit Card,7,App Store,5,1,No,254.92,No
SOL-01393,7,Ad-Lite,5.42,3,10.6,Yes,Credit Card,3,App Store,2,3,No,11.25,Yes
SOL-01394,4,Standard,11.11,2,12.2,Yes,Mobile Carrier Billing,2,Partner Bundle,3,4,No,81.29,No
SOL-01395,6,Ad-Lite,6.22,2,2.8,No,PayPal,4,App Store,2,11,No,58.37,No
SOL-01396,15,Ultra,18.31,2,7.3,No,Gift Card,5,Web,4,1,No,269.99,No
SOL-01397,24,Ad-Lite,5.31,2,8.0,No,Credit Card,5,Partner Bundle,1,11,No,58.85,Yes
SOL-01398,9,Ad-Lite,5.4,2,24.5,No,Credit Card,2,App Store,3,5,No,115.48,No
SOL-01399,1,Ad-Lite,7.24,1,0.3,Yes,Credit Card,4,App Store,1,28,No,0.0,Yes
SOL-01400,29,Ad-Lite,5.98,3,6.7,No,Mobile Carrier Billing,3,Web,1,12,No,19.41,Yes
SOL-01401,13,Standard,13.17,4,8.4,No,Credit Card,6,Web,1,5,No,61.45,Yes
SOL-01402,1,Ultra,17.84,2,7.5,Yes,Mobile Carrier Billing,3,App Store,2,8,No,30.91,No
SOL-01403,11,Ad-Lite,5.78,3,3.6,Yes,Gift Card,0,Web,4,3,No,226.48,Yes
SOL-01404,25,Ad-Lite,4.69,2,5.4,No,Credit Card,5,App Store,2,6,No,141.75,Yes
SOL-01405,14,Ad-Lite,6.89,2,10.0,No,Credit Card,5,Partner Bundle,2,18,No,101.44,Yes
SOL-01406,5,Ad-Lite,4.8,2,7.4,No,Credit Card,5,App Store,1,4,No,3.41,No
SOL-01407,27,Ad-Lite,5.06,2,1.5,Yes,Credit Card,5,Web,4,10,No,262.39,Yes
SOL-01408,25,Ultra,15.99,2,5.6,Yes,Credit Card,2,App Store,2,3,No,282.04,No
SOL-01409,6,Ad-Lite,4.56,4,6.0,Yes,Credit Card,4,Web,1,30,Yes,0.0,No
SOL-01410,21,Ad-Lite,5.66,1,3.1,Yes,Mobile Carrier Billing,3,App Store,2,7,No,150.47,Yes
SOL-01411,20,Standard,12.16,2,8.1,Yes,Gift Card,2,Web,5,2,No,294.64,No
SOL-01412,36,Ad-Lite,7.27,1,5.5,Yes,Credit Card,2,Partner Bundle,1,4,No,402.46,No
SOL-01413,4,Standard,13.68,2,10.3,Yes,PayPal,1,Partner Bundle,2,5,No,20.86,No
SOL-01414,11,Ad-Lite,5.68,3,11.1,Yes,PayPal,4,Web,3,5,No,104.45,Yes
SOL-01415,16,Ad-Lite,5.68,1,6.0,Yes,Mobile Carrier Billing,4,App Store,3,17,Yes,63.84,No
SOL-01416,25,Ad-Lite,5.83,1,17.3,Yes,Credit Card,2,Web,2,9,No,108.52,Yes
SOL-01417,4,Ultra,18.39,1,5.4,Yes,Mobile Carrier Billing,2,Partner Bundle,1,3,No,67.39,Yes
SOL-01418,15,Standard,11.52,1,1.1,No,PayPal,4,Partner Bundle,1,5,No,194.69,Yes
SOL-01419,8,Standard,12.62,5,4.2,Yes,Credit Card,8,Web,2,14,No,179.51,No
SOL-01420,7,Standard,10.22,2,14.0,No,PayPal,6,App Store,1,5,No,126.92,No
SOL-01421,19,Ad-Lite,6.09,3,8.9,Yes,Credit Card,2,App Store,2,1,No,315.56,No
SOL-01422,10,Standard,12.53,1,4.8,Yes,PayPal,4,Web,1,15,No,206.24,Yes
SOL-01423,7,Ad-Lite,6.15,4,11.0,Yes,Credit Card,3,Web,1,3,No,69.38,Yes
SOL-01424,24,Ad-Lite,5.04,2,8.9,No,Credit Card,3,Partner Bundle,2,6,Yes,180.87,No
SOL-01425,9,Ad-Lite,8.0,3,4.3,Yes,PayPal,2,App Store,1,9,No,78.92,No
SOL-01426,2,Standard,11.3,4,7.4,Yes,Credit Card,2,App Store,3,13,No,0.0,No
SOL-01427,14,Ad-Lite,6.72,2,4.7,Yes,PayPal,7,App Store,2,2,No,148.84,Yes
SOL-01428,10,Standard,11.97,3,13.8,Yes,PayPal,3,App Store,1,26,No,169.35,Yes
SOL-01429,15,Standard,13.09,2,5.0,Yes,PayPal,5,App Store,3,8,No,287.47,No
SOL-01430,10,Standard,11.69,2,11.3,No,Gift Card,7,Partner Bundle,1,3,No,139.72,Yes
SOL-01431,18,Standard,10.06,4,3.0,No,Credit Card,5,Partner Bundle,1,6,No,275.24,No
SOL-01432,16,Ad-Lite,6.45,3,2.4,Yes,Mobile Carrier Billing,0,Web,2,15,Yes,316.5,Yes
SOL-01433,20,Standard,11.88,2,15.5,No,Mobile Carrier Billing,5,Web,2,3,No,261.6,No
SOL-01434,26,Ultra,17.43,2,7.8,Yes,Credit Card,4,App Store,1,8,No,336.83,No
SOL-01435,20,Ad-Lite,6.33,1,12.7,No,Credit Card,5,Web,1,16,No,270.72,Yes
SOL-01436,4,Ad-Lite,7.04,2,4.0,No,PayPal,3,App Store,1,3,No,49.11,No
SOL-01437,5,Ad-Lite,6.74,4,11.8,No,PayPal,5,Web,2,19,No,70.92,Yes
SOL-01438,13,Ad-Lite,5.58,2,7.9,Yes,Credit Card,8,Web,3,4,No,145.52,Yes
SOL-01439,9,Ad-Lite,6.02,1,1.4,Yes,PayPal,4,App Store,1,2,No,105.82,No
SOL-01440,32,Ultra,14.4,2,3.5,No,Credit Card,4,App Store,2,24,No,245.86,Yes
SOL-01441,22,Ad-Lite,6.92,2,2.2,Yes,PayPal,4,Partner Bundle,2,7,No,156.28,No
SOL-01442,21,Ultra,15.62,1,5.4,Yes,Credit Card,5,Partner Bundle,4,18,No,316.5,Yes
SOL-01443,22,Standard,11.43,3,11.9,Yes,Credit Card,2,App Store,2,12,No,166.31,No
SOL-01444,21,Ad-Lite,6.49,4,7.4,Yes,Credit Card,2,Partner Bundle,3,7,No,122.78,No
SOL-01445,7,Ultra,19.78,2,8.4,No,PayPal,2,Web,2,3,Yes,314.43,No
SOL-01446,20,Standard,12.1,1,8.7,No,Credit Card,2,Web,1,0,No,223.22,Yes
SOL-01447,21,Standard,13.11,2,3.1,Yes,PayPal,2,Web,3,7,No,318.1,No
SOL-01448,15,Ad-Lite,6.62,2,12.6,Yes,PayPal,4,Web,3,12,No,129.05,No
SOL-01449,14,Ad-Lite,6.41,3,12.3,Yes,Mobile Carrier Billing,2,App Store,1,7,No,101.96,No
SOL-01450,9,Standard,12.34,4,2.9,No,PayPal,1,App Store,2,13,Yes,131.2,No
SOL-01451,25,Ultra,17.43,3,6.6,Yes,PayPal,4,App Store,2,22,Yes,592.79,No
SOL-01452,18,Ad-Lite,5.34,4,5.6,No,PayPal,2,Web,1,3,No,79.26,Yes
SOL-01453,26,Standard,11.22,2,9.3,Yes,Mobile Carrier Billing,5,Web,4,5,No,563.14,No
SOL-01454,28,Standard,11.71,3,1.7,No,Credit Card,3,App Store,4,12,No,275.67,No
SOL-01455,10,Standard,10.17,2,16.3,Yes,Credit Card,4,Partner Bundle,5,11,No,26.44,No
SOL-01456,6,Ad-Lite,5.68,3,6.8,Yes,PayPal,1,Web,2,7,No,19.77,No
SOL-01457,14,Ad-Lite,6.9,2,6.3,Yes,PayPal,4,App Store,2,19,Yes,0.0,Yes
SOL-01458,14,Standard,11.49,1,6.2,Yes,Mobile Carrier Billing,1,Web,3,2,No,241.05,No
SOL-01459,20,Ad-Lite,6.15,2,6.7,No,Mobile Carrier Billing,2,Web,1,9,No,213.63,Yes
SOL-01460,6,Standard,14.66,1,10.4,Yes,Mobile Carrier Billing,2,Partner Bundle,3,2,No,0.0,No
SOL-01461,8,Ultra,17.84,4,20.3,No,Gift Card,2,Partner Bundle,2,7,No,174.53,No
SOL-01462,9,Ultra,18.46,1,2.5,No,PayPal,2,Web,1,11,No,169.13,Yes
SOL-01463,3,Standard,13.19,2,2.1,No,Mobile Carrier Billing,2,Web,1,10,No,6.02,No
SOL-01464,33,Standard,11.42,2,15.9,Yes,PayPal,6,Web,1,15,Yes,322.01,No
SOL-01465,11,Ultra,16.82,2,2.5,Yes,Credit Card,5,Web,3,4,No,179.78,No
SOL-01466,26,Ultra,16.86,3,6.6,No,PayPal,3,Partner Bundle,4,20,No,459.55,No
SOL-01467,6,Ad-Lite,6.26,1,0.5,Yes,Mobile Carrier Billing,1,Web,2,3,No,82.53,Yes
SOL-01468,17,Standard,12.57,1,0.5,No,Credit Card,5,App Store,1,13,No,174.94,No
SOL-01469,8,Ad-Lite,7.72,5,7.6,Yes,Mobile Carrier Billing,2,Web,5,22,Yes,41.82,No
SOL-01470,16,Standard,12.88,3,5.5,No,Credit Card,2,Web,2,23,No,388.38,Yes
SOL-01471,23,Ultra,18.15,2,2.2,No,PayPal,2,Web,2,11,No,395.61,No
SOL-01472,13,Ad-Lite,6.52,2,1.4,No,PayPal,5,App Store,3,7,No,169.19,Yes
SOL-01473,12,Standard,10.6,2,5.7,Yes,PayPal,5,App Store,1,1,No,122.03,No
SOL-01474,12,Ad-Lite,6.19,3,4.6,Yes,PayPal,8,Web,3,12,No,117.19,No
SOL-01475,7,Ultra,15.92,2,1.0,No,Credit Card,2,Web,2,6,No,129.58,Yes
SOL-01476,14,Ad-Lite,7.09,1,12.0,No,PayPal,2,Partner Bundle,2,15,No,137.51,Yes
SOL-01477,17,Ad-Lite,6.83,1,2.4,No,PayPal,1,Web,2,5,No,177.73,Yes
SOL-01478,16,Ultra,15.37,2,4.2,Yes,Credit Card,4,App Store,2,2,No,129.23,No
SOL-01479,7,Ad-Lite,6.16,2,5.8,Yes,Mobile Carrier Billing,3,App Store,3,22,Yes,67.72,No
SOL-01480,1,Ad-Lite,4.72,1,3.5,No,Mobile Carrier Billing,2,Partner Bundle,3,1,No,53.58,Yes
SOL-01481,5,Standard,11.0,4,11.3,Yes,Credit Card,4,Partner Bundle,3,6,No,58.56,No
SOL-01482,18,Standard,10.79,3,5.6,Yes,Credit Card,1,Web,1,7,No,125.9,No
SOL-01483,13,Ad-Lite,6.61,1,8.6,Yes,Credit Card,4,Web,2,8,Yes,92.28,No
SOL-01484,16,Ad-Lite,6.66,5,4.9,No,Credit Card,2,App Store,1,6,No,199.26,Yes
SOL-01485,5,Ultra,15.81,3,16.0,No,Credit Card,0,Partner Bundle,2,8,Yes,120.55,No
SOL-01486,33,Ad-Lite,6.77,4,4.6,No,PayPal,2,Web,2,8,No,259.11,Yes
SOL-01487,16,Ad-Lite,5.93,3,10.5,Yes,Credit Card,6,Web,3,5,Yes,98.34,Yes
SOL-01488,3,Ad-Lite,5.68,4,8.9,Yes,Credit Card,3,App Store,1,13,No,12.89,No
SOL-01489,4,Standard,11.88,1,10.3,Yes,Gift Card,5,Partner Bundle,1,8,Yes,53.85,No
SOL-01490,40,Standard,12.22,5,4.9,Yes,Gift Card,6,Partner Bundle,3,7,No,275.73,No
SOL-01491,17,Standard,12.05,3,4.7,No,Mobile Carrier Billing,4,Web,4,4,No,258.86,Yes
SOL-01492,6,Ad-Lite,5.98,1,5.8,Yes,Mobile Carrier Billing,4,App Store,3,10,No,61.82,No
SOL-01493,17,Ad-Lite,5.34,3,6.5,Yes,PayPal,1,Partner Bundle,3,9,No,130.22,No
SOL-01494,8,Standard,11.33,1,1.3,Yes,Mobile Carrier Billing,3,App Store,1,8,No,187.14,Yes
SOL-01495,25,Standard,10.48,2,12.8,Yes,Mobile Carrier Billing,4,Web,3,6,Yes,187.42,Yes
SOL-01496,28,Ad-Lite,5.76,2,1.7,No,PayPal,3,App Store,3,3,No,76.52,Yes
SOL-01497,18,Ad-Lite,6.55,2,5.3,Yes,Mobile Carrier Billing,7,App Store,2,2,No,335.23,Yes
SOL-01498,6,Ad-Lite,5.69,2,5.0,Yes,Gift Card,8,App Store,3,11,No,94.56,No
SOL-01499,16,Standard,12.09,2,5.9,No,PayPal,2,Web,2,1,No,204.85,No
SOL-01500,8,Ad-Lite,5.65,2,10.4,No,Mobile Carrier Billing,3,App Store,3,5,No,22.29,No
SOL-01501,8,Standard,10.43,1,3.9,Yes,Mobile Carrier Billing,5,Partner Bundle,2,8,No,128.74,No
SOL-01502,14,Ultra,16.99,2,8.4,Yes,PayPal,4,App Store,3,20,No,362.68,Yes
SOL-01503,28,Standard,10.58,4,9.3,Yes,PayPal,3,Web,2,13,No,131.66,No
SOL-01504,8,Standard,10.6,2,2.7,Yes,Gift Card,2,Partner Bundle,2,1,No,64.61,No
SOL-01505,11,Standard,10.88,2,3.1,Yes,Mobile Carrier Billing,8,App Store,2,2,Yes,215.38,No
SOL-01506,14,Ultra,15.28,2,8.0,Yes,Mobile Carrier Billing,3,Web,3,3,No,140.85,No
SOL-01507,16,Ad-Lite,7.44,1,0.3,Yes,Credit Card,6,App Store,1,7,No,110.2,Yes
SOL-01508,16,Standard,10.64,2,14.4,No,Credit Card,6,Web,2,5,No,13.12,No
SOL-01509,13,Ad-Lite,5.69,1,12.9,No,PayPal,2,Partner Bundle,3,2,No,0.0,No
SOL-01510,28,Ad-Lite,5.43,4,5.7,Yes,Mobile Carrier Billing,3,App Store,1,6,No,19.08,Yes
SOL-01511,11,Ultra,16.99,5,9.3,Yes,Credit Card,5,App Store,2,2,No,194.78,No
SOL-01512,16,Ad-Lite,5.26,4,6.4,Yes,Credit Card,3,Web,2,13,No,114.65,Yes
SOL-01513,8,Standard,12.37,2,2.3,No,PayPal,1,Web,2,5,No,38.68,Yes
SOL-01514,24,Ad-Lite,5.84,2,2.8,No,Mobile Carrier Billing,4,Web,3,12,No,266.23,No
SOL-01515,25,Ultra,17.59,3,13.2,Yes,Mobile Carrier Billing,1,App Store,2,1,No,891.23,No
SOL-01516,25,Ad-Lite,5.25,4,7.4,Yes,PayPal,2,App Store,1,8,No,83.12,Yes
SOL-01517,16,Standard,11.53,4,0.5,Yes,Mobile Carrier Billing,1,Web,1,3,No,151.16,Yes
SOL-01518,7,Standard,12.66,2,4.9,Yes,Mobile Carrier Billing,3,Web,1,8,No,69.36,No
SOL-01519,30,Standard,11.94,1,12.8,Yes,Credit Card,3,App Store,2,5,No,229.19,Yes
SOL-01520,17,Ad-Lite,6.28,3,7.2,Yes,Mobile Carrier Billing,3,Web,1,11,No,99.31,No
SOL-01521,22,Ultra,18.24,2,10.8,No,Credit Card,3,Web,3,1,No,285.45,No
SOL-01522,11,Ad-Lite,4.9,1,6.1,No,Credit Card,3,Web,3,5,No,0.0,Yes
SOL-01523,26,Standard,11.57,3,12.7,No,PayPal,6,Partner Bundle,4,11,Yes,214.01,Yes
SOL-01524,5,Standard,13.44,1,2.4,Yes,Mobile Carrier Billing,4,App Store,3,14,No,110.35,No
SOL-01525,24,Ad-Lite,4.53,2,11.4,Yes,Credit Card,5,Partner Bundle,1,7,No,43.57,Yes
SOL-01526,13,Ultra,18.05,2,5.3,Yes,Credit Card,1,App Store,2,4,No,481.67,Yes
SOL-01527,14,Standard,10.7,2,11.4,Yes,Mobile Carrier Billing,3,Web,3,14,No,475.38,No
SOL-01528,5,Ad-Lite,5.48,2,4.9,Yes,Mobile Carrier Billing,2,App Store,1,5,Yes,59.07,Yes
SOL-01529,17,Ad-Lite,6.19,3,10.2,Yes,Credit Card,4,App Store,1,3,Yes,221.94,Yes
SOL-01530,6,Ad-Lite,6.96,2,8.4,Yes,Credit Card,1,Web,1,15,No,0.0,Yes
SOL-01531,11,Ad-Lite,6.24,3,4.3,Yes,Credit Card,1,Web,3,18,No,73.02,Yes
SOL-01532,23,Standard,11.65,5,6.2,Yes,Credit Card,2,App Store,1,11,No,259.78,No
SOL-01533,16,Ultra,20.37,2,10.8,No,Mobile Carrier Billing,1,Partner Bundle,3,21,No,438.68,No
SOL-01534,22,Standard,10.76,3,19.0,Yes,Gift Card,4,Partner Bundle,2,11,No,309.16,No
SOL-01535,11,Ad-Lite,5.96,2,8.8,Yes,PayPal,2,App Store,2,1,Yes,60.06,No
SOL-01536,17,Standard,12.3,1,10.9,No,Credit Card,2,Web,4,6,Yes,462.26,No
SOL-01537,10,Standard,11.18,2,4.5,No,Credit Card,3,Partner Bundle,4,8,No,0.05,No
SOL-01538,15,Ad-Lite,4.2,1,4.9,Yes,Credit Card,1,App Store,3,14,Yes,63.48,Yes
SOL-01539,3,Standard,13.46,2,16.9,Yes,Credit Card,5,Web,3,3,No,0.0,No
SOL-01540,25,Ad-Lite,6.92,4,7.4,Yes,Credit Card,5,Web,1,7,No,40.56,Yes
SOL-01541,3,Ad-Lite,5.24,2,8.5,Yes,Credit Card,4,Web,1,1,No,147.22,Yes
SOL-01542,31,Ad-Lite,5.55,1,13.6,Yes,Credit Card,5,Web,4,6,No,174.87,No
SOL-01543,5,Ad-Lite,4.32,2,24.2,No,Credit Card,6,Partner Bundle,3,2,No,88.4,No
SOL-01544,17,Standard,10.75,5,1.4,No,Credit Card,4,Web,2,21,No,263.24,No
SOL-01545,5,Ad-Lite,6.09,1,5.5,No,PayPal,6,Web,3,5,No,47.91,No
SOL-01546,7,Standard,11.99,5,2.3,No,Mobile Carrier Billing,4,Web,2,12,No,0.0,No
SOL-01547,18,Ad-Lite,8.0,2,5.1,No,Credit Card,3,Web,2,26,Yes,645.04,No
SOL-01548,13,Standard,11.28,4,13.9,No,PayPal,5,App Store,2,9,No,235.57,Yes
SOL-01549,19,Ad-Lite,5.88,3,7.1,Yes,Gift Card,3,Partner Bundle,3,3,No,0.0,Yes
SOL-01550,2,Ultra,15.69,2,3.8,Yes,PayPal,2,Web,1,8,No,17.68,No
SOL-01551,10,Standard,12.31,5,2.3,Yes,PayPal,2,Web,3,12,No,246.14,No
SOL-01552,18,Standard,13.09,2,3.9,No,Credit Card,5,App Store,2,5,Yes,258.44,Yes
SOL-01553,11,Standard,12.71,1,8.0,No,Mobile Carrier Billing,4,Web,1,13,No,553.05,Yes
SOL-01554,20,Standard,12.58,2,8.2,Yes,Credit Card,5,Web,2,26,No,396.83,No
SOL-01555,24,Ultra,16.63,2,6.9,No,PayPal,4,Web,1,3,No,500.65,No
SOL-01556,17,Ad-Lite,5.35,3,2.6,No,Credit Card,4,Web,3,1,No,85.14,No
SOL-01557,5,Standard,10.53,5,8.8,Yes,Mobile Carrier Billing,2,App Store,1,20,No,0.0,No
SOL-01558,1,Ad-Lite,5.87,3,2.3,Yes,PayPal,3,Web,3,19,No,2.66,Yes
SOL-01559,6,Standard,9.48,1,11.6,Yes,Credit Card,3,App Store,2,14,No,26.4,No
SOL-01560,33,Ad-Lite,6.94,1,17.0,Yes,Mobile Carrier Billing,4,Web,1,4,No,263.17,Yes
SOL-01561,16,Ultra,18.15,4,0.5,Yes,Credit Card,6,Partner Bundle,3,18,No,415.32,No
SOL-01562,17,Ad-Lite,6.7,2,11.3,No,Mobile Carrier Billing,3,Web,2,8,No,232.74,Yes
SOL-01563,27,Standard,11.02,4,9.5,Yes,Credit Card,5,App Store,3,5,No,423.4,No
SOL-01564,13,Ultra,17.96,3,12.7,No,Mobile Carrier Billing,4,Web,3,14,No,574.74,No
SOL-01565,6,Ad-Lite,5.64,2,5.2,No,Mobile Carrier Billing,4,Web,2,29,No,38.02,No
SOL-01566,22,Ad-Lite,6.84,2,3.2,No,Credit Card,3,Web,2,11,No,92.03,Yes
SOL-01567,17,Ad-Lite,7.18,2,7.1,Yes,Credit Card,4,App Store,2,12,No,142.5,Yes
SOL-01568,6,Ad-Lite,6.85,3,6.3,Yes,Credit Card,2,Web,2,9,Yes,0.0,Yes
SOL-01569,0,Ultra,15.49,3,15.2,No,Mobile Carrier Billing,4,Web,1,8,No,0.0,No
SOL-01570,4,Standard,12.56,1,3.1,No,Credit Card,3,App Store,2,5,No,60.04,Yes
SOL-01571,16,Ad-Lite,5.4,1,6.8,Yes,Credit Card,6,App Store,2,4,No,42.62,Yes
SOL-01572,16,Ad-Lite,6.56,1,9.7,Yes,Credit Card,2,Partner Bundle,3,7,No,77.62,No
SOL-01573,23,Ultra,17.43,1,3.9,Yes,Gift Card,1,Web,3,7,Yes,370.7,Yes
SOL-01574,7,Ad-Lite,5.83,4,7.6,Yes,Mobile Carrier Billing,5,Web,2,8,No,167.23,Yes
SOL-01575,11,Ad-Lite,6.07,3,12.6,Yes,Credit Card,5,Web,2,3,Yes,0.0,Yes
SOL-01576,15,Standard,11.42,2,10.4,Yes,Credit Card,5,Web,1,7,No,77.75,No
SOL-01577,11,Ad-Lite,5.42,5,2.4,Yes,Gift Card,4,Partner Bundle,4,4,Yes,91.88,No
SOL-01578,15,Ad-Lite,4.82,3,15.5,Yes,Mobile Carrier Billing,2,App Store,1,3,No,65.36,Yes
SOL-01579,7,Ad-Lite,5.56,2,10.3,Yes,Mobile Carrier Billing,6,Web,4,11,No,170.22,Yes
SOL-01580,1,Ad-Lite,4.84,1,12.6,Yes,PayPal,8,Web,3,1,No,0.0,No
SOL-01581,12,Standard,11.58,3,10.5,No,Credit Card,5,Web,3,6,No,134.82,Yes
SOL-01582,9,Standard,13.54,4,9.1,Yes,Mobile Carrier Billing,2,Web,1,11,No,61.28,No
SOL-01583,2,Standard,12.34,2,10.9,Yes,Mobile Carrier Billing,2,App Store,2,9,Yes,10.04,No
SOL-01584,5,Ultra,18.27,3,6.2,Yes,Credit Card,4,App Store,1,1,No,64.56,No
SOL-01585,24,Ad-Lite,5.2,1,8.3,Yes,Credit Card,1,Web,2,7,Yes,283.26,Yes
SOL-01586,11,Ultra,19.47,1,8.0,No,Gift Card,5,Web,1,12,No,223.88,No
SOL-01587,20,Ad-Lite,5.84,2,2.3,Yes,Gift Card,5,Web,2,7,No,139.83,Yes
SOL-01588,3,Ad-Lite,5.6,1,2.3,Yes,Gift Card,3,Web,2,9,No,0.0,Yes
SOL-01589,6,Ad-Lite,5.05,1,3.0,Yes,Credit Card,3,App Store,2,6,Yes,50.4,No
SOL-01590,2,Ad-Lite,4.88,4,3.2,No,Credit Card,0,App Store,1,23,No,0.0,Yes
SOL-01591,7,Standard,10.96,1,12.3,No,Credit Card,8,Partner Bundle,1,22,No,140.72,No
SOL-01592,7,Standard,11.95,1,8.5,Yes,Mobile Carrier Billing,6,Partner Bundle,1,3,No,167.4,No
SOL-01593,17,Ad-Lite,6.15,1,2.6,Yes,Credit Card,9,Partner Bundle,4,15,Yes,99.58,No
SOL-01594,20,Standard,11.78,2,9.7,Yes,Mobile Carrier Billing,6,App Store,1,7,No,563.22,Yes
SOL-01595,9,Ad-Lite,6.49,3,8.9,Yes,Credit Card,5,Web,1,3,No,161.23,No
SOL-01596,2,Ad-Lite,5.87,1,11.1,Yes,Gift Card,6,App Store,1,2,No,8.13,Yes
SOL-01597,8,Ad-Lite,5.83,2,5.3,No,PayPal,5,Web,1,5,No,22.23,No
SOL-01598,11,Standard,13.68,2,3.1,No,Mobile Carrier Billing,4,Web,2,10,No,76.31,Yes
SOL-01599,12,Standard,10.53,2,10.1,Yes,Credit Card,1,App Store,2,15,No,97.47,Yes
SOL-01600,22,Standard,13.57,2,6.8,Yes,Mobile Carrier Billing,5,App Store,4,10,No,510.06,Yes
SOL-01601,7,Standard,12.73,2,3.3,Yes,Mobile Carrier Billing,4,App Store,3,7,No,69.47,Yes
SOL-01602,14,Standard,10.94,1,19.3,Yes,Credit Card,2,Web,3,18,No,208.76,No
SOL-01603,19,Standard,11.81,3,4.7,Yes,PayPal,4,App Store,4,7,Yes,152.2,No
SOL-01604,6,Ad-Lite,5.09,1,8.4,No,Mobile Carrier Billing,3,Web,4,6,No,49.78,Yes
SOL-01605,7,Ad-Lite,5.21,5,9.5,No,Credit Card,3,Web,2,18,No,76.18,No
SOL-01606,23,Ad-Lite,6.3,1,5.2,Yes,Credit Card,1,Web,1,5,Yes,184.35,Yes
SOL-01607,8,Ultra,19.05,2,18.0,No,PayPal,7,App Store,2,5,No,136.0,Yes
SOL-01608,5,Ad-Lite,4.97,1,5.8,Yes,Credit Card,4,App Store,2,8,No,161.32,Yes
SOL-01609,3,Ad-Lite,5.84,4,7.7,Yes,Mobile Carrier Billing,5,App Store,2,14,Yes,0.0,No
SOL-01610,13,Ultra,18.13,2,4.9,No,Credit Card,2,App Store,1,17,No,386.63,Yes
SOL-01611,6,Ad-Lite,5.44,3,8.3,Yes,Gift Card,5,Web,2,4,No,61.7,Yes
SOL-01612,9,Standard,13.09,4,7.9,No,Mobile Carrier Billing,2,App Store,1,4,No,119.11,Yes
SOL-01613,9,Standard,11.06,3,8.5,Yes,Mobile Carrier Billing,5,Partner Bundle,3,8,No,180.91,No
SOL-01614,4,Standard,10.94,4,5.2,No,Credit Card,2,Web,3,9,No,100.84,Yes
SOL-01615,8,Ultra,18.52,3,5.8,Yes,Credit Card,2,App Store,2,7,No,228.8,No
SOL-01616,8,Ad-Lite,5.16,2,2.5,Yes,Credit Card,1,App Store,2,4,No,59.51,Yes
SOL-01617,6,Standard,12.72,2,2.9,Yes,PayPal,3,App Store,1,3,No,27.34,No
SOL-01618,15,Ultra,16.25,4,1.6,Yes,Credit Card,5,Web,2,7,No,99.5,Yes
SOL-01619,25,Standard,10.29,2,11.3,Yes,Credit Card,6,Partner Bundle,2,5,No,130.72,Yes
SOL-01620,10,Ad-Lite,5.53,4,13.6,No,PayPal,3,Partner Bundle,3,2,Yes,18.03,No
SOL-01621,8,Standard,12.67,2,4.1,No,Credit Card,2,Partner Bundle,5,3,Yes,157.18,No
SOL-01622,14,Standard,12.35,2,2.8,Yes,Mobile Carrier Billing,5,Partner Bundle,1,3,No,159.44,Yes
SOL-01623,26,Standard,10.82,1,4.6,No,Mobile Carrier Billing,1,App Store,3,6,Yes,307.26,No
SOL-01624,12,Ad-Lite,7.12,3,26.1,No,Credit Card,4,App Store,5,6,No,164.9,No
SOL-01625,5,Ad-Lite,6.15,1,19.1,Yes,Credit Card,7,Web,3,3,Yes,136.63,Yes
SOL-01626,39,Ad-Lite,7.8,3,4.1,No,PayPal,3,App Store,3,9,No,175.94,No
SOL-01627,19,Ad-Lite,5.87,3,12.3,No,PayPal,3,Partner Bundle,2,19,No,172.25,Yes
SOL-01628,12,Standard,13.31,1,4.4,Yes,Credit Card,1,App Store,4,1,Yes,106.85,No
SOL-01629,17,Standard,12.49,1,4.8,Yes,Gift Card,3,Partner Bundle,2,10,No,180.36,Yes
SOL-01630,4,Ad-Lite,6.26,2,18.8,Yes,PayPal,5,Partner Bundle,4,4,Yes,94.58,Yes
SOL-01631,23,Ultra,18.63,2,5.2,Yes,Mobile Carrier Billing,0,Partner Bundle,3,5,No,327.5,No
SOL-01632,3,Standard,14.12,5,2.6,No,PayPal,4,Web,2,13,Yes,0.0,No
SOL-01633,15,Ad-Lite,4.2,1,6.8,No,Gift Card,3,Web,4,12,No,108.67,No
SOL-01634,13,Ad-Lite,5.4,2,2.7,Yes,Credit Card,4,App Store,1,2,No,4.37,No
SOL-01635,17,Ad-Lite,5.24,4,3.4,No,Gift Card,3,Web,2,4,No,0.0,No
SOL-01636,19,Standard,11.19,1,7.2,Yes,PayPal,2,Web,2,6,Yes,6.1,Yes
SOL-01637,4,Standard,10.4,1,2.4,Yes,Credit Card,6,App Store,1,5,No,29.35,No
SOL-01638,10,Ad-Lite,5.4,3,4.9,Yes,Credit Card,3,App Store,1,8,No,123.32,No
SOL-01639,4,Ad-Lite,6.68,2,19.0,Yes,PayPal,2,App Store,1,13,No,54.47,Yes
SOL-01640,10,Standard,10.92,2,11.6,Yes,PayPal,5,App Store,1,9,No,109.83,No
SOL-01641,12,Ad-Lite,6.14,1,10.3,Yes,Credit Card,4,Web,2,3,No,194.6,Yes
SOL-01642,25,Standard,12.48,5,10.9,Yes,Credit Card,1,App Store,2,3,No,249.69,No
SOL-01643,23,Standard,12.87,5,5.5,No,Mobile Carrier Billing,4,App Store,4,5,No,384.51,No
SOL-01644,23,Standard,13.21,1,4.9,No,PayPal,2,Partner Bundle,1,12,No,509.19,Yes
SOL-01645,35,Standard,13.31,1,8.5,No,Credit Card,7,Web,5,15,No,1003.57,No
SOL-01646,5,Standard,13.15,4,5.6,No,Gift Card,4,App Store,2,19,No,2.89,Yes
SOL-01647,17,Ultra,19.58,2,4.0,No,Mobile Carrier Billing,4,Web,1,3,No,170.38,No
SOL-01648,34,Ad-Lite,4.76,2,4.2,Yes,Mobile Carrier Billing,3,App Store,2,15,No,179.81,Yes
SOL-01649,33,Standard,11.25,1,3.9,Yes,Credit Card,6,App Store,1,15,No,459.2,No
SOL-01650,12,Standard,15.0,1,8.5,Yes,Mobile Carrier Billing,5,App Store,1,19,No,369.72,No
SOL-01651,16,Standard,12.3,4,14.6,Yes,PayPal,1,App Store,1,6,No,156.77,No
SOL-01652,17,Standard,11.78,3,4.6,Yes,Mobile Carrier Billing,3,App Store,1,36,No,18.82,No
SOL-01653,14,Standard,13.63,2,10.5,No,Credit Card,3,App Store,1,7,No,241.08,No
SOL-01654,24,Ad-Lite,4.99,4,3.0,Yes,PayPal,4,Partner Bundle,2,6,No,26.95,Yes
SOL-01655,7,Standard,10.15,1,10.5,Yes,Credit Card,6,Web,3,6,No,115.9,No
SOL-01656,3,Standard,14.78,3,1.3,No,Credit Card,2,App Store,2,4,No,42.53,Yes
SOL-01657,17,Standard,11.41,1,3.1,Yes,Credit Card,5,App Store,4,5,No,296.07,No
SOL-01658,33,Ad-Lite,6.04,3,3.9,Yes,PayPal,4,Web,2,6,No,184.81,Yes
SOL-01659,8,Ad-Lite,5.91,2,6.3,No,Mobile Carrier Billing,6,Partner Bundle,3,6,No,75.38,No
SOL-01660,20,Ultra,16.85,1,6.3,Yes,PayPal,6,App Store,1,7,Yes,117.73,Yes
SOL-01661,6,Ultra,16.45,2,9.4,Yes,Credit Card,6,Web,1,7,No,231.66,No
SOL-01662,20,Ad-Lite,6.86,2,21.7,Yes,Mobile Carrier Billing,3,App Store,1,18,No,117.64,Yes
SOL-01663,20,Standard,12.81,4,13.2,No,Mobile Carrier Billing,1,Web,2,9,Yes,577.0,No
SOL-01664,28,Standard,12.29,3,13.6,Yes,Credit Card,3,Partner Bundle,1,28,No,345.35,No
SOL-01665,8,Standard,13.22,5,6.0,Yes,Credit Card,1,Partner Bundle,2,2,No,100.56,No
SOL-01666,15,Ultra,16.54,4,10.3,Yes,Mobile Carrier Billing,6,Partner Bundle,4,8,No,144.05,Yes
SOL-01667,7,Ad-Lite,4.7,1,5.7,Yes,Credit Card,2,Partner Bundle,3,24,No,99.13,No
SOL-01668,8,Ad-Lite,6.58,1,2.2,Yes,PayPal,3,App Store,4,8,No,57.26,Yes
SOL-01669,18,Standard,11.73,2,5.0,Yes,PayPal,3,Web,1,1,No,267.19,No
SOL-01670,6,Ultra,16.79,2,0.4,Yes,PayPal,4,Web,2,7,No,1.44,Yes
SOL-01671,20,Ad-Lite,6.57,2,4.9,Yes,Credit Card,4,App Store,5,15,No,227.89,Yes
SOL-01672,9,Ad-Lite,5.26,3,4.3,No,Credit Card,5,Web,1,22,No,71.15,Yes
SOL-01673,11,Ad-Lite,5.67,2,2.7,Yes,Credit Card,3,App Store,4,0,Yes,143.51,Yes
SOL-01674,24,Ad-Lite,6.77,2,4.5,Yes,Credit Card,6,Partner Bundle,3,3,No,225.51,Yes
SOL-01675,22,Ad-Lite,4.0,4,4.5,No,Mobile Carrier Billing,5,App Store,3,6,No,281.74,Yes
SOL-01676,18,Ad-Lite,6.32,1,3.8,No,Credit Card,6,Partner Bundle,4,2,No,87.37,Yes
SOL-01677,18,Standard,12.24,3,2.9,Yes,Credit Card,6,App Store,4,5,No,244.4,Yes
SOL-01678,29,Ad-Lite,6.61,5,22.9,No,PayPal,4,App Store,2,4,No,200.79,No
SOL-01679,4,Ad-Lite,6.0,1,13.0,No,Credit Card,1,App Store,1,6,No,0.0,Yes
SOL-01680,13,Ultra,15.1,4,5.7,Yes,Mobile Carrier Billing,5,App Store,1,11,No,109.71,No
SOL-01681,18,Ad-Lite,6.04,2,8.9,Yes,PayPal,3,Partner Bundle,2,12,No,432.11,Yes
SOL-01682,4,Standard,11.76,5,9.6,Yes,Credit Card,2,App Store,3,22,Yes,87.61,No
SOL-01683,24,Standard,11.97,1,3.0,Yes,Mobile Carrier Billing,2,Web,2,4,No,161.46,No
SOL-01684,1,Standard,13.52,3,4.6,Yes,Gift Card,3,Web,1,13,Yes,88.41,No
SOL-01685,3,Ad-Lite,4.72,3,5.6,No,Credit Card,1,App Store,3,5,No,0.0,Yes
SOL-01686,15,Standard,12.76,2,3.4,Yes,Credit Card,3,Partner Bundle,2,22,No,175.84,No
SOL-01687,3,Ad-Lite,4.57,4,11.7,No,Credit Card,1,Web,1,12,Yes,0.0,Yes
SOL-01688,21,Ultra,15.35,3,21.3,Yes,Mobile Carrier Billing,1,App Store,2,7,No,279.14,No
SOL-01689,9,Ad-Lite,5.83,2,6.4,Yes,Credit Card,1,Web,1,3,No,20.93,No
SOL-01690,25,Standard,13.27,3,3.4,Yes,Credit Card,4,Partner Bundle,3,2,No,458.31,No
SOL-01691,15,Standard,12.43,2,9.0,No,PayPal,3,Partner Bundle,2,9,No,241.61,Yes
SOL-01692,18,Standard,12.52,3,14.6,Yes,Credit Card,3,Web,4,16,Yes,211.6,Yes
SOL-01693,8,Ad-Lite,6.91,4,4.3,Yes,Mobile Carrier Billing,1,Partner Bundle,4,0,No,5.78,No
SOL-01694,37,Ultra,15.0,2,4.4,No,Mobile Carrier Billing,1,App Store,2,11,No,1012.11,Yes
SOL-01695,23,Standard,11.15,4,9.2,No,PayPal,1,App Store,2,6,No,386.19,No
SOL-01696,23,Ad-Lite,5.74,4,2.7,Yes,Mobile Carrier Billing,2,App Store,2,4,No,187.0,No
SOL-01697,16,Standard,14.48,5,7.5,No,PayPal,1,Web,5,14,Yes,313.54,No
SOL-01698,22,Ad-Lite,6.21,3,4.1,No,Credit Card,3,Web,2,2,No,125.97,Yes
SOL-01699,8,Standard,11.23,3,20.1,Yes,PayPal,2,Partner Bundle,2,12,Yes,0.0,No
SOL-01700,23,Ad-Lite,4.87,3,3.4,No,PayPal,7,App Store,2,6,No,256.61,No
SOL-01701,3,Ad-Lite,5.81,2,8.3,Yes,Credit Card,4,Partner Bundle,2,21,No,58.16,Yes
SOL-01702,42,Standard,10.64,1,6.9,Yes,Mobile Carrier Billing,3,App Store,1,4,No,360.06,Yes
SOL-01703,7,Ad-Lite,4.85,3,15.4,Yes,Mobile Carrier Billing,4,Partner Bundle,2,11,No,4.47,Yes
SOL-01704,17,Ad-Lite,6.97,2,9.0,Yes,Credit Card,4,Web,3,13,No,97.57,No
SOL-01705,21,Standard,12.26,4,4.1,Yes,Credit Card,2,App Store,1,2,No,467.53,No
SOL-01706,18,Ultra,18.71,2,4.7,No,Mobile Carrier Billing,1,App Store,5,21,No,305.32,No
SOL-01707,17,Standard,11.88,2,9.5,Yes,PayPal,1,App Store,3,26,Yes,283.16,No
SOL-01708,9,Ad-Lite,5.18,1,10.1,Yes,Mobile Carrier Billing,3,App Store,3,20,No,166.5,No
SOL-01709,14,Ultra,17.81,1,2.5,Yes,Credit Card,2,App Store,1,3,No,179.52,No
SOL-01710,37,Standard,13.15,1,3.8,No,PayPal,2,App Store,2,1,Yes,518.39,No
SOL-01711,15,Standard,12.45,4,12.2,No,Mobile Carrier Billing,0,Web,1,12,Yes,160.37,No
SOL-01712,11,Standard,13.28,4,12.5,Yes,Mobile Carrier Billing,5,Partner Bundle,1,5,No,178.76,No
SOL-01713,12,Ultra,15.42,1,15.5,Yes,Mobile Carrier Billing,5,App Store,2,2,No,142.78,No
SOL-01714,27,Ad-Lite,5.67,1,9.4,Yes,PayPal,4,App Store,2,25,No,174.44,Yes
SOL-01715,11,Ad-Lite,5.93,2,9.2,Yes,Mobile Carrier Billing,4,Partner Bundle,1,5,No,158.22,No
SOL-01716,34,Standard,12.56,4,12.8,Yes,Credit Card,3,Web,3,7,Yes,1102.43,Yes
SOL-01717,2,Ad-Lite,5.74,2,11.7,No,Credit Card,3,App Store,2,0,No,56.51,Yes
SOL-01718,8,Ad-Lite,5.75,4,5.0,Yes,PayPal,2,Web,1,6,No,46.34,Yes
SOL-01719,40,Ad-Lite,6.03,2,11.0,Yes,Mobile Carrier Billing,3,Web,1,14,No,509.11,No
SOL-01720,27,Standard,11.78,3,12.5,Yes,Credit Card,0,Web,1,10,No,222.88,No
SOL-01721,11,Ad-Lite,5.69,1,4.3,Yes,Credit Card,6,App Store,3,7,Yes,70.71,Yes
SOL-01722,28,Ad-Lite,6.88,4,3.7,Yes,Mobile Carrier Billing,3,App Store,1,5,No,266.97,No
SOL-01723,44,Standard,10.68,1,12.7,Yes,Credit Card,6,App Store,3,7,Yes,180.82,No
SOL-01724,22,Standard,11.01,2,4.0,No,Credit Card,3,Web,2,6,No,519.4,No
SOL-01725,24,Ultra,18.01,1,10.9,Yes,Credit Card,3,Partner Bundle,2,25,No,389.03,No
SOL-01726,16,Ad-Lite,6.86,3,5.3,Yes,Mobile Carrier Billing,3,App Store,2,6,No,187.68,Yes
SOL-01727,10,Standard,10.83,4,6.6,No,Credit Card,4,App Store,3,22,No,140.83,No
SOL-01728,13,Standard,11.36,2,12.0,No,Credit Card,2,Web,3,15,No,33.03,Yes
SOL-01729,31,Standard,12.43,2,7.5,No,Credit Card,5,Partner Bundle,2,17,No,551.72,Yes
SOL-01730,16,Ad-Lite,4.52,4,4.2,No,Credit Card,2,Web,4,1,No,71.83,Yes
SOL-01731,6,Ad-Lite,5.68,4,3.7,No,Credit Card,4,Web,2,4,No,148.36,Yes
SOL-01732,5,Ultra,17.22,2,9.8,Yes,Credit Card,3,Partner Bundle,1,2,No,124.41,No
SOL-01733,29,Ultra,17.97,1,4.4,No,PayPal,5,Web,2,14,No,456.62,Yes
SOL-01734,13,Standard,9.04,1,3.2,No,PayPal,5,App Store,3,3,No,132.41,Yes
SOL-01735,15,Ad-Lite,6.46,2,6.6,Yes,Credit Card,8,Web,3,15,Yes,146.57,No
SOL-01736,16,Ad-Lite,5.51,2,6.1,Yes,PayPal,2,Web,2,13,Yes,256.39,No
SOL-01737,22,Ultra,18.73,3,3.7,Yes,Gift Card,2,Web,2,1,No,420.31,No
SOL-01738,25,Ad-Lite,7.2,2,6.9,Yes,Credit Card,5,Web,2,6,No,337.49,No
SOL-01739,7,Standard,11.6,1,15.7,Yes,PayPal,1,App Store,1,13,No,86.74,No
SOL-01740,18,Ad-Lite,5.55,2,2.2,No,Mobile Carrier Billing,1,App Store,2,23,No,141.29,Yes
SOL-01741,19,Ad-Lite,4.49,3,2.2,Yes,PayPal,2,Web,3,9,No,25.01,Yes
SOL-01742,34,Ultra,15.99,2,14.5,No,Credit Card,4,App Store,2,3,No,426.74,No
SOL-01743,24,Ad-Lite,5.33,3,3.8,Yes,Credit Card,3,App Store,2,7,No,138.94,No
SOL-01744,11,Ad-Lite,5.77,3,7.4,Yes,Credit Card,2,Partner Bundle,1,8,No,17.9,Yes
SOL-01745,15,Ultra,17.93,4,6.9,Yes,PayPal,4,Web,4,7,No,296.6,No
SOL-01746,2,Ad-Lite,5.73,1,1.8,No,PayPal,5,App Store,4,9,No,75.52,Yes
SOL-01747,6,Ultra,16.83,3,18.1,Yes,Mobile Carrier Billing,3,Web,3,3,No,67.66,No
SOL-01748,11,Standard,13.43,2,4.9,Yes,Credit Card,4,App Store,2,6,No,253.06,No
SOL-01749,14,Standard,11.66,1,20.1,Yes,Credit Card,2,App Store,2,6,No,110.01,No
SOL-01750,30,Ad-Lite,4.67,4,1.9,Yes,PayPal,7,App Store,1,3,Yes,53.64,No
SOL-01751,19,Ad-Lite,4.94,2,4.3,Yes,Mobile Carrier Billing,2,Partner Bundle,2,7,No,119.26,Yes
SOL-01752,11,Standard,15.0,4,7.0,Yes,PayPal,6,App Store,2,8,No,270.19,No
SOL-01753,36,Ad-Lite,5.45,2,7.4,Yes,PayPal,3,Partner Bundle,4,1,Yes,320.86,Yes
SOL-01754,36,Standard,11.92,2,3.8,No,Gift Card,1,App Store,5,8,No,661.3,No
SOL-01755,13,Ad-Lite,5.19,1,3.3,Yes,Mobile Carrier Billing,2,Partner Bundle,1,5,No,50.62,Yes
SOL-01756,32,Ultra,15.32,4,3.2,Yes,Mobile Carrier Billing,3,App Store,2,6,Yes,383.43,No
SOL-01757,14,Standard,11.78,4,10.0,Yes,PayPal,3,Partner Bundle,1,7,No,116.69,Yes
SOL-01758,16,Ad-Lite,7.38,2,7.7,Yes,Credit Card,1,App Store,2,2,No,33.55,Yes
SOL-01759,18,Ad-Lite,6.03,1,8.0,Yes,Mobile Carrier Billing,2,Web,5,13,No,153.25,Yes
SOL-01760,2,Ultra,17.65,1,14.1,Yes,PayPal,5,Partner Bundle,3,8,No,54.57,No
SOL-01761,8,Standard,11.88,4,5.3,Yes,PayPal,2,App Store,3,11,No,35.45,No
SOL-01762,13,Standard,10.9,1,2.5,Yes,Credit Card,6,Web,1,1,No,128.5,No
SOL-01763,29,Standard,10.37,1,7.4,No,Credit Card,3,Web,2,4,No,67.98,Yes
SOL-01764,29,Ultra,16.31,3,12.1,Yes,Credit Card,3,Partner Bundle,3,12,No,432.13,No
SOL-01765,36,Ad-Lite,7.38,1,12.3,Yes,Credit Card,6,Web,2,23,No,242.76,Yes
SOL-01766,21,Ad-Lite,6.75,1,14.5,Yes,PayPal,1,Web,4,8,No,66.39,No
SOL-01767,22,Ad-Lite,6.61,1,3.2,Yes,Credit Card,3,Partner Bundle,3,11,No,150.57,Yes
SOL-01768,6,Ad-Lite,5.25,1,5.9,Yes,Mobile Carrier Billing,6,App Store,2,0,Yes,98.63,No
SOL-01769,17,Ad-Lite,6.29,1,8.7,Yes,Credit Card,5,Web,3,11,Yes,234.06,Yes
SOL-01770,22,Standard,13.1,2,4.8,Yes,PayPal,3,Partner Bundle,1,2,No,451.53,No
SOL-01771,2,Standard,12.28,2,4.6,No,PayPal,3,Web,3,8,No,0.0,Yes
SOL-01772,3,Standard,12.5,4,5.3,Yes,Mobile Carrier Billing,3,Partner Bundle,1,15,No,47.86,No
SOL-01773,25,Standard,12.3,2,4.6,Yes,PayPal,2,Web,2,4,No,165.09,No
SOL-01774,8,Ad-Lite,7.52,3,9.5,Yes,Credit Card,5,App Store,3,12,No,81.54,Yes
SOL-01775,13,Ad-Lite,6.62,2,2.8,Yes,Credit Card,1,Web,2,5,No,30.86,No
SOL-01776,4,Standard,10.08,1,4.0,Yes,Credit Card,2,Web,2,11,No,63.84,Yes
SOL-01777,8,Ad-Lite,6.11,3,9.5,Yes,Mobile Carrier Billing,5,App Store,3,23,No,50.21,Yes
SOL-01778,1,Ad-Lite,6.71,4,12.1,Yes,Credit Card,3,App Store,3,2,Yes,0.0,No
SOL-01779,3,Ultra,15.97,2,5.1,Yes,PayPal,6,App Store,3,16,Yes,119.69,No
SOL-01780,9,Standard,12.05,4,3.1,No,Gift Card,5,Partner Bundle,3,5,No,224.26,No
SOL-01781,21,Standard,14.38,1,8.1,Yes,Mobile Carrier Billing,2,Web,2,2,No,260.24,No
SOL-01782,21,Ultra,18.13,2,21.4,Yes,PayPal,6,App Store,3,12,No,316.95,No
SOL-01783,21,Standard,11.26,2,2.3,Yes,PayPal,9,Web,5,5,No,361.27,No
SOL-01784,35,Ad-Lite,4.73,3,11.8,No,PayPal,0,App Store,4,3,No,227.4,No
SOL-01785,11,Ultra,18.07,2,4.9,No,Credit Card,3,Web,4,1,Yes,63.32,No
SOL-01786,5,Ad-Lite,5.31,1,9.3,Yes,Mobile Carrier Billing,4,App Store,1,3,No,2.52,No
SOL-01787,12,Ad-Lite,7.21,5,3.4,Yes,PayPal,3,Partner Bundle,1,13,No,91.11,No
SOL-01788,4,Standard,12.5,1,12.9,Yes,Mobile Carrier Billing,0,App Store,2,8,No,0.0,No
SOL-01789,7,Ad-Lite,7.13,4,10.3,Yes,Credit Card,6,App Store,2,10,No,140.3,No
SOL-01790,10,Ultra,15.49,3,18.0,No,Credit Card,5,Web,3,17,No,371.28,No
SOL-01791,4,Ad-Lite,5.69,3,9.6,Yes,Gift Card,2,App Store,1,5,Yes,92.53,Yes
SOL-01792,16,Ad-Lite,4.36,2,9.3,No,PayPal,2,App Store,1,13,Yes,27.0,Yes
SOL-01793,33,Standard,12.31,3,10.2,Yes,PayPal,2,App Store,2,17,Yes,485.49,No
SOL-01794,14,Ad-Lite,4.51,3,9.4,Yes,PayPal,4,Web,1,3,Yes,76.66,No
SOL-01795,16,Standard,10.64,2,5.1,Yes,PayPal,5,Web,2,10,No,234.9,No
SOL-01796,38,Ad-Lite,6.38,3,5.2,No,PayPal,2,Web,2,14,No,262.89,Yes
SOL-01797,15,Ad-Lite,5.65,4,10.7,Yes,PayPal,3,App Store,1,2,No,144.62,Yes
SOL-01798,7,Ad-Lite,5.16,4,7.3,Yes,Gift Card,4,Partner Bundle,2,8,No,109.37,Yes
SOL-01799,16,Ultra,15.03,2,3.1,Yes,Credit Card,6,App Store,1,7,No,214.27,Yes
SOL-01800,15,Ad-Lite,6.61,5,7.9,No,Credit Card,4,Web,1,8,No,287.78,No
SOL-01801,12,Ad-Lite,5.65,3,5.0,Yes,Mobile Carrier Billing,2,App Store,3,8,Yes,63.55,Yes
SOL-01802,22,Ultra,16.1,2,5.2,Yes,PayPal,4,App Store,1,12,No,342.92,No
SOL-01803,23,Standard,13.5,2,2.0,Yes,PayPal,4,Partner Bundle,1,11,No,356.26,No
SOL-01804,28,Ultra,15.8,2,6.0,No,Credit Card,4,Web,2,9,No,222.3,No
SOL-01805,3,Ad-Lite,4.8,2,6.2,Yes,Credit Card,4,Web,4,24,No,145.73,Yes
SOL-01806,15,Standard,10.95,1,8.7,Yes,Gift Card,3,Web,1,3,No,6.17,Yes
SOL-01807,6,Standard,11.53,3,5.4,No,Mobile Carrier Billing,3,Web,2,15,No,165.35,No
SOL-01808,15,Ultra,18.89,2,1.8,Yes,Mobile Carrier Billing,2,Partner Bundle,3,3,No,282.77,No
SOL-01809,6,Standard,12.69,1,2.6,Yes,Credit Card,4,Web,3,5,No,145.55,No
SOL-01810,4,Standard,12.18,3,5.2,No,Credit Card,4,App Store,1,8,No,140.14,No
SOL-01811,25,Ad-Lite,6.07,2,3.1,No,Mobile Carrier Billing,3,Web,4,10,No,176.89,No
SOL-01812,41,Ad-Lite,6.41,1,15.3,Yes,Credit Card,4,Partner Bundle,2,5,No,255.23,Yes
SOL-01813,7,Standard,11.92,1,12.2,No,Credit Card,0,Web,2,9,No,107.9,No
SOL-01814,20,Ultra,16.13,1,19.5,No,PayPal,6,Web,1,3,No,547.98,No
SOL-01815,9,Ad-Lite,4.78,2,7.8,Yes,Gift Card,9,Partner Bundle,2,7,Yes,172.08,No
SOL-01816,8,Ad-Lite,4.98,2,3.9,Yes,PayPal,5,App Store,1,3,No,82.37,Yes
SOL-01817,29,Ad-Lite,5.13,2,3.6,No,Credit Card,3,Partner Bundle,2,9,No,46.51,Yes
SOL-01818,25,Standard,13.86,1,14.3,Yes,Gift Card,2,Partner Bundle,1,7,No,611.88,No
SOL-01819,4,Ad-Lite,6.27,2,3.8,Yes,Mobile Carrier Billing,5,App Store,5,5,No,92.44,Yes
SOL-01820,4,Standard,14.01,3,9.0,Yes,Mobile Carrier Billing,5,Partner Bundle,3,6,No,121.67,Yes
SOL-01821,1,Ad-Lite,6.72,2,11.2,No,PayPal,5,Partner Bundle,1,4,No,147.12,Yes
SOL-01822,2,Standard,11.14,3,6.9,No,Credit Card,3,App Store,1,3,No,0.0,Yes
SOL-01823,18,Ad-Lite,5.13,2,4.5,No,Mobile Carrier Billing,4,App Store,2,13,No,51.79,Yes
SOL-01824,2,Ultra,16.94,3,15.8,No,Mobile Carrier Billing,2,Web,2,7,No,47.39,No
SOL-01825,26,Standard,11.56,1,4.4,Yes,Mobile Carrier Billing,5,App Store,4,3,Yes,471.44,No
SOL-01826,16,Ultra,17.31,1,1.6,Yes,Credit Card,2,App Store,1,3,No,283.35,No
SOL-01827,2,Ultra,18.0,2,11.4,No,Credit Card,4,Web,2,11,No,39.62,No
SOL-01828,18,Standard,12.68,2,4.6,No,Gift Card,3,App Store,2,9,No,123.84,No
SOL-01829,10,Standard,12.26,3,5.8,Yes,Mobile Carrier Billing,4,Web,2,11,No,116.62,Yes
SOL-01830,22,Ultra,15.34,1,5.8,No,Credit Card,4,App Store,1,2,No,646.34,No
SOL-01831,24,Ad-Lite,5.45,5,10.7,Yes,Credit Card,3,App Store,1,4,No,153.04,Yes
SOL-01832,4,Standard,11.08,4,9.5,Yes,Gift Card,1,App Store,2,4,No,119.96,Yes
SOL-01833,4,Ad-Lite,4.75,3,6.8,No,Mobile Carrier Billing,6,Web,5,5,No,0.0,Yes
SOL-01834,12,Standard,13.17,2,6.0,Yes,PayPal,3,App Store,2,3,No,117.55,No
SOL-01835,15,Ad-Lite,6.13,1,6.5,Yes,PayPal,4,Web,3,43,No,24.56,No
SOL-01836,15,Ad-Lite,5.44,2,5.8,Yes,Gift Card,4,App Store,1,1,Yes,212.4,No
SOL-01837,10,Ultra,19.79,1,6.6,Yes,PayPal,5,Web,2,9,Yes,122.38,No
SOL-01838,27,Ad-Lite,6.13,2,13.3,Yes,Gift Card,4,Web,1,23,Yes,123.13,No
SOL-01839,12,Ad-Lite,5.77,2,2.2,Yes,Mobile Carrier Billing,2,Web,1,6,Yes,39.42,No
SOL-01840,23,Ultra,18.76,5,10.5,Yes,Mobile Carrier Billing,7,Web,1,14,No,1319.01,No
SOL-01841,22,Ad-Lite,6.05,1,3.8,Yes,Credit Card,4,App Store,2,62,Yes,281.09,Yes
SOL-01842,10,Standard,12.75,1,1.9,Yes,Credit Card,1,Web,2,16,Yes,36.24,No
SOL-01843,19,Ad-Lite,4.33,4,3.5,No,Credit Card,2,Partner Bundle,4,3,No,0.0,No
SOL-01844,34,Ad-Lite,5.83,3,3.4,No,Credit Card,2,Web,2,24,No,30.23,Yes
SOL-01845,9,Ad-Lite,6.17,2,1.8,Yes,Credit Card,4,Web,3,3,No,62.54,Yes
SOL-01846,9,Standard,11.24,2,10.2,No,Credit Card,6,Web,2,9,No,0.0,No
SOL-01847,6,Ultra,17.71,1,3.5,Yes,Gift Card,5,Web,2,3,No,96.18,No
SOL-01848,7,Ad-Lite,4.4,1,10.9,Yes,Mobile Carrier Billing,2,App Store,1,17,Yes,93.34,No
SOL-01849,20,Ad-Lite,6.91,1,6.4,No,PayPal,4,Web,1,34,No,121.51,No
SOL-01850,35,Standard,12.36,1,9.7,No,Credit Card,5,Web,1,2,Yes,529.49,No
SOL-01851,2,Ultra,17.77,1,11.9,Yes,Credit Card,4,App Store,1,3,No,10.1,No
SOL-01852,4,Ad-Lite,6.73,1,2.8,Yes,Credit Card,3,Web,2,1,No,110.25,Yes
SOL-01853,14,Ad-Lite,6.78,2,5.6,Yes,Mobile Carrier Billing,8,Partner Bundle,3,14,No,60.61,Yes
SOL-01854,3,Standard,11.24,2,10.0,Yes,Credit Card,0,Partner Bundle,2,2,No,1.39,Yes
SOL-01855,12,Ad-Lite,5.96,4,11.0,No,PayPal,2,App Store,2,2,No,99.41,Yes
SOL-01856,7,Standard,11.33,3,4.8,No,Mobile Carrier Billing,4,Web,2,9,No,121.41,No
SOL-01857,29,Ad-Lite,6.59,1,1.1,Yes,Credit Card,5,App Store,2,2,No,105.56,Yes
SOL-01858,28,Standard,14.11,2,4.6,Yes,PayPal,1,Web,3,9,Yes,223.12,No
SOL-01859,31,Ad-Lite,7.44,2,3.9,Yes,Credit Card,5,Partner Bundle,2,10,No,233.38,No
SOL-01860,22,Ad-Lite,4.96,1,6.8,Yes,Mobile Carrier Billing,1,Partner Bundle,2,5,No,106.55,No
SOL-01861,16,Ad-Lite,6.89,1,8.9,Yes,Mobile Carrier Billing,4,Web,2,10,No,197.42,Yes
SOL-01862,31,Standard,10.35,2,5.2,Yes,Credit Card,2,App Store,1,13,No,267.89,No
SOL-01863,10,Ad-Lite,6.1,2,2.7,No,Mobile Carrier Billing,1,Web,1,5,No,88.6,Yes
SOL-01864,10,Ad-Lite,4.4,3,15.1,No,Credit Card,4,App Store,1,8,No,71.11,Yes
SOL-01865,25,Ad-Lite,6.14,2,8.4,Yes,Credit Card,3,App Store,3,5,Yes,324.8,No
SOL-01866,20,Ad-Lite,6.53,4,7.9,Yes,Mobile Carrier Billing,3,App Store,1,6,Yes,0.0,No
SOL-01867,3,Standard,11.81,3,3.9,Yes,Gift Card,3,Partner Bundle,2,11,No,42.45,No
SOL-01868,12,Standard,13.64,2,11.6,No,PayPal,1,Partner Bundle,5,8,No,306.31,No
SOL-01869,28,Ultra,14.77,2,5.3,No,Mobile Carrier Billing,2,Partner Bundle,4,16,No,545.15,Yes
SOL-01870,7,Standard,12.88,2,7.2,Yes,Mobile Carrier Billing,3,App Store,4,7,No,23.54,No
SOL-01871,1,Standard,12.58,3,11.9,No,PayPal,6,Web,3,15,Yes,0.0,Yes
SOL-01872,2,Standard,10.94,2,12.9,No,Gift Card,2,App Store,1,5,No,41.44,No
SOL-01873,29,Ad-Lite,6.68,2,10.8,Yes,Mobile Carrier Billing,2,App Store,1,2,No,329.32,Yes
SOL-01874,8,Ad-Lite,6.45,3,5.9,No,Credit Card,2,Partner Bundle,3,3,No,2.76,Yes
SOL-01875,17,Ad-Lite,6.69,3,19.4,No,Credit Card,3,Partner Bundle,2,14,No,155.5,Yes
SOL-01876,15,Ultra,17.22,1,14.2,Yes,Credit Card,3,Partner Bundle,2,17,No,619.2,Yes
SOL-01877,20,Ad-Lite,6.24,2,4.6,Yes,Credit Card,3,App Store,1,2,No,278.37,Yes
SOL-01878,15,Ultra,17.07,3,3.7,No,Mobile Carrier Billing,4,Partner Bundle,2,4,No,333.6,No
SOL-01879,25,Standard,10.87,5,4.1,No,PayPal,1,Web,3,2,No,305.57,No
SOL-01880,4,Ultra,19.07,2,5.1,Yes,Credit Card,2,App Store,1,3,No,72.95,Yes
SOL-01881,26,Ad-Lite,5.05,3,5.3,Yes,PayPal,3,Web,1,4,Yes,106.43,No
SOL-01882,7,Ad-Lite,5.88,3,1.1,Yes,Credit Card,3,App Store,4,6,No,3.96,Yes
SOL-01883,28,Ad-Lite,6.57,3,19.2,No,Credit Card,2,App Store,3,18,Yes,443.43,Yes
SOL-01884,34,Standard,11.61,2,15.4,Yes,Credit Card,2,Web,3,7,No,161.4,No
SOL-01885,15,Ultra,15.04,1,4.8,Yes,PayPal,4,App Store,1,16,No,204.8,No
SOL-01886,13,Ad-Lite,5.83,1,2.3,Yes,Credit Card,5,Web,4,1,No,16.45,Yes
SOL-01887,2,Standard,13.28,4,2.2,Yes,Credit Card,1,App Store,1,11,No,135.21,No
SOL-01888,20,Standard,12.27,2,5.5,No,Credit Card,5,App Store,3,8,No,203.9,No
SOL-01889,12,Ad-Lite,5.77,3,5.8,No,Mobile Carrier Billing,4,Web,1,2,No,37.95,Yes
SOL-01890,12,Ad-Lite,4.72,2,4.3,Yes,Credit Card,1,Web,1,1,No,97.39,No
SOL-01891,4,Standard,10.21,3,14.6,Yes,Mobile Carrier Billing,5,Partner Bundle,2,8,Yes,62.28,No
SOL-01892,5,Ad-Lite,6.28,2,6.9,No,Mobile Carrier Billing,4,Partner Bundle,3,6,Yes,120.04,Yes
SOL-01893,6,Ultra,15.34,3,23.6,No,Credit Card,5,App Store,2,8,No,317.88,No
SOL-01894,10,Ad-Lite,6.65,1,4.3,Yes,Credit Card,4,App Store,1,4,No,80.47,No
SOL-01895,30,Ad-Lite,6.22,2,7.4,Yes,Gift Card,2,App Store,1,21,No,207.14,Yes
SOL-01896,6,Standard,11.25,2,13.3,Yes,Mobile Carrier Billing,2,Partner Bundle,2,9,No,157.96,No
SOL-01897,23,Ad-Lite,6.21,3,3.9,Yes,Credit Card,6,Web,2,4,No,340.34,Yes
SOL-01898,34,Standard,11.33,2,3.7,Yes,PayPal,2,Web,2,12,No,245.79,No
SOL-01899,22,Ad-Lite,5.83,2,14.0,Yes,Credit Card,5,Partner Bundle,2,7,No,222.87,Yes
SOL-01900,14,Ad-Lite,6.78,2,13.8,Yes,Gift Card,5,Web,1,14,No,94.9,No
SOL-01901,4,Ad-Lite,7.77,3,1.5,Yes,Gift Card,3,Web,1,1,No,0.0,Yes
SOL-01902,6,Ad-Lite,5.69,3,19.7,Yes,Mobile Carrier Billing,6,Partner Bundle,1,8,No,0.0,No
SOL-01903,1,Ultra,17.37,2,4.6,Yes,Credit Card,5,Partner Bundle,3,5,No,0.0,Yes
SOL-01904,11,Ad-Lite,6.83,1,5.9,No,Gift Card,2,Web,3,18,No,112.7,No
SOL-01905,28,Ad-Lite,5.28,2,8.7,Yes,Credit Card,4,App Store,2,4,No,137.03,No
SOL-01906,21,Standard,11.64,1,4.6,Yes,PayPal,5,Web,1,17,No,177.74,No
SOL-01907,34,Ad-Lite,5.56,2,8.9,No,Mobile Carrier Billing,3,App Store,2,4,No,94.22,Yes
SOL-01908,6,Standard,9.9,2,4.5,No,PayPal,1,Partner Bundle,2,1,No,68.45,Yes
SOL-01909,9,Ultra,16.27,3,10.6,Yes,Credit Card,3,Web,3,11,No,168.92,No
SOL-01910,31,Ad-Lite,4.96,3,7.7,No,Gift Card,5,App Store,2,5,No,252.66,Yes
SOL-01911,30,Standard,11.5,1,4.5,No,Credit Card,3,Web,2,4,No,254.87,No
SOL-01912,7,Standard,11.66,2,1.1,No,Credit Card,2,App Store,2,14,Yes,34.72,No
SOL-01913,11,Ad-Lite,6.66,1,7.0,Yes,Credit Card,4,Partner Bundle,1,10,Yes,25.32,No
SOL-01914,8,Ad-Lite,5.84,1,9.9,No,Mobile Carrier Billing,6,App Store,3,17,No,91.98,No
SOL-01915,1,Standard,12.31,1,7.7,Yes,Credit Card,6,Web,2,9,No,49.49,No
SOL-01916,34,Ad-Lite,4.85,1,3.3,Yes,PayPal,2,App Store,1,4,No,114.3,Yes
SOL-01917,7,Ultra,20.45,4,6.2,No,Mobile Carrier Billing,2,Web,1,5,No,221.69,No
SOL-01918,27,Standard,10.65,2,7.1,No,Gift Card,2,Web,2,2,No,223.66,No
SOL-01919,20,Ultra,15.87,2,1.8,No,Mobile Carrier Billing,4,Partner Bundle,3,20,Yes,449.28,Yes
SOL-01920,23,Ad-Lite,6.88,1,4.8,Yes,Credit Card,4,Web,2,7,No,405.23,Yes
SOL-01921,8,Ad-Lite,4.91,3,4.7,Yes,Mobile Carrier Billing,2,Partner Bundle,1,23,No,79.95,Yes
SOL-01922,35,Standard,12.86,3,10.3,Yes,Gift Card,2,App Store,1,10,No,848.38,No
SOL-01923,11,Standard,12.29,1,17.8,Yes,Mobile Carrier Billing,3,Web,1,5,No,104.17,No
SOL-01924,4,Ultra,19.15,2,10.8,No,Credit Card,2,App Store,2,12,No,25.88,Yes
SOL-01925,3,Standard,13.13,3,5.0,No,Gift Card,2,Web,2,17,No,179.16,No
SOL-01926,9,Ad-Lite,6.53,1,20.9,Yes,Mobile Carrier Billing,4,Partner Bundle,3,6,No,88.56,No
SOL-01927,9,Ad-Lite,6.17,3,6.1,Yes,PayPal,8,Partner Bundle,3,15,Yes,0.0,No
SOL-01928,12,Ultra,13.94,2,5.2,Yes,PayPal,7,App Store,1,12,No,834.62,No
SOL-01929,9,Standard,12.37,2,4.5,No,Gift Card,2,App Store,3,30,Yes,58.17,No
SOL-01930,1,Ad-Lite,4.11,2,14.6,Yes,Credit Card,4,Partner Bundle,2,9,No,50.84,Yes
SOL-01931,16,Ad-Lite,5.94,2,18.8,No,Credit Card,3,App Store,1,6,No,348.09,No
SOL-01932,8,Standard,11.99,2,5.1,Yes,Mobile Carrier Billing,1,Web,1,10,No,133.98,Yes
SOL-01933,8,Ad-Lite,5.63,1,11.9,No,Mobile Carrier Billing,6,App Store,2,6,No,0.0,Yes
SOL-01934,20,Standard,10.7,1,3.8,No,Mobile Carrier Billing,3,Web,1,15,No,241.61,No
SOL-01935,16,Standard,10.43,1,7.7,Yes,PayPal,5,Web,1,5,No,198.38,No
SOL-01936,25,Standard,11.63,3,16.5,Yes,Mobile Carrier Billing,3,App Store,1,4,No,281.13,No
SOL-01937,27,Standard,13.23,5,6.5,Yes,Mobile Carrier Billing,4,Web,1,13,No,468.74,No
SOL-01938,7,Ultra,17.95,1,10.7,No,Credit Card,2,Web,2,2,No,156.19,No
SOL-01939,1,Ad-Lite,4.67,2,5.8,Yes,Credit Card,5,Web,2,14,No,13.15,Yes
SOL-01940,9,Standard,11.66,3,8.9,Yes,Credit Card,2,Web,2,20,No,164.49,Yes
SOL-01941,15,Ad-Lite,6.51,4,15.2,No,PayPal,2,App Store,2,8,No,203.14,Yes
SOL-01942,34,Standard,13.91,4,7.8,Yes,Credit Card,6,App Store,2,3,No,377.01,No
SOL-01943,27,Ad-Lite,5.91,2,4.0,No,Credit Card,6,Partner Bundle,2,7,No,292.54,No
SOL-01944,6,Ad-Lite,6.2,2,15.3,Yes,PayPal,5,App Store,1,4,Yes,152.37,Yes
SOL-01945,1,Standard,11.0,5,2.0,No,Mobile Carrier Billing,3,Partner Bundle,4,12,No,44.62,Yes
SOL-01946,16,Ad-Lite,5.4,1,21.0,No,Credit Card,4,Partner Bundle,1,22,No,283.25,No
SOL-01947,7,Standard,11.04,2,5.7,Yes,PayPal,5,Web,1,4,No,38.38,No
SOL-01948,22,Ad-Lite,6.46,2,7.1,Yes,Mobile Carrier Billing,1,App Store,1,9,Yes,131.5,No
SOL-01949,10,Ad-Lite,5.4,2,11.1,No,Credit Card,6,Partner Bundle,3,7,No,122.72,No
SOL-01950,10,Ad-Lite,7.03,3,7.9,No,PayPal,2,Partner Bundle,3,9,No,0.0,Yes
SOL-01951,10,Ultra,18.77,2,7.1,No,Credit Card,3,App Store,2,5,No,138.99,No
SOL-01952,16,Ad-Lite,6.31,2,7.2,No,Mobile Carrier Billing,1,Web,1,4,No,64.45,No
SOL-01953,5,Ad-Lite,5.4,2,14.1,Yes,Mobile Carrier Billing,3,Web,2,2,Yes,33.93,Yes
SOL-01954,12,Ad-Lite,6.59,2,24.7,Yes,PayPal,2,App Store,4,12,Yes,69.49,No
SOL-01955,14,Standard,12.4,2,9.8,Yes,PayPal,7,Web,1,6,No,152.41,No
SOL-01956,18,Ultra,14.78,2,7.1,Yes,Credit Card,4,App Store,2,5,No,185.72,No
SOL-01957,5,Ad-Lite,6.05,3,4.8,Yes,Mobile Carrier Billing,6,App Store,4,3,No,54.15,Yes
SOL-01958,0,Ad-Lite,6.54,3,4.1,No,Credit Card,4,App Store,3,6,No,85.78,Yes
SOL-01959,4,Standard,11.82,4,4.9,No,Credit Card,4,App Store,2,13,Yes,172.54,Yes
SOL-01960,20,Ultra,13.82,1,15.2,No,Credit Card,2,App Store,1,17,No,117.47,Yes
SOL-01961,11,Ad-Lite,4.98,2,9.1,Yes,Credit Card,2,App Store,2,2,No,70.58,Yes
SOL-01962,31,Ad-Lite,4.31,4,7.2,No,PayPal,1,Web,1,4,No,127.99,Yes
SOL-01963,7,Standard,11.74,2,2.8,No,Mobile Carrier Billing,5,App Store,1,28,No,193.25,No
SOL-01964,6,Standard,11.33,1,10.0,Yes,Credit Card,2,Partner Bundle,2,5,No,9.44,No
SOL-01965,19,Ad-Lite,6.02,4,4.5,No,Credit Card,2,Web,2,7,No,0.0,Yes
SOL-01966,13,Ad-Lite,5.3,2,8.1,Yes,Mobile Carrier Billing,2,App Store,2,1,No,32.32,Yes
SOL-01967,19,Ad-Lite,6.48,1,18.5,No,Credit Card,2,Web,3,4,No,182.42,No
SOL-01968,7,Standard,11.47,1,8.8,No,Credit Card,6,Web,2,11,Yes,119.64,No
SOL-01969,25,Ultra,13.43,2,12.6,No,Mobile Carrier Billing,1,Web,1,12,No,483.12,No
SOL-01970,3,Ultra,17.21,1,9.2,No,PayPal,3,App Store,2,10,No,117.9,No
SOL-01971,29,Ad-Lite,6.62,1,14.0,Yes,Credit Card,4,Web,2,26,No,127.12,No
SOL-01972,2,Ad-Lite,5.18,2,5.7,No,Mobile Carrier Billing,3,Partner Bundle,1,8,No,0.0,Yes
SOL-01973,9,Standard,11.58,4,4.6,Yes,Credit Card,7,App Store,5,13,No,123.72,Yes
SOL-01974,2,Ad-Lite,7.27,2,15.1,Yes,Credit Card,4,Web,3,24,No,16.22,Yes
SOL-01975,16,Standard,13.69,1,6.8,No,PayPal,4,App Store,4,8,Yes,289.51,No
SOL-01976,36,Ad-Lite,6.16,3,6.2,No,Credit Card,4,Web,3,4,No,400.49,Yes
SOL-01977,6,Standard,13.54,2,14.7,Yes,Mobile Carrier Billing,3,App Store,4,15,No,157.63,No
SOL-01978,28,Ad-Lite,5.59,2,3.7,No,Gift Card,3,App Store,2,1,No,152.85,Yes
SOL-01979,20,Standard,12.8,1,10.4,Yes,Gift Card,3,Web,1,15,No,502.69,No
SOL-01980,6,Standard,13.61,2,8.2,No,PayPal,3,Web,2,8,No,172.91,No
SOL-01981,5,Standard,10.66,4,3.9,No,Credit Card,9,App Store,2,6,No,88.09,Yes
SOL-01982,14,Standard,14.13,3,7.3,Yes,Mobile Carrier Billing,3,App Store,5,3,Yes,87.21,No
SOL-01983,13,Ad-Lite,6.78,3,4.8,No,PayPal,8,Web,2,10,No,157.96,Yes
SOL-01984,11,Ad-Lite,6.62,1,2.2,Yes,PayPal,4,Web,4,5,No,27.18,Yes
SOL-01985,31,Standard,13.33,3,2.2,Yes,PayPal,7,Web,3,7,No,463.76,Yes
SOL-01986,2,Standard,10.63,3,6.7,No,Gift Card,3,Web,1,11,No,38.51,No
SOL-01987,21,Ad-Lite,5.78,3,4.2,Yes,Credit Card,4,Web,3,4,No,193.97,Yes
SOL-01988,19,Ultra,16.5,2,1.2,No,Credit Card,4,App Store,2,6,Yes,313.85,No
SOL-01989,33,Standard,13.84,2,10.2,Yes,Mobile Carrier Billing,4,App Store,3,10,Yes,422.22,Yes
SOL-01990,30,Ultra,17.03,2,5.3,No,Gift Card,3,Partner Bundle,3,5,No,565.27,No
SOL-01991,12,Ad-Lite,4.88,2,13.9,Yes,Credit Card,4,Web,1,11,Yes,248.0,Yes
SOL-01992,0,Ad-Lite,4.96,1,25.4,Yes,Gift Card,5,Web,2,3,No,63.76,Yes
SOL-01993,31,Standard,13.24,1,4.9,Yes,PayPal,4,App Store,2,16,Yes,395.44,No
SOL-01994,0,Ultra,19.02,1,3.6,Yes,Credit Card,4,Partner Bundle,1,14,Yes,17.76,No
SOL-01995,3,Ad-Lite,5.91,2,2.7,Yes,PayPal,5,App Store,1,5,No,37.68,No
SOL-01996,13,Ultra,16.98,2,5.0,Yes,PayPal,1,Partner Bundle,1,2,No,143.08,Yes
SOL-01997,6,Standard,12.85,5,4.9,Yes,PayPal,2,App Store,2,1,No,20.04,No
SOL-01998,11,Ad-Lite,6.6,2,3.6,No,Credit Card,3,Web,2,2,Yes,119.51,No
SOL-01999,9,Standard,10.13,1,4.7,No,PayPal,3,App Store,1,15,No,66.4,No
SOL-02000,22,Ultra,16.67,1,7.9,Yes,PayPal,3,App Store,2,10,No,416.98,No
SOL-02001,10,Ad-Lite,4.26,1,18.1,No,Credit Card,2,App Store,2,4,No,15.89,No
SOL-02002,9,Ultra,15.85,4,14.4,Yes,Mobile Carrier Billing,4,App Store,1,7,Yes,374.94,No
SOL-02003,34,Standard,12.18,2,4.2,Yes,Credit Card,6,App Store,2,7,No,385.04,No
SOL-02004,19,Ultra,18.58,1,6.9,Yes,Credit Card,5,Web,1,6,No,560.72,No
SOL-02005,12,Standard,12.29,4,2.7,No,Credit Card,3,App Store,3,6,No,186.55,No
SOL-02006,4,Ad-Lite,5.96,4,12.9,Yes,PayPal,2,App Store,2,3,No,0.0,No
SOL-02007,21,Ultra,17.39,2,3.9,No,Gift Card,3,App Store,3,5,No,401.38,No
SOL-02008,5,Ultra,16.34,3,6.7,Yes,Credit Card,7,Web,3,6,No,123.62,No
SOL-02009,2,Ad-Lite,5.77,4,1.6,No,PayPal,6,App Store,3,6,Yes,24.61,Yes
SOL-02010,10,Ad-Lite,6.75,4,7.9,No,Mobile Carrier Billing,5,App Store,2,11,Yes,92.91,Yes
SOL-02011,4,Ultra,18.03,2,5.0,Yes,Credit Card,5,Web,3,9,Yes,0.0,No
SOL-02012,6,Ad-Lite,4.0,4,3.5,Yes,Mobile Carrier Billing,7,App Store,2,2,No,0.0,Yes
SOL-02013,3,Ad-Lite,6.16,2,13.8,Yes,Mobile Carrier Billing,3,Web,3,1,Yes,143.27,No
SOL-02014,26,Ad-Lite,5.29,1,0.6,Yes,Credit Card,1,Partner Bundle,3,6,Yes,60.42,Yes
SOL-02015,10,Standard,12.05,2,7.3,No,Credit Card,3,Partner Bundle,4,6,Yes,154.01,Yes
SOL-02016,24,Standard,13.22,2,18.5,No,Mobile Carrier Billing,0,Web,1,4,No,466.3,No
SOL-02017,12,Ad-Lite,6.14,2,2.8,Yes,Credit Card,3,Partner Bundle,3,18,No,22.47,Yes
SOL-02018,17,Standard,12.03,1,18.2,No,Credit Card,2,App Store,2,4,No,383.85,No
SOL-02019,5,Ad-Lite,8.0,2,7.2,Yes,Gift Card,4,Web,4,3,No,68.46,Yes
SOL-02020,9,Ad-Lite,7.3,3,6.5,Yes,Credit Card,4,Web,3,37,No,22.26,No
SOL-02021,1,Ad-Lite,6.12,1,6.4,No,Mobile Carrier Billing,8,Partner Bundle,1,14,No,34.6,No
SOL-02022,23,Ad-Lite,4.58,2,14.0,No,PayPal,2,App Store,4,4,No,187.49,No
SOL-02023,31,Ad-Lite,5.42,3,14.8,No,PayPal,5,Web,1,6,No,153.66,Yes
SOL-02024,17,Ad-Lite,6.91,2,3.5,Yes,Credit Card,4,Web,1,21,Yes,127.12,Yes
SOL-02025,13,Ad-Lite,5.64,2,12.3,Yes,Credit Card,7,App Store,2,17,No,30.83,Yes
SOL-02026,9,Ad-Lite,4.98,2,5.4,No,PayPal,5,Web,3,13,No,105.25,Yes
SOL-02027,19,Ultra,15.96,4,11.3,Yes,Credit Card,5,App Store,1,9,No,348.93,No
SOL-02028,7,Standard,11.19,1,7.9,Yes,PayPal,3,Web,3,26,No,96.78,No
SOL-02029,41,Standard,12.39,1,4.4,Yes,Credit Card,2,App Store,2,11,No,1077.08,No
SOL-02030,13,Ultra,16.1,1,4.0,No,PayPal,5,Web,3,7,No,263.98,No
SOL-02031,10,Ad-Lite,5.96,1,5.3,No,Gift Card,1,App Store,1,6,No,39.77,Yes
SOL-02032,15,Standard,11.77,3,6.6,No,Gift Card,5,Web,1,18,Yes,214.04,Yes
SOL-02033,29,Ad-Lite,5.75,2,2.7,Yes,PayPal,3,Web,2,7,Yes,121.54,Yes
SOL-02034,4,Ultra,17.41,1,15.2,No,PayPal,1,App Store,3,13,No,250.97,Yes
SOL-02035,40,Standard,12.11,1,8.4,Yes,Gift Card,3,Partner Bundle,1,27,No,241.07,No
SOL-02036,20,Ad-Lite,7.0,2,2.3,No,Gift Card,4,App Store,2,10,No,178.57,No
SOL-02037,17,Ad-Lite,5.15,2,11.6,Yes,Credit Card,4,App Store,2,5,No,0.0,No
SOL-02038,3,Ad-Lite,5.27,3,17.7,Yes,Credit Card,2,Web,1,3,No,0.0,Yes
SOL-02039,5,Ad-Lite,6.38,2,13.5,No,Gift Card,4,Partner Bundle,2,6,No,263.85,Yes
SOL-02040,1,Standard,10.6,4,1.7,Yes,Mobile Carrier Billing,6,Web,2,1,No,0.0,Yes
SOL-02041,6,Ad-Lite,6.23,3,20.7,No,Mobile Carrier Billing,5,Partner Bundle,2,10,No,135.79,No
SOL-02042,25,Standard,10.92,1,1.4,Yes,Mobile Carrier Billing,3,Web,1,11,No,246.42,No
SOL-02043,30,Standard,10.4,1,5.7,Yes,Mobile Carrier Billing,5,Web,2,13,No,729.96,Yes
SOL-02044,17,Ad-Lite,6.07,1,10.5,Yes,Mobile Carrier Billing,6,Web,4,6,Yes,187.97,Yes
SOL-02045,14,Ultra,15.24,2,14.1,Yes,Mobile Carrier Billing,4,App Store,2,7,No,344.79,No
SOL-02046,22,Ad-Lite,6.1,3,13.2,Yes,PayPal,2,App Store,5,10,No,157.48,Yes
SOL-02047,11,Standard,10.74,1,2.4,No,PayPal,1,Web,2,14,No,109.92,No
SOL-02048,3,Ultra,15.2,1,12.4,No,Credit Card,2,Web,1,8,No,181.43,No
SOL-02049,5,Ad-Lite,7.74,1,10.7,Yes,Credit Card,8,Web,2,1,No,41.49,Yes
SOL-02050,17,Ad-Lite,5.29,2,1.5,Yes,Mobile Carrier Billing,5,Web,2,12,No,20.61,Yes
SOL-02051,23,Ultra,16.78,2,11.8,Yes,Mobile Carrier Billing,5,App Store,3,5,Yes,543.28,No
SOL-02052,14,Ultra,17.21,3,6.2,Yes,Credit Card,6,Partner Bundle,1,4,No,261.1,No
SOL-02053,9,Standard,13.59,5,3.9,No,Mobile Carrier Billing,1,Partner Bundle,3,6,No,134.72,Yes
SOL-02054,25,Standard,12.36,2,6.2,Yes,Mobile Carrier Billing,3,Web,2,8,No,324.69,No
SOL-02055,8,Standard,10.79,2,7.0,Yes,Credit Card,8,Web,2,8,No,168.65,No
SOL-02056,4,Ad-Lite,5.69,3,5.3,No,Credit Card,4,Web,2,1,No,37.62,Yes
SOL-02057,27,Ad-Lite,7.13,2,5.2,No,Mobile Carrier Billing,2,App Store,2,4,No,332.09,Yes
SOL-02058,24,Ultra,16.4,1,10.9,Yes,Credit Card,8,App Store,1,1,No,762.11,No
SOL-02059,12,Standard,12.76,1,1.0,Yes,Credit Card,2,Web,1,16,No,278.59,No
SOL-02060,3,Ad-Lite,5.49,1,14.7,Yes,Credit Card,3,Web,3,3,No,184.7,Yes
SOL-02061,26,Ad-Lite,6.86,2,7.3,Yes,PayPal,1,App Store,2,6,No,315.79,No
SOL-02062,24,Standard,13.35,1,10.7,No,PayPal,5,Partner Bundle,2,12,Yes,435.42,Yes
SOL-02063,31,Standard,11.33,1,3.6,No,Mobile Carrier Billing,4,App Store,4,8,No,239.7,Yes
SOL-02064,25,Standard,11.43,3,4.7,Yes,Gift Card,5,App Store,1,8,Yes,211.42,No
SOL-02065,8,Ad-Lite,6.25,2,5.5,No,Mobile Carrier Billing,4,Partner Bundle,4,8,Yes,98.09,Yes
SOL-02066,11,Ad-Lite,4.62,2,14.6,Yes,PayPal,5,Web,2,0,Yes,45.19,No
SOL-02067,7,Standard,11.37,3,6.9,Yes,Credit Card,5,Web,2,16,No,83.84,Yes
SOL-02068,9,Ad-Lite,5.39,3,13.8,Yes,Credit Card,5,Partner Bundle,3,1,No,144.4,Yes
SOL-02069,9,Ad-Lite,6.01,4,3.2,Yes,Credit Card,4,Web,3,4,Yes,140.15,Yes
SOL-02070,23,Ad-Lite,4.58,2,2.0,Yes,Credit Card,6,App Store,2,6,Yes,116.75,No
SOL-02071,21,Standard,12.1,5,6.4,No,Credit Card,2,App Store,2,3,No,233.07,Yes
SOL-02072,4,Standard,10.83,2,6.2,Yes,Mobile Carrier Billing,3,Web,1,1,No,88.65,Yes
SOL-02073,16,Standard,12.7,3,5.4,Yes,PayPal,9,App Store,3,6,Yes,884.48,No
SOL-02074,2,Standard,11.93,1,3.1,Yes,Credit Card,2,Partner Bundle,3,29,No,75.49,Yes
SOL-02075,30,Ad-Lite,6.02,2,2.0,No,Credit Card,6,Partner Bundle,3,4,No,94.16,Yes
SOL-02076,25,Ultra,16.66,1,1.1,No,Mobile Carrier Billing,4,App Store,5,11,No,363.47,No
SOL-02077,11,Ad-Lite,5.25,2,11.0,Yes,Mobile Carrier Billing,3,Web,1,5,No,143.63,Yes
SOL-02078,9,Standard,12.48,1,11.0,No,Credit Card,2,App Store,2,2,No,41.79,No
SOL-02079,24,Ultra,17.78,1,8.4,Yes,Mobile Carrier Billing,3,App Store,1,6,No,571.71,No
SOL-02080,11,Standard,12.59,1,11.7,No,PayPal,3,App Store,3,9,No,176.24,Yes
SOL-02081,16,Ad-Lite,5.18,2,6.3,Yes,PayPal,3,App Store,3,9,No,168.2,Yes
SOL-02082,10,Ad-Lite,8.0,1,7.9,Yes,PayPal,0,Web,2,0,No,95.01,No
SOL-02083,13,Ad-Lite,7.07,3,9.4,Yes,Credit Card,5,App Store,2,4,Yes,62.25,Yes
SOL-02084,15,Ad-Lite,6.79,5,8.3,No,Credit Card,6,App Store,2,10,No,179.78,No
SOL-02085,4,Ad-Lite,4.7,2,10.4,Yes,PayPal,6,Web,4,9,Yes,133.23,Yes
SOL-02086,8,Standard,12.21,2,8.4,No,PayPal,2,App Store,1,14,Yes,119.24,No
SOL-02087,14,Ad-Lite,4.83,2,5.3,Yes,Credit Card,5,Web,1,8,No,122.62,No
SOL-02088,17,Ad-Lite,6.48,1,3.3,Yes,Credit Card,3,App Store,1,1,No,24.12,No
SOL-02089,9,Ad-Lite,4.0,2,11.5,No,Gift Card,3,Partner Bundle,2,13,No,30.49,No
SOL-02090,30,Ad-Lite,5.18,2,5.0,No,Credit Card,7,Partner Bundle,2,16,No,126.58,No
SOL-02091,15,Ad-Lite,5.2,3,13.1,Yes,PayPal,10,Web,2,4,No,2.08,Yes
SOL-02092,20,Ad-Lite,5.57,4,4.0,No,Gift Card,2,Web,2,7,Yes,98.34,No
SOL-02093,2,Ad-Lite,6.85,1,4.5,Yes,Mobile Carrier Billing,3,App Store,1,5,Yes,0.0,Yes
SOL-02094,4,Ad-Lite,7.16,1,5.0,Yes,Credit Card,1,Web,1,12,No,86.03,Yes
SOL-02095,2,Ad-Lite,6.46,1,9.4,Yes,Mobile Carrier Billing,4,Web,2,8,No,0.0,Yes
SOL-02096,25,Ad-Lite,4.93,1,7.5,No,PayPal,6,Partner Bundle,2,14,Yes,82.38,No
SOL-02097,15,Ultra,15.82,5,8.1,Yes,PayPal,7,App Store,1,11,No,207.13,No
SOL-02098,21,Standard,12.36,3,4.5,No,Credit Card,4,Web,2,12,No,63.39,Yes
SOL-02099,12,Standard,11.03,4,3.3,No,Credit Card,2,Partner Bundle,1,7,No,271.45,No
SOL-02100,11,Ultra,13.81,4,11.7,No,Mobile Carrier Billing,2,Web,2,8,No,50.99,No
SOL-02101,37,Standard,12.17,3,10.6,Yes,PayPal,5,Partner Bundle,2,11,No,511.87,No
SOL-02102,23,Standard,13.06,2,1.2,Yes,Credit Card,2,Web,2,8,No,405.51,Yes
SOL-02103,27,Ad-Lite,5.05,3,3.5,No,PayPal,1,Web,3,9,No,160.34,Yes
SOL-02104,12,Ultra,18.32,4,13.3,Yes,Credit Card,2,Web,1,4,No,145.53,No
SOL-02105,12,Ad-Lite,6.92,3,7.1,No,Credit Card,2,App Store,1,1,No,6.52,Yes
SOL-02106,20,Ad-Lite,6.55,1,7.7,Yes,Credit Card,4,Web,3,3,No,147.18,Yes
SOL-02107,26,Standard,11.13,4,4.6,No,Credit Card,3,Web,2,10,Yes,162.55,No
SOL-02108,4,Standard,10.34,3,5.1,Yes,Gift Card,3,App Store,5,23,No,0.0,No
SOL-02109,10,Ultra,14.94,4,1.3,No,PayPal,2,Partner Bundle,2,7,No,211.33,No
SOL-02110,2,Standard,12.4,1,4.9,No,Credit Card,4,Web,1,27,No,174.15,No
SOL-02111,28,Standard,13.93,1,3.5,No,PayPal,2,Partner Bundle,1,2,No,258.13,No
SOL-02112,18,Ad-Lite,6.85,2,8.0,Yes,PayPal,5,Web,3,13,No,164.93,Yes
SOL-02113,7,Standard,11.96,2,4.0,Yes,PayPal,3,Partner Bundle,2,25,No,252.95,Yes
SOL-02114,3,Standard,12.45,2,10.4,Yes,PayPal,3,App Store,1,4,No,0.0,No
SOL-02115,13,Ad-Lite,5.08,4,1.1,Yes,PayPal,6,App Store,1,16,No,91.46,Yes
SOL-02116,5,Ad-Lite,5.59,5,8.6,Yes,Mobile Carrier Billing,2,Partner Bundle,5,7,No,17.59,Yes
SOL-02117,19,Standard,13.76,3,3.1,No,PayPal,3,App Store,1,4,No,360.39,No
SOL-02118,27,Standard,11.82,1,3.8,Yes,PayPal,1,Partner Bundle,1,27,No,322.52,No
SOL-02119,5,Ad-Lite,6.95,3,5.1,Yes,Credit Card,1,Web,2,3,No,129.09,No
SOL-02120,22,Ad-Lite,6.66,1,16.7,Yes,Credit Card,2,Web,1,3,Yes,111.0,No
SOL-02121,19,Ad-Lite,6.66,2,7.2,No,Credit Card,1,App Store,4,1,No,200.25,Yes
SOL-02122,6,Ad-Lite,6.36,3,6.0,No,Mobile Carrier Billing,2,App Store,1,13,No,0.0,No
SOL-02123,3,Standard,10.0,3,3.8,Yes,Gift Card,2,Partner Bundle,3,2,No,24.11,Yes
SOL-02124,12,Ad-Lite,5.35,2,9.5,Yes,Credit Card,2,Web,2,10,No,99.42,Yes
SOL-02125,25,Ultra,15.69,3,3.7,No,PayPal,4,App Store,4,16,No,450.17,No
SOL-02126,16,Ad-Lite,6.46,2,3.0,No,PayPal,3,App Store,2,6,Yes,74.8,No
SOL-02127,9,Ad-Lite,6.1,3,2.8,Yes,PayPal,4,Web,2,2,No,139.8,Yes
SOL-02128,20,Standard,12.19,2,7.9,Yes,Credit Card,3,Partner Bundle,2,4,No,157.89,No
SOL-02129,39,Standard,12.55,2,8.9,No,Credit Card,3,Web,2,17,No,608.75,No
SOL-02130,11,Standard,12.08,2,4.3,Yes,PayPal,2,Partner Bundle,1,5,No,153.33,No
SOL-02131,14,Standard,10.93,4,5.9,No,PayPal,4,Web,4,25,Yes,121.2,No
SOL-02132,20,Ad-Lite,5.47,5,3.6,Yes,PayPal,3,Partner Bundle,2,12,No,156.05,No
SOL-02133,10,Standard,12.04,3,8.2,Yes,Credit Card,3,Partner Bundle,2,32,No,169.53,No
SOL-02134,16,Standard,11.1,2,3.1,Yes,PayPal,4,Web,2,13,No,169.05,No
SOL-02135,24,Ad-Lite,5.42,1,17.7,Yes,Credit Card,3,Web,1,11,No,178.2,Yes
SOL-02136,35,Standard,11.87,2,9.5,No,PayPal,4,Partner Bundle,1,2,No,361.1,No
SOL-02137,24,Standard,12.04,3,3.6,Yes,Gift Card,5,Web,1,8,No,365.76,No
SOL-02138,15,Ad-Lite,6.09,3,7.1,Yes,Mobile Carrier Billing,5,Web,1,10,No,130.38,No
SOL-02139,30,Standard,11.0,2,7.9,Yes,Credit Card,4,Web,3,17,Yes,401.58,No
SOL-02140,29,Ad-Lite,5.9,1,19.4,No,Credit Card,1,Partner Bundle,3,2,No,128.85,Yes
SOL-02141,9,Standard,12.79,3,12.2,Yes,Mobile Carrier Billing,5,App Store,1,3,No,95.32,No
SOL-02142,16,Standard,11.78,3,4.1,Yes,Gift Card,5,Partner Bundle,1,13,No,158.36,No
SOL-02143,32,Ultra,14.66,2,30.0,Yes,Mobile Carrier Billing,6,App Store,2,8,No,267.33,No
SOL-02144,3,Ad-Lite,5.65,1,2.7,No,PayPal,4,Web,1,10,No,74.1,Yes
SOL-02145,2,Ad-Lite,5.94,2,2.0,No,PayPal,3,Web,3,3,Yes,26.13,Yes
SOL-02146,26,Ultra,17.34,2,7.1,Yes,Mobile Carrier Billing,5,App Store,1,20,No,445.1,No
SOL-02147,9,Ad-Lite,5.5,4,6.0,No,Credit Card,1,Web,1,12,Yes,29.43,No
SOL-02148,13,Ad-Lite,6.28,3,8.2,No,Credit Card,4,Web,1,14,No,31.96,Yes
SOL-02149,20,Standard,11.17,4,4.7,No,Credit Card,4,Web,2,4,No,315.18,No
SOL-02150,5,Ad-Lite,6.23,2,3.0,Yes,PayPal,3,Partner Bundle,2,14,No,68.3,No
SOL-02151,7,Standard,12.4,1,6.8,No,Credit Card,3,App Store,1,5,No,153.68,Yes
SOL-02152,8,Standard,11.16,5,26.8,Yes,Credit Card,3,App Store,1,14,No,108.59,No
SOL-02153,3,Standard,13.08,1,9.3,Yes,Gift Card,5,App Store,3,21,No,40.95,No
SOL-02154,16,Ultra,17.77,1,5.1,No,Credit Card,3,App Store,1,2,No,223.0,No
SOL-02155,13,Ad-Lite,6.29,2,7.2,Yes,Credit Card,1,Web,2,9,No,44.42,No
SOL-02156,21,Standard,10.76,2,15.6,No,Mobile Carrier Billing,1,Web,1,7,No,210.9,No
SOL-02157,9,Standard,13.01,3,7.5,Yes,Credit Card,2,App Store,3,13,No,535.82,No
SOL-02158,14,Ultra,19.07,2,2.1,No,Mobile Carrier Billing,3,Web,2,22,No,329.52,Yes
SOL-02159,3,Standard,11.11,3,0.3,Yes,Credit Card,2,Web,2,6,No,58.75,Yes
SOL-02160,7,Standard,10.28,1,14.9,Yes,Credit Card,3,App Store,5,18,No,98.21,No
SOL-02161,5,Standard,10.94,2,11.0,Yes,Mobile Carrier Billing,5,Web,1,8,No,102.22,No
SOL-02162,11,Ad-Lite,4.5,2,6.0,Yes,Mobile Carrier Billing,4,Partner Bundle,2,2,No,135.05,Yes
SOL-02163,27,Standard,12.09,3,7.1,Yes,Credit Card,3,Web,1,18,No,275.25,No
SOL-02164,15,Standard,10.39,4,1.2,Yes,PayPal,5,App Store,3,0,No,77.02,No
SOL-02165,14,Ultra,19.15,1,11.9,Yes,Credit Card,2,App Store,3,14,No,462.79,No
SOL-02166,5,Ad-Lite,5.18,3,3.0,Yes,Credit Card,2,Partner Bundle,1,5,No,0.0,Yes
SOL-02167,12,Ad-Lite,5.21,4,7.4,No,Mobile Carrier Billing,4,App Store,3,9,No,97.85,No
SOL-02168,11,Ad-Lite,4.71,2,3.3,No,Mobile Carrier Billing,4,Partner Bundle,4,2,Yes,43.46,Yes
SOL-02169,9,Ultra,18.68,3,6.6,Yes,PayPal,4,Web,2,15,Yes,122.21,No
SOL-02170,19,Ultra,17.1,2,23.4,No,Credit Card,3,App Store,2,9,No,303.07,Yes
SOL-02171,2,Ad-Lite,7.11,1,18.2,Yes,Gift Card,6,Web,2,3,Yes,9.59,Yes
SOL-02172,2,Ad-Lite,6.12,2,2.1,Yes,PayPal,5,App Store,3,3,No,0.0,No
SOL-02173,8,Ad-Lite,5.39,1,4.4,No,Gift Card,3,Partner Bundle,2,9,No,73.26,No
SOL-02174,2,Ad-Lite,5.41,2,10.6,No,Gift Card,6,App Store,3,3,No,47.99,Yes
SOL-02175,13,Ad-Lite,4.67,3,8.3,Yes,Gift Card,6,App Store,1,2,No,98.44,Yes
SOL-02176,10,Ultra,17.42,1,11.2,No,PayPal,2,App Store,5,1,No,169.44,Yes
SOL-02177,21,Ad-Lite,4.45,1,16.2,Yes,Credit Card,7,App Store,3,3,No,177.72,Yes
SOL-02178,37,Standard,11.88,1,10.9,Yes,PayPal,3,Web,4,7,No,607.71,No
SOL-02179,5,Ad-Lite,6.29,4,4.7,Yes,PayPal,5,Web,2,14,Yes,45.22,No
SOL-02180,6,Ad-Lite,7.93,3,2.1,Yes,PayPal,3,App Store,4,3,Yes,33.9,Yes
SOL-02181,25,Ad-Lite,6.59,1,5.4,No,Mobile Carrier Billing,2,App Store,2,6,Yes,152.73,Yes
SOL-02182,11,Ad-Lite,5.98,3,7.4,Yes,Mobile Carrier Billing,3,Web,2,14,Yes,5.82,Yes
SOL-02183,20,Standard,11.86,1,14.5,Yes,Credit Card,1,App Store,1,9,No,350.82,Yes
SOL-02184,3,Standard,10.88,1,2.2,Yes,Credit Card,3,Web,2,4,No,33.23,Yes
SOL-02185,7,Ultra,17.27,3,10.6,No,Gift Card,2,Web,2,15,Yes,76.74,No
SOL-02186,9,Ultra,16.55,2,13.1,Yes,Credit Card,4,Web,1,3,No,256.13,No
SOL-02187,18,Ad-Lite,5.3,2,16.6,No,Mobile Carrier Billing,2,Web,3,11,No,128.47,No
SOL-02188,34,Ultra,17.95,3,15.7,Yes,Mobile Carrier Billing,6,Web,1,6,No,855.87,No
SOL-02189,14,Ultra,17.31,1,4.7,No,Mobile Carrier Billing,0,App Store,2,3,No,557.11,Yes
SOL-02190,5,Ad-Lite,5.77,3,7.4,No,Mobile Carrier Billing,3,Web,2,14,No,31.18,No
SOL-02191,8,Ad-Lite,4.26,2,9.0,Yes,Credit Card,5,Web,2,21,No,199.63,No
SOL-02192,10,Standard,12.1,5,5.4,Yes,Credit Card,3,Partner Bundle,1,19,Yes,152.44,Yes
SOL-02193,26,Ad-Lite,5.82,1,2.0,Yes,Mobile Carrier Billing,5,Web,1,13,No,205.89,Yes
SOL-02194,17,Standard,12.2,2,4.2,Yes,Gift Card,3,Web,3,12,No,133.87,No
SOL-02195,4,Ultra,16.38,1,6.0,Yes,Mobile Carrier Billing,7,App Store,3,2,No,255.53,No
SOL-02196,7,Ad-Lite,5.69,2,5.6,No,Mobile Carrier Billing,4,Web,2,5,No,81.15,Yes
SOL-02197,7,Standard,12.41,4,2.1,No,Credit Card,5,Web,2,5,No,149.44,No
SOL-02198,16,Ad-Lite,4.73,2,13.7,No,PayPal,1,Web,1,10,No,180.65,No
SOL-02199,4,Ultra,18.08,2,8.4,Yes,PayPal,3,App Store,3,18,No,152.19,No
SOL-02200,1,Ad-Lite,4.55,1,3.2,Yes,Credit Card,5,App Store,1,8,Yes,58.78,Yes
SOL-02201,11,Ad-Lite,6.31,5,4.2,Yes,PayPal,4,App Store,4,6,No,187.34,No
SOL-02202,10,Ad-Lite,4.74,2,24.1,Yes,Credit Card,2,Partner Bundle,3,18,No,107.4,No
SOL-02203,13,Standard,11.11,2,12.9,Yes,PayPal,4,Web,1,1,No,187.23,No
SOL-02204,5,Ad-Lite,7.54,3,4.0,Yes,Mobile Carrier Billing,2,App Store,2,6,No,77.08,Yes
SOL-02205,9,Ad-Lite,4.67,3,0.6,Yes,PayPal,4,Web,1,2,Yes,16.36,No
SOL-02206,17,Ad-Lite,6.6,1,7.4,Yes,PayPal,2,App Store,3,7,No,49.36,Yes
SOL-02207,8,Ad-Lite,4.43,3,2.2,Yes,PayPal,2,Web,2,1,No,115.43,No
SOL-02208,11,Ad-Lite,6.28,3,6.8,Yes,PayPal,2,App Store,1,3,No,86.14,Yes
SOL-02209,18,Standard,14.13,3,3.2,Yes,PayPal,0,Web,3,5,No,429.81,No
SOL-02210,29,Ad-Lite,5.41,2,16.8,Yes,Credit Card,3,Web,2,4,No,104.19,No
SOL-02211,22,Standard,11.78,2,4.1,No,PayPal,1,Web,1,7,No,460.5,No
SOL-02212,11,Ad-Lite,5.69,3,11.7,Yes,Credit Card,3,Web,3,10,No,70.76,Yes
SOL-02213,5,Ad-Lite,6.16,2,5.1,Yes,Gift Card,2,Web,2,8,No,154.41,No
SOL-02214,9,Standard,10.31,2,2.9,Yes,Credit Card,2,App Store,2,6,No,57.41,No
SOL-02215,18,Ad-Lite,5.23,5,3.2,No,Credit Card,2,Web,1,9,No,0.0,Yes
SOL-02216,15,Ad-Lite,6.62,3,7.7,Yes,Credit Card,3,Web,4,18,No,35.34,Yes
SOL-02217,8,Ad-Lite,6.34,4,9.2,Yes,PayPal,3,App Store,2,6,No,122.33,Yes
SOL-02218,11,Standard,13.05,1,15.8,No,Mobile Carrier Billing,1,Web,5,1,No,181.24,No
SOL-02219,8,Ad-Lite,5.16,2,15.7,No,PayPal,2,Partner Bundle,2,13,No,117.28,Yes
SOL-02220,5,Ultra,17.1,2,12.8,Yes,Mobile Carrier Billing,2,Partner Bundle,1,5,No,177.65,Yes
SOL-02221,12,Ad-Lite,4.88,5,3.2,Yes,Gift Card,5,App Store,2,3,Yes,83.24,Yes
SOL-02222,36,Standard,12.49,2,7.2,Yes,Credit Card,2,Web,3,26,No,180.45,No
SOL-02223,5,Standard,11.09,1,7.1,Yes,PayPal,2,Web,3,7,No,198.48,Yes
SOL-02224,4,Ad-Lite,5.85,4,3.5,No,Mobile Carrier Billing,0,Partner Bundle,1,7,No,17.59,Yes
SOL-02225,26,Ad-Lite,6.24,1,2.4,No,PayPal,3,Partner Bundle,2,13,Yes,223.02,No
SOL-02226,7,Standard,11.46,4,7.6,Yes,PayPal,7,Partner Bundle,2,7,No,64.81,No
SOL-02227,6,Standard,11.81,3,2.4,Yes,PayPal,3,Web,3,5,Yes,77.56,No
SOL-02228,21,Ad-Lite,5.26,3,7.5,No,Mobile Carrier Billing,3,Partner Bundle,2,4,No,327.91,No
SOL-02229,10,Standard,10.87,2,4.9,No,Gift Card,3,App Store,4,6,Yes,140.22,No
SOL-02230,21,Ad-Lite,5.97,3,11.6,No,Credit Card,4,Web,2,9,No,264.35,Yes
SOL-02231,25,Standard,12.35,5,11.8,Yes,Credit Card,3,Web,3,5,No,123.37,No
SOL-02232,3,Ad-Lite,6.52,2,7.4,No,PayPal,5,Partner Bundle,1,16,No,0.22,No
SOL-02233,27,Ad-Lite,6.26,1,6.6,Yes,PayPal,5,Web,3,5,Yes,141.93,No
SOL-02234,35,Standard,12.5,2,11.8,Yes,Mobile Carrier Billing,5,App Store,2,26,No,404.13,No
SOL-02235,12,Standard,12.99,2,17.2,No,Gift Card,5,App Store,1,8,No,219.62,No
SOL-02236,6,Ad-Lite,5.53,3,11.6,No,Gift Card,10,Partner Bundle,1,5,No,77.54,Yes
SOL-02237,5,Standard,10.19,1,10.0,Yes,Credit Card,3,App Store,2,2,No,28.71,No
SOL-02238,14,Standard,11.85,3,15.7,No,Credit Card,4,App Store,1,3,No,133.51,No
SOL-02239,32,Standard,11.54,4,2.3,No,PayPal,3,App Store,3,2,Yes,145.12,Yes
SOL-02240,21,Ad-Lite,6.98,4,1.2,Yes,PayPal,6,Web,2,3,No,246.21,Yes
SOL-02241,18,Ad-Lite,5.37,3,5.2,No,Credit Card,2,Web,1,4,Yes,114.87,Yes
SOL-02242,3,Standard,11.24,4,15.2,No,Gift Card,6,App Store,3,3,Yes,0.0,No
SOL-02243,10,Ad-Lite,4.2,3,15.9,Yes,PayPal,1,Web,1,5,No,117.43,No
SOL-02244,14,Standard,12.92,3,6.4,Yes,Credit Card,5,App Store,1,6,No,211.99,Yes
SOL-02245,2,Standard,12.64,2,14.0,Yes,PayPal,2,Web,3,9,Yes,146.65,No
SOL-02246,23,Ultra,17.56,2,23.2,Yes,Mobile Carrier Billing,6,App Store,3,9,Yes,685.12,No
SOL-02247,15,Standard,12.02,2,5.1,No,Gift Card,5,Web,2,13,No,297.41,Yes
SOL-02248,6,Ultra,15.96,1,8.0,No,PayPal,0,Partner Bundle,1,4,Yes,113.93,Yes
SOL-02249,11,Ad-Lite,4.36,1,12.5,Yes,Mobile Carrier Billing,4,Partner Bundle,2,11,No,8.92,No
SOL-02250,17,Ad-Lite,5.59,2,10.2,Yes,Gift Card,4,App Store,2,6,No,117.55,Yes
SOL-02251,20,Ultra,13.0,4,10.2,No,PayPal,5,Web,1,1,No,82.79,No
SOL-02252,9,Ad-Lite,5.5,3,15.8,No,Credit Card,0,Partner Bundle,2,4,No,27.49,Yes
SOL-02253,11,Ultra,17.24,3,13.7,Yes,PayPal,5,App Store,4,5,No,183.75,No
SOL-02254,22,Ad-Lite,5.62,1,3.1,No,PayPal,4,App Store,3,15,No,271.99,No
SOL-02255,18,Ad-Lite,5.44,1,8.0,No,Credit Card,2,App Store,2,1,No,207.92,Yes
SOL-02256,3,Ad-Lite,5.51,3,10.8,Yes,PayPal,3,Web,1,7,No,85.71,No
SOL-02257,7,Ad-Lite,5.04,3,2.5,No,PayPal,3,App Store,3,16,No,38.86,No
SOL-02258,14,Ad-Lite,6.4,3,8.4,Yes,Credit Card,5,Web,1,4,No,117.54,Yes
SOL-02259,30,Ad-Lite,5.73,3,7.8,No,Mobile Carrier Billing,3,Web,3,6,No,397.85,No
SOL-02260,13,Standard,11.94,1,12.9,Yes,Credit Card,4,Web,2,5,No,190.07,No
SOL-02261,26,Standard,10.99,3,3.3,Yes,Credit Card,2,App Store,3,22,No,345.01,No
SOL-02262,6,Ad-Lite,6.69,2,7.3,Yes,Gift Card,4,App Store,2,15,No,41.98,Yes
SOL-02263,42,Ad-Lite,6.11,2,15.0,Yes,Credit Card,4,App Store,5,23,No,303.11,Yes
SOL-02264,1,Ad-Lite,5.44,1,9.0,Yes,Credit Card,2,Partner Bundle,2,4,No,48.0,Yes
SOL-02265,31,Standard,11.3,1,9.5,No,PayPal,5,Web,2,20,No,383.93,No
SOL-02266,4,Ad-Lite,5.67,1,4.8,No,Credit Card,2,App Store,1,16,No,34.58,No
SOL-02267,4,Ad-Lite,6.07,2,2.1,Yes,Credit Card,2,Partner Bundle,3,18,No,0.0,Yes
SOL-02268,7,Standard,13.98,3,4.7,Yes,Mobile Carrier Billing,4,Web,5,7,No,233.92,Yes
SOL-02269,16,Ad-Lite,4.98,3,12.4,Yes,Mobile Carrier Billing,6,App Store,2,8,No,72.09,Yes
SOL-02270,1,Standard,12.64,3,2.3,Yes,Credit Card,4,Web,1,4,No,138.46,No
SOL-02271,7,Ultra,14.92,4,4.6,Yes,Mobile Carrier Billing,6,Web,2,4,No,128.88,No
SOL-02272,4,Ad-Lite,6.1,2,6.0,Yes,Mobile Carrier Billing,2,App Store,2,4,No,1.91,Yes
SOL-02273,6,Ultra,18.58,3,11.4,No,Mobile Carrier Billing,4,Partner Bundle,1,9,No,32.68,No
SOL-02274,6,Ad-Lite,6.36,2,2.8,Yes,PayPal,3,Web,2,9,No,182.08,No
SOL-02275,12,Standard,12.21,2,5.8,No,Mobile Carrier Billing,5,Partner Bundle,4,4,No,146.95,Yes
SOL-02276,13,Standard,12.61,3,6.4,Yes,Credit Card,2,Web,1,10,No,85.83,Yes
SOL-02277,4,Standard,11.7,4,7.5,No,Credit Card,4,App Store,1,4,No,66.48,No
SOL-02278,9,Ad-Lite,4.0,2,14.6,No,Credit Card,2,Web,2,9,Yes,26.03,Yes
SOL-02279,14,Standard,11.91,1,4.2,No,PayPal,3,App Store,1,6,Yes,264.83,Yes
SOL-02280,14,Ultra,16.42,1,4.9,Yes,Mobile Carrier Billing,4,Partner Bundle,4,6,No,189.82,No
SOL-02281,17,Standard,11.97,3,4.4,No,Credit Card,4,App Store,2,6,No,218.14,No
SOL-02282,12,Standard,12.12,1,5.3,No,Credit Card,2,App Store,4,4,No,107.72,No
SOL-02283,9,Ad-Lite,5.1,2,11.6,Yes,Mobile Carrier Billing,4,App Store,3,4,No,0.0,Yes
SOL-02284,3,Ad-Lite,6.45,3,0.9,Yes,Credit Card,3,App Store,2,4,No,80.5,No
SOL-02285,9,Ultra,15.17,3,0.9,Yes,Credit Card,1,Partner Bundle,3,4,No,132.59,No
SOL-02286,30,Standard,14.22,4,8.8,Yes,Mobile Carrier Billing,3,Web,4,16,No,1501.53,No
SOL-02287,21,Ad-Lite,6.21,5,11.5,No,Credit Card,3,App Store,3,2,No,272.99,No
SOL-02288,13,Ad-Lite,5.71,2,6.9,Yes,PayPal,3,App Store,2,14,No,53.78,No
SOL-02289,9,Standard,9.88,2,11.6,Yes,Credit Card,2,Web,2,23,No,0.0,No
SOL-02290,15,Ultra,16.08,3,11.3,No,PayPal,0,Partner Bundle,2,5,No,269.45,No
SOL-02291,16,Ad-Lite,5.96,1,3.1,Yes,PayPal,1,App Store,1,32,Yes,128.05,Yes
SOL-02292,10,Ad-Lite,5.85,3,5.0,No,Mobile Carrier Billing,0,Web,2,13,No,0.0,Yes
SOL-02293,19,Ultra,16.82,3,8.8,Yes,Mobile Carrier Billing,2,Web,3,3,Yes,640.12,No
SOL-02294,3,Standard,12.46,5,1.9,Yes,Credit Card,4,Web,2,5,Yes,104.49,No
SOL-02295,16,Ultra,18.49,2,3.2,Yes,Credit Card,5,App Store,3,7,Yes,369.07,No
SOL-02296,14,Ultra,18.73,2,5.6,Yes,Credit Card,7,App Store,2,5,No,1095.39,Yes
SOL-02297,6,Standard,11.15,3,8.7,Yes,Credit Card,2,App Store,1,25,No,0.0,No
SOL-02298,3,Ad-Lite,6.96,3,2.5,Yes,Mobile Carrier Billing,8,Web,2,23,Yes,37.71,Yes
SOL-02299,11,Ad-Lite,4.85,1,8.1,No,Mobile Carrier Billing,0,App Store,3,4,No,72.71,Yes
SOL-02300,30,Standard,12.08,2,2.8,Yes,Credit Card,2,Web,1,9,No,305.55,No
SOL-02301,5,Standard,12.12,1,7.6,Yes,PayPal,1,App Store,1,3,No,137.41,Yes
SOL-02302,34,Ad-Lite,6.72,3,4.8,Yes,Mobile Carrier Billing,2,App Store,3,0,No,302.34,No
SOL-02303,12,Standard,10.62,2,5.0,No,Credit Card,5,App Store,2,16,No,144.71,No
SOL-02304,24,Standard,11.14,3,2.0,Yes,Credit Card,3,Web,3,5,No,330.83,No
SOL-02305,4,Ad-Lite,6.18,2,11.5,Yes,Mobile Carrier Billing,7,Web,2,18,No,42.72,Yes
SOL-02306,23,Ad-Lite,6.95,4,13.8,Yes,Credit Card,2,Web,1,1,No,76.13,No
SOL-02307,16,Ad-Lite,6.45,1,15.3,Yes,Credit Card,3,App Store,1,8,No,0.0,Yes
SOL-02308,10,Standard,12.38,3,1.9,Yes,Credit Card,3,Partner Bundle,3,21,No,216.75,No
SOL-02309,41,Ad-Lite,6.27,2,18.1,Yes,PayPal,6,Partner Bundle,3,5,Yes,322.74,No
SOL-02310,17,Standard,12.23,1,5.7,Yes,Credit Card,2,Web,1,18,No,348.7,No
SOL-02311,28,Standard,11.19,2,9.5,Yes,PayPal,3,App Store,3,1,No,327.52,No
SOL-02312,6,Ad-Lite,5.86,2,3.8,No,Mobile Carrier Billing,0,Partner Bundle,3,1,Yes,163.85,Yes
SOL-02313,16,Ultra,17.04,5,13.9,Yes,Credit Card,4,Web,2,13,No,399.8,Yes
SOL-02314,23,Ad-Lite,5.84,2,2.0,Yes,Credit Card,5,Web,4,7,No,230.06,Yes
SOL-02315,20,Ad-Lite,7.25,3,8.6,No,PayPal,6,Web,1,24,No,90.86,Yes
SOL-02316,13,Ad-Lite,4.76,1,8.5,Yes,PayPal,3,Partner Bundle,1,7,Yes,172.15,Yes
SOL-02317,2,Standard,12.15,2,7.2,Yes,Mobile Carrier Billing,1,Web,1,11,No,33.93,Yes
SOL-02318,8,Ad-Lite,5.26,2,6.8,Yes,Mobile Carrier Billing,2,Partner Bundle,2,26,Yes,125.1,Yes
SOL-02319,5,Ultra,16.1,2,3.3,No,PayPal,3,Web,1,10,No,155.28,Yes
SOL-02320,16,Ad-Lite,6.67,2,8.2,Yes,PayPal,3,Web,2,2,No,144.26,No
SOL-02321,15,Ad-Lite,6.41,3,6.4,Yes,Mobile Carrier Billing,7,Partner Bundle,3,24,No,167.48,No
SOL-02322,15,Standard,12.24,4,16.2,Yes,Credit Card,5,App Store,2,8,No,305.95,No
SOL-02323,4,Standard,12.87,1,13.3,Yes,Mobile Carrier Billing,0,App Store,1,0,No,65.17,Yes
SOL-02324,6,Standard,12.16,1,6.9,Yes,Credit Card,2,App Store,5,5,No,131.23,No
SOL-02325,3,Standard,11.38,2,4.4,Yes,Credit Card,2,Web,1,6,No,0.0,No
SOL-02326,11,Standard,12.91,4,1.5,No,Credit Card,3,App Store,4,18,No,199.46,No
SOL-02327,10,Ad-Lite,7.54,2,8.4,Yes,Mobile Carrier Billing,2,Web,1,4,No,0.0,Yes
SOL-02328,4,Ad-Lite,5.46,3,20.6,Yes,Gift Card,5,App Store,3,6,No,158.4,Yes
SOL-02329,15,Ultra,17.64,3,6.8,Yes,Credit Card,5,Web,1,18,No,63.53,No
SOL-02330,13,Standard,9.0,5,6.2,Yes,Credit Card,5,App Store,2,9,Yes,243.47,Yes
SOL-02331,15,Ad-Lite,6.0,2,7.4,Yes,Credit Card,1,Web,3,11,No,104.82,Yes
SOL-02332,15,Ad-Lite,6.94,1,6.2,Yes,Mobile Carrier Billing,2,Web,1,13,No,150.17,No
SOL-02333,25,Standard,12.59,3,5.1,No,Mobile Carrier Billing,4,Partner Bundle,1,6,Yes,568.09,Yes
SOL-02334,12,Standard,11.73,1,11.8,Yes,Credit Card,4,App Store,2,31,No,113.71,No
SOL-02335,7,Ad-Lite,6.3,2,10.5,No,PayPal,3,App Store,2,20,No,26.2,Yes
SOL-02336,25,Standard,10.12,1,13.4,Yes,Gift Card,1,Partner Bundle,2,26,Yes,176.19,No
SOL-02337,20,Ad-Lite,6.95,3,7.6,Yes,Credit Card,5,Partner Bundle,3,17,No,312.63,Yes
SOL-02338,16,Standard,10.77,2,13.2,Yes,PayPal,2,Partner Bundle,2,12,No,135.96,No
SOL-02339,25,Ad-Lite,5.42,2,6.5,No,Credit Card,6,Partner Bundle,1,9,No,247.37,Yes
SOL-02340,31,Ad-Lite,6.39,5,9.1,Yes,PayPal,3,Partner Bundle,1,5,No,430.1,Yes
SOL-02341,5,Standard,10.99,2,2.3,No,PayPal,1,Web,2,2,No,136.05,No
SOL-02342,9,Standard,12.3,1,12.3,No,PayPal,2,App Store,4,6,No,0.0,No
SOL-02343,10,Standard,12.08,3,6.0,No,PayPal,9,Web,1,6,No,37.56,No
SOL-02344,38,Ultra,16.33,3,0.9,Yes,Mobile Carrier Billing,2,Web,1,1,Yes,696.23,No
SOL-02345,7,Ad-Lite,4.71,2,11.6,Yes,Credit Card,3,App Store,2,10,No,51.54,Yes
SOL-02346,18,Ultra,18.69,1,16.1,No,Credit Card,4,Web,1,5,No,459.4,No
SOL-02347,4,Ad-Lite,7.05,5,3.3,No,Credit Card,9,Partner Bundle,3,3,No,77.22,Yes
SOL-02348,22,Ultra,15.67,2,8.3,Yes,Credit Card,4,Web,2,16,No,162.34,No
SOL-02349,21,Ad-Lite,6.17,4,18.9,Yes,Gift Card,2,App Store,2,5,Yes,339.73,Yes
SOL-02350,6,Ultra,19.74,4,15.6,Yes,Credit Card,5,Partner Bundle,4,2,Yes,22.58,Yes
SOL-02351,24,Ad-Lite,6.42,4,5.8,No,PayPal,5,App Store,1,2,No,231.27,No
SOL-02352,2,Ultra,17.45,4,13.5,Yes,Credit Card,4,App Store,1,7,No,28.74,No
SOL-02353,9,Standard,11.61,1,16.4,Yes,Credit Card,4,App Store,1,12,No,119.46,No
SOL-02354,10,Ultra,16.46,3,8.9,No,Mobile Carrier Billing,4,Web,1,8,Yes,132.88,No
SOL-02355,29,Ad-Lite,5.56,5,8.3,Yes,PayPal,5,Partner Bundle,1,6,No,319.51,No
SOL-02356,13,Standard,12.21,1,7.7,No,Credit Card,4,Web,1,10,Yes,56.34,No
SOL-02357,16,Ad-Lite,6.23,2,11.5,Yes,PayPal,5,App Store,1,6,Yes,74.71,No
SOL-02358,18,Ultra,18.31,4,2.5,Yes,Credit Card,1,App Store,2,12,No,361.31,No
SOL-02359,14,Ad-Lite,6.98,3,7.1,Yes,Gift Card,1,App Store,3,6,No,112.82,Yes
SOL-02360,18,Ad-Lite,5.11,2,3.8,Yes,PayPal,3,App Store,1,10,Yes,0.0,Yes
SOL-02361,13,Ad-Lite,7.27,1,7.9,Yes,Credit Card,4,App Store,1,10,No,86.9,No
SOL-02362,18,Ad-Lite,6.29,3,14.0,Yes,Credit Card,1,Web,2,6,No,287.14,No
SOL-02363,21,Ad-Lite,5.38,2,5.0,Yes,Credit Card,4,Partner Bundle,3,5,No,156.8,Yes
SOL-02364,4,Ad-Lite,5.47,4,11.6,Yes,Gift Card,2,App Store,1,6,Yes,43.76,Yes
SOL-02365,9,Ultra,17.77,1,10.1,Yes,Credit Card,1,App Store,1,2,Yes,462.57,No
SOL-02366,15,Ad-Lite,6.38,1,4.8,No,Credit Card,2,App Store,2,24,No,73.1,Yes
SOL-02367,27,Standard,12.99,3,5.1,Yes,Credit Card,2,App Store,1,1,Yes,539.92,Yes
SOL-02368,41,Ad-Lite,5.52,2,8.1,No,PayPal,4,App Store,3,7,No,352.6,Yes
SOL-02369,5,Ad-Lite,6.69,3,2.7,No,PayPal,1,App Store,2,3,No,0.0,Yes
SOL-02370,10,Ad-Lite,6.16,2,10.3,Yes,Credit Card,6,Web,3,5,No,165.78,Yes
SOL-02371,16,Ultra,17.96,2,9.2,No,Mobile Carrier Billing,7,Web,2,6,No,383.62,No
SOL-02372,6,Ad-Lite,7.2,5,8.7,No,Gift Card,2,Partner Bundle,3,6,No,28.56,Yes
SOL-02373,17,Standard,13.06,3,5.4,No,PayPal,4,Web,4,10,Yes,182.42,No
SOL-02374,19,Ad-Lite,6.36,4,1.7,Yes,Credit Card,1,Partner Bundle,3,47,No,142.31,Yes
SOL-02375,8,Standard,12.19,3,12.4,Yes,Mobile Carrier Billing,2,App Store,3,1,Yes,108.25,No
SOL-02376,12,Ad-Lite,6.79,2,8.4,No,Credit Card,4,App Store,1,7,No,20.02,Yes
SOL-02377,4,Standard,12.76,3,0.5,Yes,Mobile Carrier Billing,2,App Store,2,5,No,0.0,No
SOL-02378,15,Ultra,17.57,3,10.4,No,PayPal,3,App Store,3,11,No,189.03,Yes
SOL-02379,26,Ultra,17.45,3,9.0,Yes,PayPal,3,Web,2,21,Yes,423.16,No
SOL-02380,3,Ultra,18.61,2,4.6,Yes,Credit Card,7,Partner Bundle,2,3,No,139.82,No
SOL-02381,8,Ultra,16.18,1,2.8,No,Mobile Carrier Billing,7,Web,2,2,No,416.51,No
SOL-02382,34,Standard,13.38,2,16.2,No,Credit Card,6,App Store,4,1,No,475.17,No
SOL-02383,11,Ad-Lite,6.08,2,10.2,No,Mobile Carrier Billing,6,App Store,1,18,No,48.07,No
SOL-02384,7,Standard,10.34,4,6.0,No,Credit Card,7,App Store,2,14,No,27.49,No
SOL-02385,7,Ad-Lite,4.85,3,0.4,Yes,Mobile Carrier Billing,5,App Store,4,4,Yes,112.94,Yes
SOL-02386,5,Ultra,18.48,4,7.2,Yes,Credit Card,0,App Store,2,6,No,170.05,No
SOL-02387,9,Standard,11.89,1,2.7,No,Mobile Carrier Billing,4,Web,2,2,Yes,355.36,Yes
SOL-02388,11,Standard,13.05,1,5.9,Yes,PayPal,1,App Store,1,5,No,117.36,Yes
SOL-02389,31,Ultra,16.39,3,20.7,No,PayPal,1,Web,1,21,No,656.25,No
SOL-02390,8,Standard,13.8,4,6.9,Yes,Credit Card,2,Web,1,15,Yes,88.7,No
SOL-02391,9,Ad-Lite,5.88,3,4.3,No,Mobile Carrier Billing,2,Web,1,5,Yes,68.74,Yes
SOL-02392,11,Standard,11.43,3,1.5,Yes,Credit Card,1,Web,2,2,No,39.15,No
SOL-02393,21,Standard,9.99,2,2.5,No,Mobile Carrier Billing,7,App Store,4,5,No,34.76,No
SOL-02394,24,Ad-Lite,4.75,3,12.9,Yes,Credit Card,3,App Store,3,17,Yes,178.87,No
SOL-02395,39,Ad-Lite,5.96,2,2.7,Yes,Mobile Carrier Billing,2,App Store,2,9,No,309.47,Yes
SOL-02396,9,Standard,11.8,4,10.0,Yes,Credit Card,4,Partner Bundle,1,5,Yes,72.93,Yes
SOL-02397,20,Ultra,17.91,1,18.3,Yes,Mobile Carrier Billing,4,App Store,2,10,No,568.23,No
SOL-02398,19,Ad-Lite,6.3,3,5.7,No,Credit Card,2,App Store,2,19,No,136.16,Yes
SOL-02399,1,Ad-Lite,5.4,4,10.4,Yes,PayPal,2,App Store,1,2,No,93.75,Yes
SOL-02400,13,Ad-Lite,5.29,1,6.4,Yes,Credit Card,6,App Store,3,6,No,251.48,Yes
SOL-02401,7,Ad-Lite,6.96,4,3.6,No,Mobile Carrier Billing,1,App Store,5,5,No,57.85,Yes
SOL-02402,20,Ad-Lite,4.59,2,9.5,No,Credit Card,2,App Store,1,12,No,138.24,No
SOL-02403,7,Standard,11.16,2,4.3,Yes,Credit Card,3,Web,1,3,No,79.33,No
SOL-02404,6,Standard,10.99,3,2.8,Yes,Credit Card,3,App Store,3,0,Yes,126.04,No
SOL-02405,11,Standard,11.51,2,9.3,No,PayPal,2,App Store,2,1,No,142.27,No
SOL-02406,22,Ultra,19.13,1,6.8,No,Mobile Carrier Billing,4,App Store,2,4,Yes,248.06,No
SOL-02407,6,Ultra,18.67,2,3.2,No,Credit Card,4,App Store,3,28,No,216.99,No
SOL-02408,8,Ad-Lite,7.13,1,5.4,No,Credit Card,2,Web,1,6,No,117.87,Yes
SOL-02409,31,Ad-Lite,6.5,1,4.5,Yes,Credit Card,4,App Store,2,13,No,124.48,Yes
SOL-02410,23,Standard,10.67,2,3.5,Yes,Mobile Carrier Billing,7,App Store,3,6,No,247.89,Yes
SOL-02411,30,Standard,11.18,2,9.3,Yes,Mobile Carrier Billing,6,Web,3,20,Yes,282.97,No
SOL-02412,14,Standard,12.58,4,7.4,No,Mobile Carrier Billing,6,App Store,5,22,No,179.39,No
SOL-02413,4,Ad-Lite,4.63,1,3.7,Yes,PayPal,6,Partner Bundle,3,19,No,0.0,Yes
SOL-02414,19,Ad-Lite,4.0,2,6.0,Yes,Credit Card,3,App Store,2,3,No,4.91,No
SOL-02415,11,Ultra,16.81,3,15.8,No,Credit Card,3,App Store,3,1,Yes,506.51,No
SOL-02416,12,Standard,9.99,2,3.0,No,Mobile Carrier Billing,3,App Store,3,31,No,55.96,Yes
SOL-02417,7,Ultra,14.68,1,5.9,Yes,Credit Card,1,App Store,1,14,No,34.71,No
SOL-02418,8,Standard,11.06,1,5.2,Yes,Gift Card,7,App Store,2,3,Yes,149.6,Yes
SOL-02419,18,Ad-Lite,5.09,2,2.9,No,Credit Card,6,Web,3,12,Yes,136.89,No
SOL-02420,28,Standard,12.85,3,17.1,No,PayPal,2,App Store,3,19,No,282.88,No
SOL-02421,7,Ad-Lite,5.37,3,4.6,No,Credit Card,0,App Store,2,10,Yes,24.47,Yes
SOL-02422,12,Ad-Lite,5.86,2,7.9,No,Mobile Carrier Billing,7,App Store,3,4,No,163.38,Yes
SOL-02423,7,Standard,11.57,2,2.8,Yes,Credit Card,2,App Store,2,9,Yes,155.87,No
SOL-02424,13,Ad-Lite,5.64,3,13.4,No,Credit Card,1,App Store,2,9,No,265.74,No
SOL-02425,34,Ultra,18.22,1,4.1,Yes,PayPal,6,Partner Bundle,1,5,No,760.22,No
SOL-02426,16,Standard,12.6,3,8.2,Yes,Credit Card,3,Partner Bundle,2,9,No,140.26,No
SOL-02427,34,Ad-Lite,6.48,1,6.9,Yes,PayPal,4,Web,3,9,Yes,188.24,Yes
SOL-02428,15,Standard,10.74,5,25.5,Yes,Credit Card,2,App Store,3,5,No,208.09,No
SOL-02429,22,Standard,11.76,2,10.2,No,PayPal,3,Partner Bundle,4,2,No,655.15,No
SOL-02430,29,Ad-Lite,5.25,3,2.6,No,PayPal,1,Web,2,2,Yes,194.48,No
SOL-02431,27,Ad-Lite,5.9,1,3.9,Yes,Credit Card,2,App Store,1,10,No,318.1,Yes
SOL-02432,10,Ultra,15.56,1,14.2,No,PayPal,3,App Store,3,18,No,86.36,No
SOL-02433,10,Ad-Lite,5.67,4,1.5,No,PayPal,2,Web,2,22,No,63.15,Yes
SOL-02434,16,Standard,11.14,1,1.7,Yes,Gift Card,4,App Store,1,9,No,88.67,No
SOL-02435,8,Standard,12.24,2,17.4,No,Credit Card,5,Web,1,7,No,210.95,No
SOL-02436,28,Ultra,17.31,2,7.2,No,Credit Card,4,Partner Bundle,5,5,No,508.3,No
SOL-02437,14,Ad-Lite,5.93,2,7.1,Yes,Credit Card,3,App Store,4,4,No,0.0,No
SOL-02438,19,Ad-Lite,6.33,2,6.2,No,Credit Card,3,Web,2,2,Yes,154.74,Yes
SOL-02439,20,Ad-Lite,6.02,2,3.8,Yes,Credit Card,0,App Store,1,4,No,145.93,No
SOL-02440,38,Standard,11.52,2,19.1,Yes,Credit Card,4,Web,2,3,No,735.44,No
SOL-02441,2,Standard,10.98,2,8.5,No,Mobile Carrier Billing,3,App Store,3,5,Yes,31.45,No
SOL-02442,23,Ad-Lite,6.56,4,1.5,Yes,Credit Card,0,Web,5,13,No,171.53,Yes
SOL-02443,34,Standard,11.84,5,3.5,Yes,Credit Card,2,App Store,3,2,No,596.53,No
SOL-02444,11,Ad-Lite,6.5,3,5.4,No,Credit Card,2,App Store,2,27,No,28.5,Yes
SOL-02445,35,Ultra,16.44,4,4.9,No,Credit Card,1,Web,3,1,Yes,619.34,No
SOL-02446,11,Ultra,18.15,5,5.9,No,Mobile Carrier Billing,2,Partner Bundle,3,4,No,201.18,Yes
SOL-02447,5,Ad-Lite,4.82,2,3.2,No,PayPal,5,Web,4,4,Yes,41.95,Yes
SOL-02448,2,Ad-Lite,6.34,2,3.3,Yes,Mobile Carrier Billing,4,App Store,4,1,No,0.0,Yes
SOL-02449,6,Standard,12.39,2,0.9,No,PayPal,4,Partner Bundle,2,15,No,6.53,No
SOL-02450,29,Standard,13.08,5,9.7,Yes,PayPal,4,Partner Bundle,1,14,No,319.32,No
SOL-02451,6,Standard,13.12,1,8.6,Yes,Credit Card,1,App Store,5,35,No,71.29,No
SOL-02452,24,Ad-Lite,5.45,2,7.1,Yes,Mobile Carrier Billing,4,App Store,1,7,No,51.63,Yes
SOL-02453,16,Standard,13.68,3,19.8,Yes,Credit Card,3,App Store,1,13,No,245.13,No
SOL-02454,15,Standard,9.94,2,4.6,Yes,Mobile Carrier Billing,5,Partner Bundle,2,5,No,72.24,Yes
SOL-02455,3,Standard,13.15,2,2.5,No,Mobile Carrier Billing,2,Partner Bundle,1,5,No,38.77,No
SOL-02456,9,Standard,12.11,2,6.5,No,Credit Card,3,App Store,2,4,No,43.61,Yes
SOL-02457,3,Ultra,15.93,3,6.4,Yes,PayPal,5,Web,2,5,Yes,57.49,No
SOL-02458,1,Ad-Lite,6.33,3,14.9,Yes,PayPal,2,Partner Bundle,3,6,Yes,11.03,No
SOL-02459,33,Ultra,15.33,3,6.1,Yes,Mobile Carrier Billing,2,App Store,2,18,No,292.7,No
SOL-02460,14,Standard,12.26,3,5.3,Yes,Credit Card,2,App Store,2,11,No,184.03,No
SOL-02461,21,Ad-Lite,6.33,2,5.0,Yes,Gift Card,1,App Store,1,10,No,5.47,No
SOL-02462,13,Ad-Lite,5.33,3,12.9,Yes,Gift Card,7,App Store,2,8,No,154.8,No
SOL-02463,9,Ultra,14.05,2,6.5,No,Mobile Carrier Billing,2,Partner Bundle,1,9,No,94.37,No
SOL-02464,29,Standard,12.01,2,4.6,No,Credit Card,2,App Store,1,36,Yes,93.25,Yes
SOL-02465,10,Ad-Lite,6.09,2,3.1,Yes,Gift Card,3,App Store,2,18,Yes,0.0,Yes
SOL-02466,10,Ad-Lite,5.93,1,6.4,Yes,PayPal,1,App Store,3,2,Yes,94.53,Yes
SOL-02467,23,Ultra,17.34,2,14.8,No,Mobile Carrier Billing,1,App Store,3,3,No,461.39,No
SOL-02468,35,Ultra,16.47,1,10.0,Yes,Credit Card,2,Web,2,6,No,1585.61,No
SOL-02469,4,Ad-Lite,6.52,4,2.2,No,Mobile Carrier Billing,6,App Store,3,4,No,102.31,No
SOL-02470,7,Ultra,15.98,1,7.2,No,Credit Card,5,App Store,1,9,No,126.85,No
SOL-02471,6,Ad-Lite,6.33,2,3.7,Yes,Credit Card,2,Partner Bundle,3,12,No,48.47,Yes
SOL-02472,18,Ad-Lite,6.53,3,13.9,No,Credit Card,2,App Store,5,15,Yes,220.55,Yes
SOL-02473,19,Ad-Lite,6.27,1,4.8,No,Gift Card,5,App Store,2,9,No,82.1,Yes
SOL-02474,31,Ad-Lite,4.48,1,3.0,No,Credit Card,2,App Store,4,7,Yes,74.31,Yes
SOL-02475,33,Ad-Lite,6.55,1,7.8,Yes,Credit Card,2,Web,2,3,No,297.99,No
SOL-02476,3,Ad-Lite,6.18,1,0.8,Yes,Credit Card,5,Partner Bundle,2,2,Yes,92.6,Yes
SOL-02477,2,Ad-Lite,7.88,3,6.3,Yes,PayPal,4,Web,4,2,No,9.44,Yes
SOL-02478,2,Standard,11.78,2,7.7,Yes,Mobile Carrier Billing,4,App Store,2,14,No,0.0,Yes
SOL-02479,4,Ad-Lite,6.53,3,5.7,No,Credit Card,1,Web,1,6,No,46.94,No
SOL-02480,12,Standard,13.51,1,5.9,Yes,Credit Card,4,Partner Bundle,2,5,No,175.15,Yes
SOL-02481,5,Ad-Lite,6.72,1,9.6,Yes,PayPal,2,Web,2,3,No,0.0,Yes
SOL-02482,20,Ad-Lite,6.72,2,11.7,No,PayPal,1,App Store,3,16,No,180.83,No
SOL-02483,23,Standard,13.19,3,2.8,Yes,Mobile Carrier Billing,9,Web,3,26,Yes,641.86,Yes
SOL-02484,23,Ultra,16.82,1,9.0,Yes,Credit Card,3,Web,1,3,No,216.92,Yes
SOL-02485,14,Ad-Lite,6.11,3,4.9,Yes,PayPal,3,App Store,2,8,No,59.21,Yes
SOL-02486,31,Ultra,17.43,3,3.4,No,Credit Card,5,Partner Bundle,1,6,Yes,394.35,Yes
SOL-02487,29,Standard,14.16,3,16.8,Yes,Mobile Carrier Billing,1,App Store,1,2,No,586.82,No
SOL-02488,20,Standard,12.8,4,4.8,Yes,Mobile Carrier Billing,2,App Store,1,19,No,261.39,No
SOL-02489,30,Standard,11.16,2,0.7,Yes,PayPal,4,Web,1,4,No,489.07,No
SOL-02490,39,Ultra,17.72,2,6.6,Yes,Mobile Carrier Billing,5,App Store,3,3,No,344.16,No
SOL-02491,12,Standard,12.89,2,7.4,Yes,Credit Card,2,App Store,3,9,No,57.54,Yes
SOL-02492,10,Standard,11.75,1,2.7,No,Credit Card,6,Web,1,16,Yes,66.41,No
SOL-02493,5,Standard,12.62,1,2.4,No,Mobile Carrier Billing,2,Web,2,6,No,0.0,Yes
SOL-02494,12,Ultra,15.06,1,7.1,Yes,Credit Card,0,Web,3,9,No,298.38,Yes
SOL-02495,11,Standard,13.06,5,3.4,Yes,PayPal,2,Web,2,12,Yes,52.24,No
SOL-02496,7,Ultra,17.97,2,6.1,No,Credit Card,5,Web,2,2,Yes,189.44,No
SOL-02497,12,Ultra,18.1,3,17.2,Yes,Credit Card,1,Web,5,6,No,396.32,No
SOL-02498,18,Ultra,13.29,2,8.5,No,Mobile Carrier Billing,3,Web,2,15,No,430.63,No
SOL-02499,7,Ultra,17.73,2,4.5,Yes,Credit Card,6,App Store,2,11,No,227.23,No
SOL-02500,30,Ad-Lite,5.38,5,12.0,Yes,PayPal,3,App Store,4,16,No,126.42,Yes
SOL-02501,21,Standard,12.03,1,2.2,No,Gift Card,2,Web,1,3,No,425.68,Yes
SOL-02502,17,Ad-Lite,6.18,2,4.5,Yes,Credit Card,4,Web,3,27,No,201.03,Yes
SOL-02503,2,Standard,10.85,3,7.8,Yes,PayPal,3,Web,3,4,No,2.95,Yes
SOL-02504,23,Ad-Lite,6.33,2,9.4,No,Credit Card,1,App Store,4,5,Yes,156.56,Yes
SOL-02505,7,Standard,13.0,3,7.4,No,Mobile Carrier Billing,3,App Store,1,10,No,0.39,Yes
SOL-02506,10,Ad-Lite,5.68,1,4.6,Yes,Mobile Carrier Billing,6,App Store,1,9,No,91.32,Yes
SOL-02507,16,Ultra,18.0,4,2.5,Yes,Mobile Carrier Billing,4,Web,1,4,No,329.65,Yes
SOL-02508,20,Ad-Lite,4.21,1,5.9,Yes,Mobile Carrier Billing,1,Web,2,6,No,91.89,Yes
SOL-02509,25,Standard,12.22,5,10.8,Yes,Gift Card,2,App Store,2,1,Yes,541.8,Yes
SOL-02510,28,Standard,10.61,4,12.8,No,PayPal,4,App Store,1,8,No,148.85,Yes
SOL-02511,27,Ad-Lite,5.25,3,16.0,No,Credit Card,3,Web,2,29,No,279.72,Yes
SOL-02512,14,Standard,14.29,2,5.0,No,PayPal,2,Partner Bundle,1,11,No,191.72,Yes
SOL-02513,9,Ultra,16.26,2,2.4,Yes,PayPal,5,App Store,5,1,Yes,64.86,No
SOL-02514,14,Standard,12.53,5,7.8,No,PayPal,2,App Store,1,9,No,169.69,No
SOL-02515,11,Standard,12.2,3,3.7,Yes,PayPal,1,App Store,2,3,No,74.65,No
SOL-02516,5,Ad-Lite,5.82,2,6.0,Yes,Mobile Carrier Billing,4,Partner Bundle,2,5,No,69.82,Yes
SOL-02517,11,Ultra,15.34,1,8.6,Yes,Credit Card,2,App Store,3,15,Yes,297.45,No
SOL-02518,4,Standard,11.2,1,9.7,No,Mobile Carrier Billing,5,Web,1,12,No,32.88,No
SOL-02519,9,Ultra,17.21,5,14.8,No,Gift Card,2,App Store,2,21,No,277.77,No
SOL-02520,17,Ultra,15.17,4,6.0,Yes,Credit Card,3,Web,1,11,No,318.09,No
SOL-02521,18,Ultra,18.43,1,12.8,Yes,PayPal,1,App Store,3,14,No,84.1,Yes
SOL-02522,27,Standard,12.05,1,3.1,No,PayPal,4,Web,2,23,No,249.82,No
SOL-02523,24,Standard,12.53,2,2.9,Yes,Credit Card,3,Web,1,8,No,774.25,No
SOL-02524,31,Standard,12.39,4,19.9,Yes,Mobile Carrier Billing,3,App Store,1,14,No,524.91,Yes
SOL-02525,5,Standard,12.96,1,5.3,No,Credit Card,6,App Store,2,16,No,84.35,Yes
SOL-02526,18,Standard,12.13,1,3.5,Yes,Mobile Carrier Billing,5,Partner Bundle,2,7,Yes,149.95,No
SOL-02527,23,Ultra,17.04,3,4.2,No,Gift Card,1,Web,3,4,Yes,236.68,No
SOL-02528,16,Standard,9.0,1,8.5,No,Credit Card,3,Partner Bundle,2,2,No,213.38,No
SOL-02529,11,Ad-Lite,7.76,1,4.2,No,PayPal,5,App Store,1,12,Yes,165.82,No
SOL-02530,30,Standard,11.65,1,8.1,No,Credit Card,4,Partner Bundle,1,21,No,614.37,No
SOL-02531,14,Ultra,19.16,4,1.9,No,Credit Card,4,App Store,2,18,No,146.75,No
SOL-02532,7,Standard,11.63,1,8.1,Yes,Credit Card,1,Web,2,3,No,176.18,No
SOL-02533,35,Ad-Lite,5.61,1,3.4,Yes,Credit Card,2,App Store,3,3,No,46.11,No
SOL-02534,17,Standard,10.56,2,4.6,Yes,Credit Card,5,Partner Bundle,3,24,No,218.63,Yes
SOL-02535,15,Standard,11.17,1,7.5,No,Credit Card,4,App Store,2,15,No,217.07,No
SOL-02536,12,Standard,10.89,1,9.9,No,Credit Card,3,Web,1,6,No,205.17,No
SOL-02537,42,Ad-Lite,8.0,4,3.7,No,Mobile Carrier Billing,3,App Store,2,3,No,386.93,Yes
SOL-02538,20,Standard,10.99,2,17.1,Yes,Mobile Carrier Billing,6,App Store,3,7,No,258.98,No
SOL-02539,23,Ad-Lite,6.03,3,10.4,No,Credit Card,4,Partner Bundle,4,2,No,293.41,No
SOL-02540,39,Ad-Lite,5.78,3,14.7,Yes,Credit Card,3,Web,1,2,No,525.01,No
SOL-02541,0,Standard,12.16,2,4.2,Yes,Credit Card,5,App Store,4,12,Yes,115.22,No
SOL-02542,24,Standard,11.04,1,4.8,Yes,Credit Card,3,App Store,2,2,Yes,402.36,No
SOL-02543,16,Ad-Lite,5.71,2,1.9,Yes,Credit Card,4,Web,4,0,No,117.24,Yes
SOL-02544,21,Ad-Lite,6.56,1,5.7,Yes,PayPal,2,App Store,3,9,No,107.63,No
SOL-02545,19,Standard,13.48,2,6.8,Yes,Credit Card,5,Partner Bundle,1,1,No,484.77,No
SOL-02546,5,Ad-Lite,5.47,4,7.3,No,PayPal,3,App Store,1,7,No,104.12,Yes
SOL-02547,4,Standard,11.93,1,3.7,Yes,Mobile Carrier Billing,3,Partner Bundle,2,1,No,6.04,No
SOL-02548,2,Ultra,16.14,5,1.2,No,PayPal,1,Web,2,15,Yes,0.0,No
SOL-02549,38,Ad-Lite,5.94,2,6.6,No,PayPal,2,App Store,2,4,No,238.61,Yes
SOL-02550,7,Ad-Lite,5.09,4,3.0,No,Credit Card,6,Web,1,16,No,112.17,No
SOL-02551,26,Ultra,17.97,2,17.4,Yes,Credit Card,2,Partner Bundle,4,14,No,994.48,No
SOL-02552,1,Standard,11.09,2,0.7,Yes,Credit Card,2,App Store,2,3,No,0.0,No
SOL-02553,22,Standard,13.73,1,4.4,No,Mobile Carrier Billing,3,Web,2,6,No,349.37,Yes
SOL-02554,25,Ad-Lite,4.97,4,0.5,Yes,Gift Card,1,Partner Bundle,5,11,Yes,325.29,Yes
SOL-02555,26,Ad-Lite,6.52,5,13.5,Yes,Credit Card,3,Web,3,9,No,297.18,Yes
SOL-02556,28,Standard,11.6,2,1.9,Yes,PayPal,4,Partner Bundle,1,10,No,330.28,No
SOL-02557,9,Ultra,17.2,5,5.1,Yes,Credit Card,3,Partner Bundle,2,11,No,503.33,No
SOL-02558,23,Standard,12.68,4,9.5,Yes,Credit Card,1,App Store,2,1,Yes,198.29,Yes
SOL-02559,23,Ultra,16.0,3,11.0,Yes,Credit Card,6,App Store,3,13,No,643.42,No
SOL-02560,22,Standard,11.89,1,5.1,No,Credit Card,2,Partner Bundle,1,3,No,416.61,No
SOL-02561,16,Ad-Lite,4.54,4,3.2,Yes,PayPal,6,App Store,1,7,No,68.05,No
SOL-02562,23,Ultra,15.8,5,3.7,Yes,PayPal,1,Web,3,4,No,1112.82,No
SOL-02563,11,Standard,12.63,1,7.4,Yes,Credit Card,0,App Store,4,10,No,107.33,No
SOL-02564,4,Ad-Lite,5.49,4,4.6,Yes,Mobile Carrier Billing,5,Partner Bundle,3,1,No,30.97,Yes
SOL-02565,2,Ad-Lite,6.33,1,5.1,No,Credit Card,0,App Store,4,5,No,33.05,Yes
SOL-02566,6,Ad-Lite,5.55,1,2.4,No,Credit Card,4,Web,2,10,No,1.55,No
SOL-02567,23,Ad-Lite,5.6,3,1.4,No,Mobile Carrier Billing,2,App Store,2,7,No,168.93,Yes
SOL-02568,12,Ultra,17.96,1,14.1,No,Gift Card,8,Partner Bundle,2,5,No,274.23,No
SOL-02569,19,Standard,11.5,3,12.8,Yes,Mobile Carrier Billing,8,Web,3,2,No,340.5,No
SOL-02570,20,Ultra,18.24,2,1.3,No,Mobile Carrier Billing,3,Web,4,1,No,898.33,No
SOL-02571,1,Standard,12.97,2,5.8,Yes,Credit Card,5,Partner Bundle,5,1,Yes,50.9,No
SOL-02572,5,Ad-Lite,7.05,4,6.6,No,PayPal,2,App Store,2,28,No,8.94,Yes
SOL-02573,4,Standard,11.74,3,6.4,Yes,PayPal,5,App Store,2,7,No,79.16,Yes
SOL-02574,9,Ad-Lite,6.7,4,4.4,No,Mobile Carrier Billing,9,Partner Bundle,2,22,No,89.04,Yes
SOL-02575,9,Ultra,18.14,4,2.0,No,Credit Card,4,Web,1,6,No,230.18,No
SOL-02576,2,Ad-Lite,7.0,3,1.7,No,Credit Card,5,Web,2,3,Yes,79.04,Yes
SOL-02577,10,Standard,13.03,1,6.9,No,Credit Card,4,Web,4,10,No,76.24,Yes
SOL-02578,3,Ad-Lite,5.3,1,7.3,Yes,Mobile Carrier Billing,3,Web,4,9,No,162.11,Yes
SOL-02579,5,Ultra,16.29,3,8.3,Yes,Gift Card,2,Web,1,2,No,96.27,No
SOL-02580,4,Ad-Lite,6.55,1,8.2,Yes,PayPal,8,App Store,3,15,Yes,62.46,Yes
SOL-02581,10,Ad-Lite,5.95,3,5.6,No,Mobile Carrier Billing,5,App Store,1,3,No,257.0,Yes
SOL-02582,15,Standard,12.49,2,19.0,No,Credit Card,4,App Store,1,47,Yes,211.92,No
SOL-02583,1,Standard,11.47,4,10.9,Yes,Gift Card,4,Web,1,4,Yes,107.24,No
SOL-02584,5,Ad-Lite,4.58,2,9.0,Yes,Mobile Carrier Billing,4,App Store,3,11,No,0.0,No
SOL-02585,26,Ultra,16.27,3,14.5,Yes,Gift Card,3,Web,1,8,No,230.76,No
SOL-02586,8,Standard,9.99,3,5.7,Yes,Mobile Carrier Billing,4,Partner Bundle,2,1,No,107.76,Yes
SOL-02587,12,Ultra,20.88,3,7.5,No,Credit Card,4,Partner Bundle,1,7,Yes,326.48,No
SOL-02588,10,Ad-Lite,5.37,4,7.4,Yes,Credit Card,2,App Store,3,20,No,64.0,No
SOL-02589,12,Ad-Lite,7.79,2,5.9,No,Credit Card,5,Web,3,2,Yes,74.55,No
SOL-02590,11,Standard,10.28,3,2.1,Yes,PayPal,9,App Store,1,11,No,190.24,No
SOL-02591,13,Ad-Lite,5.46,1,9.7,Yes,Credit Card,3,App Store,4,4,Yes,144.39,Yes
SOL-02592,28,Ad-Lite,6.84,2,3.5,Yes,Mobile Carrier Billing,6,App Store,2,3,Yes,162.31,Yes
SOL-02593,11,Ultra,17.7,1,7.4,No,Gift Card,1,Web,4,9,No,395.72,No
SOL-02594,19,Ad-Lite,6.29,5,12.8,Yes,Mobile Carrier Billing,2,Web,4,12,Yes,147.61,No
SOL-02595,4,Ultra,17.89,4,1.5,Yes,Mobile Carrier Billing,3,App Store,1,23,No,125.22,Yes
SOL-02596,9,Ad-Lite,4.96,1,3.7,Yes,Credit Card,9,App Store,2,24,No,46.81,Yes
SOL-02597,17,Standard,12.55,3,10.7,No,Mobile Carrier Billing,5,App Store,5,22,No,102.77,No
SOL-02598,2,Ad-Lite,7.36,3,8.2,Yes,PayPal,5,Partner Bundle,1,3,No,104.02,Yes
SOL-02599,9,Ad-Lite,6.35,1,2.0,No,Mobile Carrier Billing,9,App Store,4,5,No,85.75,Yes
SOL-02600,11,Ultra,17.54,1,1.3,No,Mobile Carrier Billing,3,Web,2,9,No,419.39,Yes
SOL-02601,4,Ultra,18.24,2,6.6,No,Mobile Carrier Billing,7,App Store,2,14,No,219.12,No
SOL-02602,11,Ad-Lite,5.77,2,4.6,No,Mobile Carrier Billing,5,App Store,2,4,No,79.51,Yes
SOL-02603,2,Standard,12.11,2,8.0,Yes,PayPal,2,App Store,5,5,No,0.0,No
SOL-02604,19,Standard,13.38,5,7.6,No,Gift Card,0,Web,2,2,No,123.31,No
SOL-02605,22,Ad-Lite,7.1,4,12.6,No,PayPal,3,App Store,5,8,No,117.59,Yes
SOL-02606,28,Ad-Lite,4.78,2,9.8,Yes,PayPal,5,Partner Bundle,5,12,No,154.61,No
SOL-02607,8,Ad-Lite,5.69,3,12.3,No,PayPal,5,Web,3,8,No,141.46,No
SOL-02608,21,Ad-Lite,6.77,4,6.9,No,Credit Card,4,App Store,1,5,No,245.08,No
SOL-02609,28,Ad-Lite,6.5,3,7.3,Yes,Credit Card,4,Web,1,6,No,73.93,Yes
SOL-02610,13,Ultra,17.21,4,6.9,No,PayPal,2,Web,3,3,No,228.14,No
SOL-02611,8,Ultra,16.5,2,2.7,Yes,Gift Card,4,Partner Bundle,2,8,Yes,231.1,No
SOL-02612,8,Ad-Lite,6.64,4,3.0,Yes,Mobile Carrier Billing,5,Web,1,12,Yes,28.51,No
SOL-02613,23,Ad-Lite,6.49,3,8.7,No,Credit Card,3,Web,3,2,No,43.14,No
SOL-02614,5,Ultra,15.02,3,14.4,Yes,Mobile Carrier Billing,2,Web,3,13,No,143.61,No
SOL-02615,8,Standard,11.38,2,6.5,No,Credit Card,4,App Store,1,8,Yes,35.48,No
SOL-02616,25,Ad-Lite,6.06,1,7.7,No,Credit Card,6,Web,2,4,No,218.99,Yes
SOL-02617,14,Ad-Lite,5.2,3,4.8,Yes,Gift Card,2,Partner Bundle,3,12,No,149.13,Yes
SOL-02618,15,Standard,13.45,3,3.7,No,Credit Card,7,Web,2,4,No,178.05,Yes
SOL-02619,2,Ultra,14.19,2,0.4,Yes,Credit Card,4,App Store,3,7,Yes,86.9,No
SOL-02620,25,Standard,11.81,1,7.5,Yes,Credit Card,3,App Store,4,17,Yes,262.04,No
SOL-02621,2,Standard,12.83,4,8.8,Yes,Credit Card,4,App Store,1,9,No,159.44,Yes
SOL-02622,13,Standard,10.92,2,1.8,Yes,Credit Card,0,Partner Bundle,3,5,No,127.29,No
SOL-02623,18,Ad-Lite,5.37,2,1.6,Yes,Mobile Carrier Billing,5,App Store,2,4,No,186.5,Yes
SOL-02624,23,Ad-Lite,6.52,3,7.7,No,Mobile Carrier Billing,6,Web,3,8,No,0.0,Yes
SOL-02625,10,Ad-Lite,5.26,3,12.0,Yes,PayPal,4,Web,2,20,No,0.0,Yes
SOL-02626,5,Standard,13.95,3,15.1,No,Mobile Carrier Billing,1,App Store,2,5,No,205.74,No
SOL-02627,12,Ad-Lite,4.72,1,5.6,Yes,Credit Card,2,App Store,1,4,No,11.5,Yes
SOL-02628,29,Standard,11.72,3,7.8,Yes,PayPal,0,Web,2,12,No,89.28,Yes
SOL-02629,19,Ad-Lite,6.92,1,3.5,No,Mobile Carrier Billing,1,App Store,3,8,No,63.33,Yes
SOL-02630,10,Standard,12.92,3,12.0,Yes,Credit Card,3,Web,3,18,Yes,111.77,No
SOL-02631,22,Ultra,15.83,2,10.2,Yes,Credit Card,0,App Store,3,7,No,134.05,No
SOL-02632,7,Ad-Lite,8.0,2,9.2,No,Credit Card,6,Partner Bundle,2,6,No,116.54,No
SOL-02633,10,Ultra,14.18,5,9.3,No,PayPal,2,Partner Bundle,3,8,No,354.37,No
SOL-02634,5,Ad-Lite,5.71,1,5.7,Yes,PayPal,2,Partner Bundle,2,7,No,78.2,Yes
SOL-02635,15,Ad-Lite,5.15,3,13.3,Yes,Mobile Carrier Billing,2,App Store,5,7,No,34.74,Yes
SOL-02636,10,Ultra,15.55,2,3.1,No,Mobile Carrier Billing,4,App Store,3,10,Yes,257.53,No
SOL-02637,9,Standard,13.14,1,3.7,Yes,Mobile Carrier Billing,4,App Store,1,3,No,175.32,No
SOL-02638,35,Ad-Lite,7.35,3,3.3,Yes,PayPal,1,Partner Bundle,3,15,Yes,168.24,Yes
SOL-02639,6,Standard,12.12,1,6.2,No,Credit Card,3,App Store,3,2,No,155.06,Yes
SOL-02640,23,Standard,13.51,3,6.4,No,Mobile Carrier Billing,4,Web,1,2,No,396.54,Yes
SOL-02641,8,Ultra,17.07,3,5.7,Yes,PayPal,1,App Store,1,13,No,146.7,Yes
SOL-02642,30,Ultra,16.09,2,1.6,No,Credit Card,0,App Store,1,2,No,493.78,No
SOL-02643,4,Ad-Lite,5.64,1,2.5,Yes,Credit Card,4,Partner Bundle,1,16,No,0.0,No
SOL-02644,18,Ultra,17.74,2,8.3,Yes,Credit Card,3,App Store,2,3,Yes,389.33,No
SOL-02645,10,Ad-Lite,5.93,1,13.6,No,Credit Card,11,App Store,1,3,No,205.51,Yes
SOL-02646,12,Standard,11.86,5,5.6,No,Credit Card,4,Web,1,11,No,85.96,No
SOL-02647,14,Ad-Lite,4.23,3,8.5,Yes,Credit Card,7,Web,2,16,Yes,39.91,No
SOL-02648,8,Standard,12.37,4,9.5,Yes,Credit Card,6,Partner Bundle,2,5,No,177.23,Yes
SOL-02649,13,Ad-Lite,4.66,2,6.8,No,PayPal,5,Web,2,23,No,83.22,No
SOL-02650,15,Ultra,15.97,3,3.0,Yes,PayPal,4,Web,1,21,No,274.04,No
SOL-02651,3,Standard,12.95,5,8.6,Yes,Credit Card,1,Web,1,1,No,0.0,Yes
SOL-02652,28,Ultra,17.55,2,4.2,Yes,Mobile Carrier Billing,4,Partner Bundle,3,5,No,454.39,No
SOL-02653,19,Standard,10.88,2,6.1,No,Credit Card,5,Web,2,3,No,52.31,No
SOL-02654,5,Ad-Lite,6.19,1,1.8,Yes,PayPal,3,App Store,2,10,No,58.02,Yes
SOL-02655,39,Ad-Lite,5.54,1,10.6,No,Mobile Carrier Billing,6,Web,2,33,Yes,201.2,No
SOL-02656,24,Standard,12.46,4,10.4,Yes,PayPal,2,Web,3,12,No,599.17,No
SOL-02657,32,Ad-Lite,5.15,3,6.7,Yes,Credit Card,3,Web,1,8,Yes,265.17,No
SOL-02658,10,Standard,11.02,1,5.4,Yes,Credit Card,3,App Store,3,3,Yes,124.06,No
SOL-02659,11,Ad-Lite,6.34,1,9.6,Yes,Mobile Carrier Billing,7,Web,2,3,No,304.6,No
SOL-02660,3,Ad-Lite,5.77,3,15.5,Yes,PayPal,2,App Store,4,14,No,111.24,Yes
SOL-02661,16,Ultra,16.33,1,4.2,Yes,Mobile Carrier Billing,5,Partner Bundle,5,9,No,218.6,No
SOL-02662,6,Ad-Lite,5.81,3,2.4,No,Credit Card,5,Web,2,5,Yes,4.18,Yes
SOL-02663,17,Ad-Lite,6.73,4,16.8,Yes,PayPal,3,Web,1,15,Yes,168.67,No
SOL-02664,12,Ad-Lite,5.85,3,4.8,Yes,PayPal,6,Web,2,18,No,120.73,Yes
SOL-02665,5,Ultra,13.0,2,2.1,Yes,PayPal,2,App Store,4,0,No,143.1,Yes
SOL-02666,11,Standard,11.65,1,9.0,No,Credit Card,2,Web,3,13,No,115.63,No
SOL-02667,14,Ad-Lite,5.21,3,19.9,No,PayPal,5,Web,1,5,No,135.57,No
SOL-02668,11,Standard,9.27,2,6.4,Yes,Mobile Carrier Billing,1,Web,4,12,No,246.0,No
SOL-02669,15,Standard,9.76,1,3.8,No,Credit Card,2,App Store,2,6,No,157.97,No
SOL-02670,9,Ad-Lite,6.69,2,4.6,Yes,PayPal,2,Web,3,2,Yes,34.0,Yes
SOL-02671,6,Ad-Lite,6.04,4,2.9,No,PayPal,0,Web,1,15,No,14.01,Yes
SOL-02672,15,Standard,12.5,2,10.7,Yes,Mobile Carrier Billing,2,App Store,1,11,Yes,81.49,No
SOL-02673,19,Ad-Lite,5.48,2,4.5,No,Credit Card,3,Web,1,7,No,409.32,Yes
SOL-02674,10,Ultra,19.56,1,5.8,Yes,Mobile Carrier Billing,2,Partner Bundle,3,5,No,404.12,No
SOL-02675,0,Ad-Lite,6.61,3,3.0,Yes,Mobile Carrier Billing,2,App Store,3,2,No,63.9,Yes
SOL-02676,3,Ultra,16.47,4,8.5,No,Credit Card,3,Web,2,13,Yes,21.76,No
SOL-02677,23,Ad-Lite,5.0,3,23.2,No,PayPal,4,Web,2,13,No,192.24,No
SOL-02678,3,Ad-Lite,5.73,2,4.5,Yes,Gift Card,2,App Store,2,18,No,4.67,Yes
SOL-02679,13,Ad-Lite,5.72,5,2.7,Yes,PayPal,5,Web,1,1,No,27.87,No
SOL-02680,28,Standard,9.92,2,10.4,Yes,Credit Card,7,App Store,2,17,No,417.39,No
SOL-02681,26,Standard,12.79,1,9.9,Yes,Credit Card,4,App Store,3,2,No,210.61,No
SOL-02682,14,Standard,13.13,3,3.7,Yes,Credit Card,6,App Store,2,1,No,362.26,Yes
SOL-02683,24,Ad-Lite,7.38,3,6.4,No,Mobile Carrier Billing,3,App Store,4,5,No,132.89,Yes
SOL-02684,12,Ad-Lite,7.14,3,17.0,No,Credit Card,7,Partner Bundle,1,3,No,43.39,Yes
SOL-02685,26,Standard,10.48,3,6.5,Yes,Mobile Carrier Billing,3,Partner Bundle,2,24,No,426.77,No
SOL-02686,38,Ultra,16.1,4,5.6,Yes,Credit Card,1,Web,3,4,No,1130.98,No
SOL-02687,33,Ad-Lite,5.69,2,5.3,No,Gift Card,0,App Store,1,12,No,80.07,Yes
SOL-02688,9,Ad-Lite,7.05,2,0.5,Yes,Credit Card,4,Web,4,14,No,20.55,No
SOL-02689,6,Ad-Lite,5.92,4,1.9,No,Credit Card,4,App Store,1,2,Yes,40.04,Yes
SOL-02690,12,Standard,12.38,3,3.9,No,Credit Card,5,Web,5,23,No,176.78,No
SOL-02691,2,Standard,12.3,1,2.5,No,PayPal,5,Partner Bundle,2,28,No,7.52,No
SOL-02692,6,Ad-Lite,6.54,3,4.4,No,PayPal,5,Web,2,15,No,203.37,No
SOL-02693,29,Ad-Lite,5.57,3,12.1,No,Credit Card,2,App Store,3,4,Yes,321.68,Yes
SOL-02694,13,Standard,12.97,3,12.8,Yes,Mobile Carrier Billing,4,Web,1,8,No,192.68,Yes
SOL-02695,3,Ultra,14.81,2,17.7,Yes,Mobile Carrier Billing,7,Web,1,5,No,39.09,Yes
SOL-02696,10,Ad-Lite,7.09,1,2.4,No,Mobile Carrier Billing,3,Web,2,13,No,0.0,Yes
SOL-02697,5,Ad-Lite,7.37,4,16.0,Yes,Gift Card,7,App Store,3,2,Yes,54.98,No
SOL-02698,12,Ultra,17.72,3,5.0,Yes,Credit Card,7,App Store,3,14,Yes,401.59,No
SOL-02699,6,Standard,13.73,3,7.6,Yes,Credit Card,1,App Store,2,8,No,93.37,No
SOL-02700,20,Ad-Lite,5.77,1,4.2,Yes,Credit Card,5,Partner Bundle,3,4,No,301.96,Yes
SOL-02701,15,Standard,13.27,4,5.8,No,Mobile Carrier Billing,5,Web,1,24,No,214.83,No
SOL-02702,21,Ultra,18.37,4,6.6,No,Gift Card,3,Web,2,2,No,447.45,No
SOL-02703,29,Standard,12.68,2,4.3,Yes,Mobile Carrier Billing,1,App Store,1,20,No,277.97,No
SOL-02704,3,Ultra,16.15,2,3.7,Yes,Gift Card,2,Partner Bundle,2,6,Yes,71.6,No
SOL-02705,2,Standard,12.22,2,1.9,No,PayPal,5,Web,3,15,No,21.57,Yes
SOL-02706,14,Ad-Lite,6.57,3,6.9,No,PayPal,6,Web,1,2,No,305.34,No
SOL-02707,15,Standard,12.35,2,17.7,Yes,PayPal,6,Partner Bundle,2,5,No,130.44,No
SOL-02708,19,Standard,12.02,4,9.9,Yes,Credit Card,3,Web,3,3,No,217.82,Yes
SOL-02709,4,Standard,13.11,2,4.7,Yes,Mobile Carrier Billing,4,App Store,2,1,No,141.24,Yes
SOL-02710,2,Ultra,16.38,5,4.6,Yes,Mobile Carrier Billing,3,Web,1,10,No,76.92,No
SOL-02711,14,Standard,10.64,4,5.9,No,Credit Card,2,App Store,1,2,No,213.57,Yes
SOL-02712,7,Ad-Lite,7.64,3,13.8,No,PayPal,6,App Store,4,6,No,188.63,Yes
SOL-02713,24,Ad-Lite,7.13,1,33.2,Yes,Credit Card,5,App Store,1,15,No,114.56,Yes
SOL-02714,10,Ad-Lite,5.89,1,12.9,Yes,Mobile Carrier Billing,6,Partner Bundle,1,8,No,83.08,No
SOL-02715,24,Standard,14.52,3,8.7,No,Gift Card,7,Partner Bundle,1,1,No,445.51,No
SOL-02716,5,Standard,11.0,3,2.1,Yes,Credit Card,4,Web,3,23,No,121.22,No
SOL-02717,10,Ad-Lite,5.08,3,1.0,Yes,Mobile Carrier Billing,4,App Store,3,4,Yes,126.48,Yes
SOL-02718,2,Ad-Lite,7.15,2,4.2,Yes,PayPal,4,App Store,2,1,No,0.0,Yes
SOL-02719,7,Ad-Lite,5.33,1,13.8,Yes,Credit Card,3,App Store,2,7,Yes,0.0,Yes
SOL-02720,6,Ultra,18.0,2,4.4,Yes,Gift Card,5,App Store,2,3,No,47.35,No
SOL-02721,17,Ultra,15.93,4,9.9,No,PayPal,7,App Store,1,12,No,250.08,No
SOL-02722,4,Ad-Lite,5.62,3,4.2,No,Credit Card,3,Web,2,3,No,20.6,Yes
SOL-02723,9,Ultra,18.98,3,2.7,Yes,Credit Card,6,Web,3,6,No,164.26,No
SOL-02724,20,Standard,12.35,3,12.6,Yes,Credit Card,3,Web,2,18,No,360.54,Yes
SOL-02725,8,Ad-Lite,5.97,3,11.3,Yes,Mobile Carrier Billing,2,App Store,1,5,Yes,173.88,Yes
SOL-02726,29,Ad-Lite,5.28,1,7.6,Yes,Credit Card,1,App Store,3,4,Yes,152.07,Yes
SOL-02727,8,Standard,12.34,2,6.1,Yes,Mobile Carrier Billing,4,App Store,3,16,No,161.3,Yes
SOL-02728,17,Ad-Lite,7.5,1,1.2,No,Credit Card,3,App Store,2,27,No,414.17,Yes
SOL-02729,32,Standard,13.65,2,7.6,Yes,Credit Card,7,Partner Bundle,2,17,No,506.0,No
SOL-02730,8,Ad-Lite,5.89,1,2.0,No,PayPal,3,Partner Bundle,3,4,No,61.47,Yes
SOL-02731,34,Ad-Lite,5.39,2,24.2,No,Credit Card,4,App Store,1,6,Yes,305.38,No
SOL-02732,23,Standard,10.8,2,8.8,Yes,Credit Card,2,App Store,1,15,Yes,265.94,No
SOL-02733,22,Standard,12.01,3,19.8,Yes,PayPal,4,Partner Bundle,2,12,No,90.41,Yes
SOL-02734,15,Ad-Lite,7.1,1,10.9,Yes,PayPal,2,App Store,1,8,No,86.0,No
SOL-02735,20,Ad-Lite,5.87,2,5.7,No,Gift Card,4,App Store,4,1,No,68.23,Yes
SOL-02736,9,Standard,13.1,2,10.4,Yes,PayPal,5,Web,3,6,Yes,20.32,No
SOL-02737,19,Standard,12.83,1,8.6,Yes,Mobile Carrier Billing,2,App Store,2,5,Yes,151.11,No
SOL-02738,8,Ad-Lite,5.43,2,1.6,Yes,PayPal,1,Web,2,23,No,0.0,Yes
SOL-02739,4,Ultra,18.11,1,5.8,No,PayPal,2,App Store,2,4,No,67.48,No
SOL-02740,6,Ad-Lite,5.6,2,5.1,Yes,Mobile Carrier Billing,1,App Store,3,8,Yes,132.66,No
SOL-02741,4,Ad-Lite,6.16,1,5.2,Yes,PayPal,3,Web,3,2,No,75.02,Yes
SOL-02742,6,Ultra,17.33,2,3.1,Yes,PayPal,3,Web,1,8,No,180.88,No
SOL-02743,18,Ad-Lite,6.78,1,14.3,Yes,Mobile Carrier Billing,3,Partner Bundle,3,14,Yes,215.26,No
SOL-02744,21,Ad-Lite,7.71,1,11.1,No,Mobile Carrier Billing,4,App Store,3,17,Yes,212.97,No
SOL-02745,4,Standard,11.98,3,9.6,No,Credit Card,1,App Store,4,4,No,132.14,No
SOL-02746,16,Ad-Lite,7.0,2,5.6,No,Credit Card,3,App Store,2,10,No,261.14,Yes
SOL-02747,12,Standard,12.01,2,1.3,No,Credit Card,9,App Store,2,7,No,146.2,No
SOL-02748,11,Standard,10.3,1,3.6,No,PayPal,5,Partner Bundle,1,12,Yes,160.61,Yes
SOL-02749,15,Standard,13.15,1,8.6,No,Credit Card,2,Web,2,8,No,286.67,Yes
SOL-02750,23,Standard,12.38,2,19.2,Yes,Credit Card,4,Web,1,17,No,336.08,Yes
SOL-02751,13,Standard,10.91,2,2.1,Yes,Credit Card,4,App Store,2,1,No,54.63,No
SOL-02752,12,Ultra,15.47,2,11.4,Yes,PayPal,3,Web,1,12,No,124.64,No
SOL-02753,24,Standard,10.48,3,11.7,Yes,Mobile Carrier Billing,2,Web,1,16,No,367.37,Yes
SOL-02754,24,Ad-Lite,6.21,4,1.9,Yes,Mobile Carrier Billing,5,Web,3,9,No,175.3,Yes
SOL-02755,15,Ad-Lite,6.97,3,5.9,No,Credit Card,1,Partner Bundle,2,9,Yes,133.72,Yes
SOL-02756,3,Standard,12.42,2,3.0,No,Mobile Carrier Billing,4,App Store,3,6,No,30.87,No
SOL-02757,13,Ad-Lite,6.79,2,7.7,Yes,Credit Card,0,Web,2,17,No,69.4,Yes
SOL-02758,13,Standard,12.81,1,9.5,Yes,Credit Card,3,Web,2,3,No,50.52,No
SOL-02759,21,Ad-Lite,6.09,4,8.0,No,Mobile Carrier Billing,2,App Store,2,5,Yes,0.0,Yes
SOL-02760,6,Ultra,17.75,4,2.2,Yes,PayPal,3,Web,2,3,No,42.51,No
SOL-02761,11,Ad-Lite,5.41,3,6.1,No,Gift Card,1,App Store,1,4,No,116.39,No
SOL-02762,29,Ultra,15.09,1,8.9,No,Credit Card,3,Web,1,6,No,404.45,No
SOL-02763,9,Ad-Lite,5.75,3,5.8,No,Credit Card,2,App Store,5,27,Yes,83.52,Yes
SOL-02764,10,Standard,10.92,2,2.3,No,Gift Card,2,App Store,2,14,No,144.6,No
SOL-02765,2,Ultra,17.38,5,16.5,No,Credit Card,0,App Store,1,12,No,0.0,No
SOL-02766,20,Standard,11.2,3,6.7,No,PayPal,5,Web,2,6,No,284.09,No
SOL-02767,24,Standard,11.13,5,2.0,Yes,Credit Card,4,App Store,3,2,No,318.23,No
SOL-02768,13,Standard,11.38,2,19.0,No,Mobile Carrier Billing,3,App Store,4,14,No,173.1,No
SOL-02769,7,Ad-Lite,6.19,5,3.1,Yes,PayPal,4,Web,2,9,No,73.64,Yes
SOL-02770,5,Ad-Lite,6.33,2,9.2,Yes,PayPal,3,Web,1,3,No,56.85,No
SOL-02771,9,Ad-Lite,6.41,2,9.9,Yes,Mobile Carrier Billing,3,App Store,2,6,No,170.33,Yes
SOL-02772,9,Ad-Lite,4.03,2,19.6,Yes,PayPal,2,App Store,2,4,No,5.53,No
SOL-02773,2,Ultra,14.38,4,7.0,Yes,PayPal,4,App Store,3,2,No,0.0,No
SOL-02774,11,Ad-Lite,6.14,4,2.5,Yes,Credit Card,6,App Store,1,18,Yes,94.25,No
SOL-02775,27,Ad-Lite,6.94,1,7.3,Yes,Credit Card,2,App Store,1,6,No,148.58,Yes
SOL-02776,7,Ad-Lite,6.8,2,3.3,No,PayPal,4,App Store,2,4,No,110.91,Yes
SOL-02777,8,Ultra,18.41,3,11.2,Yes,Credit Card,1,App Store,3,27,No,218.19,No
SOL-02778,4,Ad-Lite,4.91,3,9.0,No,Credit Card,5,App Store,1,20,No,55.11,Yes
SOL-02779,26,Ad-Lite,6.41,2,5.4,No,Credit Card,2,Web,2,12,No,163.14,No
SOL-02780,15,Standard,12.79,2,13.4,Yes,Credit Card,5,App Store,1,28,Yes,393.03,No
SOL-02781,14,Ad-Lite,6.34,3,4.0,Yes,Gift Card,5,App Store,3,10,No,323.51,Yes
SOL-02782,10,Ultra,18.99,2,8.6,Yes,Gift Card,2,App Store,3,16,No,312.6,No
SOL-02783,34,Ad-Lite,5.93,4,5.0,No,PayPal,7,Web,2,16,No,198.85,No
SOL-02784,12,Ad-Lite,6.06,1,4.5,Yes,Credit Card,4,Partner Bundle,1,12,No,193.41,Yes
SOL-02785,9,Ad-Lite,6.63,3,4.8,Yes,Mobile Carrier Billing,5,Web,2,4,No,42.39,No
SOL-02786,30,Ad-Lite,4.63,2,3.7,Yes,PayPal,3,App Store,1,4,No,87.77,Yes
SOL-02787,18,Standard,12.83,4,4.0,Yes,Credit Card,2,App Store,1,6,Yes,303.7,No
SOL-02788,24,Ad-Lite,6.38,1,1.7,No,Credit Card,3,Partner Bundle,2,8,Yes,199.86,No
SOL-02789,16,Ad-Lite,6.03,2,6.9,No,Mobile Carrier Billing,3,Web,2,15,No,140.2,Yes
SOL-02790,21,Ad-Lite,6.53,2,3.6,Yes,PayPal,6,App Store,1,4,No,118.04,Yes
SOL-02791,12,Ad-Lite,5.74,3,5.9,Yes,Credit Card,5,Web,1,3,Yes,217.73,Yes
SOL-02792,8,Ad-Lite,5.73,3,7.2,Yes,Credit Card,6,App Store,3,3,No,0.0,Yes
SOL-02793,9,Ad-Lite,5.82,2,3.4,Yes,PayPal,7,Partner Bundle,1,3,No,32.51,No
SOL-02794,1,Standard,11.58,4,8.5,Yes,Mobile Carrier Billing,5,Web,3,8,No,33.71,Yes
SOL-02795,23,Ultra,15.96,1,4.2,No,Credit Card,3,Partner Bundle,1,20,No,258.83,Yes
SOL-02796,20,Standard,11.93,2,13.1,No,PayPal,3,Partner Bundle,1,22,No,355.13,No
SOL-02797,5,Standard,10.9,1,1.3,Yes,Mobile Carrier Billing,2,Web,2,16,No,44.16,Yes
SOL-02798,3,Ad-Lite,5.2,1,1.8,No,Gift Card,10,Partner Bundle,2,4,No,0.0,Yes
SOL-02799,16,Ad-Lite,5.67,3,8.3,Yes,PayPal,7,App Store,2,8,No,168.48,Yes
SOL-02800,22,Standard,12.38,4,8.9,Yes,Mobile Carrier Billing,5,Partner Bundle,2,7,Yes,284.05,No
SOL-02801,26,Ultra,18.58,2,6.4,Yes,Mobile Carrier Billing,0,App Store,1,2,No,465.03,No
SOL-02802,9,Ultra,15.09,3,22.0,No,Credit Card,3,App Store,2,18,Yes,182.0,No
SOL-02803,8,Ad-Lite,6.05,3,7.8,Yes,Credit Card,2,App Store,2,9,No,56.66,Yes
SOL-02804,4,Standard,12.09,1,6.0,Yes,Credit Card,2,App Store,1,4,No,39.79,No
SOL-02805,1,Ad-Lite,6.18,2,3.5,No,Gift Card,2,App Store,1,2,No,28.85,No
SOL-02806,26,Ad-Lite,4.72,3,15.7,Yes,Mobile Carrier Billing,3,Web,1,8,No,193.66,Yes
SOL-02807,11,Ad-Lite,4.8,4,4.3,No,PayPal,7,App Store,1,3,No,44.01,Yes
SOL-02808,17,Standard,11.17,2,1.9,No,Credit Card,4,App Store,1,4,No,445.39,No
SOL-02809,16,Standard,13.61,3,7.1,No,Credit Card,1,Partner Bundle,1,12,No,241.6,No
SOL-02810,5,Standard,13.14,2,10.6,No,Mobile Carrier Billing,2,App Store,2,8,No,53.33,No
SOL-02811,18,Standard,11.32,3,10.0,No,Mobile Carrier Billing,2,Web,4,1,Yes,231.82,No
SOL-02812,12,Standard,12.55,2,6.0,No,Credit Card,2,Partner Bundle,3,35,No,153.39,No
SOL-02813,41,Standard,13.92,5,7.9,No,Credit Card,1,App Store,4,9,Yes,443.55,No
SOL-02814,4,Ad-Lite,6.32,2,4.2,No,Gift Card,3,App Store,3,6,Yes,36.01,Yes
SOL-02815,14,Ultra,16.61,3,3.9,Yes,PayPal,7,App Store,3,10,Yes,204.62,No
SOL-02816,9,Standard,13.06,1,2.2,Yes,Mobile Carrier Billing,3,Partner Bundle,2,4,No,261.98,Yes
SOL-02817,16,Standard,12.21,1,3.4,Yes,Mobile Carrier Billing,5,Web,2,7,No,156.15,No
SOL-02818,14,Ad-Lite,5.62,3,2.2,Yes,Mobile Carrier Billing,2,Partner Bundle,2,10,No,14.09,No
SOL-02819,11,Standard,12.41,5,12.7,Yes,PayPal,3,Partner Bundle,1,4,No,123.18,No
SOL-02820,15,Standard,12.32,4,12.8,No,PayPal,2,Web,2,8,No,604.33,No
SOL-02821,18,Standard,12.8,2,16.3,No,Credit Card,2,App Store,2,14,No,292.3,No
SOL-02822,11,Ad-Lite,6.44,2,4.0,No,Credit Card,1,App Store,2,9,No,90.59,Yes
SOL-02823,9,Ad-Lite,5.34,1,1.6,No,Credit Card,6,Web,2,6,No,113.83,Yes
SOL-02824,24,Standard,12.67,2,6.8,No,Mobile Carrier Billing,1,Partner Bundle,2,13,No,214.11,No
SOL-02825,7,Ad-Lite,7.54,4,9.3,Yes,Credit Card,2,App Store,2,7,No,145.72,Yes
SOL-02826,21,Ad-Lite,6.59,1,15.0,Yes,Gift Card,5,App Store,1,6,No,195.35,Yes
SOL-02827,11,Ad-Lite,7.0,1,10.7,Yes,PayPal,4,Web,1,6,No,26.13,Yes
SOL-02828,13,Ad-Lite,5.85,3,8.3,Yes,PayPal,4,Partner Bundle,3,1,No,106.29,No
SOL-02829,9,Ad-Lite,5.83,2,36.4,Yes,Credit Card,2,Partner Bundle,2,5,No,124.88,Yes
SOL-02830,18,Ad-Lite,6.79,3,12.5,No,Credit Card,3,Web,2,13,Yes,132.67,Yes
SOL-02831,14,Ultra,17.55,1,4.4,No,Credit Card,1,Web,1,10,No,337.41,No
SOL-02832,6,Ad-Lite,5.24,2,1.8,Yes,Credit Card,2,Partner Bundle,1,2,No,17.63,Yes
SOL-02833,28,Standard,10.39,2,6.2,No,Mobile Carrier Billing,4,Web,2,2,No,405.85,No
SOL-02834,24,Ad-Lite,6.23,4,0.8,No,Credit Card,3,App Store,2,0,No,58.12,No
SOL-02835,18,Ultra,17.21,2,4.6,No,Gift Card,3,App Store,2,11,No,132.74,No
SOL-02836,16,Standard,13.74,3,6.7,No,Credit Card,2,App Store,2,16,No,510.16,No
SOL-02837,1,Ad-Lite,6.53,1,3.1,Yes,Mobile Carrier Billing,4,Partner Bundle,2,6,Yes,0.41,Yes
SOL-02838,10,Ultra,16.69,2,15.9,Yes,Gift Card,3,Partner Bundle,4,34,No,405.86,Yes
SOL-02839,25,Ad-Lite,4.81,1,10.5,No,Mobile Carrier Billing,3,Partner Bundle,3,1,No,119.22,Yes
SOL-02840,11,Ad-Lite,5.81,2,7.6,Yes,Mobile Carrier Billing,2,App Store,3,5,No,105.85,Yes
SOL-02841,21,Standard,11.17,1,8.7,Yes,Credit Card,3,Partner Bundle,1,10,No,29.84,No
SOL-02842,20,Ad-Lite,6.04,1,6.6,Yes,PayPal,3,Web,4,5,No,278.97,No
SOL-02843,11,Ad-Lite,6.7,2,7.3,No,PayPal,2,Partner Bundle,2,4,No,122.29,No
SOL-02844,3,Standard,10.8,3,8.3,Yes,Credit Card,7,Partner Bundle,2,10,No,93.95,Yes
SOL-02845,17,Ad-Lite,5.07,1,10.0,Yes,Mobile Carrier Billing,8,App Store,1,10,No,231.14,Yes
SOL-02846,12,Standard,12.57,2,6.1,Yes,PayPal,1,Partner Bundle,1,2,No,169.16,No
SOL-02847,10,Standard,11.07,2,9.3,Yes,Mobile Carrier Billing,4,Web,1,6,No,92.6,No
SOL-02848,7,Standard,11.99,1,1.7,Yes,Credit Card,3,Web,1,4,Yes,60.25,Yes
SOL-02849,3,Standard,11.44,1,4.7,No,Mobile Carrier Billing,4,App Store,2,3,No,127.66,Yes
SOL-02850,19,Standard,13.45,2,2.3,Yes,Credit Card,0,Web,3,20,No,252.83,No
SOL-02851,26,Standard,10.82,3,6.5,No,Credit Card,4,App Store,3,10,No,346.14,Yes
SOL-02852,26,Standard,12.45,5,14.8,Yes,PayPal,3,App Store,1,10,No,556.63,No
SOL-02853,4,Ultra,17.8,5,8.2,Yes,Credit Card,3,Web,1,10,No,187.13,No
SOL-02854,21,Ultra,18.09,4,1.9,No,Gift Card,2,Web,2,13,Yes,730.39,No
SOL-02855,33,Ultra,16.99,2,10.6,Yes,PayPal,4,Web,1,3,No,314.15,No
SOL-02856,15,Ultra,16.63,2,4.6,Yes,Mobile Carrier Billing,8,Web,2,3,No,259.17,No
SOL-02857,6,Ad-Lite,5.66,2,2.0,No,Mobile Carrier Billing,7,App Store,4,1,No,33.44,Yes
SOL-02858,35,Ad-Lite,6.22,4,6.6,No,Credit Card,3,Web,2,12,Yes,117.21,No
SOL-02859,13,Ad-Lite,6.9,1,6.8,No,Credit Card,1,Web,3,24,No,39.54,Yes
SOL-02860,29,Ad-Lite,6.81,1,15.1,Yes,Gift Card,4,App Store,2,10,Yes,252.44,Yes
SOL-02861,4,Ad-Lite,6.76,1,11.0,Yes,Credit Card,3,Web,1,11,No,34.81,No
SOL-02862,30,Ad-Lite,6.63,3,6.5,Yes,PayPal,0,Partner Bundle,4,15,No,323.71,Yes
SOL-02863,5,Standard,11.73,4,16.2,No,Credit Card,3,Web,2,1,Yes,164.26,Yes
SOL-02864,11,Ad-Lite,5.66,1,11.2,No,PayPal,2,App Store,3,5,Yes,66.52,No
SOL-02865,21,Ultra,15.58,1,4.9,Yes,Credit Card,4,Web,1,9,Yes,326.22,No
SOL-02866,2,Standard,11.26,2,8.9,Yes,Mobile Carrier Billing,4,App Store,2,23,No,0.0,Yes
SOL-02867,12,Ad-Lite,4.98,3,1.9,No,Mobile Carrier Billing,3,Partner Bundle,3,2,No,151.42,Yes
SOL-02868,6,Standard,14.24,2,10.7,No,Credit Card,3,App Store,2,6,No,234.47,No
SOL-02869,20,Ad-Lite,5.35,3,18.7,Yes,Credit Card,4,App Store,3,7,No,87.75,No
SOL-02870,3,Ad-Lite,6.49,2,3.4,Yes,Credit Card,3,App Store,2,27,Yes,68.73,Yes
SOL-02871,15,Ad-Lite,4.69,2,3.4,Yes,Credit Card,4,Partner Bundle,2,3,No,135.63,Yes
SOL-02872,7,Ad-Lite,7.47,2,12.6,Yes,PayPal,4,Web,1,5,Yes,61.43,No
SOL-02873,7,Standard,11.27,2,4.4,Yes,Credit Card,5,Web,2,9,No,37.11,No
SOL-02874,22,Ultra,16.63,3,7.7,Yes,Mobile Carrier Billing,3,Web,1,3,No,160.36,No
SOL-02875,14,Ad-Lite,4.53,2,8.8,Yes,Mobile Carrier Billing,4,Web,1,5,No,33.02,Yes
SOL-02876,6,Standard,10.22,4,9.2,No,Credit Card,3,App Store,3,16,No,40.57,Yes
SOL-02877,6,Ad-Lite,5.09,4,3.0,No,Gift Card,4,App Store,2,2,No,180.69,Yes
SOL-02878,5,Standard,12.22,2,5.7,Yes,PayPal,8,Partner Bundle,1,4,No,184.88,No
SOL-02879,21,Ad-Lite,6.0,3,12.9,Yes,Credit Card,5,Partner Bundle,2,21,No,144.09,No
SOL-02880,13,Ad-Lite,5.59,1,17.0,No,Mobile Carrier Billing,3,App Store,2,6,No,81.03,Yes
SOL-02881,17,Standard,11.17,3,3.4,Yes,Mobile Carrier Billing,5,App Store,2,6,No,289.42,Yes
SOL-02882,10,Standard,12.67,2,15.3,Yes,PayPal,3,App Store,5,5,Yes,260.71,No
SOL-02883,16,Standard,11.63,4,6.1,No,PayPal,4,Partner Bundle,1,5,Yes,262.67,No
SOL-02884,14,Ad-Lite,5.43,3,1.3,No,Credit Card,3,Web,2,12,Yes,0.0,Yes
SOL-02885,14,Standard,12.15,4,13.1,Yes,Credit Card,4,Web,1,8,Yes,0.49,No
SOL-02886,2,Standard,10.78,2,4.4,No,Gift Card,6,Web,4,1,No,40.51,Yes
SOL-02887,23,Standard,11.24,5,2.9,Yes,Credit Card,4,Web,3,2,No,114.28,No
SOL-02888,23,Standard,11.89,1,11.4,Yes,Mobile Carrier Billing,2,Web,2,12,No,495.71,No
SOL-02889,10,Ad-Lite,5.43,4,2.4,Yes,Credit Card,4,App Store,1,17,No,63.32,Yes
SOL-02890,16,Standard,11.95,3,17.9,No,PayPal,4,App Store,2,9,No,218.68,No
SOL-02891,1,Ad-Lite,6.22,1,12.6,Yes,Mobile Carrier Billing,3,App Store,5,5,Yes,16.21,Yes
SOL-02892,29,Ultra,16.23,1,7.6,Yes,Mobile Carrier Billing,5,App Store,2,9,Yes,803.2,No
SOL-02893,14,Ad-Lite,6.95,2,7.5,Yes,Credit Card,6,Web,2,8,No,68.04,No
SOL-02894,12,Standard,11.76,2,19.5,Yes,Credit Card,1,Partner Bundle,2,10,No,369.94,No
SOL-02895,9,Ad-Lite,5.18,3,16.8,No,PayPal,3,App Store,3,6,No,2.74,No
SOL-02896,12,Standard,9.88,3,19.7,Yes,Credit Card,6,App Store,5,6,No,136.86,No
SOL-02897,24,Ad-Lite,5.79,4,3.4,Yes,Credit Card,2,Web,1,6,No,305.19,Yes
SOL-02898,2,Ultra,18.19,5,1.5,Yes,Mobile Carrier Billing,7,Web,2,6,No,57.57,Yes
SOL-02899,2,Standard,12.12,5,9.8,Yes,Credit Card,3,Web,1,3,No,15.31,No
SOL-02900,12,Ad-Lite,5.43,2,5.0,Yes,Credit Card,2,Web,2,12,Yes,91.17,No
SOL-02901,23,Ad-Lite,4.61,2,15.2,No,Credit Card,3,App Store,2,7,No,134.59,Yes
SOL-02902,16,Ultra,17.03,1,3.1,Yes,Credit Card,6,App Store,1,5,No,245.15,No
SOL-02903,14,Ad-Lite,4.94,2,3.8,Yes,Credit Card,2,Web,2,2,No,150.0,Yes
SOL-02904,7,Ultra,18.58,1,6.8,No,Mobile Carrier Billing,5,App Store,3,11,Yes,154.76,No
SOL-02905,1,Ultra,14.55,2,13.9,Yes,Mobile Carrier Billing,3,App Store,2,3,No,0.0,No
SOL-02906,8,Standard,12.01,2,13.5,No,Credit Card,5,Web,3,3,No,166.65,No
SOL-02907,5,Ultra,18.94,4,2.0,No,PayPal,3,Web,2,1,No,131.08,No
SOL-02908,16,Standard,12.01,1,4.1,Yes,Credit Card,0,App Store,2,4,No,256.39,No
SOL-02909,18,Ad-Lite,5.23,2,8.6,Yes,PayPal,5,App Store,2,2,No,154.63,No
SOL-02910,14,Standard,12.7,1,8.8,Yes,Credit Card,5,Partner Bundle,4,1,No,325.35,No
SOL-02911,4,Standard,12.3,2,3.2,Yes,Credit Card,5,Partner Bundle,2,22,Yes,235.76,No
SOL-02912,19,Ad-Lite,6.42,1,5.5,No,PayPal,4,Web,2,19,No,181.77,Yes
SOL-02913,3,Ultra,16.19,3,3.2,No,Credit Card,4,Partner Bundle,1,4,Yes,11.85,No
SOL-02914,13,Standard,11.79,3,1.3,No,Mobile Carrier Billing,3,App Store,1,9,Yes,252.56,No
SOL-02915,3,Standard,13.31,2,2.9,No,Mobile Carrier Billing,7,Web,4,19,No,0.0,No
SOL-02916,30,Standard,11.48,3,9.2,No,Credit Card,3,Partner Bundle,1,7,No,291.59,No
SOL-02917,12,Ultra,18.24,1,10.5,No,Mobile Carrier Billing,3,Web,1,2,No,296.37,No
SOL-02918,2,Ad-Lite,4.82,2,0.7,Yes,Mobile Carrier Billing,8,Web,1,6,No,6.46,No
SOL-02919,10,Standard,10.99,4,9.0,Yes,Credit Card,4,App Store,2,8,No,187.14,Yes
SOL-02920,13,Ad-Lite,6.83,1,2.5,No,PayPal,2,App Store,3,7,Yes,143.31,Yes
SOL-02921,6,Ad-Lite,6.67,4,8.9,Yes,Mobile Carrier Billing,4,App Store,2,14,No,81.39,Yes
SOL-02922,29,Ad-Lite,5.48,1,6.1,No,Credit Card,1,App Store,2,13,No,308.74,No
SOL-02923,8,Ultra,16.47,1,11.3,No,PayPal,3,Partner Bundle,3,15,No,121.67,No
SOL-02924,14,Standard,11.98,5,10.3,Yes,Mobile Carrier Billing,1,Web,3,0,No,217.96,No
SOL-02925,5,Standard,12.89,2,0.8,Yes,Gift Card,3,Web,3,9,No,81.52,Yes
SOL-02926,4,Standard,13.35,1,6.6,Yes,PayPal,4,App Store,2,4,Yes,25.71,No
SOL-02927,1,Ad-Lite,6.86,3,7.2,Yes,Credit Card,4,Partner Bundle,2,9,No,30.26,Yes
SOL-02928,7,Standard,11.34,5,3.5,No,PayPal,2,App Store,2,3,No,109.09,No
SOL-02929,18,Standard,11.97,2,5.2,Yes,Gift Card,4,App Store,2,17,No,272.13,No
SOL-02930,30,Ad-Lite,5.19,3,11.3,Yes,PayPal,0,Web,4,7,No,143.67,No
SOL-02931,8,Ultra,17.72,3,8.6,Yes,PayPal,2,Partner Bundle,2,4,No,176.63,No
SOL-02932,25,Ultra,16.85,4,1.1,No,Credit Card,3,Partner Bundle,1,0,No,441.5,Yes
SOL-02933,6,Standard,12.61,1,4.0,No,PayPal,3,App Store,1,7,Yes,50.24,No
SOL-02934,15,Standard,12.26,2,8.3,Yes,PayPal,4,App Store,1,1,No,150.78,No
SOL-02935,14,Ad-Lite,6.06,2,8.8,No,Credit Card,5,Web,4,15,No,90.77,Yes
SOL-02936,3,Ad-Lite,6.14,3,7.9,No,Gift Card,4,App Store,1,14,No,63.64,No
SOL-02937,20,Ultra,17.54,3,11.3,Yes,Gift Card,3,App Store,2,16,Yes,185.75,No
SOL-02938,11,Ad-Lite,7.84,2,9.1,Yes,Mobile Carrier Billing,2,App Store,2,17,No,96.48,No
SOL-02939,7,Standard,11.44,2,4.9,Yes,Credit Card,4,App Store,1,5,No,122.23,No
SOL-02940,9,Ad-Lite,6.22,1,9.5,No,Credit Card,7,Partner Bundle,1,9,No,112.34,Yes
SOL-02941,9,Ad-Lite,5.85,2,4.9,No,Credit Card,2,Partner Bundle,1,1,No,0.0,Yes
SOL-02942,17,Ad-Lite,6.13,1,1.8,No,PayPal,4,Web,3,1,Yes,0.0,Yes
SOL-02943,3,Ad-Lite,6.03,3,2.2,Yes,Credit Card,6,Web,1,10,No,15.44,Yes
SOL-02944,18,Ad-Lite,6.86,4,5.0,Yes,Mobile Carrier Billing,3,Partner Bundle,1,20,Yes,55.83,Yes
SOL-02945,1,Standard,11.76,2,6.8,Yes,PayPal,4,Web,2,3,Yes,6.04,No
SOL-02946,4,Standard,11.1,2,7.4,No,Mobile Carrier Billing,5,App Store,1,19,No,127.46,No
SOL-02947,21,Ad-Lite,5.33,1,2.2,No,Mobile Carrier Billing,4,App Store,2,23,No,182.3,Yes
SOL-02948,12,Ad-Lite,7.3,3,6.6,No,PayPal,2,App Store,4,3,No,209.71,Yes
SOL-02949,10,Ad-Lite,4.75,5,10.0,No,Credit Card,5,Web,3,14,Yes,36.94,Yes
SOL-02950,0,Ad-Lite,6.89,2,8.6,No,Mobile Carrier Billing,2,App Store,2,9,Yes,0.0,No
SOL-02951,22,Standard,11.06,1,12.9,Yes,Mobile Carrier Billing,6,Partner Bundle,2,13,No,243.77,Yes
SOL-02952,8,Standard,11.74,1,7.4,Yes,PayPal,1,Web,1,3,No,123.33,No
SOL-02953,18,Ad-Lite,7.27,3,13.2,No,PayPal,2,Partner Bundle,2,5,No,246.12,No
SOL-02954,2,Ad-Lite,4.48,3,3.5,Yes,PayPal,3,App Store,2,6,Yes,18.71,Yes
SOL-02955,2,Ad-Lite,6.88,5,5.0,Yes,Credit Card,1,Web,2,6,No,11.5,Yes
SOL-02956,6,Ad-Lite,5.84,2,11.6,No,Credit Card,3,Web,1,4,No,0.0,Yes
SOL-02957,6,Ultra,17.11,1,7.9,No,Credit Card,2,Partner Bundle,2,16,No,167.66,No
SOL-02958,18,Ad-Lite,5.79,2,6.2,No,Gift Card,1,Partner Bundle,1,10,No,160.93,Yes
SOL-02959,4,Standard,12.5,1,5.8,Yes,Mobile Carrier Billing,6,Web,2,5,No,51.52,No
SOL-02960,32,Ad-Lite,6.16,2,12.7,Yes,Credit Card,6,App Store,4,11,No,168.38,No
SOL-02961,4,Ad-Lite,5.87,3,7.6,No,Credit Card,1,Web,3,3,No,0.0,No
SOL-02962,13,Ad-Lite,4.8,1,4.0,Yes,Mobile Carrier Billing,4,App Store,2,15,No,86.72,Yes
SOL-02963,34,Ad-Lite,6.34,1,5.4,No,Gift Card,2,Web,1,6,No,291.44,No
SOL-02964,13,Ultra,19.26,1,3.3,No,PayPal,2,App Store,3,1,No,270.81,No
SOL-02965,18,Standard,12.4,2,6.6,No,Credit Card,1,Web,3,4,No,238.19,No
SOL-02966,1,Ad-Lite,6.01,1,3.8,Yes,PayPal,0,App Store,3,9,No,0.0,Yes
SOL-02967,15,Ultra,16.71,3,8.2,No,Credit Card,4,App Store,2,26,No,373.33,No
SOL-02968,23,Ultra,18.17,3,4.8,Yes,Credit Card,2,App Store,3,4,No,491.83,No
SOL-02969,14,Ad-Lite,6.67,4,17.2,No,Mobile Carrier Billing,5,Web,2,3,No,162.08,Yes
SOL-02970,30,Ad-Lite,6.36,2,6.3,Yes,PayPal,5,App Store,1,10,No,177.66,Yes
SOL-02971,3,Ultra,17.42,2,10.4,Yes,Gift Card,5,Partner Bundle,2,23,No,65.83,No
SOL-02972,25,Standard,11.12,3,6.1,Yes,Credit Card,7,App Store,1,7,No,345.62,No
SOL-02973,15,Ad-Lite,6.04,4,11.5,No,PayPal,6,Web,3,2,No,129.99,No
SOL-02974,41,Ultra,15.19,3,6.5,Yes,Mobile Carrier Billing,3,Web,1,8,Yes,357.93,No
SOL-02975,31,Standard,10.93,3,3.7,No,Credit Card,1,Web,4,8,No,529.6,No
SOL-02976,26,Ad-Lite,6.21,3,12.1,Yes,PayPal,4,Partner Bundle,2,12,No,241.5,Yes
SOL-02977,33,Ad-Lite,5.59,2,5.0,No,Credit Card,5,Web,3,6,Yes,343.22,No
SOL-02978,12,Ad-Lite,8.0,2,11.3,No,Gift Card,5,Web,3,9,No,173.09,Yes
SOL-02979,9,Ad-Lite,5.03,2,10.9,Yes,Mobile Carrier Billing,5,App Store,1,1,No,76.2,No
SOL-02980,25,Ad-Lite,5.89,2,3.1,Yes,PayPal,1,Web,1,12,No,172.4,No
SOL-02981,1,Ultra,17.9,2,6.8,Yes,Credit Card,1,App Store,3,5,Yes,70.05,No
SOL-02982,19,Ad-Lite,6.64,4,4.8,No,Credit Card,4,Web,1,14,No,249.5,No
SOL-02983,4,Ultra,17.65,4,3.0,Yes,Credit Card,2,App Store,1,3,No,134.7,Yes
SOL-02984,24,Ad-Lite,6.38,4,7.4,Yes,PayPal,1,Web,1,7,No,334.3,Yes
SOL-02985,32,Standard,11.24,3,7.2,Yes,Gift Card,3,Partner Bundle,4,22,No,440.45,No
SOL-02986,4,Ad-Lite,4.92,1,7.0,No,Credit Card,6,Partner Bundle,2,9,No,40.96,Yes
SOL-02987,1,Ad-Lite,5.01,3,3.3,Yes,Credit Card,2,App Store,3,6,No,0.0,Yes
SOL-02988,14,Ad-Lite,5.29,1,8.7,No,Credit Card,1,Web,5,1,No,56.07,Yes
SOL-02989,7,Ad-Lite,4.84,2,5.7,No,Credit Card,1,Web,2,7,No,69.69,No
SOL-02990,7,Standard,9.61,2,4.5,No,Credit Card,1,App Store,1,1,No,125.96,No
SOL-02991,3,Ad-Lite,5.5,2,4.3,Yes,Credit Card,4,Web,1,16,No,0.0,Yes
SOL-02992,15,Ad-Lite,6.9,3,10.0,No,Mobile Carrier Billing,7,App Store,3,14,No,241.8,No
SOL-02993,3,Ad-Lite,6.19,3,4.4,Yes,Credit Card,3,Web,1,11,No,28.49,Yes
SOL-02994,11,Ad-Lite,7.66,2,3.2,Yes,PayPal,1,App Store,3,19,Yes,174.5,Yes
SOL-02995,12,Standard,12.97,2,9.2,Yes,Credit Card,3,App Store,2,6,No,79.67,Yes
SOL-02996,7,Standard,11.23,3,5.6,Yes,PayPal,6,Web,2,6,Yes,177.21,No
SOL-02997,9,Ad-Lite,5.29,5,2.8,Yes,PayPal,2,App Store,3,13,No,39.81,Yes
SOL-02998,14,Ad-Lite,4.92,3,14.0,No,Mobile Carrier Billing,3,Web,4,5,No,15.87,Yes
SOL-02999,13,Ad-Lite,5.72,5,9.0,Yes,Mobile Carrier Billing,3,Web,3,4,Yes,182.5,No
SOL-03000,6,Ultra,15.53,1,0.8,Yes,Mobile Carrier Billing,1,App Store,1,8,No,129.87,No
SOL-03001,1,Ad-Lite,5.04,2,8.0,No,PayPal,6,Web,5,3,No,31.72,Yes
SOL-03002,9,Ad-Lite,6.13,2,1.8,No,Gift Card,6,Web,2,6,No,40.06,No
SOL-03003,27,Ad-Lite,6.93,2,12.2,Yes,PayPal,3,App Store,1,10,Yes,189.19,No
SOL-03004,14,Ad-Lite,5.93,2,8.2,Yes,PayPal,1,Web,4,3,Yes,210.72,Yes
SOL-03005,12,Ultra,14.47,2,8.8,Yes,PayPal,3,Web,2,11,Yes,184.08,Yes
SOL-03006,26,Standard,13.52,3,14.1,No,PayPal,3,App Store,1,4,No,228.33,No
SOL-03007,17,Standard,12.68,2,11.0,No,Gift Card,1,Web,3,6,No,320.78,No
SOL-03008,12,Ultra,17.87,3,5.7,No,Credit Card,2,App Store,3,4,No,270.48,No
SOL-03009,23,Ad-Lite,5.21,4,6.3,Yes,Mobile Carrier Billing,5,Web,2,4,No,86.41,No
SOL-03010,18,Ad-Lite,5.54,3,7.4,No,Credit Card,1,Web,3,25,No,110.3,Yes
SOL-03011,7,Ad-Lite,5.38,3,2.7,Yes,Mobile Carrier Billing,4,Web,2,4,Yes,25.21,No
SOL-03012,7,Ad-Lite,7.05,1,2.5,Yes,Credit Card,2,Web,3,4,No,0.0,Yes
SOL-03013,19,Ad-Lite,6.18,4,13.8,Yes,Credit Card,4,Web,1,1,No,252.19,No
SOL-03014,13,Ad-Lite,7.03,3,4.1,Yes,Credit Card,2,Web,1,13,No,63.11,Yes
SOL-03015,3,Ad-Lite,4.84,3,3.1,No,Mobile Carrier Billing,2,Partner Bundle,2,5,No,6.32,Yes
SOL-03016,12,Ad-Lite,8.0,2,24.8,Yes,Credit Card,3,App Store,2,13,Yes,302.17,No
SOL-03017,32,Standard,13.28,2,4.2,No,Credit Card,1,App Store,3,5,No,700.35,No
SOL-03018,8,Standard,13.66,3,12.1,No,PayPal,4,App Store,1,7,Yes,118.72,Yes
SOL-03019,1,Ad-Lite,6.91,1,2.1,Yes,Credit Card,2,Web,1,2,No,0.0,Yes
SOL-03020,24,Ad-Lite,6.87,3,18.4,Yes,Mobile Carrier Billing,2,Web,2,5,Yes,140.72,No
SOL-03021,13,Ad-Lite,5.99,4,11.9,Yes,PayPal,4,App Store,1,20,No,56.17,Yes
SOL-03022,13,Standard,10.6,2,11.6,No,Gift Card,3,Partner Bundle,3,9,No,46.88,No
SOL-03023,19,Ad-Lite,6.79,1,2.4,No,PayPal,3,Web,3,4,No,222.8,Yes
SOL-03024,14,Ad-Lite,4.9,4,2.4,No,Mobile Carrier Billing,2,Web,1,19,Yes,1.83,Yes
SOL-03025,3,Standard,9.73,2,4.5,No,Mobile Carrier Billing,2,App Store,5,9,No,25.34,Yes
SOL-03026,17,Ad-Lite,6.27,3,4.9,Yes,Credit Card,7,Web,3,23,No,56.71,No
SOL-03027,10,Standard,12.3,2,7.8,Yes,Mobile Carrier Billing,4,Web,2,12,No,332.1,Yes
SOL-03028,7,Standard,11.58,2,10.5,Yes,Credit Card,8,Partner Bundle,2,5,No,104.42,No
SOL-03029,6,Ad-Lite,6.1,2,12.4,No,PayPal,2,Partner Bundle,3,3,No,156.12,Yes
SOL-03030,0,Standard,11.68,2,11.2,Yes,PayPal,7,Web,1,15,No,24.04,No
SOL-03031,11,Ultra,17.14,3,10.1,Yes,Credit Card,8,App Store,3,10,No,327.08,No
SOL-03032,10,Standard,12.08,2,1.1,Yes,Mobile Carrier Billing,6,Web,3,21,No,106.96,No
SOL-03033,10,Ultra,16.38,3,8.3,No,Credit Card,4,Web,4,21,Yes,77.06,Yes
SOL-03034,4,Standard,10.82,1,10.3,Yes,Mobile Carrier Billing,1,Web,1,2,No,4.37,No
SOL-03035,9,Ultra,16.79,3,10.6,Yes,Credit Card,3,Web,4,10,No,313.1,No
SOL-03036,24,Standard,10.78,1,14.5,Yes,PayPal,6,Web,2,13,Yes,252.95,No
SOL-03037,15,Ultra,18.14,5,5.5,Yes,PayPal,4,Web,2,11,No,385.32,No
SOL-03038,7,Ad-Lite,5.4,3,16.1,No,Gift Card,2,App Store,2,1,No,16.83,Yes
SOL-03039,8,Ultra,15.77,5,18.1,Yes,Gift Card,5,Web,2,3,No,196.94,No
SOL-03040,33,Ultra,16.27,4,13.9,Yes,Credit Card,2,App Store,2,6,No,276.84,No
SOL-03041,7,Ad-Lite,5.85,4,6.9,No,Credit Card,5,App Store,1,3,No,0.0,No
SOL-03042,4,Ultra,17.28,1,6.8,Yes,PayPal,8,Web,3,10,No,0.0,No
SOL-03043,27,Ad-Lite,5.56,2,6.1,No,Mobile Carrier Billing,3,Partner Bundle,1,7,No,219.81,No
SOL-03044,2,Ultra,17.71,1,3.0,Yes,Gift Card,3,Web,2,14,No,0.0,No
SOL-03045,22,Ad-Lite,4.62,2,15.2,Yes,Credit Card,1,App Store,2,9,No,6.68,Yes
SOL-03046,23,Standard,10.91,2,6.6,Yes,PayPal,2,Web,1,7,Yes,184.62,No
SOL-03047,3,Ad-Lite,4.91,3,3.3,Yes,Mobile Carrier Billing,1,App Store,2,9,No,54.98,No
SOL-03048,21,Ultra,17.52,1,13.6,Yes,PayPal,4,Partner Bundle,1,7,Yes,355.41,No
SOL-03049,23,Standard,12.28,2,7.1,Yes,PayPal,7,Web,2,5,No,133.42,No
SOL-03050,4,Ultra,20.23,4,3.2,No,PayPal,7,Partner Bundle,3,5,No,86.1,Yes
SOL-03051,30,Ad-Lite,4.48,2,2.9,Yes,Gift Card,0,Web,2,10,No,140.41,No
SOL-03052,14,Standard,12.55,4,6.6,Yes,Credit Card,2,Web,2,14,No,241.91,No
SOL-03053,7,Standard,10.86,3,20.2,Yes,Credit Card,5,Web,2,6,No,201.78,No
SOL-03054,2,Ad-Lite,6.31,1,14.4,Yes,PayPal,6,Web,1,16,No,0.0,Yes
SOL-03055,13,Standard,12.04,2,5.7,Yes,Credit Card,7,Partner Bundle,3,12,No,163.62,No
SOL-03056,35,Ad-Lite,7.14,2,16.8,No,PayPal,1,App Store,4,8,No,308.9,No
SOL-03057,17,Ad-Lite,7.17,2,2.8,Yes,Mobile Carrier Billing,5,Partner Bundle,3,10,No,167.72,Yes
SOL-03058,5,Ad-Lite,5.54,4,9.6,Yes,Credit Card,4,App Store,2,6,No,214.02,No
SOL-03059,7,Standard,11.96,1,4.3,Yes,Credit Card,4,App Store,3,24,Yes,118.99,Yes
SOL-03060,12,Standard,11.51,2,4.5,Yes,Credit Card,3,App Store,1,12,No,161.02,No
SOL-03061,14,Ad-Lite,5.68,1,5.1,Yes,Credit Card,7,App Store,2,13,No,44.66,No
SOL-03062,25,Ad-Lite,5.11,3,0.8,Yes,PayPal,2,App Store,2,4,No,159.81,Yes
SOL-03063,27,Standard,12.28,3,2.3,No,Credit Card,4,Web,3,6,No,163.13,No
SOL-03064,16,Ad-Lite,6.01,2,3.6,Yes,Mobile Carrier Billing,2,Web,4,11,No,150.01,Yes
SOL-03065,17,Standard,11.21,4,3.1,Yes,Credit Card,2,App Store,1,5,Yes,260.7,Yes
SOL-03066,19,Standard,13.12,4,7.5,Yes,Mobile Carrier Billing,1,Web,3,8,Yes,345.45,Yes
SOL-03067,31,Ad-Lite,6.95,5,4.2,Yes,Credit Card,4,Partner Bundle,2,10,Yes,177.55,No
SOL-03068,11,Standard,11.85,2,8.3,No,Mobile Carrier Billing,2,App Store,4,18,No,90.35,Yes
SOL-03069,5,Ultra,17.63,2,11.2,No,PayPal,4,App Store,1,15,No,98.43,Yes
SOL-03070,21,Standard,13.91,2,16.9,Yes,PayPal,1,App Store,2,0,No,765.64,No
SOL-03071,28,Ad-Lite,6.91,1,4.7,Yes,Credit Card,1,App Store,3,6,No,323.32,No
SOL-03072,15,Ultra,18.4,2,1.4,Yes,Credit Card,5,App Store,1,8,No,299.84,No
SOL-03073,27,Ad-Lite,5.82,1,10.4,No,Mobile Carrier Billing,2,Partner Bundle,1,2,No,90.81,Yes
SOL-03074,13,Ad-Lite,6.81,2,8.1,Yes,Mobile Carrier Billing,6,Web,2,5,No,154.61,No
SOL-03075,26,Standard,11.9,2,5.2,Yes,Credit Card,1,App Store,1,5,No,425.03,Yes
SOL-03076,34,Standard,11.67,5,5.5,Yes,PayPal,7,App Store,3,2,No,303.06,No
SOL-03077,8,Standard,11.85,4,5.9,No,PayPal,1,App Store,1,6,No,66.67,No
SOL-03078,3,Standard,11.46,2,4.4,Yes,Credit Card,4,Partner Bundle,1,2,No,35.42,No
SOL-03079,14,Standard,10.9,4,9.0,Yes,PayPal,2,Partner Bundle,1,7,No,112.15,Yes
SOL-03080,18,Standard,9.76,3,6.3,No,Credit Card,2,Partner Bundle,2,18,No,54.92,No
SOL-03081,20,Ad-Lite,5.26,1,2.3,Yes,Gift Card,4,App Store,1,14,No,195.8,No
SOL-03082,13,Ad-Lite,5.4,2,15.4,No,Credit Card,2,Web,3,7,No,236.53,Yes
SOL-03083,22,Ad-Lite,6.43,2,7.8,No,Mobile Carrier Billing,1,App Store,2,6,No,45.37,Yes
SOL-03084,26,Standard,10.58,1,18.9,Yes,Mobile Carrier Billing,7,Partner Bundle,2,15,Yes,212.8,No
SOL-03085,10,Ad-Lite,5.49,2,5.7,No,Credit Card,5,Web,4,15,No,54.78,Yes
SOL-03086,16,Ad-Lite,4.04,4,7.0,Yes,PayPal,1,App Store,2,5,Yes,17.29,Yes
SOL-03087,25,Ad-Lite,6.85,3,5.7,No,Credit Card,3,Partner Bundle,2,6,Yes,324.91,Yes
SOL-03088,25,Ad-Lite,6.04,3,6.5,No,Mobile Carrier Billing,4,App Store,1,4,Yes,288.68,Yes
SOL-03089,8,Ad-Lite,6.71,1,5.2,No,PayPal,2,App Store,2,14,No,123.78,No
SOL-03090,2,Ad-Lite,4.66,2,14.0,Yes,Mobile Carrier Billing,4,Web,2,11,No,0.0,Yes
SOL-03091,18,Ultra,13.24,1,5.8,Yes,Credit Card,3,Web,2,6,No,278.96,No
SOL-03092,3,Standard,12.76,1,3.6,Yes,Mobile Carrier Billing,2,Partner Bundle,1,10,Yes,0.0,No
SOL-03093,7,Ad-Lite,6.44,2,6.7,Yes,Credit Card,4,Partner Bundle,3,5,Yes,47.66,No
SOL-03094,24,Standard,13.71,5,7.3,No,Credit Card,3,App Store,2,9,No,322.58,Yes
SOL-03095,16,Ad-Lite,6.59,3,11.0,Yes,Gift Card,2,Web,2,3,No,169.07,No
SOL-03096,20,Standard,12.82,1,4.4,No,Credit Card,4,App Store,3,5,No,401.0,Yes
SOL-03097,8,Standard,11.93,1,10.3,Yes,Credit Card,4,Web,3,4,No,363.78,No
SOL-03098,17,Standard,10.81,2,16.6,No,PayPal,4,App Store,4,4,Yes,283.64,No
SOL-03099,15,Ad-Lite,6.77,3,1.9,Yes,Mobile Carrier Billing,2,Partner Bundle,2,12,No,98.31,Yes
SOL-03100,6,Standard,11.62,4,5.2,Yes,Gift Card,4,App Store,1,1,No,101.51,No
SOL-03101,25,Ad-Lite,5.26,1,16.3,No,PayPal,3,App Store,1,13,No,235.44,No
SOL-03102,17,Ultra,19.7,2,10.3,No,PayPal,4,App Store,1,2,No,260.76,No
SOL-03103,25,Standard,13.43,1,2.1,Yes,PayPal,3,Web,2,8,No,443.0,Yes
SOL-03104,14,Ultra,18.68,4,5.3,No,Credit Card,6,Web,1,9,No,290.48,No
SOL-03105,25,Ultra,14.64,1,10.5,No,Credit Card,4,App Store,4,18,Yes,319.87,No
SOL-03106,1,Standard,11.18,3,8.5,Yes,PayPal,3,Partner Bundle,1,2,Yes,87.19,No
SOL-03107,13,Standard,11.25,2,14.9,No,Credit Card,2,App Store,1,22,No,100.7,No
SOL-03108,10,Standard,13.83,2,7.2,Yes,PayPal,5,App Store,2,6,No,109.98,No
SOL-03109,5,Ad-Lite,4.89,1,5.3,No,Credit Card,1,Web,1,5,No,30.1,Yes
SOL-03110,23,Ad-Lite,6.0,4,18.4,No,PayPal,4,App Store,1,3,No,164.88,No
SOL-03111,2,Ad-Lite,5.66,1,7.6,No,Mobile Carrier Billing,2,Web,2,7,No,10.43,Yes
SOL-03112,12,Ad-Lite,7.42,3,5.8,No,Mobile Carrier Billing,6,Web,3,5,No,67.04,Yes
SOL-03113,12,Ad-Lite,4.9,2,1.9,Yes,Credit Card,5,Web,3,12,No,166.04,No
SOL-03114,19,Standard,10.32,1,10.2,Yes,Gift Card,6,Web,2,13,Yes,383.9,No
SOL-03115,12,Ultra,15.13,4,9.4,Yes,Mobile Carrier Billing,2,App Store,3,11,No,422.28,No
SOL-03116,42,Standard,12.05,5,9.0,Yes,PayPal,5,Web,2,8,No,484.63,No
SOL-03117,4,Standard,13.76,2,11.5,Yes,Mobile Carrier Billing,2,App Store,3,9,No,114.09,No
SOL-03118,15,Standard,10.79,1,5.4,Yes,PayPal,1,App Store,2,4,No,201.56,No
SOL-03119,14,Standard,11.55,5,10.1,Yes,Gift Card,4,App Store,2,12,No,302.23,No
SOL-03120,1,Standard,11.87,3,10.9,No,Mobile Carrier Billing,2,Web,1,7,Yes,66.38,No
SOL-03121,23,Ad-Lite,6.09,3,6.2,Yes,PayPal,4,Web,1,12,No,237.48,No
SOL-03122,21,Ad-Lite,6.63,1,11.8,No,Mobile Carrier Billing,2,App Store,2,11,Yes,200.48,Yes
SOL-03123,5,Ad-Lite,6.61,1,5.9,No,PayPal,4,App Store,1,5,Yes,47.04,No
SOL-03124,14,Standard,12.42,3,5.1,Yes,PayPal,2,App Store,1,5,Yes,113.65,No
SOL-03125,16,Ad-Lite,4.78,4,8.6,Yes,PayPal,3,App Store,2,10,No,68.72,Yes
SOL-03126,21,Ultra,16.76,2,6.1,No,Credit Card,2,Web,3,5,No,1340.09,No
SOL-03127,13,Ad-Lite,5.13,2,5.4,Yes,Mobile Carrier Billing,6,Web,4,5,Yes,120.81,Yes
SOL-03128,24,Ad-Lite,6.35,2,11.7,No,PayPal,1,Partner Bundle,4,2,Yes,288.86,No
SOL-03129,16,Standard,12.2,5,5.4,Yes,PayPal,1,Partner Bundle,2,3,No,152.59,No
SOL-03130,29,Standard,12.22,2,3.8,Yes,Credit Card,1,App Store,2,11,No,391.74,Yes
SOL-03131,23,Standard,11.71,2,0.8,Yes,Credit Card,4,Partner Bundle,2,3,No,268.69,No
SOL-03132,5,Standard,12.94,2,4.5,Yes,Mobile Carrier Billing,2,App Store,2,8,Yes,9.47,Yes
SOL-03133,23,Standard,13.98,2,7.9,No,Mobile Carrier Billing,5,App Store,2,8,No,348.87,No
SOL-03134,30,Standard,12.88,2,5.9,No,Mobile Carrier Billing,1,Web,2,9,Yes,369.24,No
SOL-03135,8,Ad-Lite,5.41,4,10.0,Yes,PayPal,1,Web,1,19,No,106.43,No
SOL-03136,11,Ad-Lite,6.84,2,5.1,No,Credit Card,4,App Store,3,2,No,112.84,Yes
SOL-03137,15,Standard,10.67,3,1.5,No,Credit Card,6,Partner Bundle,2,10,Yes,213.24,Yes
SOL-03138,12,Ad-Lite,7.53,1,8.2,No,Credit Card,4,Web,1,4,No,84.12,Yes
SOL-03139,1,Ad-Lite,5.55,1,8.5,No,PayPal,0,App Store,1,4,No,0.0,No
SOL-03140,18,Ad-Lite,5.29,2,10.4,No,Credit Card,4,App Store,4,6,No,44.08,Yes
SOL-03141,4,Ad-Lite,6.95,2,7.5,Yes,Credit Card,4,App Store,4,5,Yes,155.41,Yes
SOL-03142,4,Ultra,17.4,3,11.8,Yes,Mobile Carrier Billing,2,App Store,1,4,No,88.34,No
SOL-03143,16,Ad-Lite,6.81,1,7.9,Yes,PayPal,6,App Store,1,3,No,0.0,Yes
SOL-03144,4,Ad-Lite,5.52,1,4.4,Yes,PayPal,3,App Store,3,1,No,0.0,No
SOL-03145,8,Standard,12.31,2,5.6,No,PayPal,3,App Store,5,32,No,102.23,Yes
SOL-03146,17,Standard,13.83,1,11.7,Yes,Credit Card,3,Partner Bundle,3,4,Yes,367.86,No
SOL-03147,42,Standard,11.08,1,5.1,Yes,Gift Card,5,Web,1,11,Yes,645.72,No
SOL-03148,17,Ad-Lite,5.28,3,2.4,Yes,Mobile Carrier Billing,3,App Store,2,32,No,57.96,No
SOL-03149,32,Ad-Lite,5.02,2,9.3,Yes,Credit Card,8,Web,2,2,No,220.31,No
SOL-03150,29,Ultra,18.06,3,7.9,Yes,PayPal,4,App Store,1,16,Yes,225.96,No
SOL-03151,5,Ad-Lite,8.0,3,1.8,Yes,Credit Card,1,Partner Bundle,5,5,No,55.6,Yes
SOL-03152,15,Ad-Lite,7.1,2,8.4,No,PayPal,3,Web,3,15,Yes,53.38,Yes
SOL-03153,32,Ad-Lite,6.06,2,3.8,No,PayPal,3,App Store,4,3,No,227.53,Yes
SOL-03154,20,Ad-Lite,5.97,1,6.0,Yes,Credit Card,2,App Store,1,8,No,107.67,Yes
SOL-03155,25,Standard,11.95,3,4.2,No,Mobile Carrier Billing,7,App Store,4,24,No,268.4,No
SOL-03156,39,Standard,9.17,3,8.8,Yes,Mobile Carrier Billing,6,Web,1,2,No,438.26,No
SOL-03157,8,Ultra,17.78,2,4.3,Yes,Credit Card,4,App Store,2,10,No,160.98,No
SOL-03158,38,Ad-Lite,6.32,3,4.8,Yes,Gift Card,2,Web,1,4,No,360.16,No
SOL-03159,25,Standard,12.01,3,5.8,Yes,PayPal,2,App Store,1,12,No,360.47,No
SOL-03160,13,Ad-Lite,5.39,2,2.7,Yes,Gift Card,3,Web,3,7,No,131.24,No
SOL-03161,2,Ultra,15.29,2,0.7,Yes,Credit Card,3,Web,1,7,No,48.53,No
SOL-03162,6,Ad-Lite,4.26,4,4.1,No,Mobile Carrier Billing,5,Partner Bundle,2,14,No,0.0,No
SOL-03163,9,Ultra,17.29,2,7.5,Yes,PayPal,4,Partner Bundle,3,3,No,145.49,Yes
SOL-03164,4,Ad-Lite,5.34,3,6.4,Yes,Mobile Carrier Billing,6,Partner Bundle,3,9,Yes,118.67,Yes
SOL-03165,26,Ad-Lite,5.48,2,7.5,Yes,Credit Card,5,Web,2,8,No,35.11,No
SOL-03166,8,Ad-Lite,5.74,2,7.6,Yes,Gift Card,3,App Store,3,16,No,124.03,No
SOL-03167,17,Standard,12.06,1,14.8,Yes,PayPal,4,App Store,2,5,Yes,185.59,No
SOL-03168,17,Standard,11.38,2,1.4,Yes,PayPal,8,Partner Bundle,5,5,No,270.43,Yes
SOL-03169,19,Standard,11.47,3,5.5,Yes,PayPal,6,Partner Bundle,3,11,No,274.75,No
SOL-03170,29,Ultra,18.12,3,18.9,Yes,Credit Card,7,Partner Bundle,2,10,No,361.71,No
SOL-03171,26,Standard,11.8,3,6.1,Yes,PayPal,4,Web,3,7,No,220.01,No
SOL-03172,22,Ad-Lite,5.68,2,16.7,No,Credit Card,3,Web,2,5,Yes,152.61,Yes
SOL-03173,5,Ad-Lite,6.24,2,4.0,Yes,PayPal,7,Web,1,2,No,156.95,Yes
SOL-03174,2,Ultra,16.68,2,6.3,Yes,Credit Card,8,App Store,2,16,Yes,82.12,No
SOL-03175,24,Ultra,16.7,3,2.3,Yes,Credit Card,4,Web,3,18,Yes,507.07,No
SOL-03176,9,Standard,12.58,1,3.1,Yes,PayPal,1,Web,2,28,Yes,104.36,No
SOL-03177,15,Ultra,18.37,1,7.4,Yes,Credit Card,5,App Store,2,9,Yes,158.96,No
SOL-03178,11,Ultra,16.04,1,12.4,Yes,Mobile Carrier Billing,4,Partner Bundle,3,12,No,185.03,No
SOL-03179,4,Ad-Lite,5.27,3,6.5,No,PayPal,3,Partner Bundle,4,3,No,36.09,Yes
SOL-03180,15,Ad-Lite,6.54,3,6.1,Yes,Credit Card,1,Web,3,19,No,267.66,No
SOL-03181,3,Ultra,16.01,3,5.3,Yes,Credit Card,4,Partner Bundle,2,6,No,85.33,Yes
SOL-03182,13,Ad-Lite,4.59,1,8.9,No,Mobile Carrier Billing,4,Partner Bundle,2,12,No,127.38,Yes
SOL-03183,6,Ad-Lite,5.96,1,9.9,No,PayPal,1,App Store,2,3,No,100.62,No
SOL-03184,20,Ad-Lite,6.07,5,9.2,Yes,PayPal,5,Partner Bundle,1,6,No,218.88,Yes
SOL-03185,23,Ad-Lite,7.2,1,21.9,Yes,Credit Card,3,Partner Bundle,1,8,Yes,32.92,No
SOL-03186,2,Standard,10.75,2,1.7,No,PayPal,3,Web,3,5,Yes,56.22,Yes
SOL-03187,15,Standard,12.08,2,7.7,No,Credit Card,7,App Store,1,3,No,44.51,No
SOL-03188,11,Ad-Lite,6.7,4,11.4,No,Mobile Carrier Billing,6,Partner Bundle,2,19,No,42.64,Yes
SOL-03189,22,Ad-Lite,4.82,1,5.7,No,Gift Card,5,Partner Bundle,3,20,Yes,47.34,Yes
SOL-03190,9,Standard,13.26,2,25.7,Yes,PayPal,9,Web,3,23,No,240.3,No
SOL-03191,22,Ad-Lite,5.43,1,2.0,Yes,Mobile Carrier Billing,5,App Store,3,14,No,105.62,Yes
SOL-03192,7,Ad-Lite,6.43,3,18.9,Yes,Credit Card,4,Web,2,2,No,203.51,No
SOL-03193,24,Ad-Lite,4.98,2,9.2,Yes,PayPal,6,Web,3,3,No,179.29,No
SOL-03194,3,Ad-Lite,7.01,2,5.3,No,Mobile Carrier Billing,4,Web,2,6,No,19.14,Yes
SOL-03195,7,Standard,11.01,4,3.6,Yes,Credit Card,1,Partner Bundle,2,18,No,126.87,No
SOL-03196,12,Ad-Lite,4.56,3,9.8,No,Mobile Carrier Billing,5,Web,3,4,Yes,0.0,No
SOL-03197,5,Standard,12.52,3,3.3,No,PayPal,6,Web,2,7,No,92.72,No
SOL-03198,26,Standard,11.85,4,17.8,Yes,Mobile Carrier Billing,6,App Store,1,14,No,311.95,No
SOL-03199,12,Ad-Lite,7.19,3,14.4,No,Credit Card,6,Web,4,26,No,233.44,Yes
SOL-03200,14,Ultra,18.0,3,1.3,Yes,Mobile Carrier Billing,4,App Store,2,10,No,288.61,Yes
SOL-03201,11,Standard,12.58,2,6.7,No,Credit Card,3,App Store,4,10,Yes,242.5,No
SOL-03202,5,Ad-Lite,6.74,2,5.9,Yes,PayPal,2,App Store,2,17,No,42.97,No
SOL-03203,14,Ultra,16.51,4,4.0,Yes,Mobile Carrier Billing,4,Web,1,7,No,123.7,Yes
SOL-03204,17,Standard,10.59,1,11.5,Yes,Credit Card,3,App Store,3,19,No,398.14,No
SOL-03205,12,Ultra,18.25,2,8.5,Yes,Credit Card,4,Web,3,8,No,216.97,No
SOL-03206,26,Ad-Lite,5.88,2,1.0,Yes,Mobile Carrier Billing,3,Web,1,13,No,247.29,No
SOL-03207,6,Ad-Lite,6.48,2,4.4,No,Credit Card,5,Web,2,11,No,114.49,No
SOL-03208,30,Ad-Lite,5.84,4,7.9,No,Gift Card,3,Web,3,12,No,227.66,Yes
SOL-03209,28,Standard,11.54,1,4.1,Yes,Mobile Carrier Billing,2,Partner Bundle,1,7,No,390.63,No
SOL-03210,11,Standard,12.31,3,2.3,Yes,Credit Card,2,Partner Bundle,3,10,No,212.41,No
SOL-03211,10,Ad-Lite,5.55,2,3.9,No,PayPal,5,App Store,2,11,No,121.81,Yes
SOL-03212,2,Standard,10.07,3,6.8,Yes,PayPal,3,Partner Bundle,4,3,No,0.0,Yes
SOL-03213,31,Ad-Lite,6.42,4,4.0,No,Gift Card,6,Web,2,4,No,171.3,No
SOL-03214,1,Ad-Lite,5.87,3,17.5,No,Credit Card,2,Partner Bundle,2,31,No,0.0,Yes
SOL-03215,3,Standard,11.73,2,2.4,Yes,Credit Card,3,App Store,4,11,No,82.19,No
SOL-03216,6,Ultra,15.51,2,4.0,No,Credit Card,1,App Store,1,15,No,141.65,Yes
SOL-03217,18,Ad-Lite,6.05,1,10.2,No,Credit Card,6,App Store,2,7,No,436.62,No
SOL-03218,0,Ad-Lite,5.22,4,17.8,No,Credit Card,2,Partner Bundle,2,1,No,2.27,No
SOL-03219,18,Ad-Lite,4.06,2,6.7,Yes,PayPal,2,Partner Bundle,5,6,No,102.79,Yes
SOL-03220,23,Ad-Lite,5.68,2,9.6,Yes,PayPal,4,Partner Bundle,3,1,Yes,68.58,Yes
SOL-03221,9,Standard,14.06,2,18.4,No,Credit Card,4,App Store,4,15,Yes,111.25,Yes
SOL-03222,28,Ad-Lite,5.88,1,6.8,Yes,PayPal,3,Web,2,23,Yes,204.92,No
SOL-03223,21,Ad-Lite,5.16,1,3.0,No,Credit Card,2,Web,2,59,No,170.93,No
SOL-03224,18,Ad-Lite,7.58,1,4.0,Yes,Credit Card,4,Partner Bundle,3,11,No,197.12,Yes
SOL-03225,18,Ad-Lite,6.01,3,2.6,Yes,PayPal,9,App Store,1,5,No,178.92,No
SOL-03226,11,Standard,9.89,1,9.1,Yes,PayPal,5,Web,3,19,Yes,310.51,No
SOL-03227,8,Ultra,16.59,3,9.0,Yes,Mobile Carrier Billing,3,Partner Bundle,3,17,No,131.99,No
SOL-03228,12,Ad-Lite,5.97,2,13.8,No,Credit Card,6,Partner Bundle,2,8,No,121.9,Yes
SOL-03229,21,Ad-Lite,6.33,2,7.5,Yes,Gift Card,0,App Store,1,2,No,186.45,No
SOL-03230,2,Ad-Lite,6.38,5,4.0,Yes,Gift Card,3,App Store,2,10,No,0.0,Yes
SOL-03231,15,Ultra,16.44,3,23.8,Yes,Mobile Carrier Billing,2,Partner Bundle,1,16,No,492.82,No
SOL-03232,21,Standard,10.69,5,4.2,Yes,Mobile Carrier Billing,2,App Store,2,4,No,306.64,Yes
SOL-03233,16,Ad-Lite,6.52,1,3.3,Yes,Mobile Carrier Billing,3,Web,1,11,No,122.64,Yes
SOL-03234,16,Ultra,19.03,3,7.8,No,PayPal,3,App Store,3,30,No,369.9,No
SOL-03235,11,Standard,11.84,2,7.4,Yes,Mobile Carrier Billing,2,App Store,2,16,No,206.96,No
SOL-03236,24,Standard,11.38,2,4.8,Yes,Credit Card,3,Web,1,12,Yes,183.78,Yes
SOL-03237,18,Ad-Lite,6.14,2,6.5,Yes,Credit Card,6,Partner Bundle,2,0,No,62.09,No
SOL-03238,27,Standard,14.98,3,7.0,Yes,PayPal,4,Partner Bundle,1,18,No,568.9,No
SOL-03239,9,Ultra,16.05,2,7.4,Yes,Mobile Carrier Billing,2,App Store,2,11,Yes,36.76,No
SOL-03240,12,Standard,13.29,2,5.6,Yes,Credit Card,7,App Store,2,6,Yes,84.51,No
SOL-03241,11,Ad-Lite,6.45,1,13.9,No,Mobile Carrier Billing,2,Partner Bundle,1,19,No,141.02,No
SOL-03242,18,Ad-Lite,7.54,2,3.0,No,Mobile Carrier Billing,2,Partner Bundle,1,5,No,242.35,No
SOL-03243,21,Ad-Lite,6.74,2,13.1,No,PayPal,0,Web,2,15,No,318.35,No
SOL-03244,0,Ad-Lite,7.1,3,2.7,Yes,Credit Card,2,Partner Bundle,3,16,No,0.0,Yes
SOL-03245,9,Ultra,17.58,5,3.0,Yes,Mobile Carrier Billing,6,App Store,2,25,No,334.36,No
SOL-03246,26,Ultra,16.97,3,10.6,No,PayPal,4,App Store,3,26,No,547.73,Yes
SOL-03247,6,Ultra,16.48,1,4.7,Yes,PayPal,2,Partner Bundle,2,5,No,102.2,No
SOL-03248,10,Ad-Lite,5.26,3,8.0,Yes,PayPal,4,Web,2,10,No,69.96,No
SOL-03249,14,Standard,10.43,1,2.8,Yes,PayPal,8,Web,1,8,No,111.45,Yes
SOL-03250,10,Standard,10.27,3,11.6,Yes,PayPal,4,Web,5,8,No,80.98,No
SOL-03251,30,Ultra,18.6,3,5.5,Yes,PayPal,2,Partner Bundle,1,10,Yes,269.76,No
SOL-03252,1,Ad-Lite,4.81,3,8.1,Yes,Credit Card,3,Web,2,12,No,7.9,Yes
SOL-03253,8,Ultra,17.97,3,3.1,No,Credit Card,3,App Store,3,11,Yes,77.36,No
SOL-03254,27,Ultra,17.97,3,4.9,Yes,Gift Card,1,Web,5,10,Yes,150.58,No
SOL-03255,3,Standard,11.78,2,1.5,Yes,PayPal,5,App Store,1,14,No,108.49,Yes
SOL-03256,1,Ultra,16.83,3,10.2,No,PayPal,3,Web,2,9,No,56.34,No
SOL-03257,38,Ad-Lite,6.87,3,16.3,No,Mobile Carrier Billing,5,Web,3,7,No,369.75,No
SOL-03258,3,Ad-Lite,6.83,2,11.5,Yes,Credit Card,2,App Store,1,12,No,97.35,Yes
SOL-03259,31,Ad-Lite,5.72,2,2.9,Yes,PayPal,3,App Store,2,12,No,169.55,Yes
SOL-03260,9,Ad-Lite,6.2,2,3.1,Yes,Mobile Carrier Billing,5,App Store,1,4,No,51.54,No
SOL-03261,1,Ultra,16.86,2,8.9,Yes,Credit Card,2,Web,2,16,Yes,72.14,No
SOL-03262,3,Ad-Lite,4.85,2,14.0,Yes,Credit Card,5,Web,1,11,Yes,20.33,Yes
SOL-03263,16,Standard,12.04,2,7.9,No,Gift Card,4,App Store,3,3,Yes,97.4,No
SOL-03264,9,Standard,13.52,3,16.4,No,Mobile Carrier Billing,4,Partner Bundle,1,1,No,93.64,No
SOL-03265,23,Standard,10.53,3,3.1,No,Mobile Carrier Billing,2,Partner Bundle,2,1,No,282.37,No
SOL-03266,1,Ultra,18.47,4,7.1,No,PayPal,3,Web,1,15,No,0.0,No
SOL-03267,16,Ad-Lite,6.44,1,2.8,Yes,Gift Card,2,App Store,1,11,No,104.17,Yes
SOL-03268,27,Ad-Lite,5.79,4,2.4,Yes,Mobile Carrier Billing,5,Partner Bundle,1,14,No,108.29,No
SOL-03269,7,Ad-Lite,6.89,1,2.6,Yes,PayPal,4,Web,2,7,No,44.6,Yes
SOL-03270,19,Standard,12.8,3,12.6,Yes,Credit Card,4,App Store,3,11,No,668.29,No
SOL-03271,8,Standard,12.41,3,4.5,No,PayPal,3,Web,2,12,No,189.83,No
SOL-03272,16,Ad-Lite,5.68,3,5.7,No,Credit Card,6,Partner Bundle,2,22,No,149.31,No
SOL-03273,9,Standard,12.52,1,2.8,No,Mobile Carrier Billing,2,Web,1,14,No,236.27,Yes
SOL-03274,27,Ad-Lite,5.51,3,11.0,Yes,PayPal,8,App Store,1,34,No,285.31,No
SOL-03275,15,Ultra,18.95,2,12.5,Yes,Credit Card,2,Web,2,8,No,207.48,Yes
SOL-03276,15,Standard,10.49,2,15.3,No,Credit Card,2,Web,3,18,No,85.82,No
SOL-03277,24,Ad-Lite,5.89,2,1.2,Yes,Credit Card,5,Web,4,6,No,234.71,No
SOL-03278,24,Ad-Lite,5.5,2,11.3,Yes,Credit Card,4,Web,4,1,Yes,87.56,Yes
SOL-03279,30,Standard,12.14,1,10.7,Yes,Mobile Carrier Billing,2,Web,2,4,No,518.96,No
SOL-03280,18,Ad-Lite,6.52,2,14.0,Yes,PayPal,4,Web,5,4,No,135.08,Yes
SOL-03281,28,Standard,10.83,2,7.0,Yes,Mobile Carrier Billing,2,App Store,2,0,Yes,325.67,Yes
SOL-03282,20,Ad-Lite,6.12,3,7.6,Yes,Mobile Carrier Billing,3,Web,2,13,No,233.15,No
SOL-03283,11,Standard,15.0,1,5.6,Yes,Credit Card,4,Partner Bundle,3,7,Yes,38.83,No
SOL-03284,14,Standard,11.89,1,2.8,Yes,Credit Card,1,Partner Bundle,3,3,Yes,110.49,Yes
SOL-03285,32,Ad-Lite,6.16,3,9.0,Yes,PayPal,4,Partner Bundle,1,8,No,101.04,Yes
SOL-03286,6,Ultra,16.61,2,11.4,Yes,PayPal,5,Partner Bundle,3,5,No,86.17,No
SOL-03287,1,Ultra,16.42,2,3.0,Yes,Credit Card,3,App Store,3,22,Yes,0.0,No
SOL-03288,13,Standard,12.3,4,8.8,Yes,Credit Card,6,App Store,2,9,Yes,149.03,No
SOL-03289,10,Ad-Lite,5.65,1,10.9,No,Credit Card,5,App Store,2,16,No,11.43,No
SOL-03290,7,Ad-Lite,7.12,2,15.5,Yes,Mobile Carrier Billing,5,App Store,2,6,Yes,111.74,No
SOL-03291,13,Standard,11.39,4,2.8,No,Credit Card,1,Partner Bundle,2,13,No,58.79,No
SOL-03292,8,Ad-Lite,6.13,3,0.7,No,Mobile Carrier Billing,3,Partner Bundle,3,4,No,102.88,No
SOL-03293,9,Standard,11.6,3,5.9,No,Mobile Carrier Billing,2,Partner Bundle,2,4,No,241.47,No
SOL-03294,28,Ad-Lite,6.14,1,6.0,No,Credit Card,0,Web,1,3,Yes,160.23,Yes
SOL-03295,15,Ad-Lite,5.72,2,18.6,Yes,PayPal,8,App Store,2,15,Yes,178.66,Yes
SOL-03296,10,Ad-Lite,6.4,2,9.7,No,Credit Card,7,Partner Bundle,3,12,No,32.73,Yes
SOL-03297,12,Standard,11.85,1,4.1,Yes,Credit Card,2,Web,1,11,No,0.0,Yes
SOL-03298,3,Ad-Lite,6.13,2,7.1,No,Mobile Carrier Billing,3,Web,1,10,No,0.0,Yes
SOL-03299,17,Ad-Lite,5.68,3,7.4,Yes,Mobile Carrier Billing,2,Web,2,13,Yes,168.11,Yes
SOL-03300,4,Ad-Lite,5.36,4,7.9,Yes,Credit Card,5,Partner Bundle,1,20,Yes,101.03,Yes
SOL-03301,25,Ultra,15.17,3,2.3,Yes,PayPal,5,Web,2,1,No,321.63,No
SOL-03302,15,Standard,12.37,2,3.4,Yes,Credit Card,2,App Store,1,12,No,339.23,No
SOL-03303,1,Ad-Lite,5.33,2,25.3,Yes,PayPal,1,Web,5,11,No,7.82,No
SOL-03304,6,Ultra,15.55,2,20.4,No,Credit Card,1,Web,3,2,No,162.06,No
SOL-03305,2,Ad-Lite,6.74,2,4.4,Yes,Credit Card,6,Partner Bundle,2,0,No,94.64,No
SOL-03306,21,Ultra,17.87,1,5.3,No,Credit Card,6,Web,3,9,No,199.89,No
SOL-03307,6,Standard,12.91,3,4.1,Yes,Gift Card,4,Web,1,10,Yes,141.74,No
SOL-03308,5,Ad-Lite,6.0,2,6.3,Yes,Mobile Carrier Billing,2,Partner Bundle,1,11,No,17.25,Yes
SOL-03309,12,Ad-Lite,6.32,4,21.4,Yes,Credit Card,0,App Store,1,3,No,108.01,No
SOL-03310,39,Ultra,14.59,1,2.9,No,Credit Card,4,App Store,1,4,No,1069.52,No
SOL-03311,3,Ad-Lite,6.81,5,4.4,No,Mobile Carrier Billing,0,App Store,2,2,No,0.0,Yes
SOL-03312,23,Ad-Lite,4.65,1,8.9,No,PayPal,1,Web,2,10,No,203.64,No
SOL-03313,8,Ad-Lite,6.81,1,3.5,Yes,Credit Card,2,App Store,2,0,No,138.59,Yes
SOL-03314,8,Standard,13.35,3,2.8,No,Credit Card,3,Web,3,14,No,288.8,No
SOL-03315,34,Ultra,17.85,2,16.0,Yes,Mobile Carrier Billing,1,Partner Bundle,2,11,Yes,855.22,Yes
SOL-03316,26,Standard,11.94,2,14.6,Yes,PayPal,5,App Store,2,5,No,426.37,No
SOL-03317,13,Ultra,16.58,5,8.7,No,PayPal,2,Web,2,9,No,419.54,No
SOL-03318,20,Ultra,15.72,4,3.1,No,Mobile Carrier Billing,0,App Store,3,10,Yes,838.78,No
SOL-03319,15,Ad-Lite,5.16,3,3.9,No,Credit Card,4,Partner Bundle,2,2,No,82.38,No
SOL-03320,10,Standard,11.53,2,1.7,Yes,Mobile Carrier Billing,7,Partner Bundle,2,11,No,131.31,No
SOL-03321,11,Standard,12.12,3,4.3,No,Mobile Carrier Billing,6,Web,1,5,Yes,263.6,Yes
SOL-03322,15,Ad-Lite,8.0,3,9.4,Yes,Credit Card,4,App Store,2,7,No,239.45,Yes
SOL-03323,18,Ad-Lite,5.24,2,8.5,Yes,Mobile Carrier Billing,1,Partner Bundle,1,3,No,254.08,Yes
SOL-03324,2,Ultra,16.82,4,6.2,Yes,Credit Card,4,Web,4,14,No,39.52,No
SOL-03325,18,Standard,12.62,2,8.8,No,Credit Card,7,Partner Bundle,1,31,No,393.45,Yes
SOL-03326,2,Standard,11.34,3,9.6,No,Credit Card,2,App Store,1,5,Yes,88.42,Yes
SOL-03327,27,Ad-Lite,5.95,3,5.7,No,Credit Card,3,Web,3,6,No,116.02,Yes
SOL-03328,9,Ad-Lite,5.8,5,10.7,No,Gift Card,7,Partner Bundle,2,8,No,76.32,Yes
SOL-03329,2,Ultra,15.76,3,6.3,Yes,PayPal,5,App Store,4,3,No,7.84,Yes
SOL-03330,23,Ultra,15.05,3,5.2,No,Mobile Carrier Billing,2,App Store,3,11,No,659.97,No
SOL-03331,17,Standard,10.3,2,2.6,Yes,Credit Card,5,Web,3,16,No,337.86,No
SOL-03332,12,Standard,11.31,2,10.6,Yes,PayPal,4,App Store,5,11,No,282.74,No
SOL-03333,20,Standard,13.49,2,25.7,No,PayPal,3,Partner Bundle,1,7,No,116.33,No
SOL-03334,15,Ultra,16.7,4,8.8,Yes,Credit Card,6,App Store,1,1,No,67.67,No
SOL-03335,11,Ad-Lite,5.05,1,4.3,Yes,PayPal,3,Web,1,9,Yes,109.33,No
SOL-03336,32,Ad-Lite,8.0,1,5.4,Yes,Credit Card,5,Web,2,12,No,89.23,Yes
SOL-03337,7,Standard,11.9,3,7.9,Yes,Credit Card,2,Web,2,2,No,92.16,No
SOL-03338,35,Ad-Lite,5.59,1,3.2,Yes,Gift Card,1,Partner Bundle,4,13,No,231.13,Yes
SOL-03339,8,Standard,11.87,3,13.2,No,Gift Card,2,Web,4,4,Yes,209.11,No
SOL-03340,34,Ad-Lite,4.43,2,7.7,Yes,PayPal,5,App Store,1,14,Yes,82.58,No
SOL-03341,22,Ad-Lite,5.86,5,1.6,Yes,Mobile Carrier Billing,6,App Store,2,7,No,34.15,Yes
SOL-03342,4,Ad-Lite,5.38,4,4.5,Yes,Mobile Carrier Billing,2,App Store,3,7,No,41.27,Yes
SOL-03343,18,Standard,11.24,1,2.4,No,Mobile Carrier Billing,3,App Store,2,6,No,188.25,No
SOL-03344,22,Standard,12.46,2,10.0,Yes,Gift Card,4,Web,4,7,No,364.31,No
SOL-03345,6,Ad-Lite,6.26,2,14.5,No,PayPal,5,App Store,3,16,Yes,57.44,No
SOL-03346,13,Ad-Lite,5.27,2,10.5,Yes,Credit Card,5,Web,2,17,No,47.09,No
SOL-03347,13,Standard,10.72,2,4.0,Yes,PayPal,4,Web,2,9,No,102.7,No
SOL-03348,12,Ad-Lite,7.01,1,17.1,Yes,Credit Card,10,App Store,3,8,No,79.99,Yes
SOL-03349,13,Ad-Lite,7.0,2,12.0,Yes,Credit Card,2,Partner Bundle,1,16,No,76.95,No
SOL-03350,13,Ad-Lite,6.11,1,2.8,Yes,Credit Card,4,Partner Bundle,3,5,Yes,0.0,Yes
SOL-03351,21,Ultra,18.1,4,22.4,No,PayPal,4,App Store,4,5,Yes,203.71,No
SOL-03352,22,Standard,10.78,2,2.4,No,PayPal,2,Partner Bundle,1,19,No,334.6,Yes
SOL-03353,23,Ad-Lite,8.0,3,10.7,No,PayPal,6,Partner Bundle,3,5,Yes,259.62,No
SOL-03354,9,Ultra,16.55,3,5.1,No,Credit Card,4,Partner Bundle,3,7,Yes,274.81,No
SOL-03355,18,Ad-Lite,5.09,2,7.9,Yes,PayPal,2,Partner Bundle,2,16,No,87.77,Yes
SOL-03356,12,Ad-Lite,4.89,1,8.2,Yes,PayPal,10,Web,2,16,Yes,46.95,Yes
SOL-03357,9,Standard,11.71,3,6.2,Yes,Credit Card,5,App Store,1,3,No,100.47,No
SOL-03358,26,Ad-Lite,6.04,2,3.0,Yes,PayPal,4,Partner Bundle,3,15,No,130.77,Yes
SOL-03359,16,Ultra,15.03,2,3.0,No,Credit Card,4,App Store,4,1,No,168.77,No
SOL-03360,4,Ultra,18.54,3,7.9,No,Mobile Carrier Billing,1,App Store,1,7,No,64.26,No
SOL-03361,38,Standard,11.81,4,1.6,No,Credit Card,3,App Store,3,7,No,695.04,Yes
SOL-03362,5,Standard,11.78,3,3.0,No,Mobile Carrier Billing,6,Partner Bundle,5,3,No,112.15,Yes
SOL-03363,0,Standard,13.29,1,7.4,Yes,PayPal,1,Partner Bundle,1,4,No,66.01,No
SOL-03364,17,Standard,11.76,4,9.2,Yes,Credit Card,1,Web,1,9,No,227.81,No
SOL-03365,11,Ultra,15.55,2,4.0,No,PayPal,4,Partner Bundle,5,11,Yes,193.95,No
SOL-03366,7,Ad-Lite,6.0,1,5.6,Yes,Gift Card,5,Partner Bundle,1,17,No,66.08,No
SOL-03367,1,Standard,11.24,3,10.5,Yes,PayPal,2,Partner Bundle,1,7,Yes,90.48,No
SOL-03368,28,Ad-Lite,6.23,1,12.7,Yes,PayPal,3,Web,1,1,No,95.98,No
SOL-03369,3,Ad-Lite,6.71,1,4.7,No,Mobile Carrier Billing,6,App Store,4,7,Yes,85.78,Yes
SOL-03370,18,Ad-Lite,6.66,2,7.5,No,Gift Card,0,Web,1,11,No,187.18,Yes
SOL-03371,29,Standard,11.43,2,7.2,Yes,Credit Card,2,Partner Bundle,2,13,Yes,210.87,No
SOL-03372,9,Standard,14.07,2,2.7,Yes,Credit Card,3,App Store,5,14,No,30.35,Yes
SOL-03373,11,Ad-Lite,5.85,3,5.7,Yes,Credit Card,4,Web,2,6,No,108.44,Yes
SOL-03374,6,Ad-Lite,4.71,1,7.8,No,Mobile Carrier Billing,2,Partner Bundle,2,9,No,64.46,Yes
SOL-03375,21,Ad-Lite,5.29,2,3.4,No,PayPal,3,Web,2,4,No,244.57,No
SOL-03376,24,Ad-Lite,4.31,1,4.2,No,PayPal,5,Web,1,10,Yes,207.08,Yes
SOL-03377,29,Ad-Lite,7.21,2,19.9,No,Credit Card,6,Web,1,6,No,377.21,No
SOL-03378,17,Standard,12.48,3,11.1,Yes,Credit Card,3,Web,1,5,No,65.57,No
SOL-03379,7,Ad-Lite,4.69,1,3.3,Yes,PayPal,4,Web,2,1,No,0.0,Yes
SOL-03380,16,Ad-Lite,6.09,4,11.7,Yes,Gift Card,0,App Store,5,9,No,78.77,No
SOL-03381,3,Ad-Lite,6.08,4,12.4,No,PayPal,5,App Store,2,4,No,28.85,No
SOL-03382,18,Ad-Lite,5.84,1,6.4,Yes,Credit Card,6,App Store,5,11,Yes,106.23,Yes
SOL-03383,29,Standard,11.15,1,7.9,No,Credit Card,0,Partner Bundle,1,2,Yes,306.21,No
SOL-03384,2,Ad-Lite,6.33,4,7.5,No,Credit Card,2,App Store,3,16,No,0.0,No
SOL-03385,4,Ad-Lite,5.06,2,12.6,Yes,Credit Card,0,Web,2,4,No,81.67,No
SOL-03386,20,Standard,13.05,2,4.9,Yes,Gift Card,3,Web,2,13,No,89.34,Yes
SOL-03387,5,Ad-Lite,4.78,3,3.7,Yes,Credit Card,3,Web,2,11,No,123.93,Yes
SOL-03388,8,Ultra,17.61,2,4.0,No,Credit Card,1,Web,2,8,Yes,165.29,No
SOL-03389,19,Standard,12.11,2,9.6,Yes,Credit Card,5,App Store,2,2,Yes,275.54,Yes
SOL-03390,3,Ad-Lite,6.88,4,5.8,No,Credit Card,4,Web,2,12,Yes,44.42,Yes
SOL-03391,5,Standard,12.92,2,5.5,Yes,Mobile Carrier Billing,4,Web,2,21,No,83.82,Yes
SOL-03392,10,Ad-Lite,5.07,2,3.6,Yes,Credit Card,3,Web,3,6,No,102.69,No
SOL-03393,34,Ad-Lite,6.24,3,7.1,Yes,Credit Card,3,Web,1,1,No,202.99,No
SOL-03394,32,Ad-Lite,5.78,3,5.0,Yes,Mobile Carrier Billing,7,Partner Bundle,3,7,Yes,283.9,Yes
SOL-03395,15,Ultra,19.37,2,10.8,No,Mobile Carrier Billing,3,App Store,5,5,No,189.43,No
SOL-03396,7,Ad-Lite,6.32,1,7.5,Yes,Credit Card,5,Web,1,12,No,0.0,No
SOL-03397,12,Standard,13.29,2,5.0,No,Credit Card,3,Web,4,15,No,120.08,Yes
SOL-03398,18,Ad-Lite,5.98,1,2.5,No,Credit Card,0,Web,2,4,No,321.6,Yes
SOL-03399,8,Standard,11.19,2,4.5,No,Mobile Carrier Billing,4,Web,1,9,No,72.8,No
SOL-03400,12,Ultra,14.11,3,7.2,Yes,Credit Card,1,Partner Bundle,1,2,No,375.89,Yes
SOL-03401,9,Standard,9.84,2,17.6,Yes,PayPal,4,App Store,2,15,No,63.4,No
SOL-03402,12,Ad-Lite,6.3,1,2.1,No,PayPal,8,Web,2,9,No,143.33,Yes
SOL-03403,9,Ad-Lite,6.3,1,5.5,Yes,PayPal,3,App Store,2,6,No,116.97,No
SOL-03404,6,Ultra,14.2,2,13.3,Yes,Mobile Carrier Billing,7,App Store,2,17,Yes,80.11,No
SOL-03405,11,Ad-Lite,5.27,1,1.6,Yes,PayPal,3,App Store,1,8,Yes,25.72,No
SOL-03406,7,Standard,9.44,3,2.9,Yes,Mobile Carrier Billing,4,App Store,2,16,Yes,35.33,No
SOL-03407,21,Ad-Lite,6.42,3,6.4,Yes,Credit Card,2,Partner Bundle,1,19,No,284.67,Yes
SOL-03408,18,Ultra,18.32,3,4.9,No,Credit Card,4,Web,2,4,Yes,283.32,No
SOL-03409,18,Ad-Lite,6.76,3,3.9,No,Credit Card,2,Web,2,5,Yes,181.22,Yes
SOL-03410,12,Standard,11.73,4,1.9,No,Credit Card,5,Web,2,8,No,154.73,Yes
SOL-03411,23,Standard,11.88,2,11.1,Yes,PayPal,2,Web,3,3,Yes,324.61,No
SOL-03412,22,Ad-Lite,5.73,5,14.0,Yes,Mobile Carrier Billing,6,Web,2,7,No,282.21,No
SOL-03413,8,Ad-Lite,6.23,2,3.0,Yes,Credit Card,2,Partner Bundle,3,6,No,136.57,Yes
SOL-03414,11,Standard,12.16,2,11.7,Yes,PayPal,7,Partner Bundle,3,22,No,223.45,Yes
SOL-03415,12,Standard,12.95,3,6.6,No,Mobile Carrier Billing,5,App Store,2,7,No,177.07,Yes
SOL-03416,27,Standard,14.26,3,1.8,No,Credit Card,4,App Store,5,6,No,623.38,No
SOL-03417,19,Ad-Lite,5.45,3,4.9,Yes,PayPal,3,Web,3,4,No,170.79,Yes
SOL-03418,10,Ad-Lite,6.55,2,1.9,Yes,Gift Card,6,Partner Bundle,2,2,No,153.44,No
SOL-03419,16,Standard,12.6,2,13.6,No,Credit Card,4,App Store,1,10,No,263.16,No
SOL-03420,15,Ultra,19.25,4,3.4,Yes,Gift Card,3,Partner Bundle,3,3,No,322.94,No
SOL-03421,3,Ad-Lite,5.99,3,9.6,Yes,Mobile Carrier Billing,5,App Store,1,16,No,154.59,Yes
SOL-03422,2,Ultra,18.17,2,9.6,Yes,Credit Card,3,App Store,1,6,Yes,30.39,No
SOL-03423,15,Standard,10.31,2,8.0,Yes,Mobile Carrier Billing,1,App Store,3,9,No,283.07,Yes
SOL-03424,20,Ultra,17.41,4,2.2,Yes,Mobile Carrier Billing,1,Web,1,1,No,394.51,Yes
SOL-03425,12,Standard,12.87,3,5.2,No,Mobile Carrier Billing,1,Web,2,8,No,147.09,Yes
SOL-03426,4,Standard,12.09,2,12.1,No,PayPal,1,Web,1,1,Yes,111.15,Yes
SOL-03427,6,Ad-Lite,5.95,2,10.0,Yes,Credit Card,2,Web,1,35,No,18.04,Yes
SOL-03428,19,Ultra,19.57,2,8.1,No,Credit Card,7,App Store,2,4,No,542.75,No
SOL-03429,2,Ad-Lite,4.2,1,3.4,Yes,PayPal,1,Web,1,9,No,0.0,Yes
SOL-03430,20,Ultra,17.9,3,1.6,Yes,PayPal,5,App Store,3,19,Yes,460.24,No
SOL-03431,5,Standard,13.11,1,7.9,Yes,Mobile Carrier Billing,1,Partner Bundle,3,9,No,169.44,No
SOL-03432,6,Standard,13.47,2,2.9,Yes,Mobile Carrier Billing,3,App Store,5,2,No,113.1,Yes
SOL-03433,5,Ad-Lite,6.27,3,19.5,Yes,Mobile Carrier Billing,2,Web,2,6,No,0.0,Yes
SOL-03434,3,Ad-Lite,6.51,2,3.7,Yes,Gift Card,2,Web,4,31,Yes,8.74,Yes
SOL-03435,23,Ad-Lite,7.12,2,18.3,Yes,Credit Card,2,App Store,3,15,No,353.59,No
SOL-03436,26,Ad-Lite,4.76,3,1.3,Yes,Credit Card,2,Web,3,1,No,221.72,No
SOL-03437,19,Ad-Lite,4.34,3,2.3,No,PayPal,1,Web,3,3,Yes,35.33,No
SOL-03438,28,Ad-Lite,6.61,1,5.9,Yes,Gift Card,2,Web,4,2,No,211.98,No
SOL-03439,27,Standard,11.36,2,7.2,No,Mobile Carrier Billing,1,App Store,4,15,Yes,164.8,No
SOL-03440,23,Ad-Lite,7.15,2,5.0,No,Credit Card,2,Partner Bundle,2,6,No,462.35,Yes
SOL-03441,3,Ad-Lite,6.34,2,3.1,Yes,Mobile Carrier Billing,3,Web,2,3,No,47.7,No
SOL-03442,12,Standard,11.18,2,8.0,Yes,PayPal,0,App Store,1,9,No,134.1,Yes
SOL-03443,1,Standard,13.02,1,2.7,No,Gift Card,5,App Store,1,6,No,150.7,No
SOL-03444,11,Ultra,15.98,5,3.3,Yes,Credit Card,3,Web,1,1,No,313.99,No
SOL-03445,22,Ad-Lite,5.04,1,7.4,Yes,Mobile Carrier Billing,6,App Store,1,19,No,191.22,No
SOL-03446,9,Standard,12.56,2,3.3,No,Credit Card,5,App Store,2,6,No,165.46,No
SOL-03447,7,Ad-Lite,4.84,2,5.1,No,Credit Card,6,Web,1,1,No,122.29,No
SOL-03448,6,Ad-Lite,5.59,3,12.0,No,Credit Card,5,Partner Bundle,1,2,No,48.89,No
SOL-03449,11,Standard,11.28,2,18.5,Yes,Credit Card,5,App Store,3,1,No,106.81,No
SOL-03450,34,Ad-Lite,7.41,3,4.5,Yes,PayPal,5,Partner Bundle,2,19,No,228.58,Yes
SOL-03451,5,Ad-Lite,5.86,2,17.9,Yes,PayPal,3,Partner Bundle,2,18,No,24.55,No
SOL-03452,23,Standard,11.67,4,4.4,Yes,PayPal,4,App Store,2,7,Yes,463.47,No
SOL-03453,3,Standard,11.05,3,1.1,Yes,Credit Card,4,Web,3,10,No,115.43,No
SOL-03454,24,Standard,12.94,3,11.7,No,Mobile Carrier Billing,5,App Store,2,5,No,625.76,Yes
SOL-03455,27,Ad-Lite,7.16,5,3.6,Yes,Mobile Carrier Billing,2,App Store,1,20,No,265.01,No
SOL-03456,22,Ad-Lite,4.61,1,11.2,Yes,Credit Card,2,App Store,1,1,No,116.4,No
SOL-03457,29,Ad-Lite,6.75,2,7.1,No,PayPal,4,Web,3,9,No,257.71,Yes
SOL-03458,17,Ultra,19.97,2,5.0,Yes,Credit Card,4,Web,1,3,No,505.34,No
SOL-03459,22,Ad-Lite,5.6,1,9.0,Yes,Credit Card,4,Web,4,20,No,108.57,No
SOL-03460,30,Ad-Lite,6.92,1,2.1,Yes,Gift Card,1,Partner Bundle,2,13,No,72.5,No
SOL-03461,5,Standard,11.71,2,11.1,No,PayPal,3,Web,2,2,No,47.06,Yes
SOL-03462,18,Ultra,17.57,4,2.4,No,Credit Card,2,App Store,2,9,No,602.07,Yes
SOL-03463,2,Standard,13.63,3,1.6,Yes,Mobile Carrier Billing,3,Web,1,5,No,0.0,No
SOL-03464,0,Ad-Lite,6.43,3,6.5,Yes,Gift Card,4,Partner Bundle,3,5,No,107.06,No
SOL-03465,13,Standard,13.12,3,20.1,Yes,Credit Card,5,Web,2,17,No,310.71,No
SOL-03466,13,Standard,12.66,1,6.1,Yes,PayPal,2,Partner Bundle,2,4,No,166.4,No
SOL-03467,19,Ad-Lite,5.78,1,12.4,Yes,Credit Card,4,Web,2,4,No,100.61,Yes
SOL-03468,2,Ultra,17.17,2,10.7,Yes,PayPal,3,App Store,2,13,No,41.06,No
SOL-03469,22,Standard,9.28,1,8.6,Yes,PayPal,4,App Store,1,10,No,144.48,No
SOL-03470,16,Ultra,14.79,5,13.9,No,Credit Card,4,Partner Bundle,1,7,Yes,251.39,No
SOL-03471,10,Standard,11.95,2,3.6,Yes,Mobile Carrier Billing,3,Web,3,4,Yes,137.5,No
SOL-03472,26,Standard,10.52,1,10.1,Yes,Mobile Carrier Billing,5,App Store,1,19,No,249.42,No
SOL-03473,13,Ad-Lite,6.94,5,9.5,Yes,PayPal,3,Partner Bundle,4,3,No,47.98,No
SOL-03474,23,Standard,13.07,2,10.6,Yes,Credit Card,2,App Store,1,6,Yes,418.82,No
SOL-03475,17,Standard,12.7,3,10.2,Yes,PayPal,3,Web,2,3,Yes,214.57,Yes
SOL-03476,2,Standard,10.21,3,6.7,No,Gift Card,2,App Store,2,21,No,0.0,Yes
SOL-03477,2,Standard,12.41,4,3.7,Yes,Credit Card,4,Web,1,17,Yes,130.1,No
SOL-03478,8,Ultra,18.7,1,1.4,Yes,Mobile Carrier Billing,5,App Store,1,2,No,207.42,No
SOL-03479,17,Standard,11.94,4,10.9,No,Gift Card,4,Web,3,6,No,179.38,Yes
SOL-03480,0,Ultra,15.89,3,3.7,Yes,Credit Card,3,App Store,2,5,Yes,15.78,No
SOL-03481,19,Ad-Lite,6.8,3,22.5,Yes,PayPal,7,Partner Bundle,2,3,No,221.96,No
SOL-03482,15,Ad-Lite,6.24,2,19.2,Yes,Mobile Carrier Billing,5,App Store,3,24,No,77.28,No
SOL-03483,6,Standard,12.11,4,13.5,No,Credit Card,6,Partner Bundle,4,8,No,49.47,No
SOL-03484,20,Ad-Lite,6.16,2,16.6,Yes,Mobile Carrier Billing,5,App Store,2,8,No,212.13,Yes
SOL-03485,22,Standard,13.31,5,13.2,No,Mobile Carrier Billing,1,Web,4,22,No,321.97,Yes
SOL-03486,18,Ad-Lite,5.39,2,11.8,Yes,Credit Card,3,App Store,1,6,No,26.27,No
SOL-03487,2,Standard,11.22,3,17.5,Yes,PayPal,6,Web,3,8,No,109.82,No
SOL-03488,22,Standard,12.57,4,2.7,Yes,Credit Card,3,Web,1,6,No,443.14,Yes
SOL-03489,4,Ad-Lite,5.13,3,7.9,Yes,Credit Card,3,App Store,1,4,No,27.46,No
SOL-03490,18,Ad-Lite,5.56,2,18.8,No,Credit Card,2,App Store,2,6,No,356.03,Yes
SOL-03491,38,Ultra,15.66,3,8.1,Yes,PayPal,2,App Store,2,2,No,1007.31,No
SOL-03492,7,Standard,11.92,2,13.8,Yes,Mobile Carrier Billing,4,Web,2,12,Yes,165.41,No
SOL-03493,21,Ad-Lite,4.99,3,4.1,Yes,Mobile Carrier Billing,3,App Store,3,7,No,58.14,No
SOL-03494,9,Standard,11.56,1,4.9,Yes,Credit Card,3,Partner Bundle,4,7,No,142.52,Yes
SOL-03495,25,Standard,10.68,2,11.1,Yes,Credit Card,1,App Store,1,2,No,597.17,Yes
SOL-03496,7,Ad-Lite,6.15,5,12.3,Yes,Credit Card,7,Web,1,3,No,188.99,Yes
SOL-03497,13,Ultra,14.98,1,12.4,Yes,Mobile Carrier Billing,6,Partner Bundle,2,22,No,0.0,Yes
SOL-03498,4,Ultra,17.09,4,8.3,Yes,PayPal,3,Web,4,7,No,29.41,No
SOL-03499,11,Ad-Lite,6.75,2,6.9,No,Credit Card,6,App Store,2,10,No,229.62,Yes
SOL-03500,13,Standard,11.42,2,7.1,No,Mobile Carrier Billing,4,App Store,2,3,No,127.54,No
SOL-03501,5,Ultra,15.94,1,5.5,Yes,Credit Card,3,Web,2,10,No,286.6,No
SOL-03502,13,Standard,12.55,3,6.6,Yes,Credit Card,5,App Store,3,8,Yes,142.15,No
SOL-03503,7,Ultra,15.81,1,8.7,Yes,PayPal,5,Web,3,6,No,212.28,Yes
SOL-03504,25,Ultra,15.68,2,4.7,Yes,Credit Card,2,Web,2,26,No,425.1,No
SOL-03505,18,Ad-Lite,5.21,5,1.8,Yes,PayPal,4,Partner Bundle,1,15,Yes,12.76,Yes
SOL-03506,7,Standard,12.69,1,7.0,Yes,PayPal,4,Web,2,23,Yes,392.7,No
SOL-03507,15,Ad-Lite,6.14,2,4.0,Yes,Credit Card,5,Web,4,14,No,42.86,Yes
SOL-03508,1,Ad-Lite,5.67,4,3.1,No,Credit Card,0,Web,1,4,No,0.0,Yes
SOL-03509,22,Standard,11.39,3,4.2,No,Credit Card,4,Web,1,11,Yes,138.02,No
SOL-03510,16,Standard,14.93,2,3.0,Yes,PayPal,4,App Store,1,3,No,75.49,No
SOL-03511,15,Standard,13.45,4,0.9,Yes,PayPal,1,Web,4,2,No,143.04,Yes
SOL-03512,12,Ad-Lite,5.87,2,4.5,Yes,Credit Card,2,Web,1,9,No,177.23,No
SOL-03513,4,Ad-Lite,5.86,2,22.2,Yes,Credit Card,2,Web,2,3,No,22.49,No
SOL-03514,6,Ultra,16.5,3,6.1,Yes,Credit Card,4,Partner Bundle,1,5,No,14.46,No
SOL-03515,2,Ad-Lite,6.46,3,5.1,Yes,PayPal,6,App Store,2,11,No,57.65,Yes
SOL-03516,17,Ad-Lite,4.26,3,2.0,Yes,PayPal,5,Web,1,12,No,37.93,No
SOL-03517,19,Standard,10.61,3,3.0,Yes,Mobile Carrier Billing,4,Web,2,8,No,378.94,No
SOL-03518,31,Ad-Lite,6.37,1,20.3,Yes,Mobile Carrier Billing,4,App Store,3,5,No,159.35,Yes
SOL-03519,9,Ad-Lite,5.15,1,1.7,Yes,Credit Card,1,Partner Bundle,4,3,Yes,70.64,No
SOL-03520,13,Standard,12.3,3,10.4,No,PayPal,1,App Store,1,13,No,133.46,No
SOL-03521,9,Ad-Lite,5.52,4,5.4,Yes,Credit Card,4,App Store,2,12,Yes,131.76,Yes
SOL-03522,6,Ultra,15.14,3,22.0,No,Gift Card,4,Partner Bundle,1,4,No,161.81,No
SOL-03523,37,Ad-Lite,4.82,2,5.1,No,Gift Card,6,Web,4,7,No,115.35,No
SOL-03524,26,Ultra,17.61,3,18.6,No,Mobile Carrier Billing,6,App Store,3,6,No,506.79,No
SOL-03525,23,Ad-Lite,5.72,2,7.8,Yes,Mobile Carrier Billing,2,Partner Bundle,3,12,No,182.36,Yes
SOL-03526,11,Standard,10.19,2,8.9,Yes,Gift Card,5,Partner Bundle,2,8,Yes,257.03,Yes
SOL-03527,23,Ad-Lite,7.35,4,8.1,Yes,Credit Card,2,Partner Bundle,5,8,No,111.22,Yes
SOL-03528,7,Ultra,15.86,1,13.9,No,Credit Card,6,App Store,3,4,No,367.62,No
SOL-03529,35,Standard,12.48,1,10.0,Yes,PayPal,2,Web,1,8,No,389.46,No
SOL-03530,10,Standard,13.18,4,5.8,Yes,Mobile Carrier Billing,2,Web,3,1,No,175.81,No
SOL-03531,27,Ultra,15.71,2,10.2,Yes,PayPal,2,App Store,3,8,Yes,555.17,No
SOL-03532,27,Standard,11.34,3,3.4,No,PayPal,1,App Store,1,1,No,228.61,No
SOL-03533,11,Standard,12.1,2,12.6,Yes,Gift Card,4,Partner Bundle,1,13,No,10.08,No
SOL-03534,2,Ad-Lite,5.21,5,6.3,Yes,Mobile Carrier Billing,4,App Store,5,13,No,0.0,Yes
SOL-03535,7,Ad-Lite,4.83,1,19.8,Yes,Mobile Carrier Billing,4,Partner Bundle,1,13,No,13.98,No
SOL-03536,27,Ultra,14.8,1,4.0,Yes,Credit Card,5,Web,1,15,No,409.44,No
SOL-03537,7,Ad-Lite,6.44,3,4.3,Yes,Mobile Carrier Billing,8,Partner Bundle,2,12,No,111.91,Yes
SOL-03538,12,Ultra,19.52,1,4.3,Yes,Credit Card,10,Partner Bundle,2,5,Yes,318.81,Yes
SOL-03539,13,Standard,11.83,3,10.6,Yes,Mobile Carrier Billing,1,App Store,4,5,No,282.91,Yes
SOL-03540,10,Ad-Lite,6.37,3,5.5,Yes,Credit Card,4,Web,4,6,No,109.04,No
SOL-03541,3,Ad-Lite,6.61,3,16.2,Yes,Credit Card,1,App Store,2,21,No,79.84,Yes
SOL-03542,11,Ultra,16.67,1,8.4,No,PayPal,2,App Store,1,22,No,352.89,No
SOL-03543,36,Ultra,16.34,1,8.5,Yes,PayPal,3,Web,3,4,No,550.49,No
SOL-03544,4,Ad-Lite,6.56,1,5.3,No,Mobile Carrier Billing,1,App Store,3,2,No,76.4,No
SOL-03545,5,Ultra,15.68,2,3.2,No,Credit Card,6,Web,3,7,No,113.38,Yes
SOL-03546,18,Standard,11.72,3,12.8,Yes,Credit Card,2,Web,1,8,No,281.6,No
SOL-03547,24,Ad-Lite,6.35,2,6.8,Yes,PayPal,3,App Store,2,12,No,77.56,Yes
SOL-03548,6,Standard,10.96,5,8.7,Yes,PayPal,2,Web,2,5,No,83.49,No
SOL-03549,5,Ad-Lite,6.38,2,11.9,No,Credit Card,5,App Store,2,6,No,0.0,No
SOL-03550,33,Ad-Lite,5.24,1,16.4,No,Mobile Carrier Billing,5,Web,2,7,No,119.9,No
SOL-03551,10,Standard,11.85,1,11.5,No,Mobile Carrier Billing,3,App Store,1,5,No,99.94,No
SOL-03552,21,Ultra,18.89,4,6.7,Yes,Mobile Carrier Billing,4,App Store,5,38,No,436.18,No
SOL-03553,21,Standard,13.26,1,3.9,No,Credit Card,6,App Store,2,8,No,288.8,No
SOL-03554,9,Standard,12.47,2,8.0,Yes,PayPal,2,Partner Bundle,3,2,No,212.15,Yes
SOL-03555,6,Ad-Lite,4.89,2,9.3,Yes,PayPal,5,App Store,4,5,No,0.0,Yes
SOL-03556,30,Standard,12.57,1,6.7,No,PayPal,4,App Store,1,23,No,321.8,Yes
SOL-03557,12,Ad-Lite,5.31,3,15.8,No,PayPal,5,Partner Bundle,1,15,No,91.48,Yes
SOL-03558,29,Ad-Lite,4.72,2,7.0,No,Credit Card,1,Web,2,2,No,155.49,No
SOL-03559,24,Standard,11.38,5,2.9,Yes,Gift Card,5,Web,2,13,Yes,157.73,No
SOL-03560,9,Ad-Lite,5.4,1,9.4,Yes,Gift Card,1,Partner Bundle,3,3,No,83.5,Yes
SOL-03561,18,Ad-Lite,5.38,3,7.9,Yes,PayPal,2,App Store,1,12,No,11.82,No
SOL-03562,9,Ultra,17.44,2,3.1,No,PayPal,1,App Store,2,5,Yes,234.57,No
SOL-03563,1,Ultra,18.19,1,6.1,No,Credit Card,3,Web,5,3,No,30.89,No
SOL-03564,10,Ad-Lite,7.62,5,6.5,Yes,Credit Card,2,Partner Bundle,2,3,Yes,107.92,No
SOL-03565,15,Ad-Lite,6.81,2,2.7,No,PayPal,2,Partner Bundle,1,12,Yes,129.15,Yes
SOL-03566,8,Ad-Lite,5.62,3,4.0,Yes,PayPal,4,App Store,3,12,Yes,77.37,No
SOL-03567,10,Ultra,17.78,1,6.6,Yes,Mobile Carrier Billing,1,App Store,3,1,No,158.72,No
SOL-03568,6,Ad-Lite,7.49,1,1.6,No,Mobile Carrier Billing,2,App Store,2,13,No,87.47,Yes
SOL-03569,25,Standard,13.3,3,18.8,Yes,Credit Card,2,App Store,3,35,No,704.04,No
SOL-03570,22,Ultra,17.96,2,4.8,No,Credit Card,4,Partner Bundle,2,4,No,197.77,No
SOL-03571,2,Ultra,16.44,2,11.2,No,Mobile Carrier Billing,2,Partner Bundle,1,4,No,100.75,No
SOL-03572,2,Standard,12.53,3,2.6,Yes,Credit Card,1,Web,2,11,Yes,0.0,Yes
SOL-03573,10,Standard,11.96,2,5.8,Yes,Credit Card,5,Partner Bundle,2,3,No,142.6,No
SOL-03574,10,Standard,13.05,5,3.5,Yes,Credit Card,5,Web,2,3,No,270.55,Yes
SOL-03575,14,Ad-Lite,5.55,1,1.6,Yes,Credit Card,0,Partner Bundle,2,6,Yes,31.58,Yes
SOL-03576,16,Ad-Lite,5.27,3,2.0,No,PayPal,4,Web,2,10,No,167.76,No
SOL-03577,6,Ad-Lite,7.52,3,5.4,Yes,Credit Card,3,Partner Bundle,2,8,No,164.51,Yes
SOL-03578,12,Ad-Lite,7.48,3,3.8,Yes,PayPal,4,Web,1,32,Yes,184.15,Yes
SOL-03579,12,Ad-Lite,6.84,1,8.3,Yes,Credit Card,3,Web,3,7,No,155.3,No
SOL-03580,5,Ad-Lite,6.42,3,3.8,Yes,Gift Card,4,App Store,1,14,Yes,29.46,No
SOL-03581,7,Standard,11.27,4,6.1,No,PayPal,0,Partner Bundle,2,2,No,292.33,No
SOL-03582,8,Ad-Lite,6.65,2,8.9,No,Mobile Carrier Billing,5,Web,1,7,No,93.0,Yes
SOL-03583,7,Ultra,17.91,1,5.0,Yes,PayPal,2,Web,3,10,Yes,120.1,No
SOL-03584,30,Standard,12.86,2,9.6,Yes,PayPal,3,App Store,2,7,No,836.84,No
SOL-03585,8,Ad-Lite,6.07,3,12.3,Yes,Mobile Carrier Billing,2,App Store,1,14,No,4.72,No
SOL-03586,17,Ultra,18.31,2,10.6,No,Mobile Carrier Billing,4,App Store,2,12,No,115.45,Yes
SOL-03587,26,Standard,11.57,3,6.3,Yes,PayPal,6,App Store,3,23,No,281.61,No
SOL-03588,9,Ultra,18.08,1,7.2,Yes,Credit Card,3,Web,3,31,No,223.1,Yes
SOL-03589,5,Ad-Lite,7.11,3,15.8,Yes,Gift Card,2,Web,2,9,No,111.59,Yes
SOL-03590,7,Standard,11.05,4,1.1,No,Mobile Carrier Billing,3,App Store,3,9,Yes,51.44,Yes
SOL-03591,3,Ad-Lite,7.67,5,7.6,Yes,PayPal,5,Web,1,5,No,92.39,No
SOL-03592,5,Ultra,18.02,4,2.8,No,PayPal,5,Web,1,11,No,126.11,No
SOL-03593,17,Ad-Lite,7.08,1,18.9,Yes,PayPal,7,App Store,2,9,No,117.97,No
SOL-03594,15,Standard,12.34,3,31.5,Yes,Credit Card,2,App Store,4,8,No,127.96,No
SOL-03595,13,Ad-Lite,6.9,3,1.4,No,PayPal,6,App Store,3,19,No,86.69,Yes
SOL-03596,39,Standard,14.75,2,5.1,Yes,PayPal,4,App Store,1,4,Yes,453.13,No
SOL-03597,16,Ad-Lite,4.69,3,2.6,No,Credit Card,2,Web,4,13,No,137.53,Yes
SOL-03598,18,Ultra,16.98,2,4.6,No,PayPal,2,Web,2,2,No,309.76,No
SOL-03599,3,Ad-Lite,6.68,5,18.9,Yes,PayPal,3,Web,2,3,No,95.65,Yes
SOL-03600,23,Ad-Lite,5.42,5,9.0,Yes,Credit Card,0,App Store,1,20,No,336.55,Yes
SOL-03601,13,Ad-Lite,4.82,3,7.0,Yes,PayPal,4,App Store,1,2,No,93.15,Yes
SOL-03602,2,Standard,10.72,2,3.0,Yes,PayPal,7,App Store,2,12,No,65.19,Yes
SOL-03603,6,Ultra,16.71,2,4.7,No,Credit Card,4,App Store,1,7,Yes,181.63,No
SOL-03604,21,Standard,12.25,4,3.3,Yes,PayPal,5,App Store,3,2,No,388.52,Yes
SOL-03605,9,Standard,12.87,4,6.2,No,Credit Card,2,Web,3,19,No,86.74,Yes
SOL-03606,16,Ad-Lite,5.74,2,3.6,No,Mobile Carrier Billing,3,Web,2,15,No,139.76,Yes
SOL-03607,0,Ad-Lite,5.18,2,12.4,Yes,Credit Card,3,Partner Bundle,3,15,No,0.0,Yes
SOL-03608,12,Ad-Lite,6.56,1,4.7,No,PayPal,4,Web,1,11,No,157.15,Yes
SOL-03609,21,Standard,10.8,4,11.1,No,Gift Card,1,App Store,3,5,Yes,290.57,No
SOL-03610,11,Standard,11.65,2,3.0,Yes,Credit Card,6,Web,2,3,No,121.89,Yes
SOL-03611,11,Standard,12.1,3,7.5,Yes,Credit Card,0,Web,2,15,No,278.98,No
SOL-03612,12,Standard,11.79,3,13.6,Yes,Mobile Carrier Billing,3,App Store,3,9,No,222.34,Yes
SOL-03613,15,Ad-Lite,7.31,3,1.4,Yes,PayPal,4,App Store,2,2,No,154.03,No
SOL-03614,14,Standard,12.14,4,12.0,No,PayPal,4,Partner Bundle,1,5,No,341.14,Yes
SOL-03615,18,Ultra,17.79,2,8.5,No,PayPal,4,Web,2,27,Yes,408.32,Yes
SOL-03616,13,Ad-Lite,5.49,2,7.4,No,Mobile Carrier Billing,4,Web,2,9,No,128.88,Yes
SOL-03617,34,Standard,14.12,1,8.8,Yes,PayPal,6,Partner Bundle,2,11,Yes,228.62,No
SOL-03618,7,Standard,12.26,5,11.5,No,PayPal,2,Partner Bundle,2,3,No,78.43,No
SOL-03619,14,Standard,13.09,2,2.9,Yes,Mobile Carrier Billing,6,Web,2,15,Yes,141.0,No
SOL-03620,32,Ad-Lite,6.14,1,1.2,Yes,Gift Card,5,Web,3,21,No,439.71,Yes
SOL-03621,20,Standard,10.25,3,12.4,Yes,Credit Card,4,Partner Bundle,1,22,No,349.46,No
SOL-03622,12,Ad-Lite,4.72,2,5.8,Yes,Credit Card,4,Web,2,4,No,48.85,Yes
SOL-03623,5,Ad-Lite,6.73,3,4.9,Yes,PayPal,4,App Store,1,10,No,0.0,Yes
SOL-03624,7,Ad-Lite,7.24,3,8.5,No,PayPal,2,App Store,1,8,No,10.98,No
SOL-03625,2,Ad-Lite,5.52,1,5.1,No,Credit Card,5,App Store,1,11,No,26.61,Yes
SOL-03626,22,Standard,11.84,1,2.7,Yes,Mobile Carrier Billing,2,Partner Bundle,1,7,No,513.76,No
SOL-03627,12,Standard,12.24,2,7.9,Yes,Mobile Carrier Billing,2,Partner Bundle,2,9,No,15.23,No
SOL-03628,1,Ultra,17.63,1,12.0,Yes,PayPal,5,App Store,1,1,No,119.75,No
SOL-03629,20,Ad-Lite,6.14,3,9.5,No,Mobile Carrier Billing,4,Partner Bundle,3,2,No,209.46,Yes
SOL-03630,3,Ultra,17.13,3,1.6,Yes,Credit Card,4,Partner Bundle,1,8,Yes,0.0,Yes
SOL-03631,21,Ad-Lite,5.33,2,7.6,Yes,Mobile Carrier Billing,4,Web,2,4,No,96.14,Yes
SOL-03632,9,Ad-Lite,5.43,2,14.2,Yes,Credit Card,3,App Store,2,9,No,70.43,No
SOL-03633,10,Ad-Lite,6.17,2,27.0,Yes,Gift Card,5,App Store,3,13,No,163.81,Yes
SOL-03634,11,Ad-Lite,5.36,5,13.5,No,PayPal,3,Web,1,12,No,85.05,No
SOL-03635,3,Standard,12.81,2,22.5,No,Mobile Carrier Billing,0,App Store,2,8,Yes,43.31,No
SOL-03636,16,Ad-Lite,6.26,4,1.4,No,PayPal,1,App Store,2,2,No,212.97,No
SOL-03637,12,Ad-Lite,6.33,1,1.6,No,Mobile Carrier Billing,6,Web,3,4,Yes,105.66,Yes
SOL-03638,6,Ad-Lite,5.65,2,5.4,Yes,Mobile Carrier Billing,3,Web,3,11,No,170.95,No
SOL-03639,6,Ad-Lite,7.27,2,6.0,Yes,Mobile Carrier Billing,4,App Store,3,9,No,114.11,Yes
SOL-03640,28,Ad-Lite,6.33,1,7.6,No,Gift Card,2,App Store,3,7,No,302.42,No
SOL-03641,29,Standard,10.11,2,2.7,Yes,PayPal,2,Web,4,4,No,415.46,No
SOL-03642,7,Ultra,18.3,1,5.0,Yes,PayPal,4,Web,2,13,No,177.87,No
SOL-03643,10,Ultra,17.36,2,6.3,Yes,Gift Card,3,App Store,3,17,No,181.07,No
SOL-03644,11,Standard,11.92,2,6.2,Yes,Credit Card,4,Partner Bundle,1,15,No,108.5,No
SOL-03645,14,Ad-Lite,6.61,4,8.2,Yes,PayPal,2,Web,2,12,Yes,70.61,Yes
SOL-03646,8,Standard,10.0,3,4.7,Yes,Credit Card,3,Partner Bundle,2,10,No,57.4,Yes
SOL-03647,6,Standard,10.99,2,7.3,Yes,Credit Card,2,App Store,3,20,Yes,171.85,No
SOL-03648,8,Standard,12.82,5,8.4,No,Credit Card,2,Web,3,8,No,79.73,No
SOL-03649,9,Ad-Lite,8.0,3,1.2,Yes,Credit Card,2,App Store,2,18,No,160.96,Yes
SOL-03650,8,Ultra,15.7,1,7.7,Yes,Mobile Carrier Billing,0,App Store,2,3,No,183.99,No
SOL-03651,3,Standard,12.34,5,5.2,Yes,Credit Card,4,Web,2,1,Yes,54.01,Yes
SOL-03652,8,Ad-Lite,6.99,1,2.3,No,PayPal,5,App Store,2,12,Yes,20.2,Yes
SOL-03653,5,Ad-Lite,7.53,3,2.3,No,Mobile Carrier Billing,5,Web,1,2,Yes,167.32,Yes
SOL-03654,7,Standard,13.68,4,6.5,Yes,Credit Card,1,App Store,3,1,No,99.45,Yes
SOL-03655,39,Ultra,15.6,2,2.6,No,Mobile Carrier Billing,3,Web,3,5,No,493.75,No
SOL-03656,18,Ad-Lite,5.49,3,8.8,Yes,Gift Card,2,Partner Bundle,1,4,Yes,125.46,Yes
SOL-03657,14,Standard,12.63,1,4.8,No,Credit Card,1,Web,4,24,No,99.96,Yes
SOL-03658,7,Ad-Lite,4.61,1,7.0,Yes,Mobile Carrier Billing,2,Web,2,27,No,134.6,No
SOL-03659,15,Standard,10.5,2,6.8,Yes,Credit Card,5,App Store,1,22,No,179.15,Yes
SOL-03660,6,Standard,11.1,1,6.8,Yes,Credit Card,2,Partner Bundle,2,1,No,40.91,No
SOL-03661,6,Ad-Lite,4.89,2,8.9,No,Credit Card,3,App Store,3,1,No,68.5,Yes
SOL-03662,24,Standard,12.27,3,11.6,Yes,PayPal,6,App Store,3,20,No,308.35,No
SOL-03663,16,Ad-Lite,6.57,2,7.0,Yes,Credit Card,4,Web,2,9,No,96.29,Yes
SOL-03664,12,Standard,11.37,2,17.7,Yes,Credit Card,5,Partner Bundle,2,4,No,367.52,No
SOL-03665,14,Ad-Lite,5.84,4,4.7,Yes,PayPal,1,Web,5,5,No,189.11,Yes
SOL-03666,31,Ad-Lite,6.35,2,6.0,No,Mobile Carrier Billing,5,Partner Bundle,2,39,No,127.39,Yes
SOL-03667,10,Standard,12.78,2,20.6,No,Credit Card,5,App Store,4,4,No,198.62,No
SOL-03668,4,Ad-Lite,4.7,1,7.4,Yes,PayPal,6,App Store,1,14,No,52.64,Yes
SOL-03669,12,Standard,11.93,2,8.0,No,Mobile Carrier Billing,2,App Store,3,2,No,245.09,Yes
SOL-03670,5,Ad-Lite,6.5,3,8.9,No,Credit Card,2,App Store,2,1,Yes,99.58,Yes
SOL-03671,9,Ultra,17.67,2,10.2,Yes,Gift Card,3,App Store,2,9,No,231.38,No
SOL-03672,3,Ultra,16.23,3,7.6,No,PayPal,2,App Store,4,28,No,64.07,No
SOL-03673,11,Ad-Lite,5.08,3,1.0,No,Credit Card,7,App Store,1,14,No,80.6,No
SOL-03674,31,Ad-Lite,5.41,2,4.1,Yes,PayPal,3,App Store,1,3,No,147.11,No
SOL-03675,23,Ad-Lite,6.27,3,10.0,No,Mobile Carrier Billing,3,App Store,3,18,No,334.65,No
SOL-03676,16,Standard,14.08,3,9.4,No,PayPal,3,Web,2,8,No,145.86,No
SOL-03677,17,Ad-Lite,5.41,3,7.0,No,Credit Card,0,Partner Bundle,2,4,No,0.0,Yes
SOL-03678,17,Ultra,19.4,3,13.0,No,Mobile Carrier Billing,4,App Store,2,7,No,384.25,Yes
SOL-03679,25,Standard,9.0,1,2.2,No,Mobile Carrier Billing,4,Partner Bundle,4,3,No,332.66,No
SOL-03680,13,Ad-Lite,5.96,3,7.6,Yes,Gift Card,4,Web,4,12,No,182.21,Yes
SOL-03681,10,Standard,13.74,3,11.9,Yes,Credit Card,5,App Store,1,7,No,342.46,No
SOL-03682,3,Standard,10.36,2,8.8,Yes,Mobile Carrier Billing,2,Web,2,16,No,28.14,Yes
SOL-03683,33,Ad-Lite,5.17,2,7.0,Yes,PayPal,2,Web,5,7,No,234.76,No
SOL-03684,4,Ad-Lite,6.58,2,9.8,Yes,Credit Card,5,App Store,2,17,No,97.87,Yes
SOL-03685,22,Ultra,17.21,1,4.4,Yes,Credit Card,3,App Store,2,2,Yes,236.1,No
SOL-03686,3,Ad-Lite,6.98,2,11.5,Yes,PayPal,3,App Store,1,2,No,38.96,Yes
SOL-03687,11,Ad-Lite,6.32,3,4.5,Yes,Credit Card,2,Web,2,15,No,122.13,No
SOL-03688,12,Standard,11.32,1,15.5,Yes,Credit Card,7,App Store,2,5,No,280.48,No
SOL-03689,25,Ad-Lite,6.89,1,7.8,No,Mobile Carrier Billing,4,Partner Bundle,3,9,Yes,198.82,No
SOL-03690,12,Standard,11.64,1,14.3,Yes,PayPal,1,App Store,2,18,Yes,184.8,No
SOL-03691,4,Ultra,15.97,3,4.9,Yes,Mobile Carrier Billing,3,App Store,4,15,No,0.0,Yes
SOL-03692,7,Standard,9.88,1,9.5,Yes,Gift Card,0,Web,1,3,No,12.66,No
SOL-03693,6,Standard,12.81,1,10.3,No,Credit Card,1,App Store,2,12,No,27.3,Yes
SOL-03694,7,Standard,12.22,3,4.2,No,PayPal,0,Web,2,12,No,97.69,No
SOL-03695,8,Ultra,15.3,1,13.2,Yes,Gift Card,4,Web,2,5,No,117.5,No
SOL-03696,30,Standard,11.51,1,2.8,No,Mobile Carrier Billing,1,App Store,2,12,Yes,265.88,No
SOL-03697,4,Ad-Lite,4.0,2,0.7,Yes,Credit Card,1,Web,3,6,No,45.12,Yes
SOL-03698,34,Ad-Lite,6.23,5,7.6,Yes,Credit Card,5,Partner Bundle,1,16,Yes,329.27,No
SOL-03699,2,Ad-Lite,6.0,2,11.1,No,PayPal,6,Web,1,23,No,5.04,Yes
SOL-03700,10,Ultra,18.85,3,48.9,Yes,Gift Card,1,Web,1,3,Yes,221.09,No
SOL-03701,14,Ultra,14.77,2,4.3,Yes,PayPal,6,Partner Bundle,2,2,No,305.55,Yes
SOL-03702,28,Ad-Lite,6.14,1,12.4,Yes,Credit Card,4,App Store,1,1,Yes,310.8,Yes
SOL-03703,6,Standard,13.54,3,11.5,Yes,Credit Card,2,App Store,4,4,No,115.16,No
SOL-03704,2,Standard,10.41,2,5.2,Yes,Mobile Carrier Billing,4,Partner Bundle,3,8,No,0.0,No
SOL-03705,17,Ad-Lite,6.75,3,6.3,No,PayPal,3,App Store,4,16,No,125.29,Yes
SOL-03706,3,Standard,11.68,5,16.9,No,Mobile Carrier Billing,3,Web,4,1,No,126.69,No
SOL-03707,17,Ad-Lite,5.63,3,12.5,No,PayPal,2,App Store,2,3,Yes,102.11,Yes
SOL-03708,7,Ad-Lite,6.67,2,2.4,Yes,Mobile Carrier Billing,1,App Store,2,6,No,48.91,Yes
SOL-03709,17,Standard,13.41,2,6.3,No,Credit Card,5,Web,2,11,No,180.22,No
SOL-03710,12,Ad-Lite,4.48,3,14.5,No,Mobile Carrier Billing,5,Partner Bundle,1,4,No,115.13,No
SOL-03711,9,Ad-Lite,6.63,2,4.3,Yes,PayPal,3,Web,2,3,Yes,0.0,No
SOL-03712,19,Ad-Lite,6.34,5,2.8,No,PayPal,1,App Store,2,22,No,211.35,No
SOL-03713,24,Standard,11.8,1,9.9,Yes,Credit Card,4,Web,2,7,Yes,197.76,No
SOL-03714,8,Standard,11.58,3,12.4,Yes,Credit Card,1,Web,1,19,No,143.3,No
SOL-03715,13,Standard,12.52,1,4.8,Yes,Gift Card,3,App Store,1,4,No,302.47,No
SOL-03716,11,Standard,11.44,2,9.0,Yes,Credit Card,6,App Store,1,5,No,55.56,No
SOL-03717,4,Ad-Lite,6.71,4,18.5,Yes,Mobile Carrier Billing,4,App Store,2,7,No,82.2,No
SOL-03718,15,Ultra,17.09,1,8.6,Yes,Credit Card,2,Web,5,2,No,0.0,No
SOL-03719,25,Standard,14.5,1,13.0,Yes,Mobile Carrier Billing,3,Web,1,8,No,380.24,No
SOL-03720,17,Ultra,17.7,2,10.1,No,Gift Card,2,App Store,1,12,No,326.91,No
SOL-03721,22,Ultra,14.59,2,2.2,Yes,PayPal,5,Web,2,8,No,302.11,No
SOL-03722,31,Ultra,15.36,2,6.9,No,Mobile Carrier Billing,5,Partner Bundle,1,11,No,572.52,Yes
SOL-03723,28,Ultra,15.81,2,5.2,Yes,Credit Card,5,Partner Bundle,2,11,No,226.44,No
SOL-03724,3,Standard,11.71,1,5.7,No,PayPal,3,App Store,1,9,No,0.0,Yes
SOL-03725,5,Standard,10.94,1,8.0,No,Credit Card,2,App Store,5,2,Yes,77.49,No
SOL-03726,8,Ad-Lite,5.91,2,4.8,No,Credit Card,3,Web,2,3,No,86.46,Yes
SOL-03727,30,Ad-Lite,5.01,3,8.6,Yes,Credit Card,3,Partner Bundle,3,6,No,241.24,Yes
SOL-03728,26,Standard,12.49,1,11.8,Yes,PayPal,3,Web,1,6,No,356.7,No
SOL-03729,14,Standard,12.78,1,19.0,No,PayPal,3,App Store,2,19,No,305.36,No
SOL-03730,6,Ad-Lite,7.25,3,11.0,No,Gift Card,2,Partner Bundle,2,7,No,102.3,Yes
SOL-03731,28,Standard,11.68,2,25.0,Yes,Mobile Carrier Billing,5,Web,2,6,Yes,665.2,No
SOL-03732,12,Standard,12.76,4,2.5,Yes,Gift Card,3,Web,2,12,No,72.66,Yes
SOL-03733,17,Ad-Lite,5.58,3,2.6,No,Credit Card,3,Web,2,5,No,0.0,Yes
SOL-03734,10,Standard,11.63,3,7.3,Yes,Credit Card,3,Partner Bundle,2,10,No,108.3,Yes
SOL-03735,3,Ad-Lite,6.8,5,1.8,Yes,Credit Card,5,App Store,1,0,No,98.16,No
SOL-03736,12,Ultra,19.92,2,6.8,Yes,PayPal,1,Partner Bundle,1,14,No,339.22,No
SOL-03737,8,Ad-Lite,5.75,5,17.3,No,Mobile Carrier Billing,5,App Store,3,1,No,234.79,Yes
SOL-03738,4,Standard,11.56,2,8.6,No,Mobile Carrier Billing,5,Web,4,6,No,4.85,Yes
SOL-03739,30,Ad-Lite,5.65,2,8.4,No,Credit Card,1,Partner Bundle,2,6,Yes,139.75,Yes
SOL-03740,20,Ad-Lite,7.95,1,2.4,No,Mobile Carrier Billing,1,Partner Bundle,1,1,No,251.5,Yes
SOL-03741,32,Standard,14.14,1,7.6,No,Credit Card,2,Partner Bundle,2,17,No,439.55,No
SOL-03742,4,Standard,11.57,5,6.2,Yes,Mobile Carrier Billing,12,Web,3,25,No,47.04,No
SOL-03743,2,Ad-Lite,6.56,1,4.7,Yes,Mobile Carrier Billing,7,App Store,1,16,Yes,96.85,Yes
SOL-03744,9,Ad-Lite,5.97,1,4.7,No,Credit Card,4,Partner Bundle,2,3,No,26.64,Yes
SOL-03745,4,Standard,11.47,2,2.4,Yes,Credit Card,4,Partner Bundle,4,14,No,57.7,Yes
SOL-03746,22,Standard,14.04,2,11.9,No,Credit Card,5,Web,4,9,No,279.37,Yes
SOL-03747,30,Ad-Lite,7.21,2,2.4,Yes,Mobile Carrier Billing,3,Web,2,1,No,383.91,No
SOL-03748,13,Ad-Lite,5.23,3,7.1,Yes,PayPal,2,Web,3,5,No,0.0,No
SOL-03749,2,Standard,13.33,2,13.0,Yes,PayPal,4,App Store,3,9,No,2.54,Yes
SOL-03750,19,Standard,11.6,1,15.6,No,PayPal,1,Web,3,17,No,250.44,No
SOL-03751,6,Standard,13.34,1,6.8,No,Credit Card,2,Web,2,8,No,157.41,No
SOL-03752,11,Ad-Lite,6.59,3,4.8,Yes,PayPal,3,Web,5,3,No,121.26,Yes
SOL-03753,36,Standard,12.36,3,5.8,No,Credit Card,2,App Store,2,3,No,199.23,No
SOL-03754,19,Standard,11.89,3,6.6,Yes,Mobile Carrier Billing,2,Partner Bundle,3,33,Yes,140.98,Yes
SOL-03755,14,Ad-Lite,6.29,2,1.6,No,Mobile Carrier Billing,5,Web,2,16,No,132.0,No
SOL-03756,4,Ad-Lite,6.77,1,4.0,No,PayPal,2,App Store,1,17,No,80.49,Yes
SOL-03757,19,Ad-Lite,5.02,1,13.0,No,PayPal,2,Web,1,2,No,93.15,No
SOL-03758,7,Ultra,16.94,2,8.1,No,Credit Card,3,App Store,2,4,No,79.2,No
SOL-03759,2,Standard,11.83,2,16.5,Yes,PayPal,1,Partner Bundle,3,7,No,0.0,No
SOL-03760,13,Standard,11.87,2,18.5,Yes,Mobile Carrier Billing,3,App Store,2,2,Yes,338.73,Yes
SOL-03761,5,Ad-Lite,6.78,3,16.7,Yes,Mobile Carrier Billing,7,Partner Bundle,2,19,No,120.05,Yes
SOL-03762,12,Standard,13.73,3,6.4,Yes,Mobile Carrier Billing,2,App Store,3,9,No,266.0,No
SOL-03763,16,Ad-Lite,5.31,1,7.9,No,Credit Card,4,App Store,2,3,No,82.72,Yes
SOL-03764,8,Ultra,17.49,2,10.9,Yes,PayPal,4,Partner Bundle,1,8,Yes,47.15,Yes
SOL-03765,17,Ad-Lite,6.35,2,7.9,Yes,Credit Card,3,Web,2,13,No,75.32,No
SOL-03766,11,Ad-Lite,4.32,1,3.9,Yes,Credit Card,5,App Store,2,17,No,72.3,Yes
SOL-03767,17,Standard,12.34,1,7.9,Yes,Mobile Carrier Billing,1,Web,3,4,Yes,81.55,No
SOL-03768,33,Standard,10.59,2,5.6,Yes,Credit Card,2,Web,5,2,No,519.04,Yes
SOL-03769,27,Ad-Lite,6.3,3,8.6,No,Credit Card,2,Web,1,1,No,543.44,No
SOL-03770,25,Ad-Lite,7.6,2,17.8,Yes,Credit Card,2,Partner Bundle,2,6,No,212.52,Yes
SOL-03771,27,Ad-Lite,5.31,3,6.1,No,Credit Card,7,App Store,2,7,No,93.97,No
SOL-03772,6,Standard,10.52,2,7.7,Yes,Mobile Carrier Billing,4,Partner Bundle,1,4,No,83.17,Yes
SOL-03773,12,Ad-Lite,6.7,2,1.4,Yes,Credit Card,1,App Store,2,3,No,50.88,No
SOL-03774,7,Ad-Lite,6.14,2,17.2,Yes,PayPal,5,App Store,1,12,No,139.9,Yes
SOL-03775,8,Standard,10.54,1,6.8,Yes,Credit Card,3,Web,1,15,Yes,73.83,No
SOL-03776,12,Ad-Lite,5.98,5,6.1,Yes,Credit Card,4,App Store,1,19,No,111.31,Yes
SOL-03777,7,Ad-Lite,6.82,2,4.3,No,Mobile Carrier Billing,2,Web,1,16,No,99.05,No
SOL-03778,14,Ultra,19.34,1,5.3,Yes,Credit Card,5,App Store,2,18,Yes,273.1,Yes
SOL-03779,27,Standard,12.77,3,1.7,No,Credit Card,5,App Store,3,9,No,405.88,No
SOL-03780,6,Standard,12.43,2,12.0,No,PayPal,5,App Store,2,17,Yes,24.54,No
SOL-03781,37,Ultra,16.54,1,16.3,Yes,PayPal,6,Web,3,8,No,1313.12,No
SOL-03782,13,Standard,12.62,3,11.2,Yes,Credit Card,1,App Store,1,34,No,51.02,No
SOL-03783,18,Standard,11.0,2,4.7,No,PayPal,8,Web,2,7,No,220.31,Yes
SOL-03784,36,Standard,11.16,1,4.7,No,Credit Card,6,Partner Bundle,3,14,Yes,291.73,No
SOL-03785,25,Ad-Lite,5.4,2,12.3,Yes,PayPal,1,Web,2,6,Yes,223.04,No
SOL-03786,15,Standard,12.33,2,3.0,No,Credit Card,2,Web,5,7,No,518.24,Yes
SOL-03787,7,Ultra,13.85,2,6.8,Yes,Credit Card,3,Web,2,16,No,95.53,No
SOL-03788,7,Standard,14.31,2,7.0,Yes,Gift Card,3,App Store,3,12,No,123.61,No
SOL-03789,19,Ad-Lite,6.07,2,2.4,No,Mobile Carrier Billing,7,Web,1,6,Yes,111.82,No
SOL-03790,31,Ultra,13.51,1,9.6,Yes,PayPal,3,App Store,2,20,No,232.58,No
SOL-03791,15,Ad-Lite,5.99,4,4.6,Yes,Credit Card,2,Web,5,4,No,158.3,Yes
SOL-03792,21,Standard,10.73,3,5.8,Yes,Mobile Carrier Billing,6,App Store,1,2,No,126.51,Yes
SOL-03793,10,Standard,12.42,2,6.4,Yes,Credit Card,1,Web,2,4,No,229.72,Yes
SOL-03794,4,Ad-Lite,5.75,3,3.5,Yes,PayPal,6,Web,1,9,No,21.51,Yes
SOL-03795,4,Standard,10.64,1,7.4,Yes,PayPal,4,App Store,4,7,No,30.24,No
SOL-03796,5,Standard,10.21,2,12.3,Yes,Gift Card,2,Web,2,5,Yes,0.0,Yes
SOL-03797,7,Ad-Lite,5.92,2,15.8,Yes,Mobile Carrier Billing,5,App Store,1,6,Yes,97.82,No
SOL-03798,3,Ad-Lite,5.38,1,12.1,No,PayPal,5,Web,4,2,Yes,102.37,No
SOL-03799,5,Standard,12.85,2,10.2,Yes,PayPal,5,Web,1,15,No,19.17,No
SOL-03800,11,Standard,12.79,4,7.6,Yes,Credit Card,3,App Store,4,11,No,103.16,No
SOL-03801,8,Standard,9.99,2,7.1,Yes,PayPal,3,App Store,2,11,No,27.96,Yes
SOL-03802,4,Ad-Lite,5.14,2,11.0,No,Gift Card,3,Web,2,23,No,27.36,Yes
SOL-03803,34,Ultra,15.56,3,2.7,No,Mobile Carrier Billing,5,Web,3,5,No,929.84,No
SOL-03804,11,Ad-Lite,6.45,1,12.1,Yes,Mobile Carrier Billing,2,Partner Bundle,3,5,No,73.55,Yes
SOL-03805,9,Standard,12.68,3,8.5,No,PayPal,4,Web,4,6,No,154.32,No
SOL-03806,22,Ultra,17.89,3,12.1,Yes,PayPal,2,Partner Bundle,1,12,No,1129.02,No
SOL-03807,10,Ultra,19.26,3,4.5,Yes,Credit Card,1,App Store,1,18,No,132.47,Yes
SOL-03808,15,Standard,11.87,3,6.9,Yes,PayPal,2,Partner Bundle,2,2,No,146.18,No
SOL-03809,7,Ad-Lite,6.11,5,3.8,Yes,Mobile Carrier Billing,1,App Store,2,6,No,155.56,Yes
SOL-03810,13,Ad-Lite,5.5,3,2.9,Yes,Credit Card,4,Partner Bundle,3,3,No,112.7,Yes
SOL-03811,12,Standard,12.33,2,9.2,No,Credit Card,2,Partner Bundle,1,3,No,265.33,Yes
SOL-03812,5,Ultra,17.79,2,1.0,Yes,Credit Card,4,App Store,3,15,No,216.26,No
SOL-03813,13,Ad-Lite,6.73,3,9.6,Yes,Credit Card,6,Web,1,3,Yes,128.09,No
SOL-03814,0,Ad-Lite,5.51,1,13.5,No,Mobile Carrier Billing,2,App Store,2,15,Yes,29.18,Yes
SOL-03815,12,Standard,13.11,2,2.7,Yes,Mobile Carrier Billing,4,Web,1,6,Yes,208.23,No
SOL-03816,3,Ad-Lite,5.63,2,9.6,Yes,PayPal,3,Web,4,4,No,158.9,Yes
SOL-03817,16,Ad-Lite,6.47,1,5.2,Yes,Mobile Carrier Billing,4,Web,1,18,No,73.02,Yes
SOL-03818,16,Ad-Lite,5.77,5,4.4,Yes,PayPal,4,App Store,4,2,No,119.78,No
SOL-03819,11,Ad-Lite,7.13,1,4.4,Yes,PayPal,2,App Store,1,9,No,332.2,Yes
SOL-03820,26,Standard,11.79,1,2.6,No,PayPal,2,App Store,1,7,Yes,124.41,No
SOL-03821,3,Standard,12.06,3,8.8,No,Credit Card,4,Partner Bundle,4,10,No,95.95,No
SOL-03822,14,Ad-Lite,7.06,2,7.1,No,Credit Card,3,Web,4,5,Yes,55.94,Yes
SOL-03823,24,Ad-Lite,6.57,2,8.4,Yes,Credit Card,1,Partner Bundle,1,6,No,173.76,Yes
SOL-03824,13,Ad-Lite,7.43,3,11.7,No,Credit Card,2,App Store,1,5,No,78.28,No
SOL-03825,1,Ultra,16.09,3,16.0,No,Mobile Carrier Billing,4,App Store,3,7,No,0.0,Yes
SOL-03826,26,Standard,13.38,1,8.7,No,Mobile Carrier Billing,1,App Store,1,10,No,276.7,No
SOL-03827,3,Standard,9.54,1,3.8,No,Gift Card,7,Partner Bundle,2,7,Yes,80.75,Yes
SOL-03828,10,Standard,10.08,1,3.6,Yes,PayPal,6,App Store,2,13,No,64.57,No
SOL-03829,22,Ad-Lite,6.91,3,18.8,Yes,Mobile Carrier Billing,2,Partner Bundle,2,8,No,199.29,Yes
SOL-03830,9,Ultra,15.72,2,10.5,No,PayPal,3,App Store,3,4,No,293.11,No
SOL-03831,13,Ad-Lite,6.63,2,7.8,Yes,PayPal,5,Web,4,21,No,349.05,No
SOL-03832,12,Standard,11.14,1,11.0,Yes,Mobile Carrier Billing,4,Partner Bundle,5,3,No,269.44,No
SOL-03833,14,Standard,11.54,3,4.1,Yes,Credit Card,5,App Store,1,5,No,123.76,No
SOL-03834,2,Ad-Lite,6.95,2,6.6,Yes,Credit Card,5,App Store,1,1,Yes,17.79,No
SOL-03835,17,Ultra,19.68,2,22.4,Yes,Credit Card,3,Web,3,7,No,586.59,No
SOL-03836,10,Ad-Lite,6.9,2,10.2,No,Mobile Carrier Billing,5,App Store,2,12,No,38.51,No
SOL-03837,6,Standard,13.27,3,11.2,No,PayPal,6,App Store,3,8,No,18.2,No
SOL-03838,15,Ultra,20.77,3,10.2,No,Mobile Carrier Billing,4,Partner Bundle,3,18,No,272.65,No
SOL-03839,13,Standard,10.42,1,4.3,Yes,Credit Card,2,App Store,3,18,No,121.38,No
SOL-03840,38,Standard,11.02,2,5.4,Yes,Mobile Carrier Billing,5,Web,4,14,Yes,513.34,No
SOL-03841,31,Ad-Lite,7.72,1,5.6,Yes,PayPal,5,Partner Bundle,2,5,Yes,308.35,Yes
SOL-03842,13,Standard,11.63,3,4.8,Yes,Gift Card,6,Partner Bundle,4,18,No,88.87,Yes
SOL-03843,32,Ad-Lite,5.86,2,4.8,No,Credit Card,4,Web,3,3,No,346.28,Yes
SOL-03844,17,Ad-Lite,5.94,4,6.2,No,Credit Card,1,App Store,2,0,Yes,177.8,Yes
SOL-03845,24,Standard,10.85,3,3.9,Yes,Gift Card,1,Web,3,1,No,220.06,Yes
SOL-03846,16,Ad-Lite,6.08,1,4.2,Yes,Mobile Carrier Billing,4,Web,3,6,No,84.49,No
SOL-03847,3,Standard,13.08,5,6.8,Yes,Mobile Carrier Billing,2,App Store,3,4,No,65.14,No
SOL-03848,25,Standard,10.03,1,2.3,No,PayPal,3,App Store,3,2,Yes,322.24,Yes
SOL-03849,8,Ad-Lite,6.84,3,9.6,No,Credit Card,1,App Store,1,10,No,40.17,No
SOL-03850,26,Standard,10.43,3,6.2,Yes,Credit Card,3,Partner Bundle,1,13,Yes,248.69,Yes
SOL-03851,28,Standard,11.45,2,8.0,Yes,Credit Card,5,App Store,3,5,Yes,320.53,No
SOL-03852,9,Ultra,17.12,2,14.0,Yes,PayPal,4,App Store,2,8,No,349.67,No
SOL-03853,3,Ad-Lite,5.07,3,20.1,No,Mobile Carrier Billing,2,App Store,3,6,No,41.94,Yes
SOL-03854,20,Ultra,17.92,2,4.5,No,Credit Card,3,Partner Bundle,2,3,No,391.69,No
SOL-03855,1,Ad-Lite,6.0,2,11.0,Yes,Credit Card,4,Partner Bundle,2,10,No,127.99,Yes
SOL-03856,25,Ad-Lite,6.63,4,12.0,Yes,Mobile Carrier Billing,5,Partner Bundle,4,3,No,154.32,Yes
SOL-03857,19,Ad-Lite,4.94,4,7.3,No,Mobile Carrier Billing,2,App Store,1,12,Yes,58.52,Yes
SOL-03858,21,Ultra,17.23,4,13.2,Yes,Credit Card,4,Web,1,5,No,123.59,No
SOL-03859,4,Standard,11.19,1,3.7,No,Credit Card,2,App Store,1,6,No,0.0,No
SOL-03860,9,Ad-Lite,5.6,1,6.0,No,Credit Card,4,App Store,1,7,No,73.72,Yes
SOL-03861,38,Ultra,16.61,2,3.4,No,PayPal,4,Web,3,8,No,542.59,No
SOL-03862,20,Standard,11.47,3,6.2,Yes,PayPal,1,App Store,3,5,Yes,291.31,Yes
SOL-03863,13,Ad-Lite,5.64,3,4.1,Yes,Mobile Carrier Billing,3,App Store,2,6,No,87.87,Yes
SOL-03864,6,Ad-Lite,6.28,3,6.7,No,Mobile Carrier Billing,4,Web,2,13,No,0.0,Yes
SOL-03865,24,Standard,12.19,1,1.4,No,Credit Card,4,Web,5,5,No,696.9,No
SOL-03866,14,Ultra,17.0,3,13.6,Yes,Credit Card,3,App Store,3,12,No,248.61,No
SOL-03867,27,Ultra,14.95,5,14.9,Yes,PayPal,4,App Store,3,6,No,704.7,No
SOL-03868,30,Ad-Lite,6.69,2,10.7,Yes,Credit Card,3,Web,2,5,Yes,410.37,Yes
SOL-03869,10,Ultra,15.82,2,7.4,Yes,Credit Card,1,Partner Bundle,2,5,No,129.02,No
SOL-03870,4,Ultra,17.44,2,5.2,No,Credit Card,6,App Store,3,9,No,134.72,No
SOL-03871,3,Ad-Lite,4.46,1,19.9,Yes,Mobile Carrier Billing,5,App Store,1,2,No,66.96,Yes
SOL-03872,10,Ultra,18.84,1,6.5,Yes,Mobile Carrier Billing,2,Web,1,2,No,323.49,No
SOL-03873,30,Ultra,17.06,3,7.8,Yes,Gift Card,3,Web,2,7,Yes,440.63,Yes
SOL-03874,19,Ultra,20.84,1,4.7,No,Mobile Carrier Billing,1,Partner Bundle,2,8,Yes,262.14,Yes
SOL-03875,16,Standard,12.42,1,5.8,Yes,Credit Card,3,App Store,2,16,No,155.7,No
SOL-03876,11,Ad-Lite,6.36,1,10.5,Yes,Credit Card,2,App Store,4,9,No,39.53,No
SOL-03877,14,Ad-Lite,5.49,1,3.3,No,PayPal,3,Web,2,6,Yes,119.54,Yes
SOL-03878,20,Ad-Lite,4.01,2,8.3,No,Credit Card,3,Web,3,11,No,169.13,No
SOL-03879,14,Ultra,15.78,5,8.2,Yes,Mobile Carrier Billing,0,App Store,1,13,No,81.91,Yes
SOL-03880,16,Standard,12.46,2,17.6,Yes,Credit Card,4,Web,3,8,No,498.91,Yes
SOL-03881,29,Standard,11.15,2,7.6,No,PayPal,1,App Store,1,20,No,137.68,No
SOL-03882,0,Ad-Lite,4.16,2,5.1,Yes,Gift Card,2,Web,1,7,No,85.56,Yes
SOL-03883,10,Ad-Lite,5.1,1,6.7,No,Credit Card,5,Web,2,1,No,64.46,Yes
SOL-03884,9,Standard,12.65,1,10.3,No,Mobile Carrier Billing,8,App Store,1,6,No,190.75,Yes
SOL-03885,17,Ultra,17.35,2,17.8,No,Credit Card,1,Web,2,8,No,262.49,No
SOL-03886,7,Standard,11.74,4,5.0,Yes,Mobile Carrier Billing,2,App Store,3,8,Yes,100.84,No
SOL-03887,19,Standard,13.69,2,13.1,No,Mobile Carrier Billing,5,Partner Bundle,4,8,No,255.78,No
SOL-03888,13,Ad-Lite,5.42,3,10.6,Yes,Mobile Carrier Billing,2,App Store,2,11,No,167.41,Yes
SOL-03889,11,Ad-Lite,6.8,1,5.8,Yes,Mobile Carrier Billing,2,Web,1,21,Yes,156.34,Yes
SOL-03890,2,Standard,12.76,4,8.2,Yes,PayPal,4,Web,2,25,No,0.0,No
SOL-03891,13,Standard,12.73,3,4.1,Yes,PayPal,4,Web,2,12,No,15.76,Yes
SOL-03892,19,Standard,12.86,1,3.4,Yes,Mobile Carrier Billing,2,App Store,2,13,Yes,125.88,No
SOL-03893,6,Ad-Lite,5.88,2,3.3,Yes,Mobile Carrier Billing,7,Web,2,10,No,44.4,Yes
SOL-03894,7,Ultra,18.3,2,2.8,No,Mobile Carrier Billing,2,Web,1,7,No,174.45,Yes
SOL-03895,6,Ad-Lite,6.01,2,14.8,Yes,Mobile Carrier Billing,4,Partner Bundle,3,4,Yes,88.77,No
SOL-03896,25,Ultra,16.33,2,9.5,Yes,Mobile Carrier Billing,5,Partner Bundle,1,8,Yes,238.33,No
SOL-03897,7,Ad-Lite,5.38,3,7.3,Yes,Mobile Carrier Billing,5,App Store,4,5,No,0.0,No
SOL-03898,15,Ultra,18.66,2,12.6,No,Credit Card,2,App Store,2,13,No,701.52,Yes
SOL-03899,10,Standard,11.28,2,8.5,Yes,Mobile Carrier Billing,5,Web,3,16,Yes,121.24,Yes
SOL-03900,6,Ad-Lite,6.22,2,2.6,Yes,Mobile Carrier Billing,4,App Store,2,16,No,102.14,Yes
SOL-03901,6,Ultra,20.08,2,6.6,Yes,Mobile Carrier Billing,3,Partner Bundle,3,28,No,214.23,No
SOL-03902,5,Ad-Lite,7.09,2,5.4,No,Mobile Carrier Billing,5,Partner Bundle,2,23,Yes,20.24,Yes
SOL-03903,12,Ad-Lite,5.32,2,5.6,Yes,Credit Card,4,Web,2,6,No,71.22,No
SOL-03904,6,Ad-Lite,6.76,3,4.1,Yes,Mobile Carrier Billing,6,App Store,1,10,No,46.12,No
SOL-03905,12,Ad-Lite,6.48,3,11.3,Yes,PayPal,4,Web,4,8,No,181.76,Yes
SOL-03906,19,Ultra,15.29,1,9.1,Yes,PayPal,7,App Store,2,3,No,88.95,No
SOL-03907,11,Ad-Lite,7.9,1,9.1,Yes,PayPal,7,App Store,3,5,Yes,129.89,No
SOL-03908,2,Standard,11.07,1,2.4,Yes,PayPal,4,Web,5,5,No,60.6,Yes
SOL-03909,14,Standard,11.78,2,8.2,Yes,Credit Card,3,Web,4,27,No,92.05,No
SOL-03910,31,Standard,13.46,1,7.4,No,Mobile Carrier Billing,3,App Store,1,30,No,737.62,Yes
SOL-03911,20,Ultra,16.55,2,8.9,Yes,Mobile Carrier Billing,7,Web,2,2,No,460.26,No
SOL-03912,13,Standard,10.84,3,13.4,Yes,Mobile Carrier Billing,5,App Store,1,4,No,122.69,No
SOL-03913,15,Ad-Lite,5.03,2,4.4,Yes,Credit Card,1,Partner Bundle,3,1,No,0.0,Yes
SOL-03914,28,Ad-Lite,6.56,1,7.1,Yes,PayPal,2,App Store,1,10,No,198.33,Yes
SOL-03915,12,Standard,13.04,2,7.0,No,Mobile Carrier Billing,1,Partner Bundle,3,2,Yes,242.5,Yes
SOL-03916,31,Standard,11.47,5,3.8,Yes,Credit Card,2,App Store,3,3,Yes,207.83,No
SOL-03917,2,Standard,11.89,3,12.4,Yes,Credit Card,2,App Store,3,14,No,30.12,Yes
SOL-03918,7,Ad-Lite,5.33,1,12.3,Yes,Credit Card,2,Web,2,15,No,74.35,No
SOL-03919,12,Ad-Lite,6.43,4,4.4,Yes,Gift Card,2,App Store,1,11,No,107.27,Yes
SOL-03920,23,Ultra,15.03,2,3.0,Yes,Mobile Carrier Billing,4,Partner Bundle,3,8,No,281.57,No
SOL-03921,18,Ad-Lite,6.5,2,8.4,Yes,Credit Card,4,Partner Bundle,3,19,No,114.08,No
SOL-03922,5,Standard,12.01,4,10.2,Yes,PayPal,2,App Store,1,25,No,0.0,No
SOL-03923,16,Ad-Lite,5.65,1,6.7,Yes,PayPal,5,Web,3,3,No,80.2,No
SOL-03924,36,Standard,10.33,1,4.0,Yes,Mobile Carrier Billing,3,App Store,2,0,No,1151.87,No
SOL-03925,36,Standard,10.81,3,3.8,No,PayPal,1,Web,1,26,No,390.4,No
SOL-03926,21,Standard,12.82,2,3.4,No,PayPal,5,App Store,1,12,Yes,349.08,Yes
SOL-03927,15,Ultra,14.99,2,1.9,Yes,PayPal,3,Web,3,8,No,247.64,No
SOL-03928,10,Ultra,18.78,2,5.0,No,Mobile Carrier Billing,4,App Store,3,51,No,41.66,No
SOL-03929,6,Standard,12.46,2,1.7,No,Mobile Carrier Billing,1,App Store,2,6,No,118.65,No
SOL-03930,11,Ad-Lite,6.46,1,4.5,Yes,Mobile Carrier Billing,4,Web,2,26,No,55.61,No
SOL-03931,10,Ad-Lite,6.31,2,2.3,No,Credit Card,3,Web,4,9,No,49.1,Yes
SOL-03932,2,Standard,11.48,1,14.6,Yes,Credit Card,2,App Store,1,12,No,0.0,Yes
SOL-03933,9,Ad-Lite,6.32,2,5.6,Yes,PayPal,4,Web,1,12,Yes,75.72,No
SOL-03934,9,Ad-Lite,5.36,3,8.4,No,PayPal,7,Web,1,2,No,31.53,No
SOL-03935,8,Ad-Lite,6.43,2,6.8,Yes,Credit Card,5,Web,1,3,Yes,167.46,No
SOL-03936,1,Standard,11.73,2,2.8,No,Credit Card,7,App Store,2,6,Yes,75.87,Yes
SOL-03937,6,Standard,12.83,2,12.2,Yes,Credit Card,3,App Store,1,4,No,135.27,No
SOL-03938,28,Ad-Lite,5.76,1,9.7,No,Credit Card,1,Partner Bundle,1,1,No,133.56,Yes
SOL-03939,24,Standard,13.83,5,9.7,No,Credit Card,2,App Store,3,13,No,276.73,No
SOL-03940,17,Standard,13.02,4,12.8,No,Credit Card,2,App Store,5,10,No,367.34,Yes
SOL-03941,3,Ultra,18.11,4,3.0,No,Credit Card,1,Web,3,20,No,141.26,No
SOL-03942,24,Ad-Lite,5.54,3,7.5,Yes,Gift Card,4,Partner Bundle,3,14,No,134.02,No
SOL-03943,33,Ad-Lite,4.96,2,8.8,No,Mobile Carrier Billing,4,Web,1,18,Yes,167.67,Yes
SOL-03944,19,Ad-Lite,4.68,3,10.0,Yes,Mobile Carrier Billing,0,Partner Bundle,1,6,No,0.0,No
SOL-03945,4,Standard,11.95,3,4.1,No,Credit Card,4,App Store,4,7,No,99.01,No
SOL-03946,21,Ad-Lite,4.88,2,20.5,No,Credit Card,2,Web,3,2,No,400.85,No
SOL-03947,16,Standard,13.54,3,3.4,No,Credit Card,5,Web,2,5,Yes,224.11,Yes
SOL-03948,29,Ad-Lite,5.6,1,4.7,No,Credit Card,5,Partner Bundle,1,24,No,236.61,Yes
SOL-03949,6,Standard,12.85,3,3.9,Yes,Credit Card,8,App Store,3,11,No,280.13,Yes
SOL-03950,4,Ad-Lite,4.21,3,0.7,Yes,Mobile Carrier Billing,1,Web,2,1,No,0.0,Yes
SOL-03951,14,Ad-Lite,5.41,3,18.8,Yes,Mobile Carrier Billing,0,App Store,3,1,Yes,266.22,Yes
SOL-03952,18,Ad-Lite,7.69,3,3.3,Yes,Credit Card,5,Web,2,11,No,200.68,Yes
SOL-03953,16,Ultra,15.89,2,14.7,No,PayPal,6,Web,2,7,Yes,733.22,No
SOL-03954,10,Ultra,18.1,4,23.1,No,Credit Card,2,Web,3,4,Yes,97.92,No
SOL-03955,21,Standard,11.6,3,3.8,No,Credit Card,7,App Store,2,18,No,305.73,Yes
SOL-03956,9,Ad-Lite,6.48,1,11.8,No,PayPal,4,Partner Bundle,2,1,Yes,195.75,No
SOL-03957,0,Ad-Lite,7.08,2,6.9,Yes,Mobile Carrier Billing,3,Web,1,4,Yes,0.0,Yes
SOL-03958,12,Ad-Lite,4.62,1,7.1,Yes,Mobile Carrier Billing,1,App Store,2,4,No,40.17,No
SOL-03959,11,Ultra,14.67,2,6.7,Yes,PayPal,5,App Store,1,11,No,82.94,No
SOL-03960,4,Ad-Lite,6.21,3,4.4,Yes,Credit Card,0,Partner Bundle,2,8,Yes,0.0,Yes
SOL-03961,27,Ad-Lite,5.97,1,13.0,No,Mobile Carrier Billing,4,Partner Bundle,1,13,Yes,276.36,Yes
SOL-03962,4,Standard,10.76,5,7.0,No,Mobile Carrier Billing,3,App Store,4,4,Yes,52.06,No
SOL-03963,23,Ultra,17.15,2,11.3,No,Credit Card,2,Web,3,17,No,309.78,No
SOL-03964,14,Ultra,16.51,1,12.3,Yes,Credit Card,4,Web,2,4,No,321.22,No
SOL-03965,12,Ad-Lite,4.96,2,5.8,Yes,Gift Card,6,Web,1,9,No,1.7,No
SOL-03966,35,Ad-Lite,5.62,4,20.2,No,PayPal,2,Web,1,2,No,101.34,No
SOL-03967,15,Ad-Lite,6.78,4,5.4,Yes,Mobile Carrier Billing,0,Web,1,8,No,24.69,Yes
SOL-03968,12,Standard,9.52,1,7.4,Yes,PayPal,1,Web,1,4,No,111.02,No
SOL-03969,16,Standard,12.08,1,8.5,Yes,Credit Card,5,Web,2,3,No,505.14,Yes
SOL-03970,16,Ad-Lite,5.16,1,1.4,No,Credit Card,4,App Store,3,6,Yes,153.45,Yes
SOL-03971,15,Ultra,17.18,2,7.0,No,PayPal,6,Web,2,20,No,333.05,No
SOL-03972,20,Standard,10.87,4,2.8,Yes,Credit Card,1,App Store,2,13,Yes,273.1,Yes
SOL-03973,23,Standard,11.49,2,11.6,Yes,Gift Card,4,Partner Bundle,1,10,Yes,122.4,Yes
SOL-03974,26,Ad-Lite,6.83,2,5.4,Yes,Mobile Carrier Billing,4,App Store,1,9,Yes,157.73,Yes
SOL-03975,20,Ad-Lite,4.93,3,7.4,Yes,Mobile Carrier Billing,3,App Store,3,7,No,135.87,No
SOL-03976,20,Standard,10.65,1,2.7,No,Mobile Carrier Billing,3,App Store,3,12,No,456.08,No
SOL-03977,14,Ad-Lite,6.68,1,12.9,Yes,Credit Card,4,Web,2,33,No,247.86,No
SOL-03978,13,Ad-Lite,4.76,1,5.0,No,Mobile Carrier Billing,5,App Store,4,10,Yes,75.83,Yes
SOL-03979,15,Ad-Lite,6.0,2,18.2,No,Credit Card,6,Web,3,33,No,205.63,Yes
SOL-03980,17,Standard,11.14,3,2.4,No,PayPal,5,Web,3,11,No,247.6,Yes
SOL-03981,2,Standard,13.2,2,9.5,No,PayPal,4,Partner Bundle,1,8,No,119.97,No
SOL-03982,15,Ad-Lite,5.11,3,5.5,Yes,Mobile Carrier Billing,5,App Store,3,8,No,66.78,No
SOL-03983,14,Standard,12.7,3,10.1,No,Mobile Carrier Billing,5,Web,1,2,Yes,314.97,No
SOL-03984,10,Ad-Lite,4.0,1,10.8,Yes,PayPal,1,App Store,2,7,No,67.69,No
SOL-03985,13,Ad-Lite,5.84,2,3.4,Yes,Credit Card,4,Web,5,3,Yes,187.26,Yes
SOL-03986,8,Ultra,16.43,4,4.8,No,PayPal,2,Web,2,3,No,135.74,No
SOL-03987,6,Ultra,16.14,3,8.1,Yes,Credit Card,4,Partner Bundle,3,17,No,84.68,No
SOL-03988,9,Ultra,18.35,5,5.3,No,Credit Card,2,Web,2,3,No,474.57,Yes
SOL-03989,23,Ad-Lite,7.11,5,11.1,Yes,Credit Card,2,Web,2,3,Yes,209.46,Yes
SOL-03990,9,Ultra,16.87,3,8.1,No,Gift Card,4,Web,3,7,No,248.69,No
SOL-03991,30,Ad-Lite,6.72,1,6.1,Yes,Gift Card,4,Partner Bundle,1,2,No,206.68,Yes
SOL-03992,8,Ad-Lite,5.7,1,4.5,Yes,Credit Card,3,Web,1,6,Yes,9.12,No
SOL-03993,15,Ultra,17.6,3,14.0,No,Mobile Carrier Billing,3,Partner Bundle,2,3,No,657.16,No
SOL-03994,14,Standard,14.58,2,10.2,Yes,Mobile Carrier Billing,1,App Store,2,7,No,165.78,No
SOL-03995,10,Ad-Lite,5.4,4,3.4,Yes,PayPal,5,App Store,2,23,Yes,62.29,Yes
SOL-03996,1,Standard,9.76,1,2.3,No,Credit Card,1,Partner Bundle,2,5,No,0.0,Yes
SOL-03997,27,Standard,11.93,2,2.7,Yes,Credit Card,6,App Store,1,2,No,375.46,No
SOL-03998,39,Ultra,15.89,4,11.5,Yes,PayPal,5,Web,3,4,No,809.55,No
SOL-03999,10,Ad-Lite,6.09,3,11.3,Yes,Mobile Carrier Billing,2,Partner Bundle,2,12,No,130.62,No
SOL-04000,21,Standard,12.49,2,2.4,Yes,PayPal,3,App Store,2,4,No,244.13,No
SOL-04001,42,Standard,13.17,1,2.2,No,Mobile Carrier Billing,0,Web,2,24,No,153.17,Yes
SOL-04002,13,Ad-Lite,6.05,1,11.1,No,Credit Card,5,Web,3,24,Yes,74.54,No
SOL-04003,15,Ultra,14.46,1,1.1,Yes,PayPal,1,Partner Bundle,2,8,No,248.0,No
SOL-04004,8,Ad-Lite,6.81,1,3.8,Yes,Credit Card,5,Web,3,4,No,159.92,Yes
SOL-04005,8,Standard,11.81,2,3.8,No,Credit Card,6,App Store,2,3,No,216.13,No
SOL-04006,11,Standard,11.86,5,4.3,No,Credit Card,3,Partner Bundle,1,5,No,140.41,Yes
SOL-04007,25,Standard,12.66,2,3.4,Yes,PayPal,9,App Store,2,21,Yes,391.7,No
SOL-04008,5,Ultra,16.51,1,4.1,Yes,Credit Card,1,Partner Bundle,2,13,No,6.14,No
SOL-04009,3,Ad-Lite,5.47,1,12.5,Yes,Mobile Carrier Billing,2,App Store,3,7,Yes,0.0,Yes
SOL-04010,1,Standard,11.41,2,1.1,No,Mobile Carrier Billing,5,Web,1,13,Yes,0.0,No
SOL-04011,25,Ultra,15.13,3,10.5,No,Mobile Carrier Billing,4,App Store,3,17,No,610.93,No
SOL-04012,35,Ad-Lite,6.94,1,3.7,Yes,Mobile Carrier Billing,3,Web,1,9,No,110.2,No
SOL-04013,4,Standard,11.28,2,9.3,No,Credit Card,6,Partner Bundle,1,6,No,140.98,Yes
SOL-04014,21,Standard,12.48,3,4.8,No,Credit Card,4,Partner Bundle,2,24,No,272.34,Yes
SOL-04015,13,Standard,11.13,3,13.1,Yes,PayPal,6,App Store,2,4,No,263.4,No
SOL-04016,11,Standard,12.76,3,8.8,No,Credit Card,1,Partner Bundle,3,7,No,21.53,No
SOL-04017,29,Ad-Lite,4.16,2,1.3,No,PayPal,5,Partner Bundle,1,15,Yes,160.95,Yes
SOL-04018,6,Standard,10.5,1,5.1,No,Gift Card,4,App Store,5,3,No,117.16,No
SOL-04019,10,Standard,11.46,4,7.3,Yes,Mobile Carrier Billing,3,Web,2,11,No,249.75,No
SOL-04020,1,Standard,11.6,3,0.4,No,Credit Card,6,App Store,2,19,Yes,0.0,No
SOL-04021,12,Standard,12.96,4,10.2,Yes,PayPal,3,Web,2,1,No,281.73,Yes
SOL-04022,12,Ultra,16.64,2,4.9,No,Gift Card,2,App Store,2,1,Yes,53.74,No
SOL-04023,9,Ad-Lite,7.02,3,2.5,No,Mobile Carrier Billing,1,App Store,1,5,No,192.13,Yes
SOL-04024,14,Ad-Lite,4.36,1,9.6,Yes,Gift Card,2,Web,2,0,No,138.66,Yes
SOL-04025,18,Ad-Lite,6.48,2,12.0,Yes,Gift Card,6,Partner Bundle,2,6,No,194.03,Yes
SOL-04026,14,Standard,12.43,5,13.6,Yes,Mobile Carrier Billing,3,Web,3,9,No,165.0,No
SOL-04027,14,Standard,13.61,1,5.8,Yes,Credit Card,5,App Store,4,5,No,419.18,No
SOL-04028,21,Ad-Lite,6.48,2,7.7,No,Credit Card,4,App Store,3,5,Yes,97.54,Yes
SOL-04029,23,Standard,13.69,3,7.0,No,Credit Card,6,App Store,2,2,No,345.19,Yes
SOL-04030,14,Ad-Lite,6.18,2,13.8,Yes,Gift Card,3,App Store,1,16,No,143.28,No
SOL-04031,18,Ad-Lite,6.33,2,4.4,Yes,Mobile Carrier Billing,1,App Store,1,3,Yes,80.29,No
SOL-04032,17,Ad-Lite,6.13,3,7.4,Yes,Mobile Carrier Billing,9,Partner Bundle,1,6,No,65.53,No
SOL-04033,34,Ultra,18.31,2,1.6,No,PayPal,4,App Store,3,3,No,930.6,No
SOL-04034,12,Standard,13.77,3,7.1,No,Credit Card,5,Web,2,5,Yes,163.07,No
SOL-04035,5,Ad-Lite,6.19,1,3.7,No,PayPal,0,Partner Bundle,1,0,No,69.8,No
SOL-04036,21,Ultra,15.95,2,9.2,Yes,Gift Card,3,Web,2,9,No,258.01,No
SOL-04037,18,Standard,11.93,1,6.5,Yes,Credit Card,2,Web,3,1,Yes,167.63,No
SOL-04038,7,Standard,11.87,3,12.5,No,Credit Card,3,App Store,3,8,No,235.52,Yes
SOL-04039,8,Ad-Lite,5.22,2,3.1,Yes,PayPal,4,Partner Bundle,2,26,No,42.87,Yes
SOL-04040,4,Ad-Lite,7.04,2,19.0,No,PayPal,3,Web,2,6,No,95.1,Yes
SOL-04041,3,Ad-Lite,7.13,5,6.5,Yes,Mobile Carrier Billing,4,App Store,2,5,No,82.75,Yes
SOL-04042,5,Ad-Lite,5.81,2,15.3,No,PayPal,6,App Store,4,0,No,0.0,No
SOL-04043,17,Standard,10.64,1,9.0,Yes,PayPal,0,App Store,3,5,No,81.82,No
SOL-04044,30,Ad-Lite,6.25,4,7.6,Yes,Credit Card,2,App Store,2,21,No,259.53,Yes
SOL-04045,6,Standard,11.31,1,5.1,Yes,Credit Card,5,Web,1,6,No,205.98,No
SOL-04046,7,Standard,10.99,1,7.5,Yes,Credit Card,6,App Store,2,4,No,270.73,Yes
SOL-04047,28,Standard,10.39,1,6.9,Yes,Credit Card,3,App Store,2,20,No,316.7,Yes
SOL-04048,3,Ad-Lite,6.69,2,3.0,Yes,Credit Card,2,App Store,1,4,No,0.0,No
SOL-04049,3,Ultra,18.98,3,4.7,No,Credit Card,0,App Store,1,9,No,0.0,Yes
SOL-04050,15,Ad-Lite,6.88,1,9.6,No,Credit Card,2,App Store,3,13,No,31.76,Yes
SOL-04051,4,Standard,12.2,4,5.6,Yes,PayPal,7,Web,2,6,No,159.96,Yes
SOL-04052,8,Ad-Lite,6.09,3,1.4,Yes,Credit Card,4,Web,3,31,Yes,48.73,Yes
SOL-04053,35,Ad-Lite,5.67,2,5.2,No,PayPal,5,Web,1,7,Yes,195.1,No
SOL-04054,26,Standard,14.2,3,2.7,No,Credit Card,2,Partner Bundle,2,1,No,547.49,No
SOL-04055,15,Standard,13.28,1,10.1,Yes,Mobile Carrier Billing,0,Web,4,6,No,144.48,No
SOL-04056,6,Ad-Lite,4.82,1,7.2,Yes,Mobile Carrier Billing,7,App Store,2,2,Yes,81.55,Yes
SOL-04057,21,Ad-Lite,5.09,3,3.7,Yes,PayPal,4,App Store,2,6,No,166.4,No
SOL-04058,23,Standard,13.12,3,3.0,No,PayPal,4,App Store,5,18,Yes,766.59,No
SOL-04059,25,Ad-Lite,7.16,3,2.6,Yes,Credit Card,2,App Store,1,12,No,273.43,No
SOL-04060,17,Ultra,17.3,1,9.7,Yes,PayPal,0,Partner Bundle,1,12,No,342.17,No
SOL-04061,2,Standard,10.54,3,4.1,Yes,Credit Card,5,App Store,4,16,No,104.04,No
SOL-04062,10,Ad-Lite,8.0,1,9.9,Yes,PayPal,2,App Store,1,21,No,0.0,Yes
SOL-04063,12,Ad-Lite,7.39,2,9.0,No,Mobile Carrier Billing,5,App Store,1,7,No,38.02,No
SOL-04064,5,Standard,13.94,3,4.0,No,Credit Card,2,Web,3,2,No,49.36,No
SOL-04065,7,Ad-Lite,5.61,1,11.4,Yes,Credit Card,4,Web,3,12,No,0.0,No
SOL-04066,9,Ad-Lite,5.78,1,0.7,No,Credit Card,4,Web,1,11,No,19.08,No
SOL-04067,25,Standard,10.13,1,18.2,No,Credit Card,5,Partner Bundle,1,10,No,242.41,No
SOL-04068,6,Ultra,20.17,2,14.0,No,Credit Card,3,Partner Bundle,1,8,No,174.64,No
SOL-04069,21,Ultra,17.08,4,2.6,Yes,Mobile Carrier Billing,3,Web,1,4,No,584.2,No
SOL-04070,22,Ad-Lite,5.06,2,3.8,Yes,Credit Card,3,Partner Bundle,3,4,Yes,137.42,No
SOL-04071,8,Ad-Lite,4.17,1,6.5,Yes,Credit Card,0,Web,2,10,No,37.3,Yes
SOL-04072,17,Ultra,17.67,2,3.6,Yes,Credit Card,4,App Store,2,30,No,365.26,No
SOL-04073,17,Ad-Lite,7.26,3,4.3,Yes,PayPal,1,Partner Bundle,3,18,No,295.86,Yes
SOL-04074,6,Ad-Lite,6.51,3,5.2,No,PayPal,2,Partner Bundle,2,16,No,114.91,Yes
SOL-04075,15,Ad-Lite,5.79,1,2.9,No,PayPal,3,App Store,2,2,No,0.0,Yes
SOL-04076,24,Standard,11.01,2,5.5,Yes,Credit Card,3,Partner Bundle,1,5,No,329.78,No
SOL-04077,20,Ad-Lite,4.76,1,1.8,No,PayPal,0,Partner Bundle,1,31,No,12.28,No
SOL-04078,3,Ultra,14.0,3,3.5,Yes,Mobile Carrier Billing,5,Partner Bundle,2,6,No,0.0,No
SOL-04079,6,Standard,10.49,3,6.0,Yes,Mobile Carrier Billing,4,Web,1,2,No,102.34,No
SOL-04080,6,Standard,13.63,5,3.5,Yes,Credit Card,2,App Store,4,4,No,0.0,No
SOL-04081,19,Ad-Lite,5.83,2,4.9,Yes,Mobile Carrier Billing,3,Web,1,0,No,89.4,No
SOL-04082,4,Standard,13.02,5,5.9,No,Credit Card,8,Web,2,9,No,104.54,Yes
SOL-04083,7,Standard,11.26,2,0.6,No,Mobile Carrier Billing,4,Web,2,8,No,118.97,No
SOL-04084,7,Ad-Lite,5.93,1,5.3,Yes,PayPal,0,Web,2,7,No,0.0,Yes
SOL-04085,35,Ultra,16.01,4,2.8,No,PayPal,2,Web,2,4,No,829.51,No
SOL-04086,7,Ultra,16.34,2,8.7,Yes,Mobile Carrier Billing,2,App Store,1,3,No,22.05,No
SOL-04087,11,Ad-Lite,5.22,2,4.3,Yes,Credit Card,4,App Store,2,5,No,63.0,No
SOL-04088,5,Ad-Lite,6.63,3,5.7,No,Mobile Carrier Billing,2,App Store,1,10,Yes,0.0,No
SOL-04089,13,Ad-Lite,7.19,2,11.4,Yes,PayPal,2,Web,2,21,No,183.05,Yes
SOL-04090,9,Standard,13.24,4,6.3,No,Credit Card,7,Web,1,12,No,96.78,No
SOL-04091,8,Standard,11.58,3,11.4,Yes,Mobile Carrier Billing,4,App Store,2,13,No,220.24,No
SOL-04092,32,Standard,11.29,2,6.8,Yes,Mobile Carrier Billing,1,Web,3,15,No,274.29,No
SOL-04093,8,Ultra,19.36,3,4.1,No,Mobile Carrier Billing,1,Web,2,13,No,339.21,No
SOL-04094,19,Ad-Lite,5.46,1,8.8,Yes,PayPal,3,Web,3,5,No,169.68,No
SOL-04095,14,Ultra,15.9,3,4.5,Yes,Gift Card,6,Web,2,2,No,207.21,No
SOL-04096,8,Ultra,18.66,1,7.1,No,Mobile Carrier Billing,5,App Store,2,7,No,279.06,No
SOL-04097,5,Ad-Lite,6.25,1,6.6,Yes,PayPal,4,Web,3,7,Yes,73.73,Yes
SOL-04098,25,Ad-Lite,6.59,3,4.9,Yes,PayPal,3,App Store,2,9,No,155.21,No
SOL-04099,16,Ultra,18.91,3,4.3,No,PayPal,3,Partner Bundle,3,11,No,481.46,No
SOL-04100,14,Ad-Lite,4.48,2,2.3,No,PayPal,4,App Store,3,6,No,188.42,Yes
SOL-04101,18,Ad-Lite,4.72,3,13.5,No,PayPal,6,Web,1,7,No,106.74,Yes
SOL-04102,18,Standard,12.6,2,3.1,No,Mobile Carrier Billing,2,App Store,2,10,No,343.03,No
SOL-04103,26,Ultra,15.54,2,3.4,Yes,Credit Card,1,Partner Bundle,1,2,Yes,494.51,No
SOL-04104,22,Ad-Lite,7.02,3,16.7,Yes,Gift Card,5,Partner Bundle,2,7,Yes,179.26,Yes
SOL-04105,12,Ultra,17.86,3,17.6,Yes,Credit Card,3,Web,4,3,Yes,308.66,No
SOL-04106,35,Standard,9.58,2,16.0,Yes,Gift Card,1,App Store,5,6,No,344.77,Yes
SOL-04107,7,Ultra,17.04,4,3.5,Yes,Credit Card,2,Web,2,14,No,30.27,No
SOL-04108,28,Ad-Lite,5.7,3,8.0,Yes,Credit Card,3,Partner Bundle,1,30,Yes,425.04,No
SOL-04109,2,Standard,12.41,4,4.1,Yes,Credit Card,4,App Store,1,11,No,53.35,No
SOL-04110,20,Standard,11.45,3,7.7,Yes,Mobile Carrier Billing,3,Web,2,6,No,175.51,No
SOL-04111,5,Ad-Lite,6.85,4,3.9,Yes,Credit Card,3,Partner Bundle,1,7,No,29.3,No
SOL-04112,25,Ad-Lite,6.97,2,2.5,No,Mobile Carrier Billing,3,App Store,3,12,No,231.42,No
SOL-04113,5,Ultra,17.85,2,12.7,No,Credit Card,1,App Store,3,19,No,159.03,No
SOL-04114,12,Ad-Lite,6.35,2,17.9,No,Mobile Carrier Billing,7,App Store,3,14,No,77.23,No
SOL-04115,11,Ultra,17.15,2,5.4,Yes,Mobile Carrier Billing,3,Partner Bundle,2,2,No,467.44,No
SOL-04116,12,Standard,11.88,2,13.8,Yes,Credit Card,7,App Store,4,13,No,110.65,Yes
SOL-04117,2,Ad-Lite,5.55,4,3.1,No,Mobile Carrier Billing,3,Partner Bundle,2,2,No,78.17,Yes
SOL-04118,22,Standard,12.7,5,6.0,Yes,Credit Card,3,Partner Bundle,3,3,No,353.6,No
SOL-04119,8,Ad-Lite,6.67,3,3.3,Yes,PayPal,5,Web,3,13,Yes,79.63,Yes
SOL-04120,12,Standard,12.24,2,5.0,No,Credit Card,5,App Store,4,6,No,129.5,No
SOL-04121,22,Ad-Lite,7.75,4,6.8,No,Credit Card,2,Web,2,4,No,98.08,Yes
SOL-04122,15,Ad-Lite,7.19,1,4.5,Yes,Credit Card,5,Web,1,7,No,98.38,Yes
SOL-04123,30,Ultra,16.49,1,7.5,Yes,Mobile Carrier Billing,3,Web,1,8,No,634.43,No
SOL-04124,7,Ad-Lite,5.56,2,7.0,No,Mobile Carrier Billing,6,App Store,5,4,Yes,91.46,No
SOL-04125,5,Standard,11.33,2,5.5,Yes,Credit Card,7,Web,1,4,No,0.0,Yes
SOL-04126,26,Standard,11.87,2,9.6,Yes,PayPal,3,Web,1,11,No,413.56,No
SOL-04127,7,Standard,11.69,4,4.1,Yes,Credit Card,6,App Store,2,4,No,0.0,Yes
SOL-04128,6,Ad-Lite,4.76,1,9.2,Yes,Mobile Carrier Billing,1,App Store,2,2,Yes,51.14,No
SOL-04129,13,Ad-Lite,6.63,2,6.5,No,Credit Card,3,App Store,3,9,No,165.48,No
SOL-04130,0,Ultra,15.38,2,3.0,Yes,Credit Card,8,App Store,1,39,No,18.3,No
SOL-04131,21,Ultra,18.35,1,3.6,Yes,Credit Card,5,Web,1,18,No,741.14,No
SOL-04132,12,Standard,11.36,5,15.9,Yes,Mobile Carrier Billing,2,Web,4,16,No,215.72,Yes
SOL-04133,35,Ultra,15.15,2,3.0,No,Credit Card,0,App Store,3,14,Yes,739.19,No
SOL-04134,2,Ad-Lite,6.7,2,1.9,Yes,Mobile Carrier Billing,3,App Store,5,11,Yes,83.77,No
SOL-04135,8,Standard,10.28,2,2.0,No,Credit Card,2,Partner Bundle,2,3,No,67.61,No
SOL-04136,12,Ultra,18.29,1,1.8,No,Mobile Carrier Billing,3,App Store,3,23,No,109.54,No
SOL-04137,31,Ad-Lite,5.36,4,2.9,No,Gift Card,3,Web,1,10,No,154.27,No
SOL-04138,17,Ad-Lite,6.75,2,8.0,Yes,PayPal,3,Partner Bundle,3,4,No,140.57,No
SOL-04139,17,Ultra,16.23,4,6.1,Yes,Credit Card,3,App Store,1,12,No,208.93,Yes
SOL-04140,26,Ultra,19.13,2,2.1,No,Credit Card,1,Partner Bundle,1,12,No,250.53,Yes
SOL-04141,17,Ad-Lite,5.6,2,6.0,Yes,PayPal,8,App Store,2,2,No,0.0,Yes
SOL-04142,25,Ad-Lite,5.45,2,25.1,Yes,Gift Card,0,Web,3,17,Yes,121.53,No
SOL-04143,10,Ad-Lite,6.22,1,12.1,Yes,Credit Card,4,Partner Bundle,1,1,No,176.1,No
SOL-04144,6,Standard,12.35,1,10.2,Yes,Credit Card,3,Web,2,15,No,0.0,No
SOL-04145,18,Ad-Lite,5.1,2,1.2,Yes,PayPal,2,Web,2,2,No,75.45,Yes
SOL-04146,16,Standard,13.52,3,3.9,Yes,Mobile Carrier Billing,0,Partner Bundle,2,17,No,176.36,Yes
SOL-04147,10,Standard,13.68,3,5.5,Yes,Credit Card,6,App Store,1,1,No,252.96,Yes
SOL-04148,5,Ad-Lite,5.74,3,1.5,Yes,Credit Card,3,App Store,1,11,No,0.0,Yes
SOL-04149,4,Standard,12.11,4,6.8,Yes,Credit Card,0,Web,3,7,No,11.03,Yes
SOL-04150,16,Ad-Lite,5.65,5,1.3,No,Credit Card,3,Partner Bundle,2,3,No,86.57,Yes
SOL-04151,23,Ultra,18.42,1,11.6,Yes,Mobile Carrier Billing,4,Web,3,6,No,1076.57,No
SOL-04152,20,Standard,11.51,2,8.0,No,PayPal,3,Web,2,8,No,241.02,Yes
SOL-04153,18,Standard,9.95,4,6.1,Yes,Credit Card,4,Web,3,4,No,206.98,No
SOL-04154,4,Standard,9.1,2,19.3,No,Credit Card,3,Web,2,2,No,71.04,No
SOL-04155,18,Ultra,18.28,1,4.6,No,Gift Card,7,App Store,3,16,No,380.2,No
SOL-04156,13,Ad-Lite,6.4,2,12.5,Yes,Mobile Carrier Billing,2,Partner Bundle,1,2,No,94.39,No
SOL-04157,13,Standard,13.49,3,6.3,Yes,PayPal,4,App Store,4,6,No,251.85,Yes
SOL-04158,9,Ad-Lite,5.49,3,7.2,Yes,Credit Card,3,Partner Bundle,2,6,No,33.28,No
SOL-04159,6,Standard,12.92,2,7.3,Yes,Credit Card,2,App Store,1,5,Yes,80.66,No
SOL-04160,2,Ad-Lite,5.36,1,3.4,No,Gift Card,4,App Store,1,27,Yes,0.0,Yes
SOL-04161,4,Standard,9.37,3,5.4,No,Mobile Carrier Billing,1,Web,2,14,No,0.0,No
SOL-04162,12,Standard,11.33,1,10.6,Yes,Credit Card,1,App Store,1,12,No,189.94,No
SOL-04163,23,Ad-Lite,5.19,1,27.7,Yes,Mobile Carrier Billing,5,App Store,2,17,No,76.82,Yes
SOL-04164,7,Standard,9.93,1,7.0,Yes,PayPal,2,App Store,2,8,No,94.15,No
SOL-04165,30,Ad-Lite,6.85,5,9.2,Yes,Credit Card,0,Web,1,21,No,327.74,No
SOL-04166,22,Ad-Lite,5.14,5,4.3,Yes,Credit Card,3,Web,3,28,No,37.55,No
SOL-04167,8,Ad-Lite,6.56,3,13.6,Yes,Mobile Carrier Billing,8,Web,2,10,No,52.38,No
SOL-04168,27,Ad-Lite,6.01,2,4.5,No,Gift Card,4,Web,3,5,Yes,311.49,No
SOL-04169,15,Standard,12.55,1,2.0,No,Mobile Carrier Billing,7,Web,2,16,No,152.98,No
SOL-04170,16,Ad-Lite,6.04,1,10.5,No,Mobile Carrier Billing,2,Web,1,5,No,59.63,Yes
SOL-04171,19,Ad-Lite,5.37,3,8.8,Yes,Mobile Carrier Billing,1,Partner Bundle,2,4,No,363.94,Yes
SOL-04172,7,Ad-Lite,5.85,4,2.9,Yes,PayPal,2,Web,1,9,Yes,127.62,No
SOL-04173,13,Ultra,17.11,2,10.6,Yes,Mobile Carrier Billing,3,Partner Bundle,2,25,No,226.13,No
SOL-04174,3,Ad-Lite,5.5,1,9.0,Yes,Credit Card,3,Web,2,13,No,0.0,No
SOL-04175,14,Ultra,17.84,2,9.3,Yes,PayPal,4,App Store,4,3,No,241.92,No
SOL-04176,5,Standard,12.45,1,5.4,Yes,Credit Card,3,Web,4,13,No,52.28,Yes
SOL-04177,16,Ad-Lite,7.05,5,8.8,No,PayPal,4,Web,3,6,No,238.05,Yes
SOL-04178,31,Ultra,17.11,2,4.9,Yes,Credit Card,3,App Store,2,5,No,477.37,Yes
SOL-04179,12,Ultra,17.0,4,11.2,No,Credit Card,3,Web,4,2,Yes,218.82,No
SOL-04180,27,Ultra,18.52,2,13.6,Yes,Credit Card,0,Web,3,8,Yes,178.38,No
SOL-04181,14,Ad-Lite,6.06,4,13.6,No,Credit Card,3,Partner Bundle,1,8,No,104.29,Yes
SOL-04182,42,Ad-Lite,5.96,2,4.0,Yes,Gift Card,7,Web,2,17,Yes,263.03,Yes
SOL-04183,33,Standard,12.81,2,20.9,Yes,PayPal,2,Web,2,9,No,692.5,No
SOL-04184,10,Ad-Lite,6.28,2,3.9,Yes,PayPal,3,Web,1,1,No,0.0,No
SOL-04185,12,Ultra,17.1,4,3.0,No,Credit Card,3,Web,1,11,Yes,368.82,No
SOL-04186,17,Ad-Lite,6.78,2,3.7,No,PayPal,5,Web,3,3,No,118.13,Yes
SOL-04187,1,Standard,12.62,4,14.6,No,PayPal,2,App Store,2,2,No,0.0,Yes
SOL-04188,17,Ad-Lite,6.27,2,5.3,Yes,PayPal,4,Web,2,7,No,218.33,Yes
SOL-04189,5,Ad-Lite,6.25,1,7.8,Yes,Mobile Carrier Billing,7,App Store,2,3,No,14.84,No
SOL-04190,1,Standard,9.94,3,11.1,Yes,PayPal,2,App Store,2,16,No,0.0,Yes
SOL-04191,9,Standard,11.37,2,16.0,No,Credit Card,2,Partner Bundle,2,7,No,64.26,No
SOL-04192,13,Standard,12.71,3,7.5,Yes,PayPal,2,App Store,5,5,No,199.19,No
SOL-04193,14,Ad-Lite,6.09,3,3.2,Yes,Mobile Carrier Billing,4,App Store,2,13,No,22.17,Yes
SOL-04194,3,Standard,11.56,2,5.1,Yes,Credit Card,6,App Store,3,2,No,13.32,No
SOL-04195,20,Ultra,17.29,1,3.8,Yes,Credit Card,5,App Store,1,12,No,385.51,Yes
SOL-04196,33,Ad-Lite,6.47,5,10.0,Yes,Credit Card,3,Web,1,2,No,375.56,No
SOL-04197,11,Ultra,19.28,3,5.9,No,Mobile Carrier Billing,2,Web,3,4,No,189.94,No
SOL-04198,10,Ultra,19.29,2,2.5,Yes,Credit Card,1,Partner Bundle,1,16,No,194.29,No
SOL-04199,10,Standard,11.49,2,8.6,Yes,Gift Card,4,Web,2,20,No,47.87,Yes
SOL-04200,13,Ad-Lite,4.86,3,4.8,No,Mobile Carrier Billing,0,App Store,2,3,No,122.92,Yes
SOL-04201,13,Standard,12.31,2,9.4,No,Mobile Carrier Billing,4,App Store,2,2,No,45.56,No
SOL-04202,37,Standard,12.5,3,5.8,No,Credit Card,1,Web,1,1,No,412.4,No
SOL-04203,46,Standard,11.5,3,9.4,No,PayPal,1,App Store,1,20,Yes,257.98,Yes
SOL-04204,6,Standard,13.03,4,5.2,Yes,Credit Card,3,App Store,2,2,No,114.45,Yes
SOL-04205,10,Standard,12.52,2,7.3,No,PayPal,2,App Store,1,8,No,122.15,No
SOL-04206,12,Standard,12.27,1,9.3,No,Credit Card,3,App Store,2,6,No,179.79,Yes
SOL-04207,13,Standard,12.67,1,6.5,Yes,Gift Card,3,Web,1,2,Yes,480.37,No
SOL-04208,6,Ad-Lite,5.83,2,12.6,No,Credit Card,5,App Store,3,6,Yes,3.86,Yes
SOL-04209,3,Ad-Lite,5.96,2,4.8,Yes,Credit Card,5,Web,2,4,No,0.0,Yes
SOL-04210,21,Ultra,14.49,2,2.9,No,Credit Card,3,Partner Bundle,3,6,No,331.54,Yes
SOL-04211,7,Ultra,13.53,1,16.1,No,Mobile Carrier Billing,4,Partner Bundle,3,17,No,56.19,No
SOL-04212,11,Standard,11.47,5,6.4,No,Gift Card,3,App Store,1,5,No,127.95,Yes
SOL-04213,5,Ad-Lite,5.78,2,15.2,Yes,PayPal,4,App Store,2,6,No,30.7,Yes
SOL-04214,14,Ultra,18.49,1,5.9,Yes,Credit Card,2,Web,2,13,No,117.35,No
SOL-04215,16,Ad-Lite,5.84,4,2.3,No,Mobile Carrier Billing,4,Web,5,2,Yes,51.19,No
SOL-04216,10,Ad-Lite,7.27,2,6.8,Yes,Mobile Carrier Billing,5,Web,1,10,Yes,154.54,No
SOL-04217,17,Ad-Lite,6.33,3,10.5,No,PayPal,3,App Store,4,3,Yes,194.09,Yes
SOL-04218,8,Ad-Lite,5.09,2,2.8,No,PayPal,4,App Store,2,12,Yes,40.9,Yes
SOL-04219,18,Ad-Lite,4.92,3,6.0,No,Mobile Carrier Billing,7,Partner Bundle,2,11,No,135.32,Yes
SOL-04220,10,Ad-Lite,6.87,5,11.2,Yes,Credit Card,7,App Store,2,10,No,75.1,Yes
SOL-04221,31,Standard,11.6,2,6.6,No,PayPal,1,App Store,3,11,No,652.07,No
SOL-04222,17,Standard,11.07,2,4.0,Yes,Credit Card,3,App Store,1,3,No,259.38,No
SOL-04223,31,Standard,12.04,3,6.6,No,Credit Card,4,App Store,1,7,Yes,232.37,Yes
SOL-04224,18,Standard,10.42,2,4.4,No,PayPal,4,App Store,3,3,No,199.66,Yes
SOL-04225,10,Standard,12.3,1,5.0,Yes,PayPal,2,Web,2,12,No,131.45,Yes
SOL-04226,20,Ultra,18.76,3,10.5,No,PayPal,1,Partner Bundle,2,11,No,264.26,No
SOL-04227,13,Ad-Lite,5.31,5,13.2,Yes,Credit Card,8,Partner Bundle,1,6,Yes,136.53,Yes
SOL-04228,10,Ad-Lite,5.79,2,5.8,No,Credit Card,6,Web,2,18,Yes,148.42,Yes
SOL-04229,12,Ultra,16.28,2,5.1,Yes,Credit Card,1,Partner Bundle,5,6,No,288.15,No
SOL-04230,6,Standard,11.76,4,3.8,Yes,Mobile Carrier Billing,6,Partner Bundle,3,5,No,94.17,Yes
SOL-04231,5,Ultra,18.96,1,10.2,Yes,Credit Card,4,Web,2,17,Yes,99.33,Yes
SOL-04232,20,Ad-Lite,5.56,2,4.9,Yes,Credit Card,1,App Store,2,10,No,172.07,No
SOL-04233,4,Standard,12.25,2,3.6,No,Gift Card,4,App Store,3,10,Yes,74.95,Yes
SOL-04234,24,Ad-Lite,6.16,3,5.0,No,PayPal,3,App Store,2,8,No,216.67,Yes
SOL-04235,23,Standard,11.06,3,4.2,Yes,Credit Card,3,App Store,1,17,No,227.55,No
SOL-04236,21,Standard,12.63,1,8.9,No,Gift Card,6,Partner Bundle,2,9,Yes,240.67,No
SOL-04237,7,Standard,11.71,1,14.7,No,Mobile Carrier Billing,3,App Store,2,13,No,27.18,Yes
SOL-04238,6,Ad-Lite,5.43,2,5.1,Yes,Mobile Carrier Billing,3,App Store,2,3,No,0.0,Yes
SOL-04239,14,Ultra,16.05,4,6.7,Yes,Credit Card,5,App Store,3,12,No,342.61,No
SOL-04240,31,Ad-Lite,5.86,2,15.2,Yes,Mobile Carrier Billing,7,App Store,1,7,No,199.32,No
SOL-04241,21,Ultra,16.37,3,15.7,Yes,Mobile Carrier Billing,3,App Store,3,9,No,244.16,No
SOL-04242,46,Ad-Lite,5.67,1,12.6,Yes,Gift Card,5,Web,4,10,No,404.11,Yes
SOL-04243,17,Standard,12.31,1,9.0,Yes,PayPal,3,Partner Bundle,2,7,No,195.8,Yes
SOL-04244,6,Ultra,19.11,2,5.2,No,Credit Card,4,Partner Bundle,4,3,No,144.74,No
SOL-04245,15,Ad-Lite,6.84,1,4.8,Yes,Mobile Carrier Billing,3,Web,3,14,No,16.15,Yes
SOL-04246,29,Standard,13.57,1,5.2,No,Credit Card,2,Web,3,4,Yes,253.33,No
SOL-04247,8,Ultra,15.83,1,8.9,Yes,Credit Card,3,App Store,1,16,No,216.23,No
SOL-04248,16,Ad-Lite,5.7,2,1.6,Yes,Credit Card,5,Partner Bundle,2,13,No,36.26,No
SOL-04249,23,Ad-Lite,6.13,1,8.2,No,Credit Card,8,Partner Bundle,2,12,No,269.24,Yes
SOL-04250,8,Standard,13.92,4,11.8,Yes,Credit Card,4,Web,1,3,No,133.16,No
SOL-04251,9,Standard,10.91,1,4.6,Yes,PayPal,3,App Store,5,6,Yes,327.21,Yes
SOL-04252,16,Standard,11.91,2,8.1,Yes,PayPal,4,App Store,1,7,No,141.52,No
SOL-04253,23,Standard,12.14,1,7.7,Yes,PayPal,2,App Store,3,0,No,1449.99,No
SOL-04254,24,Ad-Lite,4.66,1,10.4,Yes,Credit Card,5,Partner Bundle,2,10,Yes,97.24,Yes
SOL-04255,7,Ad-Lite,5.55,4,4.9,Yes,Mobile Carrier Billing,5,Web,2,20,No,96.52,Yes
SOL-04256,18,Ad-Lite,6.08,2,0.9,No,Credit Card,1,Partner Bundle,3,3,No,78.9,Yes
SOL-04257,7,Ad-Lite,5.17,2,1.6,Yes,PayPal,5,Web,2,1,No,89.34,No
SOL-04258,13,Ad-Lite,4.27,5,7.1,Yes,Gift Card,5,Web,4,29,No,41.37,Yes
SOL-04259,14,Ultra,16.68,3,4.9,No,PayPal,2,App Store,2,8,No,222.15,Yes
SOL-04260,15,Standard,12.29,3,6.9,Yes,PayPal,2,App Store,2,2,No,191.26,No
SOL-04261,5,Ad-Lite,5.66,3,12.3,Yes,Credit Card,2,Partner Bundle,2,13,No,90.02,Yes
SOL-04262,0,Ad-Lite,6.86,2,6.6,Yes,PayPal,5,Web,1,9,No,41.39,Yes
SOL-04263,21,Standard,10.66,2,7.4,Yes,Mobile Carrier Billing,8,App Store,2,11,Yes,315.01,Yes
SOL-04264,11,Ultra,16.96,5,5.7,Yes,Credit Card,1,Partner Bundle,3,5,No,318.51,No
SOL-04265,31,Ad-Lite,6.15,1,8.3,Yes,Credit Card,3,App Store,1,10,No,176.02,No
SOL-04266,3,Standard,12.41,4,1.2,No,Mobile Carrier Billing,3,App Store,2,4,No,0.0,No
SOL-04267,4,Standard,11.56,4,10.6,Yes,Gift Card,2,Web,1,5,Yes,53.1,Yes
SOL-04268,30,Ultra,18.37,4,7.1,Yes,Credit Card,4,Web,2,2,Yes,738.75,No
SOL-04269,3,Standard,12.48,2,9.2,Yes,Mobile Carrier Billing,1,App Store,2,10,No,122.73,Yes
SOL-04270,24,Ad-Lite,5.49,4,11.6,Yes,Mobile Carrier Billing,2,App Store,4,18,No,74.8,Yes
SOL-04271,4,Standard,10.7,1,7.4,Yes,PayPal,5,App Store,2,5,No,0.0,No
SOL-04272,10,Ultra,15.68,2,5.2,Yes,Credit Card,2,App Store,3,3,Yes,156.77,No
SOL-04273,29,Standard,13.65,1,8.3,Yes,Credit Card,2,App Store,1,33,No,542.38,No
SOL-04274,8,Ad-Lite,4.89,4,19.7,Yes,Mobile Carrier Billing,5,App Store,1,6,No,0.0,Yes
SOL-04275,24,Standard,12.82,3,8.4,Yes,PayPal,1,Web,2,18,No,419.59,No
SOL-04276,4,Standard,11.86,3,3.2,Yes,Mobile Carrier Billing,2,App Store,2,3,No,66.25,No
SOL-04277,9,Ad-Lite,5.42,2,8.4,No,PayPal,3,App Store,2,6,No,141.42,No
SOL-04278,20,Standard,12.77,2,12.2,Yes,Credit Card,1,App Store,1,14,No,260.64,No
SOL-04279,3,Ad-Lite,6.58,2,2.7,Yes,PayPal,2,Web,2,7,Yes,22.56,Yes
SOL-04280,5,Standard,12.34,1,9.1,Yes,PayPal,5,Web,1,12,No,103.84,No
SOL-04281,5,Ad-Lite,6.58,2,9.0,Yes,Mobile Carrier Billing,6,Partner Bundle,2,6,No,31.51,No
SOL-04282,6,Standard,11.75,1,6.0,No,Mobile Carrier Billing,1,App Store,2,4,No,267.96,No
SOL-04283,18,Ad-Lite,5.96,1,6.6,Yes,PayPal,3,Partner Bundle,4,4,Yes,97.25,Yes
SOL-04284,3,Ad-Lite,5.22,5,4.7,Yes,PayPal,2,App Store,1,2,Yes,79.33,Yes
SOL-04285,18,Standard,11.52,2,13.3,No,Credit Card,2,Web,5,6,No,0.0,Yes
SOL-04286,34,Ad-Lite,5.55,1,14.4,No,Mobile Carrier Billing,1,Web,1,4,No,256.79,Yes
SOL-04287,19,Ultra,15.56,2,4.1,No,Credit Card,4,Web,2,29,No,171.57,No
SOL-04288,12,Ad-Lite,5.68,4,14.6,Yes,Credit Card,2,Partner Bundle,1,8,No,82.48,Yes
SOL-04289,11,Standard,11.67,3,1.2,No,PayPal,2,App Store,2,17,No,205.53,No
SOL-04290,25,Standard,12.93,4,9.0,No,Mobile Carrier Billing,0,Partner Bundle,1,13,Yes,202.19,No
SOL-04291,19,Ad-Lite,4.83,2,1.8,Yes,Credit Card,3,App Store,3,2,Yes,188.63,Yes
SOL-04292,13,Ad-Lite,6.11,5,3.3,Yes,PayPal,1,App Store,1,7,No,0.0,Yes
SOL-04293,34,Ad-Lite,5.74,2,1.8,No,PayPal,4,Partner Bundle,3,18,No,177.59,No
SOL-04294,12,Ultra,16.42,3,0.4,Yes,Credit Card,2,Web,5,7,No,120.4,Yes
SOL-04295,3,Ad-Lite,7.61,4,11.2,No,Gift Card,1,App Store,1,9,No,34.54,Yes
SOL-04296,15,Ad-Lite,6.13,2,11.7,No,PayPal,4,Web,2,17,Yes,46.8,Yes
SOL-04297,39,Standard,13.57,2,7.8,No,Credit Card,4,Partner Bundle,2,19,No,1082.99,Yes
SOL-04298,27,Ad-Lite,5.49,1,7.8,Yes,Mobile Carrier Billing,4,App Store,4,10,Yes,171.56,No
SOL-04299,25,Ad-Lite,6.58,2,27.9,Yes,PayPal,3,Partner Bundle,1,4,No,172.42,No
SOL-04300,12,Standard,10.93,4,1.8,No,PayPal,3,App Store,1,24,Yes,85.62,No
SOL-04301,22,Ultra,16.47,2,20.0,Yes,PayPal,5,Partner Bundle,2,5,No,433.91,No
SOL-04302,7,Ad-Lite,6.14,3,7.1,No,PayPal,5,Partner Bundle,1,8,No,152.8,Yes
SOL-04303,9,Ad-Lite,4.59,2,4.8,No,Credit Card,5,App Store,1,6,Yes,19.54,No
SOL-04304,17,Ultra,17.48,4,13.3,No,PayPal,4,Web,4,14,No,438.41,No
SOL-04305,14,Standard,10.09,5,16.1,Yes,Credit Card,6,Web,3,4,Yes,259.87,No
SOL-04306,18,Ad-Lite,6.42,2,5.2,No,Credit Card,4,Web,2,11,No,182.25,Yes
SOL-04307,16,Standard,13.35,1,4.0,Yes,Credit Card,6,App Store,2,2,No,411.74,No
SOL-04308,17,Ad-Lite,6.01,3,10.1,Yes,PayPal,5,Partner Bundle,4,11,No,69.29,Yes
SOL-04309,22,Standard,11.67,3,10.8,Yes,Credit Card,1,Web,3,4,No,358.18,No
SOL-04310,36,Standard,11.8,5,9.5,No,Mobile Carrier Billing,3,App Store,4,21,Yes,467.94,No
SOL-04311,31,Standard,10.23,2,2.0,Yes,Gift Card,3,Partner Bundle,2,7,No,140.99,Yes
SOL-04312,18,Ad-Lite,5.81,3,7.2,Yes,Credit Card,3,Web,3,25,No,82.01,No
SOL-04313,14,Standard,12.3,2,4.8,Yes,Mobile Carrier Billing,5,Web,3,4,No,193.24,No
SOL-04314,13,Standard,9.93,3,3.8,Yes,Credit Card,4,Web,1,2,No,151.4,No
SOL-04315,3,Ad-Lite,5.73,5,12.7,No,PayPal,3,Web,2,13,No,0.0,No
SOL-04316,22,Ultra,15.67,2,3.6,Yes,Credit Card,3,Web,2,14,No,129.12,No
SOL-04317,19,Ultra,17.03,3,11.3,Yes,Mobile Carrier Billing,4,Web,3,8,No,353.21,No
SOL-04318,6,Ultra,16.32,1,5.4,Yes,PayPal,2,Web,3,1,No,104.95,No
SOL-04319,6,Standard,13.7,1,13.4,Yes,Credit Card,5,App Store,1,2,No,88.1,Yes
SOL-04320,20,Standard,11.09,2,4.6,Yes,Mobile Carrier Billing,2,Web,2,2,No,160.94,No
SOL-04321,26,Standard,12.6,2,4.2,Yes,Credit Card,5,App Store,3,16,No,509.4,No
SOL-04322,19,Standard,12.08,2,1.6,Yes,PayPal,2,App Store,1,1,No,209.63,Yes
SOL-04323,8,Ultra,16.89,1,7.8,Yes,Credit Card,2,Web,4,11,No,216.52,No
SOL-04324,11,Ad-Lite,6.59,4,7.1,No,Credit Card,2,App Store,1,14,No,39.19,Yes
SOL-04325,12,Ad-Lite,5.97,4,12.6,No,Credit Card,1,App Store,2,8,No,140.92,Yes
SOL-04326,9,Ad-Lite,6.59,1,2.1,Yes,Credit Card,4,Web,1,5,Yes,232.29,Yes
SOL-04327,8,Ad-Lite,6.43,2,11.9,Yes,Mobile Carrier Billing,3,App Store,2,14,No,0.0,Yes
SOL-04328,0,Ultra,18.25,2,1.3,Yes,PayPal,2,Web,1,7,No,31.06,No
SOL-04329,2,Ultra,18.88,3,6.9,No,PayPal,5,App Store,2,10,No,131.08,Yes
SOL-04330,2,Standard,13.07,1,8.2,Yes,Credit Card,3,Web,2,3,No,129.37,No
SOL-04331,15,Ad-Lite,6.61,2,5.9,No,PayPal,3,Partner Bundle,1,2,No,121.44,No
SOL-04332,27,Standard,11.34,5,4.5,Yes,Mobile Carrier Billing,1,App Store,1,2,Yes,326.42,No
SOL-04333,34,Standard,10.96,3,11.6,No,Credit Card,4,Partner Bundle,5,28,No,744.03,No
SOL-04334,21,Standard,14.24,1,5.0,Yes,PayPal,0,Partner Bundle,3,20,No,403.8,No
SOL-04335,6,Ad-Lite,6.49,2,4.4,No,Credit Card,2,Partner Bundle,2,7,No,0.0,Yes
SOL-04336,25,Ad-Lite,5.88,1,17.8,Yes,Mobile Carrier Billing,4,Web,3,6,No,147.59,No
SOL-04337,12,Standard,10.46,2,8.1,Yes,PayPal,3,App Store,4,7,No,181.85,Yes
SOL-04338,25,Standard,12.62,3,13.5,Yes,Mobile Carrier Billing,1,Web,1,4,Yes,393.22,Yes
SOL-04339,19,Ad-Lite,5.9,2,6.2,Yes,Credit Card,3,Web,2,1,Yes,35.2,No
SOL-04340,8,Ad-Lite,6.27,2,8.8,No,Credit Card,4,App Store,3,4,Yes,223.37,No
SOL-04341,5,Ad-Lite,4.56,1,9.1,No,Credit Card,3,Web,2,5,No,147.73,Yes
SOL-04342,14,Ultra,17.17,2,5.4,No,Mobile Carrier Billing,4,App Store,2,15,No,231.83,No
SOL-04343,8,Ultra,18.97,4,4.9,Yes,PayPal,6,App Store,1,3,No,239.2,No
SOL-04344,17,Standard,11.08,4,8.5,No,Credit Card,6,Partner Bundle,1,20,No,480.28,No
SOL-04345,4,Ultra,14.96,1,18.4,No,Gift Card,5,Partner Bundle,2,13,No,64.93,No
SOL-04346,6,Standard,10.4,4,2.0,No,Credit Card,5,Web,1,3,No,53.48,Yes
SOL-04347,8,Ultra,17.55,2,3.9,No,PayPal,1,Web,2,7,No,343.95,No
SOL-04348,1,Standard,11.95,3,3.3,Yes,PayPal,0,App Store,3,2,No,0.0,No
SOL-04349,8,Ad-Lite,6.81,3,2.1,Yes,Credit Card,4,Partner Bundle,1,8,Yes,151.69,Yes
SOL-04350,25,Ultra,19.16,3,8.2,Yes,Mobile Carrier Billing,2,Web,1,10,No,525.24,No
SOL-04351,6,Ad-Lite,6.32,2,3.4,No,Credit Card,3,Web,1,6,No,17.78,No
SOL-04352,1,Standard,12.54,3,9.1,Yes,Gift Card,2,Partner Bundle,1,19,No,117.76,Yes
SOL-04353,5,Ad-Lite,6.92,2,10.2,Yes,Mobile Carrier Billing,4,App Store,1,5,No,52.77,Yes
SOL-04354,8,Ultra,16.77,1,8.0,No,Credit Card,4,App Store,1,7,No,162.91,No
SOL-04355,15,Standard,10.73,2,2.6,Yes,PayPal,6,App Store,1,4,Yes,93.7,No
SOL-04356,18,Ad-Lite,5.69,1,8.4,Yes,PayPal,4,Partner Bundle,2,4,No,300.62,Yes
SOL-04357,15,Ad-Lite,5.24,1,6.4,Yes,Mobile Carrier Billing,3,Web,2,23,Yes,99.77,Yes
SOL-04358,28,Ad-Lite,5.64,3,3.6,No,Credit Card,1,Partner Bundle,2,2,No,385.87,No
SOL-04359,5,Standard,12.12,4,15.3,No,Credit Card,0,Partner Bundle,4,3,Yes,176.92,Yes
SOL-04360,4,Ad-Lite,6.01,3,1.4,Yes,Gift Card,4,Web,1,11,No,26.92,Yes
SOL-04361,18,Ultra,18.61,2,4.3,Yes,PayPal,2,App Store,2,1,No,568.82,Yes
SOL-04362,6,Ad-Lite,5.9,3,7.9,Yes,PayPal,4,App Store,3,1,No,0.0,Yes
SOL-04363,18,Standard,11.21,3,1.5,No,Credit Card,2,Web,1,12,No,136.81,No
SOL-04364,10,Standard,12.07,2,12.3,Yes,Mobile Carrier Billing,2,App Store,1,8,No,0.0,No
SOL-04365,18,Standard,13.91,2,5.6,Yes,Mobile Carrier Billing,2,App Store,4,8,Yes,170.56,Yes
SOL-04366,15,Standard,11.9,2,9.4,Yes,PayPal,7,App Store,3,2,No,192.62,Yes
SOL-04367,9,Ad-Lite,5.95,3,3.5,Yes,Credit Card,5,Web,3,7,Yes,155.42,Yes
SOL-04368,4,Ad-Lite,5.7,4,4.5,Yes,Credit Card,1,App Store,2,5,No,71.66,Yes
SOL-04369,2,Ultra,16.89,2,7.4,Yes,Mobile Carrier Billing,4,Web,2,3,Yes,150.61,No
SOL-04370,14,Ad-Lite,5.23,2,2.5,Yes,Credit Card,7,Web,2,10,No,190.55,Yes
SOL-04371,4,Ad-Lite,6.09,5,4.3,Yes,PayPal,4,Partner Bundle,1,16,Yes,0.0,Yes
SOL-04372,11,Ad-Lite,6.08,5,7.6,No,Credit Card,5,Partner Bundle,2,8,No,122.66,No
SOL-04373,12,Ultra,17.49,2,5.6,No,Gift Card,4,Web,1,13,No,344.26,Yes
SOL-04374,23,Standard,13.55,3,2.0,No,Credit Card,5,App Store,3,5,No,388.88,No
SOL-04375,14,Standard,10.63,3,5.7,Yes,PayPal,1,App Store,2,15,No,410.89,No
SOL-04376,5,Standard,11.9,2,10.3,Yes,PayPal,3,Web,2,20,No,102.88,No
SOL-04377,4,Standard,11.91,1,14.3,No,Credit Card,3,Web,3,2,No,153.63,Yes
SOL-04378,5,Ad-Lite,6.44,2,4.5,Yes,Mobile Carrier Billing,3,Web,1,7,Yes,74.91,No
SOL-04379,2,Ad-Lite,6.55,3,8.1,Yes,Credit Card,3,Partner Bundle,2,2,No,46.83,Yes
SOL-04380,24,Standard,13.53,4,3.7,No,Mobile Carrier Billing,3,Partner Bundle,1,22,No,180.78,No
SOL-04381,27,Ad-Lite,6.53,2,8.1,Yes,Mobile Carrier Billing,4,App Store,1,7,No,94.44,Yes
SOL-04382,14,Standard,13.06,3,4.2,Yes,Mobile Carrier Billing,5,Partner Bundle,3,10,No,231.65,Yes
SOL-04383,1,Ad-Lite,5.91,2,10.5,Yes,PayPal,4,App Store,1,3,No,42.71,Yes
SOL-04384,17,Ad-Lite,5.74,1,3.0,No,Mobile Carrier Billing,0,Web,2,1,No,201.01,Yes
SOL-04385,13,Ad-Lite,7.26,1,0.2,No,PayPal,2,Web,1,6,Yes,35.2,No
SOL-04386,16,Ultra,16.77,2,5.4,Yes,Mobile Carrier Billing,4,Partner Bundle,1,9,No,384.81,No
SOL-04387,8,Ad-Lite,5.42,1,4.9,No,Mobile Carrier Billing,1,Web,3,8,Yes,155.9,No
SOL-04388,31,Standard,11.7,3,7.7,Yes,Mobile Carrier Billing,5,Partner Bundle,1,30,No,467.95,Yes
SOL-04389,14,Ad-Lite,7.47,3,10.5,No,PayPal,2,Partner Bundle,3,12,Yes,96.36,Yes
SOL-04390,32,Ad-Lite,6.56,2,18.2,No,Credit Card,5,Web,2,1,Yes,270.16,No
SOL-04391,18,Standard,12.91,2,2.1,Yes,Credit Card,4,App Store,1,11,No,399.55,Yes
SOL-04392,14,Ad-Lite,6.78,3,15.5,No,Credit Card,2,Partner Bundle,2,18,No,116.55,Yes
SOL-04393,6,Ad-Lite,7.0,5,6.4,Yes,Credit Card,2,App Store,1,8,No,84.89,No
SOL-04394,32,Ad-Lite,6.49,3,0.9,Yes,Mobile Carrier Billing,4,App Store,1,11,No,106.08,No
SOL-04395,8,Standard,12.57,3,0.5,Yes,Credit Card,2,App Store,2,12,No,32.59,No
SOL-04396,23,Standard,11.28,4,4.4,Yes,Credit Card,3,App Store,2,5,No,253.96,No
SOL-04397,6,Ad-Lite,6.31,1,4.4,Yes,Credit Card,4,App Store,3,7,Yes,0.0,Yes
SOL-04398,9,Standard,11.35,2,12.1,Yes,Mobile Carrier Billing,4,Partner Bundle,3,15,No,147.54,Yes
SOL-04399,18,Ultra,14.92,2,11.1,No,Mobile Carrier Billing,2,Web,2,8,Yes,165.57,No
SOL-04400,14,Ultra,17.21,3,2.0,Yes,Credit Card,2,App Store,2,8,Yes,252.66,No
SOL-04401,5,Ad-Lite,6.27,2,4.7,Yes,PayPal,6,Web,1,7,No,80.63,No
SOL-04402,11,Ad-Lite,5.21,3,3.6,No,Mobile Carrier Billing,4,App Store,1,21,Yes,241.58,Yes
SOL-04403,22,Ultra,17.77,1,16.5,No,Credit Card,5,Web,3,9,No,420.52,No
SOL-04404,3,Ultra,15.95,2,24.5,No,PayPal,4,App Store,2,6,No,72.98,No
SOL-04405,8,Ultra,16.73,5,12.8,No,Mobile Carrier Billing,1,App Store,1,19,No,189.72,No
SOL-04406,24,Ad-Lite,6.56,2,2.4,No,Credit Card,4,App Store,3,4,Yes,285.15,Yes
SOL-04407,30,Standard,11.43,1,6.0,Yes,Credit Card,1,Partner Bundle,3,4,Yes,144.06,No
SOL-04408,15,Ad-Lite,5.29,4,9.8,Yes,Credit Card,1,App Store,2,8,No,51.85,No
SOL-04409,14,Standard,13.18,1,5.6,No,Credit Card,2,App Store,3,7,No,124.16,No
SOL-04410,12,Standard,12.63,3,2.9,Yes,Credit Card,8,Web,2,22,No,239.13,No
SOL-04411,5,Standard,12.49,4,8.8,No,Gift Card,6,App Store,4,8,No,108.31,Yes
SOL-04412,6,Ultra,16.38,3,4.5,No,Credit Card,2,Partner Bundle,3,13,No,154.17,No
SOL-04413,21,Standard,13.76,2,3.4,Yes,Credit Card,6,Web,2,2,No,281.83,Yes
SOL-04414,7,Ad-Lite,5.31,3,10.5,Yes,Credit Card,4,Partner Bundle,2,5,No,75.22,Yes
SOL-04415,1,Ad-Lite,6.09,1,12.4,No,Credit Card,2,Partner Bundle,1,6,No,123.94,No
SOL-04416,22,Standard,11.66,1,6.0,Yes,Credit Card,3,App Store,2,8,No,143.71,No
SOL-04417,6,Ultra,17.99,2,5.0,No,Credit Card,2,Web,3,5,No,166.95,No
SOL-04418,3,Ad-Lite,5.16,2,16.7,Yes,Mobile Carrier Billing,5,App Store,2,5,No,46.78,No
SOL-04419,42,Ad-Lite,5.24,2,6.9,No,Mobile Carrier Billing,7,App Store,1,5,No,275.48,No
SOL-04420,21,Ad-Lite,7.39,4,4.6,Yes,Credit Card,4,Web,2,5,No,138.15,No
SOL-04421,12,Standard,10.61,3,8.4,Yes,Mobile Carrier Billing,5,Web,3,6,No,107.01,No
SOL-04422,12,Standard,13.45,3,8.8,Yes,Credit Card,7,App Store,1,9,No,196.03,No
SOL-04423,10,Ad-Lite,7.15,3,4.5,No,Mobile Carrier Billing,9,Partner Bundle,2,2,No,30.26,No
SOL-04424,10,Ad-Lite,5.8,4,19.6,Yes,PayPal,6,Web,3,5,No,56.63,No
SOL-04425,23,Standard,12.81,2,7.4,Yes,Credit Card,2,Web,1,9,No,343.38,No
SOL-04426,7,Standard,10.1,5,4.6,No,Credit Card,4,App Store,3,5,No,0.0,No
SOL-04427,6,Standard,12.79,4,0.8,Yes,Mobile Carrier Billing,1,Partner Bundle,1,2,Yes,88.29,Yes
SOL-04428,8,Ad-Lite,5.91,1,5.1,Yes,Credit Card,2,App Store,1,4,Yes,83.55,Yes
SOL-04429,22,Ultra,18.17,2,1.4,Yes,Credit Card,4,Partner Bundle,3,17,No,280.8,No
SOL-04430,4,Standard,10.33,2,1.9,No,PayPal,3,Web,2,31,No,91.49,Yes
SOL-04431,10,Ad-Lite,6.59,2,3.9,No,Credit Card,0,Partner Bundle,2,6,Yes,77.03,Yes
SOL-04432,7,Standard,10.65,3,14.2,Yes,Mobile Carrier Billing,2,Web,3,1,No,147.64,Yes
SOL-04433,14,Ad-Lite,8.0,2,9.4,Yes,Mobile Carrier Billing,3,Partner Bundle,2,2,No,229.34,No
SOL-04434,34,Ad-Lite,6.22,5,5.6,Yes,PayPal,2,Partner Bundle,4,10,No,128.23,Yes
SOL-04435,10,Standard,12.69,1,5.7,No,Credit Card,4,App Store,3,11,No,51.34,No
SOL-04436,15,Ad-Lite,5.27,1,19.9,Yes,Mobile Carrier Billing,2,Web,2,5,No,121.52,Yes
SOL-04437,14,Ultra,16.58,2,5.2,Yes,PayPal,4,Web,4,11,No,144.68,No
SOL-04438,9,Ultra,15.96,1,6.4,No,Mobile Carrier Billing,3,Web,3,23,No,76.4,No
SOL-04439,15,Standard,13.78,1,2.1,No,Credit Card,3,App Store,4,17,No,253.17,No
SOL-04440,22,Ultra,18.53,2,5.8,Yes,Mobile Carrier Billing,3,Web,2,13,No,235.27,No
SOL-04441,21,Ad-Lite,5.44,3,4.2,Yes,Credit Card,3,App Store,1,7,No,112.84,Yes
SOL-04442,12,Ad-Lite,6.5,5,5.2,No,PayPal,5,Web,3,14,No,42.81,Yes
SOL-04443,6,Standard,13.95,3,20.8,Yes,Mobile Carrier Billing,5,Partner Bundle,2,6,No,96.92,Yes
SOL-04444,39,Ad-Lite,6.2,2,8.0,Yes,Credit Card,2,Web,4,13,No,184.96,Yes
SOL-04445,13,Ad-Lite,6.64,2,3.7,Yes,PayPal,4,App Store,4,9,No,146.85,No
SOL-04446,11,Ad-Lite,4.89,2,2.1,Yes,Credit Card,3,App Store,1,22,No,77.7,Yes
SOL-04447,11,Standard,11.3,5,6.8,Yes,PayPal,1,Web,4,8,No,22.39,Yes
SOL-04448,17,Standard,12.22,1,6.7,No,Credit Card,5,App Store,5,14,No,576.66,Yes
SOL-04449,14,Standard,12.69,3,4.7,Yes,Mobile Carrier Billing,3,Partner Bundle,2,1,No,92.83,Yes
SOL-04450,11,Standard,11.94,3,18.1,Yes,Gift Card,7,Web,2,10,No,160.27,Yes
SOL-04451,16,Ad-Lite,7.06,2,4.6,Yes,Mobile Carrier Billing,4,Web,2,27,No,56.54,Yes
SOL-04452,17,Standard,10.89,2,10.3,No,Credit Card,6,App Store,3,15,Yes,286.69,Yes
SOL-04453,19,Ad-Lite,5.94,1,6.5,Yes,Credit Card,3,Web,4,2,No,187.91,Yes
SOL-04454,21,Standard,10.14,1,4.4,No,PayPal,2,App Store,5,17,No,202.38,No
SOL-04455,13,Ad-Lite,6.14,3,8.5,No,Mobile Carrier Billing,2,App Store,2,7,No,126.67,No
SOL-04456,16,Standard,11.39,1,3.4,Yes,PayPal,6,App Store,3,34,No,191.11,Yes
SOL-04457,29,Standard,12.3,3,8.4,No,Gift Card,4,App Store,1,13,No,164.7,No
SOL-04458,4,Ad-Lite,5.61,3,12.0,Yes,Credit Card,6,Partner Bundle,1,11,No,79.76,No
SOL-04459,12,Standard,11.45,2,2.9,Yes,Credit Card,3,App Store,1,0,No,7.62,Yes
SOL-04460,6,Ad-Lite,5.61,3,8.8,No,PayPal,4,App Store,1,5,No,169.44,Yes
SOL-04461,13,Standard,14.18,2,6.1,No,PayPal,2,App Store,3,5,No,254.01,No
SOL-04462,3,Ad-Lite,5.13,1,4.6,Yes,Mobile Carrier Billing,8,Partner Bundle,4,5,No,162.6,Yes
SOL-04463,24,Ultra,16.83,2,5.5,Yes,Credit Card,4,App Store,2,6,Yes,236.31,No
SOL-04464,20,Ultra,18.9,4,5.8,No,Mobile Carrier Billing,2,App Store,3,4,No,496.14,No
SOL-04465,26,Ad-Lite,6.71,2,3.4,Yes,Credit Card,5,App Store,1,2,Yes,128.77,No
SOL-04466,15,Ultra,15.69,5,20.5,Yes,Mobile Carrier Billing,2,App Store,4,21,No,183.68,No
SOL-04467,0,Ad-Lite,5.88,1,5.8,Yes,Credit Card,1,Web,1,9,No,19.64,Yes
SOL-04468,11,Ad-Lite,4.93,2,7.2,No,Credit Card,2,App Store,1,7,No,263.93,Yes
SOL-04469,19,Standard,12.5,2,17.5,No,PayPal,3,Web,4,8,No,477.94,No
SOL-04470,27,Standard,12.85,5,11.9,Yes,Mobile Carrier Billing,4,Partner Bundle,3,5,No,498.25,No
SOL-04471,26,Ad-Lite,5.52,2,12.9,Yes,Credit Card,3,Web,1,11,No,152.45,No
SOL-04472,29,Standard,11.72,3,5.8,No,Credit Card,1,App Store,1,7,Yes,715.24,No
SOL-04473,2,Ad-Lite,4.41,3,2.7,Yes,Mobile Carrier Billing,4,Web,1,3,No,0.0,Yes
SOL-04474,4,Standard,13.07,1,4.3,No,PayPal,3,Partner Bundle,3,32,No,0.0,Yes
SOL-04475,11,Standard,12.76,2,6.4,Yes,Mobile Carrier Billing,5,Web,3,11,Yes,384.61,No
SOL-04476,10,Standard,11.79,2,2.1,No,Gift Card,3,App Store,3,2,No,238.13,No
SOL-04477,3,Ultra,17.51,3,8.6,Yes,Credit Card,2,App Store,3,11,Yes,111.6,Yes
SOL-04478,11,Ad-Lite,4.61,2,1.3,No,PayPal,2,App Store,2,23,No,0.0,Yes
SOL-04479,26,Ad-Lite,5.9,1,10.4,Yes,Credit Card,4,Partner Bundle,4,9,No,127.64,No
SOL-04480,12,Ultra,15.78,2,13.1,Yes,Credit Card,6,Web,2,6,No,253.52,No
SOL-04481,21,Standard,10.22,3,9.7,No,Credit Card,4,App Store,2,7,No,252.55,No
SOL-04482,8,Ultra,16.0,2,8.6,Yes,Credit Card,3,Partner Bundle,3,5,No,374.93,No
SOL-04483,18,Ultra,18.23,4,8.2,Yes,Credit Card,2,Web,1,16,No,305.39,No
SOL-04484,30,Standard,12.69,2,2.0,Yes,Mobile Carrier Billing,2,App Store,4,17,No,311.04,No
SOL-04485,22,Ad-Lite,6.27,2,6.5,No,PayPal,8,App Store,2,42,No,314.59,No
SOL-04486,8,Ultra,15.26,3,8.5,Yes,PayPal,5,Web,1,8,No,125.51,No
SOL-04487,40,Ultra,17.62,2,13.1,No,Credit Card,4,Web,1,18,No,989.99,No
SOL-04488,20,Standard,12.83,1,3.4,Yes,PayPal,3,App Store,1,3,No,343.86,Yes
SOL-04489,16,Ultra,18.25,1,7.4,Yes,Mobile Carrier Billing,5,Partner Bundle,2,4,No,301.16,No
SOL-04490,11,Standard,9.0,3,10.5,Yes,PayPal,4,Partner Bundle,2,8,Yes,145.68,No
SOL-04491,14,Ad-Lite,7.93,3,11.3,No,PayPal,1,App Store,2,2,No,227.26,No
SOL-04492,15,Ad-Lite,5.3,2,1.2,No,Credit Card,3,App Store,1,7,No,12.83,Yes
SOL-04493,3,Ad-Lite,6.93,3,8.7,Yes,Credit Card,7,Partner Bundle,2,8,No,0.0,Yes
SOL-04494,3,Ad-Lite,6.28,1,9.2,Yes,Gift Card,6,Partner Bundle,1,11,No,172.58,Yes
SOL-04495,7,Ad-Lite,6.21,1,5.9,Yes,Credit Card,2,Partner Bundle,2,18,No,63.25,Yes
SOL-04496,6,Ad-Lite,5.49,1,1.7,Yes,Credit Card,2,Web,1,11,No,0.0,Yes
SOL-04497,28,Standard,13.24,5,3.5,Yes,Mobile Carrier Billing,5,App Store,2,6,No,239.64,Yes
SOL-04498,7,Standard,10.75,1,13.3,Yes,Credit Card,3,Web,2,26,No,54.55,No
SOL-04499,4,Ad-Lite,5.89,2,8.6,No,Credit Card,2,App Store,1,5,No,126.46,Yes
SOL-04500,8,Standard,11.94,1,6.0,Yes,Credit Card,2,Web,2,2,No,131.33,No
SOL-04501,10,Standard,13.95,2,7.4,No,Credit Card,5,App Store,1,7,No,116.05,Yes
SOL-04502,11,Ad-Lite,6.34,3,2.0,Yes,PayPal,7,Web,4,7,No,139.36,No
SOL-04503,20,Ultra,17.14,3,6.9,Yes,Credit Card,2,Web,2,17,Yes,476.14,No
SOL-04504,7,Ultra,16.89,2,8.9,Yes,PayPal,8,App Store,3,18,No,436.3,Yes
SOL-04505,1,Ultra,18.04,3,4.0,No,PayPal,1,Partner Bundle,3,18,No,77.91,Yes
SOL-04506,17,Standard,13.01,4,16.0,Yes,PayPal,5,App Store,2,19,No,153.21,No
SOL-04507,14,Ad-Lite,5.53,2,2.9,No,PayPal,4,Partner Bundle,2,8,No,62.68,No
SOL-04508,31,Ad-Lite,7.27,3,8.1,Yes,Credit Card,2,Web,2,6,No,286.17,Yes
SOL-04509,10,Ultra,14.3,2,4.0,No,PayPal,3,Partner Bundle,3,8,No,129.59,No
SOL-04510,1,Ad-Lite,5.14,1,4.8,Yes,PayPal,4,App Store,4,23,No,34.79,Yes
SOL-04511,23,Ad-Lite,6.21,1,30.9,Yes,PayPal,4,App Store,1,14,No,216.02,No
SOL-04512,4,Standard,13.16,3,1.8,Yes,Credit Card,5,App Store,2,6,No,125.24,No
SOL-04513,1,Standard,11.82,3,13.5,Yes,Credit Card,1,Web,1,8,No,0.0,No
SOL-04514,28,Standard,13.36,2,16.6,No,PayPal,4,Web,2,1,Yes,477.41,No
SOL-04515,7,Ad-Lite,6.02,4,26.1,No,Credit Card,2,Web,3,29,Yes,94.02,Yes
SOL-04516,16,Ad-Lite,6.59,2,18.8,Yes,Mobile Carrier Billing,3,Partner Bundle,3,13,Yes,80.07,No
SOL-04517,17,Standard,11.08,2,4.0,Yes,PayPal,5,Partner Bundle,2,23,No,275.43,No
SOL-04518,8,Standard,11.47,2,3.0,No,Mobile Carrier Billing,3,Web,4,8,No,110.04,No
SOL-04519,1,Ultra,19.05,2,7.3,No,PayPal,6,App Store,3,6,No,9.3,Yes
SOL-04520,7,Ad-Lite,6.41,2,19.8,Yes,Mobile Carrier Billing,3,Web,2,6,No,0.0,Yes
SOL-04521,8,Standard,10.89,1,11.1,No,Mobile Carrier Billing,6,Web,3,9,Yes,102.05,No
SOL-04522,4,Standard,10.88,3,15.0,Yes,Mobile Carrier Billing,5,Partner Bundle,5,5,No,185.25,Yes
SOL-04523,4,Ad-Lite,5.76,1,4.8,Yes,Credit Card,3,Web,1,6,No,86.72,No
SOL-04524,16,Ad-Lite,5.54,1,4.8,Yes,Mobile Carrier Billing,4,Partner Bundle,1,10,No,190.84,Yes
SOL-04525,1,Standard,13.69,3,2.7,No,Credit Card,4,App Store,1,9,No,0.0,Yes
SOL-04526,12,Ad-Lite,5.63,4,6.4,Yes,Credit Card,3,App Store,1,6,No,27.74,Yes
SOL-04527,23,Ad-Lite,5.25,5,4.6,Yes,PayPal,4,Partner Bundle,2,3,No,165.92,Yes
SOL-04528,11,Ad-Lite,5.26,2,3.4,Yes,PayPal,4,Web,3,4,No,45.9,Yes
SOL-04529,9,Standard,12.44,1,4.0,Yes,Credit Card,8,App Store,3,5,Yes,68.9,Yes
SOL-04530,16,Ad-Lite,5.78,4,5.1,Yes,Mobile Carrier Billing,6,Web,2,15,No,142.14,Yes
SOL-04531,24,Ultra,17.63,4,9.7,Yes,Credit Card,2,App Store,3,18,No,523.56,No
SOL-04532,12,Ultra,17.27,4,8.5,No,Gift Card,6,App Store,2,6,Yes,231.9,No
SOL-04533,18,Ultra,16.53,2,2.8,Yes,PayPal,1,Partner Bundle,3,3,Yes,263.89,No
SOL-04534,13,Ultra,17.39,2,9.0,Yes,PayPal,3,Web,1,3,No,580.24,No
SOL-04535,20,Ad-Lite,5.95,1,5.5,Yes,Mobile Carrier Billing,2,App Store,1,8,Yes,252.2,No
SOL-04536,40,Ad-Lite,6.57,3,12.2,Yes,Mobile Carrier Billing,7,Web,1,10,Yes,436.15,No
SOL-04537,18,Ad-Lite,6.52,3,13.0,Yes,Credit Card,4,Web,1,2,No,25.32,No
SOL-04538,38,Standard,12.67,4,1.2,Yes,Credit Card,2,Web,2,9,No,433.49,Yes
SOL-04539,14,Standard,13.37,4,2.1,Yes,PayPal,6,App Store,2,10,No,110.61,No
SOL-04540,2,Ad-Lite,5.66,2,6.9,Yes,Credit Card,3,Web,1,18,No,17.76,Yes
SOL-04541,1,Standard,14.83,3,12.6,No,Mobile Carrier Billing,1,App Store,1,5,No,15.58,No
SOL-04542,9,Standard,10.46,1,13.7,Yes,Mobile Carrier Billing,4,Partner Bundle,2,3,No,224.05,No
SOL-04543,2,Standard,10.49,3,6.7,Yes,Credit Card,4,Partner Bundle,1,3,No,103.74,Yes
SOL-04544,13,Ad-Lite,7.07,4,3.6,No,Gift Card,6,Web,3,2,No,299.74,Yes
SOL-04545,4,Ad-Lite,6.87,4,12.6,No,PayPal,2,App Store,2,8,Yes,118.86,Yes
SOL-04546,33,Standard,11.44,3,3.2,Yes,Mobile Carrier Billing,6,Partner Bundle,2,2,No,349.39,No
SOL-04547,24,Ad-Lite,5.11,2,15.6,Yes,PayPal,3,Web,4,5,No,120.0,Yes
SOL-04548,8,Ad-Lite,4.99,3,12.5,Yes,Credit Card,3,App Store,1,3,No,35.76,No
SOL-04549,7,Standard,12.84,3,11.6,Yes,Credit Card,3,App Store,2,12,Yes,85.76,No
SOL-04550,4,Ultra,19.36,4,4.5,Yes,Credit Card,5,App Store,1,26,No,8.47,No
SOL-04551,32,Standard,11.25,4,11.1,Yes,Mobile Carrier Billing,4,App Store,1,11,No,453.16,No
SOL-04552,10,Standard,15.0,2,3.0,No,Credit Card,0,Web,1,20,No,157.99,Yes
SOL-04553,30,Ultra,18.33,2,1.9,Yes,Credit Card,5,Web,2,2,Yes,770.27,No
SOL-04554,20,Standard,12.5,2,8.4,No,Mobile Carrier Billing,3,App Store,2,19,Yes,232.35,No
SOL-04555,20,Ad-Lite,5.89,3,10.1,Yes,Credit Card,4,App Store,4,9,No,119.87,No
SOL-04556,17,Standard,12.05,5,5.7,No,Credit Card,5,Partner Bundle,2,11,No,229.22,No
SOL-04557,20,Standard,11.58,1,1.9,No,Mobile Carrier Billing,4,Partner Bundle,1,6,No,372.86,No
SOL-04558,21,Standard,12.15,3,5.5,No,Gift Card,1,App Store,3,15,Yes,453.47,No
SOL-04559,11,Ultra,15.33,1,4.8,Yes,PayPal,2,App Store,3,4,No,402.25,No
SOL-04560,10,Ultra,15.64,1,5.4,Yes,Credit Card,5,Web,4,1,No,38.43,Yes
SOL-04561,6,Standard,12.34,1,3.7,Yes,Credit Card,8,Partner Bundle,4,11,No,105.66,Yes
SOL-04562,2,Standard,11.85,2,2.4,No,Credit Card,5,Partner Bundle,2,7,No,112.16,No
SOL-04563,22,Ad-Lite,5.03,2,4.6,No,Mobile Carrier Billing,4,App Store,2,4,No,132.58,Yes
SOL-04564,8,Standard,12.23,3,5.3,Yes,PayPal,4,Web,1,3,No,0.0,No
SOL-04565,13,Ad-Lite,5.67,5,6.5,Yes,PayPal,3,App Store,3,7,Yes,0.0,Yes
SOL-04566,4,Standard,13.96,1,6.2,No,Mobile Carrier Billing,1,App Store,1,6,No,101.07,No
SOL-04567,8,Ad-Lite,5.81,1,10.3,Yes,PayPal,9,App Store,2,8,No,60.93,Yes
SOL-04568,22,Standard,11.38,3,5.7,Yes,Mobile Carrier Billing,6,App Store,1,3,No,405.82,No
SOL-04569,7,Standard,12.92,5,20.8,Yes,Credit Card,4,Web,1,9,No,51.45,No
SOL-04570,33,Standard,12.21,5,2.7,No,PayPal,4,App Store,2,14,No,695.75,No
SOL-04571,6,Ad-Lite,6.26,2,5.1,No,Credit Card,3,Partner Bundle,2,6,No,152.02,Yes
SOL-04572,23,Standard,10.43,3,4.2,Yes,Credit Card,4,Web,2,5,No,297.03,Yes
SOL-04573,4,Standard,11.61,5,6.2,Yes,Mobile Carrier Billing,3,App Store,3,9,No,15.1,Yes
SOL-04574,5,Ad-Lite,5.54,3,7.7,No,Mobile Carrier Billing,3,Web,2,17,No,0.0,Yes
SOL-04575,3,Standard,11.03,5,5.2,No,Gift Card,3,Partner Bundle,3,8,No,45.94,No
SOL-04576,7,Standard,12.45,1,3.4,Yes,Credit Card,5,Partner Bundle,1,7,Yes,79.4,Yes
SOL-04577,4,Standard,12.55,5,7.6,Yes,Credit Card,2,Web,1,3,No,116.31,No
SOL-04578,3,Standard,12.56,3,1.3,Yes,Credit Card,2,App Store,1,18,No,174.74,No
SOL-04579,15,Standard,12.2,1,1.1,No,Mobile Carrier Billing,7,Partner Bundle,4,28,No,46.96,No
SOL-04580,7,Ad-Lite,5.53,1,4.6,Yes,Credit Card,3,Web,4,7,No,5.18,No
SOL-04581,10,Ad-Lite,6.27,2,15.2,No,Credit Card,3,Partner Bundle,1,12,No,113.03,No
SOL-04582,10,Ad-Lite,6.38,4,10.8,Yes,PayPal,7,Web,3,15,Yes,80.63,No
SOL-04583,4,Ultra,17.25,1,5.8,No,Gift Card,6,Web,3,1,Yes,26.93,No
SOL-04584,21,Standard,11.82,1,3.4,Yes,Credit Card,5,App Store,3,7,Yes,50.97,No
SOL-04585,16,Ultra,15.53,1,0.9,No,Mobile Carrier Billing,3,App Store,1,4,No,248.7,No
SOL-04586,24,Ad-Lite,5.57,2,9.4,No,Credit Card,2,App Store,1,5,No,160.17,Yes
SOL-04587,4,Ad-Lite,5.99,1,9.7,Yes,Credit Card,0,App Store,2,3,No,201.56,Yes
SOL-04588,7,Standard,11.51,2,9.3,No,Credit Card,0,Web,5,9,Yes,189.31,Yes
SOL-04589,8,Ultra,15.64,4,5.7,Yes,PayPal,3,Web,2,22,No,96.7,No
SOL-04590,8,Ad-Lite,5.48,2,12.0,Yes,Gift Card,3,Web,2,27,Yes,160.39,Yes
SOL-04591,5,Ad-Lite,6.12,2,17.0,Yes,Credit Card,1,Partner Bundle,2,11,No,63.1,Yes
SOL-04592,3,Ad-Lite,5.56,3,7.2,Yes,Credit Card,4,Partner Bundle,2,4,No,48.87,No
SOL-04593,16,Ad-Lite,5.6,1,19.8,No,PayPal,5,App Store,2,11,No,0.0,Yes
SOL-04594,26,Standard,12.63,1,5.4,No,PayPal,2,Partner Bundle,2,9,No,466.75,No
SOL-04595,24,Ultra,17.26,1,23.0,Yes,PayPal,4,Web,1,2,No,646.36,No
SOL-04596,25,Ultra,17.18,4,24.2,Yes,PayPal,6,Web,1,5,Yes,1120.69,No
SOL-04597,5,Standard,13.67,2,2.1,No,PayPal,0,App Store,2,4,No,51.68,No
SOL-04598,18,Ultra,17.26,4,4.2,Yes,Mobile Carrier Billing,5,Web,2,26,No,131.69,No
SOL-04599,9,Standard,12.75,5,2.7,Yes,PayPal,6,App Store,1,2,No,251.32,Yes
SOL-04600,9,Ultra,17.58,1,1.5,No,PayPal,5,App Store,1,14,No,162.04,No
SOL-04601,32,Ad-Lite,5.39,1,6.9,Yes,Mobile Carrier Billing,4,Partner Bundle,2,8,No,453.85,Yes
SOL-04602,5,Ad-Lite,5.7,2,11.6,Yes,Credit Card,0,Web,2,14,No,0.0,Yes
SOL-04603,7,Ad-Lite,5.13,3,2.2,Yes,Credit Card,1,Partner Bundle,2,43,No,0.0,No
SOL-04604,22,Standard,12.29,5,1.7,No,PayPal,3,Web,1,11,No,214.04,Yes
SOL-04605,10,Ad-Lite,4.95,2,7.7,No,Credit Card,4,Partner Bundle,3,5,No,41.56,Yes
SOL-04606,14,Standard,12.89,3,17.4,No,Mobile Carrier Billing,2,Partner Bundle,1,4,No,365.68,No
SOL-04607,12,Standard,11.16,1,16.7,Yes,Credit Card,2,App Store,4,19,No,81.09,Yes
SOL-04608,20,Ad-Lite,6.8,1,10.4,Yes,Mobile Carrier Billing,3,App Store,1,5,No,72.99,Yes
SOL-04609,1,Ad-Lite,6.4,2,13.0,No,Mobile Carrier Billing,8,App Store,3,5,No,65.51,No
SOL-04610,28,Ultra,15.99,2,11.2,Yes,Mobile Carrier Billing,2,Partner Bundle,3,5,No,726.96,No
SOL-04611,13,Ad-Lite,5.94,2,11.1,Yes,Credit Card,6,App Store,3,7,No,195.47,No
SOL-04612,15,Standard,12.76,4,6.9,Yes,PayPal,1,App Store,2,16,No,347.32,No
SOL-04613,22,Standard,11.68,3,6.2,No,PayPal,7,App Store,1,8,Yes,251.75,No
SOL-04614,6,Ultra,16.0,4,3.7,Yes,Gift Card,4,Partner Bundle,1,29,Yes,54.54,No
SOL-04615,34,Ad-Lite,4.75,1,7.7,Yes,Credit Card,0,Web,3,18,No,94.93,No
SOL-04616,8,Ad-Lite,5.63,2,14.3,No,PayPal,8,Web,3,7,No,111.54,Yes
SOL-04617,8,Ultra,16.11,3,2.5,No,PayPal,1,App Store,3,23,No,140.36,Yes
SOL-04618,2,Ultra,19.58,1,10.4,Yes,Credit Card,7,App Store,5,1,No,75.43,No
SOL-04619,16,Standard,11.36,1,15.4,No,Credit Card,4,Web,3,6,No,265.92,No
SOL-04620,15,Ad-Lite,7.1,3,1.1,No,Mobile Carrier Billing,4,App Store,1,5,No,176.26,Yes
SOL-04621,19,Standard,10.47,2,4.8,Yes,Credit Card,4,Partner Bundle,1,2,No,118.29,Yes
SOL-04622,8,Ad-Lite,5.7,3,7.3,No,Mobile Carrier Billing,1,App Store,1,12,No,35.73,Yes
SOL-04623,14,Standard,13.24,3,5.0,Yes,Credit Card,5,App Store,3,11,No,416.93,No
SOL-04624,27,Standard,11.88,1,7.3,No,Credit Card,2,App Store,2,4,No,304.81,No
SOL-04625,26,Ultra,15.85,2,13.2,Yes,PayPal,6,Partner Bundle,3,3,No,654.14,No
SOL-04626,23,Ad-Lite,4.14,2,4.3,Yes,Credit Card,6,Partner Bundle,1,6,Yes,58.7,Yes
SOL-04627,8,Ad-Lite,6.1,4,12.0,Yes,Mobile Carrier Billing,2,Partner Bundle,3,7,No,133.45,No
SOL-04628,16,Standard,12.4,1,9.6,No,Mobile Carrier Billing,2,App Store,2,6,No,293.32,No
SOL-04629,5,Ad-Lite,6.37,2,18.9,Yes,Credit Card,4,Partner Bundle,2,0,No,106.91,Yes
SOL-04630,10,Ad-Lite,6.06,2,2.8,No,PayPal,7,App Store,2,11,No,53.4,No
SOL-04631,8,Standard,12.75,3,12.6,No,PayPal,5,App Store,1,7,No,198.18,Yes
SOL-04632,2,Standard,11.82,5,0.6,No,PayPal,3,Web,1,13,No,25.77,No
SOL-04633,15,Standard,11.72,2,8.4,Yes,Credit Card,3,Web,1,10,No,152.36,No
SOL-04634,2,Standard,12.25,2,10.2,Yes,Credit Card,3,Partner Bundle,1,16,No,150.14,Yes
SOL-04635,7,Ad-Lite,6.17,1,6.2,Yes,Mobile Carrier Billing,2,App Store,3,3,No,16.1,No
SOL-04636,5,Ad-Lite,6.65,2,3.1,Yes,Mobile Carrier Billing,3,Web,1,20,No,74.13,No
SOL-04637,26,Ad-Lite,6.41,2,13.2,Yes,Credit Card,1,Partner Bundle,4,5,No,313.93,No
SOL-04638,8,Ad-Lite,5.35,1,2.7,No,PayPal,8,App Store,2,23,No,139.55,Yes
SOL-04639,23,Ultra,15.83,3,5.3,Yes,Mobile Carrier Billing,3,App Store,1,6,No,212.23,No
SOL-04640,11,Standard,11.53,4,15.7,No,Mobile Carrier Billing,6,App Store,3,2,No,105.84,No
SOL-04641,15,Ultra,13.35,5,3.2,No,Credit Card,0,Partner Bundle,2,17,No,249.97,No
SOL-04642,13,Ad-Lite,4.0,5,11.2,Yes,PayPal,4,Web,3,5,No,16.77,Yes
SOL-04643,24,Standard,11.24,3,3.0,No,Credit Card,3,App Store,5,12,No,311.84,No
SOL-04644,15,Ultra,16.96,2,3.4,Yes,Credit Card,3,Partner Bundle,2,5,No,618.6,No
SOL-04645,14,Standard,13.36,2,2.8,No,PayPal,2,Web,2,5,No,274.1,No
SOL-04646,16,Ad-Lite,6.49,4,7.9,Yes,Mobile Carrier Billing,6,Partner Bundle,5,1,No,131.73,Yes
SOL-04647,7,Ad-Lite,5.1,2,2.6,No,PayPal,5,Web,4,14,No,0.0,Yes
SOL-04648,6,Ad-Lite,4.6,2,4.1,Yes,Credit Card,2,App Store,1,11,No,71.23,No
SOL-04649,19,Standard,11.56,2,3.3,No,Credit Card,3,App Store,2,6,No,369.75,No
SOL-04650,3,Standard,11.0,1,12.8,No,PayPal,4,App Store,2,9,Yes,118.28,Yes
SOL-04651,4,Ultra,16.11,4,4.1,No,PayPal,4,Partner Bundle,1,6,No,0.0,Yes
SOL-04652,37,Ad-Lite,6.69,3,11.9,Yes,PayPal,2,Web,1,25,No,215.12,Yes
SOL-04653,9,Standard,13.36,2,3.9,No,Credit Card,7,Web,1,20,Yes,147.02,No
SOL-04654,35,Ad-Lite,5.94,2,9.9,Yes,PayPal,3,App Store,4,6,No,168.8,Yes
SOL-04655,15,Ad-Lite,6.12,1,11.3,No,PayPal,3,App Store,2,5,No,212.73,Yes
SOL-04656,1,Ad-Lite,6.4,2,3.6,Yes,Mobile Carrier Billing,3,Web,2,4,Yes,0.0,No
SOL-04657,8,Standard,11.78,1,2.9,Yes,Gift Card,3,Web,2,16,No,177.38,No
SOL-04658,4,Standard,10.01,5,15.5,Yes,Mobile Carrier Billing,1,App Store,4,17,No,52.04,No
SOL-04659,26,Ad-Lite,5.16,2,4.9,No,PayPal,3,App Store,4,7,No,228.42,No
SOL-04660,18,Ad-Lite,5.26,1,10.1,Yes,Credit Card,4,App Store,1,4,No,289.67,Yes
SOL-04661,8,Ultra,18.28,3,8.9,No,Mobile Carrier Billing,6,App Store,1,37,No,295.47,No
SOL-04662,6,Standard,11.45,1,1.9,Yes,PayPal,3,Partner Bundle,2,34,No,142.31,No
SOL-04663,20,Standard,12.09,3,4.7,Yes,PayPal,4,Partner Bundle,3,16,Yes,164.31,No
SOL-04664,6,Standard,13.26,2,11.7,Yes,Credit Card,6,Partner Bundle,1,16,No,46.89,No
SOL-04665,19,Ad-Lite,7.68,2,2.5,Yes,Mobile Carrier Billing,2,App Store,1,1,No,97.33,No
SOL-04666,3,Ad-Lite,6.59,1,6.7,Yes,Credit Card,4,Web,1,4,No,109.28,Yes
SOL-04667,15,Ad-Lite,6.0,2,4.2,Yes,PayPal,2,Web,1,7,No,147.61,Yes
SOL-04668,31,Ad-Lite,5.24,2,6.2,No,Mobile Carrier Billing,5,Web,3,12,No,56.07,Yes
SOL-04669,1,Ultra,16.73,1,10.9,Yes,Mobile Carrier Billing,2,App Store,1,9,Yes,158.66,No
SOL-04670,22,Standard,11.42,3,11.1,Yes,Credit Card,3,Partner Bundle,3,5,No,187.07,No
SOL-04671,12,Standard,11.34,1,8.7,Yes,Mobile Carrier Billing,2,Web,1,14,Yes,0.0,No
SOL-04672,9,Ultra,16.52,1,3.8,Yes,Credit Card,6,App Store,2,1,No,116.43,No
SOL-04673,13,Ad-Lite,5.06,2,2.2,Yes,Credit Card,5,Web,1,2,No,126.11,Yes
SOL-04674,13,Ad-Lite,7.37,2,2.3,No,Credit Card,3,App Store,4,1,No,221.37,No
SOL-04675,3,Ad-Lite,6.36,2,6.3,Yes,PayPal,4,Web,3,13,No,58.98,Yes
SOL-04676,17,Ultra,17.0,1,10.7,Yes,PayPal,3,App Store,2,5,No,371.43,No
SOL-04677,7,Ultra,15.49,4,14.5,No,PayPal,3,App Store,2,15,Yes,381.83,No
SOL-04678,1,Ad-Lite,5.64,2,5.5,Yes,PayPal,4,App Store,3,6,No,0.0,Yes
SOL-04679,11,Ad-Lite,7.92,2,4.1,Yes,PayPal,1,App Store,1,5,No,0.0,Yes
SOL-04680,12,Standard,13.16,4,6.8,Yes,Gift Card,3,App Store,2,6,No,380.07,No
SOL-04681,22,Standard,11.44,3,32.3,Yes,Mobile Carrier Billing,3,Web,5,39,Yes,709.07,No
SOL-04682,17,Ad-Lite,6.12,3,20.9,Yes,Credit Card,1,Web,2,20,No,148.13,Yes
SOL-04683,9,Standard,11.21,2,3.3,Yes,Credit Card,0,Web,2,16,No,202.75,Yes
SOL-04684,12,Standard,10.51,1,5.4,No,Credit Card,5,Web,2,12,No,80.94,Yes
SOL-04685,26,Standard,11.04,3,6.6,Yes,PayPal,4,Web,2,8,No,249.22,No
SOL-04686,4,Ultra,15.62,2,5.0,Yes,Credit Card,4,Partner Bundle,1,0,No,0.0,Yes
SOL-04687,1,Ad-Lite,5.52,2,4.2,Yes,Credit Card,6,App Store,1,8,No,70.98,Yes
SOL-04688,20,Standard,13.12,3,5.6,Yes,Credit Card,8,Web,1,1,No,166.3,No
SOL-04689,25,Ad-Lite,4.86,3,16.5,Yes,Mobile Carrier Billing,6,Web,2,5,No,188.1,No
SOL-04690,28,Ultra,17.95,1,14.4,No,PayPal,4,App Store,2,2,Yes,618.11,No
SOL-04691,12,Ad-Lite,5.78,2,4.3,Yes,Credit Card,4,App Store,1,14,No,122.44,Yes
SOL-04692,22,Ultra,15.98,2,9.4,Yes,Mobile Carrier Billing,1,Web,3,3,Yes,312.54,No
SOL-04693,19,Standard,11.73,1,15.4,No,Credit Card,5,App Store,3,16,No,265.43,No
SOL-04694,6,Ad-Lite,5.77,3,7.5,No,Credit Card,6,Web,1,6,No,55.8,No
SOL-04695,4,Ultra,15.99,2,10.1,Yes,Credit Card,2,App Store,3,9,No,0.0,Yes
SOL-04696,15,Ad-Lite,4.79,1,3.3,No,Gift Card,0,App Store,4,6,Yes,35.75,No
SOL-04697,9,Standard,11.99,1,4.0,Yes,Credit Card,0,App Store,1,4,No,170.91,No
SOL-04698,8,Ultra,17.72,4,2.7,Yes,PayPal,5,Partner Bundle,3,4,No,145.38,No
SOL-04699,9,Ad-Lite,7.47,2,3.1,Yes,PayPal,3,Web,2,11,Yes,110.45,No
SOL-04700,34,Ad-Lite,6.06,1,5.0,Yes,Credit Card,3,Web,3,4,No,156.7,Yes
SOL-04701,25,Ultra,18.86,2,2.3,Yes,PayPal,2,App Store,2,4,Yes,454.36,Yes
SOL-04702,15,Ad-Lite,5.47,5,3.0,Yes,Credit Card,3,App Store,3,11,Yes,0.0,Yes
SOL-04703,29,Ad-Lite,7.15,2,5.3,No,Gift Card,4,App Store,1,7,No,54.04,Yes
SOL-04704,2,Standard,13.29,2,8.1,No,PayPal,2,Web,2,18,No,102.72,No
SOL-04705,7,Standard,11.64,3,10.3,Yes,Mobile Carrier Billing,2,Partner Bundle,1,6,No,109.21,No
SOL-04706,20,Ad-Lite,6.34,1,1.4,Yes,Mobile Carrier Billing,5,Web,2,15,No,153.28,No
SOL-04707,13,Ad-Lite,5.49,4,1.9,No,Gift Card,3,Partner Bundle,2,11,No,17.49,No
SOL-04708,28,Ultra,16.77,2,12.0,No,Credit Card,3,App Store,2,10,Yes,408.1,No
SOL-04709,23,Standard,10.86,2,5.9,Yes,Credit Card,2,Web,3,24,No,343.62,Yes
SOL-04710,13,Ultra,18.27,3,3.3,No,Credit Card,7,App Store,3,15,Yes,420.69,Yes
SOL-04711,23,Ad-Lite,5.13,1,8.0,Yes,Credit Card,3,App Store,2,9,Yes,231.53,Yes
SOL-04712,10,Ad-Lite,6.28,3,2.4,Yes,PayPal,5,Partner Bundle,2,14,No,145.39,No
SOL-04713,35,Ad-Lite,5.5,2,18.5,Yes,Credit Card,4,Partner Bundle,1,4,Yes,204.93,No
SOL-04714,10,Ultra,14.78,3,5.2,Yes,Mobile Carrier Billing,4,Partner Bundle,3,9,Yes,226.44,No
SOL-04715,13,Standard,13.54,3,7.1,Yes,PayPal,5,Web,1,2,Yes,321.43,No
SOL-04716,7,Ad-Lite,6.61,3,2.9,Yes,Gift Card,2,Web,2,34,Yes,137.73,No
SOL-04717,9,Standard,11.01,3,3.0,No,PayPal,2,Web,1,3,No,94.4,No
SOL-04718,8,Ad-Lite,4.77,1,7.0,Yes,PayPal,4,Partner Bundle,4,13,No,0.0,No
SOL-04719,13,Standard,13.38,2,6.8,Yes,Gift Card,3,Web,2,2,No,269.19,No
SOL-04720,4,Ad-Lite,5.46,3,5.0,Yes,Gift Card,1,App Store,1,7,Yes,0.0,Yes
SOL-04721,11,Standard,11.22,1,12.6,Yes,PayPal,3,App Store,2,5,No,132.44,Yes
SOL-04722,10,Ad-Lite,6.73,3,10.3,No,PayPal,3,Web,3,7,No,88.2,No
SOL-04723,1,Ad-Lite,4.69,1,6.5,Yes,Credit Card,6,Web,2,27,Yes,0.0,Yes
SOL-04724,16,Ad-Lite,5.63,1,14.6,Yes,Mobile Carrier Billing,4,App Store,1,25,No,196.54,No
SOL-04725,21,Ultra,17.29,5,4.5,No,Credit Card,6,Web,3,20,No,866.75,No
SOL-04726,5,Standard,11.89,2,7.5,No,Mobile Carrier Billing,5,Web,2,18,No,157.92,Yes
SOL-04727,24,Ad-Lite,6.69,2,6.7,No,Credit Card,4,Web,2,5,No,175.5,Yes
SOL-04728,5,Ad-Lite,6.56,2,3.9,Yes,PayPal,3,App Store,2,9,No,0.0,No
SOL-04729,8,Ad-Lite,6.4,1,8.7,Yes,Credit Card,3,Web,3,12,No,47.84,No
SOL-04730,21,Standard,12.16,1,7.2,No,Credit Card,3,App Store,2,4,Yes,130.98,No
SOL-04731,25,Ad-Lite,6.61,2,5.1,Yes,Mobile Carrier Billing,3,Web,3,35,No,294.56,No
SOL-04732,34,Ad-Lite,7.36,1,5.7,Yes,PayPal,4,App Store,2,23,No,189.73,No
SOL-04733,37,Ultra,20.06,1,5.9,No,Credit Card,3,App Store,2,20,No,578.04,Yes
SOL-04734,30,Ad-Lite,4.62,5,9.2,Yes,PayPal,1,Web,1,5,No,96.51,No
SOL-04735,13,Ad-Lite,4.92,2,3.0,No,Mobile Carrier Billing,8,Web,3,6,No,137.86,Yes
SOL-04736,27,Ultra,17.05,1,8.4,Yes,PayPal,7,App Store,1,2,No,262.57,Yes
SOL-04737,8,Ad-Lite,5.71,2,3.9,Yes,PayPal,7,App Store,1,3,No,0.0,Yes
SOL-04738,3,Ad-Lite,6.01,2,3.8,Yes,PayPal,4,App Store,3,2,No,81.27,Yes
SOL-04739,20,Ultra,17.37,1,5.9,No,Credit Card,5,Web,1,8,No,329.95,No
SOL-04740,6,Ultra,15.03,4,9.5,No,Gift Card,1,Web,2,2,No,67.17,No
SOL-04741,2,Standard,10.46,3,6.0,No,Gift Card,6,App Store,4,3,Yes,88.66,Yes
SOL-04742,9,Standard,11.55,5,14.1,No,Mobile Carrier Billing,3,App Store,5,9,No,172.69,Yes
SOL-04743,28,Standard,12.06,1,1.7,Yes,Mobile Carrier Billing,2,Partner Bundle,2,3,No,467.51,No
SOL-04744,7,Standard,11.07,2,7.6,No,PayPal,3,Web,4,21,No,15.08,No
SOL-04745,35,Standard,12.11,2,8.9,No,Mobile Carrier Billing,3,Web,1,16,No,575.62,Yes
SOL-04746,24,Ultra,15.74,2,14.0,Yes,Credit Card,3,Partner Bundle,1,11,No,513.14,Yes
SOL-04747,13,Standard,11.81,4,2.8,Yes,Credit Card,3,App Store,3,9,Yes,287.59,Yes
SOL-04748,34,Standard,11.19,3,2.1,Yes,Credit Card,1,App Store,2,19,No,554.23,No
SOL-04749,14,Standard,11.64,1,9.7,Yes,PayPal,1,Web,2,16,No,326.12,No
SOL-04750,20,Ad-Lite,6.21,1,6.4,No,Credit Card,3,Partner Bundle,3,15,No,213.36,No
SOL-04751,22,Standard,13.15,2,10.4,Yes,PayPal,7,Web,1,4,Yes,292.14,No
SOL-04752,29,Ad-Lite,5.32,1,19.6,No,PayPal,3,App Store,3,53,No,230.18,No
SOL-04753,7,Ad-Lite,6.95,2,6.1,No,Credit Card,2,App Store,3,15,No,3.24,No
SOL-04754,7,Ad-Lite,6.36,1,3.4,Yes,Credit Card,1,Web,2,10,No,106.55,Yes
SOL-04755,7,Standard,11.59,2,5.5,No,Credit Card,5,Partner Bundle,2,19,No,163.26,Yes
SOL-04756,12,Standard,11.2,2,11.4,Yes,Credit Card,1,Web,3,25,No,86.62,No
SOL-04757,3,Standard,12.99,5,3.6,No,Mobile Carrier Billing,2,Web,2,4,No,11.68,Yes
SOL-04758,6,Ad-Lite,7.58,4,2.7,Yes,Mobile Carrier Billing,7,App Store,1,3,No,118.62,Yes
SOL-04759,6,Ultra,17.05,2,4.0,Yes,Credit Card,3,Web,1,5,No,123.46,No
SOL-04760,20,Ad-Lite,6.84,1,6.7,Yes,Mobile Carrier Billing,4,App Store,2,14,No,121.11,No
SOL-04761,8,Ad-Lite,6.51,1,19.2,No,PayPal,2,App Store,3,14,No,4.82,No
SOL-04762,4,Standard,12.67,1,10.0,Yes,Mobile Carrier Billing,3,App Store,1,7,No,11.04,No
SOL-04763,9,Ad-Lite,5.15,2,7.3,No,PayPal,4,Web,1,6,No,47.94,No
SOL-04764,21,Ad-Lite,5.07,4,3.0,Yes,PayPal,1,Partner Bundle,2,1,No,75.27,No
SOL-04765,32,Standard,12.42,1,1.7,No,PayPal,2,App Store,3,28,No,394.23,No
SOL-04766,3,Ad-Lite,5.71,2,2.1,Yes,PayPal,3,Web,1,23,No,135.69,No
SOL-04767,6,Ad-Lite,5.11,1,4.1,Yes,Credit Card,3,Web,2,6,No,0.0,No
SOL-04768,13,Standard,10.96,5,8.4,Yes,PayPal,3,App Store,2,25,No,206.74,No
SOL-04769,23,Standard,11.6,3,2.6,Yes,Mobile Carrier Billing,3,Partner Bundle,2,22,No,181.63,No
SOL-04770,22,Ad-Lite,4.33,3,6.8,Yes,Mobile Carrier Billing,0,App Store,1,5,No,113.72,Yes
SOL-04771,3,Ad-Lite,5.64,2,6.0,Yes,Mobile Carrier Billing,4,Partner Bundle,2,6,No,0.0,Yes
SOL-04772,17,Standard,11.41,3,13.4,Yes,Credit Card,5,Partner Bundle,2,16,No,156.39,No
SOL-04773,29,Ad-Lite,7.99,1,13.6,No,Credit Card,6,App Store,5,9,No,582.51,No
SOL-04774,19,Standard,11.08,3,8.5,Yes,Gift Card,6,App Store,1,1,No,350.9,No
SOL-04775,11,Ad-Lite,6.77,4,13.3,Yes,Mobile Carrier Billing,4,App Store,1,8,Yes,176.45,Yes
SOL-04776,6,Ad-Lite,4.93,1,21.3,Yes,PayPal,4,App Store,3,30,No,64.3,Yes
SOL-04777,12,Ad-Lite,6.13,1,5.2,No,Mobile Carrier Billing,2,Web,5,6,No,87.85,Yes
SOL-04778,1,Ad-Lite,5.89,4,2.8,No,Mobile Carrier Billing,3,Web,1,2,Yes,0.0,No
SOL-04779,38,Ad-Lite,5.24,2,7.4,Yes,Mobile Carrier Billing,6,Web,2,11,Yes,328.07,No
SOL-04780,19,Ad-Lite,6.17,3,3.8,Yes,Credit Card,4,Partner Bundle,2,5,No,268.74,No
SOL-04781,1,Ultra,14.99,1,12.3,No,Mobile Carrier Billing,4,Partner Bundle,1,9,No,162.16,No
SOL-04782,40,Standard,10.79,4,8.9,No,Gift Card,1,Web,4,22,No,279.07,Yes
SOL-04783,4,Standard,10.59,4,4.1,No,Mobile Carrier Billing,4,Web,2,28,No,0.0,Yes
SOL-04784,13,Standard,13.41,3,15.1,No,Credit Card,3,Web,3,1,No,259.96,No
SOL-04785,30,Ad-Lite,5.14,2,6.0,Yes,Mobile Carrier Billing,6,Web,4,13,Yes,222.48,Yes
SOL-04786,31,Standard,13.44,4,10.5,Yes,PayPal,4,App Store,1,6,No,371.09,No
SOL-04787,10,Ad-Lite,5.1,2,8.2,Yes,PayPal,7,Partner Bundle,1,1,No,62.73,Yes
SOL-04788,20,Ad-Lite,5.36,1,10.4,Yes,PayPal,2,Web,3,2,No,0.0,No
SOL-04789,6,Ultra,17.16,2,11.7,Yes,Mobile Carrier Billing,7,Web,2,13,Yes,119.48,No
SOL-04790,24,Standard,12.68,2,21.9,No,Mobile Carrier Billing,2,App Store,3,2,No,264.64,No
SOL-04791,2,Standard,11.11,1,4.6,No,Credit Card,4,Partner Bundle,1,6,Yes,98.59,No
SOL-04792,22,Ad-Lite,4.5,2,9.5,No,PayPal,6,App Store,2,12,No,196.25,No
SOL-04793,6,Ad-Lite,5.89,2,0.8,Yes,PayPal,2,Web,4,15,No,74.44,Yes
SOL-04794,29,Standard,9.01,2,9.2,Yes,Gift Card,0,App Store,1,6,Yes,175.6,No
SOL-04795,24,Ad-Lite,5.89,1,0.8,Yes,Credit Card,2,Web,1,11,No,79.53,No
SOL-04796,11,Standard,12.27,4,7.2,Yes,Credit Card,0,Web,4,3,No,131.23,No
SOL-04797,13,Ad-Lite,5.03,5,3.7,Yes,Credit Card,4,App Store,3,3,No,101.52,No
SOL-04798,33,Ad-Lite,6.49,1,12.0,Yes,Credit Card,3,Partner Bundle,2,4,No,458.05,Yes
SOL-04799,8,Standard,11.13,2,5.5,No,Mobile Carrier Billing,2,App Store,3,8,No,135.84,No
SOL-04800,12,Ultra,18.02,1,6.0,Yes,Gift Card,2,App Store,2,9,No,243.7,No
SOL-04801,16,Ad-Lite,5.21,1,2.1,No,Credit Card,1,Partner Bundle,2,23,No,57.39,Yes
SOL-04802,4,Ultra,15.42,3,5.2,Yes,PayPal,1,Web,3,3,No,57.03,No
SOL-04803,8,Standard,11.67,2,5.4,Yes,PayPal,5,Web,1,37,No,203.48,Yes
SOL-04804,0,Standard,14.21,2,6.6,Yes,Credit Card,5,App Store,3,7,No,0.0,Yes
SOL-04805,4,Ad-Lite,5.59,2,6.1,No,PayPal,7,App Store,4,13,No,76.99,No
SOL-04806,11,Standard,10.0,2,8.5,No,Credit Card,2,App Store,5,12,No,142.17,No
SOL-04807,12,Standard,11.4,4,12.4,Yes,Gift Card,8,App Store,2,6,Yes,121.39,No
SOL-04808,6,Ad-Lite,5.05,1,6.7,No,Gift Card,2,App Store,1,5,No,108.36,Yes
SOL-04809,19,Standard,10.76,1,5.0,Yes,PayPal,1,App Store,4,6,Yes,170.39,No
SOL-04810,5,Ultra,16.38,1,3.6,Yes,Credit Card,5,App Store,4,6,No,222.38,No
SOL-04811,24,Standard,11.96,3,1.7,Yes,Mobile Carrier Billing,6,App Store,2,8,No,247.76,Yes
SOL-04812,8,Ad-Lite,6.2,1,12.8,Yes,Credit Card,5,App Store,1,7,No,168.83,Yes
SOL-04813,13,Standard,13.0,2,14.0,Yes,PayPal,6,Web,1,1,No,135.15,Yes
SOL-04814,19,Ad-Lite,5.48,3,13.1,Yes,Credit Card,6,App Store,2,11,No,168.59,No
SOL-04815,6,Standard,11.53,2,5.6,No,Credit Card,0,Web,3,13,No,37.29,Yes
SOL-04816,7,Ad-Lite,6.46,1,8.9,No,PayPal,7,App Store,2,6,No,122.78,No
SOL-04817,13,Ad-Lite,6.42,3,9.8,Yes,PayPal,2,App Store,1,25,No,39.59,Yes
SOL-04818,20,Ultra,16.23,1,1.5,Yes,Credit Card,2,Web,1,8,No,432.58,No
SOL-04819,6,Ad-Lite,6.12,2,6.8,No,Credit Card,4,App Store,4,18,No,0.0,Yes
SOL-04820,5,Ultra,15.52,1,12.0,Yes,Credit Card,1,Web,2,3,No,102.83,Yes
SOL-04821,5,Ad-Lite,6.33,3,7.7,Yes,Mobile Carrier Billing,1,Web,3,7,No,0.0,Yes
SOL-04822,14,Ad-Lite,6.85,3,15.2,Yes,PayPal,4,Web,4,2,Yes,220.47,Yes
SOL-04823,6,Ultra,16.73,2,3.2,Yes,PayPal,1,Partner Bundle,3,3,No,137.28,No
SOL-04824,27,Standard,11.12,2,9.1,Yes,Credit Card,4,App Store,3,18,No,232.95,No
SOL-04825,12,Ultra,16.63,2,7.9,No,Mobile Carrier Billing,4,App Store,5,9,No,202.96,Yes
SOL-04826,11,Standard,11.34,1,10.5,No,PayPal,2,App Store,2,26,No,132.32,No
SOL-04827,10,Ad-Lite,6.38,5,0.6,Yes,Credit Card,2,Web,2,2,No,27.74,Yes
SOL-04828,17,Ad-Lite,5.85,3,8.1,Yes,PayPal,6,App Store,5,14,Yes,65.79,Yes
SOL-04829,16,Ad-Lite,6.1,1,16.1,Yes,PayPal,2,Web,1,3,No,110.52,No
SOL-04830,6,Standard,11.8,1,4.8,Yes,Mobile Carrier Billing,2,Partner Bundle,1,1,Yes,88.11,No
SOL-04831,12,Ad-Lite,6.28,1,2.2,Yes,Gift Card,4,Partner Bundle,2,4,No,82.79,Yes
SOL-04832,22,Standard,12.63,4,8.6,No,PayPal,4,Web,1,8,Yes,250.03,No
SOL-04833,1,Ultra,20.93,5,8.6,Yes,Credit Card,7,App Store,2,6,No,91.1,Yes
SOL-04834,18,Ad-Lite,5.34,3,14.6,Yes,PayPal,5,App Store,2,4,No,69.68,No
SOL-04835,3,Ad-Lite,5.4,2,3.6,No,Mobile Carrier Billing,2,Web,3,3,No,0.0,Yes
SOL-04836,6,Ultra,14.75,1,11.9,No,Credit Card,3,App Store,3,3,Yes,163.73,Yes
SOL-04837,24,Ad-Lite,6.48,3,7.8,Yes,PayPal,2,App Store,4,9,No,244.4,Yes
SOL-04838,6,Standard,11.42,3,9.8,No,PayPal,5,Partner Bundle,3,10,No,143.25,No
SOL-04839,8,Standard,12.35,4,8.3,Yes,Mobile Carrier Billing,2,Web,2,23,No,81.89,No
SOL-04840,21,Ad-Lite,6.53,3,3.8,Yes,Mobile Carrier Billing,5,App Store,2,29,No,375.96,Yes
SOL-04841,22,Ad-Lite,7.45,4,8.4,No,Credit Card,5,Web,1,3,No,140.04,Yes
SOL-04842,17,Standard,13.3,2,3.6,Yes,Credit Card,0,Web,2,5,No,247.68,No
SOL-04843,5,Ultra,15.66,1,3.9,Yes,Mobile Carrier Billing,2,App Store,2,6,No,91.0,No
SOL-04844,6,Ad-Lite,5.94,1,5.5,No,PayPal,4,Web,3,9,No,0.0,No
SOL-04845,19,Ad-Lite,6.44,1,5.1,No,PayPal,3,Partner Bundle,1,4,No,232.87,Yes
SOL-04846,20,Ad-Lite,5.9,1,7.8,Yes,PayPal,4,App Store,3,3,No,147.35,No
SOL-04847,16,Ad-Lite,7.83,2,1.2,Yes,PayPal,2,Web,3,1,No,133.62,Yes
SOL-04848,19,Ad-Lite,7.39,3,7.2,No,PayPal,3,Web,2,7,No,154.69,Yes
SOL-04849,11,Ad-Lite,4.88,2,1.2,Yes,Credit Card,6,Partner Bundle,3,10,No,96.51,Yes
SOL-04850,19,Ad-Lite,6.72,4,11.5,Yes,PayPal,4,Web,1,18,Yes,107.08,Yes
SOL-04851,43,Ad-Lite,4.69,1,0.9,No,Gift Card,2,Partner Bundle,3,2,No,293.39,No
SOL-04852,2,Standard,11.92,2,6.6,No,Credit Card,4,Web,3,3,No,0.0,Yes
SOL-04853,1,Ultra,14.6,4,4.9,Yes,PayPal,1,Web,4,14,No,133.13,No
SOL-04854,22,Ad-Lite,8.0,2,14.6,Yes,PayPal,4,App Store,4,4,No,486.66,No
SOL-04855,3,Ultra,16.98,3,13.3,Yes,PayPal,4,Web,2,9,Yes,230.33,Yes
SOL-04856,3,Standard,11.22,4,13.9,Yes,Credit Card,3,Partner Bundle,3,4,No,12.11,Yes
SOL-04857,13,Standard,11.91,2,3.2,No,Credit Card,3,Partner Bundle,2,12,Yes,287.23,No
SOL-04858,11,Ultra,16.83,2,4.3,Yes,Mobile Carrier Billing,6,Partner Bundle,1,5,No,164.03,No
SOL-04859,5,Ad-Lite,5.77,3,6.2,Yes,Mobile Carrier Billing,4,Partner Bundle,1,10,No,75.43,Yes
SOL-04860,30,Standard,10.8,1,6.8,No,PayPal,5,Web,2,19,No,461.26,No
SOL-04861,4,Ad-Lite,5.66,1,5.8,Yes,Credit Card,2,App Store,3,4,Yes,0.0,Yes
SOL-04862,19,Ultra,17.35,2,4.6,Yes,PayPal,4,Web,5,9,Yes,698.81,No
SOL-04863,6,Ultra,16.56,2,8.5,No,Credit Card,3,Web,2,8,No,180.42,No
SOL-04864,6,Standard,13.43,3,8.5,No,Mobile Carrier Billing,3,Partner Bundle,2,5,No,19.12,No
SOL-04865,5,Ad-Lite,4.0,3,6.5,No,Mobile Carrier Billing,1,App Store,3,13,Yes,29.33,Yes
SOL-04866,6,Ad-Lite,5.73,2,2.0,No,Gift Card,3,App Store,1,4,No,62.29,No
SOL-04867,2,Standard,11.87,2,10.2,Yes,Credit Card,5,App Store,1,10,No,102.09,No
SOL-04868,8,Standard,11.38,2,8.5,Yes,Mobile Carrier Billing,2,Web,3,13,No,235.11,Yes
SOL-04869,28,Standard,10.71,5,3.7,Yes,Credit Card,3,Web,3,4,No,419.59,No
SOL-04870,6,Ultra,18.8,3,10.8,Yes,PayPal,2,Partner Bundle,4,7,No,1.69,No
SOL-04871,21,Ad-Lite,5.25,2,3.7,Yes,Credit Card,7,App Store,5,8,No,135.49,Yes
SOL-04872,35,Ad-Lite,5.48,2,10.0,Yes,Mobile Carrier Billing,2,Partner Bundle,2,8,No,124.68,Yes
SOL-04873,20,Ultra,17.4,2,15.4,No,Mobile Carrier Billing,5,App Store,3,7,No,398.81,No
SOL-04874,1,Ad-Lite,6.28,1,6.5,Yes,Gift Card,2,App Store,2,4,No,0.0,No
SOL-04875,5,Standard,14.73,3,4.6,Yes,Mobile Carrier Billing,3,Web,4,16,No,60.01,No
SOL-04876,26,Ad-Lite,6.52,3,2.8,Yes,Credit Card,2,Web,2,16,No,240.59,No
SOL-04877,11,Standard,12.24,2,7.8,Yes,PayPal,3,App Store,1,11,No,114.88,No
SOL-04878,26,Ad-Lite,5.67,3,4.1,No,PayPal,1,Web,1,7,No,142.87,No
SOL-04879,7,Ad-Lite,5.97,1,6.4,No,PayPal,2,Web,1,6,No,61.56,Yes
SOL-04880,16,Ad-Lite,6.25,2,3.5,No,Mobile Carrier Billing,7,Web,1,2,Yes,183.62,Yes
SOL-04881,10,Standard,11.03,2,2.8,No,PayPal,0,App Store,1,6,No,207.88,Yes
SOL-04882,9,Ad-Lite,5.75,4,4.3,No,Credit Card,5,Partner Bundle,2,9,Yes,0.0,No
SOL-04883,2,Ultra,19.02,4,5.2,No,Credit Card,4,App Store,2,18,No,151.93,Yes
SOL-04884,21,Standard,10.93,2,8.0,Yes,PayPal,1,Partner Bundle,2,3,No,341.21,Yes
SOL-04885,34,Ad-Lite,4.97,3,3.4,Yes,Credit Card,4,Partner Bundle,3,0,Yes,70.09,Yes
SOL-04886,18,Standard,13.37,3,10.1,No,Credit Card,4,App Store,3,17,No,285.15,No
SOL-04887,21,Ad-Lite,7.27,2,7.2,Yes,PayPal,1,Web,3,7,No,97.29,Yes
SOL-04888,10,Ultra,18.69,2,16.2,No,Mobile Carrier Billing,4,Web,1,19,Yes,170.77,Yes
SOL-04889,29,Ad-Lite,4.97,1,5.1,No,Credit Card,8,App Store,2,4,No,150.9,No
SOL-04890,14,Ad-Lite,6.37,5,7.5,No,PayPal,2,App Store,4,10,No,187.24,No
SOL-04891,36,Standard,12.48,2,4.7,No,Gift Card,2,Web,1,16,No,567.42,No
SOL-04892,26,Ultra,16.18,3,3.4,No,Mobile Carrier Billing,3,Web,1,5,No,336.18,No
SOL-04893,2,Standard,12.25,1,11.0,No,Mobile Carrier Billing,4,Partner Bundle,3,9,No,33.59,No
SOL-04894,10,Ultra,14.95,2,2.9,No,Mobile Carrier Billing,4,App Store,2,4,No,197.53,Yes
SOL-04895,21,Ad-Lite,6.78,2,5.5,No,Credit Card,5,App Store,1,11,Yes,60.41,No
SOL-04896,13,Ad-Lite,7.26,2,23.9,Yes,Mobile Carrier Billing,2,Partner Bundle,2,8,No,9.04,Yes
SOL-04897,25,Standard,12.64,3,2.9,Yes,Mobile Carrier Billing,2,Partner Bundle,2,9,No,594.8,No
SOL-04898,24,Ad-Lite,5.63,2,10.8,No,Mobile Carrier Billing,4,Partner Bundle,2,3,No,116.49,Yes
SOL-04899,5,Ad-Lite,5.79,5,3.7,Yes,Credit Card,2,App Store,2,32,No,50.25,No
SOL-04900,12,Ultra,17.99,3,8.2,Yes,PayPal,2,Web,2,5,No,208.32,Yes
SOL-04901,29,Ultra,16.63,1,5.5,Yes,PayPal,4,App Store,4,9,No,283.7,No
SOL-04902,2,Ultra,17.59,1,6.4,Yes,PayPal,4,App Store,2,9,Yes,151.51,No
SOL-04903,39,Ultra,16.66,2,7.3,No,Gift Card,3,Partner Bundle,2,10,No,917.0,No
SOL-04904,6,Ad-Lite,6.42,2,8.6,No,Mobile Carrier Billing,3,App Store,2,12,No,117.13,No
SOL-04905,10,Ad-Lite,6.12,4,13.8,Yes,Mobile Carrier Billing,3,Web,4,7,No,86.7,Yes
SOL-04906,14,Ad-Lite,6.34,2,4.0,Yes,PayPal,2,Web,1,2,No,195.3,Yes
SOL-04907,4,Standard,11.68,3,11.8,Yes,Mobile Carrier Billing,3,App Store,1,22,No,163.53,No
SOL-04908,6,Ad-Lite,6.91,2,10.5,No,Credit Card,8,App Store,2,3,No,63.6,No
SOL-04909,2,Standard,12.04,4,3.3,No,Mobile Carrier Billing,1,Web,3,7,Yes,0.0,No
SOL-04910,27,Standard,12.84,1,10.6,Yes,Mobile Carrier Billing,1,Web,2,5,No,283.95,No
SOL-04911,27,Ultra,17.89,2,5.6,Yes,Credit Card,5,Web,1,6,No,275.4,No
SOL-04912,15,Ad-Lite,6.27,1,7.5,Yes,Credit Card,0,App Store,2,6,No,60.31,Yes
SOL-04913,12,Ad-Lite,5.28,3,2.8,No,Mobile Carrier Billing,4,Web,3,7,Yes,83.59,Yes
SOL-04914,8,Standard,13.15,2,2.1,No,Mobile Carrier Billing,2,Partner Bundle,2,8,No,226.13,No
SOL-04915,17,Ad-Lite,7.92,5,4.6,No,Gift Card,4,Web,4,4,No,54.55,No
SOL-04916,19,Standard,11.73,4,7.1,No,PayPal,5,Partner Bundle,1,5,No,286.08,No
SOL-04917,11,Standard,11.87,2,4.9,Yes,Gift Card,5,App Store,1,24,No,115.78,No
SOL-04918,23,Ultra,14.95,1,5.9,Yes,Mobile Carrier Billing,1,Web,4,3,No,278.57,No
SOL-04919,20,Standard,12.54,4,7.7,Yes,Credit Card,3,App Store,2,26,No,144.9,No
SOL-04920,18,Standard,12.98,4,13.9,Yes,PayPal,4,App Store,3,4,No,187.04,Yes
SOL-04921,18,Standard,11.49,2,4.4,Yes,Credit Card,4,Web,2,17,No,127.24,No
SOL-04922,2,Ad-Lite,5.88,2,4.0,Yes,Mobile Carrier Billing,3,Partner Bundle,2,7,No,113.43,Yes
SOL-04923,5,Ad-Lite,6.14,3,4.4,No,Credit Card,7,App Store,2,20,No,0.0,Yes
SOL-04924,7,Standard,11.65,4,3.1,Yes,PayPal,5,Web,2,4,No,72.25,No
SOL-04925,9,Standard,12.48,5,6.3,Yes,PayPal,5,Partner Bundle,3,15,No,86.76,No
SOL-04926,16,Ad-Lite,5.48,3,9.1,Yes,Credit Card,2,App Store,3,6,Yes,64.51,Yes
SOL-04927,28,Standard,11.42,1,7.8,Yes,PayPal,2,Partner Bundle,1,21,No,361.19,No
SOL-04928,9,Ad-Lite,4.21,2,1.7,No,Gift Card,3,App Store,1,5,No,118.73,No
SOL-04929,3,Ad-Lite,4.42,3,7.7,Yes,Mobile Carrier Billing,2,App Store,2,7,No,24.25,No
SOL-04930,14,Ad-Lite,5.93,2,1.2,Yes,Credit Card,3,Web,2,15,No,0.0,No
SOL-04931,9,Ad-Lite,4.66,2,8.0,Yes,Credit Card,4,App Store,4,4,No,39.01,Yes
SOL-04932,24,Ad-Lite,4.52,2,3.5,No,PayPal,2,Web,3,6,Yes,250.16,No
SOL-04933,3,Ad-Lite,6.14,5,8.5,No,Credit Card,4,Partner Bundle,5,16,No,117.88,Yes
SOL-04934,5,Standard,13.17,4,3.4,No,Mobile Carrier Billing,5,Web,3,2,No,116.71,No
SOL-04935,9,Ad-Lite,6.12,2,4.8,No,Mobile Carrier Billing,4,Web,1,4,No,107.67,Yes
SOL-04936,29,Standard,11.91,2,1.1,No,Credit Card,1,App Store,2,3,No,246.59,No
SOL-04937,12,Standard,11.9,2,1.1,No,PayPal,4,Web,1,7,No,150.23,No
SOL-04938,16,Standard,12.1,2,6.5,Yes,Credit Card,4,Web,1,10,No,221.44,No
SOL-04939,1,Ad-Lite,5.71,3,5.6,Yes,Credit Card,5,App Store,4,1,No,6.5,Yes
SOL-04940,14,Standard,13.09,1,14.2,Yes,PayPal,3,App Store,4,18,No,346.57,No
SOL-04941,7,Ad-Lite,6.74,5,4.0,Yes,Mobile Carrier Billing,3,Web,2,6,No,10.63,Yes
SOL-04942,21,Standard,10.68,3,13.1,Yes,PayPal,4,Partner Bundle,3,11,No,209.64,No
SOL-04943,15,Ad-Lite,5.51,2,2.1,No,Mobile Carrier Billing,5,Partner Bundle,2,8,No,92.22,No
SOL-04944,16,Ad-Lite,6.19,4,3.7,Yes,Mobile Carrier Billing,2,App Store,1,1,No,14.91,No
SOL-04945,0,Ad-Lite,6.59,3,9.7,Yes,Gift Card,2,App Store,3,13,No,0.0,Yes
SOL-04946,1,Standard,11.67,1,13.8,Yes,Gift Card,5,App Store,3,4,No,0.0,Yes
SOL-04947,22,Standard,12.57,2,1.1,No,Credit Card,3,Web,2,23,No,762.58,No
SOL-04948,31,Standard,11.37,3,28.1,Yes,Credit Card,4,Partner Bundle,2,4,Yes,379.21,No
SOL-04949,2,Ultra,18.41,1,22.4,Yes,PayPal,2,App Store,1,1,Yes,42.13,No
SOL-04950,25,Standard,12.12,2,9.8,No,PayPal,2,Partner Bundle,2,10,No,346.94,No
SOL-04951,10,Ad-Lite,5.26,3,3.9,Yes,PayPal,7,Web,1,3,No,30.56,Yes
SOL-04952,4,Ad-Lite,5.59,1,13.5,No,PayPal,3,App Store,4,8,No,78.56,No
SOL-04953,18,Ad-Lite,5.75,4,2.8,Yes,Credit Card,2,App Store,3,4,No,104.15,Yes
SOL-04954,11,Standard,11.77,1,7.4,No,PayPal,3,App Store,5,7,Yes,220.75,No
SOL-04955,0,Ad-Lite,5.88,1,9.6,No,Credit Card,5,Web,2,6,No,89.89,Yes
SOL-04956,14,Standard,13.61,1,17.5,Yes,PayPal,4,Web,1,1,No,106.8,No
SOL-04957,1,Ultra,17.15,3,9.9,Yes,PayPal,4,App Store,3,23,No,56.55,No
SOL-04958,15,Ad-Lite,5.28,2,3.3,Yes,PayPal,4,Web,4,16,No,27.18,Yes
SOL-04959,17,Ultra,16.75,4,9.3,Yes,Credit Card,4,Partner Bundle,1,8,No,296.43,No
SOL-04960,18,Ad-Lite,8.0,3,9.5,Yes,Credit Card,0,Partner Bundle,3,5,No,159.09,Yes
SOL-04961,8,Standard,12.46,2,4.3,No,PayPal,4,Partner Bundle,1,8,No,76.6,No
SOL-04962,37,Standard,11.28,4,7.0,Yes,Mobile Carrier Billing,7,App Store,2,8,No,667.33,No
SOL-04963,13,Standard,13.84,1,8.3,Yes,Credit Card,3,App Store,2,3,No,208.94,No
SOL-04964,15,Standard,10.7,2,3.9,Yes,Gift Card,4,Partner Bundle,3,26,Yes,220.57,No
SOL-04965,26,Standard,11.22,1,11.6,Yes,Mobile Carrier Billing,2,Web,3,5,No,431.51,No
SOL-04966,3,Ad-Lite,7.41,2,8.1,Yes,Credit Card,2,App Store,2,2,Yes,0.0,Yes
SOL-04967,6,Ultra,18.69,3,9.0,Yes,Credit Card,5,App Store,2,8,No,148.06,No
SOL-04968,3,Standard,11.45,3,3.3,No,Gift Card,2,Partner Bundle,1,20,Yes,20.66,No
SOL-04969,17,Standard,9.11,1,14.9,Yes,Credit Card,4,App Store,3,11,No,180.02,Yes
SOL-04970,9,Standard,10.17,2,9.2,Yes,Credit Card,2,App Store,2,2,No,52.46,Yes
SOL-04971,1,Standard,11.94,2,7.8,Yes,PayPal,1,App Store,3,3,No,0.0,Yes
SOL-04972,16,Ultra,15.27,1,19.2,No,PayPal,8,Web,3,3,No,460.73,No
SOL-04973,17,Ultra,13.58,1,8.5,No,Credit Card,3,Web,1,3,No,148.07,No
SOL-04974,23,Ultra,16.06,2,3.1,Yes,Credit Card,3,Partner Bundle,4,2,No,459.88,No
SOL-04975,10,Ad-Lite,6.22,1,5.4,Yes,Credit Card,6,Web,3,4,No,87.77,No
SOL-04976,12,Ad-Lite,5.13,2,15.3,No,Credit Card,5,Web,5,14,No,43.03,Yes
SOL-04977,7,Standard,12.6,3,8.6,Yes,Mobile Carrier Billing,7,Partner Bundle,1,3,No,167.27,Yes
SOL-04978,4,Standard,12.04,5,3.2,Yes,Credit Card,4,App Store,2,24,No,0.0,Yes
SOL-04979,10,Standard,12.9,3,0.7,Yes,Mobile Carrier Billing,6,Partner Bundle,1,44,No,177.52,Yes
SOL-04980,22,Ad-Lite,7.83,1,9.5,No,PayPal,0,App Store,2,7,Yes,177.45,No
SOL-04981,22,Standard,12.27,3,6.1,Yes,Gift Card,2,App Store,3,10,No,373.73,No
SOL-04982,17,Ultra,17.21,3,9.0,No,Gift Card,3,App Store,3,2,No,332.64,No
SOL-04983,12,Standard,11.63,3,5.2,Yes,Credit Card,6,App Store,2,2,No,58.49,No
SOL-04984,8,Standard,12.1,5,14.8,Yes,Mobile Carrier Billing,5,App Store,1,10,No,315.48,No
SOL-04985,2,Standard,12.7,3,8.4,Yes,Mobile Carrier Billing,3,App Store,2,25,No,91.9,No
SOL-04986,26,Ad-Lite,6.75,4,5.6,No,Credit Card,0,Partner Bundle,2,3,Yes,191.91,No
SOL-04987,19,Ad-Lite,6.84,4,14.0,Yes,Credit Card,6,Web,2,9,No,26.56,No
SOL-04988,7,Standard,12.16,1,1.9,Yes,PayPal,2,Web,2,1,No,0.0,No
SOL-04989,12,Standard,12.32,4,5.1,Yes,Mobile Carrier Billing,0,Web,1,30,No,83.51,No
SOL-04990,21,Ad-Lite,5.87,4,7.3,No,Gift Card,6,Web,3,5,No,94.24,No
SOL-04991,20,Standard,13.27,3,1.3,Yes,Mobile Carrier Billing,4,Partner Bundle,1,3,No,318.22,No
SOL-04992,31,Standard,13.23,2,4.9,Yes,Credit Card,1,App Store,1,3,No,202.23,No
SOL-04993,17,Ad-Lite,6.45,4,4.8,Yes,Credit Card,4,Partner Bundle,1,4,No,129.12,Yes
SOL-04994,34,Standard,10.76,3,7.4,Yes,Credit Card,4,App Store,2,14,No,241.38,No
SOL-04995,9,Standard,9.65,2,9.0,Yes,Credit Card,8,Web,1,5,No,164.1,No
SOL-04996,19,Ad-Lite,6.81,1,3.2,Yes,Credit Card,2,Web,1,4,No,275.15,Yes
SOL-04997,2,Standard,10.77,1,3.8,No,Mobile Carrier Billing,2,App Store,1,7,No,7.07,Yes
SOL-04998,4,Ad-Lite,4.7,1,4.5,No,Mobile Carrier Billing,4,Web,2,5,No,82.65,No
SOL-04999,26,Ultra,17.76,3,2.5,No,Credit Card,5,App Store,1,5,Yes,1731.6,No
SOL-05000,12,Ad-Lite,6.09,2,2.6,Yes,PayPal,0,App Store,1,3,No,115.75,Yes
