customer_id,churned,monthly_bill,tenure_months,estimated_customer_value,plan_type,num_lines,has_international_plan,data_overage_gb,autopay_enabled,device_financing_active,network_type,support_calls_ytd,days_since_last_upgrade,family_plan_member,satisfaction_score
MRD-000001,No,67.63,2,0.0,Plus,1,Yes,7.67,Yes,No,4G,2,503,No,7
MRD-000002,Yes,36.72,36,1815.25,Basic,2,Yes,1.13,No,Yes,5G,1,64,No,7
MRD-000003,No,69.24,76,2424.26,Plus,1,No,0.83,Yes,No,5G,1,891,No,4
MRD-000004,No,120.78,89,5628.74,Premium,3,No,2.26,Yes,No,5G,0,994,Yes,2
MRD-000005,No,64.04,94,5822.49,Plus,1,Yes,1.7,Yes,Yes,4G,2,540,No,6
MRD-000006,No,102.6,81,14327.07,Premium,1,No,2.48,Yes,Yes,5G,0,659,No,4
MRD-000007,No,56.0,59,2581.39,Plus,1,No,2.99,Yes,No,4G,2,841,No,8
MRD-000008,No,34.1,70,5342.4,Basic,3,Yes,3.57,No,No,5G,4,1441,Yes,8
MRD-000009,No,37.61,5,565.29,Basic,1,No,2.24,Yes,Yes,5G,2,1392,No,2
MRD-000010,No,51.58,5,162.82,Plus,2,Yes,1.27,Yes,Yes,4G,3,592,No,5
MRD-000011,No,55.3,82,3704.29,Plus,1,Yes,1.94,Yes,Yes,5G,0,426,No,10
MRD-000012,No,42.22,67,2399.84,Plus,4,No,1.75,Yes,No,4G,2,931,Yes,4
MRD-000013,No,99.77,45,2816.94,Premium,2,No,1.63,Yes,No,4G,1,696,No,1
MRD-000014,Yes,35.59,54,1791.94,Basic,4,Yes,1.92,Yes,No,4G,0,1479,Yes,8
MRD-000015,No,46.2,44,1838.58,Basic,1,No,2.08,Yes,Yes,5G,0,483,No,3
MRD-000016,No,31.12,32,1448.49,Basic,1,No,7.43,Yes,Yes,5G,2,394,No,4
MRD-000017,No,38.05,48,1332.71,Basic,3,Yes,0.53,Yes,No,5G,3,336,Yes,3
MRD-000018,No,72.1,25,2282.42,Plus,3,No,0.68,Yes,Yes,5G,1,836,Yes,2
MRD-000019,Yes,67.12,27,6226.71,Plus,2,Yes,1.47,Yes,Yes,5G,2,1122,No,2
MRD-000020,No,62.55,83,7772.91,Plus,1,No,6.98,No,Yes,4G,0,626,No,10
MRD-000021,No,41.99,0,128.75,Basic,1,No,10.89,No,Yes,4G,0,347,No,2
MRD-000022,No,46.83,84,2870.08,Basic,1,No,2.35,No,No,5G,1,1451,No,1
MRD-000023,No,67.12,83,5103.07,Plus,5,No,2.27,Yes,No,4G,1,1098,Yes,9
MRD-000024,No,23.44,38,878.47,Basic,1,No,3.18,Yes,No,5G,2,1241,No,7
MRD-000025,No,55.66,93,6839.88,Plus,2,No,3.05,Yes,No,5G,1,936,No,6
MRD-000026,No,106.77,86,7663.34,Premium,5,No,0.69,No,No,5G,1,349,Yes,6
MRD-000027,No,92.05,61,5806.08,Premium,1,No,10.45,Yes,No,4G,1,270,No,8
MRD-000028,No,37.45,54,837.55,Basic,4,Yes,1.18,Yes,No,5G,2,676,Yes,2
MRD-000029,No,96.13,12,452.99,Premium,1,Yes,0.31,Yes,No,5G,0,1177,No,1
MRD-000030,No,30.69,47,1736.18,Basic,2,Yes,4.46,No,No,5G,0,23,No,9
MRD-000031,Yes,58.17,94,6978.08,Plus,2,No,10.37,Yes,No,5G,0,80,No,3
MRD-000032,No,38.65,52,3980.58,Basic,3,No,17.87,No,No,4G,2,1445,Yes,7
MRD-000033,No,97.04,10,698.97,Premium,3,No,0.62,Yes,No,5G,1,1182,Yes,4
MRD-000034,No,54.7,74,1838.93,Plus,1,No,4.21,Yes,No,5G,3,102,No,3
MRD-000035,No,94.61,15,1188.48,Premium,3,No,1.91,Yes,No,4G,0,718,Yes,9
MRD-000036,Yes,47.45,0,0.0,Plus,1,No,2.43,Yes,No,4G,1,273,No,5
MRD-000037,No,57.65,69,3228.04,Plus,5,Yes,1.04,No,Yes,5G,1,216,Yes,9
MRD-000038,No,60.24,21,1020.73,Plus,2,No,1.06,Yes,No,5G,0,154,No,10
MRD-000039,No,53.48,12,238.55,Plus,2,No,0.3,No,No,4G,0,75,No,10
MRD-000040,No,99.77,47,4558.86,Premium,1,No,4.28,No,No,4G,3,379,No,2
MRD-000041,No,53.98,5,433.0,Plus,1,No,2.02,Yes,No,4G,0,1460,No,7
MRD-000042,No,34.09,73,1833.6,Basic,2,No,1.63,Yes,No,4G,0,1426,No,6
MRD-000043,No,111.79,30,2483.07,Premium,2,No,3.47,Yes,No,4G,2,1197,No,3
MRD-000044,Yes,31.7,20,689.99,Basic,1,No,3.52,Yes,No,5G,4,737,No,1
MRD-000045,No,55.52,45,1059.06,Plus,1,No,0.62,Yes,No,4G,2,1426,No,10
MRD-000046,No,60.05,64,8198.55,Plus,1,Yes,0.93,No,No,4G,1,560,No,4
MRD-000047,No,37.09,34,3030.67,Basic,1,No,2.43,Yes,No,5G,3,576,No,1
MRD-000048,Yes,68.48,65,5089.4,Plus,3,No,15.63,Yes,Yes,5G,2,555,Yes,2
MRD-000049,No,100.78,39,5531.24,Premium,2,No,1.39,Yes,Yes,4G,1,26,No,5
MRD-000050,No,58.27,33,1579.44,Plus,1,Yes,4.03,Yes,Yes,5G,2,1082,No,8
MRD-000051,No,35.58,45,1840.28,Basic,1,Yes,6.06,Yes,No,5G,1,226,No,4
MRD-000052,No,51.39,39,1960.96,Plus,3,No,1.57,Yes,Yes,5G,0,931,Yes,10
MRD-000053,No,36.87,88,4614.98,Basic,1,No,5.97,Yes,No,5G,2,854,No,10
MRD-000054,No,53.08,44,4476.71,Plus,5,No,1.09,No,Yes,5G,2,1074,Yes,5
MRD-000055,No,105.81,16,2774.91,Premium,4,No,1.04,Yes,No,4G,4,307,Yes,3
MRD-000056,Yes,58.98,30,2049.64,Plus,2,No,0.97,Yes,Yes,5G,0,1116,No,6
MRD-000057,No,61.74,70,7235.07,Plus,4,No,3.33,Yes,No,5G,1,534,Yes,9
MRD-000058,No,32.11,68,4380.5,Basic,2,No,3.17,Yes,Yes,5G,2,679,No,1
MRD-000059,No,25.44,88,1431.49,Basic,2,No,2.46,No,No,5G,1,1398,No,4
MRD-000060,No,52.17,81,2011.79,Plus,1,No,1.2,Yes,No,4G,3,415,No,7
MRD-000061,Yes,63.23,49,3477.17,Plus,2,No,2.06,Yes,Yes,5G,1,946,No,2
MRD-000062,No,65.75,17,991.15,Plus,4,No,0.55,No,No,5G,1,96,Yes,5
MRD-000063,No,88.65,78,8595.53,Premium,2,No,2.01,No,Yes,4G,0,959,No,3
MRD-000064,No,34.4,4,220.98,Basic,1,No,6.17,Yes,Yes,5G,1,598,No,10
MRD-000065,Yes,36.65,5,557.27,Basic,4,No,4.66,Yes,Yes,4G,2,673,Yes,3
MRD-000066,No,113.3,82,18633.5,Premium,5,No,3.81,Yes,No,5G,0,506,Yes,8
MRD-000067,No,96.99,47,3199.46,Premium,3,No,0.24,Yes,No,4G,2,728,Yes,5
MRD-000068,No,52.62,42,1471.54,Plus,4,No,1.2,Yes,No,4G,1,957,Yes,6
MRD-000069,No,38.3,76,1890.54,Basic,2,No,5.24,No,Yes,5G,1,797,No,9
MRD-000070,No,105.67,67,6990.16,Premium,3,No,2.32,Yes,No,5G,2,775,Yes,4
MRD-000071,No,38.97,54,2246.29,Basic,2,No,3.3,No,No,5G,1,680,No,9
MRD-000072,No,85.83,65,4078.3,Premium,1,No,1.79,Yes,No,5G,1,755,No,1
MRD-000073,Yes,37.81,10,772.33,Basic,5,No,3.8,No,No,5G,3,251,Yes,3
MRD-000074,No,103.13,79,8456.2,Premium,2,No,1.53,Yes,No,5G,6,727,No,10
MRD-000075,No,54.74,28,2194.3,Plus,3,No,5.75,Yes,Yes,5G,1,666,Yes,2
MRD-000076,No,37.48,56,3129.94,Basic,1,No,6.35,No,Yes,5G,1,1040,No,10
MRD-000077,No,54.4,86,9089.36,Plus,1,No,1.29,Yes,No,5G,1,426,No,3
MRD-000078,No,80.28,89,7315.3,Premium,2,Yes,4.19,No,Yes,5G,0,1319,No,9
MRD-000079,No,74.81,10,644.05,Plus,3,No,4.63,No,No,5G,1,890,Yes,3
MRD-000080,No,109.68,28,3368.67,Premium,5,No,0.12,No,No,5G,4,1030,Yes,9
MRD-000081,Yes,63.05,79,5754.18,Plus,3,No,3.11,No,No,5G,1,316,Yes,6
MRD-000082,No,61.81,43,2883.36,Plus,3,Yes,4.28,Yes,Yes,4G,0,146,Yes,7
MRD-000083,No,61.4,66,4099.21,Plus,1,No,13.03,No,No,5G,1,1450,No,8
MRD-000084,No,69.78,26,2279.48,Plus,1,No,3.23,Yes,Yes,5G,1,767,No,7
MRD-000085,No,60.84,62,3066.36,Plus,1,No,0.18,No,No,4G,0,594,No,6
MRD-000086,No,28.39,34,853.99,Basic,1,Yes,2.19,No,Yes,5G,1,1303,No,10
MRD-000087,No,66.65,40,2379.45,Plus,2,No,1.94,Yes,No,4G,3,533,No,6
MRD-000088,Yes,51.92,31,2148.67,Plus,3,No,0.74,No,Yes,5G,3,102,Yes,8
MRD-000089,No,58.08,93,5681.51,Plus,2,No,4.92,No,Yes,5G,1,970,No,3
MRD-000090,Yes,39.16,54,1142.62,Basic,2,No,1.51,No,No,5G,1,643,No,9
MRD-000091,No,31.8,65,2664.31,Basic,3,No,1.99,No,No,5G,3,1070,Yes,1
MRD-000092,No,30.59,85,5095.2,Basic,3,No,1.18,No,Yes,5G,3,1086,Yes,4
MRD-000093,No,89.19,22,1966.46,Premium,3,No,2.44,No,No,5G,2,455,Yes,10
MRD-000094,No,58.4,23,1181.68,Plus,3,No,0.9,Yes,No,5G,5,938,Yes,6
MRD-000095,No,34.89,73,1641.19,Basic,3,Yes,1.58,Yes,No,4G,2,133,Yes,9
MRD-000096,No,46.11,39,6688.01,Plus,1,No,3.32,Yes,No,5G,0,39,No,1
MRD-000097,No,54.95,51,3712.81,Plus,4,Yes,6.27,Yes,Yes,5G,0,450,Yes,1
MRD-000098,No,107.6,93,11913.83,Premium,1,No,6.67,Yes,No,4G,2,234,No,10
MRD-000099,No,60.3,71,2518.82,Plus,2,Yes,0.41,Yes,No,5G,0,714,No,3
MRD-000100,No,21.94,94,1768.83,Basic,1,No,9.73,Yes,Yes,5G,0,791,No,8
MRD-000101,No,65.91,73,7785.52,Plus,4,No,3.02,Yes,No,5G,4,1163,Yes,3
MRD-000102,No,35.72,84,2795.4,Basic,2,No,5.64,Yes,No,5G,2,208,No,9
MRD-000103,No,73.67,57,6638.27,Plus,2,No,4.54,Yes,Yes,5G,3,1144,No,10
MRD-000104,No,56.79,89,7448.09,Plus,2,No,5.79,No,No,5G,1,940,No,10
MRD-000105,No,102.45,24,1199.74,Premium,1,No,6.63,No,Yes,5G,3,319,No,7
MRD-000106,No,83.69,63,9129.24,Premium,1,No,3.16,No,No,5G,4,990,No,8
MRD-000107,Yes,100.95,72,15705.21,Premium,4,No,3.16,Yes,No,5G,2,1023,Yes,7
MRD-000108,Yes,40.33,68,2998.94,Basic,2,No,1.29,No,No,5G,2,756,No,3
MRD-000109,No,36.13,81,2484.7,Basic,1,No,6.88,No,Yes,5G,1,219,No,7
MRD-000110,No,99.5,20,1637.34,Premium,1,Yes,0.85,Yes,No,4G,2,64,No,4
MRD-000111,Yes,37.02,90,2908.05,Basic,5,No,3.84,No,No,5G,2,103,Yes,6
MRD-000112,No,95.83,58,6206.26,Premium,1,No,6.63,No,No,5G,3,593,No,5
MRD-000113,No,55.19,51,2167.63,Plus,5,No,7.05,No,No,5G,6,494,Yes,3
MRD-000114,No,34.07,94,4101.44,Basic,1,Yes,1.36,Yes,Yes,5G,4,761,No,10
MRD-000115,No,68.45,54,4928.91,Plus,2,Yes,0.92,No,Yes,5G,1,233,No,5
MRD-000116,Yes,36.77,45,1350.17,Basic,1,No,1.31,Yes,No,5G,1,1032,No,10
MRD-000117,No,59.13,40,3729.33,Plus,3,No,3.53,No,Yes,5G,1,409,Yes,2
MRD-000118,No,57.9,69,3185.7,Plus,2,Yes,1.42,Yes,Yes,4G,2,190,No,9
MRD-000119,No,38.43,37,2567.24,Basic,1,No,1.04,No,Yes,5G,4,142,No,2
MRD-000120,No,38.37,13,794.13,Basic,2,No,2.59,No,Yes,4G,0,794,No,5
MRD-000121,Yes,37.53,84,3495.37,Basic,3,No,1.31,Yes,No,4G,1,658,Yes,2
MRD-000122,No,92.3,85,9847.69,Premium,1,Yes,3.83,Yes,No,4G,1,1215,No,9
MRD-000123,No,64.34,1,253.53,Plus,1,No,3.78,Yes,Yes,5G,1,213,No,8
MRD-000124,No,34.58,47,1331.59,Basic,2,No,4.46,No,Yes,4G,1,1145,No,8
MRD-000125,No,99.31,82,8762.74,Premium,3,No,5.36,No,No,4G,4,845,Yes,5
MRD-000126,No,38.97,80,2997.57,Basic,2,Yes,2.79,Yes,No,4G,1,977,No,10
MRD-000127,No,106.31,48,4189.08,Premium,2,No,2.4,Yes,Yes,5G,1,101,No,3
MRD-000128,No,94.42,19,3071.12,Premium,2,Yes,3.48,Yes,Yes,4G,1,769,No,1
MRD-000129,No,101.71,83,8194.21,Premium,3,No,1.03,No,Yes,4G,2,496,Yes,10
MRD-000130,No,97.07,13,1397.03,Premium,1,No,4.79,Yes,No,5G,0,644,No,1
MRD-000131,No,37.96,92,7443.81,Basic,3,Yes,2.21,No,Yes,5G,0,182,Yes,8
MRD-000132,No,36.31,53,2112.68,Basic,4,No,11.01,Yes,No,4G,3,138,Yes,2
MRD-000133,No,95.17,47,2553.56,Premium,3,Yes,0.88,Yes,No,4G,0,1104,Yes,2
MRD-000134,No,69.83,81,8287.28,Plus,2,Yes,2.27,Yes,No,5G,2,1472,No,4
MRD-000135,No,84.83,54,6135.71,Premium,2,Yes,5.43,Yes,No,5G,1,131,No,6
MRD-000136,No,53.28,57,3740.62,Plus,3,Yes,4.26,Yes,No,5G,1,515,Yes,4
MRD-000137,No,67.72,41,2760.87,Plus,1,No,1.04,Yes,No,5G,1,330,No,6
MRD-000138,No,105.91,69,9754.49,Premium,1,No,3.15,Yes,No,5G,0,133,No,9
MRD-000139,No,106.27,61,5083.42,Premium,3,No,1.27,Yes,Yes,5G,2,281,Yes,1
MRD-000140,No,107.1,46,4557.97,Premium,3,No,5.15,Yes,No,4G,0,78,Yes,3
MRD-000141,No,35.49,6,284.76,Basic,4,No,5.46,Yes,No,4G,1,220,Yes,5
MRD-000142,No,36.61,55,3279.15,Basic,2,No,2.84,Yes,No,4G,4,606,No,10
MRD-000143,No,33.88,86,1509.06,Basic,3,Yes,2.86,Yes,Yes,5G,4,104,Yes,9
MRD-000144,No,59.31,16,827.55,Plus,2,No,2.65,Yes,No,5G,1,325,No,9
MRD-000145,Yes,38.02,48,2114.06,Basic,1,No,1.54,Yes,Yes,5G,1,1420,No,9
MRD-000146,Yes,37.12,1,190.04,Basic,1,No,13.76,Yes,Yes,4G,3,587,No,4
MRD-000147,No,53.38,42,1508.65,Plus,1,Yes,1.35,No,No,4G,1,538,No,10
MRD-000148,No,60.84,60,5210.41,Plus,1,No,0.93,Yes,No,4G,1,1141,No,7
MRD-000149,No,55.52,30,1227.48,Plus,2,No,7.25,Yes,No,5G,4,482,No,4
MRD-000150,Yes,36.58,41,1463.93,Basic,2,No,8.38,Yes,Yes,5G,2,1337,No,3
MRD-000151,Yes,35.43,65,2700.59,Basic,1,No,1.86,Yes,No,4G,2,834,No,7
MRD-000152,Yes,41.6,37,2004.94,Basic,1,Yes,1.59,No,No,4G,2,1074,No,1
MRD-000153,Yes,31.14,5,176.56,Basic,4,Yes,4.19,Yes,Yes,5G,2,1029,Yes,3
MRD-000154,No,94.76,10,927.92,Premium,2,No,1.05,Yes,No,5G,1,53,No,1
MRD-000155,No,77.64,74,16764.61,Plus,1,No,10.48,Yes,Yes,5G,1,230,No,4
MRD-000156,Yes,60.22,25,524.96,Plus,1,No,3.57,No,Yes,5G,0,501,No,1
MRD-000157,No,48.34,30,1196.49,Plus,4,No,6.52,Yes,No,5G,1,1022,Yes,4
MRD-000158,No,34.02,65,4627.71,Basic,3,No,1.82,No,Yes,4G,1,203,Yes,4
MRD-000159,No,37.33,46,1049.29,Basic,2,No,0.2,Yes,No,4G,1,802,No,4
MRD-000160,No,53.74,24,3625.13,Plus,1,No,1.25,Yes,Yes,5G,0,898,No,6
MRD-000161,No,39.72,79,5322.61,Basic,3,Yes,9.13,Yes,No,4G,4,1433,Yes,10
MRD-000162,Yes,41.64,74,2827.82,Basic,3,No,4.29,Yes,Yes,5G,1,124,Yes,2
MRD-000163,Yes,32.54,63,1032.0,Basic,2,No,1.84,Yes,Yes,5G,2,1124,No,7
MRD-000164,No,90.01,12,1116.75,Premium,1,No,0.05,Yes,No,5G,0,152,No,1
MRD-000165,No,24.71,72,1345.19,Basic,3,No,4.52,Yes,Yes,4G,2,943,Yes,10
MRD-000166,No,65.25,62,3653.09,Plus,3,No,0.59,Yes,No,5G,1,1332,Yes,6
MRD-000167,Yes,32.61,49,2661.96,Basic,1,Yes,1.54,Yes,No,5G,1,297,No,1
MRD-000168,No,100.62,35,3473.09,Premium,2,No,1.26,No,No,4G,0,993,No,9
MRD-000169,No,35.29,37,3011.49,Basic,4,Yes,9.09,No,Yes,5G,0,678,Yes,2
MRD-000170,Yes,35.0,62,2912.49,Basic,4,No,1.13,No,No,4G,2,1117,Yes,1
MRD-000171,No,56.6,66,3547.24,Plus,3,No,4.5,No,Yes,5G,0,681,Yes,6
MRD-000172,No,46.29,88,2952.98,Basic,2,No,4.73,Yes,No,5G,1,396,No,4
MRD-000173,Yes,59.22,2,67.57,Plus,2,No,4.18,No,No,4G,2,801,No,7
MRD-000174,No,59.91,71,3550.43,Plus,4,No,2.23,No,Yes,5G,1,917,Yes,5
MRD-000175,No,31.61,59,3019.55,Basic,2,No,2.48,Yes,No,5G,1,109,No,2
MRD-000176,No,32.29,95,2747.47,Basic,1,No,1.26,Yes,Yes,5G,3,799,No,1
MRD-000177,No,67.18,25,1712.5,Plus,1,No,22.87,Yes,Yes,4G,0,346,No,2
MRD-000178,No,31.34,57,3664.67,Basic,4,No,4.39,No,Yes,4G,2,825,Yes,10
MRD-000179,Yes,29.82,86,4332.88,Basic,3,No,4.66,Yes,No,5G,1,277,Yes,4
MRD-000180,Yes,34.1,63,1159.72,Basic,1,Yes,0.44,Yes,No,5G,4,1420,No,7
MRD-000181,No,95.18,20,1391.47,Premium,2,No,0.35,Yes,No,5G,0,354,No,3
MRD-000182,No,67.8,42,5113.71,Plus,5,No,3.21,No,No,4G,0,602,Yes,5
MRD-000183,No,45.58,13,482.79,Plus,2,Yes,10.37,No,No,5G,3,1235,No,6
MRD-000184,No,103.98,63,5865.66,Premium,1,No,1.12,Yes,No,5G,0,634,No,8
MRD-000185,No,61.93,66,2403.7,Plus,2,No,3.99,Yes,No,4G,0,146,No,2
MRD-000186,No,62.66,59,3527.55,Plus,2,Yes,8.57,Yes,No,5G,4,185,No,9
MRD-000187,No,49.45,58,3401.57,Plus,2,No,2.07,Yes,No,5G,0,580,No,3
MRD-000188,No,100.04,21,1205.25,Premium,3,No,3.39,Yes,No,4G,2,1,Yes,8
MRD-000189,No,30.92,3,0.0,Basic,2,No,0.95,No,No,4G,1,1070,No,7
MRD-000190,No,38.76,49,3727.6,Basic,5,Yes,1.38,No,Yes,5G,1,959,Yes,3
MRD-000191,No,39.48,29,1065.22,Basic,2,No,5.08,Yes,No,4G,0,262,No,2
MRD-000192,Yes,34.1,91,3084.74,Basic,1,No,1.27,No,No,5G,5,758,No,9
MRD-000193,Yes,40.67,81,4896.14,Basic,2,No,10.96,Yes,No,4G,3,1187,No,1
MRD-000194,Yes,43.2,60,2965.61,Basic,2,No,1.93,Yes,Yes,4G,1,1458,No,2
MRD-000195,No,35.74,42,2172.15,Basic,1,No,4.22,Yes,Yes,4G,1,1024,No,5
MRD-000196,No,80.6,27,3442.13,Premium,1,No,2.63,No,No,5G,1,1486,No,9
MRD-000197,No,91.8,36,2900.62,Premium,3,No,1.36,Yes,Yes,4G,0,40,Yes,4
MRD-000198,No,114.73,53,8840.57,Premium,5,Yes,3.96,Yes,Yes,4G,2,537,Yes,2
MRD-000199,Yes,36.11,75,1638.98,Basic,2,No,4.25,Yes,No,4G,0,25,No,2
MRD-000200,Yes,42.54,4,264.85,Basic,1,No,5.87,Yes,Yes,5G,1,209,No,2
MRD-000201,Yes,40.28,82,3812.85,Basic,1,No,0.56,Yes,No,4G,0,755,No,6
MRD-000202,No,65.06,27,593.61,Plus,4,No,6.2,Yes,No,5G,0,1390,Yes,8
MRD-000203,Yes,110.18,19,2084.9,Premium,4,No,0.66,Yes,Yes,4G,5,71,Yes,9
MRD-000204,No,56.85,20,1340.48,Plus,4,No,2.51,No,No,5G,2,714,Yes,4
MRD-000205,Yes,32.02,79,2145.86,Basic,1,No,2.97,Yes,No,5G,2,314,No,2
MRD-000206,No,39.31,86,3141.8,Basic,4,No,1.13,No,Yes,5G,2,32,Yes,4
MRD-000207,No,35.76,18,353.79,Basic,2,No,1.53,Yes,No,5G,4,315,No,4
MRD-000208,No,66.18,77,3855.95,Plus,2,No,1.74,Yes,No,5G,1,60,No,1
MRD-000209,No,60.99,4,539.61,Plus,1,No,0.76,No,Yes,4G,2,1007,No,5
MRD-000210,No,93.88,1,257.7,Premium,2,No,0.63,No,No,5G,1,198,No,10
MRD-000211,No,103.51,82,15863.51,Premium,1,No,0.36,Yes,No,5G,1,768,No,8
MRD-000212,No,91.06,14,1181.52,Premium,2,No,3.43,Yes,No,4G,3,140,No,3
MRD-000213,No,83.24,91,5782.23,Premium,2,No,6.75,Yes,Yes,5G,5,1459,No,9
MRD-000214,No,23.85,53,2206.94,Basic,2,Yes,0.66,Yes,Yes,5G,1,1174,No,8
MRD-000215,No,100.09,29,2839.47,Premium,2,Yes,0.2,No,No,5G,2,491,No,5
MRD-000216,No,55.8,48,1333.55,Plus,1,No,1.17,Yes,Yes,4G,3,202,No,3
MRD-000217,No,81.32,3,656.59,Premium,1,Yes,4.73,Yes,Yes,5G,2,879,No,10
MRD-000218,No,57.09,41,4101.14,Plus,2,No,5.73,Yes,No,5G,1,1383,No,2
MRD-000219,No,27.55,46,1626.98,Basic,3,No,5.81,Yes,Yes,5G,2,392,Yes,6
MRD-000220,No,97.69,88,10177.5,Premium,1,No,7.49,Yes,No,5G,0,1082,No,7
MRD-000221,No,55.05,65,2998.73,Plus,1,No,5.86,Yes,Yes,5G,1,886,No,2
MRD-000222,Yes,62.14,10,1039.13,Plus,5,Yes,0.24,Yes,Yes,5G,2,405,Yes,3
MRD-000223,Yes,39.22,63,1566.33,Basic,4,No,0.82,No,No,5G,2,59,Yes,5
MRD-000224,No,52.48,20,422.54,Plus,1,No,5.63,Yes,No,5G,1,182,No,8
MRD-000225,No,33.55,58,2292.75,Basic,4,No,5.61,Yes,No,5G,0,1244,Yes,7
MRD-000226,Yes,27.95,12,440.76,Basic,2,No,7.32,Yes,Yes,5G,4,757,No,10
MRD-000227,Yes,28.82,77,2096.69,Basic,1,No,6.34,Yes,Yes,4G,2,462,No,3
MRD-000228,No,97.14,5,1109.19,Premium,2,No,9.15,Yes,Yes,4G,1,204,No,6
MRD-000229,Yes,36.11,1,260.15,Basic,1,No,2.06,Yes,No,5G,1,1435,No,2
MRD-000230,No,37.53,32,866.68,Basic,3,Yes,2.07,No,No,5G,1,712,Yes,1
MRD-000231,No,43.37,2,98.96,Basic,2,No,0.93,Yes,Yes,5G,1,277,No,9
MRD-000232,No,36.94,14,1142.85,Basic,1,No,3.06,Yes,Yes,5G,0,483,No,10
MRD-000233,Yes,27.42,88,820.1,Basic,2,No,2.88,Yes,No,4G,0,1328,No,10
MRD-000234,Yes,40.99,61,2552.9,Basic,2,No,3.28,Yes,Yes,4G,1,721,No,5
MRD-000235,Yes,45.33,4,173.62,Basic,3,No,0.39,Yes,No,5G,1,1297,Yes,6
MRD-000236,Yes,62.98,95,9176.03,Plus,2,No,0.97,Yes,Yes,5G,4,1292,No,2
MRD-000237,No,41.01,51,1432.1,Basic,4,Yes,1.4,Yes,No,5G,2,747,Yes,1
MRD-000238,Yes,35.64,72,3845.33,Basic,3,No,15.06,Yes,Yes,4G,0,584,Yes,8
MRD-000239,No,56.57,87,5747.56,Plus,2,Yes,2.67,Yes,Yes,4G,2,682,No,5
MRD-000240,No,43.36,71,1314.39,Basic,5,Yes,3.46,Yes,Yes,5G,3,823,Yes,10
MRD-000241,No,60.66,72,4027.66,Plus,1,No,7.39,No,Yes,5G,4,591,No,5
MRD-000242,Yes,33.75,22,1360.39,Basic,2,Yes,1.64,Yes,Yes,5G,0,687,No,6
MRD-000243,No,38.07,54,1809.8,Basic,1,No,1.88,Yes,Yes,4G,4,1078,No,9
MRD-000244,No,56.8,62,3269.37,Plus,2,Yes,8.44,Yes,No,4G,1,43,No,7
MRD-000245,No,57.69,65,7043.3,Plus,2,Yes,3.12,No,No,4G,2,1185,No,7
MRD-000246,No,29.0,26,1160.74,Basic,3,No,3.81,No,Yes,4G,3,130,Yes,10
MRD-000247,Yes,33.97,27,602.38,Basic,2,Yes,5.39,No,No,5G,1,509,No,1
MRD-000248,No,65.02,64,4653.41,Plus,4,No,1.8,Yes,Yes,5G,0,1319,Yes,5
MRD-000249,Yes,29.66,31,1161.53,Basic,2,No,5.55,No,No,4G,3,1182,No,1
MRD-000250,No,106.87,57,9570.32,Premium,1,No,2.42,Yes,No,4G,4,1220,No,7
MRD-000251,No,104.27,68,4974.89,Premium,1,No,6.43,No,No,5G,0,1043,No,1
MRD-000252,Yes,65.7,35,2103.63,Plus,2,Yes,2.92,Yes,No,5G,3,344,No,1
MRD-000253,No,39.17,82,6024.65,Basic,2,No,2.32,Yes,No,4G,1,976,No,5
MRD-000254,No,94.0,60,2757.07,Premium,4,No,3.15,Yes,No,5G,4,258,Yes,6
MRD-000255,No,54.6,6,703.04,Plus,2,No,3.99,Yes,No,5G,1,121,No,6
MRD-000256,No,38.03,30,1029.74,Basic,1,No,2.25,Yes,Yes,4G,1,840,No,2
MRD-000257,Yes,88.06,45,3725.74,Premium,2,No,6.13,Yes,No,5G,1,769,No,4
MRD-000258,Yes,71.92,52,3824.17,Plus,2,No,2.55,No,Yes,5G,2,379,No,3
MRD-000259,Yes,48.65,32,2014.93,Plus,1,Yes,8.37,Yes,No,5G,0,16,No,10
MRD-000260,No,31.41,53,813.45,Basic,2,Yes,4.52,No,No,5G,1,942,No,8
MRD-000261,No,30.53,90,1116.01,Basic,2,No,3.92,Yes,No,5G,2,79,No,8
MRD-000262,No,101.02,75,4468.65,Premium,2,No,2.77,Yes,No,5G,2,1044,No,6
MRD-000263,No,34.56,34,2513.92,Basic,1,No,3.61,No,Yes,5G,0,672,No,6
MRD-000264,Yes,31.98,4,399.84,Basic,1,No,2.24,Yes,No,4G,4,315,No,3
MRD-000265,No,108.51,25,4161.82,Premium,4,Yes,9.59,No,Yes,5G,1,967,Yes,7
MRD-000266,No,57.75,77,3440.54,Plus,2,No,1.17,Yes,No,5G,2,1043,No,1
MRD-000267,No,106.72,2,414.66,Premium,4,Yes,0.83,No,No,5G,3,370,Yes,8
MRD-000268,No,118.66,28,2908.14,Premium,3,No,1.52,No,No,5G,2,993,Yes,9
MRD-000269,No,51.51,39,3257.69,Plus,3,Yes,1.37,No,No,4G,0,1399,Yes,7
MRD-000270,No,42.85,72,2857.6,Basic,2,No,4.6,Yes,No,5G,4,1332,No,7
MRD-000271,No,97.99,38,3451.06,Premium,2,No,6.42,Yes,No,5G,0,848,No,6
MRD-000272,Yes,40.23,94,3648.98,Basic,1,No,4.54,Yes,No,4G,2,882,No,5
MRD-000273,No,66.76,0,91.68,Plus,3,No,4.84,Yes,No,5G,3,920,Yes,9
MRD-000274,No,29.63,49,623.45,Basic,3,No,0.32,Yes,No,5G,0,1319,Yes,5
MRD-000275,No,36.19,78,2889.66,Basic,5,No,3.31,No,Yes,5G,1,715,Yes,7
MRD-000276,No,36.81,34,633.68,Basic,1,No,11.85,No,No,5G,2,802,No,9
MRD-000277,No,47.84,38,2058.8,Plus,1,No,2.28,No,Yes,5G,3,337,No,4
MRD-000278,No,85.41,81,7409.11,Premium,1,No,2.76,Yes,No,5G,1,1229,No,9
MRD-000279,Yes,32.26,81,4210.14,Basic,4,Yes,0.48,No,No,4G,0,118,Yes,9
MRD-000280,No,101.82,52,4939.01,Premium,2,Yes,0.86,Yes,No,5G,4,1402,No,8
MRD-000281,No,22.8,58,1971.22,Basic,1,No,3.75,Yes,No,4G,4,434,No,1
MRD-000282,No,39.36,74,8994.94,Basic,3,No,4.84,Yes,Yes,5G,0,186,Yes,2
MRD-000283,No,52.58,83,5086.31,Plus,1,No,15.88,Yes,No,5G,1,710,No,9
MRD-000284,No,123.44,57,4233.83,Premium,2,No,10.49,Yes,Yes,5G,2,1053,No,8
MRD-000285,No,66.18,87,6616.1,Premium,1,No,3.46,Yes,No,5G,2,1378,No,6
MRD-000286,No,102.39,89,3670.97,Premium,2,No,0.78,No,Yes,4G,2,530,No,9
MRD-000287,No,103.89,1,232.41,Premium,1,No,13.13,No,No,5G,1,843,No,1
MRD-000288,No,26.42,18,525.59,Basic,4,Yes,1.41,Yes,No,5G,2,1121,Yes,7
MRD-000289,No,50.94,65,1813.49,Plus,1,Yes,1.09,Yes,No,5G,0,419,No,6
MRD-000290,No,78.54,24,2370.26,Premium,2,No,2.86,Yes,No,5G,1,172,No,3
MRD-000291,No,54.01,66,4997.76,Plus,1,No,9.65,No,Yes,5G,2,60,No,10
MRD-000292,Yes,57.73,22,3857.59,Plus,1,Yes,1.08,Yes,No,4G,1,174,No,5
MRD-000293,No,94.55,21,1409.36,Premium,4,No,3.03,Yes,No,5G,1,1052,Yes,9
MRD-000294,No,68.6,95,9906.9,Premium,2,No,0.18,Yes,Yes,4G,4,643,No,8
MRD-000295,No,67.08,31,1517.57,Plus,1,No,0.86,Yes,Yes,4G,4,252,No,8
MRD-000296,No,38.97,92,2768.69,Basic,1,No,2.41,Yes,No,4G,1,689,No,2
MRD-000297,Yes,61.23,8,690.1,Plus,1,No,10.63,No,No,5G,3,1486,No,3
MRD-000298,No,65.54,50,3216.7,Plus,1,No,1.59,Yes,Yes,5G,2,1088,No,1
MRD-000299,Yes,35.46,20,1023.38,Basic,2,No,7.95,No,Yes,5G,2,382,No,6
MRD-000300,No,28.45,56,2803.9,Basic,3,No,3.47,Yes,No,5G,1,661,Yes,6
MRD-000301,No,66.29,83,2024.0,Plus,1,No,9.12,Yes,No,5G,0,452,No,3
MRD-000302,No,61.2,71,4708.85,Plus,1,Yes,3.92,Yes,Yes,5G,1,1366,No,6
MRD-000303,No,69.73,63,8674.63,Plus,5,No,1.67,Yes,Yes,5G,2,476,Yes,7
MRD-000304,No,39.56,58,1958.48,Basic,2,No,5.24,Yes,No,4G,1,887,No,3
MRD-000305,No,64.39,83,4611.11,Plus,1,No,1.62,No,Yes,4G,2,858,No,7
MRD-000306,No,39.78,36,3121.0,Basic,4,No,7.56,Yes,Yes,4G,0,296,Yes,1
MRD-000307,No,88.11,81,5327.32,Premium,3,No,0.07,Yes,No,4G,0,1359,Yes,1
MRD-000308,No,51.64,31,1187.78,Plus,1,No,1.08,No,No,5G,4,1378,No,3
MRD-000309,No,109.22,43,6566.76,Premium,3,No,9.04,No,No,4G,2,1105,Yes,8
MRD-000310,No,67.41,64,6141.56,Plus,1,No,3.46,No,No,5G,1,322,No,3
MRD-000311,No,73.17,76,2480.26,Premium,2,No,1.46,Yes,Yes,5G,2,249,No,9
MRD-000312,Yes,27.71,71,1780.81,Basic,1,No,2.48,No,Yes,5G,3,1234,No,8
MRD-000313,No,35.02,36,1979.31,Basic,4,No,3.06,No,No,5G,1,587,Yes,8
MRD-000314,Yes,35.24,71,2523.8,Basic,1,No,3.78,Yes,Yes,5G,0,922,No,2
MRD-000315,Yes,28.29,21,505.08,Basic,1,No,6.88,Yes,Yes,5G,1,1494,No,1
MRD-000316,Yes,30.16,83,2331.68,Basic,2,No,1.51,Yes,Yes,5G,2,693,No,2
MRD-000317,No,88.49,27,1332.33,Premium,4,No,12.32,No,Yes,5G,0,1119,Yes,7
MRD-000318,Yes,36.43,68,1892.05,Basic,2,No,2.15,Yes,No,4G,0,245,No,1
MRD-000319,No,36.55,88,2001.05,Basic,2,No,5.4,Yes,No,5G,1,264,No,10
MRD-000320,No,74.52,73,7315.25,Premium,3,No,7.45,No,Yes,5G,3,883,Yes,2
MRD-000321,No,54.87,75,6365.23,Plus,2,Yes,2.27,Yes,No,4G,1,654,No,3
MRD-000322,No,58.92,94,5148.37,Plus,5,No,0.11,Yes,Yes,5G,1,943,Yes,2
MRD-000323,No,118.45,22,2022.23,Premium,2,No,3.21,Yes,Yes,5G,5,621,No,6
MRD-000324,No,35.93,80,3744.78,Basic,1,No,4.21,Yes,Yes,4G,0,210,No,7
MRD-000325,No,53.81,8,861.5,Plus,1,No,6.31,No,Yes,4G,1,1221,No,7
MRD-000326,No,32.85,71,4085.26,Basic,2,No,2.16,Yes,Yes,5G,0,448,No,2
MRD-000327,No,59.54,67,11695.8,Plus,1,No,2.69,Yes,Yes,4G,3,1376,No,10
MRD-000328,Yes,40.37,49,1344.51,Basic,4,No,4.43,Yes,No,5G,3,1426,Yes,5
MRD-000329,No,60.12,40,3676.83,Plus,3,No,6.33,Yes,No,5G,1,810,Yes,8
MRD-000330,No,62.02,78,8780.34,Plus,3,Yes,1.49,No,No,5G,1,122,Yes,2
MRD-000331,Yes,36.25,49,1039.08,Basic,2,No,2.42,No,No,5G,1,264,No,10
MRD-000332,No,65.46,60,2565.52,Plus,4,No,5.22,No,No,5G,1,1032,Yes,9
MRD-000333,No,75.0,74,8168.19,Plus,1,No,3.01,No,No,4G,2,1167,No,7
MRD-000334,No,38.18,50,1208.51,Basic,2,No,0.72,No,Yes,4G,2,519,No,9
MRD-000335,No,64.14,71,3425.75,Plus,1,No,2.83,No,No,4G,1,1331,No,10
MRD-000336,No,63.28,87,6931.93,Plus,1,No,4.3,Yes,No,4G,0,386,No,1
MRD-000337,No,102.84,13,2179.14,Premium,3,No,5.63,Yes,No,4G,1,828,Yes,4
MRD-000338,No,39.37,23,975.34,Basic,3,Yes,7.71,Yes,Yes,5G,0,515,Yes,10
MRD-000339,Yes,30.51,28,1409.07,Basic,2,No,2.67,No,No,5G,3,662,No,10
MRD-000340,Yes,42.87,23,440.77,Basic,1,Yes,3.2,No,Yes,4G,1,298,No,2
MRD-000341,No,94.25,52,7034.87,Premium,2,No,12.33,Yes,Yes,4G,1,10,No,2
MRD-000342,Yes,85.65,19,1620.32,Premium,1,No,1.16,Yes,Yes,5G,2,1052,No,5
MRD-000343,No,61.99,9,881.58,Plus,2,No,0.76,Yes,Yes,5G,1,355,No,8
MRD-000344,No,35.85,26,157.79,Basic,2,No,8.02,Yes,No,4G,0,1192,No,5
MRD-000345,No,26.56,54,1193.07,Basic,2,Yes,1.44,No,No,5G,1,568,No,9
MRD-000346,Yes,67.82,87,13437.74,Plus,2,No,0.46,No,No,5G,3,567,No,6
MRD-000347,No,25.77,45,890.25,Basic,1,Yes,1.69,Yes,No,4G,2,466,No,5
MRD-000348,No,62.9,95,6692.0,Plus,2,No,0.84,Yes,Yes,5G,0,120,No,9
MRD-000349,Yes,31.86,29,873.3,Basic,3,Yes,1.73,No,Yes,5G,0,512,Yes,4
MRD-000350,No,33.21,34,369.57,Basic,1,No,1.96,Yes,No,5G,2,974,No,8
MRD-000351,No,37.57,95,2005.95,Basic,3,No,2.32,Yes,No,4G,3,1180,Yes,3
MRD-000352,No,95.72,83,5648.31,Premium,4,Yes,6.64,Yes,Yes,4G,0,1426,Yes,7
MRD-000353,No,64.86,45,1240.12,Plus,3,No,1.68,Yes,Yes,5G,4,334,Yes,7
MRD-000354,No,47.19,39,1554.09,Plus,1,No,4.21,No,No,5G,0,578,No,2
MRD-000355,No,92.83,72,8423.68,Premium,2,Yes,8.27,Yes,Yes,5G,1,1298,No,7
MRD-000356,No,38.11,28,2536.82,Basic,3,No,0.25,Yes,Yes,5G,1,1488,Yes,7
MRD-000357,No,20.0,24,408.29,Basic,4,No,0.33,No,Yes,5G,1,67,Yes,10
MRD-000358,No,39.05,40,1263.59,Basic,2,No,6.76,Yes,Yes,4G,1,1171,No,8
MRD-000359,No,30.67,32,1345.06,Basic,1,No,2.37,Yes,Yes,5G,3,793,No,2
MRD-000360,No,75.29,36,3003.56,Plus,1,No,1.98,Yes,No,5G,1,396,No,8
MRD-000361,No,34.0,61,3252.81,Basic,1,No,1.33,No,Yes,5G,2,246,No,9
MRD-000362,No,91.6,88,8113.22,Premium,4,No,2.9,Yes,No,5G,3,160,Yes,1
MRD-000363,No,53.03,6,814.62,Plus,2,No,3.53,Yes,Yes,4G,0,79,No,8
MRD-000364,No,49.13,85,5930.45,Plus,1,No,3.47,Yes,Yes,4G,1,333,No,9
MRD-000365,No,65.37,45,2212.62,Plus,4,No,5.08,Yes,Yes,4G,2,101,Yes,3
MRD-000366,No,61.83,3,174.24,Plus,1,No,9.33,No,No,5G,2,420,No,9
MRD-000367,No,76.5,17,755.57,Premium,1,No,3.52,Yes,Yes,5G,0,361,No,3
MRD-000368,No,50.8,20,1381.23,Plus,2,No,4.91,Yes,Yes,5G,1,514,No,9
MRD-000369,Yes,38.18,94,5995.17,Basic,1,No,6.46,No,No,4G,2,1184,No,1
MRD-000370,No,100.31,18,1348.65,Premium,2,Yes,1.83,Yes,Yes,4G,1,211,No,1
MRD-000371,No,57.12,35,1535.1,Plus,1,No,4.22,Yes,No,4G,2,843,No,6
MRD-000372,No,71.37,71,4538.72,Premium,4,No,0.45,Yes,Yes,5G,2,430,Yes,3
MRD-000373,No,23.67,10,533.99,Basic,1,No,3.0,Yes,No,5G,0,84,No,7
MRD-000374,No,68.14,74,3028.1,Plus,2,No,1.54,Yes,No,4G,2,600,No,7
MRD-000375,No,89.95,55,2769.2,Premium,1,No,6.19,No,No,5G,2,94,No,8
MRD-000376,Yes,38.76,92,2268.58,Basic,3,No,8.34,No,No,4G,0,629,Yes,2
MRD-000377,No,97.35,60,4962.64,Premium,1,No,0.27,Yes,No,5G,2,366,No,3
MRD-000378,No,44.05,55,1941.96,Basic,1,No,4.69,Yes,Yes,5G,1,190,No,5
MRD-000379,Yes,34.33,41,1363.61,Basic,3,Yes,5.9,Yes,Yes,5G,2,906,Yes,7
MRD-000380,No,53.88,59,2708.62,Plus,4,Yes,2.31,Yes,No,4G,0,683,Yes,4
MRD-000381,No,108.44,62,6246.92,Premium,1,No,0.23,Yes,No,5G,1,1269,No,8
MRD-000382,No,74.73,42,2535.53,Premium,2,Yes,9.69,Yes,Yes,4G,1,1214,No,6
MRD-000383,No,95.37,12,1277.59,Premium,3,Yes,10.38,Yes,Yes,4G,2,186,Yes,10
MRD-000384,No,94.16,39,4368.78,Premium,2,No,6.27,Yes,No,5G,1,1088,No,1
MRD-000385,No,113.36,34,2244.01,Premium,2,Yes,6.71,Yes,No,4G,0,751,No,7
MRD-000386,No,53.75,16,419.53,Plus,1,No,2.57,Yes,Yes,4G,1,1447,No,5
MRD-000387,No,71.86,65,6852.7,Plus,4,Yes,2.25,Yes,No,4G,2,423,Yes,4
MRD-000388,Yes,30.74,21,918.22,Basic,3,No,0.57,No,No,4G,1,203,Yes,10
MRD-000389,No,64.97,53,4276.73,Plus,3,No,0.3,Yes,No,5G,0,696,Yes,1
MRD-000390,No,99.16,7,1441.5,Premium,2,No,4.41,Yes,Yes,5G,1,163,No,10
MRD-000391,Yes,32.47,9,556.78,Basic,3,No,0.93,No,No,5G,0,735,Yes,7
MRD-000392,No,70.22,53,4085.53,Plus,4,No,4.86,Yes,No,4G,0,758,Yes,1
MRD-000393,No,56.86,93,10335.1,Plus,2,No,5.44,Yes,No,5G,0,989,No,7
MRD-000394,No,30.12,16,311.57,Basic,2,No,4.73,No,No,4G,2,1156,No,6
MRD-000395,Yes,52.81,40,1758.6,Plus,3,No,5.08,Yes,No,5G,0,1460,Yes,5
MRD-000396,No,56.56,33,1920.01,Plus,4,No,0.81,Yes,No,5G,0,584,Yes,9
MRD-000397,No,34.23,4,386.99,Basic,4,No,7.04,No,No,4G,2,83,Yes,9
MRD-000398,No,73.24,93,6387.24,Plus,1,No,5.21,Yes,Yes,5G,2,1061,No,1
MRD-000399,Yes,84.11,78,9130.76,Premium,4,No,5.95,Yes,Yes,4G,1,667,Yes,5
MRD-000400,Yes,36.21,95,1559.39,Basic,1,No,1.2,Yes,Yes,4G,1,727,No,8
MRD-000401,No,90.0,63,4241.7,Premium,2,No,0.94,No,No,5G,2,151,No,4
MRD-000402,No,84.42,74,10672.71,Premium,1,Yes,2.9,No,No,4G,0,1145,No,3
MRD-000403,No,33.11,64,2595.06,Basic,3,No,4.66,Yes,Yes,5G,2,678,Yes,8
MRD-000404,No,73.76,9,152.73,Plus,2,No,3.96,Yes,No,5G,3,299,No,5
MRD-000405,No,50.79,52,4020.62,Plus,2,No,1.15,No,Yes,5G,3,1076,No,7
MRD-000406,No,61.89,6,659.1,Plus,1,No,2.45,Yes,Yes,5G,0,65,No,3
MRD-000407,No,56.32,79,6046.26,Plus,2,No,4.07,Yes,Yes,5G,0,263,No,1
MRD-000408,Yes,33.28,9,368.63,Basic,2,No,13.12,Yes,Yes,5G,3,441,No,7
MRD-000409,No,63.75,37,2915.59,Plus,3,No,3.82,Yes,No,4G,3,689,Yes,2
MRD-000410,No,99.71,29,1229.59,Premium,2,Yes,2.76,Yes,No,5G,0,913,No,5
MRD-000411,No,80.2,2,0.0,Premium,2,No,0.31,Yes,No,5G,2,107,No,3
MRD-000412,No,105.85,63,2382.15,Premium,2,No,1.31,No,No,4G,2,1014,No,6
MRD-000413,No,28.8,23,529.67,Basic,1,No,1.61,Yes,No,4G,1,895,No,9
MRD-000414,Yes,70.35,21,1119.84,Plus,2,No,2.77,No,No,5G,1,347,No,5
MRD-000415,No,53.23,92,7781.74,Plus,2,No,3.14,Yes,Yes,5G,0,663,No,2
MRD-000416,No,36.98,73,10137.17,Basic,1,Yes,1.33,Yes,Yes,4G,0,923,No,8
MRD-000417,No,37.98,39,1975.34,Basic,1,Yes,1.53,Yes,No,5G,0,831,No,7
MRD-000418,Yes,34.42,24,1365.75,Basic,1,No,0.63,No,No,5G,0,1070,No,10
MRD-000419,No,70.57,47,4131.7,Plus,4,No,5.02,No,Yes,5G,3,1283,Yes,8
MRD-000420,No,61.56,14,1055.67,Plus,1,No,0.81,No,Yes,5G,2,1401,No,5
MRD-000421,Yes,30.66,1,99.06,Basic,1,No,2.76,Yes,No,5G,0,635,No,2
MRD-000422,No,100.03,19,2168.99,Premium,4,No,9.71,Yes,No,4G,1,1220,Yes,10
MRD-000423,No,37.02,75,7045.12,Basic,1,No,0.22,Yes,Yes,5G,1,977,No,10
MRD-000424,No,33.45,68,1221.72,Basic,2,No,4.84,Yes,No,5G,2,1231,No,7
MRD-000425,No,26.63,16,381.76,Basic,3,No,3.97,No,No,5G,3,75,Yes,9
MRD-000426,No,49.01,79,3874.24,Plus,1,Yes,7.75,No,Yes,4G,1,793,No,4
MRD-000427,No,71.58,40,1424.68,Plus,3,No,1.39,Yes,Yes,5G,3,1020,Yes,4
MRD-000428,No,83.9,48,3804.37,Premium,2,Yes,2.87,Yes,No,4G,3,1278,No,10
MRD-000429,No,58.91,95,7347.64,Plus,2,No,3.29,No,No,5G,2,118,No,5
MRD-000430,No,35.95,4,0.0,Basic,2,No,3.29,Yes,No,5G,2,246,No,6
MRD-000431,No,34.6,38,1569.38,Basic,3,No,0.21,No,No,5G,1,872,Yes,6
MRD-000432,No,30.53,6,38.71,Basic,2,No,2.19,Yes,No,5G,0,525,No,9
MRD-000433,No,75.79,81,3164.03,Premium,5,No,2.82,Yes,No,5G,1,549,Yes,6
MRD-000434,No,30.48,40,1673.91,Basic,1,No,2.27,No,Yes,5G,2,585,No,5
MRD-000435,Yes,42.11,55,3353.69,Basic,4,No,0.59,Yes,No,5G,3,1209,Yes,9
MRD-000436,No,56.59,7,447.78,Plus,2,Yes,1.62,Yes,No,5G,4,849,No,6
MRD-000437,No,63.76,15,885.57,Plus,2,No,3.28,Yes,Yes,5G,1,1243,No,5
MRD-000438,Yes,35.43,54,2072.15,Basic,2,Yes,0.01,Yes,No,4G,0,34,No,4
MRD-000439,No,57.99,1,66.27,Plus,1,No,0.66,Yes,Yes,4G,3,513,No,10
MRD-000440,No,95.36,94,11993.23,Premium,3,No,7.72,Yes,Yes,5G,1,1095,Yes,6
MRD-000441,Yes,31.74,0,22.22,Basic,2,No,2.1,Yes,Yes,5G,1,364,No,5
MRD-000442,No,33.35,2,188.23,Basic,1,No,0.13,No,Yes,5G,0,726,No,7
MRD-000443,No,56.28,1,197.49,Plus,2,No,2.73,Yes,Yes,5G,0,818,No,4
MRD-000444,No,67.46,50,5324.21,Plus,1,No,2.03,Yes,No,5G,3,900,No,2
MRD-000445,Yes,61.6,86,9097.29,Plus,1,Yes,1.12,No,No,4G,0,260,No,9
MRD-000446,No,37.77,41,1651.98,Basic,2,No,7.71,Yes,Yes,5G,1,1117,No,4
MRD-000447,Yes,35.21,7,121.55,Basic,5,No,2.58,No,No,5G,1,1145,Yes,2
MRD-000448,No,38.05,10,637.08,Basic,1,No,6.54,Yes,Yes,4G,0,89,No,2
MRD-000449,Yes,42.43,26,989.38,Basic,4,No,2.8,No,Yes,5G,0,42,Yes,4
MRD-000450,No,49.45,25,845.77,Plus,2,No,2.89,No,No,4G,4,403,No,6
MRD-000451,No,75.16,9,865.81,Plus,2,No,2.98,Yes,No,5G,1,1282,No,1
MRD-000452,No,35.99,8,250.13,Basic,1,Yes,6.31,No,No,4G,3,153,No,10
MRD-000453,No,106.75,51,7518.06,Premium,5,No,2.74,Yes,No,5G,1,239,Yes,10
MRD-000454,No,90.78,44,1785.51,Premium,3,No,2.37,Yes,Yes,5G,0,878,Yes,6
MRD-000455,No,109.51,21,1587.09,Premium,1,No,2.22,Yes,No,5G,3,1315,No,8
MRD-000456,No,64.43,56,2684.22,Plus,4,No,3.68,No,No,5G,0,9,Yes,2
MRD-000457,No,34.0,81,2460.0,Basic,2,Yes,0.18,No,Yes,4G,0,1172,No,2
MRD-000458,No,60.46,50,7506.01,Plus,2,No,0.22,Yes,Yes,4G,3,734,No,7
MRD-000459,No,38.94,32,1001.78,Basic,2,No,0.31,No,No,5G,0,1313,No,9
MRD-000460,No,99.54,7,1183.68,Premium,3,No,2.76,Yes,Yes,5G,3,1014,Yes,10
MRD-000461,No,88.79,1,236.92,Premium,2,No,1.13,No,Yes,4G,2,1058,No,2
MRD-000462,Yes,24.86,39,652.24,Basic,2,No,3.08,Yes,No,5G,4,863,No,6
MRD-000463,Yes,58.82,84,6102.73,Plus,1,No,4.9,Yes,No,5G,4,1025,No,1
MRD-000464,Yes,72.61,18,1100.77,Plus,2,No,3.74,Yes,No,5G,1,477,No,10
MRD-000465,Yes,62.54,23,2232.83,Plus,5,No,5.86,No,Yes,5G,2,236,Yes,7
MRD-000466,No,30.19,59,2335.88,Basic,1,No,2.68,Yes,Yes,4G,1,197,No,8
MRD-000467,No,64.03,78,3844.79,Plus,1,No,1.88,No,No,4G,1,1103,No,6
MRD-000468,No,35.52,36,1952.75,Basic,5,No,0.45,Yes,No,4G,2,1016,Yes,1
MRD-000469,Yes,37.35,17,475.3,Basic,1,No,3.05,No,No,5G,0,741,No,7
MRD-000470,Yes,63.84,24,2467.13,Plus,1,No,7.65,Yes,No,5G,2,646,No,4
MRD-000471,No,113.99,62,16194.41,Premium,3,No,0.95,Yes,Yes,4G,2,938,Yes,8
MRD-000472,No,56.61,48,5110.09,Plus,1,No,5.19,No,No,5G,2,758,No,9
MRD-000473,No,109.67,45,3152.13,Premium,3,Yes,6.89,Yes,Yes,4G,0,762,Yes,9
MRD-000474,Yes,45.0,95,3142.86,Basic,2,No,5.73,Yes,No,4G,0,1194,No,9
MRD-000475,No,94.58,58,4074.07,Premium,1,No,6.89,Yes,Yes,4G,3,21,No,4
MRD-000476,No,62.7,76,6224.64,Plus,1,No,2.14,No,No,5G,1,574,No,8
MRD-000477,No,24.74,92,2854.98,Basic,3,No,4.53,Yes,Yes,4G,2,13,Yes,8
MRD-000478,No,34.8,60,1570.95,Basic,4,No,5.3,Yes,No,4G,1,877,Yes,3
MRD-000479,No,65.35,8,178.23,Plus,1,No,2.73,Yes,No,5G,1,1340,No,4
MRD-000480,No,59.27,78,3923.75,Plus,2,Yes,4.26,Yes,Yes,5G,1,1307,No,1
MRD-000481,Yes,57.24,79,4978.29,Plus,3,Yes,0.95,No,No,5G,1,1150,Yes,4
MRD-000482,No,25.05,59,1841.5,Basic,5,Yes,2.35,Yes,No,5G,0,711,Yes,5
MRD-000483,No,83.91,36,3764.06,Premium,2,No,3.07,No,Yes,4G,1,471,No,6
MRD-000484,No,91.29,94,7774.61,Premium,1,No,0.63,Yes,No,5G,3,413,No,1
MRD-000485,No,29.84,89,2577.75,Basic,2,No,3.69,No,Yes,4G,1,1422,No,4
MRD-000486,No,53.31,5,525.59,Plus,3,No,1.15,Yes,Yes,5G,0,325,Yes,1
MRD-000487,Yes,42.73,52,2307.27,Basic,3,No,1.65,No,No,5G,0,1134,Yes,3
MRD-000488,Yes,36.21,4,443.28,Basic,2,No,1.65,No,Yes,5G,4,517,No,9
MRD-000489,No,69.4,94,3288.43,Plus,1,No,0.06,Yes,Yes,5G,2,1170,No,6
MRD-000490,No,55.44,76,3770.47,Plus,2,No,12.59,No,No,4G,2,1446,No,5
MRD-000491,No,56.7,80,2757.65,Plus,2,No,3.43,Yes,Yes,5G,1,859,No,1
MRD-000492,No,68.65,15,792.18,Plus,2,No,1.3,No,No,5G,1,679,No,4
MRD-000493,No,101.92,19,1192.46,Premium,3,No,3.07,Yes,No,4G,1,1432,Yes,6
MRD-000494,No,81.14,6,977.71,Premium,2,No,4.13,Yes,Yes,5G,2,291,No,9
MRD-000495,Yes,67.22,20,1099.74,Plus,2,No,1.15,Yes,No,5G,2,108,No,3
MRD-000496,No,84.08,62,5932.94,Premium,1,No,2.8,Yes,No,5G,0,640,No,10
MRD-000497,No,44.15,68,2893.39,Basic,1,No,1.43,Yes,No,5G,0,896,No,3
MRD-000498,Yes,44.4,6,221.09,Basic,2,No,0.11,Yes,No,4G,1,1234,No,2
MRD-000499,No,32.53,13,535.98,Basic,1,No,0.52,Yes,No,5G,1,562,No,3
MRD-000500,No,104.52,26,3321.12,Premium,2,No,4.45,Yes,No,5G,0,342,No,3
MRD-000501,No,51.31,52,6543.04,Plus,2,No,2.35,No,No,4G,0,418,No,5
MRD-000502,No,81.96,12,644.37,Premium,1,No,1.99,No,Yes,5G,2,475,No,2
MRD-000503,No,59.95,19,2634.93,Plus,5,No,6.65,Yes,No,5G,2,89,Yes,1
MRD-000504,No,61.69,94,7441.64,Plus,5,No,0.71,Yes,No,5G,1,340,Yes,4
MRD-000505,No,84.45,37,2610.15,Premium,1,No,1.4,Yes,No,5G,1,777,No,2
MRD-000506,No,31.45,89,3679.21,Basic,5,No,8.24,Yes,Yes,5G,0,453,Yes,4
MRD-000507,No,59.58,42,3006.81,Plus,2,No,2.41,Yes,No,5G,3,340,No,10
MRD-000508,No,108.79,85,6243.09,Premium,2,Yes,8.54,Yes,Yes,5G,3,731,No,2
MRD-000509,No,33.43,69,2941.33,Basic,2,No,1.76,No,Yes,5G,2,463,No,5
MRD-000510,No,65.19,83,2742.91,Plus,3,No,1.05,Yes,No,4G,1,488,Yes,3
MRD-000511,Yes,60.97,87,7572.86,Plus,3,No,0.93,Yes,No,4G,2,615,Yes,8
MRD-000512,No,36.26,9,273.19,Basic,2,No,3.5,No,Yes,5G,1,1497,No,6
MRD-000513,No,59.44,29,3809.95,Plus,1,No,2.06,No,Yes,5G,0,726,No,6
MRD-000514,No,61.77,64,5389.55,Plus,2,No,9.73,Yes,No,5G,0,401,No,6
MRD-000515,No,57.06,24,2855.21,Plus,4,No,1.87,No,Yes,5G,1,11,Yes,10
MRD-000516,No,28.46,88,1529.55,Basic,3,No,7.17,Yes,No,4G,0,593,Yes,6
MRD-000517,No,43.0,33,858.74,Basic,1,No,3.18,Yes,No,5G,2,803,No,4
MRD-000518,No,70.3,60,5655.7,Plus,1,No,1.76,Yes,Yes,5G,2,1406,No,4
MRD-000519,No,36.25,86,2959.35,Basic,3,No,6.67,No,Yes,5G,0,667,Yes,9
MRD-000520,Yes,35.76,48,1629.62,Basic,2,No,4.48,Yes,Yes,5G,4,959,No,5
MRD-000521,Yes,35.0,41,595.7,Basic,1,No,0.97,No,No,4G,0,1366,No,10
MRD-000522,No,55.85,38,1072.83,Plus,5,No,0.41,Yes,No,4G,1,1427,Yes,10
MRD-000523,No,31.41,64,1509.58,Basic,3,No,1.36,No,No,4G,5,1316,Yes,8
MRD-000524,No,82.71,35,2552.13,Premium,2,No,4.14,Yes,No,5G,0,274,No,9
MRD-000525,No,80.33,52,6361.3,Premium,3,No,0.17,Yes,No,5G,1,1235,Yes,10
MRD-000526,No,32.69,33,1476.03,Basic,1,No,5.73,Yes,No,5G,2,756,No,4
MRD-000527,No,55.65,55,1855.37,Plus,4,No,5.8,No,No,5G,1,1318,Yes,10
MRD-000528,Yes,68.05,7,367.93,Plus,2,No,1.35,Yes,No,4G,4,409,No,4
MRD-000529,No,55.96,19,845.58,Plus,3,No,1.7,Yes,No,5G,1,469,Yes,1
MRD-000530,No,82.83,92,7672.24,Premium,1,No,1.12,Yes,No,5G,1,843,No,10
MRD-000531,No,57.67,42,1761.26,Plus,1,No,3.9,Yes,No,5G,2,216,No,7
MRD-000532,Yes,53.41,28,2276.23,Plus,2,No,0.4,No,Yes,5G,2,1098,No,6
MRD-000533,No,65.0,88,4229.48,Premium,2,No,3.23,Yes,No,4G,1,1313,No,8
MRD-000534,No,66.47,28,2249.33,Plus,1,No,1.55,No,No,4G,2,1492,No,3
MRD-000535,No,95.36,40,3998.18,Premium,2,No,1.67,Yes,No,5G,0,868,No,5
MRD-000536,No,54.64,34,2829.78,Plus,1,No,2.53,Yes,No,4G,0,957,No,7
MRD-000537,No,47.62,73,3209.04,Basic,1,No,5.96,No,No,5G,0,687,No,7
MRD-000538,No,92.53,72,9161.65,Premium,1,Yes,7.13,Yes,Yes,5G,3,1455,No,8
MRD-000539,No,36.06,61,1380.04,Basic,2,Yes,5.81,Yes,No,4G,1,753,No,5
MRD-000540,No,56.43,19,1645.51,Plus,4,No,6.89,Yes,No,5G,2,847,Yes,2
MRD-000541,No,41.64,15,867.03,Basic,1,Yes,1.05,Yes,No,5G,1,977,No,1
MRD-000542,No,48.92,73,3274.13,Plus,4,No,2.33,No,Yes,4G,2,1204,Yes,3
MRD-000543,No,32.52,31,2258.16,Basic,2,No,2.56,Yes,Yes,5G,1,592,No,3
MRD-000544,Yes,90.13,96,3363.03,Premium,2,No,1.29,Yes,No,5G,3,1148,No,2
MRD-000545,No,60.2,93,6357.57,Plus,1,No,2.64,No,Yes,4G,1,1249,No,2
MRD-000546,No,62.44,7,496.6,Plus,2,Yes,0.66,No,No,5G,1,137,No,1
MRD-000547,No,63.21,60,4022.95,Plus,1,No,1.39,Yes,No,4G,1,1011,No,9
MRD-000548,Yes,87.35,78,8481.78,Premium,3,No,11.76,No,No,4G,0,613,Yes,3
MRD-000549,Yes,62.42,61,7386.55,Plus,2,No,0.72,No,No,5G,4,916,No,3
MRD-000550,No,89.98,59,10056.31,Premium,2,No,0.88,Yes,Yes,5G,2,506,No,1
MRD-000551,Yes,54.42,1,267.89,Plus,3,No,5.06,Yes,No,4G,4,1392,Yes,4
MRD-000552,Yes,24.35,66,1123.15,Basic,1,Yes,1.51,Yes,No,4G,1,1152,No,10
MRD-000553,No,45.1,2,75.89,Plus,1,No,5.31,No,Yes,5G,1,890,No,5
MRD-000554,No,41.17,32,3241.98,Basic,2,Yes,9.32,Yes,Yes,4G,1,447,No,7
MRD-000555,Yes,31.89,84,4033.1,Basic,1,No,1.15,No,Yes,5G,3,1316,No,4
MRD-000556,No,97.43,26,3750.32,Premium,2,No,3.79,Yes,No,5G,2,556,No,3
MRD-000557,No,109.51,82,8829.68,Premium,3,No,1.24,No,Yes,4G,1,1027,Yes,10
MRD-000558,No,71.09,14,1065.69,Plus,3,No,1.47,Yes,No,4G,3,786,Yes,8
MRD-000559,No,98.68,31,3088.97,Premium,1,No,0.29,Yes,No,5G,0,1368,No,7
MRD-000560,No,57.1,41,2384.8,Plus,2,No,2.31,Yes,No,5G,0,432,No,6
MRD-000561,No,103.62,9,955.16,Premium,1,Yes,2.78,Yes,Yes,5G,1,1345,No,9
MRD-000562,No,31.41,82,2207.94,Basic,1,No,1.49,Yes,No,5G,3,992,No,3
MRD-000563,Yes,29.74,66,1804.74,Basic,2,No,6.0,Yes,Yes,5G,1,1492,No,9
MRD-000564,No,59.84,3,107.77,Plus,1,No,1.3,Yes,No,5G,0,828,No,5
MRD-000565,No,120.25,75,8071.65,Premium,3,Yes,10.32,No,Yes,5G,0,33,Yes,6
MRD-000566,Yes,29.39,30,1191.44,Basic,1,No,0.79,Yes,No,4G,0,324,No,4
MRD-000567,Yes,32.69,28,865.17,Basic,2,No,3.01,No,Yes,5G,0,508,No,10
MRD-000568,No,58.84,81,3522.09,Plus,2,No,2.78,Yes,Yes,5G,2,4,No,2
MRD-000569,No,52.34,41,3599.61,Plus,4,Yes,5.34,Yes,Yes,5G,1,348,Yes,2
MRD-000570,No,86.77,93,8520.94,Premium,2,No,6.47,No,No,5G,0,1434,No,9
MRD-000571,No,36.58,53,2095.82,Basic,3,No,3.97,Yes,No,5G,2,1434,Yes,2
MRD-000572,No,37.28,36,847.82,Basic,1,No,6.11,Yes,No,5G,2,1335,No,3
MRD-000573,No,89.77,30,2401.89,Premium,4,No,0.46,Yes,No,5G,0,1079,Yes,8
MRD-000574,No,105.83,20,2343.3,Premium,1,No,1.89,No,No,4G,1,865,No,1
MRD-000575,No,84.97,3,984.92,Premium,1,No,3.54,No,Yes,5G,1,30,No,8
MRD-000576,No,81.59,55,6085.21,Premium,1,Yes,15.67,Yes,No,4G,0,600,No,4
MRD-000577,Yes,41.98,68,5139.83,Basic,4,No,7.51,No,Yes,5G,3,204,Yes,7
MRD-000578,No,82.5,90,7620.33,Premium,2,No,2.29,No,No,5G,1,1224,No,8
MRD-000579,No,55.82,55,2247.0,Plus,1,Yes,0.32,No,No,5G,1,1333,No,9
MRD-000580,No,90.13,51,5524.13,Premium,2,No,4.65,No,No,5G,3,635,No,9
MRD-000581,No,47.9,47,2613.73,Plus,1,No,2.06,Yes,No,5G,1,318,No,7
MRD-000582,Yes,115.56,52,5297.41,Premium,1,No,4.75,No,No,5G,3,1107,No,8
MRD-000583,Yes,54.78,74,6722.83,Plus,2,No,2.06,Yes,No,5G,1,1083,No,8
MRD-000584,No,83.03,58,3123.14,Premium,2,Yes,2.93,Yes,No,5G,4,1116,No,4
MRD-000585,No,25.14,27,1479.66,Basic,2,Yes,9.5,No,Yes,5G,2,819,No,2
MRD-000586,No,69.97,94,9864.95,Plus,4,Yes,6.95,Yes,Yes,5G,0,959,Yes,8
MRD-000587,No,69.71,69,6139.32,Plus,2,No,0.84,Yes,Yes,5G,2,1098,No,9
MRD-000588,No,35.92,19,644.28,Basic,3,No,8.6,No,No,5G,3,1151,Yes,9
MRD-000589,No,65.01,68,10869.58,Plus,2,No,1.14,No,Yes,5G,1,853,No,8
MRD-000590,No,63.45,17,400.87,Plus,3,No,4.06,No,No,5G,2,1484,Yes,3
MRD-000591,No,36.21,39,1313.58,Basic,4,No,1.71,No,No,5G,2,1216,Yes,4
MRD-000592,No,59.09,16,330.39,Plus,1,No,2.8,No,No,5G,1,669,No,7
MRD-000593,Yes,35.07,68,1359.08,Basic,4,No,3.28,No,Yes,5G,3,1066,Yes,6
MRD-000594,No,68.89,50,8493.56,Plus,3,Yes,4.1,Yes,No,5G,1,480,Yes,1
MRD-000595,No,75.12,48,2409.51,Premium,3,No,0.05,Yes,No,4G,2,472,Yes,10
MRD-000596,No,57.2,86,7175.89,Plus,1,No,2.4,No,Yes,5G,2,937,No,1
MRD-000597,No,38.16,52,2562.08,Basic,2,Yes,3.31,Yes,No,5G,1,596,No,8
MRD-000598,No,95.27,43,2335.67,Premium,2,No,0.9,Yes,No,4G,0,32,No,10
MRD-000599,No,35.58,79,2363.12,Basic,1,No,5.0,No,Yes,4G,3,498,No,4
MRD-000600,No,64.77,73,5701.27,Plus,2,No,2.66,Yes,Yes,5G,2,1058,No,1
MRD-000601,No,42.63,2,204.8,Basic,5,No,1.16,Yes,No,4G,2,79,Yes,2
MRD-000602,No,101.87,41,6886.09,Premium,3,Yes,2.61,Yes,No,5G,2,410,Yes,10
MRD-000603,Yes,35.03,19,1263.8,Basic,2,No,3.79,Yes,Yes,5G,3,307,No,1
MRD-000604,No,91.65,62,5124.62,Premium,2,No,14.95,Yes,No,4G,1,1245,No,1
MRD-000605,No,76.09,91,4323.32,Plus,1,No,5.16,No,Yes,4G,4,1198,No,8
MRD-000606,No,54.74,57,2562.87,Plus,2,No,7.82,Yes,No,5G,2,866,No,2
MRD-000607,No,61.15,30,1629.71,Plus,5,No,2.05,Yes,Yes,5G,3,1144,Yes,3
MRD-000608,No,65.94,60,1309.13,Plus,1,No,1.92,Yes,Yes,5G,1,1263,No,2
MRD-000609,No,70.65,23,1269.82,Plus,5,No,0.32,Yes,Yes,5G,3,1244,Yes,4
MRD-000610,No,60.56,17,790.59,Plus,4,No,1.83,Yes,No,4G,1,1445,Yes,7
MRD-000611,Yes,65.28,48,2766.23,Plus,3,No,1.83,No,No,5G,1,284,Yes,4
MRD-000612,Yes,33.58,24,467.19,Basic,1,No,0.99,Yes,Yes,5G,2,1030,No,2
MRD-000613,Yes,41.43,60,2594.09,Basic,3,No,5.07,No,Yes,5G,0,341,Yes,6
MRD-000614,No,57.58,75,2564.93,Plus,3,No,0.74,Yes,No,5G,0,1321,Yes,1
MRD-000615,Yes,45.32,4,435.34,Basic,1,No,2.47,No,Yes,5G,0,1277,No,6
MRD-000616,No,31.52,43,2635.84,Basic,2,No,1.47,Yes,Yes,5G,2,209,No,2
MRD-000617,No,41.95,39,2317.78,Basic,1,No,0.69,No,Yes,5G,1,527,No,10
MRD-000618,Yes,36.62,42,2712.2,Basic,1,No,8.79,Yes,Yes,5G,1,893,No,2
MRD-000619,No,44.15,59,1458.66,Basic,1,Yes,6.93,Yes,No,5G,0,527,No,8
MRD-000620,Yes,34.73,94,3327.81,Basic,2,Yes,3.13,Yes,No,5G,0,914,No,7
MRD-000621,No,92.3,56,3289.33,Premium,1,No,1.92,No,No,5G,0,1256,No,6
MRD-000622,No,95.04,9,1860.43,Premium,1,Yes,2.44,Yes,No,4G,0,70,No,5
MRD-000623,No,34.3,94,7528.77,Basic,1,No,0.77,Yes,Yes,5G,0,652,No,8
MRD-000624,No,122.02,94,10414.97,Premium,1,No,3.14,Yes,Yes,4G,2,260,No,8
MRD-000625,No,39.15,85,2867.84,Basic,2,No,4.56,No,No,4G,0,617,No,10
MRD-000626,No,67.88,32,1223.25,Plus,4,Yes,4.86,No,No,4G,1,187,Yes,6
MRD-000627,Yes,30.54,48,1632.87,Basic,2,No,3.34,No,Yes,5G,2,1073,No,10
MRD-000628,No,95.63,58,14074.94,Premium,3,No,3.24,No,Yes,4G,0,26,Yes,1
MRD-000629,No,76.6,59,2400.35,Premium,4,No,3.29,No,No,5G,1,1044,Yes,7
MRD-000630,Yes,64.89,88,4140.45,Plus,2,No,1.88,No,No,5G,2,559,No,2
MRD-000631,No,58.32,18,826.43,Plus,1,No,1.05,No,No,5G,0,1243,No,8
MRD-000632,No,55.82,39,2204.33,Plus,2,No,1.32,Yes,Yes,4G,5,922,No,1
MRD-000633,No,64.92,23,1478.94,Plus,1,No,1.13,Yes,Yes,5G,1,549,No,10
MRD-000634,No,32.82,75,1113.97,Basic,1,Yes,4.05,Yes,No,5G,0,1054,No,1
MRD-000635,No,66.87,89,5739.75,Plus,1,No,1.26,Yes,Yes,5G,1,960,No,5
MRD-000636,No,55.11,0,232.46,Plus,2,No,0.08,Yes,No,5G,0,1468,No,3
MRD-000637,No,59.9,53,2430.6,Plus,1,Yes,4.54,Yes,Yes,4G,1,1033,No,5
MRD-000638,Yes,35.46,48,1364.94,Basic,5,No,1.01,Yes,Yes,5G,3,508,Yes,7
MRD-000639,Yes,57.36,19,1118.64,Plus,1,No,1.43,No,No,5G,1,84,No,9
MRD-000640,Yes,40.56,94,2327.16,Basic,4,No,4.17,No,No,4G,2,292,Yes,9
MRD-000641,Yes,39.94,42,1107.05,Basic,3,No,2.01,No,No,5G,1,762,Yes,5
MRD-000642,No,104.16,74,20920.13,Premium,1,Yes,7.82,No,No,5G,3,1485,No,7
MRD-000643,No,63.1,5,511.12,Plus,5,No,4.04,Yes,No,5G,1,291,Yes,7
MRD-000644,No,55.02,92,5318.61,Plus,2,No,7.71,Yes,No,4G,0,359,No,9
MRD-000645,No,100.31,21,1021.65,Premium,1,Yes,5.87,No,No,4G,3,930,No,6
MRD-000646,No,102.9,51,5052.94,Premium,4,No,7.21,Yes,No,5G,1,734,Yes,5
MRD-000647,Yes,38.96,57,2415.8,Basic,2,Yes,4.11,No,No,5G,2,412,No,7
MRD-000648,No,35.36,38,1861.36,Basic,4,No,3.07,Yes,Yes,4G,2,772,Yes,7
MRD-000649,No,100.31,38,2128.69,Premium,1,No,0.45,No,No,4G,2,371,No,9
MRD-000650,No,29.5,95,2540.71,Basic,2,No,13.16,Yes,Yes,4G,2,48,No,3
MRD-000651,Yes,30.94,82,1224.83,Basic,1,Yes,3.26,Yes,No,5G,2,40,No,7
MRD-000652,No,57.31,19,627.36,Plus,4,No,4.07,Yes,No,5G,1,1199,Yes,7
MRD-000653,Yes,35.77,1,287.6,Basic,2,Yes,6.57,Yes,Yes,4G,0,847,No,9
MRD-000654,No,43.29,47,5129.22,Basic,5,No,1.83,Yes,Yes,5G,2,799,Yes,5
MRD-000655,Yes,36.46,22,638.32,Basic,4,No,4.71,No,No,5G,1,72,Yes,10
MRD-000656,No,62.18,23,1591.28,Plus,1,No,0.81,Yes,No,4G,3,1364,No,6
MRD-000657,Yes,64.7,27,1746.14,Plus,2,No,0.16,No,No,5G,0,1321,No,5
MRD-000658,Yes,68.92,20,2596.59,Plus,4,No,1.89,Yes,No,5G,1,23,Yes,4
MRD-000659,No,55.3,37,1023.08,Plus,4,No,1.25,Yes,No,5G,1,223,Yes,3
MRD-000660,Yes,38.55,81,4307.14,Basic,1,No,4.77,Yes,No,4G,1,108,No,5
MRD-000661,Yes,37.19,37,1923.16,Basic,1,No,0.82,Yes,No,5G,1,1467,No,9
MRD-000662,No,64.52,43,6186.26,Plus,5,No,0.19,Yes,Yes,4G,1,1267,Yes,1
MRD-000663,No,61.43,91,3689.97,Plus,1,No,1.14,No,Yes,5G,0,45,No,8
MRD-000664,No,52.27,35,2735.45,Plus,1,No,6.5,No,Yes,5G,2,741,No,2
MRD-000665,No,33.12,22,1587.51,Basic,3,No,0.7,Yes,No,4G,2,4,Yes,9
MRD-000666,No,58.49,83,4075.1,Plus,4,No,6.29,Yes,No,5G,0,167,Yes,2
MRD-000667,No,50.75,68,6417.45,Plus,3,No,0.44,Yes,No,4G,2,522,Yes,4
MRD-000668,No,40.98,21,1407.45,Basic,4,No,1.01,Yes,Yes,5G,1,1122,Yes,9
MRD-000669,No,80.2,39,3372.95,Premium,1,No,3.17,Yes,No,4G,2,822,No,8
MRD-000670,No,74.77,8,742.93,Premium,2,No,6.39,Yes,No,5G,1,144,No,2
MRD-000671,No,71.06,43,2239.12,Plus,3,No,3.89,No,No,5G,2,890,Yes,6
MRD-000672,No,120.82,12,2546.25,Premium,1,No,2.76,No,No,4G,3,666,No,6
MRD-000673,No,56.2,49,3741.9,Plus,4,No,4.77,Yes,No,4G,2,71,Yes,4
MRD-000674,Yes,45.12,4,264.2,Plus,1,No,1.42,No,Yes,5G,1,124,No,6
MRD-000675,No,86.93,54,3798.67,Premium,3,Yes,1.57,No,No,4G,0,1066,Yes,9
MRD-000676,Yes,30.21,80,2460.05,Basic,2,No,3.11,Yes,Yes,4G,4,68,No,2
MRD-000677,No,70.0,15,1131.52,Plus,2,No,1.92,Yes,Yes,5G,0,1386,No,8
MRD-000678,No,95.78,67,5327.71,Premium,4,No,0.62,No,Yes,5G,2,1010,Yes,2
MRD-000679,No,58.9,1,84.19,Plus,2,No,3.99,No,No,4G,2,1428,No,8
MRD-000680,No,95.75,49,4036.63,Premium,5,Yes,4.13,No,No,4G,0,1058,Yes,2
MRD-000681,No,34.05,34,1363.76,Basic,1,No,2.33,Yes,No,5G,1,882,No,9
MRD-000682,No,67.85,57,3804.45,Plus,2,No,3.08,No,No,4G,2,988,No,6
MRD-000683,No,88.02,27,2462.1,Premium,3,Yes,4.81,Yes,Yes,5G,1,162,Yes,5
MRD-000684,No,32.06,67,1556.04,Basic,3,No,2.62,Yes,No,4G,1,394,Yes,6
MRD-000685,No,20.51,42,560.6,Basic,2,No,9.04,Yes,No,5G,0,1351,No,8
MRD-000686,No,51.06,87,4631.84,Plus,1,No,4.77,Yes,Yes,5G,0,862,No,6
MRD-000687,No,32.1,90,3166.27,Basic,1,Yes,1.62,No,Yes,5G,4,689,No,6
MRD-000688,Yes,60.15,36,2475.04,Plus,2,No,0.33,Yes,No,5G,0,188,No,8
MRD-000689,No,62.95,96,6889.62,Plus,3,No,13.05,Yes,Yes,5G,3,106,Yes,9
MRD-000690,No,53.6,42,1811.17,Plus,1,No,3.38,Yes,No,4G,2,8,No,5
MRD-000691,No,63.51,47,2116.78,Plus,1,No,1.26,No,No,5G,1,865,No,8
MRD-000692,No,62.89,51,3683.82,Plus,2,No,2.91,Yes,No,4G,5,927,No,7
MRD-000693,No,103.98,21,1189.06,Premium,2,No,3.87,Yes,No,4G,1,914,No,6
MRD-000694,No,82.36,55,4282.63,Plus,1,No,3.65,No,Yes,5G,1,1391,No,8
MRD-000695,Yes,34.72,79,6950.47,Basic,3,No,2.58,Yes,No,4G,0,1378,Yes,5
MRD-000696,No,66.29,4,1010.56,Plus,5,Yes,1.59,Yes,Yes,5G,1,1197,Yes,1
MRD-000697,No,57.5,44,1303.19,Plus,1,No,0.66,Yes,Yes,5G,1,265,No,8
MRD-000698,No,61.36,82,13711.49,Plus,4,No,15.03,No,Yes,4G,0,90,Yes,9
MRD-000699,No,66.64,19,805.31,Plus,4,No,1.14,No,Yes,5G,0,1131,Yes,6
MRD-000700,No,40.03,76,2705.36,Basic,3,No,2.13,Yes,Yes,5G,1,244,Yes,10
MRD-000701,No,90.18,26,2398.52,Premium,1,No,7.65,Yes,Yes,5G,0,812,No,2
MRD-000702,No,97.91,83,7837.9,Premium,2,No,3.37,No,Yes,5G,2,857,No,5
MRD-000703,Yes,38.68,91,2470.73,Basic,3,No,4.06,Yes,No,4G,2,838,Yes,5
MRD-000704,No,86.21,34,3034.55,Premium,3,No,3.52,Yes,No,5G,2,442,Yes,4
MRD-000705,Yes,27.28,71,993.49,Basic,1,No,0.87,Yes,No,5G,1,1292,No,5
MRD-000706,No,31.13,25,905.85,Basic,1,No,9.38,Yes,No,5G,1,882,No,8
MRD-000707,Yes,29.72,77,4755.56,Basic,3,No,0.57,No,No,5G,1,304,Yes,6
MRD-000708,No,61.11,47,2144.47,Plus,2,Yes,4.19,No,No,5G,1,916,No,6
MRD-000709,No,37.36,54,3542.65,Basic,1,No,6.34,Yes,Yes,5G,2,447,No,7
MRD-000710,No,37.26,56,2977.07,Basic,2,No,11.86,Yes,Yes,5G,4,663,No,6
MRD-000711,No,59.55,29,7137.75,Plus,3,No,0.31,Yes,No,4G,2,967,Yes,8
MRD-000712,Yes,30.61,13,757.59,Basic,1,Yes,1.21,No,No,5G,3,1397,No,7
MRD-000713,No,52.72,17,862.73,Plus,1,No,3.97,Yes,Yes,5G,2,1138,No,3
MRD-000714,No,71.41,26,1489.01,Plus,2,No,2.55,Yes,Yes,5G,2,897,No,9
MRD-000715,No,68.74,71,5240.7,Premium,1,No,2.71,Yes,No,5G,1,284,No,7
MRD-000716,No,57.93,21,1388.29,Plus,2,Yes,3.07,No,No,4G,2,226,No,3
MRD-000717,No,52.82,74,6749.31,Plus,2,No,7.57,Yes,No,4G,3,650,No,5
MRD-000718,No,62.92,57,7545.2,Plus,1,No,1.22,Yes,Yes,5G,3,335,No,6
MRD-000719,No,83.72,32,3890.39,Premium,2,Yes,7.37,No,No,4G,1,1155,No,5
MRD-000720,No,60.11,0,0.0,Plus,1,Yes,3.37,Yes,No,4G,3,818,No,9
MRD-000721,No,57.34,6,490.85,Plus,2,No,2.44,No,Yes,4G,2,611,No,3
MRD-000722,Yes,61.62,51,3801.77,Plus,1,No,1.41,Yes,Yes,5G,3,619,No,8
MRD-000723,No,108.12,42,6988.82,Premium,4,No,1.13,Yes,No,5G,0,355,Yes,4
MRD-000724,Yes,30.95,29,688.4,Basic,5,Yes,2.44,Yes,No,5G,1,238,Yes,1
MRD-000725,No,76.99,2,275.06,Premium,3,No,7.76,No,No,4G,1,710,Yes,10
MRD-000726,No,54.12,53,2155.97,Plus,2,No,5.67,Yes,No,4G,0,1447,No,3
MRD-000727,Yes,31.11,84,2539.15,Basic,1,No,2.6,Yes,Yes,5G,1,729,No,8
MRD-000728,No,34.32,88,2291.86,Basic,2,No,4.57,No,No,5G,2,136,No,9
MRD-000729,Yes,28.76,95,4358.1,Basic,2,No,3.36,Yes,Yes,5G,2,1484,No,4
MRD-000730,No,34.82,57,2860.77,Basic,1,No,4.83,No,Yes,5G,0,1327,No,1
MRD-000731,No,67.17,25,1282.62,Plus,2,No,0.85,No,Yes,5G,2,878,No,4
MRD-000732,No,86.15,55,19619.75,Premium,1,No,1.98,Yes,Yes,5G,2,854,No,7
MRD-000733,No,56.88,79,13742.75,Plus,3,Yes,0.86,Yes,Yes,5G,2,428,Yes,4
MRD-000734,Yes,34.98,67,2151.4,Basic,1,Yes,3.14,Yes,No,5G,1,1192,No,8
MRD-000735,Yes,30.65,79,2124.05,Basic,3,No,0.22,Yes,No,5G,0,1330,Yes,1
MRD-000736,Yes,27.06,92,2362.82,Basic,2,No,7.96,Yes,No,4G,1,1391,No,6
MRD-000737,No,91.81,0,290.62,Premium,1,No,3.44,No,Yes,4G,1,1252,No,6
MRD-000738,No,33.62,13,598.08,Basic,3,No,3.98,Yes,Yes,5G,1,941,Yes,1
MRD-000739,No,100.65,31,2169.03,Premium,2,No,5.55,No,Yes,4G,1,139,No,5
MRD-000740,No,60.89,58,2746.62,Plus,1,Yes,6.31,Yes,Yes,4G,2,609,No,1
MRD-000741,No,46.44,3,204.5,Plus,2,No,4.83,Yes,No,5G,3,1043,No,2
MRD-000742,Yes,34.32,29,983.36,Basic,2,Yes,0.02,No,Yes,4G,1,1495,No,8
MRD-000743,No,64.98,71,4083.69,Plus,1,No,9.63,Yes,Yes,5G,1,1396,No,7
MRD-000744,No,59.37,46,2651.71,Plus,1,No,2.72,No,Yes,4G,3,576,No,6
MRD-000745,No,62.32,82,6552.7,Plus,4,No,1.0,Yes,No,4G,0,179,Yes,10
MRD-000746,No,123.73,73,4609.93,Premium,2,Yes,2.14,No,No,4G,0,113,No,4
MRD-000747,No,90.86,50,6455.74,Premium,3,No,2.81,No,No,5G,1,624,Yes,9
MRD-000748,No,56.8,79,3770.8,Plus,2,No,2.96,Yes,Yes,5G,0,713,No,9
MRD-000749,Yes,35.27,10,390.76,Basic,1,No,5.78,Yes,No,5G,0,534,No,4
MRD-000750,No,85.99,35,3593.9,Premium,1,No,1.95,Yes,Yes,4G,3,1079,No,9
MRD-000751,No,59.3,62,2320.47,Plus,4,No,4.29,Yes,Yes,5G,1,71,Yes,7
MRD-000752,No,35.95,36,1930.97,Basic,3,No,9.45,No,Yes,5G,1,390,Yes,6
MRD-000753,No,58.4,9,768.95,Plus,4,No,1.36,No,Yes,4G,1,259,Yes,3
MRD-000754,No,65.85,69,4164.02,Plus,1,No,7.3,No,No,4G,2,1319,No,3
MRD-000755,No,64.84,19,928.97,Plus,3,Yes,3.49,Yes,Yes,5G,2,423,Yes,10
MRD-000756,No,102.46,75,5508.24,Premium,1,No,7.8,Yes,Yes,5G,2,511,No,2
MRD-000757,Yes,54.91,10,184.0,Plus,1,No,3.25,Yes,No,5G,1,1074,No,2
MRD-000758,No,83.8,52,11419.69,Premium,1,No,4.43,Yes,Yes,5G,1,69,No,7
MRD-000759,Yes,39.04,25,1581.14,Basic,2,No,5.45,No,Yes,4G,0,13,No,5
MRD-000760,No,96.35,51,4344.18,Premium,1,No,2.36,No,No,5G,4,656,No,4
MRD-000761,Yes,36.75,32,984.63,Basic,2,Yes,2.36,Yes,No,4G,1,702,No,9
MRD-000762,Yes,61.07,37,1417.61,Plus,2,No,5.66,No,Yes,5G,0,1096,No,2
MRD-000763,Yes,38.76,44,1409.99,Basic,4,Yes,2.02,No,No,4G,0,69,Yes,1
MRD-000764,No,33.43,29,628.58,Basic,3,No,1.48,Yes,Yes,4G,2,1457,Yes,3
MRD-000765,No,38.81,57,2210.18,Basic,3,Yes,8.3,Yes,No,5G,1,790,Yes,9
MRD-000766,No,59.48,74,5046.28,Plus,2,No,3.92,Yes,No,4G,0,1309,No,2
MRD-000767,No,46.98,43,2087.48,Basic,1,No,3.84,Yes,No,5G,1,448,No,9
MRD-000768,No,55.6,11,1024.52,Plus,2,No,4.56,No,No,5G,2,772,No,9
MRD-000769,No,63.3,39,5118.72,Plus,2,No,0.25,No,No,5G,0,1438,No,1
MRD-000770,No,31.32,79,1971.17,Basic,3,Yes,0.63,No,Yes,5G,0,112,Yes,8
MRD-000771,No,60.19,77,2393.28,Plus,3,No,4.3,No,No,5G,1,1131,Yes,8
MRD-000772,No,96.92,19,1142.47,Premium,4,No,4.57,Yes,Yes,5G,3,1019,Yes,8
MRD-000773,No,79.79,38,3901.59,Premium,4,No,0.44,No,No,5G,1,87,Yes,8
MRD-000774,No,58.82,46,3644.21,Plus,3,Yes,5.88,No,No,4G,0,1246,Yes,2
MRD-000775,No,34.46,89,9035.61,Basic,2,No,2.74,Yes,No,5G,3,131,No,9
MRD-000776,No,54.81,17,995.11,Plus,3,Yes,2.01,Yes,Yes,4G,1,358,Yes,10
MRD-000777,No,40.98,11,1409.24,Basic,1,No,7.74,Yes,Yes,5G,2,996,No,8
MRD-000778,No,29.77,66,2707.14,Basic,1,No,7.35,No,No,5G,2,681,No,9
MRD-000779,No,63.12,75,7817.35,Plus,3,No,4.26,No,Yes,5G,1,249,Yes,7
MRD-000780,Yes,40.4,37,3040.48,Basic,2,Yes,2.08,No,No,5G,3,1278,No,5
MRD-000781,No,58.9,9,839.37,Plus,2,Yes,1.63,No,Yes,5G,1,681,No,7
MRD-000782,Yes,34.46,93,2070.31,Basic,1,No,0.81,Yes,Yes,4G,1,1336,No,1
MRD-000783,Yes,36.44,15,694.01,Basic,5,No,11.86,No,Yes,4G,0,774,Yes,6
MRD-000784,No,29.5,53,1255.49,Basic,1,No,9.7,Yes,Yes,5G,1,114,No,4
MRD-000785,No,51.17,64,3472.78,Plus,3,Yes,0.87,Yes,No,5G,2,913,Yes,8
MRD-000786,No,92.77,50,2927.71,Premium,2,No,2.72,No,No,4G,3,1331,No,8
MRD-000787,Yes,37.46,0,39.2,Basic,2,No,1.75,Yes,Yes,5G,1,1390,No,1
MRD-000788,No,59.81,46,1575.19,Plus,1,No,1.51,Yes,No,4G,1,75,No,1
MRD-000789,No,78.28,39,1912.23,Premium,1,No,0.9,Yes,No,4G,1,900,No,7
MRD-000790,Yes,34.8,2,132.61,Basic,2,No,1.02,No,Yes,4G,1,1347,No,6
MRD-000791,No,105.41,0,248.71,Premium,5,No,1.07,No,No,5G,1,217,Yes,4
MRD-000792,No,34.98,0,303.4,Basic,4,No,12.26,No,No,5G,3,1255,Yes,3
MRD-000793,No,87.11,79,5851.03,Premium,5,No,2.18,Yes,Yes,5G,2,1174,Yes,6
MRD-000794,No,67.14,35,2558.13,Plus,3,Yes,7.08,Yes,Yes,5G,1,931,Yes,5
MRD-000795,No,56.23,67,2630.06,Plus,1,Yes,8.0,Yes,No,5G,2,276,No,2
MRD-000796,No,36.82,54,2361.93,Basic,2,No,3.08,Yes,Yes,5G,2,668,No,9
MRD-000797,No,63.68,85,6088.46,Plus,4,Yes,1.92,Yes,Yes,5G,2,243,Yes,10
MRD-000798,No,26.55,86,2899.5,Basic,2,No,0.97,No,No,5G,2,390,No,10
MRD-000799,No,55.16,80,3314.71,Plus,2,No,1.29,Yes,Yes,4G,2,1384,No,5
MRD-000800,No,78.95,74,2861.53,Premium,5,Yes,1.48,Yes,Yes,5G,3,873,Yes,4
MRD-000801,No,48.23,2,133.15,Plus,1,No,1.56,Yes,No,4G,2,46,No,9
MRD-000802,No,89.35,77,21644.38,Premium,2,No,10.61,Yes,Yes,5G,1,925,No,1
MRD-000803,No,97.73,50,3612.27,Premium,2,No,3.08,Yes,Yes,5G,1,1105,No,1
MRD-000804,No,45.64,82,7990.48,Basic,1,No,1.58,No,No,4G,0,655,No,2
MRD-000805,No,58.99,81,11082.57,Plus,5,No,1.92,Yes,No,4G,1,759,Yes,5
MRD-000806,No,57.55,20,1224.68,Plus,2,Yes,0.96,Yes,No,5G,0,194,No,10
MRD-000807,No,58.94,10,787.52,Plus,1,No,0.83,Yes,No,4G,1,286,No,2
MRD-000808,No,33.52,78,2492.0,Basic,2,No,4.91,Yes,Yes,5G,2,884,No,7
MRD-000809,No,70.18,70,7317.29,Plus,3,No,2.12,No,No,5G,2,864,Yes,4
MRD-000810,No,53.77,3,497.1,Plus,2,Yes,5.44,Yes,Yes,4G,2,1366,No,3
MRD-000811,No,85.6,27,2944.82,Premium,2,No,0.95,No,Yes,4G,0,223,No,1
MRD-000812,No,91.34,69,10448.09,Premium,2,No,2.04,Yes,No,5G,3,1139,No,9
MRD-000813,No,64.2,31,1698.64,Plus,2,No,1.22,No,Yes,5G,1,170,No,4
MRD-000814,No,83.5,48,3076.35,Premium,3,No,0.81,No,No,5G,1,1386,Yes,9
MRD-000815,No,30.25,73,2328.98,Basic,5,No,6.41,Yes,Yes,4G,2,1209,Yes,2
MRD-000816,No,93.37,64,6864.3,Premium,3,No,1.47,No,Yes,5G,1,727,Yes,9
MRD-000817,Yes,51.73,21,1456.71,Plus,1,Yes,1.59,Yes,Yes,5G,1,1386,No,5
MRD-000818,Yes,41.31,9,245.31,Basic,1,No,1.48,No,No,5G,2,1311,No,4
MRD-000819,No,38.27,69,1286.98,Basic,1,Yes,1.68,No,Yes,4G,1,646,No,10
MRD-000820,Yes,29.03,4,0.0,Basic,2,Yes,1.54,No,No,4G,2,972,No,6
MRD-000821,No,81.08,23,5459.13,Premium,4,No,7.15,Yes,Yes,4G,3,472,Yes,1
MRD-000822,Yes,25.77,74,793.21,Basic,1,No,0.9,No,No,5G,1,65,No,7
MRD-000823,No,111.15,74,7223.18,Premium,1,No,1.68,Yes,No,4G,0,680,No,1
MRD-000824,No,48.82,86,4700.14,Plus,2,No,0.14,Yes,No,5G,5,819,No,6
MRD-000825,Yes,36.08,45,1521.2,Basic,1,No,2.31,No,No,5G,0,361,No,1
MRD-000826,No,33.35,8,303.14,Basic,1,No,1.89,Yes,No,5G,1,118,No,8
MRD-000827,No,44.81,91,2030.33,Plus,5,No,10.98,No,No,4G,1,1084,Yes,2
MRD-000828,Yes,34.67,20,489.85,Basic,1,No,3.5,Yes,No,5G,3,1089,No,7
MRD-000829,No,108.54,94,5492.13,Premium,1,No,0.28,Yes,No,5G,0,86,No,7
MRD-000830,No,86.68,77,4721.14,Premium,1,No,4.69,Yes,Yes,5G,1,441,No,3
MRD-000831,No,92.33,0,19.63,Premium,3,No,4.11,No,No,5G,0,642,Yes,10
MRD-000832,No,66.01,6,717.45,Plus,2,No,0.89,No,No,4G,2,72,No,5
MRD-000833,No,98.0,20,1036.45,Premium,1,No,4.27,No,Yes,4G,0,966,No,2
MRD-000834,Yes,35.72,2,183.16,Basic,5,No,0.88,No,No,5G,2,1081,Yes,1
MRD-000835,No,57.37,66,3062.95,Plus,1,Yes,0.7,Yes,Yes,5G,0,751,No,1
MRD-000836,No,98.2,96,13108.57,Premium,4,No,0.81,Yes,Yes,4G,0,269,Yes,6
MRD-000837,No,34.69,82,3499.63,Basic,2,No,3.45,Yes,No,5G,2,543,No,5
MRD-000838,No,68.02,89,9262.63,Plus,3,Yes,4.11,No,No,4G,1,954,Yes,1
MRD-000839,No,41.38,93,4787.62,Basic,3,No,3.51,No,Yes,5G,2,520,Yes,5
MRD-000840,Yes,57.06,10,372.27,Plus,4,No,2.53,No,No,5G,0,1189,Yes,3
MRD-000841,No,38.66,91,2503.25,Basic,1,No,0.59,Yes,No,5G,1,470,No,1
MRD-000842,No,99.0,13,1792.55,Premium,1,Yes,2.33,Yes,Yes,4G,2,925,No,8
MRD-000843,No,40.66,38,1363.68,Basic,1,Yes,6.32,Yes,No,4G,2,73,No,2
MRD-000844,No,60.23,66,2110.63,Plus,2,Yes,1.0,No,Yes,5G,0,580,No,10
MRD-000845,Yes,30.14,63,3324.71,Basic,2,No,5.65,Yes,No,5G,3,919,No,3
MRD-000846,Yes,38.3,13,515.74,Basic,4,No,1.84,Yes,Yes,4G,3,194,Yes,8
MRD-000847,No,47.3,14,1087.28,Plus,2,No,1.44,Yes,No,5G,0,1403,No,7
MRD-000848,No,65.03,55,6038.6,Plus,1,No,1.87,Yes,No,4G,0,1122,No,5
MRD-000849,No,28.38,40,691.46,Basic,1,No,4.11,Yes,No,5G,1,721,No,10
MRD-000850,No,35.83,57,3039.68,Basic,1,No,0.45,Yes,Yes,5G,3,1440,No,7
MRD-000851,No,41.99,46,2167.74,Basic,4,No,0.52,No,Yes,5G,2,355,Yes,5
MRD-000852,No,24.21,85,3840.35,Basic,2,No,0.36,Yes,No,5G,1,1085,No,10
MRD-000853,No,33.07,73,5994.92,Basic,4,No,2.12,Yes,No,4G,0,1495,Yes,3
MRD-000854,No,101.5,91,11822.7,Premium,1,Yes,2.89,Yes,No,5G,0,937,No,10
MRD-000855,Yes,81.83,79,9959.78,Premium,3,No,2.49,No,Yes,4G,2,453,Yes,4
MRD-000856,Yes,59.73,12,778.38,Plus,2,No,2.64,No,Yes,5G,4,13,No,5
MRD-000857,No,69.98,88,5929.99,Plus,2,Yes,0.4,Yes,Yes,4G,2,1369,No,8
MRD-000858,No,90.75,87,6755.34,Premium,1,No,4.43,No,Yes,5G,2,614,No,9
MRD-000859,No,37.13,37,1072.27,Basic,2,No,0.86,Yes,No,5G,3,453,No,3
MRD-000860,Yes,100.31,88,16947.04,Premium,2,Yes,1.77,No,Yes,4G,2,894,No,6
MRD-000861,No,36.16,91,4217.3,Basic,1,No,2.8,No,Yes,4G,2,273,No,9
MRD-000862,No,77.68,3,554.69,Premium,3,No,12.12,Yes,No,5G,1,718,Yes,10
MRD-000863,No,44.41,22,381.39,Basic,1,No,5.7,No,No,4G,0,1271,No,2
MRD-000864,No,67.75,15,3102.04,Plus,2,Yes,4.59,Yes,No,5G,5,1257,No,1
MRD-000865,No,57.5,12,548.49,Plus,1,No,0.49,Yes,Yes,4G,0,948,No,5
MRD-000866,No,110.39,69,5652.57,Premium,2,No,6.38,No,No,5G,0,494,No,2
MRD-000867,No,38.82,91,2929.62,Basic,2,No,0.5,No,Yes,4G,3,199,No,10
MRD-000868,No,77.23,68,4236.71,Plus,3,No,0.58,No,Yes,5G,1,508,Yes,9
MRD-000869,No,67.63,8,450.32,Plus,3,No,0.04,Yes,Yes,4G,4,507,Yes,10
MRD-000870,No,88.58,41,4098.87,Premium,1,No,2.15,Yes,No,5G,2,928,No,1
MRD-000871,Yes,34.74,87,1922.85,Basic,2,No,6.12,No,No,4G,0,681,No,8
MRD-000872,No,59.44,55,1649.75,Plus,5,Yes,1.66,No,Yes,5G,0,783,Yes,9
MRD-000873,No,60.78,66,2295.02,Plus,1,No,5.41,No,Yes,4G,3,1377,No,8
MRD-000874,Yes,33.68,96,2565.67,Basic,1,No,0.68,Yes,No,4G,2,1443,No,4
MRD-000875,No,93.26,94,5994.06,Premium,3,Yes,7.3,No,No,5G,1,1211,Yes,9
MRD-000876,No,56.82,42,3573.29,Plus,3,No,1.65,No,No,4G,1,1167,Yes,4
MRD-000877,No,78.22,44,3391.78,Plus,1,No,2.45,Yes,Yes,4G,0,756,No,1
MRD-000878,Yes,23.84,55,1432.26,Basic,1,No,0.92,Yes,No,5G,3,1414,No,2
MRD-000879,No,72.55,78,8497.17,Plus,1,No,5.02,No,No,5G,3,210,No,8
MRD-000880,No,78.5,0,303.45,Premium,4,Yes,5.95,Yes,No,5G,0,179,Yes,8
MRD-000881,No,92.43,62,6226.59,Premium,4,No,0.82,No,No,5G,0,299,Yes,3
MRD-000882,No,34.45,44,2285.01,Basic,1,Yes,4.58,No,No,5G,2,1156,No,6
MRD-000883,No,61.72,70,3900.01,Plus,2,No,3.63,Yes,Yes,4G,2,646,No,5
MRD-000884,No,34.68,9,465.75,Basic,1,No,4.54,Yes,No,4G,2,1279,No,9
MRD-000885,No,96.14,33,2484.22,Premium,2,Yes,0.53,Yes,Yes,5G,2,809,No,10
MRD-000886,No,109.25,7,1729.41,Premium,1,No,1.94,Yes,Yes,4G,2,1302,No,5
MRD-000887,No,102.27,71,6597.05,Premium,1,Yes,1.3,Yes,No,5G,3,1040,No,2
MRD-000888,No,98.91,33,2592.58,Premium,2,Yes,4.49,No,No,5G,1,398,No,2
MRD-000889,No,47.94,66,4274.81,Plus,4,No,9.93,Yes,Yes,5G,0,1283,Yes,5
MRD-000890,No,100.5,72,4183.47,Premium,5,Yes,0.7,No,Yes,5G,2,400,Yes,7
MRD-000891,No,84.98,54,3994.11,Premium,2,No,0.79,Yes,Yes,5G,3,225,No,10
MRD-000892,Yes,30.14,24,553.41,Basic,1,No,0.09,No,No,4G,0,1198,No,9
MRD-000893,No,36.16,63,2087.25,Basic,1,No,1.16,No,No,4G,3,102,No,5
MRD-000894,Yes,30.69,70,1888.3,Basic,1,Yes,0.35,No,Yes,5G,0,772,No,6
MRD-000895,No,47.9,83,4150.95,Plus,3,No,2.82,Yes,No,5G,2,158,Yes,3
MRD-000896,No,59.37,54,2831.16,Plus,3,Yes,2.04,Yes,No,5G,3,385,Yes,2
MRD-000897,No,34.21,72,3074.06,Basic,3,No,2.77,Yes,No,5G,0,871,Yes,10
MRD-000898,No,57.52,8,774.77,Plus,1,No,1.84,No,Yes,4G,3,662,No,1
MRD-000899,No,36.68,42,2083.46,Basic,2,No,5.33,No,Yes,5G,1,948,No,3
MRD-000900,No,107.13,63,3768.57,Premium,2,No,0.07,Yes,No,5G,2,193,No,9
MRD-000901,No,69.47,18,3399.13,Plus,4,No,1.73,No,No,4G,2,112,Yes,2
MRD-000902,Yes,103.52,31,3101.16,Premium,2,No,6.48,No,No,4G,1,728,No,7
MRD-000903,No,33.06,67,3223.31,Basic,2,No,2.6,No,No,5G,0,1045,No,6
MRD-000904,No,39.56,25,1002.0,Basic,3,No,5.75,Yes,Yes,4G,2,1125,Yes,7
MRD-000905,No,53.35,25,2450.6,Plus,3,No,2.76,Yes,No,4G,1,341,Yes,6
MRD-000906,No,35.75,56,3535.32,Basic,1,Yes,2.99,No,No,5G,3,551,No,5
MRD-000907,No,30.55,52,1949.12,Basic,2,No,1.07,Yes,No,5G,2,1445,No,6
MRD-000908,No,81.85,27,1849.99,Premium,2,Yes,3.46,Yes,No,5G,1,63,No,2
MRD-000909,Yes,36.08,59,2010.68,Basic,1,No,4.41,Yes,No,5G,3,1058,No,3
MRD-000910,No,60.23,37,4106.28,Plus,1,No,7.04,Yes,Yes,4G,3,221,No,6
MRD-000911,No,102.54,15,2159.65,Premium,3,No,3.12,No,No,5G,4,213,Yes,10
MRD-000912,Yes,34.47,18,1533.83,Basic,2,No,0.04,No,No,4G,1,407,No,10
MRD-000913,No,64.04,62,6547.17,Plus,5,No,5.68,No,Yes,4G,1,1144,Yes,2
MRD-000914,No,106.1,69,15313.82,Premium,1,No,6.74,Yes,No,4G,2,1318,No,5
MRD-000915,No,59.42,68,5188.8,Plus,4,No,0.86,No,Yes,5G,2,471,Yes,8
MRD-000916,No,92.41,57,6045.46,Premium,4,No,0.77,Yes,No,4G,0,1187,Yes,7
MRD-000917,No,63.84,73,3088.18,Plus,1,Yes,3.16,Yes,No,5G,1,672,No,4
MRD-000918,No,55.67,6,398.98,Plus,3,No,7.34,Yes,No,5G,3,957,Yes,3
MRD-000919,No,64.86,94,3426.0,Plus,1,No,2.21,Yes,No,5G,2,1382,No,1
MRD-000920,No,68.37,69,1904.64,Plus,1,No,3.73,Yes,No,5G,0,1253,No,1
MRD-000921,Yes,104.98,3,462.21,Premium,1,No,0.84,No,No,4G,3,1348,No,6
MRD-000922,No,41.47,67,3545.54,Basic,3,Yes,5.62,Yes,Yes,5G,2,1441,Yes,4
MRD-000923,No,55.39,51,2763.77,Plus,1,No,3.04,Yes,No,5G,2,400,No,10
MRD-000924,No,58.65,77,4933.52,Plus,2,No,2.29,No,No,5G,0,944,No,5
MRD-000925,No,75.94,35,2120.08,Premium,3,Yes,0.75,No,No,5G,0,406,Yes,6
MRD-000926,No,89.46,80,7912.74,Premium,4,No,1.99,Yes,Yes,5G,3,1339,Yes,7
MRD-000927,No,116.05,66,7205.48,Premium,1,Yes,8.13,Yes,No,5G,3,626,No,3
MRD-000928,No,40.6,75,4435.24,Basic,1,Yes,2.19,Yes,No,4G,3,605,No,2
MRD-000929,No,59.74,71,5355.98,Plus,2,Yes,5.12,Yes,No,4G,1,1255,No,1
MRD-000930,No,65.58,40,1740.06,Plus,2,No,8.98,Yes,No,4G,4,1195,No,8
MRD-000931,No,99.89,15,2709.16,Premium,3,No,3.96,Yes,Yes,5G,5,1464,Yes,7
MRD-000932,Yes,33.73,71,1977.55,Basic,3,Yes,2.43,Yes,No,5G,0,431,Yes,8
MRD-000933,No,42.81,75,2739.31,Basic,1,No,2.2,Yes,No,5G,2,1498,No,2
MRD-000934,Yes,30.15,34,1340.45,Basic,1,No,3.46,Yes,No,5G,1,695,No,9
MRD-000935,No,63.97,78,4931.88,Plus,1,No,2.11,Yes,No,5G,1,433,No,3
MRD-000936,No,51.13,79,2203.47,Plus,2,No,1.96,Yes,No,4G,0,1162,No,2
MRD-000937,No,41.58,76,1642.94,Basic,1,No,1.4,Yes,No,5G,3,26,No,8
MRD-000938,Yes,87.19,22,1643.27,Premium,1,No,0.05,No,No,5G,2,12,No,6
MRD-000939,No,60.87,47,1741.8,Plus,4,No,5.21,No,Yes,4G,3,709,Yes,1
MRD-000940,No,113.26,1,113.17,Premium,1,No,0.99,Yes,No,5G,1,662,No,1
MRD-000941,No,35.22,88,4153.46,Basic,2,Yes,3.03,Yes,No,5G,2,997,No,2
MRD-000942,Yes,32.24,63,1709.71,Basic,4,No,4.75,Yes,Yes,5G,0,1044,Yes,1
MRD-000943,Yes,25.57,24,462.62,Basic,2,Yes,4.7,Yes,No,4G,0,1046,No,4
MRD-000944,No,57.63,49,3156.92,Plus,3,No,2.2,Yes,No,5G,1,161,Yes,6
MRD-000945,Yes,31.98,19,875.32,Basic,1,No,2.53,Yes,No,5G,0,64,No,1
MRD-000946,Yes,27.69,61,1437.39,Basic,1,No,0.44,Yes,No,4G,2,1196,No,6
MRD-000947,No,91.26,68,5209.83,Premium,3,No,1.19,Yes,Yes,5G,3,650,Yes,8
MRD-000948,No,64.46,5,564.37,Plus,2,No,1.43,Yes,Yes,5G,1,749,No,4
MRD-000949,No,56.85,25,1485.94,Plus,4,No,0.74,No,Yes,5G,0,362,Yes,10
MRD-000950,No,30.74,93,3095.87,Basic,1,No,1.51,Yes,No,4G,1,329,No,4
MRD-000951,No,61.05,85,4547.29,Plus,2,No,8.3,Yes,No,5G,2,573,No,9
MRD-000952,No,55.1,74,2038.03,Plus,2,Yes,1.69,Yes,No,4G,3,1267,No,9
MRD-000953,No,71.57,70,10723.97,Plus,4,No,4.87,Yes,Yes,4G,1,238,Yes,6
MRD-000954,No,61.86,23,1794.24,Plus,3,No,0.8,No,No,4G,3,1023,Yes,10
MRD-000955,No,101.0,79,8036.93,Premium,4,Yes,3.21,No,No,4G,1,582,Yes,4
MRD-000956,Yes,88.2,1,319.19,Premium,1,No,4.55,Yes,Yes,5G,0,975,No,9
MRD-000957,No,103.76,61,15238.78,Premium,5,No,1.99,Yes,No,5G,3,74,Yes,8
MRD-000958,No,65.18,14,1393.15,Plus,2,No,1.29,No,No,5G,1,582,No,1
MRD-000959,No,93.1,96,13786.68,Premium,4,Yes,2.43,No,Yes,4G,1,702,Yes,6
MRD-000960,No,62.98,94,10092.32,Plus,1,Yes,4.69,Yes,Yes,4G,2,336,No,4
MRD-000961,No,71.38,81,4738.0,Plus,2,No,2.05,Yes,Yes,5G,1,1406,No,2
MRD-000962,No,88.36,65,7929.07,Premium,2,No,0.31,Yes,No,4G,1,1476,No,7
MRD-000963,No,41.75,20,1449.72,Basic,4,No,4.26,Yes,Yes,5G,0,591,Yes,8
MRD-000964,No,53.88,51,3651.2,Plus,3,No,1.54,Yes,No,4G,3,100,Yes,5
MRD-000965,Yes,30.24,70,2274.18,Basic,4,No,7.06,Yes,No,4G,0,640,Yes,3
MRD-000966,No,25.44,23,719.66,Basic,2,No,0.29,No,Yes,4G,2,190,No,2
MRD-000967,No,52.55,59,3123.56,Plus,1,No,5.17,No,No,5G,2,1023,No,7
MRD-000968,Yes,56.53,9,768.56,Plus,2,No,8.86,Yes,No,4G,2,598,No,4
MRD-000969,No,90.76,68,4376.34,Premium,2,No,9.68,No,Yes,5G,3,122,No,5
MRD-000970,No,58.09,95,10384.76,Plus,2,No,2.98,No,No,4G,1,167,No,8
MRD-000971,No,110.97,62,8740.42,Premium,3,Yes,2.98,No,No,4G,2,437,Yes,6
MRD-000972,No,36.75,6,80.18,Basic,1,No,0.91,Yes,No,4G,2,13,No,10
MRD-000973,No,61.65,31,1881.93,Plus,2,No,4.05,Yes,Yes,5G,1,1205,No,8
MRD-000974,No,33.15,81,2348.74,Basic,5,No,2.79,No,Yes,5G,2,94,Yes,1
MRD-000975,No,68.21,17,737.65,Plus,2,No,9.86,Yes,No,4G,1,543,No,7
MRD-000976,No,61.81,30,2098.92,Plus,4,No,6.34,No,Yes,4G,1,581,Yes,4
MRD-000977,Yes,66.88,87,6192.27,Plus,1,No,0.86,Yes,No,5G,3,674,No,3
MRD-000978,No,89.19,21,3022.67,Premium,2,Yes,0.79,No,No,4G,1,90,No,3
MRD-000979,No,31.07,23,706.61,Basic,2,Yes,3.77,Yes,No,4G,3,1439,No,5
MRD-000980,Yes,33.54,14,710.13,Basic,1,No,1.4,Yes,Yes,5G,2,144,No,1
MRD-000981,No,36.29,72,1969.74,Basic,2,No,1.79,No,Yes,5G,3,592,No,1
MRD-000982,No,53.86,84,10431.6,Plus,1,No,0.24,Yes,No,5G,0,1136,No,6
MRD-000983,No,109.6,31,3094.6,Premium,4,No,2.77,Yes,No,4G,5,640,Yes,4
MRD-000984,No,58.26,28,1158.28,Plus,4,No,6.21,Yes,Yes,5G,0,216,Yes,10
MRD-000985,No,57.07,0,153.59,Plus,5,No,6.01,Yes,Yes,5G,0,357,Yes,5
MRD-000986,No,59.2,17,1580.64,Plus,3,No,2.11,Yes,No,5G,0,1412,Yes,7
MRD-000987,No,103.23,8,1271.07,Premium,2,No,0.56,Yes,No,5G,0,1270,No,2
MRD-000988,No,36.1,56,1612.95,Basic,1,No,4.95,Yes,No,4G,1,467,No,3
MRD-000989,No,36.33,3,280.07,Basic,1,No,0.26,Yes,No,4G,1,548,No,9
MRD-000990,No,82.08,58,2265.79,Premium,2,No,2.29,No,No,5G,6,1412,No,6
MRD-000991,No,62.89,26,3860.73,Plus,1,No,1.47,Yes,Yes,5G,2,742,No,7
MRD-000992,No,39.04,34,1812.38,Basic,5,No,2.65,No,Yes,4G,4,653,Yes,1
MRD-000993,Yes,48.68,14,794.75,Plus,2,No,0.47,Yes,No,5G,2,272,No,1
MRD-000994,No,100.1,45,5568.23,Premium,1,No,8.86,Yes,Yes,5G,1,1115,No,9
MRD-000995,No,95.75,12,1154.66,Premium,1,No,6.13,Yes,Yes,5G,1,501,No,6
MRD-000996,No,60.76,30,1751.48,Plus,2,No,0.72,Yes,No,5G,0,1322,No,7
MRD-000997,No,95.98,62,10242.85,Premium,2,Yes,1.61,Yes,Yes,5G,1,24,No,10
MRD-000998,No,82.34,83,10762.2,Premium,3,No,2.3,Yes,No,5G,1,1120,Yes,2
MRD-000999,No,103.02,55,12787.38,Premium,1,No,2.1,Yes,No,5G,2,412,No,8
MRD-001000,No,53.22,58,3860.14,Plus,2,No,1.02,No,Yes,5G,1,970,No,4
MRD-001001,No,45.17,88,3509.25,Basic,2,No,0.83,No,No,5G,2,413,No,7
MRD-001002,No,59.98,65,4702.91,Plus,2,No,8.62,Yes,Yes,4G,2,1187,No,8
MRD-001003,No,38.36,28,816.65,Basic,1,No,2.82,Yes,Yes,5G,0,330,No,9
MRD-001004,No,30.87,57,2751.88,Basic,4,No,5.13,No,No,5G,0,1068,Yes,9
MRD-001005,Yes,20.77,92,4383.95,Basic,1,No,2.79,No,Yes,5G,2,1249,No,4
MRD-001006,Yes,27.68,74,2396.54,Basic,5,Yes,11.19,No,No,4G,3,856,Yes,2
MRD-001007,Yes,35.92,91,1400.31,Basic,1,Yes,4.64,No,No,5G,2,1158,No,5
MRD-001008,No,95.4,72,6147.21,Premium,2,No,0.59,Yes,No,5G,1,214,No,1
MRD-001009,No,35.1,82,3874.67,Basic,2,No,7.59,Yes,No,4G,0,606,No,5
MRD-001010,Yes,53.11,72,4576.19,Plus,3,Yes,6.44,Yes,No,5G,1,1033,Yes,3
MRD-001011,Yes,58.56,81,5043.67,Plus,4,No,0.16,Yes,No,5G,1,858,Yes,8
MRD-001012,Yes,60.79,70,4771.17,Plus,1,No,2.6,No,No,5G,3,1202,No,1
MRD-001013,Yes,63.31,62,3958.64,Plus,1,No,4.76,No,Yes,5G,2,1163,No,6
MRD-001014,Yes,71.39,95,3994.07,Plus,5,No,1.67,Yes,No,4G,2,265,Yes,10
MRD-001015,No,63.15,10,1141.03,Plus,1,Yes,7.22,No,No,5G,0,367,No,7
MRD-001016,No,82.59,74,10681.69,Premium,1,No,5.25,No,No,5G,2,419,No,4
MRD-001017,Yes,29.36,78,4653.36,Basic,2,No,4.79,Yes,No,5G,1,1111,No,3
MRD-001018,Yes,40.0,94,5115.32,Basic,2,No,3.89,No,No,4G,2,1220,No,9
MRD-001019,No,100.74,11,781.29,Premium,3,No,4.36,Yes,No,5G,1,29,Yes,3
MRD-001020,No,39.27,84,2997.36,Basic,1,No,24.96,Yes,Yes,4G,2,1215,No,7
MRD-001021,No,31.33,18,566.04,Basic,1,Yes,12.65,Yes,Yes,5G,0,637,No,6
MRD-001022,No,65.35,76,4391.76,Plus,1,No,4.17,Yes,No,4G,0,683,No,6
MRD-001023,No,57.16,84,3605.86,Plus,1,Yes,0.85,Yes,Yes,4G,2,510,No,6
MRD-001024,No,70.79,62,2914.3,Plus,1,No,3.84,Yes,No,4G,1,17,No,3
MRD-001025,No,57.84,35,933.87,Plus,2,No,1.14,No,No,5G,2,974,No,4
MRD-001026,No,20.71,21,799.29,Basic,1,No,0.34,No,Yes,5G,2,1062,No,3
MRD-001027,Yes,51.45,78,4113.18,Plus,1,Yes,5.88,No,Yes,5G,2,1444,No,8
MRD-001028,No,65.47,39,2183.56,Plus,2,No,8.53,No,Yes,4G,0,163,No,6
MRD-001029,No,123.32,79,8158.31,Premium,1,No,0.41,Yes,No,5G,3,1012,No,5
MRD-001030,No,65.45,79,2581.71,Plus,1,No,6.98,Yes,No,4G,2,88,No,8
MRD-001031,No,88.55,7,1002.4,Premium,2,No,2.19,No,No,5G,0,1104,No,5
MRD-001032,No,72.78,69,7780.37,Plus,2,No,0.16,Yes,Yes,5G,0,157,No,6
MRD-001033,No,106.49,9,684.46,Premium,2,No,4.07,Yes,Yes,4G,2,904,No,9
MRD-001034,No,88.87,4,634.51,Premium,4,No,0.34,Yes,Yes,5G,0,1124,Yes,5
MRD-001035,Yes,35.46,24,1101.65,Basic,2,No,8.02,No,No,4G,2,1424,No,1
MRD-001036,No,50.84,95,14054.69,Plus,3,No,2.77,Yes,No,5G,1,886,Yes,1
MRD-001037,No,32.91,43,2197.88,Basic,3,No,0.16,No,Yes,5G,1,902,Yes,5
MRD-001038,Yes,64.16,32,1373.89,Plus,1,Yes,3.77,Yes,Yes,5G,1,1186,No,5
MRD-001039,No,69.48,19,1723.19,Plus,1,No,0.66,No,No,4G,4,1482,No,2
MRD-001040,No,26.01,82,3092.9,Basic,1,No,0.42,Yes,Yes,4G,2,221,No,3
MRD-001041,No,63.18,7,565.68,Plus,1,No,2.28,Yes,Yes,5G,1,353,No,10
MRD-001042,Yes,35.42,85,3519.01,Basic,1,Yes,1.69,Yes,No,5G,2,904,No,5
MRD-001043,No,83.6,93,3831.18,Premium,1,No,2.84,Yes,Yes,5G,2,1426,No,8
MRD-001044,No,57.56,8,293.27,Plus,1,No,7.73,No,No,4G,1,507,No,3
MRD-001045,No,88.26,42,5654.33,Premium,1,No,5.0,Yes,Yes,4G,2,1061,No,3
MRD-001046,No,53.14,93,5625.0,Plus,4,No,5.57,Yes,Yes,5G,0,589,Yes,4
MRD-001047,No,30.82,49,2168.84,Basic,4,No,3.2,Yes,Yes,4G,1,444,Yes,6
MRD-001048,Yes,38.65,32,1259.85,Basic,1,No,0.98,No,Yes,5G,0,1053,No,5
MRD-001049,Yes,88.41,87,6384.63,Premium,1,No,1.88,Yes,Yes,5G,0,1024,No,6
MRD-001050,No,64.74,56,2887.47,Plus,3,No,0.54,No,No,4G,2,922,Yes,9
MRD-001051,Yes,49.2,9,1047.35,Plus,2,No,6.16,Yes,No,5G,2,1032,No,4
MRD-001052,No,84.09,81,9334.08,Premium,2,Yes,8.88,Yes,Yes,4G,0,711,No,5
MRD-001053,No,89.46,33,3148.31,Premium,1,No,1.33,Yes,No,4G,0,1148,No,8
MRD-001054,No,61.78,80,4767.33,Plus,1,Yes,0.7,Yes,Yes,5G,1,1080,No,7
MRD-001055,No,26.13,10,562.77,Basic,3,No,5.32,Yes,Yes,5G,4,937,Yes,7
MRD-001056,No,28.8,77,4047.76,Basic,2,No,5.86,Yes,No,5G,0,772,No,4
MRD-001057,Yes,65.61,28,2929.02,Plus,2,No,3.35,No,No,4G,2,143,No,7
MRD-001058,No,128.56,52,5675.88,Premium,2,No,2.19,Yes,Yes,4G,6,1168,No,8
MRD-001059,No,64.66,70,2126.45,Plus,1,Yes,4.54,No,Yes,5G,1,1162,No,1
MRD-001060,No,34.83,86,5833.24,Basic,3,No,2.05,No,No,4G,2,1033,Yes,4
MRD-001061,No,39.89,39,1546.5,Basic,2,No,0.82,Yes,Yes,5G,0,857,No,9
MRD-001062,No,33.33,14,334.45,Basic,1,No,4.67,Yes,Yes,5G,0,1088,No,10
MRD-001063,No,92.31,69,7386.41,Premium,3,No,1.52,Yes,No,5G,0,419,Yes,10
MRD-001064,No,40.37,27,791.54,Basic,1,No,2.6,Yes,Yes,5G,2,301,No,10
MRD-001065,No,57.0,0,145.45,Plus,1,No,0.59,No,No,5G,4,861,No,2
MRD-001066,No,70.55,90,5594.36,Plus,2,No,0.74,Yes,No,5G,0,789,No,8
MRD-001067,No,31.32,43,1246.01,Basic,1,No,1.41,Yes,Yes,4G,2,54,No,4
MRD-001068,No,92.85,83,26741.41,Premium,5,No,0.99,Yes,No,4G,2,551,Yes,5
MRD-001069,Yes,53.09,88,4967.38,Plus,1,No,1.6,No,Yes,5G,0,1356,No,2
MRD-001070,No,28.38,20,755.91,Basic,4,No,6.31,Yes,Yes,5G,3,1157,Yes,2
MRD-001071,No,50.02,63,8339.59,Plus,1,Yes,1.75,Yes,No,5G,1,467,No,4
MRD-001072,No,39.12,27,1203.1,Basic,1,No,2.44,Yes,Yes,5G,1,1408,No,3
MRD-001073,No,111.97,80,11493.61,Premium,3,Yes,5.37,Yes,No,4G,2,410,Yes,9
MRD-001074,Yes,60.54,9,728.18,Plus,1,No,3.1,Yes,No,4G,3,178,No,1
MRD-001075,Yes,99.23,39,2813.41,Premium,4,No,4.17,Yes,Yes,5G,1,311,Yes,8
MRD-001076,No,58.65,32,2151.36,Plus,2,No,2.26,No,No,5G,1,565,No,4
MRD-001077,No,61.44,9,612.66,Plus,1,No,2.07,Yes,No,5G,3,99,No,7
MRD-001078,No,67.46,79,3485.43,Plus,2,No,10.25,Yes,No,4G,2,224,No,3
MRD-001079,No,59.86,13,655.05,Plus,1,No,6.35,Yes,No,4G,1,1337,No,7
MRD-001080,No,37.77,79,3390.41,Basic,5,Yes,3.8,Yes,No,5G,2,1075,Yes,3
MRD-001081,No,86.85,91,6420.28,Premium,2,Yes,0.54,No,No,5G,0,1439,No,7
MRD-001082,No,58.21,62,6855.65,Plus,2,No,1.34,No,Yes,5G,3,711,No,5
MRD-001083,No,90.62,91,14160.82,Premium,5,No,1.66,No,No,4G,1,1395,Yes,1
MRD-001084,No,64.97,37,4205.5,Plus,2,Yes,6.04,Yes,No,4G,2,1325,No,7
MRD-001085,No,68.27,44,2293.24,Premium,2,No,1.49,Yes,No,4G,1,1234,No,2
MRD-001086,No,42.0,53,1686.9,Plus,1,No,4.14,Yes,Yes,5G,1,1055,No,5
MRD-001087,No,36.05,96,1608.71,Basic,1,No,0.66,Yes,Yes,5G,2,1126,No,6
MRD-001088,No,91.57,73,9395.36,Premium,2,No,2.43,Yes,No,5G,0,577,No,3
MRD-001089,Yes,27.35,56,1794.67,Basic,2,No,1.43,Yes,Yes,5G,3,85,No,6
MRD-001090,No,29.64,57,1446.72,Basic,1,No,0.79,Yes,Yes,4G,1,32,No,6
MRD-001091,No,69.98,92,8746.71,Plus,1,No,2.58,Yes,No,4G,2,1001,No,7
MRD-001092,No,34.35,49,2152.22,Basic,4,No,0.83,Yes,Yes,4G,1,759,Yes,4
MRD-001093,No,84.46,79,8133.84,Premium,3,No,1.85,Yes,Yes,5G,1,1139,Yes,8
MRD-001094,No,53.82,10,261.9,Plus,3,No,2.41,Yes,No,4G,1,429,Yes,6
MRD-001095,Yes,57.48,14,1044.43,Plus,2,No,1.91,Yes,No,5G,3,1210,No,3
MRD-001096,No,25.9,16,837.55,Basic,1,No,2.47,Yes,No,5G,1,387,No,10
MRD-001097,No,97.08,14,1247.13,Premium,2,No,1.63,Yes,No,5G,2,1394,No,10
MRD-001098,No,111.97,51,8073.97,Premium,1,Yes,0.05,Yes,Yes,4G,1,175,No,1
MRD-001099,No,61.23,72,4897.62,Plus,1,No,10.19,Yes,No,4G,1,996,No,1
MRD-001100,No,102.73,59,6475.32,Premium,3,No,4.22,Yes,Yes,4G,2,665,Yes,3
MRD-001101,No,36.92,85,4490.74,Basic,1,No,6.72,No,No,5G,1,286,No,8
MRD-001102,No,87.34,53,5497.63,Premium,1,No,3.55,Yes,No,4G,1,916,No,7
MRD-001103,No,59.93,47,2024.86,Plus,4,Yes,4.29,Yes,No,5G,1,1108,Yes,1
MRD-001104,Yes,55.56,42,4018.18,Plus,1,No,2.42,Yes,Yes,4G,2,473,No,3
MRD-001105,Yes,53.43,17,1447.66,Plus,1,No,4.19,No,No,5G,1,866,No,8
MRD-001106,Yes,50.29,23,938.06,Plus,1,No,1.53,No,No,5G,0,1227,No,10
MRD-001107,No,61.85,86,7906.9,Plus,1,No,3.74,Yes,Yes,4G,2,32,No,3
MRD-001108,No,40.37,71,1752.8,Basic,2,No,1.78,Yes,Yes,4G,0,924,No,4
MRD-001109,No,83.94,64,2822.92,Premium,1,Yes,2.28,No,Yes,5G,0,1297,No,1
MRD-001110,Yes,35.3,27,345.6,Basic,3,No,2.82,Yes,Yes,5G,0,1426,Yes,5
MRD-001111,No,31.79,0,0.0,Basic,1,No,1.29,Yes,No,4G,2,156,No,4
MRD-001112,No,41.39,81,1612.78,Basic,2,Yes,5.13,Yes,No,5G,2,1367,No,4
MRD-001113,Yes,34.96,93,3402.26,Basic,1,No,4.6,Yes,No,5G,2,417,No,9
MRD-001114,Yes,39.26,27,997.49,Basic,1,No,2.13,Yes,No,4G,4,1316,No,1
MRD-001115,No,68.38,62,4512.03,Plus,1,No,4.27,No,No,5G,3,529,No,3
MRD-001116,No,31.82,65,5621.63,Basic,2,Yes,0.45,No,Yes,5G,0,391,No,8
MRD-001117,No,114.87,80,16963.11,Premium,1,No,1.66,Yes,No,4G,2,730,No,9
MRD-001118,No,48.19,18,826.86,Plus,2,No,17.15,No,No,4G,4,1359,No,5
MRD-001119,No,90.56,58,3450.8,Premium,1,No,12.02,Yes,No,5G,2,1240,No,2
MRD-001120,No,54.1,48,4922.66,Plus,4,No,1.69,No,Yes,4G,1,1108,Yes,9
MRD-001121,No,62.87,43,1677.74,Plus,1,No,4.17,Yes,No,5G,4,766,No,10
MRD-001122,No,89.24,61,5040.21,Premium,1,No,4.59,No,Yes,4G,1,1291,No,8
MRD-001123,No,40.03,18,784.49,Basic,1,No,4.98,Yes,No,5G,0,821,No,7
MRD-001124,No,52.44,58,3321.72,Plus,1,No,6.32,Yes,Yes,5G,2,1489,No,1
MRD-001125,Yes,40.09,65,4023.38,Basic,2,No,3.47,No,Yes,5G,0,1093,No,6
MRD-001126,No,30.12,74,1896.78,Basic,2,No,2.88,Yes,No,4G,2,22,No,7
MRD-001127,No,106.79,92,8532.58,Premium,1,No,2.02,Yes,No,4G,2,245,No,3
MRD-001128,No,58.99,61,4969.25,Plus,1,No,1.42,No,Yes,4G,1,836,No,9
MRD-001129,No,56.23,83,4536.15,Plus,1,Yes,0.65,Yes,No,5G,1,571,No,8
MRD-001130,No,66.95,87,4514.25,Plus,3,No,0.87,Yes,Yes,5G,1,368,Yes,10
MRD-001131,No,58.14,66,4007.26,Plus,2,No,3.82,No,Yes,5G,3,1084,No,3
MRD-001132,No,60.1,31,1993.3,Plus,4,No,0.89,Yes,No,5G,3,1299,Yes,1
MRD-001133,No,100.55,67,12996.54,Premium,2,Yes,1.27,No,No,4G,5,1041,No,1
MRD-001134,No,53.65,84,3865.23,Plus,3,No,1.35,Yes,Yes,4G,1,434,Yes,7
MRD-001135,No,60.01,91,8526.97,Plus,1,Yes,8.71,No,Yes,5G,1,140,No,9
MRD-001136,No,39.1,50,3467.98,Basic,1,No,4.25,Yes,No,5G,3,1201,No,9
MRD-001137,Yes,36.29,63,1253.47,Basic,1,No,4.58,No,Yes,4G,1,1156,No,5
MRD-001138,No,31.97,73,1670.15,Basic,1,No,5.28,Yes,No,5G,0,948,No,1
MRD-001139,No,97.8,20,2233.73,Premium,1,No,2.31,Yes,No,5G,0,590,No,6
MRD-001140,No,28.31,56,1411.21,Basic,1,No,13.64,No,No,5G,2,113,No,7
MRD-001141,No,99.63,62,10763.12,Premium,2,No,1.58,No,No,5G,0,431,No,4
MRD-001142,Yes,29.76,61,1136.85,Basic,4,No,9.7,No,No,5G,2,41,Yes,7
MRD-001143,No,117.78,96,9766.88,Premium,1,No,15.62,Yes,No,5G,1,1160,No,5
MRD-001144,No,32.0,87,2368.65,Basic,3,Yes,2.1,Yes,No,4G,1,265,Yes,8
MRD-001145,No,49.59,48,1895.26,Plus,2,No,8.16,Yes,No,5G,1,771,No,10
MRD-001146,Yes,73.53,64,3008.44,Plus,3,No,2.89,No,Yes,4G,0,859,Yes,7
MRD-001147,No,39.73,81,1971.63,Basic,2,No,1.58,Yes,Yes,5G,2,589,No,4
MRD-001148,No,73.38,2,95.47,Premium,5,No,2.36,No,No,5G,1,1120,Yes,3
MRD-001149,No,103.29,19,4312.57,Premium,1,No,1.91,Yes,No,4G,0,1367,No,2
MRD-001150,No,36.24,78,2209.56,Basic,1,No,2.47,Yes,No,5G,1,1,No,4
MRD-001151,Yes,36.42,78,2351.16,Basic,1,Yes,1.09,No,No,5G,1,1307,No,1
MRD-001152,No,58.89,54,5976.75,Plus,1,No,1.07,Yes,Yes,5G,2,938,No,9
MRD-001153,No,55.97,49,4068.79,Plus,2,No,2.96,Yes,No,4G,1,268,No,9
MRD-001154,No,67.49,87,7934.9,Plus,2,No,3.42,No,Yes,5G,1,1213,No,4
MRD-001155,No,35.74,21,279.4,Basic,1,No,3.74,Yes,Yes,5G,0,612,No,7
MRD-001156,Yes,73.78,4,413.09,Plus,4,No,1.03,Yes,No,4G,1,476,Yes,7
MRD-001157,No,65.78,82,5792.77,Plus,1,Yes,0.34,Yes,Yes,4G,1,1147,No,2
MRD-001158,Yes,53.34,45,2224.48,Plus,2,No,12.07,Yes,No,4G,1,173,No,2
MRD-001159,No,77.94,15,1468.54,Premium,1,Yes,0.86,Yes,No,5G,1,1307,No,9
MRD-001160,No,89.9,29,5999.09,Premium,1,No,3.82,Yes,No,5G,2,579,No,5
MRD-001161,No,54.76,47,6018.29,Plus,2,No,2.75,Yes,No,5G,1,37,No,2
MRD-001162,No,75.71,7,665.69,Premium,1,Yes,2.21,No,No,5G,3,121,No,3
MRD-001163,No,62.62,1,261.92,Plus,3,No,4.62,Yes,Yes,5G,0,157,Yes,9
MRD-001164,No,61.39,80,4014.15,Plus,2,No,1.08,Yes,Yes,4G,3,188,No,7
MRD-001165,No,100.14,42,3693.56,Premium,1,Yes,3.11,Yes,Yes,5G,3,993,No,8
MRD-001166,No,33.92,89,3625.28,Basic,1,No,0.7,Yes,No,5G,0,1018,No,7
MRD-001167,No,44.79,32,1689.31,Plus,2,No,3.7,Yes,Yes,4G,3,146,No,7
MRD-001168,No,32.17,74,1919.73,Basic,1,No,2.34,Yes,Yes,5G,2,1396,No,10
MRD-001169,No,35.65,34,1304.07,Basic,2,No,1.12,Yes,Yes,5G,0,736,No,10
MRD-001170,Yes,63.07,75,3640.45,Plus,4,No,0.37,No,Yes,4G,3,928,Yes,2
MRD-001171,Yes,38.87,29,856.94,Basic,1,No,5.24,No,No,5G,1,1457,No,5
MRD-001172,No,58.31,64,3954.87,Plus,2,Yes,2.07,No,Yes,5G,1,1185,No,10
MRD-001173,No,67.56,59,6004.84,Plus,3,No,2.18,No,Yes,5G,3,1323,Yes,7
MRD-001174,No,35.82,26,932.61,Basic,1,Yes,2.39,Yes,Yes,5G,0,1194,No,1
MRD-001175,No,33.35,17,1093.05,Basic,2,No,7.6,Yes,Yes,5G,3,536,No,4
MRD-001176,No,30.97,55,2672.89,Basic,2,No,2.87,No,Yes,5G,0,679,No,8
MRD-001177,No,90.23,57,10490.4,Premium,2,Yes,8.07,No,No,5G,0,983,No,7
MRD-001178,No,54.91,82,2818.1,Plus,2,No,10.67,Yes,Yes,5G,3,1041,No,3
MRD-001179,Yes,38.29,8,484.84,Basic,2,No,1.02,No,Yes,4G,0,1103,No,5
MRD-001180,No,111.41,49,3201.16,Premium,3,Yes,4.86,Yes,No,5G,1,760,Yes,9
MRD-001181,No,65.34,73,2030.35,Plus,3,Yes,9.51,No,No,4G,1,972,Yes,2
MRD-001182,No,73.52,53,2428.01,Plus,2,No,0.27,Yes,No,5G,1,1137,No,10
MRD-001183,No,56.65,59,5374.23,Plus,5,No,1.84,Yes,Yes,5G,0,411,Yes,8
MRD-001184,Yes,40.34,17,1304.32,Basic,3,No,6.83,Yes,No,5G,3,832,Yes,1
MRD-001185,Yes,34.85,19,450.53,Basic,2,No,8.73,Yes,Yes,5G,3,1425,No,8
MRD-001186,No,110.93,10,904.68,Premium,1,No,6.57,No,No,5G,1,966,No,2
MRD-001187,No,49.64,74,4272.07,Plus,2,No,3.03,Yes,No,4G,2,144,No,2
MRD-001188,No,62.11,11,1088.64,Plus,1,No,0.78,Yes,No,5G,3,559,No,10
MRD-001189,Yes,40.24,86,2870.89,Basic,5,No,1.0,Yes,Yes,5G,0,1041,Yes,2
MRD-001190,Yes,57.78,69,3576.59,Plus,5,No,2.42,Yes,Yes,4G,3,1396,Yes,8
MRD-001191,No,38.7,85,2988.07,Basic,1,Yes,1.16,Yes,No,5G,0,641,No,5
MRD-001192,No,83.69,5,646.7,Premium,1,No,0.43,No,Yes,4G,1,348,No,2
MRD-001193,No,60.4,33,1259.39,Plus,1,Yes,6.87,Yes,Yes,5G,1,243,No,9
MRD-001194,No,62.06,54,3324.58,Plus,3,No,4.33,Yes,Yes,5G,0,1094,Yes,3
MRD-001195,Yes,38.25,31,1893.6,Basic,4,No,3.22,Yes,Yes,5G,0,1258,Yes,4
MRD-001196,No,81.02,70,4164.12,Premium,1,No,0.16,No,Yes,5G,1,692,No,2
MRD-001197,No,66.98,8,449.83,Plus,1,No,2.93,Yes,Yes,5G,2,2,No,6
MRD-001198,Yes,38.99,85,4079.13,Basic,5,No,3.71,Yes,No,5G,1,637,Yes,1
MRD-001199,Yes,34.94,41,2030.11,Basic,3,Yes,3.12,No,No,4G,2,347,Yes,2
MRD-001200,No,56.39,32,1413.77,Plus,5,No,7.72,No,Yes,4G,1,45,Yes,9
MRD-001201,No,60.94,23,802.06,Plus,4,No,6.89,No,Yes,5G,3,220,Yes,5
MRD-001202,Yes,34.19,57,2211.41,Basic,3,No,3.97,No,No,5G,3,764,Yes,6
MRD-001203,Yes,60.18,86,4605.61,Plus,3,Yes,2.57,Yes,No,5G,1,581,Yes,1
MRD-001204,No,42.1,80,4550.92,Basic,2,No,1.98,Yes,No,5G,3,1195,No,6
MRD-001205,No,80.23,56,1165.01,Premium,2,No,1.4,No,Yes,5G,1,470,No,1
MRD-001206,Yes,40.37,55,2692.86,Basic,4,No,0.94,Yes,Yes,4G,0,800,Yes,4
MRD-001207,Yes,45.56,27,1984.78,Basic,3,No,1.95,No,No,4G,3,679,Yes,4
MRD-001208,No,59.99,3,372.41,Plus,2,No,1.49,Yes,Yes,4G,2,624,No,7
MRD-001209,No,88.47,39,1856.44,Premium,2,No,3.33,Yes,Yes,5G,2,92,No,1
MRD-001210,No,40.31,89,4959.92,Basic,2,No,5.81,Yes,No,5G,2,1064,No,8
MRD-001211,No,58.78,39,1451.93,Plus,5,No,0.85,Yes,No,4G,2,678,Yes,6
MRD-001212,No,63.75,31,4750.15,Plus,1,Yes,16.46,Yes,Yes,4G,0,1079,No,5
MRD-001213,Yes,33.91,6,273.04,Basic,4,No,1.04,Yes,No,5G,0,203,Yes,8
MRD-001214,No,71.22,22,2134.95,Plus,2,No,2.75,Yes,Yes,5G,1,1102,No,6
MRD-001215,No,39.19,6,399.42,Basic,1,No,1.99,Yes,No,5G,1,385,No,6
MRD-001216,No,82.63,69,10380.78,Premium,2,Yes,9.53,Yes,No,4G,0,354,No,7
MRD-001217,No,65.74,16,1600.55,Plus,4,No,2.4,Yes,Yes,5G,0,1423,Yes,7
MRD-001218,No,37.03,29,1722.15,Basic,4,No,0.3,Yes,No,5G,1,455,Yes,8
MRD-001219,No,98.07,74,5078.41,Premium,1,No,4.48,Yes,No,5G,2,622,No,2
MRD-001220,No,70.22,6,590.92,Plus,5,No,2.55,Yes,No,5G,1,73,Yes,8
MRD-001221,No,66.98,48,4160.35,Plus,4,No,2.63,Yes,No,5G,4,864,Yes,6
MRD-001222,No,102.19,12,1072.25,Premium,2,No,1.82,Yes,Yes,5G,0,886,No,7
MRD-001223,No,65.46,28,559.5,Plus,2,No,9.07,No,Yes,5G,1,217,No,5
MRD-001224,Yes,26.68,49,1051.67,Basic,2,No,5.85,Yes,No,4G,1,557,No,3
MRD-001225,No,35.84,16,242.65,Basic,1,No,1.33,Yes,No,4G,1,397,No,5
MRD-001226,Yes,28.89,77,5668.46,Basic,1,No,0.56,Yes,No,5G,1,270,No,1
MRD-001227,No,37.55,24,805.42,Basic,1,No,1.02,Yes,No,5G,2,388,No,8
MRD-001228,No,32.51,55,1078.58,Basic,2,Yes,0.94,Yes,No,4G,0,28,No,1
MRD-001229,No,81.2,52,2889.22,Premium,1,No,4.55,No,Yes,5G,0,841,No,7
MRD-001230,Yes,22.37,10,290.84,Basic,1,No,3.55,Yes,No,5G,3,1098,No,6
MRD-001231,Yes,41.57,35,1973.85,Basic,3,No,6.72,Yes,Yes,5G,2,1464,Yes,7
MRD-001232,No,59.78,65,14827.88,Plus,2,No,6.01,Yes,No,5G,3,792,No,10
MRD-001233,No,59.46,12,643.45,Plus,2,Yes,0.5,Yes,Yes,4G,2,1368,No,6
MRD-001234,Yes,78.06,30,2836.47,Plus,3,Yes,2.08,No,Yes,5G,2,37,Yes,3
MRD-001235,No,79.04,73,5587.04,Premium,2,No,7.55,No,No,5G,1,933,No,2
MRD-001236,No,63.54,52,2444.72,Plus,1,No,3.74,Yes,Yes,4G,0,1072,No,7
MRD-001237,Yes,62.28,69,9815.26,Plus,2,No,2.51,Yes,Yes,4G,3,1430,No,1
MRD-001238,No,65.57,83,4148.65,Plus,4,No,3.19,Yes,No,5G,0,595,Yes,10
MRD-001239,No,51.74,34,2966.9,Plus,4,No,0.33,Yes,Yes,4G,2,905,Yes,8
MRD-001240,No,22.96,82,1576.34,Basic,2,Yes,1.53,Yes,No,5G,3,858,No,3
MRD-001241,Yes,34.74,5,151.34,Basic,1,Yes,4.24,No,No,4G,0,785,No,8
MRD-001242,No,106.22,9,1299.6,Premium,2,No,1.33,Yes,Yes,4G,0,559,No,5
MRD-001243,No,96.64,68,10470.5,Premium,3,No,0.25,Yes,No,5G,0,154,Yes,6
MRD-001244,No,27.22,9,549.66,Basic,2,No,5.98,Yes,Yes,5G,2,277,No,5
MRD-001245,Yes,39.51,41,937.95,Basic,5,Yes,1.62,No,No,5G,3,1334,Yes,5
MRD-001246,No,49.19,23,1000.88,Plus,2,No,7.05,Yes,No,4G,2,162,No,6
MRD-001247,No,76.32,83,4057.0,Premium,2,No,6.02,No,Yes,4G,3,30,No,7
MRD-001248,No,57.12,34,1885.98,Plus,1,No,1.3,Yes,Yes,5G,0,1043,No,2
MRD-001249,Yes,24.7,87,1929.53,Basic,2,No,13.48,Yes,Yes,5G,2,1097,No,6
MRD-001250,Yes,33.75,9,152.63,Basic,1,No,2.32,No,No,4G,6,236,No,2
MRD-001251,No,58.44,24,1316.31,Plus,3,No,5.37,Yes,Yes,4G,2,580,Yes,10
MRD-001252,No,96.87,85,17587.72,Premium,1,No,1.75,No,No,5G,3,579,No,1
MRD-001253,No,56.61,21,2456.25,Plus,1,No,0.31,No,No,5G,1,66,No,10
MRD-001254,No,95.69,69,7935.43,Premium,1,Yes,4.27,No,Yes,5G,2,1234,No,5
MRD-001255,No,30.75,87,3002.71,Basic,2,No,0.79,Yes,No,5G,2,1005,No,10
MRD-001256,No,40.83,83,5629.73,Basic,1,No,0.46,Yes,Yes,4G,0,693,No,5
MRD-001257,No,63.46,30,1546.49,Plus,1,Yes,2.1,Yes,No,5G,1,1160,No,5
MRD-001258,No,68.03,74,7478.88,Plus,2,No,7.99,Yes,No,5G,1,273,No,10
MRD-001259,No,37.57,52,2607.27,Basic,1,Yes,1.67,Yes,Yes,5G,4,468,No,4
MRD-001260,No,100.47,82,7606.85,Premium,1,Yes,0.76,Yes,Yes,5G,0,264,No,2
MRD-001261,No,127.08,17,4481.98,Premium,1,No,1.51,No,Yes,5G,2,609,No,9
MRD-001262,No,54.11,68,3697.25,Plus,1,Yes,10.0,Yes,Yes,5G,1,1052,No,3
MRD-001263,No,65.18,48,2578.74,Plus,2,No,3.43,No,Yes,5G,1,520,No,7
MRD-001264,No,35.63,77,6583.52,Basic,4,No,7.85,Yes,Yes,5G,2,477,Yes,2
MRD-001265,No,80.62,81,9602.55,Premium,2,No,1.39,Yes,Yes,5G,0,401,No,3
MRD-001266,No,42.49,53,975.03,Basic,2,No,5.63,Yes,No,5G,1,292,No,2
MRD-001267,No,58.12,6,812.2,Plus,3,Yes,4.83,Yes,No,5G,4,556,Yes,5
MRD-001268,No,30.11,68,2120.02,Basic,3,No,0.11,Yes,Yes,5G,1,755,Yes,4
MRD-001269,No,30.14,67,3937.23,Basic,2,Yes,2.78,No,Yes,5G,1,306,No,10
MRD-001270,Yes,42.04,23,704.87,Basic,4,No,0.19,Yes,No,5G,4,229,Yes,10
MRD-001271,Yes,41.02,48,2641.58,Basic,1,No,4.26,Yes,Yes,5G,3,283,No,3
MRD-001272,Yes,38.68,28,1107.26,Basic,4,No,2.57,No,Yes,5G,2,1359,Yes,1
MRD-001273,No,34.23,26,864.9,Basic,5,No,11.75,Yes,No,5G,1,1339,Yes,6
MRD-001274,No,58.68,14,903.78,Plus,2,Yes,8.6,No,No,5G,1,85,No,5
MRD-001275,No,91.39,20,3059.44,Premium,5,No,11.37,Yes,Yes,4G,1,622,Yes,5
MRD-001276,Yes,45.42,92,3968.11,Basic,1,No,2.74,No,Yes,5G,2,802,No,9
MRD-001277,Yes,35.0,88,3298.62,Basic,3,No,1.41,No,No,5G,3,731,Yes,7
MRD-001278,No,62.23,82,5653.73,Plus,2,No,1.19,Yes,No,5G,0,1322,No,3
MRD-001279,No,59.81,10,667.24,Plus,4,No,6.39,Yes,No,5G,1,1266,Yes,9
MRD-001280,No,67.06,9,685.38,Plus,1,No,0.51,No,No,4G,0,1491,No,9
MRD-001281,No,48.96,88,8283.9,Basic,2,No,2.25,No,No,5G,6,162,No,7
MRD-001282,No,107.11,42,5280.32,Premium,3,No,1.43,Yes,Yes,5G,1,71,Yes,9
MRD-001283,No,32.34,12,881.86,Basic,3,No,0.42,No,Yes,4G,3,1309,Yes,7
MRD-001284,Yes,36.05,28,843.46,Basic,1,No,4.46,Yes,No,5G,2,181,No,2
MRD-001285,Yes,66.28,75,3363.38,Plus,3,No,0.51,Yes,Yes,5G,1,1204,Yes,6
MRD-001286,Yes,49.09,67,2983.47,Plus,1,No,3.56,Yes,No,4G,3,1209,No,9
MRD-001287,No,67.85,56,3653.87,Plus,1,No,4.13,No,No,5G,0,420,No,10
MRD-001288,No,74.2,25,1351.9,Premium,1,No,4.5,Yes,No,5G,3,624,No,2
MRD-001289,Yes,82.6,63,6068.26,Premium,2,No,3.79,No,No,5G,2,1241,No,9
MRD-001290,No,103.58,25,1483.8,Premium,1,No,2.55,Yes,No,4G,1,1327,No,3
MRD-001291,Yes,42.94,39,2180.75,Basic,4,No,1.36,No,No,5G,1,385,Yes,6
MRD-001292,No,71.84,69,4600.85,Premium,3,No,6.63,Yes,No,5G,0,514,Yes,7
MRD-001293,No,27.64,58,1567.22,Basic,1,No,2.13,Yes,No,5G,1,865,No,10
MRD-001294,No,59.24,11,936.27,Plus,1,No,3.69,No,No,5G,1,1478,No,6
MRD-001295,No,34.51,6,564.83,Basic,4,No,1.65,Yes,No,5G,2,839,Yes,1
MRD-001296,Yes,32.53,57,1063.67,Basic,2,No,4.0,Yes,No,5G,2,391,No,5
MRD-001297,Yes,99.86,34,4234.22,Premium,1,No,6.82,Yes,Yes,5G,0,889,No,6
MRD-001298,No,87.3,39,3592.73,Premium,4,No,1.02,Yes,Yes,4G,1,1259,Yes,6
MRD-001299,No,93.13,65,8054.86,Premium,2,No,11.39,Yes,Yes,4G,1,412,No,10
MRD-001300,No,98.23,77,4848.44,Premium,3,No,1.42,Yes,No,5G,1,839,Yes,5
MRD-001301,No,80.76,45,2735.75,Premium,3,No,7.46,No,No,4G,4,1228,Yes,2
MRD-001302,No,88.16,10,1086.57,Premium,1,Yes,2.46,Yes,No,5G,3,1266,No,8
MRD-001303,Yes,63.76,2,135.69,Plus,2,No,1.87,No,No,5G,0,683,No,10
MRD-001304,No,32.7,52,2285.58,Basic,2,No,1.57,Yes,Yes,5G,0,573,No,7
MRD-001305,No,57.15,59,2218.56,Plus,1,No,4.22,No,No,4G,2,108,No,10
MRD-001306,No,91.64,59,3125.41,Premium,3,No,3.49,No,No,5G,0,1466,Yes,9
MRD-001307,No,35.0,43,1789.87,Basic,3,No,1.13,Yes,Yes,5G,0,336,Yes,1
MRD-001308,Yes,36.44,22,1000.09,Basic,2,No,3.25,No,No,5G,0,285,No,10
MRD-001309,No,33.72,46,2444.95,Basic,2,No,4.38,Yes,Yes,5G,1,1162,No,10
MRD-001310,No,55.4,37,1601.63,Plus,1,No,5.0,No,Yes,5G,2,1064,No,10
MRD-001311,No,60.77,21,2999.27,Plus,2,Yes,5.54,No,Yes,4G,0,41,No,1
MRD-001312,No,35.81,93,3227.56,Basic,1,No,6.21,No,No,4G,2,1244,No,1
MRD-001313,Yes,30.6,75,1385.42,Basic,4,Yes,12.48,No,No,4G,1,171,Yes,4
MRD-001314,No,64.54,51,2412.11,Plus,3,Yes,4.29,Yes,No,5G,1,864,Yes,8
MRD-001315,No,102.31,47,3448.54,Premium,2,No,5.15,No,Yes,5G,1,156,No,3
MRD-001316,No,41.45,42,2447.93,Basic,4,No,5.21,Yes,No,5G,0,303,Yes,4
MRD-001317,No,60.42,53,3300.58,Plus,4,No,8.27,Yes,Yes,5G,4,601,Yes,9
MRD-001318,No,67.34,26,1372.93,Plus,4,No,0.8,No,No,5G,1,456,Yes,9
MRD-001319,No,58.39,50,2649.87,Plus,2,No,1.61,Yes,Yes,5G,2,1490,No,3
MRD-001320,No,119.89,22,5230.12,Premium,1,No,2.61,Yes,No,4G,0,183,No,9
MRD-001321,No,57.57,59,3067.11,Plus,3,No,2.03,Yes,No,4G,3,77,Yes,3
MRD-001322,No,107.47,2,82.91,Premium,3,No,1.79,Yes,Yes,5G,3,1240,Yes,5
MRD-001323,No,57.48,79,4153.47,Plus,2,Yes,2.15,Yes,No,4G,1,1139,No,9
MRD-001324,No,63.59,90,6854.77,Plus,1,No,4.45,Yes,No,5G,2,208,No,10
MRD-001325,No,89.46,62,9291.28,Premium,3,Yes,1.25,Yes,Yes,5G,1,887,Yes,6
MRD-001326,No,39.11,34,1770.75,Basic,2,No,5.42,Yes,No,5G,1,1450,No,10
MRD-001327,No,55.9,82,3800.49,Plus,4,No,1.31,Yes,No,5G,2,781,Yes,10
MRD-001328,No,45.45,23,677.58,Basic,3,No,2.28,Yes,No,4G,3,408,Yes,5
MRD-001329,No,36.58,45,2343.11,Basic,1,No,10.8,Yes,Yes,4G,0,231,No,4
MRD-001330,No,61.57,94,10680.12,Plus,4,No,8.59,No,No,5G,2,334,Yes,5
MRD-001331,No,104.13,34,2904.11,Premium,1,No,7.17,Yes,Yes,4G,2,974,No,1
MRD-001332,No,110.47,68,8100.11,Premium,4,No,6.99,Yes,Yes,5G,1,999,Yes,3
MRD-001333,Yes,24.82,81,1692.19,Basic,1,No,11.04,Yes,Yes,4G,1,1078,No,3
MRD-001334,Yes,63.2,37,2218.8,Plus,1,No,2.08,Yes,Yes,5G,2,529,No,3
MRD-001335,Yes,61.65,67,3884.55,Plus,1,No,2.03,Yes,Yes,4G,2,1273,No,8
MRD-001336,No,39.54,35,1151.84,Basic,1,No,0.56,Yes,Yes,4G,2,18,No,4
MRD-001337,Yes,66.05,93,3630.49,Plus,2,Yes,1.72,Yes,Yes,5G,5,911,No,9
MRD-001338,No,95.88,31,3353.19,Premium,4,Yes,5.18,Yes,No,4G,0,1104,Yes,8
MRD-001339,No,59.04,92,3896.06,Plus,1,No,1.07,Yes,No,5G,0,344,No,2
MRD-001340,No,72.11,9,592.37,Premium,2,No,4.38,No,No,5G,2,288,No,6
MRD-001341,No,56.62,27,2831.4,Plus,5,No,6.98,No,No,4G,3,35,Yes,8
MRD-001342,Yes,36.36,49,1019.16,Basic,2,No,2.02,Yes,Yes,5G,0,223,No,2
MRD-001343,Yes,33.81,5,374.12,Basic,4,No,1.77,Yes,No,4G,1,300,Yes,9
MRD-001344,No,52.87,77,2999.2,Plus,1,No,5.04,No,No,5G,2,66,No,10
MRD-001345,No,52.3,16,817.67,Plus,1,Yes,7.22,No,No,5G,2,747,No,1
MRD-001346,Yes,20.52,44,1214.7,Basic,1,No,0.6,No,Yes,4G,1,1283,No,6
MRD-001347,No,59.14,25,1792.81,Plus,5,Yes,1.74,No,Yes,4G,2,569,Yes,7
MRD-001348,No,52.9,19,855.97,Plus,3,No,1.76,Yes,No,5G,1,162,Yes,5
MRD-001349,No,106.79,50,5063.22,Premium,5,No,2.53,Yes,Yes,4G,0,814,Yes,3
MRD-001350,Yes,38.2,72,1500.09,Basic,4,No,3.6,No,No,5G,1,515,Yes,4
MRD-001351,No,35.26,26,2249.66,Basic,2,No,0.9,Yes,Yes,4G,3,1210,No,7
MRD-001352,No,50.29,34,1789.88,Plus,1,No,4.73,Yes,Yes,5G,1,1185,No,6
MRD-001353,No,32.71,59,1551.81,Basic,1,No,1.35,No,Yes,4G,0,368,No,3
MRD-001354,No,29.67,20,868.08,Basic,4,No,2.06,No,No,5G,0,227,Yes,10
MRD-001355,No,89.62,24,2124.58,Premium,2,No,0.97,No,No,5G,1,494,No,8
MRD-001356,No,78.28,71,5222.03,Premium,4,No,2.02,No,No,5G,1,1161,Yes,4
MRD-001357,No,52.37,79,4401.08,Plus,2,No,2.31,Yes,No,4G,0,180,No,1
MRD-001358,No,48.12,71,3284.83,Plus,5,No,2.17,Yes,Yes,4G,2,102,Yes,3
MRD-001359,No,28.6,50,1199.06,Basic,1,No,2.79,Yes,Yes,4G,1,43,No,5
MRD-001360,Yes,107.57,92,8656.66,Premium,2,No,3.93,No,No,4G,2,730,No,9
MRD-001361,No,109.11,68,7818.84,Premium,1,No,0.72,Yes,No,4G,0,395,No,4
MRD-001362,No,35.39,47,1795.86,Basic,3,No,4.21,Yes,Yes,5G,1,1403,Yes,2
MRD-001363,No,28.48,12,950.5,Basic,1,No,6.11,No,Yes,5G,3,1207,No,5
MRD-001364,No,108.87,37,4858.27,Premium,2,Yes,8.23,Yes,Yes,4G,0,696,No,6
MRD-001365,No,32.39,39,2054.85,Basic,1,No,4.17,Yes,No,5G,6,1468,No,8
MRD-001366,Yes,38.78,9,575.94,Basic,3,No,3.66,No,Yes,5G,2,910,Yes,10
MRD-001367,Yes,53.7,91,8171.7,Plus,4,No,3.25,No,Yes,4G,2,944,Yes,6
MRD-001368,No,64.97,6,798.56,Plus,3,No,8.53,No,Yes,5G,0,378,Yes,5
MRD-001369,No,60.24,93,5036.49,Plus,1,No,4.66,Yes,Yes,4G,1,101,No,6
MRD-001370,Yes,64.76,47,2381.87,Plus,3,No,2.76,No,Yes,5G,1,1281,Yes,6
MRD-001371,No,90.94,15,486.63,Premium,2,No,4.19,Yes,No,4G,1,1111,No,1
MRD-001372,Yes,57.69,35,1232.65,Plus,3,No,4.4,Yes,Yes,5G,4,617,Yes,3
MRD-001373,No,105.43,57,5297.87,Premium,1,No,1.11,Yes,Yes,5G,1,919,No,1
MRD-001374,No,104.64,84,23359.31,Premium,5,No,5.36,No,No,5G,1,1313,Yes,10
MRD-001375,No,62.49,14,2111.48,Plus,4,No,1.37,Yes,Yes,5G,3,220,Yes,7
MRD-001376,No,98.48,14,1374.95,Premium,4,No,0.02,No,No,4G,1,1441,Yes,3
MRD-001377,No,49.23,96,2403.69,Plus,1,No,7.0,No,No,5G,2,48,No,8
MRD-001378,Yes,31.08,15,423.07,Basic,2,Yes,2.66,Yes,Yes,5G,1,1248,No,5
MRD-001379,Yes,57.81,59,5028.78,Plus,1,No,6.06,Yes,No,5G,3,186,No,3
MRD-001380,No,64.47,14,546.66,Plus,1,No,1.05,No,No,4G,2,624,No,9
MRD-001381,No,61.4,79,5107.22,Plus,4,Yes,0.46,No,No,5G,2,514,Yes,3
MRD-001382,No,63.94,3,446.26,Plus,2,No,0.11,Yes,No,5G,3,575,No,8
MRD-001383,No,64.65,70,5649.41,Plus,1,Yes,4.79,Yes,No,5G,1,1093,No,4
MRD-001384,No,45.49,2,141.77,Basic,1,Yes,4.96,Yes,No,5G,0,967,No,9
MRD-001385,Yes,40.56,90,6056.79,Basic,1,No,2.89,No,Yes,4G,5,188,No,8
MRD-001386,Yes,37.37,94,3815.89,Basic,3,No,4.77,No,No,5G,3,100,Yes,1
MRD-001387,Yes,54.51,34,1635.83,Plus,2,No,0.41,Yes,Yes,4G,0,100,No,2
MRD-001388,No,59.48,18,1873.28,Plus,2,No,0.81,Yes,Yes,5G,1,475,No,2
MRD-001389,Yes,57.9,12,725.61,Plus,1,No,4.87,Yes,Yes,4G,2,106,No,3
MRD-001390,No,54.55,40,1015.88,Plus,2,No,2.84,Yes,No,5G,1,168,No,2
MRD-001391,No,39.12,16,718.97,Basic,1,No,7.01,Yes,No,4G,3,1276,No,2
MRD-001392,No,67.77,17,818.86,Plus,1,Yes,2.07,Yes,No,5G,2,1282,No,1
MRD-001393,Yes,27.74,52,1659.62,Basic,3,No,0.18,No,Yes,5G,2,81,Yes,8
MRD-001394,Yes,31.87,26,642.68,Basic,3,No,6.95,Yes,No,5G,2,1242,Yes,7
MRD-001395,No,66.01,73,4503.83,Plus,1,No,4.43,Yes,Yes,5G,0,722,No,10
MRD-001396,No,54.68,77,2221.75,Plus,3,Yes,2.23,Yes,No,5G,2,1312,Yes,8
MRD-001397,No,25.67,92,1367.33,Basic,5,Yes,1.67,Yes,Yes,5G,1,460,Yes,5
MRD-001398,No,103.01,93,7589.92,Premium,4,No,4.05,Yes,No,4G,3,52,Yes,1
MRD-001399,No,57.78,26,2988.58,Plus,2,No,5.95,Yes,No,5G,3,465,No,8
MRD-001400,No,76.37,61,9161.93,Plus,3,No,4.52,Yes,Yes,4G,0,1202,Yes,6
MRD-001401,No,94.83,87,8717.72,Premium,1,No,2.68,No,No,5G,3,280,No,9
MRD-001402,Yes,57.55,70,3669.22,Plus,3,No,2.67,Yes,Yes,5G,2,787,Yes,2
MRD-001403,Yes,52.0,39,1582.99,Plus,2,No,8.31,No,Yes,4G,0,578,No,1
MRD-001404,No,61.84,74,4306.87,Plus,2,No,5.19,No,No,5G,3,399,No,2
MRD-001405,No,74.5,22,678.38,Premium,2,No,4.04,No,Yes,5G,1,1464,No,6
MRD-001406,Yes,70.96,51,3589.08,Plus,1,No,6.81,No,No,4G,0,417,No,1
MRD-001407,No,63.26,52,4577.68,Plus,3,Yes,4.21,Yes,Yes,4G,5,647,Yes,2
MRD-001408,Yes,32.57,37,1785.19,Basic,4,No,13.71,Yes,No,5G,1,1150,Yes,4
MRD-001409,Yes,33.76,12,433.73,Basic,3,No,12.27,Yes,No,5G,1,584,Yes,6
MRD-001410,No,67.01,17,712.02,Plus,3,No,0.68,Yes,Yes,5G,0,951,Yes,5
MRD-001411,Yes,33.7,1,94.43,Basic,1,No,6.97,Yes,No,5G,2,1456,No,9
MRD-001412,No,56.04,66,3015.59,Plus,2,No,2.73,No,No,5G,1,318,No,1
MRD-001413,Yes,36.89,10,263.64,Basic,1,No,0.85,No,Yes,5G,1,259,No,1
MRD-001414,No,64.56,56,2585.56,Plus,3,No,4.87,No,No,4G,2,643,Yes,6
MRD-001415,Yes,35.63,71,2678.11,Basic,4,No,5.08,No,No,5G,3,1124,Yes,5
MRD-001416,No,58.82,1,17.97,Plus,1,No,2.68,Yes,No,5G,2,1420,No,2
MRD-001417,No,68.92,16,841.1,Plus,2,Yes,7.58,Yes,No,5G,1,238,No,9
MRD-001418,No,62.15,15,969.25,Plus,2,No,0.42,No,No,4G,1,131,No,2
MRD-001419,No,85.72,69,9469.14,Premium,4,No,0.74,No,No,5G,1,406,Yes,10
MRD-001420,No,85.28,33,2257.11,Premium,5,No,2.28,Yes,Yes,5G,0,606,Yes,1
MRD-001421,No,31.77,58,1298.85,Basic,4,No,2.07,Yes,Yes,4G,1,1009,Yes,3
MRD-001422,No,72.78,34,3061.57,Plus,2,Yes,0.54,No,Yes,5G,0,7,No,1
MRD-001423,No,87.9,42,3526.59,Premium,1,No,1.08,Yes,Yes,4G,1,120,No,10
MRD-001424,No,60.67,56,4993.81,Plus,1,No,1.3,Yes,Yes,5G,2,94,No,1
MRD-001425,No,34.05,41,1927.85,Basic,1,No,9.2,Yes,Yes,5G,1,570,No,7
MRD-001426,No,40.06,85,6949.68,Basic,3,No,7.51,Yes,No,5G,3,1234,Yes,7
MRD-001427,No,54.82,59,3209.96,Plus,2,No,1.9,No,Yes,5G,1,668,No,3
MRD-001428,No,95.34,5,404.81,Premium,1,No,2.21,No,Yes,5G,1,1219,No,9
MRD-001429,No,59.97,9,558.37,Plus,1,No,3.45,Yes,Yes,4G,3,1010,No,1
MRD-001430,No,55.22,62,4334.35,Plus,3,No,0.36,Yes,No,4G,0,1098,Yes,9
MRD-001431,No,37.35,6,219.65,Basic,1,No,1.62,Yes,No,4G,0,273,No,3
MRD-001432,No,98.9,2,0.0,Premium,2,No,1.45,Yes,Yes,5G,2,316,No,3
MRD-001433,Yes,38.87,75,1618.94,Basic,1,No,6.92,No,No,5G,0,1211,No,8
MRD-001434,No,64.09,5,343.94,Plus,1,Yes,1.7,Yes,Yes,5G,0,596,No,10
MRD-001435,No,115.11,83,6513.09,Premium,2,No,1.34,No,Yes,5G,1,107,No,9
MRD-001436,No,113.97,85,12103.78,Premium,1,No,3.67,No,Yes,4G,1,930,No,7
MRD-001437,No,38.7,89,5059.67,Basic,4,No,5.56,No,Yes,5G,4,1012,Yes,8
MRD-001438,No,86.84,85,5381.51,Premium,5,No,1.42,Yes,Yes,4G,1,495,Yes,10
MRD-001439,Yes,31.1,52,1220.81,Basic,3,No,7.34,No,No,5G,3,873,Yes,4
MRD-001440,No,57.48,40,3990.14,Plus,3,No,2.52,No,No,5G,1,976,Yes,4
MRD-001441,No,102.26,31,3761.39,Premium,1,No,9.44,Yes,No,5G,0,694,No,10
MRD-001442,No,67.87,37,2851.33,Plus,2,No,2.46,Yes,No,5G,2,490,No,3
MRD-001443,No,81.72,56,2158.98,Premium,2,No,9.71,Yes,No,4G,0,904,No,10
MRD-001444,No,120.89,79,17322.25,Premium,2,No,0.39,Yes,Yes,5G,2,597,No,8
MRD-001445,No,31.69,59,1902.5,Basic,1,No,3.19,Yes,No,4G,1,1103,No,5
MRD-001446,No,37.57,52,2164.57,Basic,3,No,6.28,No,No,5G,0,819,Yes,4
MRD-001447,No,37.32,8,636.83,Basic,1,No,2.12,Yes,Yes,5G,3,1155,No,4
MRD-001448,No,53.83,68,3007.37,Plus,2,No,5.4,Yes,Yes,5G,2,1231,No,10
MRD-001449,No,104.18,92,9687.63,Premium,1,No,4.63,No,No,4G,2,1261,No,3
MRD-001450,No,43.84,75,3925.45,Basic,4,No,1.03,Yes,No,4G,1,400,Yes,2
MRD-001451,No,59.09,36,3128.05,Plus,1,No,8.31,No,No,4G,3,739,No,3
MRD-001452,Yes,50.58,3,226.45,Plus,1,No,1.08,Yes,No,4G,2,948,No,6
MRD-001453,No,100.85,17,1212.69,Premium,3,No,0.53,No,Yes,4G,2,590,Yes,6
MRD-001454,Yes,60.42,48,2172.11,Plus,4,No,0.68,No,No,5G,0,29,Yes,7
MRD-001455,Yes,28.52,88,2007.79,Basic,3,No,1.77,No,No,5G,2,878,Yes,2
MRD-001456,Yes,63.77,74,10724.78,Plus,3,No,0.73,No,No,5G,2,490,Yes,10
MRD-001457,Yes,35.87,25,767.04,Basic,2,No,9.69,Yes,No,4G,1,279,No,9
MRD-001458,Yes,37.42,46,1606.4,Basic,1,No,1.79,Yes,Yes,5G,0,356,No,3
MRD-001459,No,83.07,20,1274.82,Premium,1,No,3.86,Yes,No,5G,0,805,No,2
MRD-001460,No,71.4,22,2235.41,Premium,1,Yes,3.21,Yes,No,4G,1,914,No,3
MRD-001461,No,93.88,56,3707.6,Premium,2,No,13.24,No,No,4G,0,664,No,8
MRD-001462,No,61.61,69,2329.09,Plus,5,Yes,1.43,Yes,No,4G,2,943,Yes,7
MRD-001463,Yes,46.49,39,1852.41,Plus,2,No,0.2,Yes,No,4G,5,727,No,4
MRD-001464,Yes,63.72,88,12961.7,Plus,1,No,10.46,Yes,No,5G,1,330,No,1
MRD-001465,No,60.85,78,5191.6,Plus,2,No,0.39,No,Yes,4G,4,853,No,2
MRD-001466,Yes,33.54,29,1666.48,Basic,1,No,6.17,Yes,No,4G,1,1307,No,10
MRD-001467,No,53.18,6,378.28,Plus,5,No,2.8,Yes,No,5G,0,954,Yes,9
MRD-001468,No,39.6,5,325.25,Basic,1,No,4.14,No,Yes,5G,2,154,No,5
MRD-001469,No,59.24,85,3411.09,Plus,2,No,3.72,Yes,No,5G,1,342,No,2
MRD-001470,No,90.38,81,10967.88,Premium,2,Yes,0.47,Yes,No,5G,3,1366,No,7
MRD-001471,No,25.6,49,1209.07,Basic,1,No,9.2,Yes,No,5G,0,648,No,7
MRD-001472,No,93.45,86,6143.69,Premium,1,No,0.32,No,No,5G,1,113,No,4
MRD-001473,No,75.45,80,6387.17,Plus,2,No,1.38,Yes,No,4G,2,477,No,5
MRD-001474,Yes,32.6,4,198.8,Basic,3,No,2.03,Yes,No,5G,3,456,Yes,6
MRD-001475,No,28.96,93,3846.86,Basic,5,No,5.17,No,Yes,5G,2,1304,Yes,8
MRD-001476,No,93.87,3,636.57,Premium,4,No,4.22,No,Yes,4G,0,1428,Yes,8
MRD-001477,No,58.97,33,2092.63,Plus,1,No,4.18,Yes,No,5G,0,563,No,10
MRD-001478,Yes,32.48,4,206.64,Basic,1,No,4.36,Yes,Yes,5G,0,1142,No,2
MRD-001479,Yes,32.6,12,411.4,Basic,1,No,5.19,Yes,No,4G,2,941,No,3
MRD-001480,No,92.55,53,6093.32,Premium,3,No,2.92,No,No,5G,0,1291,Yes,2
MRD-001481,Yes,38.25,27,807.12,Basic,1,No,7.15,Yes,Yes,4G,1,80,No,5
MRD-001482,No,60.0,22,2272.84,Plus,2,No,3.71,No,No,4G,0,1,No,10
MRD-001483,Yes,40.81,24,1739.11,Basic,2,No,2.88,No,No,5G,2,1205,No,7
MRD-001484,No,61.19,25,1860.28,Plus,2,No,8.97,Yes,Yes,5G,1,171,No,6
MRD-001485,No,28.79,45,2053.72,Basic,1,No,4.86,Yes,Yes,4G,2,1266,No,9
MRD-001486,No,82.39,89,14512.51,Premium,2,Yes,0.5,Yes,No,5G,1,51,No,9
MRD-001487,No,68.44,13,971.32,Plus,5,No,3.66,Yes,No,4G,2,1036,Yes,5
MRD-001488,No,55.52,25,1370.03,Plus,2,No,7.33,No,Yes,5G,1,553,No,9
MRD-001489,No,30.83,30,1082.95,Basic,2,No,1.61,Yes,No,5G,1,770,No,10
MRD-001490,No,47.49,10,1032.66,Plus,3,No,1.71,No,Yes,4G,0,153,Yes,2
MRD-001491,No,34.39,89,2980.73,Basic,2,Yes,4.58,Yes,No,5G,1,1343,No,3
MRD-001492,No,33.93,7,361.81,Basic,3,No,8.28,Yes,No,5G,1,163,Yes,7
MRD-001493,No,34.19,41,1700.85,Basic,1,No,3.03,Yes,No,4G,2,262,No,6
MRD-001494,No,99.7,42,2887.17,Premium,2,No,8.04,Yes,No,4G,2,564,No,9
MRD-001495,No,69.74,26,1644.09,Plus,1,No,1.55,No,Yes,5G,1,989,No,3
MRD-001496,Yes,34.63,67,2026.84,Basic,2,No,0.81,No,No,5G,1,733,No,9
MRD-001497,No,99.41,3,686.51,Premium,4,No,2.54,Yes,Yes,5G,0,1146,Yes,6
MRD-001498,No,35.0,63,1506.16,Basic,1,Yes,0.26,Yes,No,4G,2,1289,No,6
MRD-001499,Yes,37.97,41,686.15,Basic,2,No,0.14,Yes,No,4G,1,1424,No,2
MRD-001500,No,59.96,46,2531.71,Plus,1,Yes,2.38,Yes,No,5G,0,399,No,6
MRD-001501,No,110.32,86,6827.03,Premium,1,No,2.37,No,No,5G,2,464,No,3
MRD-001502,No,95.75,53,6209.75,Premium,2,No,1.51,No,Yes,5G,0,935,No,7
MRD-001503,No,98.48,30,2834.51,Premium,4,No,6.04,No,Yes,4G,2,821,Yes,3
MRD-001504,No,56.78,31,1408.4,Plus,2,Yes,3.18,No,Yes,5G,0,1078,No,1
MRD-001505,No,87.56,64,2587.63,Premium,3,No,0.35,No,Yes,4G,2,108,Yes,4
MRD-001506,No,68.02,87,4297.95,Plus,1,Yes,2.35,Yes,No,5G,2,251,No,4
MRD-001507,No,66.85,27,3236.26,Plus,1,No,4.37,No,No,4G,2,717,No,10
MRD-001508,No,96.19,37,4355.12,Premium,4,No,0.64,No,No,4G,1,881,Yes,4
MRD-001509,No,102.44,18,1213.58,Premium,1,No,2.49,Yes,No,5G,1,1100,No,3
MRD-001510,No,36.55,27,860.25,Basic,5,No,11.89,No,No,5G,1,717,Yes,9
MRD-001511,No,49.14,65,2270.74,Plus,5,No,10.55,Yes,No,4G,0,480,Yes,4
MRD-001512,No,42.09,54,2245.47,Basic,1,No,0.91,Yes,No,4G,1,248,No,5
MRD-001513,No,36.98,20,675.69,Basic,1,Yes,0.2,Yes,No,4G,0,435,No,7
MRD-001514,No,60.91,56,5647.4,Plus,1,No,1.24,Yes,No,5G,1,228,No,6
MRD-001515,No,52.08,85,3519.31,Plus,2,Yes,1.41,No,Yes,4G,1,1076,No,8
MRD-001516,No,28.95,27,864.27,Basic,3,Yes,0.16,No,Yes,5G,0,1352,Yes,5
MRD-001517,No,42.18,47,5701.93,Basic,1,No,4.15,Yes,No,5G,0,604,No,9
MRD-001518,Yes,62.04,7,1332.9,Plus,3,No,0.43,No,No,5G,3,692,Yes,6
MRD-001519,No,51.37,63,8116.16,Plus,3,No,3.3,Yes,No,5G,2,533,Yes,9
MRD-001520,No,72.32,64,1839.82,Plus,1,No,4.14,Yes,Yes,4G,1,406,No,2
MRD-001521,Yes,57.59,11,514.56,Plus,1,No,0.37,Yes,No,4G,1,363,No,6
MRD-001522,Yes,56.58,18,581.56,Plus,1,No,6.13,Yes,Yes,4G,4,495,No,7
MRD-001523,No,116.05,49,4148.49,Premium,2,Yes,4.45,No,No,5G,2,914,No,7
MRD-001524,No,35.29,8,650.62,Basic,2,No,0.93,Yes,Yes,5G,0,1016,No,1
MRD-001525,No,61.32,80,3191.12,Plus,4,No,0.98,Yes,No,5G,2,159,Yes,6
MRD-001526,Yes,60.46,2,147.31,Plus,4,No,3.3,Yes,No,5G,1,128,Yes,6
MRD-001527,Yes,39.95,82,1254.69,Basic,1,No,2.34,No,No,5G,1,1237,No,3
MRD-001528,No,57.94,53,3647.15,Plus,1,No,0.19,Yes,No,5G,1,751,No,9
MRD-001529,No,37.41,1,84.72,Basic,2,No,1.2,Yes,Yes,5G,2,23,No,8
MRD-001530,No,60.62,46,5849.76,Plus,5,No,4.42,Yes,No,5G,1,1066,Yes,2
MRD-001531,No,33.69,20,429.9,Basic,1,No,5.91,No,Yes,4G,1,412,No,3
MRD-001532,No,46.03,50,2957.89,Plus,5,No,1.39,Yes,Yes,4G,0,689,Yes,5
MRD-001533,Yes,56.91,5,233.69,Plus,1,No,4.6,Yes,No,4G,2,1377,No,9
MRD-001534,No,30.66,74,4238.53,Basic,1,Yes,2.23,Yes,Yes,5G,0,733,No,5
MRD-001535,Yes,26.23,48,1292.53,Basic,5,No,0.28,Yes,No,4G,0,764,Yes,8
MRD-001536,No,101.37,67,4121.11,Premium,1,No,5.99,Yes,Yes,5G,0,730,No,2
MRD-001537,No,30.81,19,1326.56,Basic,2,No,25.0,Yes,No,4G,2,1032,No,7
MRD-001538,No,101.95,31,3473.86,Premium,3,No,3.29,No,Yes,4G,0,958,Yes,7
MRD-001539,Yes,32.05,7,466.22,Basic,3,No,1.65,No,Yes,5G,0,332,Yes,1
MRD-001540,No,38.0,15,513.66,Basic,1,No,2.77,No,No,5G,1,551,No,10
MRD-001541,No,67.41,48,4513.97,Plus,1,No,5.01,No,No,5G,1,715,No,5
MRD-001542,Yes,47.43,67,2920.89,Plus,1,No,1.41,No,No,5G,4,765,No,2
MRD-001543,No,102.48,44,2823.31,Premium,2,No,2.03,Yes,Yes,5G,1,920,No,7
MRD-001544,Yes,44.3,73,7690.2,Basic,2,No,4.12,Yes,No,4G,0,157,No,1
MRD-001545,Yes,43.52,51,2578.43,Basic,1,No,0.97,No,Yes,4G,3,533,No,2
MRD-001546,No,68.81,25,1753.2,Plus,3,No,3.99,Yes,No,5G,2,225,Yes,1
MRD-001547,No,49.16,81,5017.0,Plus,1,No,3.55,No,Yes,5G,1,474,No,7
MRD-001548,No,107.75,74,3985.29,Premium,1,Yes,2.43,Yes,No,5G,2,229,No,2
MRD-001549,No,30.77,43,2093.73,Basic,5,No,5.9,Yes,No,4G,2,53,Yes,7
MRD-001550,No,63.66,14,787.28,Plus,5,No,2.87,Yes,No,5G,2,382,Yes,8
MRD-001551,No,36.68,23,1160.83,Basic,2,No,1.04,Yes,Yes,5G,2,1454,No,5
MRD-001552,No,60.22,66,2692.29,Plus,3,No,0.91,Yes,No,5G,1,383,Yes,5
MRD-001553,No,54.22,70,2064.08,Plus,3,No,7.57,No,Yes,5G,1,217,Yes,6
MRD-001554,No,67.55,53,2685.53,Premium,2,No,1.8,Yes,No,5G,2,520,No,2
MRD-001555,No,58.49,9,317.16,Plus,2,No,2.69,No,No,4G,1,195,No,9
MRD-001556,Yes,29.58,93,1347.13,Basic,2,No,0.88,Yes,No,5G,1,1361,No,3
MRD-001557,No,94.93,64,15591.18,Premium,3,No,1.68,Yes,No,4G,3,185,Yes,6
MRD-001558,No,37.64,5,570.1,Basic,3,No,8.78,Yes,Yes,5G,3,355,Yes,4
MRD-001559,No,28.44,28,786.69,Basic,4,No,1.68,No,No,5G,1,996,Yes,7
MRD-001560,No,56.28,89,5995.68,Plus,1,No,2.18,Yes,No,5G,2,600,No,4
MRD-001561,No,37.78,9,531.14,Basic,3,No,2.07,No,Yes,5G,1,900,Yes,2
MRD-001562,No,89.03,71,3629.41,Premium,2,No,4.23,Yes,Yes,5G,0,679,No,10
MRD-001563,No,33.71,79,2993.8,Basic,3,Yes,5.27,No,Yes,5G,1,411,Yes,9
MRD-001564,No,106.96,8,660.3,Premium,2,No,1.77,No,No,4G,2,233,No,9
MRD-001565,No,54.99,8,356.1,Plus,1,No,4.17,Yes,No,4G,1,1030,No,9
MRD-001566,No,72.58,38,3797.9,Plus,5,No,11.14,No,No,4G,2,973,Yes,1
MRD-001567,No,67.68,53,5821.75,Plus,1,No,4.07,No,No,5G,0,382,No,4
MRD-001568,No,108.37,73,7730.99,Premium,4,No,3.23,No,Yes,4G,1,1346,Yes,2
MRD-001569,No,67.05,65,4170.37,Plus,5,No,4.46,No,No,5G,0,82,Yes,7
MRD-001570,Yes,29.52,51,2201.68,Basic,1,No,8.07,No,No,5G,1,188,No,3
MRD-001571,No,41.37,62,3193.59,Basic,3,No,6.07,Yes,No,5G,1,839,Yes,7
MRD-001572,No,28.64,90,1479.91,Basic,4,Yes,2.94,Yes,No,5G,1,98,Yes,7
MRD-001573,No,61.94,63,7144.47,Plus,1,No,6.08,Yes,Yes,5G,5,919,No,7
MRD-001574,No,58.98,21,1030.64,Plus,1,No,1.3,Yes,Yes,4G,1,123,No,3
MRD-001575,No,36.86,90,2280.67,Basic,1,No,5.83,No,Yes,5G,3,981,No,3
MRD-001576,No,34.93,91,2396.83,Basic,1,Yes,2.41,Yes,Yes,4G,2,301,No,7
MRD-001577,No,56.94,51,3943.84,Plus,1,No,4.68,No,No,5G,1,727,No,2
MRD-001578,Yes,35.49,25,1028.32,Basic,2,No,8.85,Yes,No,5G,1,181,No,1
MRD-001579,No,124.88,65,11706.44,Premium,1,No,2.5,Yes,Yes,5G,1,1177,No,8
MRD-001580,No,97.96,78,9298.16,Premium,5,Yes,2.12,No,Yes,5G,1,553,Yes,9
MRD-001581,Yes,30.56,75,4002.61,Basic,4,No,7.13,No,Yes,5G,1,316,Yes,2
MRD-001582,No,101.91,22,4647.44,Premium,4,No,0.71,Yes,No,5G,1,501,Yes,4
MRD-001583,No,103.02,64,7776.68,Premium,1,No,4.0,No,No,5G,0,720,No,9
MRD-001584,No,46.29,90,5336.73,Basic,3,Yes,0.08,No,No,4G,1,214,Yes,1
MRD-001585,No,109.97,7,716.82,Premium,1,Yes,3.05,Yes,No,5G,4,1263,No,9
MRD-001586,Yes,42.91,1,189.27,Basic,1,No,3.94,Yes,Yes,4G,1,1452,No,8
MRD-001587,No,90.27,26,2171.62,Premium,2,No,3.51,Yes,Yes,4G,1,1125,No,8
MRD-001588,No,32.55,65,1358.06,Basic,1,No,4.93,Yes,No,5G,4,210,No,5
MRD-001589,No,76.54,33,4166.42,Plus,1,No,5.55,Yes,Yes,5G,2,370,No,3
MRD-001590,Yes,39.63,36,1255.14,Basic,1,No,0.85,No,No,5G,10,1041,No,4
MRD-001591,No,79.43,0,220.27,Premium,1,No,0.54,Yes,No,4G,1,101,No,9
MRD-001592,No,68.03,26,1811.97,Plus,1,No,1.74,Yes,Yes,5G,2,90,No,2
MRD-001593,Yes,38.48,77,4073.24,Basic,1,No,2.86,Yes,Yes,4G,2,982,No,7
MRD-001594,Yes,31.34,26,1632.38,Basic,3,No,0.38,Yes,Yes,4G,0,516,Yes,4
MRD-001595,No,62.52,68,3230.58,Plus,2,No,1.12,Yes,Yes,4G,1,331,No,10
MRD-001596,No,90.16,12,2334.09,Premium,3,No,2.52,Yes,No,4G,2,1204,Yes,5
MRD-001597,No,103.34,73,8392.42,Premium,2,No,5.68,Yes,No,4G,6,655,No,10
MRD-001598,No,58.02,55,2714.34,Plus,3,Yes,1.05,Yes,No,4G,1,1122,Yes,3
MRD-001599,No,32.48,23,474.43,Basic,1,No,1.63,Yes,No,5G,0,772,No,8
MRD-001600,No,44.25,64,3719.71,Basic,2,No,9.77,Yes,No,4G,1,971,No,2
MRD-001601,No,94.38,91,6680.45,Premium,2,No,3.59,No,No,5G,2,1207,No,5
MRD-001602,No,95.96,79,10310.24,Premium,2,No,1.29,Yes,Yes,5G,2,1012,No,3
MRD-001603,Yes,20.0,69,587.28,Basic,1,No,1.69,Yes,No,4G,2,888,No,7
MRD-001604,No,101.6,2,245.85,Premium,2,No,8.73,No,Yes,5G,1,686,No,4
MRD-001605,Yes,35.86,53,4145.06,Basic,4,Yes,1.09,Yes,Yes,4G,0,1263,Yes,7
MRD-001606,No,61.68,45,2389.7,Plus,2,No,2.11,No,Yes,5G,1,1248,No,3
MRD-001607,No,77.76,85,5701.96,Plus,1,No,1.98,Yes,No,5G,1,212,No,10
MRD-001608,Yes,55.4,38,7633.62,Plus,4,No,8.27,Yes,No,4G,3,589,Yes,6
MRD-001609,No,55.83,1,250.71,Plus,1,No,8.95,Yes,Yes,5G,1,416,No,7
MRD-001610,No,35.34,47,1183.63,Basic,4,No,0.73,Yes,Yes,4G,1,299,Yes,8
MRD-001611,No,37.53,76,2683.47,Basic,3,Yes,1.89,Yes,No,5G,1,424,Yes,7
MRD-001612,Yes,69.07,5,215.4,Plus,1,No,1.36,No,No,4G,4,195,No,10
MRD-001613,No,53.12,41,2428.31,Plus,1,No,2.4,Yes,Yes,5G,2,932,No,9
MRD-001614,No,39.39,17,687.58,Basic,1,Yes,3.85,Yes,No,5G,0,1168,No,7
MRD-001615,No,47.82,54,1954.1,Plus,1,No,3.13,No,No,5G,3,499,No,3
MRD-001616,No,68.18,76,4800.03,Plus,5,Yes,4.12,Yes,No,5G,1,429,Yes,3
MRD-001617,No,63.59,19,1913.65,Plus,5,No,3.7,Yes,No,5G,2,1450,Yes,5
MRD-001618,Yes,64.82,94,9371.92,Plus,1,No,7.25,No,Yes,5G,1,571,No,1
MRD-001619,No,55.21,12,886.25,Plus,3,Yes,4.09,Yes,No,5G,1,1069,Yes,7
MRD-001620,Yes,111.25,29,2202.77,Premium,2,No,0.44,Yes,No,5G,1,532,No,4
MRD-001621,No,94.27,4,1181.04,Premium,1,No,14.69,No,No,5G,6,204,No,5
MRD-001622,Yes,63.88,44,1961.47,Plus,4,No,3.91,Yes,No,5G,3,872,Yes,7
MRD-001623,No,44.31,86,4584.48,Basic,1,No,2.03,No,Yes,5G,3,719,No,8
MRD-001624,No,67.17,38,1527.38,Plus,3,No,0.06,Yes,No,4G,1,1366,Yes,9
MRD-001625,Yes,29.2,0,0.0,Basic,2,No,2.64,Yes,No,5G,1,351,No,6
MRD-001626,No,41.65,71,2549.05,Basic,1,No,3.33,No,No,5G,1,1123,No,2
MRD-001627,Yes,54.92,33,1854.48,Plus,1,Yes,5.25,No,Yes,5G,2,221,No,10
MRD-001628,No,96.78,3,354.38,Premium,2,Yes,4.26,No,No,5G,0,0,No,10
MRD-001629,No,48.6,89,4058.75,Plus,1,Yes,0.2,Yes,Yes,5G,2,1271,No,8
MRD-001630,No,58.44,65,4450.89,Plus,3,No,1.12,Yes,No,5G,2,1347,Yes,8
MRD-001631,Yes,51.38,23,1127.97,Plus,2,No,1.2,Yes,No,5G,0,208,No,4
MRD-001632,No,98.32,38,4956.47,Premium,1,No,3.81,Yes,No,5G,0,451,No,8
MRD-001633,No,31.01,77,2008.45,Basic,1,No,12.2,Yes,Yes,5G,1,1085,No,5
MRD-001634,Yes,60.07,77,4040.57,Plus,1,Yes,5.82,No,Yes,5G,3,515,No,1
MRD-001635,No,101.35,12,1955.29,Premium,1,No,0.91,Yes,No,5G,2,1416,No,3
MRD-001636,No,102.24,49,7067.53,Premium,1,No,0.58,No,Yes,5G,4,319,No,7
MRD-001637,No,60.41,93,7068.98,Plus,1,No,4.8,No,Yes,4G,0,695,No,5
MRD-001638,Yes,60.33,54,3501.35,Plus,2,No,0.93,No,Yes,5G,3,916,No,4
MRD-001639,No,81.6,78,7284.76,Premium,1,Yes,3.99,Yes,No,5G,3,1013,No,9
MRD-001640,No,48.14,38,1134.6,Plus,4,No,1.2,No,No,5G,2,63,Yes,2
MRD-001641,No,107.33,24,1861.57,Premium,2,No,4.55,No,No,5G,2,926,No,1
MRD-001642,Yes,30.22,57,2116.05,Basic,3,No,2.04,Yes,Yes,5G,0,1492,Yes,2
MRD-001643,Yes,43.3,30,715.3,Basic,1,Yes,3.43,Yes,Yes,4G,3,278,No,5
MRD-001644,No,108.78,73,3945.77,Premium,1,No,0.49,No,No,5G,1,667,No,10
MRD-001645,No,66.06,80,6490.97,Plus,4,Yes,0.68,No,Yes,5G,2,1450,Yes,3
MRD-001646,Yes,30.81,17,674.72,Basic,3,No,0.99,Yes,No,5G,0,1316,Yes,6
MRD-001647,No,53.52,43,1522.24,Plus,2,Yes,1.4,No,No,5G,0,970,No,3
MRD-001648,No,30.98,8,281.11,Basic,2,No,0.92,Yes,No,5G,1,394,No,2
MRD-001649,No,85.61,17,2675.9,Premium,3,No,1.68,Yes,Yes,5G,2,436,Yes,2
MRD-001650,No,74.52,8,306.36,Plus,1,No,3.7,Yes,No,4G,1,367,No,8
MRD-001651,No,65.98,63,2034.35,Plus,1,No,0.72,Yes,No,4G,0,1371,No,7
MRD-001652,No,64.49,31,1618.91,Plus,2,Yes,0.03,Yes,No,5G,4,1289,No,7
MRD-001653,Yes,94.46,12,601.45,Premium,1,No,1.7,Yes,No,5G,0,780,No,3
MRD-001654,No,57.14,35,1067.92,Plus,1,Yes,2.27,Yes,No,5G,3,1489,No,4
MRD-001655,No,83.81,0,53.86,Premium,2,No,3.01,Yes,No,5G,0,557,No,2
MRD-001656,No,107.56,38,5722.38,Premium,2,No,1.07,Yes,No,5G,2,249,No,9
MRD-001657,No,83.63,94,3586.97,Premium,1,No,3.7,No,No,4G,1,861,No,10
MRD-001658,No,71.7,44,2415.82,Plus,2,No,19.58,Yes,No,5G,1,809,No,7
MRD-001659,No,32.06,5,138.34,Basic,1,No,4.18,Yes,No,5G,2,606,No,10
MRD-001660,No,69.07,78,3949.99,Plus,2,Yes,1.8,Yes,Yes,5G,1,1061,No,3
MRD-001661,Yes,62.79,10,404.83,Plus,1,No,1.01,No,No,4G,1,1083,No,2
MRD-001662,No,101.1,45,3492.31,Premium,3,No,0.79,Yes,Yes,5G,1,904,Yes,3
MRD-001663,No,38.48,41,1522.37,Basic,3,No,2.3,Yes,Yes,4G,1,199,Yes,3
MRD-001664,Yes,31.8,49,2553.89,Basic,1,No,2.38,No,No,4G,2,915,No,3
MRD-001665,No,37.47,46,2155.65,Basic,2,No,1.07,Yes,No,5G,1,1404,No,8
MRD-001666,No,107.96,59,5021.95,Premium,3,No,7.84,No,Yes,4G,2,1421,Yes,4
MRD-001667,No,97.88,94,10622.83,Premium,5,Yes,1.37,Yes,No,5G,1,142,Yes,2
MRD-001668,No,56.69,70,1742.58,Plus,2,No,4.75,No,No,5G,0,204,No,7
MRD-001669,Yes,64.71,78,7854.58,Plus,2,No,0.13,Yes,Yes,4G,4,557,No,5
MRD-001670,No,66.55,59,2335.65,Plus,5,Yes,2.12,Yes,Yes,4G,1,747,Yes,9
MRD-001671,No,107.41,42,4493.2,Premium,4,No,8.84,Yes,Yes,4G,2,1235,Yes,1
MRD-001672,No,67.73,38,2568.92,Plus,2,No,3.94,Yes,Yes,4G,2,1279,No,5
MRD-001673,Yes,36.65,15,816.55,Basic,3,No,5.15,Yes,Yes,5G,2,966,Yes,5
MRD-001674,No,32.06,18,998.83,Basic,1,No,3.47,Yes,Yes,5G,1,308,No,1
MRD-001675,No,45.84,25,916.71,Basic,3,No,4.32,Yes,No,5G,2,897,Yes,8
MRD-001676,No,105.05,26,1608.96,Premium,1,No,3.75,No,No,4G,1,368,No,8
MRD-001677,No,51.81,37,1163.36,Plus,1,No,5.52,Yes,No,5G,1,282,No,4
MRD-001678,No,88.28,10,2083.5,Premium,2,Yes,4.95,Yes,No,5G,0,838,No,9
MRD-001679,No,103.59,84,5852.2,Premium,3,No,1.32,Yes,Yes,4G,1,1288,Yes,4
MRD-001680,No,38.94,22,841.94,Basic,4,No,5.07,Yes,No,5G,2,1498,Yes,4
MRD-001681,No,108.58,58,2643.73,Premium,2,No,5.62,Yes,No,5G,3,1481,No,5
MRD-001682,No,27.59,63,2950.65,Basic,1,No,1.19,No,No,5G,0,55,No,10
MRD-001683,Yes,57.91,77,2768.27,Plus,3,No,1.43,No,No,4G,2,1228,Yes,1
MRD-001684,No,51.93,95,4764.75,Plus,3,No,0.22,No,Yes,4G,2,780,Yes,1
MRD-001685,No,66.81,75,9018.23,Plus,3,Yes,4.16,Yes,Yes,5G,2,1461,Yes,6
MRD-001686,No,60.39,39,2735.93,Plus,2,No,11.43,Yes,No,5G,2,35,No,8
MRD-001687,No,60.84,69,2359.29,Plus,2,Yes,2.12,Yes,No,5G,2,860,No,7
MRD-001688,No,69.36,21,2333.11,Premium,2,No,1.64,Yes,No,5G,2,371,No,8
MRD-001689,No,64.92,59,4478.01,Plus,3,No,1.29,No,No,5G,1,1160,Yes,10
MRD-001690,No,106.05,33,2325.47,Premium,5,No,1.19,No,Yes,5G,0,1051,Yes,9
MRD-001691,No,59.98,9,857.2,Plus,2,No,3.98,Yes,Yes,4G,1,92,No,9
MRD-001692,Yes,30.1,75,2752.15,Basic,5,No,1.73,Yes,No,4G,1,904,Yes,9
MRD-001693,No,41.24,96,3171.46,Basic,1,No,1.65,Yes,No,5G,2,44,No,1
MRD-001694,No,95.74,59,9333.38,Premium,1,No,10.25,Yes,No,5G,1,1372,No,3
MRD-001695,No,51.79,8,338.74,Plus,1,No,5.42,Yes,No,4G,1,983,No,7
MRD-001696,No,87.29,89,6856.74,Premium,4,No,3.55,Yes,No,5G,3,1323,Yes,1
MRD-001697,Yes,69.55,83,5256.44,Plus,4,Yes,1.63,Yes,No,5G,0,434,Yes,5
MRD-001698,No,98.65,80,9561.72,Premium,2,No,8.0,Yes,No,5G,2,823,No,8
MRD-001699,No,31.2,4,0.0,Basic,4,No,2.07,Yes,No,5G,4,1013,Yes,1
MRD-001700,No,71.27,40,1812.61,Plus,1,Yes,0.45,Yes,No,5G,0,673,No,4
MRD-001701,No,62.11,36,1853.19,Plus,3,No,2.08,No,No,5G,2,1320,Yes,3
MRD-001702,No,112.75,81,5643.51,Premium,2,No,5.0,Yes,No,5G,0,1126,No,10
MRD-001703,Yes,65.67,52,6187.35,Plus,3,Yes,2.18,No,No,5G,1,1299,Yes,2
MRD-001704,No,68.44,0,0.0,Plus,1,No,3.55,Yes,No,5G,1,1148,No,2
MRD-001705,Yes,61.7,22,1040.14,Plus,1,No,6.76,No,Yes,5G,0,1390,No,5
MRD-001706,No,27.84,13,752.59,Basic,1,Yes,1.16,Yes,Yes,5G,1,1463,No,2
MRD-001707,No,111.73,56,6627.85,Premium,1,Yes,4.38,Yes,Yes,5G,2,1466,No,7
MRD-001708,No,56.37,91,7315.09,Plus,1,No,0.2,No,No,5G,2,1075,No,4
MRD-001709,Yes,32.19,50,590.24,Basic,2,No,1.19,No,No,5G,2,471,No,7
MRD-001710,No,64.0,86,4952.66,Plus,1,No,11.18,Yes,No,4G,1,1352,No,9
MRD-001711,No,101.96,30,4339.56,Premium,3,No,0.26,Yes,No,4G,1,544,Yes,1
MRD-001712,No,69.56,63,4472.56,Plus,1,No,6.24,Yes,Yes,5G,2,785,No,7
MRD-001713,No,110.7,51,7961.87,Premium,2,No,1.43,Yes,No,5G,4,1255,No,7
MRD-001714,Yes,67.73,40,3446.84,Plus,2,No,3.82,No,No,5G,1,673,No,7
MRD-001715,No,30.6,84,4841.85,Basic,3,No,1.87,Yes,No,5G,1,1459,Yes,4
MRD-001716,No,101.32,43,3052.93,Premium,2,No,0.42,Yes,No,4G,0,1008,No,5
MRD-001717,No,62.72,51,5313.0,Plus,2,No,1.05,Yes,Yes,5G,3,542,No,3
MRD-001718,Yes,25.16,20,1038.28,Basic,3,No,6.99,Yes,Yes,4G,3,1315,Yes,3
MRD-001719,No,33.31,70,1825.96,Basic,2,No,2.99,No,No,5G,1,487,No,6
MRD-001720,No,66.22,25,1173.74,Plus,1,No,5.71,No,No,5G,2,1258,No,1
MRD-001721,No,54.07,88,3961.03,Plus,5,Yes,5.7,Yes,No,4G,3,804,Yes,4
MRD-001722,No,33.88,32,1412.27,Basic,1,No,1.91,No,Yes,5G,1,948,No,4
MRD-001723,No,67.15,24,2246.61,Plus,1,No,1.21,Yes,No,5G,2,1357,No,10
MRD-001724,Yes,52.8,43,3194.48,Plus,2,Yes,3.58,Yes,No,5G,1,276,No,8
MRD-001725,No,28.95,50,1499.01,Basic,3,No,0.65,Yes,No,4G,0,1262,Yes,1
MRD-001726,Yes,32.04,52,1826.74,Basic,1,No,5.14,No,No,4G,2,111,No,6
MRD-001727,No,66.14,24,2174.17,Plus,4,No,1.74,Yes,No,5G,0,731,Yes,4
MRD-001728,No,55.11,49,1617.52,Plus,1,No,8.2,No,No,5G,1,616,No,2
MRD-001729,No,92.44,87,14827.06,Premium,4,No,5.81,No,Yes,5G,1,757,Yes,4
MRD-001730,Yes,70.08,41,2467.42,Plus,1,No,0.64,No,No,4G,1,1185,No,1
MRD-001731,No,47.61,71,3571.83,Plus,5,No,7.07,Yes,No,5G,1,1456,Yes,2
MRD-001732,No,58.1,90,6340.28,Plus,2,Yes,4.76,No,No,4G,2,1128,No,7
MRD-001733,Yes,41.4,67,3381.06,Basic,1,No,2.0,Yes,No,5G,1,694,No,2
MRD-001734,No,96.74,59,4826.69,Premium,1,No,5.4,Yes,No,5G,1,409,No,10
MRD-001735,Yes,53.41,19,1370.7,Plus,1,No,4.83,No,No,5G,1,1247,No,10
MRD-001736,Yes,58.18,21,967.9,Plus,2,No,0.74,Yes,Yes,4G,1,535,No,4
MRD-001737,Yes,62.58,87,5416.34,Plus,3,No,0.6,No,Yes,5G,1,185,Yes,2
MRD-001738,No,69.81,81,10660.51,Plus,1,No,0.59,No,Yes,5G,0,561,No,5
MRD-001739,No,30.71,32,659.26,Basic,4,Yes,8.16,No,Yes,5G,1,930,Yes,3
MRD-001740,No,29.02,70,1695.0,Basic,1,No,1.56,Yes,No,4G,0,911,No,10
MRD-001741,Yes,39.8,13,602.08,Basic,2,No,0.57,Yes,Yes,5G,0,1472,No,8
MRD-001742,No,56.99,60,3070.98,Plus,2,No,1.3,No,Yes,5G,3,1134,No,1
MRD-001743,No,58.14,76,6918.56,Plus,5,No,4.76,Yes,No,4G,2,24,Yes,10
MRD-001744,No,62.23,14,612.17,Plus,4,No,3.65,Yes,No,4G,2,141,Yes,9
MRD-001745,No,49.32,73,3643.13,Plus,1,Yes,4.0,Yes,Yes,5G,1,362,No,8
MRD-001746,No,79.48,78,4519.7,Premium,1,Yes,4.85,Yes,No,5G,1,512,No,7
MRD-001747,Yes,79.78,35,3640.45,Premium,3,No,2.16,Yes,No,4G,1,558,Yes,2
MRD-001748,Yes,40.17,86,3724.06,Basic,2,No,1.11,No,No,5G,2,1298,No,3
MRD-001749,No,91.87,95,7211.65,Premium,1,No,8.53,No,Yes,5G,1,1118,No,4
MRD-001750,Yes,48.35,83,3230.54,Basic,1,No,5.44,Yes,No,4G,1,1239,No,1
MRD-001751,Yes,63.55,74,3219.81,Plus,1,No,0.3,No,No,5G,5,1444,No,9
MRD-001752,Yes,45.51,22,579.77,Basic,1,No,7.9,No,No,5G,2,793,No,5
MRD-001753,No,72.44,91,6938.49,Plus,3,Yes,2.72,No,No,4G,0,8,Yes,8
MRD-001754,No,76.55,34,1665.86,Premium,2,No,0.07,Yes,No,5G,2,38,No,7
MRD-001755,No,37.71,54,2830.57,Basic,2,Yes,4.05,No,No,4G,2,1366,No,7
MRD-001756,No,52.05,42,1489.89,Plus,2,No,3.24,Yes,Yes,5G,1,734,No,10
MRD-001757,No,29.0,70,3427.03,Basic,2,No,6.03,Yes,No,5G,2,198,No,9
MRD-001758,No,59.18,94,7038.41,Plus,1,No,1.65,No,No,4G,2,214,No,8
MRD-001759,Yes,33.65,76,2833.86,Basic,4,No,2.85,Yes,No,4G,2,1362,Yes,1
MRD-001760,No,91.97,13,1308.79,Premium,2,No,4.01,Yes,No,5G,1,426,No,10
MRD-001761,Yes,38.22,11,292.57,Basic,3,No,4.08,Yes,No,5G,1,778,Yes,9
MRD-001762,Yes,87.64,20,1239.98,Premium,1,No,6.68,Yes,Yes,5G,1,108,No,3
MRD-001763,Yes,31.67,70,1220.36,Basic,3,No,1.17,Yes,No,5G,1,20,Yes,8
MRD-001764,Yes,39.36,49,2706.78,Basic,4,No,0.41,Yes,Yes,4G,0,1184,Yes,3
MRD-001765,No,55.99,54,3594.96,Plus,3,Yes,7.38,Yes,No,5G,2,1240,Yes,1
MRD-001766,No,61.59,13,1003.3,Plus,2,Yes,0.19,Yes,Yes,4G,0,1415,No,10
MRD-001767,No,85.09,55,5084.77,Premium,1,No,0.44,Yes,Yes,5G,3,1355,No,9
MRD-001768,Yes,57.99,54,3049.19,Plus,1,No,8.8,No,No,5G,2,1042,No,1
MRD-001769,No,65.76,1,131.43,Plus,2,No,2.84,No,No,5G,4,1120,No,1
MRD-001770,No,64.17,35,2689.06,Plus,1,No,4.11,Yes,Yes,5G,0,816,No,4
MRD-001771,No,27.83,59,3343.93,Basic,1,No,5.52,Yes,No,5G,1,332,No,7
MRD-001772,No,30.14,69,3107.33,Basic,3,No,8.16,No,No,4G,0,1087,Yes,3
MRD-001773,No,95.17,76,9008.09,Premium,1,Yes,1.75,Yes,Yes,5G,0,674,No,10
MRD-001774,Yes,59.92,70,5617.35,Plus,3,No,1.17,Yes,Yes,5G,2,1464,Yes,9
MRD-001775,No,32.0,46,1874.5,Basic,2,No,4.16,Yes,No,5G,1,1312,No,8
MRD-001776,No,43.05,49,4053.24,Basic,2,No,3.36,Yes,No,4G,1,169,No,7
MRD-001777,No,89.35,32,2624.84,Premium,1,No,1.24,Yes,Yes,4G,0,1185,No,5
MRD-001778,No,84.72,15,1219.47,Premium,2,No,1.33,Yes,Yes,5G,5,1296,No,3
MRD-001779,No,32.2,53,1195.89,Basic,4,Yes,5.35,Yes,No,4G,1,95,Yes,5
MRD-001780,Yes,34.04,52,1976.77,Basic,1,No,6.38,Yes,No,4G,2,1139,No,5
MRD-001781,No,61.41,60,2004.89,Plus,5,No,2.21,No,No,5G,2,1083,Yes,2
MRD-001782,Yes,39.13,13,712.04,Basic,4,No,1.68,Yes,No,5G,1,285,Yes,2
MRD-001783,No,65.41,46,2795.29,Plus,5,No,1.66,No,No,4G,1,892,Yes,7
MRD-001784,Yes,89.71,43,2540.22,Premium,2,Yes,5.44,No,No,5G,0,382,No,2
MRD-001785,No,59.39,18,1798.46,Plus,4,No,0.82,No,No,4G,1,1022,Yes,10
MRD-001786,Yes,60.59,91,9577.84,Plus,1,Yes,3.14,No,No,4G,0,1397,No,6
MRD-001787,No,102.92,94,15277.95,Premium,1,No,3.86,No,Yes,4G,2,196,No,4
MRD-001788,No,57.31,40,4283.4,Plus,2,No,5.37,Yes,Yes,4G,0,1284,No,9
MRD-001789,No,34.27,50,2387.8,Basic,2,No,3.22,No,No,4G,3,1147,No,1
MRD-001790,No,62.51,6,848.64,Plus,3,Yes,1.41,Yes,Yes,5G,1,1351,Yes,4
MRD-001791,No,31.24,25,396.0,Basic,2,No,5.0,Yes,No,5G,1,589,No,7
MRD-001792,No,47.56,75,5141.7,Plus,1,No,9.6,Yes,No,4G,0,198,No,7
MRD-001793,No,50.7,89,4584.55,Plus,1,No,1.54,No,No,5G,1,930,No,9
MRD-001794,No,40.26,37,1388.72,Basic,3,No,1.73,Yes,Yes,5G,1,696,Yes,2
MRD-001795,No,85.43,66,4010.77,Premium,3,No,0.08,Yes,Yes,5G,0,933,Yes,6
MRD-001796,No,68.25,40,6012.7,Premium,1,No,1.7,No,Yes,5G,2,299,No,4
MRD-001797,No,71.09,33,3026.55,Plus,1,No,8.39,Yes,Yes,5G,1,730,No,3
MRD-001798,Yes,31.21,21,1127.83,Basic,1,No,4.3,Yes,No,5G,1,741,No,8
MRD-001799,No,50.52,52,5493.08,Plus,5,No,4.16,No,Yes,4G,2,337,Yes,6
MRD-001800,No,71.87,15,816.1,Plus,1,No,3.75,Yes,No,5G,1,766,No,10
MRD-001801,No,51.42,16,1720.73,Plus,5,Yes,2.22,Yes,No,5G,3,860,Yes,3
MRD-001802,No,29.84,34,746.39,Basic,1,No,3.23,Yes,No,4G,0,100,No,2
MRD-001803,No,95.81,60,6456.92,Premium,2,No,8.69,No,No,5G,0,449,No,7
MRD-001804,No,98.34,73,8972.11,Premium,1,Yes,5.36,Yes,No,5G,0,1207,No,7
MRD-001805,No,32.29,77,2505.04,Basic,2,No,4.07,No,No,5G,1,996,No,4
MRD-001806,Yes,26.24,14,209.85,Basic,1,No,2.05,No,No,4G,2,1054,No,4
MRD-001807,No,31.32,94,4877.83,Basic,1,No,1.43,Yes,Yes,5G,0,259,No,2
MRD-001808,No,96.8,45,8211.61,Premium,2,No,4.47,Yes,No,5G,0,826,No,8
MRD-001809,No,62.28,73,4522.27,Plus,3,Yes,4.37,Yes,Yes,5G,0,693,Yes,9
MRD-001810,No,62.51,92,7707.18,Plus,3,No,2.33,No,No,5G,2,1075,Yes,4
MRD-001811,No,62.2,77,1483.59,Plus,1,No,3.94,Yes,No,5G,4,1033,No,6
MRD-001812,No,33.6,95,2563.31,Basic,2,No,7.5,No,Yes,5G,2,867,No,5
MRD-001813,No,28.78,23,667.2,Basic,1,No,0.27,Yes,Yes,5G,1,1305,No,2
MRD-001814,No,94.26,56,5111.14,Premium,2,No,1.45,No,No,4G,0,816,No,1
MRD-001815,No,58.93,93,5345.39,Plus,1,Yes,1.58,Yes,Yes,4G,0,40,No,10
MRD-001816,No,43.95,12,548.55,Basic,4,No,2.66,No,Yes,4G,3,1400,Yes,8
MRD-001817,No,58.99,29,1012.79,Plus,4,No,5.79,No,Yes,5G,0,1149,Yes,7
MRD-001818,No,92.34,29,5052.28,Premium,2,No,1.71,No,No,5G,2,522,No,10
MRD-001819,No,102.47,1,0.0,Premium,1,No,2.49,Yes,No,5G,3,1020,No,3
MRD-001820,No,65.02,59,3893.26,Plus,3,Yes,0.07,Yes,Yes,5G,3,47,Yes,4
MRD-001821,No,33.09,79,3333.36,Basic,2,No,3.74,No,Yes,5G,2,1019,No,1
MRD-001822,No,38.76,33,1538.77,Basic,1,Yes,2.38,No,No,5G,1,734,No,10
MRD-001823,No,55.75,48,1655.49,Plus,1,No,3.42,Yes,No,5G,2,558,No,4
MRD-001824,Yes,67.5,29,1326.58,Plus,3,No,1.66,Yes,Yes,5G,1,293,Yes,9
MRD-001825,Yes,45.97,37,1297.83,Basic,2,No,2.73,No,Yes,5G,6,420,No,4
MRD-001826,Yes,52.67,3,399.67,Plus,3,No,7.58,No,Yes,5G,1,461,Yes,6
MRD-001827,No,57.39,45,2655.38,Plus,4,No,1.7,Yes,No,5G,1,1352,Yes,4
MRD-001828,No,69.88,61,2547.91,Plus,1,No,6.62,No,Yes,4G,1,204,No,8
MRD-001829,Yes,42.07,1,30.4,Basic,2,No,0.16,No,No,4G,2,1201,No,1
MRD-001830,No,120.78,12,1501.04,Premium,2,No,0.57,Yes,Yes,4G,1,261,No,4
MRD-001831,Yes,84.98,92,11905.22,Premium,1,No,4.26,Yes,No,5G,2,262,No,4
MRD-001832,Yes,38.34,74,5967.57,Basic,2,No,1.65,No,No,5G,1,1361,No,9
MRD-001833,No,54.54,95,9354.08,Plus,1,No,0.86,Yes,Yes,5G,3,576,No,1
MRD-001834,No,30.7,60,1435.06,Basic,2,No,1.56,Yes,No,4G,1,705,No,9
MRD-001835,No,26.27,10,281.35,Basic,1,No,2.73,Yes,No,5G,2,1119,No,5
MRD-001836,No,54.04,83,2831.76,Plus,1,No,3.41,Yes,No,4G,1,358,No,3
MRD-001837,No,28.19,58,1068.65,Basic,3,No,4.26,Yes,No,5G,1,440,Yes,5
MRD-001838,No,100.77,8,720.88,Premium,4,No,6.25,Yes,Yes,5G,2,47,Yes,4
MRD-001839,No,28.19,8,471.28,Basic,3,No,1.22,Yes,No,4G,2,125,Yes,8
MRD-001840,No,41.45,87,2463.93,Basic,1,No,1.43,Yes,Yes,5G,0,755,No,7
MRD-001841,No,37.81,89,1048.73,Basic,4,No,12.96,Yes,No,5G,2,1046,Yes,3
MRD-001842,Yes,38.88,62,2969.09,Basic,4,No,4.6,Yes,No,5G,2,176,Yes,8
MRD-001843,No,34.59,0,204.58,Basic,4,No,1.45,Yes,Yes,5G,0,1139,Yes,2
MRD-001844,No,90.8,48,3176.8,Premium,3,No,1.34,Yes,Yes,4G,2,274,Yes,4
MRD-001845,Yes,26.55,28,649.64,Basic,3,No,12.98,No,Yes,5G,1,224,Yes,8
MRD-001846,Yes,40.26,28,805.08,Basic,1,Yes,0.73,Yes,Yes,4G,1,869,No,3
MRD-001847,No,60.42,67,5165.71,Plus,1,No,2.01,No,No,5G,2,1434,No,8
MRD-001848,No,35.32,94,4037.12,Basic,1,No,14.42,No,No,5G,1,684,No,5
MRD-001849,No,110.38,42,5021.69,Premium,4,No,4.89,No,No,5G,1,127,Yes,6
MRD-001850,No,89.13,32,2386.3,Premium,2,No,0.79,Yes,No,5G,2,1465,No,5
MRD-001851,No,52.48,49,4060.73,Plus,4,No,1.29,Yes,Yes,5G,2,1326,Yes,3
MRD-001852,Yes,38.57,84,1772.07,Basic,1,Yes,4.6,Yes,No,4G,0,890,No,5
MRD-001853,No,60.07,8,834.33,Plus,1,No,7.81,No,Yes,5G,2,395,No,10
MRD-001854,No,36.65,69,1635.29,Basic,4,No,3.24,No,No,4G,2,1463,Yes,5
MRD-001855,No,40.71,88,2336.27,Basic,1,No,0.38,No,Yes,5G,0,145,No,2
MRD-001856,No,71.08,93,16432.58,Premium,1,No,2.87,Yes,Yes,5G,2,991,No,4
MRD-001857,No,48.94,57,1234.09,Plus,3,No,2.15,Yes,No,4G,2,1486,Yes,4
MRD-001858,No,79.17,29,2448.46,Premium,3,No,2.13,Yes,Yes,5G,2,145,Yes,1
MRD-001859,No,60.61,47,4745.52,Plus,2,Yes,3.14,No,No,5G,4,30,No,6
MRD-001860,No,34.14,22,770.75,Basic,2,No,3.87,Yes,Yes,4G,1,494,No,4
MRD-001861,No,66.7,40,3462.14,Plus,4,No,0.93,No,No,4G,2,875,Yes,9
MRD-001862,Yes,32.71,4,152.81,Basic,1,Yes,6.16,No,No,5G,1,58,No,1
MRD-001863,No,109.61,68,7204.93,Premium,3,Yes,0.9,Yes,Yes,5G,0,719,Yes,5
MRD-001864,Yes,35.56,35,1643.65,Basic,2,No,0.8,Yes,No,5G,0,338,No,7
MRD-001865,Yes,33.7,62,3542.68,Basic,2,No,1.59,No,Yes,4G,0,512,No,4
MRD-001866,No,119.42,16,2072.12,Premium,1,No,2.73,No,No,5G,2,1156,No,2
MRD-001867,No,44.67,62,1751.03,Basic,1,No,7.4,Yes,No,5G,2,1025,No,7
MRD-001868,No,83.23,22,1856.09,Premium,3,No,1.14,No,Yes,5G,1,1497,Yes,6
MRD-001869,Yes,31.14,39,454.86,Basic,3,No,1.5,No,No,5G,2,869,Yes,5
MRD-001870,Yes,39.4,23,877.38,Basic,3,No,4.27,Yes,No,5G,1,1021,Yes,2
MRD-001871,No,121.77,26,3046.75,Premium,1,No,1.21,Yes,No,4G,2,1263,No,10
MRD-001872,No,68.74,41,3691.94,Plus,4,No,0.53,No,No,4G,3,209,Yes,6
MRD-001873,No,101.53,96,8794.32,Premium,2,No,3.02,Yes,No,5G,4,145,No,6
MRD-001874,No,53.79,49,4779.53,Plus,1,No,0.82,Yes,Yes,4G,3,794,No,9
MRD-001875,No,42.17,38,3297.57,Basic,2,Yes,3.56,Yes,Yes,5G,2,1055,No,10
MRD-001876,No,43.77,30,966.14,Plus,2,No,0.14,Yes,Yes,4G,3,648,No,4
MRD-001877,No,31.44,13,278.78,Basic,1,No,4.34,No,No,4G,0,1049,No,8
MRD-001878,No,62.39,15,1614.13,Plus,1,No,2.77,Yes,No,5G,3,1318,No,7
MRD-001879,No,27.69,45,1187.98,Basic,2,No,1.09,Yes,Yes,5G,1,707,No,8
MRD-001880,No,34.2,79,4733.03,Basic,1,No,1.95,Yes,Yes,5G,3,1192,No,1
MRD-001881,No,108.48,40,6190.87,Premium,1,No,7.27,No,Yes,5G,0,250,No,7
MRD-001882,No,100.58,85,10455.89,Premium,1,Yes,1.52,Yes,Yes,5G,2,205,No,10
MRD-001883,No,57.02,22,1925.43,Plus,1,No,1.56,Yes,No,5G,1,574,No,3
MRD-001884,No,93.73,6,463.99,Premium,1,No,7.91,Yes,Yes,5G,1,1398,No,10
MRD-001885,No,59.81,51,1299.12,Plus,5,Yes,3.21,Yes,No,5G,2,208,Yes,10
MRD-001886,Yes,39.29,77,3739.74,Basic,1,No,2.62,Yes,No,5G,1,1093,No,2
MRD-001887,No,41.98,0,0.0,Basic,2,No,0.18,No,No,5G,2,45,No,3
MRD-001888,Yes,61.75,58,2267.74,Plus,5,No,1.86,No,No,5G,2,674,Yes,2
MRD-001889,Yes,66.84,8,429.05,Premium,1,No,3.33,Yes,No,5G,0,550,No,1
MRD-001890,No,47.51,58,2303.94,Basic,1,Yes,2.1,No,Yes,5G,1,775,No,6
MRD-001891,No,75.2,51,5245.24,Plus,1,No,9.87,Yes,Yes,4G,2,927,No,10
MRD-001892,No,70.53,56,2439.26,Plus,1,No,0.94,No,No,5G,1,198,No,8
MRD-001893,No,37.74,65,1985.28,Basic,2,No,2.95,Yes,No,5G,2,26,No,4
MRD-001894,No,55.36,62,1562.2,Plus,5,No,3.44,Yes,Yes,4G,0,1127,Yes,5
MRD-001895,No,85.67,46,5306.13,Premium,1,No,7.74,No,No,5G,2,330,No,7
MRD-001896,Yes,42.69,9,291.79,Basic,2,No,6.19,No,No,5G,2,534,No,7
MRD-001897,No,61.15,15,391.55,Plus,1,No,3.63,Yes,No,5G,2,371,No,2
MRD-001898,No,114.64,11,1643.59,Premium,4,Yes,0.86,No,No,4G,0,812,Yes,4
MRD-001899,No,33.63,92,2062.67,Basic,2,No,0.91,Yes,Yes,4G,2,657,No,5
MRD-001900,No,36.17,24,1158.93,Basic,2,No,4.73,Yes,No,5G,1,1153,No,1
MRD-001901,Yes,36.62,2,176.68,Basic,2,Yes,1.0,No,Yes,5G,0,1028,No,7
MRD-001902,Yes,32.01,26,2193.65,Basic,2,No,5.01,No,No,4G,0,1239,No,5
MRD-001903,No,30.41,91,5555.09,Basic,2,No,0.5,Yes,No,5G,2,401,No,6
MRD-001904,No,50.81,14,942.01,Plus,1,No,1.81,Yes,No,5G,2,1084,No,2
MRD-001905,Yes,30.43,13,324.46,Basic,2,No,1.51,Yes,No,5G,4,1292,No,9
MRD-001906,No,60.54,29,762.92,Plus,3,No,2.26,Yes,Yes,5G,2,916,Yes,4
MRD-001907,No,92.97,82,7602.68,Premium,3,No,5.48,No,No,5G,4,1192,Yes,9
MRD-001908,No,83.66,87,10045.46,Premium,3,No,1.16,Yes,Yes,5G,1,862,Yes,2
MRD-001909,No,64.03,59,8066.93,Plus,1,No,9.85,No,No,4G,2,163,No,3
MRD-001910,No,60.03,43,1543.83,Plus,4,No,0.6,No,No,5G,0,733,Yes,6
MRD-001911,No,41.19,71,3272.93,Basic,1,No,1.85,No,Yes,5G,4,0,No,5
MRD-001912,Yes,49.48,81,2704.9,Plus,3,No,1.06,Yes,Yes,5G,2,972,Yes,2
MRD-001913,Yes,41.19,6,324.65,Basic,2,Yes,4.1,No,Yes,5G,0,1085,No,1
MRD-001914,No,25.92,95,1805.83,Basic,3,Yes,1.34,Yes,No,5G,0,384,Yes,10
MRD-001915,No,100.46,86,5611.56,Premium,3,No,1.81,Yes,No,5G,0,914,Yes,5
MRD-001916,No,70.77,91,6055.85,Plus,4,No,8.62,No,No,4G,1,619,Yes,8
MRD-001917,No,46.48,15,688.9,Plus,1,No,4.03,Yes,Yes,4G,1,474,No,8
MRD-001918,No,64.44,66,3963.87,Plus,1,No,1.31,Yes,Yes,5G,1,1333,No,1
MRD-001919,No,51.75,51,2090.08,Plus,5,No,3.36,Yes,No,5G,2,938,Yes,7
MRD-001920,No,68.92,65,3723.95,Plus,2,No,0.81,Yes,No,5G,0,916,No,6
MRD-001921,Yes,34.55,14,315.28,Basic,2,No,2.82,No,Yes,5G,1,1386,No,4
MRD-001922,No,33.44,66,2575.02,Basic,5,No,3.22,Yes,Yes,5G,1,1207,Yes,1
MRD-001923,No,88.93,50,3846.18,Premium,4,Yes,1.38,Yes,Yes,5G,1,541,Yes,3
MRD-001924,Yes,34.84,37,855.1,Basic,2,No,5.85,Yes,No,5G,1,686,No,4
MRD-001925,No,59.55,24,1590.82,Plus,3,No,5.81,Yes,No,4G,2,266,Yes,7
MRD-001926,No,33.03,42,1471.79,Basic,4,Yes,7.14,No,No,5G,3,537,Yes,8
MRD-001927,Yes,31.81,8,340.56,Basic,1,No,1.41,Yes,No,5G,2,230,No,4
MRD-001928,No,46.4,87,6266.81,Plus,1,No,2.48,Yes,No,5G,1,681,No,2
MRD-001929,No,118.01,92,7722.79,Premium,2,No,1.3,Yes,Yes,4G,0,1115,No,5
MRD-001930,No,59.01,20,1234.83,Plus,2,Yes,6.91,Yes,Yes,5G,1,108,No,4
MRD-001931,No,59.77,1,300.44,Plus,1,No,0.26,Yes,Yes,5G,3,947,No,9
MRD-001932,Yes,33.52,6,138.09,Basic,1,Yes,3.86,No,No,5G,0,1128,No,5
MRD-001933,No,51.84,86,2490.83,Plus,4,No,1.01,No,Yes,5G,2,227,Yes,1
MRD-001934,No,36.98,53,1557.43,Basic,2,No,4.08,No,No,4G,1,1063,No,8
MRD-001935,No,82.79,36,2953.61,Premium,2,No,3.65,Yes,No,4G,1,570,No,8
MRD-001936,No,113.21,30,3928.26,Premium,3,Yes,3.16,Yes,No,5G,3,1001,Yes,4
MRD-001937,Yes,34.3,9,602.07,Basic,5,Yes,1.42,No,Yes,4G,3,31,Yes,6
MRD-001938,No,58.85,32,1085.47,Plus,2,No,0.59,Yes,No,4G,2,632,No,9
MRD-001939,No,57.45,82,2571.09,Plus,3,Yes,8.27,Yes,No,5G,1,665,Yes,5
MRD-001940,No,38.93,82,1673.04,Basic,2,Yes,0.44,No,Yes,5G,2,77,No,6
MRD-001941,Yes,49.11,12,537.42,Basic,3,No,0.02,Yes,Yes,5G,2,36,Yes,10
MRD-001942,No,33.58,54,1270.22,Basic,3,No,1.63,Yes,No,5G,0,199,Yes,5
MRD-001943,No,95.51,0,257.78,Premium,1,No,0.62,No,Yes,4G,4,754,No,2
MRD-001944,No,33.32,96,5028.92,Basic,1,No,8.42,No,Yes,5G,1,570,No,7
MRD-001945,No,35.58,28,840.76,Basic,2,No,6.43,No,Yes,4G,0,1073,No,3
MRD-001946,No,69.3,39,3607.26,Plus,1,No,0.46,No,Yes,5G,1,609,No,9
MRD-001947,No,73.79,34,2992.61,Plus,1,Yes,2.66,No,Yes,4G,0,627,No,9
MRD-001948,No,60.64,13,2118.69,Plus,2,No,3.66,Yes,No,4G,2,143,No,4
MRD-001949,No,36.46,8,464.95,Basic,2,Yes,6.3,No,No,4G,0,880,No,3
MRD-001950,No,93.18,50,6577.5,Premium,3,No,4.89,No,Yes,5G,0,815,Yes,4
MRD-001951,Yes,33.57,22,696.14,Basic,4,No,3.92,Yes,No,5G,0,884,Yes,3
MRD-001952,No,65.96,9,1028.76,Plus,4,No,4.5,No,No,4G,1,186,Yes,4
MRD-001953,No,40.44,9,438.61,Basic,2,No,1.69,Yes,Yes,5G,2,1155,No,10
MRD-001954,Yes,93.96,72,12412.34,Premium,3,No,0.7,No,Yes,5G,3,910,Yes,1
MRD-001955,No,56.02,38,2072.49,Plus,4,No,11.47,Yes,Yes,5G,2,1225,Yes,6
MRD-001956,No,72.93,26,6541.17,Plus,2,Yes,0.66,No,Yes,5G,1,1054,No,8
MRD-001957,No,45.41,83,4605.76,Plus,1,No,0.55,Yes,No,5G,0,887,No,10
MRD-001958,Yes,48.12,42,3357.19,Basic,3,Yes,6.1,Yes,No,5G,4,833,Yes,8
MRD-001959,No,32.4,75,4247.98,Basic,1,Yes,5.27,Yes,No,5G,2,1106,No,5
MRD-001960,No,52.2,14,643.12,Plus,4,No,12.65,No,Yes,5G,0,137,Yes,9
MRD-001961,No,51.65,25,2094.44,Plus,5,No,0.21,Yes,No,5G,0,1227,Yes,1
MRD-001962,Yes,25.17,31,1610.42,Basic,2,Yes,2.51,No,No,5G,2,501,No,5
MRD-001963,No,77.99,57,3136.63,Premium,1,No,3.8,Yes,No,4G,3,1380,No,1
MRD-001964,Yes,39.47,32,2218.04,Basic,3,No,3.72,No,No,5G,0,1334,Yes,7
MRD-001965,No,96.1,31,6158.09,Premium,2,Yes,6.2,No,No,5G,1,869,No,5
MRD-001966,No,35.17,87,4345.17,Basic,2,Yes,9.0,No,Yes,4G,3,165,No,4
MRD-001967,No,70.4,53,5820.0,Plus,1,No,7.53,Yes,No,5G,2,1424,No,4
MRD-001968,No,42.25,86,3883.82,Basic,4,No,1.38,Yes,Yes,5G,2,1005,Yes,2
MRD-001969,Yes,45.6,39,1605.6,Basic,1,No,1.33,No,No,5G,1,975,No,4
MRD-001970,No,85.52,41,3112.0,Premium,1,No,2.48,Yes,No,5G,1,774,No,3
MRD-001971,No,67.07,60,5604.19,Plus,5,No,2.17,Yes,Yes,4G,4,989,Yes,8
MRD-001972,No,36.25,93,5705.06,Basic,1,No,1.69,Yes,No,4G,2,95,No,10
MRD-001973,No,37.1,16,815.03,Basic,2,No,1.11,No,Yes,5G,0,650,No,5
MRD-001974,No,60.02,94,3118.23,Plus,4,No,2.92,Yes,No,5G,2,1048,Yes,2
MRD-001975,No,67.9,48,7487.69,Plus,1,Yes,0.3,No,No,5G,0,92,No,7
MRD-001976,Yes,62.72,37,2867.67,Plus,1,No,1.55,Yes,Yes,4G,1,628,No,2
MRD-001977,No,33.0,1,0.0,Basic,2,Yes,3.23,Yes,No,5G,0,830,No,9
MRD-001978,No,101.46,82,18945.03,Premium,1,Yes,1.47,No,No,4G,2,343,No,1
MRD-001979,No,33.51,46,1156.5,Basic,2,No,7.48,Yes,No,4G,1,1281,No,1
MRD-001980,No,99.23,30,3876.82,Premium,3,No,3.14,No,No,4G,0,1262,Yes,9
MRD-001981,No,55.89,13,1002.82,Plus,1,Yes,0.81,Yes,Yes,4G,2,493,No,5
MRD-001982,No,24.22,35,650.15,Basic,1,No,0.39,Yes,Yes,5G,1,1460,No,9
MRD-001983,No,113.54,4,658.16,Premium,4,No,1.88,Yes,Yes,5G,1,1305,Yes,7
MRD-001984,Yes,46.47,21,591.81,Basic,1,No,0.85,Yes,No,5G,2,1251,No,2
MRD-001985,Yes,62.06,63,2704.07,Plus,5,No,8.35,Yes,Yes,4G,3,900,Yes,1
MRD-001986,Yes,91.53,53,7509.51,Premium,2,No,4.47,Yes,Yes,5G,0,1375,No,9
MRD-001987,No,94.07,68,4202.9,Premium,2,No,3.25,Yes,No,5G,2,587,No,4
MRD-001988,Yes,59.78,36,2707.37,Plus,4,Yes,2.75,Yes,Yes,4G,3,1310,Yes,3
MRD-001989,No,37.38,72,6577.37,Basic,2,No,3.93,No,Yes,4G,3,1142,No,5
MRD-001990,No,97.77,40,2212.93,Premium,4,No,1.19,No,No,5G,1,1064,Yes,2
MRD-001991,No,65.66,17,1180.87,Plus,2,Yes,0.94,Yes,Yes,4G,2,741,No,5
MRD-001992,No,104.48,51,4498.94,Premium,5,No,1.33,No,No,4G,1,117,Yes,9
MRD-001993,Yes,34.48,54,2295.87,Basic,2,No,0.23,Yes,No,5G,4,482,No,4
MRD-001994,No,60.18,55,3894.28,Plus,1,Yes,7.17,Yes,Yes,5G,0,320,No,5
MRD-001995,Yes,31.04,63,2541.96,Basic,1,No,1.67,Yes,Yes,4G,0,763,No,7
MRD-001996,Yes,39.26,92,3308.86,Basic,2,No,0.72,No,No,5G,5,968,No,5
MRD-001997,No,95.1,90,6523.17,Premium,2,No,0.11,Yes,Yes,4G,2,416,No,8
MRD-001998,No,74.42,44,5232.56,Premium,1,No,0.91,Yes,Yes,5G,1,231,No,7
MRD-001999,No,66.94,31,1910.73,Plus,4,No,2.38,Yes,No,5G,0,558,Yes,10
MRD-002000,No,58.69,59,7099.3,Plus,1,Yes,8.08,No,Yes,4G,1,105,No,4
MRD-002001,No,49.83,46,2004.59,Plus,4,No,5.17,No,Yes,5G,0,1379,Yes,8
MRD-002002,No,56.65,68,4125.21,Plus,2,No,2.57,Yes,Yes,5G,2,959,No,9
MRD-002003,No,49.25,59,2761.11,Plus,2,Yes,7.95,Yes,No,4G,5,356,No,5
MRD-002004,Yes,38.98,1,0.0,Basic,2,No,3.6,No,No,5G,2,775,No,5
MRD-002005,No,44.92,39,1670.56,Basic,2,No,0.97,Yes,Yes,5G,2,704,No,2
MRD-002006,No,46.78,84,5380.94,Basic,4,No,9.82,No,Yes,5G,1,777,Yes,8
MRD-002007,No,103.44,42,4630.85,Premium,1,No,5.15,Yes,No,4G,0,214,No,10
MRD-002008,No,57.57,49,1866.47,Plus,3,No,0.97,Yes,Yes,5G,1,1193,Yes,4
MRD-002009,No,61.9,5,429.21,Plus,2,No,0.84,Yes,Yes,5G,2,1393,No,1
MRD-002010,No,55.27,64,3746.2,Plus,2,No,0.9,Yes,Yes,4G,3,424,No,4
MRD-002011,No,34.97,82,3413.76,Basic,1,No,1.9,Yes,Yes,5G,0,505,No,6
MRD-002012,No,57.59,28,2868.18,Plus,1,No,8.72,Yes,No,5G,6,792,No,2
MRD-002013,No,49.63,9,622.35,Plus,1,No,1.74,Yes,No,4G,6,966,No,8
MRD-002014,No,69.59,4,163.24,Plus,4,Yes,0.51,Yes,No,5G,1,1370,Yes,4
MRD-002015,No,88.31,41,4062.15,Premium,4,No,2.73,No,Yes,5G,1,1455,Yes,3
MRD-002016,No,51.06,13,668.41,Plus,5,Yes,0.74,Yes,Yes,5G,2,18,Yes,9
MRD-002017,No,59.67,91,6367.25,Plus,1,No,1.48,Yes,No,5G,1,539,No,6
MRD-002018,No,55.0,91,3737.11,Plus,2,No,6.74,Yes,No,5G,3,8,No,7
MRD-002019,Yes,35.58,5,103.94,Basic,1,No,0.3,No,No,4G,1,727,No,8
MRD-002020,No,32.73,55,1378.08,Basic,5,No,4.33,No,Yes,5G,1,30,Yes,4
MRD-002021,No,48.61,3,439.16,Plus,3,No,3.04,Yes,Yes,4G,1,389,Yes,8
MRD-002022,No,42.9,14,837.0,Plus,1,No,2.17,No,No,5G,1,540,No,5
MRD-002023,No,96.92,38,5302.75,Premium,2,No,7.07,Yes,No,4G,1,1178,No,9
MRD-002024,No,53.63,13,145.5,Plus,2,No,8.47,No,No,5G,2,979,No,10
MRD-002025,Yes,37.61,81,4874.17,Basic,2,No,3.23,Yes,Yes,4G,1,574,No,2
MRD-002026,No,82.47,35,2647.56,Premium,2,No,3.81,Yes,Yes,4G,0,345,No,3
MRD-002027,No,49.92,16,347.18,Plus,1,No,7.81,No,Yes,5G,0,156,No,4
MRD-002028,Yes,31.09,17,480.8,Basic,2,No,3.28,No,No,5G,2,1198,No,7
MRD-002029,Yes,43.88,45,1145.41,Basic,2,No,10.08,Yes,No,5G,2,1264,No,8
MRD-002030,No,90.16,67,7603.04,Premium,1,No,15.76,Yes,No,5G,2,873,No,4
MRD-002031,Yes,27.62,72,2208.21,Basic,1,No,1.45,Yes,Yes,4G,1,973,No,4
MRD-002032,No,53.4,93,5613.47,Plus,2,No,6.03,Yes,No,4G,1,66,No,8
MRD-002033,Yes,39.4,32,1902.38,Basic,3,No,1.86,Yes,Yes,5G,2,720,Yes,2
MRD-002034,No,56.81,75,5460.41,Plus,3,No,3.92,No,No,5G,0,698,Yes,3
MRD-002035,No,34.4,33,1035.45,Basic,3,No,6.87,No,No,5G,1,194,Yes,4
MRD-002036,Yes,54.19,73,5321.82,Plus,1,No,2.54,No,No,5G,1,441,No,6
MRD-002037,No,59.21,10,1089.53,Plus,2,No,0.35,No,No,5G,1,1374,No,2
MRD-002038,Yes,35.12,66,2602.23,Basic,2,No,0.71,Yes,No,4G,1,1190,No,7
MRD-002039,No,57.44,75,2960.88,Plus,3,No,7.54,No,Yes,4G,3,15,Yes,1
MRD-002040,No,56.86,33,1065.31,Plus,4,No,1.46,No,Yes,4G,1,290,Yes,2
MRD-002041,No,66.19,18,1108.0,Plus,3,No,4.57,Yes,Yes,4G,1,808,Yes,7
MRD-002042,No,90.86,20,4388.58,Premium,1,No,2.41,Yes,No,5G,2,1015,No,4
MRD-002043,No,37.33,39,1401.78,Basic,3,No,1.87,Yes,No,5G,1,8,Yes,5
MRD-002044,No,58.8,49,2594.69,Plus,2,No,2.13,Yes,No,5G,1,942,No,7
MRD-002045,No,68.56,4,339.55,Plus,3,No,0.9,Yes,Yes,4G,0,1486,Yes,9
MRD-002046,No,28.64,12,579.06,Basic,2,No,2.0,Yes,Yes,4G,1,153,No,9
MRD-002047,No,33.77,62,3186.61,Basic,1,No,1.89,Yes,No,4G,2,27,No,8
MRD-002048,No,57.58,20,1499.55,Plus,1,No,11.63,Yes,Yes,4G,0,1401,No,7
MRD-002049,Yes,34.35,88,2977.7,Basic,3,No,0.6,Yes,Yes,4G,0,867,Yes,9
MRD-002050,No,57.52,17,1827.95,Plus,4,No,1.98,Yes,No,5G,2,1354,Yes,4
MRD-002051,No,27.98,24,567.23,Basic,3,No,2.11,Yes,No,5G,1,243,Yes,8
MRD-002052,No,52.85,17,1212.41,Plus,1,No,2.78,No,Yes,4G,1,1245,No,9
MRD-002053,No,65.27,77,6812.15,Plus,3,Yes,0.71,Yes,Yes,5G,0,1013,Yes,5
MRD-002054,No,76.88,72,6161.36,Premium,4,No,1.51,Yes,Yes,5G,2,1245,Yes,5
MRD-002055,Yes,60.25,14,591.64,Plus,3,No,0.61,No,Yes,4G,2,945,Yes,9
MRD-002056,Yes,25.16,92,1648.6,Basic,1,No,0.28,Yes,No,4G,2,1111,No,7
MRD-002057,No,115.53,67,15259.47,Premium,3,No,5.06,Yes,Yes,4G,1,924,Yes,2
MRD-002058,No,53.56,6,310.99,Plus,1,No,1.21,Yes,No,5G,0,357,No,9
MRD-002059,No,62.94,49,3076.67,Plus,1,No,4.92,No,Yes,5G,2,1177,No,5
MRD-002060,No,35.19,56,1080.09,Basic,1,No,3.75,Yes,Yes,4G,1,1480,No,5
MRD-002061,No,78.43,43,3691.76,Premium,2,Yes,7.75,Yes,Yes,5G,2,845,No,2
MRD-002062,No,110.7,93,13151.16,Premium,1,Yes,4.36,Yes,Yes,5G,2,89,No,3
MRD-002063,No,61.73,96,6649.96,Plus,1,No,1.03,Yes,Yes,5G,1,365,No,7
MRD-002064,No,105.13,52,5641.73,Premium,3,No,10.42,Yes,No,5G,3,295,Yes,3
MRD-002065,No,72.5,84,3565.82,Plus,5,No,2.61,Yes,No,4G,6,1349,Yes,7
MRD-002066,No,58.19,32,1658.79,Plus,5,Yes,2.5,No,Yes,5G,1,1080,Yes,9
MRD-002067,Yes,35.08,58,1206.53,Basic,1,No,3.81,Yes,No,5G,1,965,No,3
MRD-002068,No,32.01,60,2328.79,Basic,5,Yes,0.04,Yes,Yes,5G,2,795,Yes,9
MRD-002069,No,37.27,8,1197.05,Basic,3,No,6.89,No,Yes,5G,1,748,Yes,8
MRD-002070,Yes,39.49,96,2781.48,Basic,3,No,2.34,No,No,5G,2,440,Yes,9
MRD-002071,No,33.65,8,0.0,Basic,3,No,3.99,Yes,Yes,4G,2,184,Yes,8
MRD-002072,Yes,61.87,54,2878.8,Plus,3,Yes,5.1,Yes,No,5G,1,743,Yes,1
MRD-002073,Yes,33.01,36,3474.9,Basic,2,Yes,2.64,Yes,No,5G,2,859,No,8
MRD-002074,No,85.46,22,4901.91,Premium,4,No,8.12,No,Yes,5G,4,314,Yes,1
MRD-002075,Yes,95.16,29,6288.67,Premium,2,No,5.12,No,No,4G,2,968,No,1
MRD-002076,No,65.03,70,7135.95,Plus,5,Yes,6.07,Yes,No,5G,2,1117,Yes,6
MRD-002077,No,40.21,18,500.86,Basic,2,No,3.04,No,Yes,5G,0,831,No,2
MRD-002078,No,60.87,42,1277.26,Plus,3,No,6.37,No,Yes,5G,2,471,Yes,4
MRD-002079,Yes,45.43,34,1856.8,Plus,2,No,0.1,Yes,Yes,4G,2,1424,No,3
MRD-002080,No,65.58,69,4246.24,Plus,1,No,0.65,Yes,No,5G,1,8,No,1
MRD-002081,No,61.82,9,587.74,Plus,1,No,3.97,No,Yes,5G,3,569,No,2
MRD-002082,Yes,53.96,10,404.42,Plus,1,No,0.3,Yes,No,5G,3,165,No,1
MRD-002083,No,86.54,1,56.18,Premium,2,Yes,9.66,Yes,Yes,5G,0,215,No,10
MRD-002084,No,63.1,13,793.38,Plus,2,No,4.74,No,No,5G,1,608,No,3
MRD-002085,No,28.84,34,1421.33,Basic,1,No,1.89,Yes,Yes,5G,1,452,No,6
MRD-002086,Yes,33.21,19,616.43,Basic,3,No,6.62,No,No,5G,2,1143,Yes,8
MRD-002087,No,82.97,32,1434.53,Premium,3,No,1.59,No,No,5G,4,166,Yes,3
MRD-002088,No,48.91,81,3370.48,Plus,1,No,1.63,No,No,5G,1,749,No,2
MRD-002089,No,80.47,81,6189.68,Premium,1,No,8.36,Yes,No,5G,2,1038,No,2
MRD-002090,No,63.44,75,7753.9,Plus,1,No,2.27,Yes,No,4G,2,333,No,1
MRD-002091,No,61.62,93,5501.54,Plus,4,No,0.32,No,Yes,4G,3,62,Yes,2
MRD-002092,No,63.51,49,2850.69,Plus,3,No,0.18,Yes,No,4G,6,248,Yes,5
MRD-002093,No,38.14,5,307.19,Basic,4,No,3.79,Yes,No,4G,1,1215,Yes,4
MRD-002094,Yes,28.95,1,332.56,Basic,5,No,2.49,Yes,No,5G,1,827,Yes,6
MRD-002095,No,49.91,80,5224.62,Plus,1,No,2.51,No,No,4G,3,251,No,1
MRD-002096,Yes,37.23,5,247.02,Basic,1,No,3.05,No,No,5G,1,522,No,5
MRD-002097,Yes,26.07,14,715.06,Basic,4,No,12.7,No,No,5G,1,623,Yes,1
MRD-002098,No,53.81,23,1424.9,Plus,1,No,6.3,No,No,5G,1,1404,No,8
MRD-002099,No,84.87,52,8812.3,Premium,4,Yes,12.15,No,Yes,5G,4,334,Yes,2
MRD-002100,No,31.42,27,1066.08,Basic,4,Yes,3.34,Yes,No,5G,1,864,Yes,3
MRD-002101,No,48.27,63,3677.66,Plus,1,No,4.29,Yes,No,5G,0,1309,No,8
MRD-002102,No,36.44,24,1196.4,Basic,3,No,0.83,Yes,No,5G,2,880,Yes,3
MRD-002103,Yes,38.17,16,894.61,Basic,3,No,3.96,Yes,No,4G,0,759,Yes,2
MRD-002104,No,48.42,62,4358.47,Plus,3,Yes,4.85,No,No,5G,0,1256,Yes,9
MRD-002105,No,38.69,73,905.89,Basic,5,No,1.74,No,No,5G,1,193,Yes,1
MRD-002106,No,69.44,89,5838.55,Plus,5,Yes,4.24,No,No,4G,1,131,Yes,10
MRD-002107,No,62.64,44,2763.56,Plus,3,No,3.25,Yes,No,5G,0,304,Yes,1
MRD-002108,No,100.14,8,916.17,Premium,1,No,2.21,Yes,No,5G,2,424,No,7
MRD-002109,No,59.86,73,9281.15,Plus,1,Yes,2.66,Yes,No,5G,2,833,No,6
MRD-002110,Yes,36.21,82,5192.8,Basic,1,No,4.72,Yes,No,4G,3,1064,No,2
MRD-002111,No,37.95,36,1714.82,Basic,1,No,4.64,No,Yes,4G,3,882,No,10
MRD-002112,No,51.18,44,2604.5,Plus,2,No,1.08,Yes,No,5G,2,192,No,4
MRD-002113,Yes,51.59,73,5643.85,Plus,1,Yes,2.96,Yes,No,5G,2,440,No,4
MRD-002114,No,70.96,21,1118.01,Plus,5,No,1.79,Yes,No,5G,0,439,Yes,1
MRD-002115,Yes,34.88,0,36.96,Basic,1,No,3.71,Yes,No,5G,2,731,No,3
MRD-002116,No,25.06,68,1044.83,Basic,2,Yes,4.95,Yes,No,5G,0,507,No,8
MRD-002117,No,26.09,54,1303.4,Basic,4,No,4.02,Yes,Yes,5G,1,535,Yes,3
MRD-002118,No,86.93,17,1542.58,Premium,2,No,1.21,No,No,5G,0,765,No,1
MRD-002119,No,54.69,91,13924.25,Plus,2,Yes,0.26,Yes,No,5G,0,672,No,5
MRD-002120,No,62.35,56,5579.77,Plus,1,No,0.58,Yes,No,4G,2,1321,No,8
MRD-002121,No,37.94,40,1106.03,Basic,3,No,5.35,No,No,4G,0,839,Yes,1
MRD-002122,No,40.41,41,2060.58,Basic,5,No,4.34,Yes,No,4G,1,904,Yes,8
MRD-002123,No,25.96,40,953.18,Basic,5,Yes,1.18,Yes,Yes,4G,3,368,Yes,6
MRD-002124,Yes,63.77,41,3485.78,Plus,1,No,3.38,Yes,No,5G,3,1047,No,1
MRD-002125,No,58.3,15,794.34,Plus,4,No,2.43,Yes,Yes,4G,1,293,Yes,8
MRD-002126,No,35.41,10,827.36,Basic,1,No,3.34,Yes,No,5G,2,678,No,10
MRD-002127,No,50.88,57,9663.39,Plus,3,No,0.88,Yes,Yes,5G,1,1477,Yes,9
MRD-002128,No,61.99,81,3911.51,Plus,1,Yes,1.24,No,Yes,5G,1,481,No,3
MRD-002129,No,94.84,34,1812.71,Premium,1,Yes,1.55,No,No,4G,1,172,No,7
MRD-002130,No,24.97,27,1013.15,Basic,2,Yes,10.25,Yes,Yes,5G,2,1388,No,5
MRD-002131,No,58.5,95,6991.93,Plus,3,No,0.67,Yes,Yes,4G,5,510,Yes,1
MRD-002132,No,34.27,88,2260.37,Basic,2,No,8.22,No,No,5G,0,1284,No,4
MRD-002133,Yes,31.93,11,419.68,Basic,3,No,2.66,Yes,No,4G,1,769,Yes,7
MRD-002134,No,38.27,8,60.34,Basic,5,No,0.58,Yes,No,4G,4,924,Yes,10
MRD-002135,No,63.27,91,7139.62,Plus,1,No,6.08,No,Yes,5G,2,401,No,5
MRD-002136,No,42.99,29,1044.43,Basic,1,No,3.21,Yes,No,4G,1,124,No,9
MRD-002137,No,106.89,45,11029.97,Premium,3,Yes,2.46,No,No,4G,0,89,Yes,1
MRD-002138,No,52.0,59,5169.34,Plus,2,No,1.93,Yes,No,4G,0,87,No,10
MRD-002139,No,40.14,87,1812.05,Basic,2,Yes,3.27,Yes,No,4G,1,738,No,5
MRD-002140,No,61.91,19,1155.7,Plus,1,No,1.94,No,Yes,4G,0,1111,No,3
MRD-002141,No,91.12,2,107.46,Premium,3,No,2.92,No,No,5G,2,93,Yes,3
MRD-002142,No,64.98,34,1860.41,Plus,4,Yes,3.17,Yes,No,4G,1,886,Yes,7
MRD-002143,No,118.2,74,4263.26,Premium,4,No,2.21,Yes,Yes,4G,3,756,Yes,10
MRD-002144,No,94.44,40,3221.54,Premium,3,No,1.33,No,Yes,5G,1,885,Yes,9
MRD-002145,No,37.26,63,2743.96,Basic,2,No,5.95,No,Yes,4G,2,850,No,8
MRD-002146,Yes,32.05,96,4584.33,Basic,3,No,1.68,No,No,4G,1,878,Yes,6
MRD-002147,Yes,28.8,86,2128.77,Basic,1,No,1.0,Yes,Yes,5G,3,286,No,4
MRD-002148,No,57.09,26,1290.41,Plus,3,Yes,0.66,Yes,Yes,4G,1,665,Yes,4
MRD-002149,Yes,26.59,44,1311.1,Basic,1,No,0.33,Yes,Yes,5G,1,174,No,2
MRD-002150,No,37.37,75,8591.41,Basic,5,No,5.29,No,No,5G,2,1270,Yes,6
MRD-002151,No,61.24,90,3602.96,Plus,1,No,3.09,Yes,No,5G,2,213,No,9
MRD-002152,No,55.02,45,3591.3,Plus,1,No,3.38,No,No,5G,0,836,No,7
MRD-002153,Yes,37.92,89,2484.04,Basic,1,No,1.58,Yes,No,4G,1,541,No,4
MRD-002154,No,24.47,78,1682.64,Basic,3,Yes,1.07,Yes,No,4G,1,147,Yes,9
MRD-002155,No,61.53,2,102.84,Plus,4,No,0.95,Yes,No,4G,3,675,Yes,8
MRD-002156,No,71.1,16,1287.71,Plus,1,No,2.41,Yes,No,5G,3,853,No,8
MRD-002157,No,81.52,45,10601.3,Premium,5,No,0.84,No,No,5G,2,1068,Yes,7
MRD-002158,No,27.71,33,2492.32,Basic,1,No,0.95,No,No,5G,1,1486,No,5
MRD-002159,Yes,73.24,18,668.72,Plus,1,No,3.79,Yes,No,5G,2,890,No,6
MRD-002160,No,33.54,37,819.6,Basic,2,No,1.92,Yes,No,4G,2,102,No,4
MRD-002161,No,107.03,68,10409.39,Premium,1,Yes,1.01,Yes,No,5G,0,658,No,7
MRD-002162,No,104.18,58,6845.84,Premium,5,Yes,3.53,No,Yes,5G,1,824,Yes,10
MRD-002163,No,29.39,83,3005.85,Basic,4,No,5.65,Yes,Yes,4G,0,1397,Yes,1
MRD-002164,Yes,41.42,79,2362.45,Basic,5,No,1.31,Yes,No,5G,2,1105,Yes,3
MRD-002165,No,119.79,63,6916.95,Premium,1,No,0.82,Yes,Yes,5G,1,1255,No,9
MRD-002166,No,97.02,4,511.89,Premium,3,No,1.1,Yes,No,5G,0,1429,Yes,4
MRD-002167,No,51.35,78,4339.79,Plus,1,No,2.28,No,Yes,5G,3,417,No,10
MRD-002168,Yes,31.4,13,464.43,Basic,1,No,4.47,No,No,4G,1,1432,No,2
MRD-002169,No,33.11,75,2183.97,Basic,5,No,2.6,Yes,No,5G,1,1153,Yes,8
MRD-002170,No,36.42,92,2183.85,Basic,1,No,7.7,Yes,Yes,5G,2,1460,No,9
MRD-002171,No,56.18,65,6355.89,Plus,3,No,1.61,Yes,Yes,4G,1,172,Yes,6
MRD-002172,No,92.26,47,1844.0,Premium,2,No,17.05,No,No,4G,0,1127,No,4
MRD-002173,Yes,35.57,78,2879.37,Basic,1,No,2.27,No,Yes,5G,1,144,No,4
MRD-002174,Yes,35.78,50,3634.87,Basic,4,No,1.39,Yes,Yes,5G,0,1037,Yes,1
MRD-002175,No,85.92,26,3463.17,Premium,1,No,1.9,Yes,Yes,5G,0,277,No,4
MRD-002176,No,56.99,36,2410.12,Plus,1,No,10.11,No,No,5G,1,1464,No,10
MRD-002177,No,69.41,67,4309.91,Plus,2,No,3.53,Yes,No,5G,0,1198,No,5
MRD-002178,No,84.45,72,14408.26,Premium,3,No,1.11,Yes,Yes,4G,2,578,Yes,6
MRD-002179,No,58.01,28,1662.95,Plus,2,No,2.07,Yes,Yes,4G,2,814,No,7
MRD-002180,No,96.92,48,4917.41,Premium,1,No,2.43,Yes,No,5G,1,227,No,5
MRD-002181,Yes,42.46,53,3054.77,Basic,1,No,0.93,No,Yes,4G,1,172,No,5
MRD-002182,No,76.73,91,10311.75,Premium,4,No,4.17,No,No,5G,0,140,Yes,4
MRD-002183,No,96.64,41,2662.04,Premium,1,Yes,15.29,Yes,No,5G,2,974,No,4
MRD-002184,No,63.75,28,1503.75,Plus,5,No,1.76,No,No,4G,2,742,Yes,2
MRD-002185,No,68.27,50,8597.27,Plus,4,No,7.01,No,No,4G,0,1157,Yes,10
MRD-002186,Yes,31.98,75,2513.01,Basic,1,No,5.52,No,No,5G,2,1083,No,8
MRD-002187,No,29.78,56,2519.28,Basic,2,No,2.98,Yes,Yes,5G,1,1287,No,5
MRD-002188,No,62.89,6,14.81,Plus,1,No,0.45,No,No,5G,1,747,No,7
MRD-002189,No,35.07,40,1040.56,Basic,5,No,0.2,Yes,No,5G,1,1205,Yes,7
MRD-002190,No,51.37,15,1122.9,Plus,3,No,0.38,Yes,Yes,5G,2,326,Yes,1
MRD-002191,No,92.15,75,7114.84,Premium,1,No,3.61,No,No,4G,2,314,No,9
MRD-002192,No,83.71,70,11709.36,Premium,1,No,4.07,Yes,Yes,4G,4,456,No,1
MRD-002193,No,34.92,65,4409.87,Basic,1,No,1.26,Yes,No,5G,1,1187,No,1
MRD-002194,No,97.71,82,12990.34,Premium,4,No,1.27,Yes,Yes,5G,1,1323,Yes,10
MRD-002195,No,34.96,93,1617.35,Basic,2,No,3.19,No,No,4G,0,36,No,1
MRD-002196,Yes,42.26,59,3391.04,Basic,1,No,2.07,Yes,Yes,4G,0,624,No,4
MRD-002197,No,37.0,58,2097.02,Basic,1,No,1.61,No,No,5G,0,435,No,5
MRD-002198,Yes,39.65,39,887.51,Basic,1,No,3.39,No,No,5G,3,858,No,5
MRD-002199,No,121.52,9,893.67,Premium,1,Yes,2.02,Yes,Yes,5G,3,1023,No,6
MRD-002200,No,56.85,12,439.85,Plus,1,No,0.51,Yes,Yes,4G,2,497,No,9
MRD-002201,No,58.32,52,2796.54,Plus,5,No,6.96,Yes,Yes,5G,2,1422,Yes,4
MRD-002202,No,108.3,78,8485.11,Premium,2,No,4.76,Yes,No,5G,0,297,No,2
MRD-002203,No,103.07,15,1782.42,Premium,4,No,2.45,Yes,No,5G,0,399,Yes,1
MRD-002204,Yes,40.44,86,3243.99,Basic,3,No,3.24,Yes,Yes,5G,2,1099,Yes,9
MRD-002205,No,44.3,32,1740.95,Basic,1,No,3.52,No,Yes,5G,2,679,No,7
MRD-002206,No,102.45,82,3801.11,Premium,2,No,1.36,Yes,Yes,4G,1,1226,No,6
MRD-002207,No,72.79,77,6187.7,Plus,4,No,1.4,No,Yes,5G,2,1416,Yes,9
MRD-002208,No,62.27,48,1851.16,Plus,1,No,4.03,Yes,Yes,5G,0,685,No,4
MRD-002209,No,64.67,79,4227.12,Plus,2,No,5.1,No,No,5G,2,808,No,4
MRD-002210,Yes,27.25,22,1373.61,Basic,1,No,1.86,Yes,Yes,5G,4,17,No,5
MRD-002211,Yes,29.48,5,0.0,Basic,2,No,0.52,No,No,5G,1,456,No,10
MRD-002212,No,68.01,5,715.44,Plus,2,No,1.44,Yes,Yes,4G,1,539,No,8
MRD-002213,No,53.41,81,2660.51,Plus,3,No,1.82,Yes,No,5G,0,1307,Yes,2
MRD-002214,No,51.17,8,700.19,Plus,2,No,11.22,Yes,Yes,4G,0,346,No,1
MRD-002215,No,26.56,75,1636.36,Basic,3,No,12.27,Yes,No,5G,3,520,Yes,4
MRD-002216,No,89.08,14,1446.57,Premium,2,No,1.56,Yes,Yes,4G,0,281,No,9
MRD-002217,Yes,41.05,29,1324.93,Basic,3,No,4.46,Yes,No,4G,5,575,Yes,9
MRD-002218,No,24.34,81,2159.08,Basic,1,Yes,0.76,Yes,No,4G,1,1372,No,10
MRD-002219,Yes,62.55,64,4884.28,Plus,3,Yes,0.47,Yes,Yes,5G,1,583,Yes,4
MRD-002220,No,102.45,4,451.89,Premium,1,No,10.31,No,No,5G,3,1027,No,3
MRD-002221,No,30.85,10,602.47,Basic,2,No,2.51,Yes,No,5G,4,731,No,9
MRD-002222,No,36.29,3,185.48,Basic,4,No,0.19,Yes,No,5G,1,906,Yes,1
MRD-002223,No,71.33,57,4331.54,Plus,3,Yes,5.18,No,No,5G,1,443,Yes,8
MRD-002224,No,25.55,22,1035.41,Basic,1,No,4.84,Yes,Yes,5G,0,1083,No,4
MRD-002225,No,93.91,52,8306.79,Premium,4,No,1.92,No,Yes,4G,3,137,Yes,9
MRD-002226,No,47.08,56,3121.29,Basic,1,No,6.33,Yes,No,5G,2,407,No,10
MRD-002227,No,31.08,17,1061.63,Basic,1,No,4.38,No,Yes,4G,1,629,No,1
MRD-002228,No,101.26,14,2164.54,Premium,1,No,4.6,No,Yes,5G,0,506,No,2
MRD-002229,Yes,37.9,2,269.8,Basic,1,Yes,2.75,No,Yes,4G,2,151,No,9
MRD-002230,No,27.68,95,2542.57,Basic,2,No,0.97,No,Yes,4G,1,757,No,5
MRD-002231,No,67.62,22,1567.85,Plus,5,No,5.09,No,Yes,5G,1,1005,Yes,6
MRD-002232,No,62.7,29,835.09,Plus,1,No,1.5,Yes,Yes,5G,1,1068,No,7
MRD-002233,Yes,55.94,94,2070.0,Plus,1,Yes,12.33,Yes,No,5G,1,1097,No,9
MRD-002234,No,43.97,81,2948.67,Basic,4,No,4.17,No,Yes,5G,2,1320,Yes,7
MRD-002235,No,30.53,62,2541.82,Basic,2,No,10.92,No,Yes,4G,2,995,No,9
MRD-002236,No,63.19,27,1810.5,Plus,2,No,7.48,Yes,Yes,5G,5,1199,No,10
MRD-002237,No,51.16,4,42.0,Plus,2,No,3.62,Yes,No,4G,1,1109,No,4
MRD-002238,Yes,40.52,29,2186.64,Basic,2,No,4.13,No,No,5G,1,1367,No,10
MRD-002239,No,73.4,75,5473.61,Plus,1,No,0.23,Yes,Yes,5G,2,1112,No,4
MRD-002240,No,39.37,93,4554.3,Basic,1,No,10.33,Yes,No,5G,2,6,No,2
MRD-002241,No,98.05,59,6683.39,Premium,2,No,2.1,Yes,Yes,5G,4,1308,No,6
MRD-002242,No,48.38,14,491.06,Basic,5,No,3.76,Yes,No,5G,1,34,Yes,4
MRD-002243,No,57.89,84,3918.22,Plus,1,No,1.8,No,No,5G,0,989,No,1
MRD-002244,No,33.64,31,1277.26,Basic,2,No,3.97,No,No,4G,2,280,No,8
MRD-002245,No,21.12,17,589.37,Basic,2,No,8.07,Yes,Yes,5G,2,462,No,2
MRD-002246,No,81.58,53,2878.33,Premium,2,No,0.45,Yes,Yes,5G,1,1037,No,1
MRD-002247,Yes,36.0,52,1865.35,Basic,2,No,2.24,No,No,5G,3,612,No,2
MRD-002248,Yes,35.95,45,1171.73,Basic,4,No,1.68,Yes,Yes,5G,0,811,Yes,3
MRD-002249,Yes,33.52,77,2406.19,Basic,1,No,1.63,No,Yes,4G,1,1416,No,2
MRD-002250,No,89.0,56,4606.43,Premium,4,No,10.76,Yes,No,5G,2,1494,Yes,6
MRD-002251,No,67.76,4,552.97,Plus,3,No,4.34,Yes,Yes,5G,1,212,Yes,3
MRD-002252,No,30.71,8,239.21,Basic,2,Yes,3.66,Yes,No,5G,2,803,No,6
MRD-002253,Yes,61.35,81,9207.61,Plus,1,Yes,1.49,Yes,No,5G,1,634,No,2
MRD-002254,No,65.72,68,14975.32,Plus,2,Yes,4.49,Yes,No,4G,1,709,No,7
MRD-002255,No,78.97,46,10216.8,Premium,2,No,2.36,No,Yes,4G,1,609,No,1
MRD-002256,Yes,40.88,85,4111.72,Basic,4,No,0.14,No,No,5G,1,837,Yes,8
MRD-002257,No,56.32,39,2154.58,Plus,5,Yes,0.97,Yes,No,5G,1,1495,Yes,10
MRD-002258,No,86.11,36,2404.8,Premium,1,No,1.28,No,No,4G,0,368,No,2
MRD-002259,Yes,39.49,18,875.33,Basic,2,Yes,6.35,No,No,4G,0,40,No,2
MRD-002260,No,33.84,23,1279.07,Basic,1,Yes,1.29,No,Yes,4G,2,396,No,7
MRD-002261,Yes,34.0,17,340.23,Basic,3,No,0.7,No,No,5G,1,189,Yes,7
MRD-002262,No,36.79,72,4253.84,Basic,3,No,1.83,No,No,5G,1,1468,Yes,9
MRD-002263,No,93.95,74,6040.43,Premium,2,No,0.47,Yes,Yes,5G,1,774,No,2
MRD-002264,Yes,35.43,40,759.27,Basic,1,No,0.78,No,Yes,4G,4,163,No,10
MRD-002265,No,36.99,24,704.43,Basic,1,No,3.4,No,Yes,5G,1,999,No,5
MRD-002266,No,65.41,15,1266.98,Plus,2,No,0.92,No,No,5G,1,1019,No,6
MRD-002267,No,50.96,67,2961.64,Plus,3,No,0.93,No,Yes,5G,3,444,Yes,1
MRD-002268,No,32.09,14,125.17,Basic,1,Yes,0.33,No,No,5G,1,1016,No,7
MRD-002269,No,101.52,41,2855.02,Premium,3,No,5.26,Yes,Yes,4G,1,1454,Yes,7
MRD-002270,No,33.91,59,2467.83,Basic,2,Yes,1.51,No,No,5G,2,592,No,5
MRD-002271,No,88.46,26,2464.86,Premium,1,No,0.53,No,No,5G,1,384,No,7
MRD-002272,No,54.79,43,2515.03,Plus,2,No,4.07,Yes,No,5G,2,594,No,6
MRD-002273,No,33.11,93,6060.09,Basic,3,No,10.58,Yes,No,5G,1,420,Yes,1
MRD-002274,Yes,28.38,13,381.34,Basic,1,No,4.98,No,Yes,5G,0,307,No,3
MRD-002275,No,33.33,96,2284.39,Basic,4,No,2.02,Yes,No,4G,1,1143,Yes,7
MRD-002276,No,49.29,30,1976.38,Plus,4,No,0.86,Yes,No,5G,2,1490,Yes,5
MRD-002277,No,49.06,7,681.11,Plus,1,No,3.36,Yes,No,4G,1,581,No,9
MRD-002278,Yes,29.7,66,1379.81,Basic,1,No,2.63,Yes,No,4G,2,1022,No,1
MRD-002279,No,67.28,91,3125.06,Plus,1,No,1.41,No,No,5G,3,1012,No,2
MRD-002280,Yes,35.09,93,6227.37,Basic,3,Yes,2.11,Yes,No,5G,2,1128,Yes,8
MRD-002281,No,63.27,33,4818.5,Plus,4,No,5.31,Yes,No,5G,0,29,Yes,10
MRD-002282,No,22.74,35,878.63,Basic,3,Yes,0.95,Yes,Yes,5G,0,268,Yes,2
MRD-002283,No,37.58,76,4242.52,Basic,1,No,2.3,Yes,Yes,4G,1,40,No,10
MRD-002284,No,29.04,69,1785.76,Basic,1,No,2.77,Yes,No,5G,1,524,No,8
MRD-002285,Yes,60.05,59,3303.33,Plus,3,No,4.63,Yes,Yes,4G,1,875,Yes,4
MRD-002286,Yes,35.07,61,3122.43,Basic,1,No,1.15,Yes,Yes,5G,2,321,No,2
MRD-002287,No,32.93,9,653.76,Basic,1,No,4.44,Yes,Yes,5G,0,1195,No,5
MRD-002288,No,56.82,63,5224.61,Plus,5,No,3.49,No,No,5G,2,1314,Yes,1
MRD-002289,No,87.51,57,8116.94,Premium,1,No,5.03,Yes,Yes,5G,1,580,No,10
MRD-002290,No,109.92,22,2644.18,Premium,4,No,1.9,Yes,No,5G,0,489,Yes,8
MRD-002291,No,64.62,21,1473.6,Plus,3,No,4.61,Yes,Yes,5G,2,937,Yes,9
MRD-002292,No,32.42,90,3743.74,Basic,3,Yes,7.79,Yes,No,5G,0,1138,Yes,2
MRD-002293,Yes,37.4,4,536.43,Basic,1,No,3.46,Yes,Yes,4G,0,894,No,8
MRD-002294,No,40.55,7,625.99,Basic,4,No,14.62,Yes,No,5G,1,422,Yes,9
MRD-002295,Yes,75.07,35,3144.14,Plus,2,No,1.51,No,No,4G,1,372,No,5
MRD-002296,No,65.0,44,3431.55,Premium,3,No,3.66,Yes,No,5G,0,59,Yes,1
MRD-002297,No,49.72,56,3430.18,Plus,1,No,2.08,No,No,4G,4,220,No,1
MRD-002298,No,55.81,86,6170.25,Plus,4,No,7.99,Yes,No,4G,1,68,Yes,9
MRD-002299,No,27.48,10,615.96,Basic,2,No,7.44,Yes,Yes,5G,2,1206,No,4
MRD-002300,No,44.96,84,1939.7,Basic,2,No,2.56,Yes,Yes,5G,2,562,No,10
MRD-002301,No,54.04,46,4229.79,Plus,3,No,12.1,No,No,4G,3,702,Yes,10
MRD-002302,No,65.03,86,2637.51,Plus,4,No,6.18,Yes,No,5G,2,1202,Yes,5
MRD-002303,No,89.51,63,11475.74,Premium,2,No,2.65,No,Yes,5G,1,535,No,8
MRD-002304,No,65.22,12,1004.58,Plus,4,No,0.76,No,Yes,5G,2,1035,Yes,9
MRD-002305,No,92.02,25,3644.91,Premium,1,Yes,2.97,No,No,5G,1,820,No,10
MRD-002306,No,60.51,32,1389.64,Plus,1,No,3.34,Yes,Yes,4G,5,499,No,3
MRD-002307,No,37.65,62,2337.92,Basic,4,Yes,3.42,Yes,No,5G,3,1057,Yes,10
MRD-002308,No,95.11,11,1222.62,Premium,1,No,6.79,Yes,No,5G,2,906,No,1
MRD-002309,Yes,33.66,1,0.0,Basic,1,No,0.29,No,Yes,5G,3,679,No,9
MRD-002310,Yes,54.96,30,1390.26,Plus,1,No,2.41,No,No,5G,2,819,No,3
MRD-002311,No,68.06,30,1465.65,Plus,2,No,1.76,Yes,No,5G,2,819,No,3
MRD-002312,Yes,55.97,23,1618.37,Plus,2,No,5.22,Yes,Yes,5G,1,554,No,8
MRD-002313,No,34.41,9,628.6,Basic,3,No,2.36,Yes,Yes,5G,0,27,Yes,1
MRD-002314,No,62.47,91,8593.15,Plus,2,No,2.62,Yes,Yes,5G,2,587,No,7
MRD-002315,No,51.97,71,2130.04,Plus,3,No,2.38,No,No,5G,0,65,Yes,8
MRD-002316,No,93.99,85,9818.94,Premium,2,No,9.43,No,Yes,5G,2,1116,No,10
MRD-002317,No,107.58,35,4991.89,Premium,5,No,0.18,Yes,No,5G,1,607,Yes,7
MRD-002318,Yes,57.33,36,696.48,Plus,1,No,2.93,No,No,4G,0,611,No,3
MRD-002319,No,83.02,10,2444.56,Premium,1,No,2.68,No,No,5G,2,132,No,8
MRD-002320,No,34.61,94,3155.9,Basic,1,No,3.98,Yes,Yes,4G,0,873,No,4
MRD-002321,Yes,30.98,21,659.06,Basic,2,No,4.7,Yes,No,5G,3,1084,No,6
MRD-002322,No,97.39,2,396.87,Premium,1,No,2.07,Yes,Yes,5G,1,231,No,10
MRD-002323,No,88.18,15,1351.65,Premium,2,No,2.55,No,No,5G,1,899,No,7
MRD-002324,No,52.11,33,2244.27,Plus,2,No,3.86,Yes,No,5G,0,313,No,8
MRD-002325,No,65.93,32,2401.29,Plus,2,No,3.72,Yes,No,4G,2,57,No,9
MRD-002326,Yes,45.24,36,1041.27,Basic,2,No,4.7,No,No,5G,0,536,No,3
MRD-002327,Yes,35.83,35,1912.44,Basic,3,No,6.28,Yes,Yes,5G,0,558,Yes,2
MRD-002328,Yes,38.38,54,2839.53,Basic,1,No,5.06,Yes,Yes,4G,3,52,No,9
MRD-002329,No,95.05,12,2439.96,Premium,5,No,1.52,Yes,Yes,5G,4,1485,Yes,7
MRD-002330,Yes,31.43,55,2222.54,Basic,1,Yes,0.53,Yes,No,5G,0,1250,No,3
MRD-002331,No,33.26,93,7415.98,Basic,2,No,1.25,No,Yes,5G,0,258,No,6
MRD-002332,Yes,55.75,7,512.36,Plus,5,No,2.34,Yes,No,4G,2,895,Yes,4
MRD-002333,No,62.16,33,2614.07,Plus,5,No,2.82,Yes,No,4G,4,1215,Yes,3
MRD-002334,No,63.83,32,1261.28,Plus,2,Yes,1.52,No,No,5G,3,134,No,2
MRD-002335,No,59.41,30,2252.9,Plus,1,No,3.82,Yes,No,4G,1,1401,No,9
MRD-002336,No,58.25,18,1408.47,Plus,1,No,5.07,Yes,No,4G,1,285,No,7
MRD-002337,No,30.2,14,473.73,Basic,2,No,1.08,Yes,No,4G,1,511,No,4
MRD-002338,No,87.3,91,6027.18,Premium,2,No,1.96,No,Yes,5G,1,901,No,4
MRD-002339,No,55.31,9,970.36,Plus,2,Yes,0.98,Yes,No,5G,3,1156,No,7
MRD-002340,No,88.76,2,221.9,Premium,1,No,7.03,Yes,Yes,4G,1,1466,No,8
MRD-002341,No,60.45,93,4583.66,Plus,5,No,0.57,Yes,Yes,5G,3,411,Yes,8
MRD-002342,No,84.81,0,0.0,Premium,1,No,1.93,Yes,No,5G,2,782,No,6
MRD-002343,Yes,42.08,38,1718.27,Basic,4,No,2.32,No,No,5G,1,1397,Yes,1
MRD-002344,Yes,35.04,25,952.27,Basic,1,No,12.57,No,Yes,4G,3,50,No,4
MRD-002345,No,73.97,93,9137.68,Plus,4,No,4.23,No,No,5G,4,652,Yes,3
MRD-002346,Yes,86.21,25,3169.37,Premium,1,No,3.31,No,No,4G,2,686,No,9
MRD-002347,Yes,62.9,5,686.52,Plus,2,No,0.15,Yes,Yes,5G,1,656,No,7
MRD-002348,No,36.18,25,1674.23,Basic,4,No,0.76,Yes,No,5G,4,1240,Yes,6
MRD-002349,No,81.86,62,3907.1,Premium,1,No,3.89,No,Yes,4G,1,1225,No,10
MRD-002350,No,56.39,88,8239.29,Plus,1,Yes,11.42,Yes,Yes,5G,2,28,No,10
MRD-002351,No,89.56,48,7182.29,Premium,3,No,2.16,Yes,No,4G,0,51,Yes,3
MRD-002352,No,82.23,42,1489.47,Premium,2,No,4.66,Yes,No,5G,2,762,No,1
MRD-002353,Yes,36.57,72,1217.15,Basic,2,No,2.77,Yes,Yes,5G,1,1000,No,10
MRD-002354,No,67.33,90,3465.75,Plus,2,No,3.04,No,Yes,5G,1,1423,No,4
MRD-002355,No,98.19,26,2210.78,Premium,2,No,1.9,Yes,No,4G,1,128,No,3
MRD-002356,No,65.24,42,2749.39,Plus,1,No,1.61,Yes,Yes,5G,1,464,No,1
MRD-002357,No,61.59,79,5918.26,Plus,2,Yes,0.97,No,Yes,5G,0,4,No,6
MRD-002358,No,93.4,13,1908.08,Premium,1,No,3.21,Yes,Yes,4G,1,1031,No,8
MRD-002359,No,98.68,68,5776.87,Premium,1,No,0.89,No,No,5G,1,1125,No,5
MRD-002360,No,54.71,69,2492.48,Plus,5,No,8.44,No,No,4G,1,1392,Yes,10
MRD-002361,Yes,59.07,59,1175.49,Plus,1,No,2.34,Yes,No,5G,1,1082,No,8
MRD-002362,Yes,32.94,20,1222.59,Basic,4,No,0.58,Yes,Yes,5G,2,181,Yes,10
MRD-002363,Yes,86.33,2,70.71,Premium,4,No,0.89,Yes,No,4G,1,416,Yes,3
MRD-002364,No,76.05,40,2722.59,Plus,1,No,3.33,No,No,4G,0,320,No,2
MRD-002365,No,59.39,55,3885.25,Plus,2,No,3.27,No,Yes,5G,0,748,No,8
MRD-002366,No,55.05,34,3029.51,Plus,3,No,8.54,Yes,No,5G,3,747,Yes,1
MRD-002367,Yes,48.6,75,7438.3,Basic,3,No,2.25,No,Yes,5G,0,375,Yes,10
MRD-002368,No,54.37,41,1628.39,Plus,1,No,4.45,Yes,No,4G,2,803,No,2
MRD-002369,No,60.93,10,1032.81,Plus,4,No,3.72,Yes,Yes,5G,1,1271,Yes,2
MRD-002370,Yes,31.44,47,4037.92,Basic,2,No,6.87,Yes,No,4G,2,152,No,2
MRD-002371,Yes,62.54,29,818.23,Plus,1,No,2.83,Yes,No,5G,3,1343,No,6
MRD-002372,No,60.73,30,1940.82,Plus,1,Yes,2.17,Yes,No,4G,1,1318,No,3
MRD-002373,No,63.18,35,2546.46,Plus,4,No,1.11,Yes,No,5G,2,223,Yes,2
MRD-002374,No,36.45,67,2263.9,Basic,2,Yes,1.04,No,Yes,4G,1,395,No,10
MRD-002375,No,55.27,95,3469.88,Plus,2,No,0.56,Yes,No,4G,0,648,No,6
MRD-002376,No,66.93,94,7136.47,Plus,1,No,3.05,Yes,No,5G,3,118,No,1
MRD-002377,No,62.81,55,5873.5,Plus,2,No,7.81,Yes,No,4G,0,323,No,1
MRD-002378,Yes,62.36,21,1960.04,Plus,4,No,4.07,Yes,No,5G,6,1472,Yes,5
MRD-002379,No,92.41,34,2215.36,Premium,1,No,1.44,Yes,Yes,5G,1,1362,No,3
MRD-002380,No,60.4,3,499.99,Plus,2,No,1.44,Yes,Yes,4G,0,106,No,3
MRD-002381,No,39.51,89,2574.96,Basic,1,Yes,1.58,No,No,5G,0,466,No,4
MRD-002382,No,34.44,42,998.95,Basic,1,No,5.21,Yes,No,5G,2,1422,No,10
MRD-002383,Yes,34.99,5,466.66,Basic,4,No,3.5,Yes,Yes,5G,2,1479,Yes,10
MRD-002384,No,75.12,95,8858.98,Plus,1,No,3.35,No,Yes,5G,1,105,No,4
MRD-002385,No,83.04,88,7991.99,Premium,3,No,0.34,Yes,No,5G,1,272,Yes,9
MRD-002386,No,31.6,71,2428.83,Basic,3,No,3.13,Yes,No,4G,1,451,Yes,7
MRD-002387,Yes,35.56,26,418.24,Basic,2,Yes,3.51,Yes,No,4G,2,500,No,4
MRD-002388,No,57.37,49,2633.02,Plus,1,No,7.35,Yes,Yes,5G,1,31,No,2
MRD-002389,No,44.34,19,1791.9,Basic,1,No,1.35,No,Yes,5G,2,963,No,2
MRD-002390,No,29.85,46,1083.89,Basic,4,Yes,3.15,No,No,4G,4,880,Yes,3
MRD-002391,No,36.12,88,5070.93,Basic,4,No,3.18,Yes,Yes,4G,1,552,Yes,4
MRD-002392,No,32.19,88,3176.11,Basic,2,No,7.85,No,Yes,5G,1,511,No,5
MRD-002393,No,108.09,90,13039.72,Premium,4,No,1.93,Yes,No,5G,1,985,Yes,1
MRD-002394,No,43.47,19,1239.56,Basic,4,No,6.31,Yes,No,4G,2,962,Yes,10
MRD-002395,No,66.31,60,5174.19,Plus,3,Yes,2.22,Yes,No,5G,1,1130,Yes,5
MRD-002396,No,64.43,24,1259.66,Plus,4,No,1.52,Yes,No,4G,2,16,Yes,2
MRD-002397,Yes,98.4,11,573.66,Premium,1,No,6.41,Yes,No,5G,2,839,No,5
MRD-002398,No,58.72,57,3134.85,Plus,1,Yes,4.27,Yes,No,4G,2,937,No,6
MRD-002399,Yes,39.87,16,803.38,Basic,4,No,2.43,No,No,5G,1,192,Yes,8
MRD-002400,No,50.59,95,9294.79,Plus,2,No,2.6,No,Yes,5G,2,914,No,9
MRD-002401,No,33.96,22,770.12,Basic,3,No,1.89,Yes,Yes,4G,3,604,Yes,9
MRD-002402,No,56.84,21,911.09,Plus,3,No,0.3,No,No,4G,3,1121,Yes,8
MRD-002403,No,60.87,5,397.87,Plus,3,No,0.62,Yes,No,4G,0,1179,Yes,6
MRD-002404,No,56.37,94,2632.66,Plus,1,No,2.57,Yes,No,5G,1,1128,No,1
MRD-002405,No,51.47,93,3604.95,Plus,2,Yes,1.44,Yes,Yes,5G,1,1300,No,8
MRD-002406,Yes,75.61,84,4713.08,Plus,2,No,0.39,No,No,4G,1,572,No,2
MRD-002407,No,121.97,65,8516.18,Premium,3,No,2.76,No,Yes,4G,2,1087,Yes,10
MRD-002408,No,54.4,50,2782.46,Plus,3,No,0.52,Yes,Yes,5G,3,557,Yes,4
MRD-002409,No,95.62,63,5117.42,Premium,2,No,3.3,Yes,No,5G,1,822,No,3
MRD-002410,No,53.63,0,190.72,Plus,2,No,12.29,Yes,No,5G,1,1440,No,8
MRD-002411,No,65.64,23,1726.58,Plus,4,No,1.39,Yes,No,5G,0,475,Yes,6
MRD-002412,No,99.85,49,4284.74,Premium,2,Yes,4.8,Yes,No,5G,1,1126,No,10
MRD-002413,No,101.72,52,6586.67,Premium,5,No,2.67,Yes,No,5G,3,1089,Yes,1
MRD-002414,No,96.08,28,2427.5,Premium,3,No,5.91,Yes,Yes,4G,2,498,Yes,7
MRD-002415,No,79.64,25,2567.2,Premium,2,Yes,5.49,Yes,No,4G,3,1211,No,10
MRD-002416,No,32.56,27,2111.27,Basic,5,No,6.51,No,No,4G,5,756,Yes,9
MRD-002417,No,112.28,13,2393.84,Premium,2,Yes,1.37,No,Yes,4G,1,1363,No,6
MRD-002418,No,40.36,43,1427.94,Basic,1,No,2.59,Yes,No,5G,1,387,No,10
MRD-002419,Yes,41.94,45,2857.37,Basic,4,No,3.41,No,No,5G,0,1026,Yes,3
MRD-002420,No,88.95,33,1806.99,Premium,1,Yes,2.52,Yes,No,5G,2,1251,No,4
MRD-002421,No,65.56,29,5515.4,Plus,1,No,0.28,No,Yes,4G,0,532,No,8
MRD-002422,No,60.38,68,2403.8,Plus,1,No,7.6,Yes,No,4G,1,1293,No,10
MRD-002423,Yes,61.91,28,756.3,Plus,1,No,7.05,Yes,No,4G,0,1246,No,4
MRD-002424,No,68.75,48,3005.04,Plus,5,No,0.71,Yes,No,5G,2,499,Yes,5
MRD-002425,Yes,36.57,1,243.08,Basic,1,No,2.3,Yes,No,5G,0,1261,No,9
MRD-002426,No,36.03,45,730.73,Basic,2,No,5.9,Yes,Yes,4G,0,341,No,1
MRD-002427,No,51.8,12,274.06,Plus,1,No,0.17,Yes,No,5G,3,1194,No,6
MRD-002428,Yes,27.7,16,547.09,Basic,2,No,0.19,Yes,Yes,5G,4,1482,No,1
MRD-002429,Yes,36.83,69,2313.86,Basic,4,No,2.77,Yes,No,4G,0,780,Yes,1
MRD-002430,No,90.75,32,1348.84,Premium,2,No,6.39,Yes,No,5G,1,433,No,8
MRD-002431,No,50.99,29,1553.79,Plus,5,Yes,8.16,Yes,Yes,4G,2,161,Yes,9
MRD-002432,No,28.01,91,2552.73,Basic,1,No,1.03,No,No,4G,0,294,No,10
MRD-002433,No,70.0,63,3807.07,Plus,1,No,0.47,No,No,5G,1,1078,No,9
MRD-002434,No,80.65,95,9713.2,Premium,3,No,9.94,Yes,No,4G,5,178,Yes,5
MRD-002435,No,110.04,31,3087.22,Premium,3,No,1.6,Yes,No,5G,1,1423,Yes,10
MRD-002436,No,23.2,68,2452.11,Basic,2,No,1.55,Yes,No,4G,1,1347,No,1
MRD-002437,No,60.37,30,1345.56,Plus,3,No,0.99,Yes,No,5G,2,1205,Yes,8
MRD-002438,No,109.62,14,1616.36,Premium,2,No,5.36,Yes,Yes,4G,1,802,No,2
MRD-002439,No,59.38,77,3847.8,Plus,2,Yes,4.38,No,No,5G,4,226,No,8
MRD-002440,No,89.98,10,798.02,Premium,4,No,6.44,Yes,No,4G,1,1151,Yes,5
MRD-002441,Yes,32.08,86,2563.32,Basic,1,No,6.28,No,No,5G,3,1175,No,4
MRD-002442,Yes,35.17,5,199.82,Basic,5,No,8.65,Yes,No,5G,2,85,Yes,4
MRD-002443,No,96.97,53,4984.52,Premium,2,No,5.77,Yes,No,5G,1,1285,No,7
MRD-002444,No,115.72,23,1304.21,Premium,1,No,1.25,No,No,5G,0,156,No,9
MRD-002445,No,84.66,84,7599.32,Premium,2,No,2.08,No,No,5G,1,706,No,8
MRD-002446,No,85.96,63,9247.87,Premium,3,No,8.73,Yes,Yes,5G,1,309,Yes,3
MRD-002447,Yes,40.32,14,700.07,Basic,2,No,2.56,Yes,No,5G,2,1093,No,5
MRD-002448,Yes,25.83,12,338.51,Basic,3,No,11.0,Yes,No,4G,3,381,Yes,7
MRD-002449,No,56.07,96,4046.21,Plus,1,No,6.14,Yes,No,4G,1,1062,No,6
MRD-002450,No,55.33,32,2085.62,Plus,2,No,1.95,No,Yes,5G,0,927,No,1
MRD-002451,No,61.62,49,6083.4,Plus,1,No,10.25,Yes,No,5G,0,617,No,5
MRD-002452,No,87.18,48,7234.92,Premium,1,No,9.89,Yes,No,5G,1,2,No,9
MRD-002453,No,37.93,96,4648.52,Basic,1,No,6.87,Yes,No,5G,2,374,No,7
MRD-002454,No,105.56,96,9930.36,Premium,1,No,0.45,Yes,Yes,4G,0,859,No,4
MRD-002455,No,117.7,39,3885.79,Premium,5,No,1.25,No,No,5G,4,96,Yes,8
MRD-002456,No,68.21,23,858.78,Plus,2,No,0.16,No,No,5G,3,61,No,8
MRD-002457,No,36.89,53,1363.71,Basic,1,No,8.51,Yes,Yes,5G,0,1363,No,6
MRD-002458,No,30.39,32,685.11,Basic,2,No,5.94,No,No,5G,0,800,No,9
MRD-002459,No,33.74,60,1106.48,Basic,4,No,2.11,Yes,Yes,4G,1,893,Yes,4
MRD-002460,Yes,31.84,65,2057.05,Basic,1,No,8.35,No,No,4G,0,1109,No,1
MRD-002461,No,46.88,36,2576.74,Plus,2,Yes,2.25,No,No,5G,3,605,No,3
MRD-002462,No,56.77,24,2590.43,Plus,4,Yes,0.38,Yes,No,4G,1,564,Yes,10
MRD-002463,No,60.25,70,5772.7,Plus,1,No,1.15,No,No,5G,2,522,No,2
MRD-002464,No,101.09,76,11990.56,Premium,2,Yes,1.81,Yes,No,5G,1,930,No,4
MRD-002465,Yes,46.58,15,653.4,Plus,2,No,0.66,Yes,No,5G,2,279,No,4
MRD-002466,No,95.78,61,2524.03,Premium,1,No,1.37,No,No,4G,1,1083,No,8
MRD-002467,No,62.93,30,1662.67,Plus,2,No,0.54,Yes,No,5G,0,750,No,3
MRD-002468,Yes,29.58,58,822.11,Basic,4,No,2.15,No,Yes,5G,2,9,Yes,4
MRD-002469,No,31.08,81,1190.35,Basic,1,No,6.57,Yes,No,5G,3,1316,No,6
MRD-002470,No,90.63,56,5221.89,Premium,1,No,1.32,No,No,5G,1,854,No,6
MRD-002471,No,67.61,22,790.43,Plus,1,No,0.56,Yes,Yes,5G,2,821,No,10
MRD-002472,Yes,63.39,47,3929.77,Plus,2,No,1.25,Yes,Yes,5G,1,135,No,9
MRD-002473,No,35.92,15,868.09,Basic,5,Yes,0.39,Yes,Yes,5G,1,1239,Yes,1
MRD-002474,No,55.72,68,1732.62,Plus,5,No,1.63,Yes,No,5G,2,714,Yes,6
MRD-002475,No,48.26,17,1989.56,Plus,4,No,4.55,Yes,Yes,5G,4,882,Yes,9
MRD-002476,No,63.75,93,6927.43,Plus,2,No,0.72,Yes,No,5G,1,767,No,10
MRD-002477,No,45.38,66,5515.19,Basic,2,No,0.29,Yes,Yes,4G,2,1313,No,4
MRD-002478,No,64.74,72,1844.5,Plus,2,No,3.55,No,No,5G,1,579,No,8
MRD-002479,No,96.69,2,199.14,Premium,1,No,3.38,Yes,Yes,5G,1,379,No,8
MRD-002480,No,53.47,4,171.32,Plus,3,No,1.02,Yes,Yes,5G,3,1170,Yes,4
MRD-002481,No,81.54,88,4091.43,Premium,3,No,3.05,No,Yes,5G,4,506,Yes,4
MRD-002482,No,38.38,6,256.28,Basic,2,Yes,3.13,Yes,Yes,4G,1,900,No,10
MRD-002483,No,64.14,96,10289.6,Plus,2,Yes,1.28,Yes,No,5G,3,290,No,3
MRD-002484,No,66.82,68,5880.85,Plus,2,No,0.51,Yes,No,5G,1,684,No,2
MRD-002485,No,61.81,57,2831.78,Plus,1,Yes,1.52,No,No,4G,1,1067,No,7
MRD-002486,No,76.41,72,4281.14,Plus,2,No,3.15,Yes,No,5G,2,987,No,2
MRD-002487,Yes,35.79,85,2458.17,Basic,4,No,0.86,No,No,5G,1,974,Yes,4
MRD-002488,No,51.98,64,4452.63,Plus,4,Yes,2.08,Yes,Yes,5G,1,84,Yes,1
MRD-002489,No,62.52,40,3187.97,Plus,4,No,2.27,No,Yes,5G,2,816,Yes,1
MRD-002490,Yes,64.49,23,1672.54,Plus,2,No,3.77,No,Yes,5G,0,1300,No,9
MRD-002491,No,92.8,90,12049.39,Premium,1,No,9.56,Yes,Yes,5G,3,941,No,3
MRD-002492,No,51.7,93,5435.68,Plus,3,No,3.85,No,Yes,5G,0,30,Yes,9
MRD-002493,No,106.58,66,13898.11,Premium,1,No,2.94,Yes,No,5G,1,802,No,7
MRD-002494,No,37.51,3,84.38,Basic,2,No,2.17,Yes,Yes,4G,4,19,No,6
MRD-002495,No,62.18,62,7264.91,Plus,4,Yes,6.67,Yes,Yes,5G,1,558,Yes,1
MRD-002496,No,94.69,92,6423.26,Premium,4,No,5.21,Yes,Yes,5G,2,1103,Yes,1
MRD-002497,No,104.4,70,9566.95,Premium,1,No,1.37,Yes,Yes,4G,1,595,No,2
MRD-002498,No,40.25,70,4158.59,Basic,4,Yes,20.1,Yes,Yes,4G,1,754,Yes,5
MRD-002499,Yes,31.19,74,3897.3,Basic,3,No,1.09,No,Yes,4G,0,795,Yes,2
MRD-002500,No,50.49,19,996.12,Plus,4,Yes,1.68,Yes,No,4G,1,554,Yes,2
MRD-002501,No,50.7,84,6339.12,Plus,3,No,2.0,No,Yes,5G,1,217,Yes,1
MRD-002502,No,69.75,70,3799.18,Plus,2,No,4.4,Yes,Yes,5G,0,1117,No,6
MRD-002503,No,31.66,83,1908.77,Basic,5,No,0.44,Yes,Yes,4G,1,1271,Yes,9
MRD-002504,Yes,73.56,17,1132.41,Premium,1,No,0.55,Yes,No,5G,4,1115,No,1
MRD-002505,No,78.17,1,92.85,Premium,1,No,2.46,Yes,Yes,5G,2,873,No,4
MRD-002506,No,84.46,94,6149.01,Premium,5,No,1.7,Yes,Yes,5G,0,808,Yes,7
MRD-002507,No,61.11,65,3862.52,Plus,1,No,4.62,No,Yes,4G,2,1106,No,4
MRD-002508,No,36.64,39,1107.68,Basic,5,No,1.36,Yes,No,4G,1,1121,Yes,7
MRD-002509,Yes,56.77,4,316.23,Plus,2,No,1.55,Yes,Yes,4G,1,1191,No,1
MRD-002510,No,97.17,51,11091.71,Premium,3,No,4.45,No,Yes,5G,2,413,Yes,8
MRD-002511,No,52.81,43,1474.33,Plus,2,Yes,3.56,No,No,5G,4,832,No,4
MRD-002512,No,120.07,17,5080.93,Premium,2,No,5.73,Yes,Yes,5G,2,32,No,9
MRD-002513,No,50.72,10,656.52,Plus,1,No,5.71,Yes,No,5G,2,50,No,7
MRD-002514,No,38.66,14,709.9,Basic,1,No,10.17,No,Yes,5G,1,249,No,1
MRD-002515,No,57.31,18,1224.99,Plus,4,No,7.11,Yes,No,4G,0,404,Yes,9
MRD-002516,Yes,30.89,19,1056.12,Basic,1,No,1.02,Yes,No,4G,5,129,No,10
MRD-002517,No,55.69,7,530.1,Plus,3,No,9.85,No,No,5G,2,1001,Yes,10
MRD-002518,No,60.65,44,4709.3,Plus,3,Yes,1.71,Yes,Yes,4G,2,842,Yes,7
MRD-002519,No,74.96,64,8416.4,Premium,5,Yes,1.66,Yes,Yes,4G,5,404,Yes,2
MRD-002520,No,44.07,37,2265.58,Plus,2,No,1.49,Yes,Yes,4G,1,1245,No,5
MRD-002521,No,122.9,86,11459.99,Premium,1,No,7.53,No,No,4G,1,1222,No,7
MRD-002522,No,83.81,12,1964.0,Premium,4,No,2.87,Yes,Yes,5G,1,597,Yes,1
MRD-002523,No,36.64,18,734.25,Basic,3,No,8.39,Yes,No,5G,1,852,Yes,5
MRD-002524,No,54.57,63,2990.9,Plus,2,No,0.6,No,No,5G,2,352,No,1
MRD-002525,No,92.02,73,3642.22,Premium,1,No,5.8,Yes,Yes,4G,2,494,No,4
MRD-002526,Yes,37.77,91,2692.92,Basic,2,No,2.41,Yes,Yes,4G,0,1172,No,9
MRD-002527,No,60.39,81,4387.71,Plus,2,No,6.08,Yes,No,4G,1,809,No,2
MRD-002528,No,72.2,83,3609.99,Plus,1,No,4.42,No,No,5G,0,72,No,5
MRD-002529,Yes,36.84,92,3460.01,Basic,1,No,1.1,Yes,Yes,4G,1,1062,No,2
MRD-002530,No,109.83,15,1963.93,Premium,1,No,0.99,No,Yes,5G,0,1213,No,3
MRD-002531,No,37.89,12,37.0,Basic,1,Yes,4.7,Yes,No,5G,2,413,No,4
MRD-002532,No,52.98,68,3884.26,Plus,1,No,11.05,Yes,Yes,5G,2,351,No,3
MRD-002533,Yes,60.18,2,246.64,Plus,4,No,0.19,Yes,No,5G,2,1183,Yes,9
MRD-002534,No,87.53,49,7936.02,Premium,1,No,0.27,Yes,No,4G,1,943,No,5
MRD-002535,No,54.15,50,5146.33,Plus,1,Yes,1.8,No,Yes,5G,1,759,No,4
MRD-002536,No,70.92,59,2707.4,Plus,5,No,4.44,Yes,No,5G,2,1495,Yes,10
MRD-002537,No,100.22,63,2403.33,Premium,1,Yes,1.43,Yes,Yes,5G,2,786,No,2
MRD-002538,No,118.5,16,1754.95,Premium,1,No,8.27,Yes,No,5G,1,541,No,10
MRD-002539,No,99.64,11,1714.29,Premium,2,No,1.61,Yes,Yes,4G,1,1084,No,6
MRD-002540,No,65.03,56,2905.12,Plus,2,No,0.71,Yes,No,5G,3,179,No,5
MRD-002541,No,66.2,15,1036.22,Plus,5,No,0.3,No,No,4G,1,186,Yes,8
MRD-002542,Yes,30.85,87,1437.53,Basic,2,Yes,0.41,No,Yes,5G,1,154,No,1
MRD-002543,Yes,30.06,61,3588.82,Basic,1,No,7.59,No,Yes,5G,2,1172,No,9
MRD-002544,No,87.45,35,1463.62,Premium,1,No,5.91,Yes,Yes,5G,0,1260,No,3
MRD-002545,No,53.29,41,2385.88,Plus,2,No,1.83,No,No,5G,1,418,No,6
MRD-002546,No,113.97,39,7991.63,Premium,1,No,4.26,No,No,5G,2,337,No,9
MRD-002547,No,37.79,55,1616.36,Basic,1,No,0.47,No,Yes,5G,2,1286,No,5
MRD-002548,No,59.47,36,1586.21,Plus,1,No,5.05,Yes,Yes,4G,1,396,No,1
MRD-002549,No,63.85,65,3922.6,Plus,1,Yes,9.78,Yes,Yes,4G,0,298,No,9
MRD-002550,No,106.11,61,2600.08,Premium,2,No,1.42,Yes,Yes,5G,1,691,No,7
MRD-002551,No,59.47,84,5323.98,Plus,1,No,7.26,Yes,No,5G,3,1150,No,8
MRD-002552,No,30.01,8,533.36,Basic,2,No,5.47,Yes,No,4G,0,28,No,6
MRD-002553,No,36.32,46,1245.76,Basic,3,No,5.74,Yes,No,4G,1,443,Yes,9
MRD-002554,No,32.38,36,1023.29,Basic,2,No,2.61,No,No,5G,2,1365,No,7
MRD-002555,No,31.62,62,2325.36,Basic,1,No,3.13,Yes,No,5G,0,204,No,2
MRD-002556,No,36.38,86,1687.51,Basic,2,No,4.72,Yes,No,4G,0,1329,No,1
MRD-002557,No,67.93,37,2251.72,Plus,3,No,1.22,Yes,Yes,5G,1,937,Yes,8
MRD-002558,No,102.19,93,6792.59,Premium,2,No,3.63,Yes,No,5G,0,556,No,10
MRD-002559,No,32.05,95,4110.47,Basic,2,No,1.4,Yes,No,4G,0,635,No,6
MRD-002560,No,34.68,11,985.01,Basic,2,No,1.47,No,Yes,5G,3,1398,No,6
MRD-002561,No,42.46,70,4979.75,Basic,2,No,0.14,Yes,Yes,4G,0,1220,No,10
MRD-002562,No,63.86,15,2708.86,Plus,3,No,1.76,No,No,5G,0,1028,Yes,8
MRD-002563,No,41.16,34,2026.04,Basic,2,No,3.26,Yes,No,5G,3,1371,No,2
MRD-002564,No,89.76,88,4785.17,Premium,2,No,3.6,Yes,Yes,5G,2,1385,No,10
MRD-002565,Yes,32.47,85,1903.47,Basic,2,No,0.82,No,No,5G,1,1442,No,8
MRD-002566,No,100.9,59,3037.77,Premium,1,No,2.03,Yes,No,5G,1,996,No,7
MRD-002567,No,104.36,69,12531.96,Premium,1,Yes,3.75,No,No,5G,4,677,No,10
MRD-002568,No,59.67,30,882.46,Plus,1,No,5.67,Yes,No,5G,3,219,No,6
MRD-002569,No,58.28,18,672.35,Plus,2,Yes,3.13,Yes,No,4G,0,108,No,9
MRD-002570,Yes,38.48,95,5565.32,Basic,3,Yes,3.69,Yes,Yes,5G,2,154,Yes,7
MRD-002571,No,56.85,75,3184.91,Plus,1,No,2.61,No,No,5G,0,902,No,1
MRD-002572,No,100.35,47,3023.63,Premium,1,No,4.18,Yes,No,5G,1,1087,No,1
MRD-002573,No,32.51,50,1372.52,Basic,2,No,7.74,No,No,4G,2,1439,No,10
MRD-002574,No,30.98,77,2394.56,Basic,4,No,1.4,Yes,No,5G,0,778,Yes,8
MRD-002575,No,105.69,1,640.95,Premium,5,Yes,0.93,Yes,Yes,4G,0,579,Yes,7
MRD-002576,Yes,61.56,14,1152.98,Plus,2,No,3.9,No,Yes,5G,0,1166,No,1
MRD-002577,No,33.03,69,2329.31,Basic,5,No,0.3,Yes,No,4G,0,461,Yes,7
MRD-002578,No,40.32,30,547.06,Basic,1,No,3.14,Yes,No,4G,1,949,No,10
MRD-002579,Yes,103.74,23,2587.98,Premium,3,No,3.28,No,No,5G,2,1077,Yes,7
MRD-002580,Yes,60.92,32,1109.25,Plus,1,No,3.85,No,No,5G,2,970,No,1
MRD-002581,No,101.06,51,4086.58,Premium,2,No,14.15,Yes,Yes,5G,2,683,No,1
MRD-002582,No,88.64,62,10401.43,Premium,3,No,2.51,Yes,Yes,5G,1,1275,Yes,6
MRD-002583,No,60.63,52,3179.92,Plus,2,No,3.37,No,No,5G,1,1,No,6
MRD-002584,Yes,37.04,64,1585.93,Basic,3,No,14.74,No,Yes,4G,0,1145,Yes,1
MRD-002585,No,38.08,69,1711.95,Basic,1,Yes,4.13,Yes,Yes,4G,3,1086,No,6
MRD-002586,No,72.28,48,7474.87,Plus,3,Yes,0.69,No,No,5G,3,592,Yes,10
MRD-002587,No,42.0,71,2694.1,Plus,2,No,0.34,Yes,No,5G,0,864,No,9
MRD-002588,No,60.31,51,2883.95,Plus,5,Yes,2.55,No,No,5G,0,760,Yes,5
MRD-002589,No,38.06,14,608.81,Basic,3,No,5.09,Yes,No,4G,2,373,Yes,3
MRD-002590,Yes,27.31,21,732.5,Basic,1,No,1.67,Yes,Yes,4G,1,208,No,7
MRD-002591,No,90.83,42,4143.54,Premium,2,No,17.14,No,Yes,4G,3,43,No,3
MRD-002592,No,34.35,54,2795.35,Basic,2,No,5.74,Yes,Yes,5G,0,938,No,6
MRD-002593,No,67.3,55,3069.83,Plus,1,No,2.72,Yes,No,5G,1,1270,No,1
MRD-002594,No,89.96,96,7762.11,Premium,2,No,0.61,Yes,No,5G,1,404,No,2
MRD-002595,No,58.02,34,3414.48,Plus,1,No,0.78,Yes,No,4G,1,1416,No,9
MRD-002596,No,96.83,89,5565.09,Premium,4,Yes,0.47,No,Yes,5G,1,158,Yes,3
MRD-002597,No,65.74,61,3286.51,Plus,1,No,0.98,Yes,Yes,4G,3,759,No,9
MRD-002598,No,64.92,94,4680.43,Plus,5,No,2.08,Yes,No,5G,0,961,Yes,1
MRD-002599,No,93.89,41,2560.73,Premium,2,No,1.09,Yes,No,5G,2,975,No,3
MRD-002600,No,54.78,15,889.6,Plus,2,No,3.75,Yes,No,5G,1,356,No,9
MRD-002601,No,39.92,26,996.3,Basic,4,No,1.36,Yes,No,5G,3,910,Yes,2
MRD-002602,No,90.36,0,16.63,Premium,2,Yes,0.97,Yes,No,5G,3,1326,No,4
MRD-002603,No,88.09,30,2532.62,Premium,3,No,1.75,Yes,No,4G,1,680,Yes,10
MRD-002604,No,39.03,63,5505.15,Basic,3,No,0.29,Yes,Yes,5G,1,58,Yes,10
MRD-002605,No,37.26,75,4499.69,Basic,1,No,5.9,Yes,No,5G,2,122,No,4
MRD-002606,No,59.4,53,1128.79,Plus,2,No,0.89,No,No,5G,0,1117,No,2
MRD-002607,No,113.28,37,5493.59,Premium,1,No,1.52,Yes,Yes,4G,1,1493,No,8
MRD-002608,No,35.62,42,1586.36,Basic,2,No,1.78,No,No,5G,1,1333,No,10
MRD-002609,No,105.88,30,4487.83,Premium,1,No,5.42,No,No,4G,1,731,No,7
MRD-002610,No,33.85,53,1477.37,Basic,2,No,2.64,No,Yes,5G,2,589,No,8
MRD-002611,Yes,55.05,91,6212.21,Plus,3,No,3.75,No,No,5G,3,685,Yes,5
MRD-002612,No,40.67,87,2574.56,Basic,2,No,6.69,Yes,No,4G,0,373,No,7
MRD-002613,Yes,37.59,81,2412.03,Basic,2,No,3.15,Yes,Yes,5G,1,1328,No,1
MRD-002614,No,95.9,86,6246.07,Premium,2,No,2.39,No,No,4G,1,968,No,9
MRD-002615,No,31.86,42,1085.26,Basic,1,No,3.86,Yes,No,5G,2,1083,No,10
MRD-002616,Yes,44.21,35,1526.02,Basic,2,No,3.4,No,Yes,5G,0,195,No,3
MRD-002617,No,75.65,36,2659.13,Premium,4,No,3.65,No,Yes,4G,2,1421,Yes,8
MRD-002618,Yes,28.54,62,3339.15,Basic,4,No,3.55,Yes,No,5G,3,1291,Yes,2
MRD-002619,No,56.34,50,5505.23,Plus,1,No,1.03,Yes,No,5G,2,845,No,4
MRD-002620,No,90.5,61,14914.02,Premium,2,No,3.3,Yes,No,5G,1,1212,No,4
MRD-002621,No,31.31,90,2013.77,Basic,2,No,2.37,No,No,5G,2,88,No,8
MRD-002622,Yes,35.67,92,4512.55,Basic,4,No,1.96,Yes,No,5G,0,1457,Yes,4
MRD-002623,No,29.56,76,1178.11,Basic,3,No,4.1,Yes,Yes,4G,0,8,Yes,9
MRD-002624,No,80.3,78,10088.78,Premium,2,No,1.81,Yes,Yes,4G,1,1280,No,1
MRD-002625,No,68.12,64,8400.43,Plus,2,No,2.89,Yes,No,5G,0,581,No,5
MRD-002626,Yes,59.77,53,5610.08,Plus,4,Yes,5.05,No,No,4G,1,284,Yes,2
MRD-002627,No,55.78,51,4319.39,Plus,2,No,1.13,No,No,4G,0,398,No,9
MRD-002628,Yes,33.06,4,231.0,Basic,3,No,1.15,Yes,No,5G,2,225,Yes,2
MRD-002629,No,31.66,62,2765.91,Basic,1,No,3.66,Yes,Yes,5G,1,590,No,8
MRD-002630,No,78.3,29,1582.27,Plus,1,No,2.74,No,No,5G,3,274,No,7
MRD-002631,Yes,53.26,76,5090.54,Plus,1,Yes,5.53,Yes,No,4G,2,102,No,1
MRD-002632,No,97.34,18,2631.98,Premium,5,No,0.77,Yes,No,5G,0,577,Yes,10
MRD-002633,No,96.97,50,5219.85,Premium,1,No,1.49,Yes,No,5G,0,630,No,8
MRD-002634,No,69.07,78,7944.85,Plus,3,No,0.36,Yes,Yes,4G,3,1373,Yes,8
MRD-002635,No,63.21,42,2295.11,Plus,2,No,3.2,No,No,5G,3,741,No,6
MRD-002636,No,42.46,84,4459.6,Basic,5,No,6.28,No,Yes,4G,0,0,Yes,7
MRD-002637,No,97.38,60,5673.77,Premium,2,Yes,2.93,Yes,Yes,5G,3,501,No,9
MRD-002638,No,55.32,71,2566.29,Plus,1,No,0.74,Yes,No,5G,1,277,No,6
MRD-002639,Yes,35.99,72,3686.13,Basic,1,No,7.99,No,Yes,4G,2,226,No,6
MRD-002640,Yes,31.33,41,1931.3,Basic,1,Yes,5.97,Yes,No,5G,2,135,No,5
MRD-002641,No,58.11,20,850.92,Plus,2,No,2.3,Yes,No,4G,1,558,No,1
MRD-002642,No,36.49,17,889.46,Basic,2,No,0.35,Yes,No,5G,0,543,No,10
MRD-002643,No,49.73,10,970.8,Plus,2,No,8.72,Yes,Yes,4G,2,395,No,5
MRD-002644,Yes,88.69,51,3119.77,Premium,1,No,4.95,No,No,5G,6,1117,No,3
MRD-002645,No,59.39,31,2441.23,Plus,1,No,1.82,Yes,Yes,4G,1,1420,No,4
MRD-002646,No,57.5,70,4320.71,Plus,2,No,3.98,Yes,No,5G,1,852,No,8
MRD-002647,No,27.33,80,2412.59,Basic,5,No,3.34,Yes,No,5G,1,848,Yes,8
MRD-002648,No,112.82,2,614.74,Premium,3,No,0.24,Yes,Yes,5G,1,324,Yes,7
MRD-002649,Yes,40.68,44,1174.32,Basic,2,No,2.0,Yes,No,4G,3,1096,No,1
MRD-002650,No,29.5,28,939.33,Basic,1,Yes,1.31,No,No,5G,2,729,No,3
MRD-002651,No,58.71,23,639.08,Plus,2,Yes,2.07,Yes,No,5G,2,69,No,10
MRD-002652,No,50.28,91,4277.06,Plus,1,No,2.13,Yes,No,4G,1,148,No,4
MRD-002653,No,99.94,42,6577.03,Premium,3,No,0.53,Yes,Yes,5G,1,625,Yes,3
MRD-002654,No,39.04,56,2864.62,Basic,3,No,3.28,Yes,No,4G,0,139,Yes,6
MRD-002655,No,92.76,19,1336.65,Premium,2,No,2.35,No,No,5G,1,1428,No,6
MRD-002656,No,66.89,77,4336.29,Plus,2,No,6.18,Yes,No,4G,3,1463,No,10
MRD-002657,No,90.32,41,4608.58,Premium,4,No,6.57,Yes,No,5G,0,742,Yes,8
MRD-002658,Yes,34.65,2,25.66,Basic,3,No,3.46,Yes,No,4G,1,479,Yes,7
MRD-002659,No,35.9,51,2162.36,Basic,5,No,0.79,No,Yes,4G,1,573,Yes,4
MRD-002660,No,93.44,27,3293.55,Premium,4,No,4.67,Yes,Yes,5G,2,545,Yes,9
MRD-002661,No,111.97,8,611.55,Premium,4,No,0.89,Yes,No,5G,3,535,Yes,1
MRD-002662,No,63.22,63,4308.81,Plus,2,No,5.43,Yes,No,5G,1,1310,No,5
MRD-002663,No,36.95,32,1281.15,Basic,4,Yes,2.87,Yes,No,4G,1,1205,Yes,8
MRD-002664,No,82.85,20,1216.4,Premium,4,No,6.09,Yes,No,5G,5,636,Yes,3
MRD-002665,No,65.77,1,356.56,Plus,3,No,0.88,Yes,No,5G,1,911,Yes,9
MRD-002666,No,95.47,58,17214.68,Premium,2,No,0.96,Yes,Yes,5G,4,1320,No,8
MRD-002667,No,86.28,3,550.89,Premium,1,Yes,9.1,Yes,No,4G,3,1330,No,4
MRD-002668,No,68.83,43,3633.68,Plus,1,No,1.6,Yes,No,4G,2,423,No,10
MRD-002669,No,32.62,74,1055.44,Basic,2,No,5.71,No,No,5G,2,204,No,9
MRD-002670,No,32.88,49,1563.57,Basic,1,No,8.49,Yes,No,5G,2,560,No,4
MRD-002671,No,103.3,29,4194.46,Premium,2,No,0.75,No,No,4G,0,96,No,1
MRD-002672,No,34.82,63,2557.38,Basic,3,No,1.19,Yes,No,4G,1,1286,Yes,2
MRD-002673,No,107.69,18,3441.8,Premium,2,No,0.84,Yes,Yes,4G,1,1024,No,9
MRD-002674,No,58.81,33,1264.61,Plus,2,No,1.47,Yes,No,4G,1,628,No,9
MRD-002675,No,62.98,88,6428.26,Plus,3,No,0.72,Yes,No,5G,5,241,Yes,10
MRD-002676,No,48.27,92,5650.76,Plus,3,No,2.71,Yes,No,4G,0,1364,Yes,8
MRD-002677,No,71.83,17,1152.65,Plus,2,No,0.41,No,Yes,5G,2,832,No,7
MRD-002678,No,35.61,17,443.18,Basic,4,No,6.8,Yes,Yes,5G,3,1215,Yes,10
MRD-002679,Yes,49.68,74,2539.93,Plus,3,No,7.04,No,No,4G,3,579,Yes,9
MRD-002680,No,68.31,74,3800.19,Plus,1,Yes,9.2,Yes,Yes,4G,0,523,No,6
MRD-002681,No,62.84,41,4294.02,Plus,3,No,3.36,No,Yes,5G,1,1369,Yes,8
MRD-002682,No,31.38,52,2165.97,Basic,5,No,1.0,Yes,Yes,5G,4,849,Yes,5
MRD-002683,No,29.57,15,520.89,Basic,5,No,2.88,Yes,No,5G,0,7,Yes,2
MRD-002684,No,105.56,83,6179.46,Premium,1,No,1.34,No,No,5G,0,655,No,9
MRD-002685,Yes,66.81,86,3965.15,Plus,3,No,0.84,No,No,5G,2,373,Yes,4
MRD-002686,No,41.66,86,2703.48,Basic,1,No,3.15,Yes,Yes,4G,1,132,No,9
MRD-002687,No,49.82,14,443.69,Plus,4,No,0.33,Yes,No,5G,4,754,Yes,4
MRD-002688,No,35.68,4,231.67,Basic,5,No,4.56,No,No,5G,0,897,Yes,6
MRD-002689,No,109.53,37,7106.67,Premium,1,No,6.34,No,No,4G,0,249,No,10
MRD-002690,No,99.35,87,10174.31,Premium,3,No,0.63,No,No,5G,4,138,Yes,7
MRD-002691,No,54.31,11,1185.37,Plus,5,No,0.07,Yes,Yes,5G,0,448,Yes,4
MRD-002692,No,52.34,68,4627.95,Plus,3,No,2.13,No,No,4G,3,1071,Yes,9
MRD-002693,No,56.42,32,1201.78,Plus,1,Yes,2.15,Yes,No,5G,1,1295,No,8
MRD-002694,No,52.21,89,3278.67,Plus,3,No,9.55,No,No,5G,1,59,Yes,1
MRD-002695,No,66.08,78,5767.74,Plus,1,Yes,1.59,Yes,No,5G,2,550,No,4
MRD-002696,No,34.73,87,2112.18,Basic,1,No,6.45,No,No,5G,2,981,No,10
MRD-002697,No,58.53,67,2343.8,Plus,2,No,0.93,Yes,Yes,5G,0,1050,No,2
MRD-002698,No,47.55,27,924.93,Plus,2,No,3.0,Yes,Yes,5G,2,1134,No,1
MRD-002699,No,63.13,78,2762.12,Plus,5,No,4.75,No,Yes,4G,5,177,Yes,8
MRD-002700,No,63.27,49,3367.92,Plus,1,No,5.66,Yes,No,5G,0,401,No,7
MRD-002701,No,53.76,74,3256.13,Plus,2,No,3.97,Yes,No,4G,0,870,No,7
MRD-002702,No,59.33,43,2965.55,Plus,2,No,0.97,Yes,Yes,4G,1,649,No,2
MRD-002703,Yes,63.89,4,331.18,Plus,2,No,1.31,No,No,5G,1,353,No,8
MRD-002704,Yes,56.89,85,16332.02,Plus,1,No,2.36,Yes,No,5G,2,497,No,5
MRD-002705,No,97.7,67,9146.1,Premium,3,No,1.18,Yes,Yes,5G,0,254,Yes,3
MRD-002706,Yes,70.94,79,4412.35,Plus,1,No,1.04,No,No,5G,2,664,No,2
MRD-002707,Yes,51.61,35,1234.68,Plus,2,No,2.81,No,No,5G,1,739,No,6
MRD-002708,No,59.2,95,6341.34,Plus,1,No,2.1,Yes,No,5G,1,1024,No,10
MRD-002709,Yes,74.29,5,1067.53,Plus,3,No,8.21,Yes,No,5G,3,622,Yes,1
MRD-002710,No,68.75,89,7355.35,Plus,1,No,6.03,Yes,No,5G,5,1295,No,9
MRD-002711,No,63.12,8,308.63,Plus,2,No,4.39,Yes,No,5G,2,1285,No,1
MRD-002712,Yes,73.77,24,2573.25,Plus,5,No,2.9,No,No,4G,3,407,Yes,10
MRD-002713,No,91.72,18,1483.14,Premium,2,No,1.19,No,Yes,4G,1,1449,No,5
MRD-002714,No,58.77,59,2653.15,Plus,1,Yes,16.85,Yes,Yes,5G,2,707,No,3
MRD-002715,No,65.51,86,5246.92,Plus,3,No,1.02,Yes,No,5G,0,224,Yes,3
MRD-002716,No,62.08,6,415.48,Plus,4,Yes,1.11,No,Yes,4G,1,952,Yes,9
MRD-002717,Yes,40.7,23,1345.51,Basic,2,Yes,2.09,Yes,No,5G,1,350,No,5
MRD-002718,No,68.48,95,6685.58,Plus,1,No,1.51,No,Yes,5G,1,1097,No,4
MRD-002719,No,28.0,95,2479.23,Basic,1,No,2.43,Yes,Yes,4G,0,737,No,1
MRD-002720,No,80.09,6,690.19,Premium,2,Yes,4.34,Yes,Yes,4G,2,1386,No,2
MRD-002721,No,93.52,59,3961.13,Premium,3,No,0.98,No,No,5G,2,907,Yes,7
MRD-002722,Yes,36.51,9,546.4,Basic,1,Yes,1.84,Yes,Yes,5G,3,311,No,2
MRD-002723,Yes,42.49,58,2581.18,Basic,1,Yes,0.9,Yes,No,5G,2,518,No,5
MRD-002724,No,64.0,61,6678.56,Plus,2,No,1.7,Yes,Yes,5G,2,236,No,4
MRD-002725,No,86.32,92,6026.93,Premium,3,No,1.26,No,No,5G,1,939,Yes,7
MRD-002726,No,60.12,47,3509.38,Plus,3,Yes,0.36,Yes,Yes,5G,1,132,Yes,10
MRD-002727,No,105.13,93,5110.95,Premium,1,No,1.56,Yes,Yes,5G,2,26,No,6
MRD-002728,No,61.89,23,1074.67,Plus,3,Yes,5.63,No,No,4G,3,1172,Yes,2
MRD-002729,No,63.83,65,4735.31,Plus,3,No,3.69,Yes,No,4G,2,1315,Yes,7
MRD-002730,Yes,61.32,35,1883.84,Plus,1,No,2.67,Yes,No,4G,3,1402,No,9
MRD-002731,Yes,42.36,5,317.55,Basic,1,No,1.53,No,No,5G,2,597,No,10
MRD-002732,Yes,74.19,4,0.0,Premium,1,No,2.04,No,No,5G,2,773,No,3
MRD-002733,No,113.82,28,4831.1,Premium,4,No,0.58,No,No,5G,1,146,Yes,7
MRD-002734,No,75.18,23,2149.89,Premium,2,Yes,9.0,No,No,5G,5,658,No,5
MRD-002735,No,104.48,7,747.27,Premium,5,No,0.66,Yes,No,4G,1,752,Yes,1
MRD-002736,No,54.35,57,3323.12,Plus,2,No,5.11,Yes,Yes,4G,2,527,No,7
MRD-002737,No,40.04,2,109.6,Basic,1,No,9.06,Yes,No,5G,3,1141,No,9
MRD-002738,No,59.39,65,4175.02,Plus,2,No,8.62,No,No,5G,1,164,No,9
MRD-002739,No,47.4,1,326.66,Plus,3,No,2.13,Yes,Yes,4G,0,609,Yes,5
MRD-002740,No,38.23,78,4356.95,Basic,2,Yes,2.39,No,No,5G,2,1283,No,6
MRD-002741,Yes,31.53,1,160.08,Basic,5,No,13.22,No,No,4G,1,667,Yes,4
MRD-002742,No,64.08,55,3866.17,Plus,3,No,0.98,Yes,No,4G,0,327,Yes,2
MRD-002743,No,49.76,28,1370.01,Plus,5,No,2.9,No,No,5G,1,808,Yes,2
MRD-002744,Yes,35.93,45,2345.83,Basic,1,No,5.28,No,No,5G,2,1046,No,1
MRD-002745,No,81.81,94,4427.01,Premium,3,No,3.4,No,No,5G,0,1255,Yes,9
MRD-002746,No,84.03,8,533.28,Premium,2,No,6.7,Yes,Yes,5G,1,11,No,7
MRD-002747,No,64.55,43,2421.1,Plus,2,No,2.98,Yes,No,5G,2,662,No,9
MRD-002748,No,60.52,41,3848.04,Plus,2,No,12.14,Yes,Yes,4G,2,1125,No,10
MRD-002749,No,42.21,71,2700.83,Basic,1,Yes,4.74,No,No,5G,2,965,No,4
MRD-002750,No,56.11,0,189.39,Plus,4,No,0.99,Yes,Yes,5G,0,1093,Yes,10
MRD-002751,No,36.72,74,2686.68,Basic,3,No,1.84,No,No,5G,1,1462,Yes,7
MRD-002752,No,59.47,12,343.31,Plus,1,Yes,0.8,Yes,No,5G,4,622,No,5
MRD-002753,No,76.48,1,222.25,Plus,1,Yes,6.04,Yes,No,5G,5,451,No,8
MRD-002754,No,62.15,64,8563.33,Plus,1,No,0.72,Yes,Yes,4G,3,148,No,1
MRD-002755,No,41.03,96,2631.33,Basic,4,Yes,0.03,Yes,Yes,4G,3,1430,Yes,5
MRD-002756,No,36.09,71,3611.9,Basic,2,No,2.39,Yes,Yes,5G,4,672,No,4
MRD-002757,No,46.35,87,5133.52,Plus,3,No,8.87,Yes,No,5G,2,327,Yes,5
MRD-002758,Yes,27.47,24,545.24,Basic,1,No,1.95,No,No,5G,2,677,No,2
MRD-002759,No,50.72,43,2013.18,Plus,1,No,3.81,No,Yes,4G,0,163,No,3
MRD-002760,No,63.4,42,3761.99,Plus,1,No,1.69,No,Yes,4G,0,957,No,4
MRD-002761,No,49.44,13,398.83,Plus,4,Yes,0.37,Yes,No,5G,2,87,Yes,2
MRD-002762,No,33.15,89,3172.71,Basic,1,No,1.68,No,Yes,5G,1,255,No,9
MRD-002763,No,96.72,37,2536.3,Premium,4,No,3.72,No,Yes,5G,3,22,Yes,1
MRD-002764,No,55.95,95,2724.82,Plus,1,Yes,1.78,No,Yes,5G,3,779,No,9
MRD-002765,Yes,49.42,16,1555.05,Plus,1,No,0.74,No,No,5G,0,791,No,3
MRD-002766,No,98.93,64,9645.14,Premium,2,Yes,10.78,Yes,Yes,5G,1,1350,No,3
MRD-002767,No,99.27,1,258.4,Premium,2,No,3.06,Yes,No,5G,6,1202,No,10
MRD-002768,No,33.11,38,1139.39,Basic,3,No,0.07,Yes,No,5G,1,208,Yes,2
MRD-002769,No,65.98,32,1520.98,Plus,2,No,0.25,Yes,No,4G,1,98,No,3
MRD-002770,No,77.83,29,1294.23,Premium,4,No,3.97,Yes,Yes,5G,0,363,Yes,5
MRD-002771,No,61.64,70,4242.16,Plus,2,No,0.19,Yes,Yes,5G,1,48,No,9
MRD-002772,No,40.16,24,1126.35,Basic,1,No,1.8,Yes,Yes,4G,1,219,No,4
MRD-002773,No,102.46,4,771.56,Premium,2,Yes,8.62,Yes,No,5G,5,454,No,3
MRD-002774,No,35.96,54,1260.97,Basic,1,No,1.76,No,Yes,4G,2,182,No,8
MRD-002775,No,107.62,16,1565.59,Premium,2,No,6.51,No,Yes,5G,1,316,No,6
MRD-002776,Yes,90.03,77,8440.34,Premium,2,Yes,4.22,Yes,Yes,4G,5,28,No,2
MRD-002777,No,69.95,88,7646.62,Plus,2,No,9.12,Yes,Yes,5G,1,153,No,6
MRD-002778,No,44.21,1,176.22,Basic,2,Yes,2.31,No,Yes,4G,2,393,No,4
MRD-002779,No,46.49,75,2596.2,Basic,3,No,3.22,Yes,Yes,4G,3,1429,Yes,3
MRD-002780,No,96.59,78,8046.88,Premium,2,No,4.94,Yes,Yes,5G,3,882,No,3
MRD-002781,No,29.18,81,3091.35,Basic,3,No,2.83,Yes,No,5G,4,987,Yes,9
MRD-002782,No,102.93,81,6539.83,Premium,3,No,3.25,Yes,Yes,5G,1,1253,Yes,3
MRD-002783,No,54.62,5,167.52,Plus,3,No,3.59,Yes,No,5G,2,1284,Yes,6
MRD-002784,Yes,29.85,15,759.24,Basic,2,No,1.75,Yes,Yes,5G,4,147,No,2
MRD-002785,No,80.21,5,491.77,Premium,3,No,4.04,No,No,5G,1,426,Yes,3
MRD-002786,Yes,39.51,77,3429.13,Basic,3,No,4.82,Yes,No,4G,1,150,Yes,2
MRD-002787,No,105.48,56,11399.94,Premium,2,No,0.82,No,No,4G,3,1375,No,2
MRD-002788,No,34.71,45,1131.25,Basic,1,No,7.44,Yes,No,5G,1,1092,No,3
MRD-002789,No,86.1,67,3043.73,Premium,3,No,2.23,No,No,5G,2,1009,Yes,3
MRD-002790,Yes,40.26,23,1592.58,Basic,4,Yes,3.56,No,Yes,5G,0,272,Yes,5
MRD-002791,No,42.3,16,586.25,Basic,5,No,1.54,No,Yes,5G,0,652,Yes,9
MRD-002792,No,81.69,65,3832.82,Premium,3,No,6.17,No,No,4G,3,1210,Yes,10
MRD-002793,No,56.27,78,2001.44,Plus,1,No,2.52,Yes,No,4G,2,858,No,7
MRD-002794,Yes,67.22,20,1766.97,Plus,3,No,3.71,Yes,No,4G,3,153,Yes,7
MRD-002795,No,92.12,52,4982.06,Premium,1,Yes,2.9,Yes,Yes,4G,3,666,No,3
MRD-002796,No,55.02,32,2398.86,Plus,5,No,2.01,Yes,Yes,4G,3,1001,Yes,6
MRD-002797,No,101.11,23,2439.66,Premium,5,No,2.64,Yes,Yes,5G,1,272,Yes,3
MRD-002798,No,93.85,63,4601.32,Premium,2,No,3.66,Yes,No,4G,3,1411,No,6
MRD-002799,No,123.9,19,1622.54,Premium,5,No,0.73,No,No,4G,0,1310,Yes,4
MRD-002800,No,58.9,10,893.48,Plus,1,No,0.78,Yes,No,5G,0,970,No,1
MRD-002801,No,104.8,58,3038.72,Premium,1,No,7.05,Yes,Yes,5G,1,900,No,10
MRD-002802,No,93.76,77,5169.67,Premium,2,No,4.21,No,No,5G,2,1470,No,7
MRD-002803,No,42.14,47,2694.35,Basic,1,No,6.01,No,Yes,5G,0,680,No,2
MRD-002804,Yes,62.38,79,4386.72,Plus,1,No,0.68,Yes,No,5G,1,816,No,8
MRD-002805,No,42.98,35,2471.13,Basic,3,No,1.28,Yes,No,4G,1,743,Yes,2
MRD-002806,No,31.27,43,796.61,Basic,1,No,1.45,Yes,Yes,5G,1,1483,No,9
MRD-002807,Yes,70.29,92,4285.99,Plus,3,Yes,3.83,No,Yes,4G,3,1180,Yes,8
MRD-002808,No,67.19,26,1628.82,Plus,4,No,1.19,No,Yes,5G,0,373,Yes,2
MRD-002809,No,25.35,87,2077.99,Basic,3,Yes,0.13,Yes,Yes,5G,0,872,Yes,8
MRD-002810,No,30.6,96,2126.83,Basic,1,No,9.26,No,Yes,4G,3,782,No,5
MRD-002811,No,53.71,9,531.46,Plus,1,Yes,2.07,No,Yes,5G,1,1392,No,3
MRD-002812,Yes,65.9,3,317.12,Plus,1,Yes,4.12,Yes,Yes,4G,2,1086,No,9
MRD-002813,No,68.28,68,8471.22,Plus,3,Yes,1.75,No,No,5G,4,390,Yes,5
MRD-002814,Yes,26.88,48,1881.79,Basic,4,No,2.56,No,Yes,5G,0,1471,Yes,1
MRD-002815,No,47.48,70,3308.72,Plus,2,No,1.86,No,No,4G,1,1391,No,5
MRD-002816,No,72.82,86,8156.97,Plus,4,No,2.15,Yes,No,5G,1,1196,Yes,10
MRD-002817,Yes,33.89,68,927.79,Basic,2,Yes,1.8,Yes,Yes,5G,3,1296,No,10
MRD-002818,No,46.61,62,2432.79,Plus,1,No,1.35,Yes,No,4G,2,1378,No,8
MRD-002819,No,70.34,84,4640.65,Plus,2,No,8.28,No,No,5G,1,38,No,6
MRD-002820,No,52.33,44,1356.15,Plus,1,No,3.77,Yes,Yes,5G,2,133,No,6
MRD-002821,No,51.0,67,1397.06,Plus,2,Yes,2.21,Yes,No,4G,1,111,No,1
MRD-002822,No,75.38,34,3494.82,Plus,2,No,6.95,Yes,No,5G,3,811,No,4
MRD-002823,No,99.64,33,2767.15,Premium,1,No,5.73,No,Yes,4G,0,951,No,2
MRD-002824,No,45.65,96,4961.36,Plus,2,No,0.98,Yes,No,5G,1,1012,No,8
MRD-002825,No,60.58,37,2432.45,Plus,2,No,1.11,Yes,No,5G,1,1247,No,3
MRD-002826,No,83.22,54,4359.09,Premium,2,No,0.61,Yes,No,5G,2,777,No,10
MRD-002827,Yes,33.64,35,549.53,Basic,2,Yes,0.56,Yes,No,5G,2,1187,No,9
MRD-002828,Yes,25.49,56,1812.6,Basic,1,Yes,13.29,Yes,No,5G,3,1124,No,6
MRD-002829,No,68.2,33,2919.52,Plus,2,Yes,4.29,Yes,Yes,4G,1,1101,No,8
MRD-002830,No,39.99,74,1856.9,Basic,3,No,2.04,Yes,No,5G,0,348,Yes,7
MRD-002831,No,45.5,52,2459.22,Basic,2,No,2.11,Yes,No,5G,1,1324,No,5
MRD-002832,No,28.85,89,1823.37,Basic,2,No,1.69,No,Yes,4G,1,1294,No,5
MRD-002833,No,48.67,68,4755.42,Plus,2,No,0.71,Yes,No,5G,2,1076,No,5
MRD-002834,Yes,31.02,34,1214.69,Basic,5,No,3.86,No,No,5G,2,1409,Yes,1
MRD-002835,Yes,30.03,1,356.21,Basic,1,No,3.86,Yes,Yes,5G,2,1176,No,5
MRD-002836,No,38.78,35,1642.66,Basic,1,No,4.2,Yes,Yes,4G,2,828,No,7
MRD-002837,No,63.82,32,3014.68,Plus,1,No,0.74,No,No,5G,2,425,No,2
MRD-002838,No,106.68,3,333.31,Premium,3,No,0.1,Yes,No,4G,2,1138,Yes,1
MRD-002839,No,55.35,12,1149.29,Plus,1,No,5.76,No,Yes,5G,3,756,No,2
MRD-002840,No,75.68,95,8995.8,Premium,3,No,1.86,Yes,No,4G,4,276,Yes,9
MRD-002841,No,43.52,78,4425.89,Basic,2,No,0.87,Yes,No,5G,2,136,No,5
MRD-002842,No,32.97,33,871.18,Basic,1,No,2.06,No,No,5G,1,354,No,6
MRD-002843,Yes,56.52,72,5027.16,Plus,1,Yes,9.13,Yes,No,5G,0,809,No,2
MRD-002844,No,60.3,54,2703.3,Plus,2,No,1.17,No,No,4G,1,1038,No,1
MRD-002845,No,39.88,30,922.78,Basic,1,No,2.79,Yes,Yes,5G,3,543,No,4
MRD-002846,Yes,87.35,61,7614.21,Premium,2,No,8.52,Yes,Yes,4G,0,378,No,4
MRD-002847,No,80.52,51,2315.06,Premium,1,No,4.6,Yes,Yes,4G,3,459,No,9
MRD-002848,No,59.58,81,7228.58,Plus,1,No,1.17,Yes,No,5G,2,101,No,9
MRD-002849,Yes,32.88,88,4021.58,Basic,1,No,5.07,Yes,No,5G,1,176,No,10
MRD-002850,No,34.76,90,3183.51,Basic,1,No,2.39,Yes,Yes,5G,3,1488,No,8
MRD-002851,No,63.58,34,3380.94,Plus,2,No,4.01,Yes,No,5G,1,1213,No,9
MRD-002852,No,60.17,6,524.12,Plus,2,No,2.85,Yes,Yes,4G,1,759,No,1
MRD-002853,No,32.22,6,306.61,Basic,2,No,0.46,No,No,5G,3,1239,No,9
MRD-002854,No,97.27,81,23074.47,Premium,2,No,1.34,Yes,No,5G,1,618,No,7
MRD-002855,No,37.6,41,1526.49,Basic,3,No,5.96,Yes,Yes,5G,0,709,Yes,7
MRD-002856,Yes,38.24,13,666.01,Basic,3,No,0.8,Yes,No,5G,0,503,Yes,4
MRD-002857,Yes,30.23,26,733.77,Basic,1,Yes,3.02,No,Yes,4G,2,318,No,1
MRD-002858,No,68.41,32,1513.58,Plus,3,No,0.44,No,No,4G,2,176,Yes,5
MRD-002859,No,64.11,0,59.91,Plus,3,No,0.74,No,No,5G,2,1320,Yes,7
MRD-002860,No,37.39,13,199.14,Basic,1,No,0.3,Yes,No,5G,3,385,No,3
MRD-002861,No,103.14,77,11719.1,Premium,1,No,5.58,Yes,Yes,5G,1,1036,No,3
MRD-002862,Yes,32.7,59,2019.76,Basic,1,No,6.41,Yes,No,4G,1,1471,No,8
MRD-002863,No,38.04,65,2206.99,Basic,3,No,3.13,Yes,Yes,5G,6,759,Yes,1
MRD-002864,No,46.33,30,993.35,Plus,2,No,2.05,Yes,No,5G,0,1282,No,5
MRD-002865,Yes,33.02,11,906.33,Basic,1,Yes,3.4,Yes,No,5G,5,1344,No,5
MRD-002866,Yes,44.19,38,856.43,Basic,2,Yes,3.67,Yes,No,5G,1,832,No,4
MRD-002867,No,36.37,37,2025.34,Basic,2,No,0.95,No,No,4G,3,1102,No,3
MRD-002868,No,62.0,4,140.8,Plus,2,No,4.43,Yes,No,4G,1,59,No,1
MRD-002869,No,66.45,71,2782.28,Plus,1,No,1.7,Yes,No,5G,1,818,No,1
MRD-002870,No,97.88,90,6684.5,Premium,1,Yes,1.3,Yes,Yes,5G,1,316,No,2
MRD-002871,No,56.72,15,768.19,Plus,2,No,3.01,No,No,5G,3,379,No,10
MRD-002872,No,34.93,19,817.66,Basic,1,Yes,4.36,Yes,No,4G,1,334,No,5
MRD-002873,Yes,59.15,2,373.7,Plus,2,No,4.26,Yes,Yes,4G,1,1339,No,2
MRD-002874,Yes,34.6,38,602.85,Basic,1,No,10.38,No,No,4G,1,1225,No,9
MRD-002875,No,59.66,22,1843.13,Plus,1,No,9.43,No,No,5G,2,735,No,3
MRD-002876,No,25.02,40,1995.32,Basic,2,Yes,0.93,No,No,5G,0,933,No,1
MRD-002877,No,52.52,88,2971.9,Plus,1,No,4.27,No,Yes,4G,0,782,No,5
MRD-002878,Yes,31.82,19,749.14,Basic,1,No,3.76,No,No,4G,3,9,No,5
MRD-002879,No,35.25,96,5438.87,Basic,4,No,2.19,No,Yes,4G,2,28,Yes,7
MRD-002880,No,39.77,73,7700.07,Basic,1,No,0.31,No,Yes,5G,2,435,No,3
MRD-002881,No,61.77,83,6165.51,Plus,1,No,11.47,Yes,Yes,5G,0,134,No,8
MRD-002882,Yes,31.25,41,1529.86,Basic,1,No,2.82,Yes,Yes,5G,1,1414,No,3
MRD-002883,No,83.81,83,5749.92,Premium,3,No,6.74,Yes,No,5G,1,771,Yes,2
MRD-002884,No,56.37,69,6727.98,Plus,3,No,0.87,Yes,Yes,5G,1,473,Yes,10
MRD-002885,No,106.0,66,1741.39,Premium,1,No,3.27,No,No,4G,2,184,No,8
MRD-002886,No,65.22,79,4087.3,Plus,4,Yes,6.17,No,No,5G,3,1420,Yes,6
MRD-002887,No,91.15,54,5311.1,Premium,1,No,0.63,Yes,No,4G,2,757,No,1
MRD-002888,No,38.49,10,527.34,Basic,5,No,4.79,No,Yes,5G,1,934,Yes,5
MRD-002889,Yes,38.85,34,1379.48,Basic,2,No,0.89,Yes,No,4G,1,1395,No,3
MRD-002890,No,105.08,92,13053.19,Premium,1,No,12.79,Yes,No,5G,0,377,No,5
MRD-002891,Yes,32.26,8,419.14,Basic,2,No,4.23,Yes,Yes,5G,1,1408,No,7
MRD-002892,No,58.3,13,1533.74,Plus,2,No,3.03,No,Yes,4G,2,1493,No,6
MRD-002893,Yes,41.89,43,2419.2,Basic,1,No,12.76,Yes,No,5G,2,955,No,10
MRD-002894,No,60.09,38,5861.93,Plus,1,No,1.66,Yes,Yes,5G,1,261,No,3
MRD-002895,No,78.13,26,2065.74,Plus,2,No,3.47,No,No,4G,0,950,No,8
MRD-002896,No,34.58,91,1377.1,Basic,1,No,3.12,Yes,No,5G,0,955,No,3
MRD-002897,No,57.0,83,6709.18,Plus,2,No,0.44,No,No,5G,2,364,No,4
MRD-002898,No,58.71,36,2008.18,Plus,1,No,0.43,No,Yes,5G,0,22,No,6
MRD-002899,No,67.2,73,4451.85,Plus,1,No,0.5,No,Yes,5G,1,777,No,2
MRD-002900,No,87.12,26,2300.16,Premium,1,No,8.89,Yes,No,5G,1,108,No,1
MRD-002901,No,105.24,34,6200.41,Premium,5,No,1.65,Yes,No,5G,1,836,Yes,3
MRD-002902,No,56.92,12,959.93,Plus,3,No,5.33,Yes,Yes,5G,0,822,Yes,3
MRD-002903,No,49.68,38,2224.39,Plus,4,No,3.13,No,Yes,4G,2,995,Yes,8
MRD-002904,No,88.57,32,1334.83,Premium,2,No,1.02,Yes,Yes,4G,1,1284,No,6
MRD-002905,No,36.18,64,3179.14,Basic,1,Yes,3.39,Yes,Yes,5G,1,1231,No,4
MRD-002906,No,88.74,18,2185.38,Premium,3,No,3.65,Yes,Yes,5G,2,712,Yes,7
MRD-002907,No,55.4,25,1478.66,Plus,1,No,1.1,Yes,No,4G,1,345,No,7
MRD-002908,Yes,59.25,10,596.1,Plus,3,No,5.34,Yes,No,5G,1,1209,Yes,4
MRD-002909,No,73.88,3,750.27,Plus,1,No,9.91,Yes,Yes,5G,0,295,No,5
MRD-002910,No,65.82,10,451.2,Plus,3,Yes,7.0,Yes,No,4G,1,633,Yes,2
MRD-002911,No,66.5,12,613.06,Premium,3,No,8.24,Yes,No,5G,2,34,Yes,7
MRD-002912,No,118.19,58,7457.12,Premium,3,No,2.03,Yes,Yes,4G,1,580,Yes,2
MRD-002913,No,75.47,86,13861.56,Plus,2,No,6.17,No,Yes,5G,3,785,No,7
MRD-002914,No,57.8,49,7157.32,Plus,3,No,5.84,No,Yes,5G,1,214,Yes,10
MRD-002915,No,50.13,29,942.95,Plus,2,No,1.28,No,No,4G,2,802,No,8
MRD-002916,No,76.26,74,4971.87,Premium,1,No,4.43,No,No,5G,1,446,No,1
MRD-002917,No,53.31,27,1544.16,Plus,4,No,0.25,Yes,No,4G,0,2,Yes,5
MRD-002918,No,118.26,51,10121.92,Premium,1,No,1.89,No,No,5G,1,1083,No,3
MRD-002919,No,59.91,12,290.25,Plus,1,No,0.47,Yes,No,5G,2,743,No,7
MRD-002920,No,101.52,13,1600.21,Premium,1,No,2.09,No,Yes,4G,3,410,No,9
MRD-002921,No,54.32,64,1055.66,Plus,1,No,4.99,Yes,No,5G,1,889,No,4
MRD-002922,Yes,62.95,67,2668.95,Plus,2,No,4.36,No,Yes,5G,4,1390,No,3
MRD-002923,No,33.77,78,3336.26,Basic,1,No,0.82,Yes,No,5G,1,1410,No,1
MRD-002924,Yes,39.6,16,868.84,Basic,2,No,8.27,Yes,No,5G,0,797,No,1
MRD-002925,No,100.96,24,2118.31,Premium,4,Yes,2.15,Yes,No,5G,0,1099,Yes,10
MRD-002926,Yes,37.44,64,3682.16,Basic,1,No,5.1,Yes,No,4G,3,699,No,5
MRD-002927,No,76.92,63,4914.02,Premium,2,No,10.56,Yes,Yes,5G,3,1056,No,7
MRD-002928,No,27.93,56,1661.95,Basic,4,No,0.2,Yes,No,5G,1,685,Yes,3
MRD-002929,No,30.76,29,1340.01,Basic,1,No,3.89,Yes,No,4G,1,584,No,9
MRD-002930,Yes,39.21,1,160.8,Basic,5,No,7.78,No,Yes,5G,1,961,Yes,7
MRD-002931,No,50.91,20,1812.63,Plus,2,No,19.49,Yes,No,4G,3,675,No,6
MRD-002932,Yes,52.75,40,2112.04,Plus,1,Yes,6.77,Yes,No,5G,4,1494,No,2
MRD-002933,No,81.82,47,4624.84,Premium,2,No,1.97,No,No,5G,3,469,No,1
MRD-002934,No,49.02,19,524.54,Plus,2,No,2.27,Yes,No,5G,1,262,No,5
MRD-002935,No,55.79,81,7070.1,Plus,1,No,0.59,No,Yes,5G,1,751,No,10
MRD-002936,No,43.33,67,2827.08,Plus,3,No,6.25,No,No,5G,0,1236,Yes,6
MRD-002937,Yes,30.13,28,857.08,Basic,2,No,7.47,Yes,No,5G,1,415,No,9
MRD-002938,No,58.44,1,381.8,Plus,1,No,3.91,Yes,Yes,4G,0,402,No,1
MRD-002939,Yes,66.87,27,2259.14,Plus,2,No,0.65,Yes,Yes,5G,1,392,No,2
MRD-002940,No,51.39,4,582.03,Plus,3,No,2.68,No,No,5G,1,424,Yes,2
MRD-002941,No,68.5,48,5255.73,Plus,4,No,5.51,No,No,5G,1,1397,Yes,8
MRD-002942,No,38.17,33,854.79,Basic,2,Yes,0.23,Yes,No,5G,0,830,No,9
MRD-002943,No,70.22,96,5907.19,Plus,2,No,2.52,Yes,No,5G,0,1151,No,2
MRD-002944,No,97.2,23,1231.17,Premium,2,Yes,0.92,No,Yes,5G,0,346,No,7
MRD-002945,No,30.25,31,654.39,Basic,1,Yes,0.15,Yes,No,5G,2,1460,No,6
MRD-002946,Yes,66.33,33,1960.51,Plus,2,Yes,1.52,No,Yes,5G,1,373,No,3
MRD-002947,No,29.39,5,278.89,Basic,2,No,0.65,No,No,5G,1,1087,No,5
MRD-002948,Yes,29.31,19,259.54,Basic,1,No,5.27,Yes,No,4G,1,348,No,6
MRD-002949,No,32.61,83,1641.47,Basic,2,No,3.68,Yes,No,5G,1,673,No,2
MRD-002950,No,55.93,79,4198.6,Plus,5,No,2.89,No,No,5G,2,716,Yes,2
MRD-002951,Yes,37.89,42,2235.89,Basic,1,No,9.45,No,No,5G,0,360,No,8
MRD-002952,Yes,29.86,66,1310.64,Basic,1,No,5.2,Yes,No,5G,2,168,No,1
MRD-002953,No,88.08,23,2256.66,Premium,1,No,2.78,No,No,5G,3,307,No,6
MRD-002954,Yes,33.99,77,4577.56,Basic,4,No,2.26,Yes,No,5G,1,206,Yes,7
MRD-002955,No,84.58,78,4303.18,Premium,1,Yes,4.91,Yes,Yes,4G,0,403,No,7
MRD-002956,No,61.22,62,4553.24,Plus,2,No,1.93,No,No,5G,1,469,No,9
MRD-002957,No,58.72,14,1200.84,Plus,1,No,2.14,Yes,Yes,4G,2,376,No,4
MRD-002958,Yes,39.66,58,2785.77,Basic,4,No,3.37,No,No,4G,0,1398,Yes,6
MRD-002959,No,97.12,77,5994.3,Premium,2,No,2.63,Yes,Yes,5G,2,1055,No,6
MRD-002960,No,95.3,5,468.99,Premium,1,No,5.15,Yes,No,5G,1,1251,No,4
MRD-002961,No,63.56,28,1909.25,Plus,2,No,6.1,Yes,No,5G,2,877,No,6
MRD-002962,No,63.72,69,8303.97,Plus,1,No,1.88,Yes,Yes,4G,1,675,No,3
MRD-002963,No,65.19,20,2330.18,Plus,1,No,3.71,No,No,5G,1,252,No,2
MRD-002964,No,106.61,44,4420.6,Premium,3,Yes,5.6,No,No,4G,2,243,Yes,9
MRD-002965,Yes,76.25,28,1894.12,Plus,2,No,6.73,No,No,5G,2,471,No,3
MRD-002966,No,28.49,45,2002.28,Basic,2,No,0.57,No,Yes,4G,0,275,No,8
MRD-002967,No,66.48,22,1027.36,Premium,3,No,2.89,Yes,Yes,5G,2,792,Yes,2
MRD-002968,No,85.3,55,3956.54,Premium,2,Yes,2.54,Yes,Yes,4G,3,445,No,1
MRD-002969,No,76.86,84,5544.01,Premium,5,No,2.2,Yes,No,5G,3,1464,Yes,8
MRD-002970,No,31.03,88,5121.04,Basic,1,No,0.9,No,Yes,5G,1,1348,No,6
MRD-002971,No,28.96,83,2798.36,Basic,1,No,6.96,Yes,Yes,5G,3,1425,No,9
MRD-002972,No,64.34,70,4713.82,Plus,2,No,1.1,Yes,No,5G,0,75,No,5
MRD-002973,No,39.93,25,1054.11,Basic,1,No,0.46,Yes,No,4G,2,119,No,1
MRD-002974,Yes,62.18,9,207.72,Plus,1,No,1.35,Yes,No,5G,1,257,No,2
MRD-002975,No,31.94,52,2261.77,Basic,3,No,2.13,No,No,5G,1,1459,Yes,4
MRD-002976,No,36.57,55,2561.6,Basic,4,No,1.57,No,No,5G,3,706,Yes,2
MRD-002977,No,100.67,91,4739.95,Premium,2,No,3.0,Yes,No,4G,2,506,No,8
MRD-002978,No,29.87,89,3008.79,Basic,1,No,4.55,Yes,No,5G,3,789,No,9
MRD-002979,No,61.73,88,7278.97,Plus,5,No,6.16,Yes,Yes,5G,1,731,Yes,3
MRD-002980,No,85.82,67,6069.45,Premium,3,No,2.33,Yes,Yes,5G,3,1251,Yes,2
MRD-002981,No,85.68,36,5482.41,Premium,1,No,0.95,Yes,No,4G,5,1016,No,3
MRD-002982,No,58.11,57,3344.91,Plus,3,No,8.7,Yes,Yes,5G,1,214,Yes,7
MRD-002983,No,33.67,85,1520.62,Basic,1,Yes,6.55,No,Yes,5G,1,773,No,9
MRD-002984,Yes,31.96,20,475.21,Basic,1,No,2.21,No,No,5G,3,25,No,6
MRD-002985,No,63.04,78,6254.33,Plus,1,Yes,1.3,No,Yes,4G,2,1310,No,7
MRD-002986,No,36.1,68,2867.28,Basic,2,No,0.91,No,No,4G,0,787,No,7
MRD-002987,No,116.07,0,0.0,Premium,1,No,4.02,Yes,Yes,5G,2,1062,No,8
MRD-002988,No,86.99,59,5079.84,Premium,3,Yes,0.2,Yes,No,4G,1,1107,Yes,4
MRD-002989,No,57.47,19,551.15,Plus,1,No,5.47,No,Yes,5G,2,1005,No,8
MRD-002990,No,62.0,50,5481.8,Plus,3,No,2.09,Yes,Yes,5G,1,324,Yes,2
MRD-002991,No,93.71,41,3737.99,Premium,1,No,9.47,Yes,No,5G,0,1259,No,6
MRD-002992,No,61.39,4,245.06,Plus,1,Yes,5.49,Yes,No,5G,1,716,No,9
MRD-002993,Yes,37.16,64,1100.73,Basic,4,No,3.78,Yes,Yes,4G,4,1479,Yes,4
MRD-002994,No,29.32,68,3741.9,Basic,2,No,1.16,Yes,Yes,5G,0,150,No,6
MRD-002995,No,63.09,81,3571.53,Plus,1,No,3.86,No,No,5G,4,1302,No,4
MRD-002996,Yes,42.0,12,650.8,Basic,3,No,14.96,No,Yes,5G,2,94,Yes,5
MRD-002997,Yes,34.49,46,1666.26,Basic,2,No,10.74,No,No,5G,1,987,No,3
MRD-002998,No,67.13,4,385.43,Plus,1,Yes,7.24,No,No,5G,0,928,No,9
MRD-002999,No,100.8,70,6111.0,Premium,1,No,0.16,No,Yes,4G,1,490,No,4
MRD-003000,No,61.07,46,1792.56,Plus,4,No,2.05,No,No,5G,2,524,Yes,3
MRD-003001,No,77.26,60,4895.68,Premium,2,No,6.55,Yes,No,4G,1,998,No,4
MRD-003002,Yes,53.08,13,1250.07,Plus,3,No,1.94,Yes,No,5G,0,1033,Yes,3
MRD-003003,Yes,62.35,46,2354.31,Plus,1,No,2.96,Yes,No,4G,2,411,No,6
MRD-003004,No,43.02,61,8323.72,Basic,1,No,5.21,No,No,5G,1,224,No,2
MRD-003005,No,114.44,7,1378.0,Premium,2,Yes,1.66,No,Yes,4G,4,1243,No,2
MRD-003006,No,93.0,72,7232.95,Premium,4,Yes,0.73,Yes,Yes,4G,0,1086,Yes,2
MRD-003007,No,58.14,34,614.19,Plus,1,No,9.92,No,No,5G,0,464,No,10
MRD-003008,No,68.47,82,2232.14,Plus,1,No,1.23,Yes,No,4G,2,1301,No,10
MRD-003009,No,60.39,60,1791.18,Plus,1,Yes,6.94,No,Yes,5G,2,547,No,9
MRD-003010,No,72.79,67,1515.85,Plus,1,No,7.55,Yes,Yes,4G,1,102,No,5
MRD-003011,No,29.92,33,996.3,Basic,4,Yes,2.43,Yes,Yes,5G,0,968,Yes,2
MRD-003012,No,60.78,77,3992.03,Plus,1,No,0.4,Yes,Yes,5G,1,460,No,6
MRD-003013,No,90.48,33,3451.89,Premium,2,No,0.61,Yes,No,5G,2,921,No,8
MRD-003014,No,62.94,12,424.42,Plus,3,No,9.2,Yes,No,4G,2,1010,Yes,1
MRD-003015,Yes,37.01,49,2005.34,Basic,1,No,6.59,No,Yes,5G,2,1289,No,6
MRD-003016,No,105.66,9,711.1,Premium,5,No,3.21,No,No,4G,1,1498,Yes,1
MRD-003017,No,58.46,53,5140.99,Plus,2,No,1.21,No,Yes,4G,1,1362,No,7
MRD-003018,No,38.32,72,3975.44,Basic,1,No,1.73,Yes,Yes,4G,2,875,No,8
MRD-003019,No,52.99,32,2370.78,Plus,1,No,1.45,Yes,No,5G,2,1359,No,1
MRD-003020,No,28.29,34,555.02,Basic,2,No,6.26,Yes,No,5G,1,521,No,3
MRD-003021,No,98.72,54,6090.06,Premium,5,Yes,0.51,Yes,No,5G,0,757,Yes,4
MRD-003022,Yes,54.25,80,3475.05,Plus,1,No,2.26,Yes,No,5G,2,546,No,1
MRD-003023,No,49.75,43,1823.06,Plus,4,Yes,0.77,Yes,Yes,5G,2,40,Yes,8
MRD-003024,No,42.67,58,3002.9,Basic,5,No,4.15,No,Yes,5G,1,1152,Yes,4
MRD-003025,Yes,111.73,87,8106.4,Premium,3,No,10.64,Yes,Yes,5G,2,937,Yes,1
MRD-003026,Yes,56.24,2,35.28,Plus,1,No,2.48,No,No,5G,0,52,No,5
MRD-003027,No,63.54,4,302.36,Plus,2,Yes,8.5,No,Yes,4G,2,95,No,8
MRD-003028,No,28.46,8,359.95,Basic,1,Yes,4.2,Yes,No,4G,2,1297,No,6
MRD-003029,Yes,32.22,51,1768.54,Basic,2,No,4.74,Yes,Yes,5G,1,208,No,5
MRD-003030,No,58.79,8,571.87,Plus,2,No,9.17,No,Yes,4G,3,1325,No,6
MRD-003031,No,58.11,3,245.74,Plus,5,No,2.07,Yes,No,4G,1,497,Yes,9
MRD-003032,No,25.77,7,374.62,Basic,4,No,0.59,Yes,Yes,4G,0,483,Yes,10
MRD-003033,No,41.55,10,348.19,Basic,2,Yes,4.57,Yes,Yes,5G,0,827,No,1
MRD-003034,No,39.3,72,2366.72,Basic,2,No,0.96,Yes,No,5G,0,257,No,7
MRD-003035,Yes,37.76,18,623.5,Basic,1,No,1.76,Yes,No,4G,2,1158,No,5
MRD-003036,No,39.27,64,2269.18,Basic,4,No,4.13,No,No,5G,3,275,Yes,6
MRD-003037,No,93.96,25,4469.66,Premium,2,Yes,6.55,Yes,Yes,5G,0,385,No,9
MRD-003038,No,86.69,22,1636.53,Premium,4,No,0.13,No,No,5G,3,963,Yes,8
MRD-003039,No,56.37,84,3562.69,Plus,2,No,4.55,Yes,No,4G,1,1393,No,8
MRD-003040,Yes,34.19,79,3100.13,Basic,4,Yes,0.24,No,Yes,4G,1,1091,Yes,2
MRD-003041,No,53.15,59,4609.69,Plus,3,No,3.34,No,Yes,5G,2,1210,Yes,4
MRD-003042,No,105.18,0,283.6,Premium,1,Yes,1.0,No,Yes,5G,1,773,No,4
MRD-003043,No,53.43,59,2057.69,Plus,2,No,2.4,No,No,5G,1,1054,No,7
MRD-003044,No,32.93,41,339.44,Basic,1,Yes,1.71,No,No,5G,1,1097,No,6
MRD-003045,No,37.02,89,3547.37,Basic,2,No,2.35,Yes,Yes,4G,5,1487,No,9
MRD-003046,No,51.36,49,1253.66,Plus,4,Yes,0.71,No,Yes,5G,4,584,Yes,9
MRD-003047,No,86.85,22,1556.71,Premium,2,No,2.54,Yes,Yes,4G,1,628,No,10
MRD-003048,No,37.23,56,2179.51,Basic,2,No,3.11,Yes,No,5G,0,799,No,7
MRD-003049,No,42.62,92,3216.89,Basic,3,No,4.15,Yes,No,5G,0,1182,Yes,8
MRD-003050,Yes,35.28,76,2959.01,Basic,2,No,3.49,No,Yes,5G,1,320,No,7
MRD-003051,No,103.41,52,3842.2,Premium,2,No,3.74,No,No,4G,1,434,No,8
MRD-003052,No,37.16,53,1741.38,Basic,2,Yes,0.5,Yes,No,4G,0,849,No,1
MRD-003053,No,57.29,89,8338.47,Plus,2,No,6.27,Yes,No,4G,2,578,No,6
MRD-003054,No,81.18,24,1643.4,Premium,5,No,5.0,No,Yes,4G,5,1067,Yes,6
MRD-003055,No,63.44,21,3163.65,Plus,2,No,4.23,Yes,Yes,5G,3,225,No,5
MRD-003056,No,34.95,57,2093.84,Basic,1,No,1.22,No,Yes,5G,0,855,No,8
MRD-003057,No,56.25,87,2451.0,Plus,4,No,0.29,Yes,No,5G,2,938,Yes,10
MRD-003058,Yes,63.91,64,5148.06,Plus,5,Yes,1.05,Yes,Yes,5G,2,937,Yes,7
MRD-003059,No,56.05,72,5232.05,Plus,1,No,5.61,No,No,4G,2,334,No,3
MRD-003060,No,61.7,72,4600.73,Plus,2,No,0.16,Yes,No,4G,2,1097,No,8
MRD-003061,No,27.95,29,605.37,Basic,2,No,7.2,Yes,No,5G,2,1113,No,1
MRD-003062,No,90.6,24,1158.08,Premium,2,No,5.48,No,Yes,4G,2,1138,No,6
MRD-003063,No,60.25,64,3772.29,Plus,3,No,2.12,No,No,5G,0,428,Yes,8
MRD-003064,No,109.11,47,10118.66,Premium,2,No,1.09,No,No,5G,3,930,No,4
MRD-003065,No,60.58,45,2568.12,Plus,2,Yes,6.31,Yes,No,4G,0,533,No,5
MRD-003066,Yes,34.63,30,619.65,Basic,2,No,2.47,Yes,No,5G,3,541,No,3
MRD-003067,No,66.1,51,3719.64,Plus,2,No,1.53,Yes,Yes,4G,2,1447,No,7
MRD-003068,Yes,93.53,22,3378.29,Premium,3,No,3.56,Yes,No,5G,3,836,Yes,4
MRD-003069,No,111.73,75,14873.69,Premium,3,No,7.51,No,No,4G,2,425,Yes,1
MRD-003070,No,109.32,69,5872.8,Premium,2,No,0.92,No,Yes,5G,0,1472,No,1
MRD-003071,Yes,56.28,51,4348.82,Plus,3,No,2.11,Yes,No,4G,3,1299,Yes,5
MRD-003072,No,32.03,19,1158.32,Basic,3,No,2.09,Yes,No,4G,1,1147,Yes,3
MRD-003073,No,112.75,3,475.68,Premium,2,No,3.0,No,Yes,5G,1,716,No,1
MRD-003074,No,85.95,21,1518.04,Premium,1,No,9.01,Yes,Yes,5G,2,1071,No,6
MRD-003075,Yes,60.69,61,3700.69,Plus,4,No,1.8,Yes,No,5G,2,839,Yes,10
MRD-003076,No,60.4,69,2773.88,Plus,2,No,3.01,Yes,No,5G,0,567,No,1
MRD-003077,No,101.15,4,633.4,Premium,1,No,2.08,Yes,No,5G,3,1057,No,3
MRD-003078,No,111.34,2,524.93,Premium,1,No,0.9,Yes,Yes,5G,1,1277,No,4
MRD-003079,No,58.53,46,2776.07,Plus,2,No,0.48,No,No,5G,0,1414,No,9
MRD-003080,No,108.6,47,5145.04,Premium,2,Yes,11.32,Yes,No,5G,1,1189,No,4
MRD-003081,Yes,37.61,94,2579.58,Basic,2,No,7.47,No,No,5G,3,136,No,2
MRD-003082,No,57.28,57,1906.21,Plus,1,No,4.15,Yes,No,5G,3,1402,No,7
MRD-003083,No,56.52,70,4670.78,Plus,1,Yes,1.86,No,Yes,5G,4,697,No,9
MRD-003084,No,37.98,78,2717.07,Basic,5,No,2.14,Yes,No,5G,3,542,Yes,7
MRD-003085,No,56.66,47,4829.17,Plus,5,No,6.95,Yes,Yes,5G,1,1424,Yes,4
MRD-003086,No,104.62,54,8594.28,Premium,3,No,4.61,Yes,No,4G,5,208,Yes,4
MRD-003087,Yes,36.1,3,83.71,Basic,1,No,3.51,Yes,Yes,5G,0,1358,No,2
MRD-003088,No,92.87,86,22928.96,Premium,1,Yes,4.65,Yes,Yes,5G,1,675,No,5
MRD-003089,No,54.77,63,8570.17,Plus,4,No,0.93,No,No,5G,1,92,Yes,1
MRD-003090,No,47.25,19,893.0,Plus,1,No,1.35,No,Yes,5G,3,247,No,9
MRD-003091,No,120.33,15,1700.95,Premium,2,No,2.86,Yes,No,4G,1,1376,No,8
MRD-003092,No,90.37,67,6863.25,Premium,1,No,1.75,Yes,Yes,5G,0,187,No,9
MRD-003093,No,67.96,20,546.76,Plus,1,Yes,2.53,No,Yes,5G,3,1463,No,2
MRD-003094,No,98.06,66,9643.5,Premium,1,Yes,3.42,Yes,No,4G,3,670,No,3
MRD-003095,No,81.07,55,2237.47,Premium,3,No,5.67,No,No,5G,0,885,Yes,9
MRD-003096,No,83.31,86,26321.72,Premium,1,No,6.09,No,Yes,5G,1,1416,No,9
MRD-003097,No,28.33,39,2459.87,Basic,1,Yes,1.12,No,No,5G,0,800,No,2
MRD-003098,No,30.5,49,548.41,Basic,3,No,10.61,No,Yes,5G,1,390,Yes,9
MRD-003099,No,51.59,49,2043.47,Plus,1,Yes,1.12,No,Yes,4G,3,1441,No,5
MRD-003100,No,31.86,17,1816.86,Basic,2,No,3.01,Yes,Yes,5G,0,1194,No,7
MRD-003101,No,57.98,68,6311.0,Plus,2,No,4.77,No,No,5G,1,1247,No,8
MRD-003102,No,35.68,2,51.92,Basic,2,No,1.57,Yes,No,4G,3,383,No,1
MRD-003103,No,32.59,18,488.78,Basic,2,No,1.49,Yes,No,5G,1,1409,No,4
MRD-003104,Yes,61.1,20,1271.63,Plus,1,No,10.46,No,Yes,5G,0,1188,No,1
MRD-003105,Yes,51.56,41,2587.1,Plus,1,No,2.92,No,No,5G,2,1151,No,1
MRD-003106,No,105.93,57,4764.79,Premium,5,No,0.59,No,Yes,5G,2,714,Yes,7
MRD-003107,No,33.33,12,682.78,Basic,2,No,1.05,Yes,Yes,5G,3,371,No,6
MRD-003108,Yes,40.41,73,5155.93,Basic,1,Yes,0.58,Yes,Yes,4G,3,1409,No,4
MRD-003109,No,57.71,48,3389.42,Plus,2,No,1.73,No,No,5G,1,466,No,3
MRD-003110,No,67.02,34,2595.33,Plus,1,No,0.15,Yes,No,4G,3,1009,No,6
MRD-003111,No,38.55,17,688.17,Basic,4,No,3.13,Yes,No,5G,1,1264,Yes,2
MRD-003112,No,56.66,66,5811.33,Plus,1,No,1.2,Yes,Yes,4G,1,97,No,3
MRD-003113,No,63.01,73,4493.73,Plus,2,No,2.86,Yes,Yes,5G,1,225,No,3
MRD-003114,No,22.68,28,534.81,Basic,3,Yes,9.75,Yes,No,5G,0,885,Yes,4
MRD-003115,No,40.48,78,3887.01,Basic,2,No,8.46,Yes,No,4G,2,405,No,1
MRD-003116,No,59.21,14,1232.13,Plus,2,No,0.3,Yes,No,4G,1,454,No,8
MRD-003117,Yes,29.89,18,1836.72,Basic,5,Yes,1.36,Yes,No,4G,2,1164,Yes,8
MRD-003118,No,61.26,77,1598.09,Plus,1,Yes,8.14,Yes,No,4G,1,336,No,10
MRD-003119,No,79.61,66,5966.12,Premium,3,No,2.7,No,Yes,4G,2,829,Yes,2
MRD-003120,No,33.91,5,240.24,Basic,2,No,10.56,No,No,5G,1,1216,No,10
MRD-003121,No,98.6,23,1115.7,Premium,2,Yes,1.84,Yes,No,5G,6,477,No,2
MRD-003122,No,35.17,29,814.03,Basic,3,No,0.24,Yes,No,5G,4,114,Yes,3
MRD-003123,No,67.46,54,4218.28,Plus,1,No,2.2,Yes,Yes,4G,0,165,No,6
MRD-003124,No,34.33,18,1081.18,Basic,1,Yes,9.09,Yes,Yes,5G,1,579,No,7
MRD-003125,No,113.95,22,1820.86,Premium,1,No,6.89,Yes,No,4G,1,474,No,1
MRD-003126,No,54.45,46,4882.43,Plus,1,No,4.38,Yes,No,5G,2,791,No,4
MRD-003127,No,64.01,11,1360.24,Plus,2,No,2.25,No,Yes,4G,1,1457,No,4
MRD-003128,No,52.1,55,2930.74,Plus,1,No,2.01,Yes,Yes,5G,2,103,No,9
MRD-003129,No,71.82,12,1214.88,Plus,2,Yes,9.21,Yes,No,5G,1,1344,No,8
MRD-003130,No,75.55,33,1725.74,Premium,3,No,0.27,Yes,Yes,5G,2,509,Yes,5
MRD-003131,No,63.81,17,961.65,Plus,2,No,1.44,Yes,No,4G,0,929,No,2
MRD-003132,No,36.58,76,9137.47,Basic,2,No,11.81,No,No,4G,2,522,No,5
MRD-003133,No,53.57,96,3974.72,Plus,3,Yes,4.77,Yes,No,5G,1,192,Yes,4
MRD-003134,Yes,38.84,95,4211.36,Basic,3,Yes,0.93,No,Yes,5G,0,1167,Yes,9
MRD-003135,Yes,25.07,59,1982.3,Basic,1,No,2.99,No,No,5G,2,1146,No,7
MRD-003136,No,87.93,16,793.59,Premium,2,No,2.33,Yes,No,5G,2,1202,No,8
MRD-003137,No,40.79,92,2281.35,Basic,2,No,1.95,Yes,No,5G,1,85,No,10
MRD-003138,No,63.84,87,12375.92,Plus,2,No,3.99,No,No,5G,1,1249,No,5
MRD-003139,No,86.16,75,4592.19,Premium,4,No,9.71,No,Yes,5G,1,396,Yes,10
MRD-003140,No,64.45,50,1340.63,Plus,4,No,1.67,No,No,4G,1,147,Yes,5
MRD-003141,No,32.63,66,2193.4,Basic,5,No,2.06,Yes,Yes,5G,1,281,Yes,6
MRD-003142,No,101.65,50,5409.34,Premium,3,No,2.05,Yes,No,4G,0,1013,Yes,1
MRD-003143,No,47.82,91,3316.34,Plus,3,No,2.36,Yes,No,4G,1,696,Yes,9
MRD-003144,No,61.66,69,2630.21,Plus,1,No,1.43,Yes,Yes,5G,0,1196,No,1
MRD-003145,No,48.3,45,3058.38,Plus,2,Yes,9.13,Yes,Yes,5G,1,1456,No,8
MRD-003146,No,54.63,80,3683.54,Plus,3,No,2.51,Yes,Yes,4G,1,948,Yes,10
MRD-003147,No,56.75,45,2470.55,Plus,4,No,9.89,No,Yes,5G,0,270,Yes,3
MRD-003148,No,58.69,51,1608.13,Plus,3,No,2.84,Yes,No,5G,4,643,Yes,5
MRD-003149,No,114.46,12,1227.68,Premium,3,No,2.51,Yes,No,5G,2,236,Yes,7
MRD-003150,No,102.39,48,3891.53,Premium,4,Yes,0.91,Yes,No,5G,2,1031,Yes,5
MRD-003151,No,63.74,84,5709.02,Plus,3,No,1.42,Yes,No,5G,0,1214,Yes,9
MRD-003152,No,92.96,55,3969.88,Premium,1,No,2.89,Yes,Yes,5G,1,794,No,2
MRD-003153,No,60.85,34,3093.63,Plus,5,No,0.36,No,Yes,4G,2,276,Yes,7
MRD-003154,Yes,65.0,8,860.09,Premium,1,No,1.7,No,Yes,5G,0,993,No,8
MRD-003155,No,32.18,15,576.01,Basic,5,No,5.14,Yes,Yes,4G,1,535,Yes,10
MRD-003156,Yes,60.4,77,3696.26,Plus,2,No,2.1,Yes,No,5G,2,522,No,2
MRD-003157,No,50.21,11,443.26,Plus,3,No,1.52,No,No,5G,3,648,Yes,7
MRD-003158,No,54.9,47,2762.24,Plus,2,Yes,4.35,No,Yes,4G,0,1477,No,4
MRD-003159,No,65.37,19,1394.72,Plus,1,Yes,3.2,Yes,Yes,5G,1,255,No,8
MRD-003160,No,63.69,78,3320.02,Plus,1,Yes,7.35,Yes,Yes,5G,0,648,No,7
MRD-003161,No,72.71,85,5014.78,Plus,2,No,1.68,Yes,Yes,5G,2,1080,No,4
MRD-003162,No,64.48,28,1771.33,Plus,2,Yes,1.68,No,No,4G,0,990,No,4
MRD-003163,No,37.57,1,282.8,Basic,2,No,10.51,Yes,Yes,4G,1,104,No,6
MRD-003164,No,29.2,66,1486.35,Basic,1,No,0.51,No,No,5G,0,665,No,8
MRD-003165,No,59.15,66,7934.16,Plus,1,No,1.19,Yes,No,4G,1,910,No,7
MRD-003166,No,90.74,33,3578.11,Premium,3,No,3.37,Yes,Yes,5G,1,404,Yes,8
MRD-003167,No,92.47,88,6572.4,Premium,2,No,3.16,Yes,No,5G,0,714,No,2
MRD-003168,No,61.0,45,3834.49,Plus,2,No,6.38,Yes,No,4G,0,835,No,2
MRD-003169,No,86.08,14,2972.72,Premium,1,Yes,1.23,No,No,4G,0,214,No,8
MRD-003170,No,70.55,31,2266.33,Plus,1,No,2.85,No,No,5G,0,1054,No,3
MRD-003171,No,71.93,61,5596.98,Plus,1,No,6.98,Yes,No,4G,2,1409,No,1
MRD-003172,No,105.63,5,642.08,Premium,4,No,3.99,Yes,Yes,5G,1,402,Yes,6
MRD-003173,No,67.49,22,2665.88,Plus,2,No,3.64,No,No,4G,1,554,No,5
MRD-003174,No,109.01,70,13766.36,Premium,3,Yes,5.07,Yes,No,5G,0,968,Yes,2
MRD-003175,No,54.09,21,716.83,Plus,1,Yes,5.01,No,No,4G,3,633,No,3
MRD-003176,Yes,58.99,53,6353.54,Plus,1,No,1.49,No,No,5G,2,807,No,4
MRD-003177,No,33.37,61,2221.91,Basic,4,No,1.54,No,Yes,4G,1,249,Yes,9
MRD-003178,No,61.46,6,397.5,Plus,2,No,3.46,No,Yes,5G,3,582,No,2
MRD-003179,No,87.39,86,7842.01,Premium,1,No,0.97,Yes,Yes,5G,3,1053,No,1
MRD-003180,No,58.94,69,3570.5,Plus,2,No,3.35,Yes,No,4G,0,448,No,2
MRD-003181,No,41.32,90,3942.93,Basic,4,No,2.76,Yes,Yes,4G,1,639,Yes,7
MRD-003182,No,33.65,49,1132.76,Basic,1,No,1.3,No,No,5G,1,936,No,2
MRD-003183,No,50.34,68,4159.42,Plus,1,No,5.09,Yes,Yes,5G,0,628,No,3
MRD-003184,No,78.79,21,1382.68,Premium,1,No,7.22,No,Yes,5G,2,799,No,2
MRD-003185,Yes,97.53,72,7578.57,Premium,1,Yes,1.03,No,Yes,4G,0,1061,No,3
MRD-003186,No,62.22,1,181.63,Plus,2,No,0.7,No,Yes,5G,2,759,No,9
MRD-003187,No,37.6,83,5056.5,Basic,4,No,1.0,Yes,Yes,5G,0,22,Yes,3
MRD-003188,No,83.95,26,2284.58,Premium,4,No,2.83,Yes,No,5G,4,130,Yes,6
MRD-003189,No,66.47,75,3879.73,Plus,1,No,2.37,Yes,Yes,5G,0,512,No,7
MRD-003190,No,66.98,72,3185.67,Plus,2,No,1.24,Yes,No,5G,3,727,No,2
MRD-003191,Yes,92.22,36,3709.36,Premium,2,No,4.01,Yes,No,4G,0,75,No,4
MRD-003192,No,81.99,18,671.26,Premium,1,No,2.15,No,No,5G,2,1142,No,5
MRD-003193,No,37.69,24,1435.76,Basic,2,No,0.57,Yes,Yes,4G,0,344,No,4
MRD-003194,No,50.19,19,862.44,Plus,1,No,1.41,Yes,No,5G,1,831,No,1
MRD-003195,Yes,66.77,18,225.19,Plus,2,Yes,3.97,Yes,No,5G,1,1186,No,8
MRD-003196,Yes,38.15,66,5920.35,Basic,1,No,4.86,No,Yes,4G,2,713,No,7
MRD-003197,No,55.02,91,5573.23,Plus,2,No,1.76,Yes,No,5G,3,643,No,7
MRD-003198,No,47.49,5,635.21,Basic,1,No,3.63,No,Yes,4G,2,1179,No,8
MRD-003199,No,68.93,9,1134.49,Plus,5,No,3.94,No,Yes,5G,2,273,Yes,7
MRD-003200,No,91.15,63,20497.61,Premium,1,No,3.04,Yes,No,4G,0,986,No,5
MRD-003201,No,67.08,18,1155.73,Plus,3,No,0.9,Yes,Yes,5G,3,1166,Yes,7
MRD-003202,Yes,31.05,3,121.01,Basic,2,No,1.51,Yes,No,5G,3,1463,No,9
MRD-003203,No,37.03,85,1774.15,Basic,3,No,14.07,No,No,4G,0,802,Yes,10
MRD-003204,No,32.73,62,2910.27,Basic,2,No,1.0,No,Yes,5G,3,1118,No,1
MRD-003205,No,66.59,30,1105.63,Plus,2,No,8.77,No,No,5G,1,1109,No,5
MRD-003206,Yes,41.09,60,4113.7,Basic,4,No,8.16,No,Yes,4G,0,5,Yes,3
MRD-003207,No,57.24,65,3897.61,Plus,1,Yes,3.94,Yes,Yes,4G,2,238,No,7
MRD-003208,No,66.07,35,2534.11,Plus,2,No,7.52,Yes,No,5G,3,1148,No,1
MRD-003209,No,32.85,10,349.35,Basic,1,No,7.56,No,Yes,5G,1,1235,No,6
MRD-003210,No,41.27,53,2867.46,Basic,1,No,6.58,No,No,5G,1,1271,No,8
MRD-003211,Yes,37.9,11,387.29,Basic,1,No,1.59,No,No,5G,0,669,No,6
MRD-003212,No,52.66,13,653.06,Plus,1,No,0.8,Yes,No,5G,2,55,No,6
MRD-003213,No,43.25,27,1230.61,Basic,4,No,2.87,No,No,5G,2,317,Yes,4
MRD-003214,Yes,36.3,31,1240.4,Basic,2,No,0.02,Yes,No,5G,1,1223,No,2
MRD-003215,No,39.97,62,4153.47,Basic,1,No,6.39,Yes,Yes,5G,2,1014,No,9
MRD-003216,No,72.77,82,3336.78,Premium,3,No,12.48,Yes,Yes,5G,2,562,Yes,9
MRD-003217,Yes,41.25,71,2657.28,Basic,3,No,1.89,Yes,No,4G,1,166,Yes,2
MRD-003218,No,54.93,14,809.88,Plus,1,No,5.05,No,Yes,4G,1,937,No,5
MRD-003219,Yes,34.74,71,3449.8,Basic,2,No,4.8,Yes,No,5G,1,488,No,8
MRD-003220,No,61.13,13,638.45,Plus,2,No,1.13,No,No,5G,2,582,No,4
MRD-003221,Yes,28.65,36,1549.66,Basic,1,No,0.32,Yes,Yes,5G,3,703,No,4
MRD-003222,No,64.02,40,2520.41,Plus,4,No,3.36,Yes,No,5G,0,1393,Yes,6
MRD-003223,No,45.47,13,717.93,Plus,3,No,0.41,Yes,Yes,5G,2,1169,Yes,2
MRD-003224,No,61.79,83,3993.24,Plus,2,No,4.74,No,No,5G,0,909,No,2
MRD-003225,No,58.72,3,380.92,Plus,1,No,5.0,Yes,Yes,4G,1,968,No,3
MRD-003226,No,41.26,71,4475.3,Basic,1,No,6.27,Yes,No,4G,2,138,No,1
MRD-003227,No,94.04,21,2016.93,Premium,3,No,4.44,Yes,Yes,5G,3,1394,Yes,7
MRD-003228,No,58.45,73,2572.97,Plus,2,No,2.46,Yes,Yes,5G,1,652,No,6
MRD-003229,No,34.77,49,2063.72,Basic,2,No,1.93,Yes,No,5G,1,897,No,1
MRD-003230,No,104.13,9,974.21,Premium,1,Yes,1.76,Yes,No,5G,0,15,No,6
MRD-003231,No,33.68,4,284.08,Basic,2,No,7.37,Yes,Yes,5G,1,1188,No,10
MRD-003232,No,28.11,47,1259.8,Basic,2,No,0.89,Yes,No,5G,1,1366,No,7
MRD-003233,No,25.93,76,2471.2,Basic,2,No,0.52,Yes,No,4G,0,970,No,1
MRD-003234,No,36.13,94,3551.49,Basic,2,No,2.03,No,Yes,4G,1,333,No,10
MRD-003235,Yes,54.92,32,1019.19,Plus,3,No,2.77,Yes,No,5G,2,819,Yes,1
MRD-003236,No,86.29,72,2432.89,Premium,2,No,3.52,No,Yes,5G,5,1303,No,9
MRD-003237,No,103.42,27,2592.29,Premium,2,No,5.72,Yes,No,4G,3,1352,No,7
MRD-003238,No,66.47,67,2985.88,Plus,2,No,1.64,Yes,No,5G,3,1400,No,1
MRD-003239,No,103.29,82,7204.73,Premium,3,Yes,0.46,No,Yes,4G,2,1128,Yes,6
MRD-003240,No,40.21,9,562.15,Basic,2,No,1.77,Yes,No,4G,1,572,No,5
MRD-003241,No,50.97,58,3610.28,Plus,3,Yes,1.89,No,Yes,5G,3,1377,Yes,4
MRD-003242,No,69.35,54,6110.56,Plus,4,No,4.84,Yes,Yes,5G,3,739,Yes,6
MRD-003243,No,100.47,74,9865.37,Premium,2,Yes,5.81,Yes,No,5G,2,1129,No,6
MRD-003244,No,23.98,7,587.59,Basic,1,No,5.07,Yes,Yes,5G,1,823,No,2
MRD-003245,Yes,32.9,95,4879.84,Basic,1,No,3.3,Yes,No,5G,1,592,No,6
MRD-003246,No,53.55,69,2535.4,Plus,2,No,8.82,No,No,5G,2,1355,No,7
MRD-003247,No,65.13,16,908.31,Plus,3,No,3.06,Yes,Yes,5G,0,349,Yes,10
MRD-003248,No,55.18,27,1783.48,Plus,4,No,7.4,No,Yes,5G,0,977,Yes,7
MRD-003249,No,47.28,12,296.39,Basic,4,No,4.54,Yes,No,5G,3,303,Yes,10
MRD-003250,No,56.63,54,3677.35,Plus,3,No,1.22,No,No,4G,1,640,Yes,6
MRD-003251,Yes,36.62,86,3599.56,Basic,3,No,2.16,Yes,No,5G,4,555,Yes,6
MRD-003252,Yes,87.98,24,734.93,Premium,2,No,7.68,No,No,5G,0,704,No,6
MRD-003253,No,31.42,30,1701.06,Basic,1,No,0.59,Yes,Yes,5G,0,610,No,2
MRD-003254,No,38.49,69,4092.33,Basic,3,No,0.77,No,No,5G,3,581,Yes,3
MRD-003255,Yes,30.84,46,1240.03,Basic,3,No,2.32,Yes,Yes,5G,1,834,Yes,6
MRD-003256,No,57.79,33,1673.82,Plus,3,Yes,2.81,Yes,Yes,5G,0,386,Yes,1
MRD-003257,No,35.5,27,1094.84,Basic,3,No,2.1,Yes,No,4G,1,214,Yes,7
MRD-003258,Yes,34.63,61,2758.8,Basic,2,No,1.8,No,Yes,5G,0,112,No,5
MRD-003259,No,117.96,40,5381.14,Premium,3,No,2.28,No,No,4G,3,391,Yes,9
MRD-003260,No,92.5,63,7862.85,Premium,2,No,2.18,Yes,No,5G,3,456,No,10
MRD-003261,Yes,60.64,57,3570.53,Plus,2,No,1.53,No,No,5G,2,730,No,8
MRD-003262,No,39.93,78,4382.81,Basic,3,Yes,0.1,Yes,No,5G,2,1110,Yes,8
MRD-003263,No,38.18,26,1499.28,Basic,4,No,0.41,Yes,No,4G,1,1049,Yes,2
MRD-003264,No,101.84,17,1771.2,Premium,2,No,3.26,No,Yes,5G,1,1499,No,4
MRD-003265,No,54.82,9,1069.38,Plus,4,No,4.1,Yes,No,4G,3,8,Yes,1
MRD-003266,No,89.11,37,1733.27,Premium,1,No,0.67,No,Yes,5G,0,664,No,5
MRD-003267,Yes,37.14,42,2049.03,Basic,2,Yes,5.46,Yes,No,5G,2,641,No,2
MRD-003268,No,61.71,52,848.07,Plus,1,Yes,0.51,Yes,Yes,5G,1,507,No,6
MRD-003269,No,57.49,22,1258.49,Plus,2,Yes,3.9,Yes,No,5G,1,126,No,10
MRD-003270,No,55.9,52,3388.47,Plus,3,No,2.72,Yes,No,4G,2,6,Yes,8
MRD-003271,No,64.57,67,6666.85,Plus,4,No,1.1,Yes,No,5G,1,820,Yes,9
MRD-003272,No,55.37,1,202.57,Plus,2,Yes,3.97,No,No,4G,0,202,No,10
MRD-003273,Yes,59.27,40,1354.35,Plus,1,No,2.64,Yes,Yes,5G,3,1155,No,5
MRD-003274,No,92.73,78,8861.32,Premium,1,Yes,3.34,Yes,Yes,5G,1,811,No,6
MRD-003275,Yes,59.99,40,2617.87,Plus,1,No,5.94,Yes,No,5G,0,554,No,2
MRD-003276,No,33.94,87,2125.47,Basic,4,No,9.94,No,No,5G,1,1337,Yes,6
MRD-003277,No,90.85,67,7769.89,Premium,1,No,3.1,No,Yes,5G,0,398,No,10
MRD-003278,No,60.46,64,2936.87,Plus,3,Yes,2.76,Yes,No,5G,1,1373,Yes,7
MRD-003279,No,62.45,84,5873.09,Plus,3,No,5.58,No,No,5G,1,601,Yes,7
MRD-003280,No,102.18,59,7757.27,Premium,1,No,2.58,Yes,Yes,5G,3,258,No,3
MRD-003281,No,82.57,30,3578.4,Premium,1,No,1.39,Yes,Yes,5G,1,1012,No,9
MRD-003282,No,60.13,3,352.19,Plus,4,Yes,3.07,Yes,Yes,5G,1,1242,Yes,9
MRD-003283,No,82.7,51,10176.89,Premium,4,No,2.82,No,No,5G,0,12,Yes,5
MRD-003284,No,110.6,33,3324.22,Premium,5,No,4.01,No,No,5G,1,489,Yes,3
MRD-003285,No,54.12,10,1030.99,Plus,1,No,3.33,No,Yes,5G,1,1433,No,7
MRD-003286,No,49.61,83,6781.21,Plus,2,No,11.04,Yes,No,4G,1,445,No,7
MRD-003287,No,26.37,75,2854.38,Basic,1,No,1.04,Yes,No,4G,3,108,No,5
MRD-003288,No,31.11,95,3229.31,Basic,1,No,3.5,No,Yes,5G,4,982,No,8
MRD-003289,Yes,38.92,59,5411.53,Basic,1,No,0.32,Yes,No,4G,4,1287,No,5
MRD-003290,No,30.76,65,2358.61,Basic,1,No,3.06,Yes,Yes,4G,2,421,No,8
MRD-003291,No,40.55,41,3494.38,Basic,2,No,1.73,No,No,5G,1,323,No,3
MRD-003292,No,29.52,8,506.94,Basic,1,No,5.55,No,Yes,5G,1,94,No,10
MRD-003293,No,61.33,83,3323.95,Plus,3,No,3.5,No,No,5G,1,194,Yes,7
MRD-003294,No,32.92,78,3082.5,Basic,1,No,1.65,No,Yes,5G,2,1199,No,4
MRD-003295,No,93.9,69,4893.88,Premium,3,No,4.97,Yes,No,4G,0,487,Yes,4
MRD-003296,No,31.39,55,3234.32,Basic,3,Yes,3.62,Yes,No,4G,2,610,Yes,10
MRD-003297,No,29.89,20,1470.26,Basic,1,No,3.17,No,No,4G,0,755,No,6
MRD-003298,Yes,30.76,8,140.43,Basic,3,No,1.17,No,No,4G,2,1077,Yes,4
MRD-003299,No,57.89,73,3075.28,Plus,4,No,0.59,Yes,Yes,5G,2,1343,Yes,5
MRD-003300,No,78.6,39,2996.17,Premium,5,No,0.08,No,No,5G,1,662,Yes,5
MRD-003301,No,46.97,81,4190.24,Plus,4,No,1.12,No,No,5G,3,696,Yes,1
MRD-003302,No,72.09,0,71.8,Premium,2,No,3.9,Yes,No,5G,3,1269,No,5
MRD-003303,No,100.47,30,3965.16,Premium,5,No,1.34,Yes,No,5G,1,345,Yes,1
MRD-003304,No,57.94,44,1129.76,Plus,2,No,6.33,Yes,No,5G,1,1013,No,2
MRD-003305,No,102.13,5,1603.26,Premium,1,No,0.85,Yes,No,5G,2,554,No,3
MRD-003306,No,34.55,17,424.59,Basic,2,No,0.51,Yes,No,5G,2,1235,No,10
MRD-003307,No,68.76,9,1261.78,Premium,5,No,0.24,Yes,No,5G,3,995,Yes,7
MRD-003308,No,88.84,58,3152.16,Premium,3,No,1.69,No,No,5G,2,862,Yes,9
MRD-003309,No,31.92,45,2665.48,Basic,1,No,1.75,No,Yes,4G,0,24,No,10
MRD-003310,No,82.52,84,10756.77,Premium,4,No,8.11,Yes,No,5G,1,572,Yes,1
MRD-003311,No,62.78,86,6537.64,Plus,3,No,0.59,No,Yes,5G,3,1349,Yes,2
MRD-003312,No,57.74,41,1798.92,Plus,2,No,7.14,Yes,Yes,5G,1,944,No,5
MRD-003313,No,66.53,59,1858.6,Plus,1,No,3.4,Yes,No,5G,4,1465,No,2
MRD-003314,No,51.07,62,6340.77,Plus,1,No,5.26,Yes,Yes,4G,1,316,No,7
MRD-003315,No,59.63,94,4255.37,Plus,4,No,2.48,Yes,Yes,4G,4,1314,Yes,9
MRD-003316,Yes,30.01,6,228.56,Basic,2,No,12.96,No,No,5G,1,971,No,5
MRD-003317,No,100.88,4,0.0,Premium,3,No,5.33,Yes,No,4G,3,843,Yes,5
MRD-003318,No,116.89,77,12644.39,Premium,2,No,6.42,No,Yes,4G,1,706,No,3
MRD-003319,No,32.08,10,460.22,Basic,1,No,5.62,Yes,No,5G,0,706,No,4
MRD-003320,No,39.81,12,766.1,Basic,2,No,0.21,Yes,Yes,4G,1,677,No,3
MRD-003321,No,37.87,80,2623.12,Basic,2,Yes,8.83,Yes,Yes,5G,1,1490,No,6
MRD-003322,Yes,62.78,39,1341.25,Plus,4,No,4.08,Yes,Yes,4G,3,1390,Yes,8
MRD-003323,No,35.4,13,216.53,Basic,3,No,10.54,Yes,Yes,5G,0,1004,Yes,6
MRD-003324,No,45.44,23,1203.66,Basic,1,No,3.05,No,Yes,4G,1,463,No,10
MRD-003325,No,55.07,93,2763.1,Plus,3,Yes,1.83,No,Yes,5G,1,19,Yes,9
MRD-003326,No,114.67,19,2425.85,Premium,3,No,2.55,Yes,No,4G,0,186,Yes,2
MRD-003327,No,103.84,47,4165.19,Premium,1,No,2.45,No,No,5G,1,441,No,7
MRD-003328,Yes,27.94,31,1321.24,Basic,1,No,1.07,Yes,No,5G,2,1337,No,5
MRD-003329,No,54.54,73,3349.31,Plus,1,No,2.74,Yes,No,5G,1,1159,No,5
MRD-003330,No,61.72,0,0.0,Plus,4,No,0.66,No,No,4G,1,118,Yes,3
MRD-003331,No,57.95,57,5455.17,Plus,1,Yes,3.49,Yes,No,5G,3,386,No,8
MRD-003332,No,73.74,89,3404.43,Plus,1,No,2.13,No,No,4G,1,1035,No,7
MRD-003333,No,35.91,41,1558.69,Basic,1,No,7.97,Yes,Yes,4G,5,644,No,2
MRD-003334,No,101.33,15,880.18,Premium,2,No,0.84,Yes,No,5G,1,413,No,6
MRD-003335,No,62.01,46,3606.15,Plus,5,No,4.59,No,Yes,4G,0,232,Yes,8
MRD-003336,No,61.74,50,7285.35,Plus,2,No,4.44,Yes,Yes,4G,2,851,No,3
MRD-003337,No,55.99,94,7477.1,Plus,3,No,2.98,No,No,5G,1,1250,Yes,10
MRD-003338,No,33.83,17,943.19,Basic,1,Yes,1.74,Yes,Yes,5G,2,421,No,4
MRD-003339,No,26.5,81,2280.37,Basic,4,No,4.13,No,Yes,4G,0,902,Yes,7
MRD-003340,Yes,36.75,3,444.83,Basic,2,No,8.93,No,No,5G,4,1465,No,2
MRD-003341,No,103.17,34,2069.86,Premium,1,No,1.4,Yes,No,5G,2,967,No,1
MRD-003342,No,57.39,24,1606.88,Plus,1,No,3.49,Yes,No,4G,4,7,No,9
MRD-003343,No,107.59,18,2008.33,Premium,2,No,3.99,Yes,Yes,5G,1,837,No,2
MRD-003344,No,112.16,3,825.72,Premium,1,Yes,3.77,No,Yes,5G,2,290,No,6
MRD-003345,No,91.86,87,6254.61,Premium,2,Yes,3.31,Yes,No,4G,0,120,No,9
MRD-003346,No,62.58,86,6914.5,Plus,3,No,0.82,Yes,No,4G,0,155,Yes,9
MRD-003347,No,29.94,80,2195.07,Basic,1,Yes,13.7,Yes,No,5G,2,757,No,2
MRD-003348,No,58.21,72,10635.5,Plus,2,No,3.93,Yes,No,5G,4,4,No,4
MRD-003349,No,59.3,66,2710.82,Plus,2,No,0.8,No,Yes,4G,2,349,No,9
MRD-003350,Yes,35.89,8,393.64,Basic,2,No,4.92,Yes,Yes,5G,2,163,No,1
MRD-003351,No,36.28,29,1046.09,Basic,1,No,0.63,No,No,4G,1,257,No,6
MRD-003352,No,66.56,76,3053.53,Plus,3,Yes,0.93,Yes,No,4G,1,254,Yes,10
MRD-003353,No,66.01,75,2707.54,Plus,3,No,2.69,Yes,Yes,5G,2,1305,Yes,4
MRD-003354,Yes,38.24,8,295.98,Basic,1,Yes,2.46,Yes,No,5G,1,419,No,7
MRD-003355,No,61.77,27,934.92,Plus,1,No,2.44,No,No,4G,1,1228,No,5
MRD-003356,No,89.52,54,4747.76,Premium,4,No,1.37,No,No,4G,1,1257,Yes,4
MRD-003357,No,27.28,77,3651.27,Basic,2,No,1.38,No,No,5G,0,102,No,6
MRD-003358,No,34.91,27,1105.92,Basic,1,Yes,5.89,Yes,No,5G,1,256,No,10
MRD-003359,No,47.93,19,710.57,Basic,1,No,0.22,Yes,Yes,5G,2,339,No,5
MRD-003360,Yes,35.16,81,2689.56,Basic,2,No,3.07,No,Yes,4G,2,1101,No,3
MRD-003361,No,79.69,80,8071.02,Premium,1,Yes,4.43,Yes,No,5G,4,1345,No,5
MRD-003362,No,60.29,14,890.88,Plus,1,No,0.37,No,Yes,5G,0,334,No,6
MRD-003363,No,43.8,85,2478.47,Basic,4,Yes,2.18,No,Yes,5G,1,505,Yes,8
MRD-003364,No,69.79,65,3403.05,Plus,1,Yes,8.41,Yes,Yes,5G,2,1467,No,7
MRD-003365,No,68.23,64,3548.16,Plus,1,No,6.47,Yes,Yes,5G,0,1438,No,5
MRD-003366,Yes,41.24,17,972.33,Basic,2,No,0.64,Yes,Yes,4G,1,41,No,4
MRD-003367,No,35.39,23,1049.13,Basic,1,Yes,0.27,No,No,5G,0,386,No,3
MRD-003368,Yes,56.11,58,2210.23,Plus,3,No,1.11,No,Yes,4G,0,1243,Yes,2
MRD-003369,No,32.38,28,1114.92,Basic,1,No,0.42,Yes,No,5G,0,654,No,5
MRD-003370,No,55.61,3,413.76,Plus,2,No,1.47,Yes,Yes,5G,2,345,No,4
MRD-003371,No,60.7,19,2988.82,Plus,3,No,1.19,Yes,Yes,5G,1,1409,Yes,6
MRD-003372,Yes,34.33,48,874.94,Basic,1,No,4.47,Yes,No,4G,1,1135,No,4
MRD-003373,Yes,28.11,87,2520.28,Basic,2,No,2.56,Yes,No,4G,2,576,No,2
MRD-003374,No,50.47,37,1819.18,Plus,2,No,4.11,Yes,No,5G,1,1477,No,10
MRD-003375,No,44.8,40,2487.15,Basic,3,No,6.04,Yes,Yes,5G,1,760,Yes,7
MRD-003376,No,60.32,93,2833.64,Plus,1,No,0.94,Yes,No,4G,3,159,No,2
MRD-003377,No,67.48,77,4838.9,Plus,3,Yes,10.39,Yes,No,4G,0,629,Yes,1
MRD-003378,No,30.91,75,3232.51,Basic,4,No,1.68,Yes,Yes,5G,2,730,Yes,4
MRD-003379,No,120.36,73,17342.63,Premium,1,No,7.69,No,No,5G,1,1392,No,6
MRD-003380,No,36.33,33,1464.5,Basic,2,No,0.86,Yes,No,5G,3,852,No,7
MRD-003381,No,62.56,6,690.58,Plus,4,No,4.11,Yes,No,5G,3,1355,Yes,4
MRD-003382,No,44.36,40,3272.23,Plus,1,Yes,2.98,Yes,Yes,5G,1,480,No,6
MRD-003383,No,114.13,40,5197.98,Premium,2,No,0.63,Yes,No,5G,2,369,No,7
MRD-003384,No,43.63,78,4308.94,Basic,3,No,4.69,No,Yes,5G,2,172,Yes,6
MRD-003385,Yes,32.49,77,3487.18,Basic,2,No,3.66,Yes,No,5G,2,1165,No,6
MRD-003386,Yes,32.03,36,1338.23,Basic,1,No,2.35,No,No,5G,0,219,No,4
MRD-003387,No,56.92,59,3859.28,Plus,1,Yes,9.27,No,Yes,4G,2,926,No,1
MRD-003388,Yes,60.41,9,618.15,Plus,2,No,5.56,Yes,No,5G,3,576,No,2
MRD-003389,No,37.01,21,1238.05,Basic,1,No,6.81,No,Yes,4G,0,982,No,6
MRD-003390,Yes,38.22,6,122.16,Basic,1,No,2.89,Yes,No,5G,1,1317,No,8
MRD-003391,No,62.43,11,361.66,Plus,3,No,2.96,Yes,No,5G,2,377,Yes,8
MRD-003392,Yes,46.96,65,1640.71,Plus,4,Yes,0.61,No,Yes,5G,0,926,Yes,5
MRD-003393,No,44.54,44,1332.61,Basic,1,No,1.7,No,Yes,4G,1,798,No,9
MRD-003394,No,67.07,69,2497.08,Plus,4,No,3.64,Yes,No,5G,2,1277,Yes,6
MRD-003395,No,37.31,44,2643.36,Basic,4,No,8.25,Yes,No,5G,1,156,Yes,1
MRD-003396,Yes,59.6,38,3375.83,Plus,2,No,4.63,Yes,No,4G,4,940,No,6
MRD-003397,No,53.11,30,1173.23,Plus,1,Yes,10.83,Yes,No,5G,2,257,No,8
MRD-003398,Yes,95.46,41,5113.58,Premium,4,No,2.73,No,No,5G,4,581,Yes,6
MRD-003399,Yes,36.46,20,951.18,Basic,2,No,0.32,Yes,Yes,5G,2,1306,No,8
MRD-003400,No,60.1,57,2745.38,Plus,2,Yes,0.9,No,No,4G,0,838,No,10
MRD-003401,Yes,38.8,27,1127.65,Basic,1,No,4.62,No,No,5G,1,384,No,5
MRD-003402,No,105.34,73,4873.59,Premium,5,Yes,4.65,Yes,No,5G,1,254,Yes,2
MRD-003403,No,55.77,28,1607.18,Plus,3,No,0.63,Yes,No,5G,1,406,Yes,7
MRD-003404,No,55.57,88,9521.59,Plus,4,No,3.25,Yes,No,5G,1,1037,Yes,2
MRD-003405,No,109.75,41,6911.41,Premium,4,No,0.32,Yes,Yes,5G,2,608,Yes,4
MRD-003406,No,119.95,12,1510.84,Premium,1,No,4.97,Yes,No,5G,0,46,No,4
MRD-003407,No,97.3,86,7957.59,Premium,1,No,5.99,No,No,4G,0,476,No,1
MRD-003408,No,60.02,84,5835.37,Plus,1,Yes,4.76,No,No,4G,0,506,No,7
MRD-003409,No,111.61,83,8708.19,Premium,1,No,0.13,Yes,No,4G,2,728,No,2
MRD-003410,No,91.33,33,1874.01,Premium,4,No,0.91,Yes,Yes,5G,0,1040,Yes,4
MRD-003411,No,37.78,56,2265.08,Basic,5,No,1.16,Yes,No,5G,0,563,Yes,7
MRD-003412,No,39.05,79,2339.54,Basic,2,Yes,3.72,Yes,No,5G,1,729,No,10
MRD-003413,No,97.65,75,6841.99,Premium,2,No,2.29,Yes,No,4G,1,106,No,8
MRD-003414,No,90.84,68,6117.54,Premium,1,Yes,0.86,Yes,No,4G,1,318,No,1
MRD-003415,Yes,59.2,48,2510.17,Plus,1,Yes,8.89,Yes,Yes,5G,3,198,No,5
MRD-003416,No,57.02,17,719.36,Plus,2,No,1.07,Yes,Yes,5G,2,708,No,9
MRD-003417,No,43.77,8,567.07,Plus,3,No,5.65,No,No,5G,0,676,Yes,5
MRD-003418,No,64.56,61,1824.51,Plus,1,No,2.95,Yes,No,5G,2,962,No,7
MRD-003419,No,58.28,56,4741.67,Plus,3,Yes,8.74,No,Yes,5G,1,132,Yes,2
MRD-003420,No,36.53,3,241.09,Basic,2,No,6.86,No,Yes,5G,1,916,No,7
MRD-003421,No,65.01,31,1304.24,Plus,3,No,0.78,Yes,No,5G,1,535,Yes,6
MRD-003422,No,57.43,94,5826.16,Plus,1,No,1.66,Yes,No,5G,1,881,No,9
MRD-003423,No,45.15,44,2016.44,Basic,1,No,4.29,Yes,No,5G,2,15,No,3
MRD-003424,No,53.4,9,788.64,Plus,2,No,2.8,No,Yes,5G,1,719,No,4
MRD-003425,Yes,54.05,50,6407.62,Plus,4,No,2.31,Yes,Yes,5G,1,491,Yes,8
MRD-003426,No,95.8,75,17328.85,Premium,2,No,3.52,No,No,5G,1,0,No,3
MRD-003427,No,42.87,86,3814.88,Basic,4,Yes,1.11,No,No,5G,2,1497,Yes,8
MRD-003428,No,106.01,16,1514.31,Premium,4,No,9.63,No,No,4G,0,225,Yes,4
MRD-003429,No,36.66,82,2046.96,Basic,2,No,3.86,Yes,Yes,4G,3,141,No,9
MRD-003430,No,50.04,76,6502.57,Plus,3,No,2.57,Yes,Yes,4G,4,434,Yes,3
MRD-003431,No,56.61,68,3120.49,Plus,1,No,14.58,Yes,No,4G,3,1122,No,6
MRD-003432,No,64.21,74,8572.7,Plus,1,No,0.22,No,No,5G,1,749,No,9
MRD-003433,No,44.95,27,531.36,Basic,1,No,1.9,Yes,No,5G,1,559,No,6
MRD-003434,No,99.63,80,6616.82,Premium,1,No,2.53,No,No,4G,0,1395,No,10
MRD-003435,No,36.05,92,2118.7,Basic,1,No,4.52,Yes,No,5G,1,46,No,1
MRD-003436,Yes,38.7,56,2617.52,Basic,4,No,2.55,No,No,5G,3,1024,Yes,3
MRD-003437,No,71.38,84,6934.64,Premium,1,No,3.67,No,Yes,5G,0,731,No,2
MRD-003438,No,98.17,59,5870.47,Premium,4,Yes,5.6,Yes,No,5G,2,1005,Yes,9
MRD-003439,Yes,53.84,68,4936.98,Plus,3,Yes,2.61,No,No,5G,3,1150,Yes,7
MRD-003440,Yes,28.08,25,818.88,Basic,3,Yes,2.57,Yes,No,5G,3,111,Yes,4
MRD-003441,Yes,34.26,93,2668.96,Basic,2,No,8.17,Yes,No,5G,3,585,No,2
MRD-003442,No,66.32,87,6143.18,Premium,4,No,1.18,No,Yes,5G,0,818,Yes,5
MRD-003443,No,35.34,61,1468.31,Basic,1,No,1.89,Yes,Yes,4G,0,1450,No,8
MRD-003444,No,53.38,67,3583.59,Plus,3,No,0.2,No,No,5G,0,1136,Yes,3
MRD-003445,No,32.98,43,3067.45,Basic,3,No,1.2,Yes,Yes,5G,2,891,Yes,5
MRD-003446,Yes,31.32,71,2395.94,Basic,4,Yes,1.4,No,No,5G,1,79,Yes,10
MRD-003447,No,48.43,33,2212.41,Plus,2,No,2.1,Yes,No,5G,3,437,No,9
MRD-003448,No,61.19,35,2765.21,Plus,2,No,0.88,No,Yes,5G,1,28,No,8
MRD-003449,No,106.55,68,3511.8,Premium,1,No,1.49,Yes,No,5G,1,1450,No,5
MRD-003450,No,79.33,11,1001.39,Premium,1,No,2.23,No,No,5G,1,1431,No,6
MRD-003451,No,43.58,42,2052.38,Basic,1,Yes,3.49,Yes,No,4G,1,1386,No,6
MRD-003452,No,31.12,34,963.2,Basic,1,No,0.13,Yes,No,4G,3,744,No,8
MRD-003453,No,55.63,74,4779.78,Plus,1,Yes,0.81,No,Yes,5G,2,219,No,4
MRD-003454,No,66.12,32,1111.91,Plus,3,No,5.91,Yes,No,5G,0,1138,Yes,3
MRD-003455,No,88.39,47,3360.01,Premium,4,No,3.17,Yes,No,5G,0,757,Yes,7
MRD-003456,No,94.34,40,7645.92,Premium,2,Yes,6.73,Yes,No,4G,2,256,No,6
MRD-003457,No,67.75,68,3408.9,Plus,2,No,1.97,Yes,No,4G,0,919,No,4
MRD-003458,Yes,50.21,63,1778.68,Plus,1,Yes,1.65,No,Yes,5G,1,734,No,10
MRD-003459,No,40.33,66,2039.15,Basic,3,No,2.07,Yes,Yes,5G,4,690,Yes,3
MRD-003460,No,64.37,71,3007.61,Plus,1,Yes,4.71,No,No,5G,0,1051,No,2
MRD-003461,No,57.21,87,4838.36,Plus,1,No,0.72,Yes,No,4G,1,990,No,4
MRD-003462,No,29.68,93,2006.98,Basic,2,No,2.1,Yes,No,5G,2,588,No,7
MRD-003463,No,104.39,75,10024.46,Premium,5,Yes,2.72,No,Yes,5G,0,1009,Yes,10
MRD-003464,No,30.38,51,2015.52,Basic,2,Yes,16.04,No,No,4G,1,128,No,2
MRD-003465,No,57.83,78,5697.67,Plus,1,No,0.17,Yes,Yes,5G,0,951,No,2
MRD-003466,Yes,26.9,87,941.18,Basic,1,Yes,1.64,Yes,No,5G,4,150,No,5
MRD-003467,No,37.04,38,2491.3,Basic,4,No,1.89,Yes,Yes,4G,2,377,Yes,9
MRD-003468,No,60.84,80,3608.84,Plus,1,No,2.36,Yes,Yes,5G,0,336,No,6
MRD-003469,No,54.7,32,874.88,Plus,1,Yes,4.33,No,No,4G,2,1252,No,7
MRD-003470,Yes,62.43,44,2012.77,Plus,5,Yes,7.97,Yes,Yes,4G,1,1002,Yes,1
MRD-003471,No,54.03,21,1066.84,Plus,3,Yes,0.65,Yes,No,4G,0,930,Yes,2
MRD-003472,No,107.28,36,2719.76,Premium,3,No,3.91,Yes,Yes,5G,2,880,Yes,2
MRD-003473,No,36.25,22,1311.25,Basic,5,No,5.09,No,No,4G,1,293,Yes,9
MRD-003474,No,93.5,6,695.7,Premium,2,No,2.79,Yes,No,4G,0,13,No,10
MRD-003475,No,96.33,26,1443.0,Premium,1,Yes,3.33,Yes,Yes,4G,1,1210,No,9
MRD-003476,No,101.88,88,12273.34,Premium,4,Yes,1.34,Yes,No,5G,1,352,Yes,4
MRD-003477,No,40.34,58,3940.8,Basic,2,No,5.1,Yes,Yes,5G,3,1233,No,6
MRD-003478,No,54.07,88,2365.47,Plus,1,No,0.44,Yes,Yes,4G,2,251,No,6
MRD-003479,Yes,62.15,32,4877.69,Plus,4,No,3.34,Yes,Yes,5G,1,1337,Yes,9
MRD-003480,No,104.3,42,4170.97,Premium,1,No,1.98,No,Yes,5G,3,1434,No,6
MRD-003481,No,41.01,38,5134.92,Basic,1,No,1.17,Yes,No,5G,1,551,No,4
MRD-003482,No,62.61,81,7696.91,Plus,1,No,7.18,Yes,Yes,5G,3,1180,No,8
MRD-003483,No,30.37,39,1011.67,Basic,3,No,4.3,Yes,No,4G,0,441,Yes,6
MRD-003484,Yes,32.15,89,1482.64,Basic,1,No,5.9,Yes,No,4G,3,1026,No,1
MRD-003485,No,28.82,44,1687.66,Basic,2,No,1.78,Yes,No,5G,1,1488,No,3
MRD-003486,No,32.47,33,1068.15,Basic,3,No,4.02,Yes,Yes,4G,3,220,Yes,4
MRD-003487,No,57.76,24,665.74,Plus,2,No,3.15,No,No,5G,1,246,No,9
MRD-003488,No,64.16,0,0.0,Plus,2,No,1.99,No,No,4G,1,895,No,8
MRD-003489,Yes,36.93,24,2012.07,Basic,1,No,1.66,Yes,No,5G,2,1313,No,8
MRD-003490,Yes,63.07,8,327.71,Plus,1,No,10.51,Yes,No,5G,2,1233,No,8
MRD-003491,No,50.99,64,2190.55,Plus,2,No,1.96,No,Yes,4G,3,355,No,9
MRD-003492,No,64.79,55,3067.99,Plus,2,No,2.39,No,No,5G,0,1220,No,9
MRD-003493,No,86.82,48,4843.9,Premium,1,Yes,2.75,Yes,No,5G,1,342,No,1
MRD-003494,No,37.43,55,1670.96,Basic,5,Yes,4.32,Yes,No,4G,3,57,Yes,9
MRD-003495,Yes,32.15,14,212.03,Basic,2,No,3.22,No,No,5G,0,793,No,3
MRD-003496,No,56.19,27,938.89,Plus,1,Yes,5.81,Yes,Yes,5G,1,895,No,4
MRD-003497,No,33.81,93,1999.94,Basic,3,Yes,9.12,Yes,Yes,4G,4,442,Yes,8
MRD-003498,No,59.95,64,3857.3,Plus,2,No,2.03,Yes,No,5G,2,1470,No,8
MRD-003499,No,57.03,34,2369.64,Plus,2,No,1.03,Yes,No,5G,5,978,No,7
MRD-003500,No,26.97,54,1272.52,Basic,2,No,1.85,Yes,No,4G,2,1204,No,10
MRD-003501,No,34.76,93,5323.63,Basic,1,Yes,6.12,Yes,No,4G,0,1463,No,9
MRD-003502,Yes,40.52,40,1085.52,Basic,2,No,2.48,No,Yes,5G,3,1033,No,4
MRD-003503,No,100.11,30,3339.18,Premium,2,No,0.15,No,Yes,5G,1,823,No,6
MRD-003504,No,37.17,32,1435.23,Basic,1,No,3.76,No,Yes,5G,1,833,No,6
MRD-003505,Yes,32.35,47,3524.85,Basic,1,No,2.91,No,No,5G,4,498,No,3
MRD-003506,No,75.97,35,1995.94,Plus,2,No,1.92,Yes,No,5G,0,670,No,4
MRD-003507,No,90.26,57,9104.17,Premium,1,No,5.89,No,No,5G,2,555,No,7
MRD-003508,No,81.08,82,3601.68,Premium,2,No,10.65,Yes,Yes,4G,0,1364,No,4
MRD-003509,Yes,37.98,7,679.96,Basic,5,No,3.12,Yes,Yes,5G,2,845,Yes,10
MRD-003510,No,26.6,15,319.08,Basic,2,No,5.71,Yes,No,5G,1,1342,No,10
MRD-003511,No,84.43,79,2813.31,Premium,2,Yes,0.31,Yes,No,5G,1,779,No,3
MRD-003512,No,60.5,93,10386.49,Plus,5,No,2.54,Yes,Yes,5G,2,289,Yes,1
MRD-003513,No,61.63,2,0.0,Plus,1,No,1.5,Yes,Yes,4G,2,568,No,3
MRD-003514,No,68.88,18,976.18,Plus,5,No,1.28,Yes,No,5G,0,67,Yes,10
MRD-003515,No,53.92,92,4375.2,Plus,2,No,10.03,No,Yes,5G,0,324,No,5
MRD-003516,No,59.79,47,2049.68,Plus,1,No,2.98,Yes,Yes,4G,1,661,No,2
MRD-003517,No,65.52,51,4760.08,Plus,2,No,7.59,Yes,No,5G,0,1412,No,9
MRD-003518,No,60.03,19,1565.48,Plus,1,No,0.75,Yes,No,5G,2,846,No,2
MRD-003519,No,68.11,23,1060.24,Plus,2,No,0.49,Yes,Yes,5G,1,63,No,4
MRD-003520,Yes,58.74,48,2141.84,Plus,3,No,3.97,No,No,5G,1,1132,Yes,4
MRD-003521,No,36.74,42,920.49,Basic,2,Yes,7.36,Yes,Yes,5G,2,801,No,9
MRD-003522,No,34.24,53,2468.18,Basic,4,No,7.41,Yes,Yes,4G,1,505,Yes,5
MRD-003523,Yes,63.39,17,1599.62,Plus,2,Yes,3.49,No,No,4G,1,523,No,4
MRD-003524,Yes,34.46,26,985.99,Basic,1,No,1.1,Yes,Yes,4G,3,1219,No,1
MRD-003525,No,56.19,16,1741.71,Plus,5,Yes,1.26,Yes,No,5G,1,133,Yes,4
MRD-003526,No,30.31,18,708.07,Basic,1,No,2.93,No,No,5G,3,788,No,3
MRD-003527,No,37.53,32,1241.44,Basic,2,Yes,2.53,No,No,4G,2,589,No,3
MRD-003528,No,55.84,34,2850.63,Plus,1,No,7.95,Yes,No,5G,0,698,No,3
MRD-003529,No,25.88,94,1789.89,Basic,2,Yes,2.79,Yes,No,5G,0,268,No,1
MRD-003530,No,54.33,95,3946.78,Plus,1,Yes,2.31,Yes,Yes,5G,0,596,No,9
MRD-003531,No,100.54,7,1756.83,Premium,2,No,1.57,Yes,Yes,5G,2,515,No,2
MRD-003532,No,77.84,68,2779.48,Plus,5,No,0.17,No,Yes,5G,1,1331,Yes,10
MRD-003533,No,65.39,47,2713.94,Plus,3,No,0.93,Yes,No,5G,1,1300,Yes,3
MRD-003534,No,72.07,83,8175.35,Plus,4,No,1.16,Yes,Yes,4G,2,640,Yes,1
MRD-003535,No,28.26,30,699.32,Basic,4,No,5.46,No,No,5G,1,1376,Yes,9
MRD-003536,No,67.81,85,6496.25,Plus,3,No,0.71,Yes,No,4G,0,845,Yes,4
MRD-003537,Yes,33.14,14,587.42,Basic,1,No,0.77,Yes,Yes,4G,3,1319,No,9
MRD-003538,No,82.96,87,8159.55,Premium,1,Yes,3.15,No,No,5G,2,724,No,4
MRD-003539,No,58.62,58,2441.45,Plus,3,No,3.4,No,Yes,4G,0,385,Yes,10
MRD-003540,Yes,37.77,75,3876.37,Basic,1,No,0.58,Yes,Yes,5G,2,726,No,4
MRD-003541,No,86.71,84,6008.54,Premium,4,No,2.7,Yes,No,5G,1,992,Yes,8
MRD-003542,No,69.01,56,2121.6,Plus,1,No,5.09,No,Yes,5G,1,226,No,3
MRD-003543,No,60.93,4,475.34,Plus,2,No,3.04,No,No,4G,4,1485,No,2
MRD-003544,No,69.02,26,1315.37,Plus,2,Yes,6.94,Yes,No,5G,0,620,No,1
MRD-003545,Yes,110.95,5,414.0,Premium,3,No,2.29,No,No,5G,1,146,Yes,3
MRD-003546,No,37.9,49,2773.43,Basic,1,Yes,7.29,No,No,5G,0,625,No,6
MRD-003547,Yes,94.0,71,5930.23,Premium,2,No,1.0,No,No,5G,1,629,No,6
MRD-003548,No,86.24,25,2695.9,Premium,3,No,4.11,No,Yes,5G,3,1369,Yes,6
MRD-003549,No,53.11,15,882.75,Plus,1,Yes,4.65,Yes,Yes,5G,0,109,No,7
MRD-003550,No,42.49,32,2431.22,Basic,2,No,7.88,Yes,Yes,5G,2,1306,No,4
MRD-003551,No,66.44,2,104.29,Plus,1,No,9.25,No,Yes,5G,2,41,No,10
MRD-003552,No,60.38,39,1465.9,Plus,4,No,2.23,No,No,4G,2,610,Yes,1
MRD-003553,No,28.24,62,1458.34,Basic,2,No,3.3,No,No,5G,1,1308,No,2
MRD-003554,No,43.94,13,1402.59,Basic,1,No,4.27,No,Yes,5G,2,1124,No,3
MRD-003555,No,64.31,40,2588.97,Plus,1,No,1.66,Yes,No,5G,2,5,No,1
MRD-003556,No,63.05,82,6189.94,Plus,3,No,5.84,Yes,Yes,5G,3,1021,Yes,8
MRD-003557,No,63.36,66,1864.61,Plus,3,No,5.8,Yes,No,5G,1,361,Yes,6
MRD-003558,No,97.0,76,9754.12,Premium,2,No,0.47,Yes,No,5G,1,769,No,10
MRD-003559,No,52.86,13,691.63,Plus,1,No,0.28,Yes,No,5G,2,800,No,5
MRD-003560,Yes,33.26,34,948.12,Basic,2,No,2.77,No,No,5G,1,247,No,3
MRD-003561,No,55.45,60,7309.37,Plus,1,No,0.95,Yes,Yes,5G,1,598,No,10
MRD-003562,Yes,35.57,59,2866.94,Basic,2,No,2.73,Yes,No,5G,3,57,No,4
MRD-003563,No,55.21,86,3699.65,Plus,1,Yes,0.93,Yes,No,5G,2,1402,No,1
MRD-003564,No,47.46,37,2419.17,Plus,1,No,3.63,No,No,4G,2,390,No,5
MRD-003565,No,33.66,69,1898.17,Basic,4,No,0.5,No,No,4G,1,301,Yes,4
MRD-003566,No,88.36,78,11543.76,Premium,3,No,2.8,Yes,Yes,5G,1,1379,Yes,7
MRD-003567,No,54.52,72,3348.44,Plus,1,No,1.54,Yes,No,4G,0,416,No,8
MRD-003568,No,41.72,34,972.82,Basic,1,No,1.84,Yes,No,5G,3,782,No,5
MRD-003569,No,85.02,37,1638.1,Premium,1,No,2.07,No,No,5G,2,1417,No,7
MRD-003570,No,114.79,15,824.39,Premium,3,Yes,3.59,No,No,5G,2,1092,Yes,4
MRD-003571,No,53.39,51,1254.0,Plus,2,No,4.76,No,No,5G,2,931,No,8
MRD-003572,No,96.03,36,6238.81,Premium,4,No,0.89,Yes,Yes,5G,3,919,Yes,10
MRD-003573,No,68.84,66,10011.98,Plus,1,No,2.31,No,No,5G,1,214,No,7
MRD-003574,No,97.06,40,11168.02,Premium,4,No,0.74,Yes,No,5G,2,469,Yes,7
MRD-003575,No,30.9,95,9547.12,Basic,1,No,1.04,Yes,No,5G,3,753,No,10
MRD-003576,No,87.21,5,795.78,Premium,4,No,1.14,Yes,No,5G,1,615,Yes,1
MRD-003577,Yes,37.28,41,850.34,Basic,1,Yes,4.12,No,Yes,5G,2,561,No,8
MRD-003578,No,89.13,47,5349.2,Premium,2,Yes,0.51,Yes,Yes,4G,2,785,No,9
MRD-003579,No,60.58,72,5281.65,Plus,2,No,6.05,Yes,No,5G,1,1166,No,4
MRD-003580,No,83.49,15,1152.31,Premium,3,No,0.11,Yes,No,5G,1,161,Yes,8
MRD-003581,No,52.38,76,2745.85,Plus,1,No,0.16,Yes,No,4G,1,262,No,4
MRD-003582,No,34.34,86,1605.74,Basic,2,No,9.88,Yes,Yes,5G,3,196,No,8
MRD-003583,No,37.45,57,1087.09,Basic,3,No,2.48,Yes,Yes,5G,1,317,Yes,7
MRD-003584,Yes,71.94,0,136.19,Plus,2,Yes,0.09,Yes,Yes,4G,3,452,No,6
MRD-003585,No,42.49,95,3182.01,Basic,1,Yes,0.44,Yes,Yes,4G,1,90,No,8
MRD-003586,Yes,32.99,5,218.24,Basic,4,No,8.11,Yes,Yes,5G,1,1046,Yes,6
MRD-003587,No,53.58,14,811.71,Plus,1,Yes,10.22,No,Yes,4G,1,1070,No,10
MRD-003588,No,37.9,89,5899.61,Basic,4,No,2.36,No,Yes,4G,1,1366,Yes,9
MRD-003589,No,27.78,65,3664.01,Basic,1,No,0.71,Yes,Yes,5G,0,178,No,10
MRD-003590,No,36.03,44,2433.57,Basic,4,No,2.79,No,No,5G,0,620,Yes,2
MRD-003591,No,63.55,48,5735.86,Plus,2,No,2.07,Yes,Yes,5G,2,1126,No,7
MRD-003592,No,114.59,8,1171.72,Premium,3,No,4.22,No,No,4G,1,787,Yes,5
MRD-003593,No,46.2,83,6105.25,Plus,2,No,1.85,Yes,Yes,4G,4,1485,No,1
MRD-003594,No,45.05,59,2502.4,Plus,2,No,6.05,No,Yes,5G,4,1401,No,6
MRD-003595,No,112.11,77,10722.06,Premium,4,No,0.97,Yes,Yes,5G,1,1326,Yes,1
MRD-003596,No,36.41,68,4727.57,Basic,1,No,12.13,Yes,Yes,4G,3,843,No,5
MRD-003597,No,115.49,2,501.99,Premium,2,Yes,6.9,Yes,No,5G,3,322,No,5
MRD-003598,Yes,61.68,44,1833.21,Plus,1,Yes,3.17,Yes,No,4G,2,889,No,8
MRD-003599,No,71.19,64,4047.59,Plus,2,No,6.05,Yes,No,4G,0,433,No,8
MRD-003600,No,34.34,11,295.93,Basic,2,No,0.86,Yes,Yes,5G,2,353,No,2
MRD-003601,Yes,29.85,89,10991.16,Basic,4,No,12.16,No,No,5G,0,1490,Yes,2
MRD-003602,Yes,33.61,82,2046.37,Basic,2,No,2.61,Yes,Yes,4G,2,679,No,3
MRD-003603,No,39.99,66,4040.12,Basic,1,No,2.55,No,No,5G,0,1425,No,6
MRD-003604,Yes,38.04,72,2419.13,Basic,2,No,0.8,Yes,No,4G,0,13,No,9
MRD-003605,Yes,32.05,25,885.13,Basic,1,Yes,0.94,No,No,5G,1,1037,No,7
MRD-003606,No,38.6,42,1988.98,Basic,1,Yes,1.86,No,No,5G,1,122,No,2
MRD-003607,No,97.95,89,6056.03,Premium,2,Yes,5.15,Yes,No,5G,2,1039,No,4
MRD-003608,No,80.41,73,4137.66,Premium,1,Yes,1.36,Yes,Yes,5G,1,795,No,8
MRD-003609,No,35.87,85,3209.47,Basic,1,No,4.42,Yes,No,5G,3,57,No,2
MRD-003610,Yes,88.63,47,7696.31,Premium,2,Yes,1.16,Yes,No,5G,6,1316,No,5
MRD-003611,Yes,32.61,54,2176.14,Basic,2,No,0.91,Yes,No,5G,1,40,No,2
MRD-003612,Yes,33.37,0,0.0,Basic,1,No,3.73,No,No,5G,3,1084,No,6
MRD-003613,No,33.07,6,182.73,Basic,3,No,6.22,Yes,No,5G,0,232,Yes,7
MRD-003614,No,62.6,44,2363.65,Plus,3,No,2.52,Yes,No,5G,1,754,Yes,9
MRD-003615,No,69.11,53,2779.34,Plus,5,No,1.0,Yes,No,5G,5,974,Yes,9
MRD-003616,No,61.95,12,164.55,Plus,1,Yes,1.36,No,No,4G,0,1096,No,10
MRD-003617,No,36.25,65,2699.49,Basic,2,No,2.09,Yes,Yes,5G,1,1414,No,7
MRD-003618,No,101.84,45,2213.97,Premium,1,No,5.57,No,No,5G,0,867,No,7
MRD-003619,No,37.33,73,2531.52,Basic,3,No,0.97,Yes,No,5G,2,1387,Yes,6
MRD-003620,No,60.68,66,6695.5,Plus,4,No,0.99,Yes,No,5G,0,72,Yes,8
MRD-003621,No,32.05,82,3723.19,Basic,2,No,2.26,No,No,5G,1,1457,No,5
MRD-003622,No,30.4,29,811.74,Basic,1,No,9.71,Yes,No,4G,1,1355,No,7
MRD-003623,No,103.38,55,5708.63,Premium,1,No,0.23,Yes,Yes,4G,0,183,No,1
MRD-003624,Yes,35.01,0,0.0,Basic,3,No,1.1,Yes,No,4G,3,716,Yes,3
MRD-003625,No,56.44,80,2587.88,Plus,1,No,3.61,Yes,Yes,5G,0,1492,No,3
MRD-003626,Yes,34.27,24,1367.05,Basic,1,No,4.83,Yes,No,4G,0,674,No,7
MRD-003627,No,58.56,95,8419.49,Plus,2,No,4.16,Yes,Yes,4G,2,730,No,6
MRD-003628,Yes,58.01,81,12821.71,Plus,1,Yes,0.89,Yes,No,5G,3,549,No,5
MRD-003629,No,54.04,44,2263.84,Plus,4,No,7.62,Yes,No,4G,2,876,Yes,9
MRD-003630,No,33.42,91,2093.9,Basic,5,No,2.72,No,No,5G,1,498,Yes,6
MRD-003631,No,47.1,7,254.58,Plus,1,No,2.9,No,Yes,5G,1,634,No,10
MRD-003632,No,64.0,86,6903.78,Plus,1,No,1.6,Yes,No,4G,2,1353,No,3
MRD-003633,No,95.56,17,1384.45,Premium,3,No,0.63,Yes,No,4G,2,1381,Yes,10
MRD-003634,No,33.05,53,2182.39,Basic,2,No,0.92,Yes,No,4G,2,7,No,4
MRD-003635,No,72.55,66,5093.1,Plus,4,No,6.89,No,Yes,5G,3,365,Yes,1
MRD-003636,No,59.56,68,4956.61,Plus,3,No,6.16,No,No,5G,3,659,Yes,7
MRD-003637,Yes,40.81,59,2995.66,Basic,3,No,1.77,No,No,5G,1,303,Yes,4
MRD-003638,No,57.13,83,3857.99,Plus,5,Yes,4.15,No,Yes,4G,2,384,Yes,7
MRD-003639,No,69.51,19,1847.34,Plus,3,No,1.22,Yes,No,5G,0,785,Yes,10
MRD-003640,No,108.93,31,3072.36,Premium,2,Yes,3.59,Yes,Yes,5G,5,307,No,5
MRD-003641,Yes,92.01,36,4302.11,Premium,3,Yes,1.5,No,Yes,5G,2,1108,Yes,1
MRD-003642,No,30.27,39,501.62,Basic,3,No,1.19,Yes,No,4G,1,271,Yes,8
MRD-003643,No,64.12,91,12846.71,Plus,5,No,0.41,No,No,5G,2,1457,Yes,4
MRD-003644,No,59.54,3,391.85,Plus,1,Yes,5.62,Yes,Yes,4G,1,725,No,7
MRD-003645,No,31.21,95,2442.7,Basic,4,No,8.97,No,Yes,5G,1,1472,Yes,5
MRD-003646,No,59.31,18,1228.58,Plus,2,No,6.38,Yes,Yes,5G,0,374,No,1
MRD-003647,Yes,57.03,11,581.27,Plus,1,No,0.87,No,No,4G,3,596,No,10
MRD-003648,No,63.44,38,4989.5,Plus,2,No,8.78,Yes,No,5G,2,106,No,10
MRD-003649,No,90.67,11,868.02,Premium,3,No,5.09,No,Yes,5G,1,924,Yes,4
MRD-003650,No,107.09,47,10416.43,Premium,2,Yes,3.65,Yes,Yes,5G,1,945,No,3
MRD-003651,No,33.42,1,85.37,Basic,1,No,7.38,Yes,Yes,5G,1,564,No,7
MRD-003652,No,60.13,19,1020.68,Plus,1,No,3.33,Yes,No,5G,0,1166,No,10
MRD-003653,Yes,87.79,85,5535.28,Premium,1,No,3.31,Yes,No,5G,1,1426,No,4
MRD-003654,Yes,43.77,77,2667.29,Basic,1,No,5.61,No,No,5G,0,212,No,2
MRD-003655,Yes,71.83,87,3568.22,Plus,3,Yes,3.55,Yes,No,4G,3,429,Yes,7
MRD-003656,No,58.26,87,7145.93,Plus,1,No,5.13,No,No,5G,2,890,No,4
MRD-003657,Yes,33.11,42,973.95,Basic,2,No,1.65,No,No,5G,1,1419,No,10
MRD-003658,No,107.17,46,5868.3,Premium,3,Yes,1.15,Yes,Yes,5G,1,1223,Yes,1
MRD-003659,No,37.08,54,1979.18,Basic,3,No,4.76,Yes,No,5G,3,118,Yes,9
MRD-003660,No,70.92,15,1328.18,Plus,2,No,1.03,Yes,No,5G,1,1127,No,4
MRD-003661,No,97.21,80,9891.5,Premium,1,Yes,2.1,Yes,No,5G,0,1122,No,3
MRD-003662,No,50.78,84,5687.72,Plus,4,No,1.86,No,No,5G,2,1086,Yes,10
MRD-003663,No,80.51,21,883.39,Premium,2,No,0.97,Yes,No,4G,4,75,No,4
MRD-003664,No,60.92,3,478.53,Plus,2,No,0.2,Yes,Yes,4G,3,1177,No,3
MRD-003665,No,91.65,81,5939.43,Premium,1,No,3.24,Yes,Yes,4G,2,581,No,1
MRD-003666,No,64.61,84,6207.25,Plus,2,No,6.99,Yes,Yes,4G,2,1332,No,6
MRD-003667,Yes,28.25,62,1564.65,Basic,4,No,3.86,Yes,No,4G,1,1395,Yes,3
MRD-003668,No,93.42,92,14193.9,Premium,1,No,5.83,Yes,Yes,4G,2,493,No,10
MRD-003669,Yes,59.69,73,11412.28,Plus,1,No,1.89,Yes,No,4G,1,54,No,1
MRD-003670,No,53.96,80,2687.18,Plus,1,No,1.85,No,Yes,5G,2,191,No,6
MRD-003671,No,34.85,30,1180.86,Basic,1,Yes,0.86,Yes,Yes,4G,1,318,No,4
MRD-003672,No,80.79,46,8582.86,Premium,3,Yes,1.49,No,Yes,5G,1,1060,Yes,10
MRD-003673,No,62.39,78,5899.08,Plus,3,No,4.57,No,Yes,5G,2,900,Yes,9
MRD-003674,No,86.96,60,2091.09,Premium,4,Yes,3.33,Yes,No,5G,1,573,Yes,6
MRD-003675,No,64.48,42,2558.74,Plus,2,Yes,1.59,No,Yes,5G,2,1450,No,10
MRD-003676,No,85.33,89,7451.28,Premium,1,No,0.06,No,No,5G,5,1408,No,10
MRD-003677,No,72.9,82,7656.1,Plus,1,No,7.83,Yes,No,5G,2,867,No,3
MRD-003678,Yes,33.08,70,4474.53,Basic,1,No,2.52,No,No,4G,4,1322,No,4
MRD-003679,No,45.69,51,2044.77,Plus,2,No,3.65,Yes,No,5G,3,697,No,7
MRD-003680,No,69.94,77,17707.75,Plus,1,No,16.73,Yes,No,5G,0,492,No,4
MRD-003681,No,30.02,75,2666.34,Basic,4,No,3.1,Yes,Yes,5G,1,1095,Yes,7
MRD-003682,No,34.04,82,2271.22,Basic,3,No,1.23,Yes,No,5G,1,585,Yes,8
MRD-003683,No,37.77,34,1371.62,Basic,4,Yes,15.61,Yes,Yes,5G,6,180,Yes,1
MRD-003684,No,26.35,66,1521.29,Basic,1,No,3.35,No,No,4G,2,178,No,7
MRD-003685,No,60.14,62,4040.07,Plus,4,No,4.22,No,No,5G,1,81,Yes,6
MRD-003686,No,68.13,8,435.9,Plus,1,Yes,1.73,Yes,Yes,5G,1,272,No,10
MRD-003687,No,65.63,54,2505.78,Plus,2,Yes,3.09,Yes,No,5G,2,301,No,8
MRD-003688,No,60.04,58,2308.47,Plus,3,Yes,5.05,Yes,No,5G,1,1239,Yes,10
MRD-003689,No,34.5,72,4652.79,Basic,1,No,2.89,Yes,No,5G,1,828,No,10
MRD-003690,No,94.9,50,6242.66,Premium,3,No,4.11,Yes,No,5G,1,1336,Yes,5
MRD-003691,Yes,25.39,33,1330.25,Basic,2,Yes,5.05,No,No,5G,1,384,No,10
MRD-003692,No,64.35,10,695.42,Plus,1,No,4.98,Yes,No,5G,1,1373,No,10
MRD-003693,No,48.81,20,1744.86,Plus,2,No,4.4,Yes,No,5G,1,176,No,5
MRD-003694,No,50.31,53,1378.8,Plus,3,No,2.31,Yes,Yes,4G,0,40,Yes,6
MRD-003695,No,75.2,74,4003.28,Premium,1,No,1.04,No,No,5G,4,112,No,4
MRD-003696,No,51.82,26,1161.62,Plus,2,Yes,6.0,Yes,No,5G,4,167,No,3
MRD-003697,No,38.99,81,3500.52,Basic,1,No,0.83,Yes,Yes,5G,2,450,No,6
MRD-003698,No,107.79,28,2658.68,Premium,3,Yes,1.22,Yes,No,4G,2,715,Yes,1
MRD-003699,No,56.03,5,121.62,Plus,1,No,8.06,Yes,No,4G,1,466,No,5
MRD-003700,Yes,58.96,46,5909.79,Plus,1,No,1.66,Yes,Yes,5G,0,493,No,5
MRD-003701,No,92.39,11,1438.78,Premium,1,No,4.09,No,Yes,4G,0,1336,No,7
MRD-003702,No,118.75,68,5431.74,Premium,1,No,0.3,No,No,5G,2,94,No,8
MRD-003703,Yes,60.54,66,4358.54,Plus,2,No,10.87,Yes,No,5G,2,417,No,6
MRD-003704,No,51.83,89,3280.96,Plus,1,No,1.45,No,No,4G,3,205,No,5
MRD-003705,No,40.66,15,524.32,Basic,1,No,3.45,Yes,Yes,4G,0,76,No,3
MRD-003706,No,70.05,35,1524.2,Plus,1,Yes,1.64,Yes,No,5G,2,64,No,3
MRD-003707,No,69.99,29,1246.82,Plus,1,No,5.91,No,Yes,5G,4,744,No,5
MRD-003708,No,28.66,39,1435.99,Basic,3,Yes,0.84,No,Yes,4G,2,1149,Yes,3
MRD-003709,Yes,34.4,42,1179.5,Basic,2,No,1.12,Yes,Yes,5G,1,584,No,4
MRD-003710,Yes,36.49,0,18.16,Basic,2,No,7.6,No,No,4G,2,150,No,6
MRD-003711,No,62.35,82,6554.4,Plus,1,Yes,6.26,Yes,No,4G,1,545,No,6
MRD-003712,No,59.21,12,1165.55,Plus,5,No,1.66,Yes,No,5G,1,413,Yes,10
MRD-003713,Yes,52.11,36,1952.45,Plus,1,No,0.49,Yes,No,5G,1,391,No,6
MRD-003714,No,49.43,50,5784.62,Plus,2,No,0.94,Yes,Yes,4G,4,777,No,8
MRD-003715,No,57.45,86,3787.97,Plus,1,Yes,2.55,No,No,5G,1,1370,No,8
MRD-003716,Yes,32.81,74,3290.52,Basic,2,No,2.4,Yes,Yes,5G,1,619,No,4
MRD-003717,No,96.52,41,4181.54,Premium,1,No,8.82,No,No,4G,1,1429,No,1
MRD-003718,No,83.33,93,5737.86,Premium,3,No,9.13,No,Yes,5G,1,101,Yes,4
MRD-003719,No,98.67,23,2951.54,Premium,2,No,2.98,Yes,No,5G,0,850,No,1
MRD-003720,No,89.92,95,7823.54,Premium,1,Yes,1.65,No,No,4G,0,403,No,5
MRD-003721,Yes,50.45,56,2787.25,Plus,2,No,5.92,Yes,No,5G,2,536,No,1
MRD-003722,No,87.64,48,3966.17,Premium,5,No,2.14,No,No,4G,1,313,Yes,7
MRD-003723,No,36.55,61,3678.38,Basic,1,No,0.13,Yes,No,5G,5,1293,No,10
MRD-003724,Yes,39.8,44,1909.41,Basic,2,Yes,4.6,Yes,Yes,4G,2,1445,No,9
MRD-003725,No,104.72,55,3678.4,Premium,2,Yes,3.56,Yes,No,5G,2,579,No,5
MRD-003726,No,56.36,88,6496.06,Plus,2,No,9.47,Yes,Yes,5G,2,242,No,6
MRD-003727,No,94.92,57,7188.47,Premium,2,Yes,0.62,Yes,Yes,5G,0,258,No,5
MRD-003728,No,54.03,74,7707.47,Plus,1,No,4.13,No,No,5G,2,479,No,6
MRD-003729,No,58.05,31,1585.13,Plus,4,Yes,4.53,No,Yes,5G,0,683,Yes,5
MRD-003730,No,40.85,21,479.99,Basic,2,No,2.25,Yes,No,5G,5,1131,No,6
MRD-003731,Yes,39.37,79,2566.6,Basic,1,Yes,0.38,No,No,5G,0,1452,No,4
MRD-003732,No,89.69,47,2297.26,Premium,3,No,10.32,Yes,No,5G,1,853,Yes,4
MRD-003733,No,34.61,17,1704.53,Basic,2,No,1.11,No,Yes,5G,0,1231,No,8
MRD-003734,No,56.07,80,5203.88,Plus,4,No,1.27,No,Yes,5G,2,201,Yes,3
MRD-003735,Yes,26.93,61,2028.64,Basic,5,No,6.58,Yes,No,5G,4,653,Yes,8
MRD-003736,Yes,88.46,17,1521.46,Premium,2,No,3.01,Yes,Yes,5G,2,1245,No,5
MRD-003737,No,105.38,54,6797.24,Premium,5,No,4.03,No,No,4G,2,49,Yes,8
MRD-003738,No,33.48,61,2317.86,Basic,1,No,3.6,Yes,No,5G,2,1226,No,8
MRD-003739,No,39.09,25,906.02,Basic,4,No,7.13,No,Yes,5G,1,304,Yes,7
MRD-003740,Yes,65.14,1,318.5,Plus,4,Yes,1.42,No,Yes,5G,1,1408,Yes,2
MRD-003741,Yes,91.99,26,2050.25,Premium,3,No,1.89,Yes,Yes,5G,4,130,Yes,5
MRD-003742,No,68.16,81,4196.5,Plus,3,No,7.31,Yes,Yes,5G,0,1182,Yes,8
MRD-003743,No,58.24,2,1.16,Plus,1,Yes,2.24,Yes,No,4G,1,920,No,2
MRD-003744,No,43.92,96,7352.99,Basic,5,Yes,2.98,Yes,No,5G,1,329,Yes,3
MRD-003745,No,64.99,62,8103.28,Plus,3,Yes,1.03,No,No,4G,3,906,Yes,1
MRD-003746,No,38.81,69,1219.06,Basic,1,Yes,3.57,Yes,Yes,4G,0,1171,No,2
MRD-003747,No,40.38,18,1323.09,Basic,2,No,2.5,No,No,4G,0,1073,No,6
MRD-003748,Yes,57.94,0,0.0,Plus,1,Yes,7.12,Yes,No,5G,3,1462,No,5
MRD-003749,No,68.75,83,2801.07,Plus,1,No,12.86,Yes,Yes,5G,0,1280,No,5
MRD-003750,No,38.86,24,1353.09,Basic,3,No,2.76,No,Yes,5G,0,666,Yes,5
MRD-003751,No,105.96,2,302.0,Premium,1,Yes,3.21,No,No,5G,2,1011,No,4
MRD-003752,Yes,37.54,41,2144.74,Basic,1,No,1.79,No,No,4G,4,29,No,2
MRD-003753,No,56.43,45,1781.98,Plus,2,No,1.2,Yes,No,5G,1,581,No,10
MRD-003754,Yes,90.09,43,6392.8,Premium,2,No,4.69,Yes,Yes,5G,1,470,No,2
MRD-003755,No,67.34,11,3115.82,Plus,5,No,1.66,Yes,No,5G,1,538,Yes,6
MRD-003756,No,63.7,90,6865.62,Plus,5,No,3.51,Yes,Yes,5G,2,304,Yes,1
MRD-003757,Yes,57.89,64,3800.36,Plus,5,Yes,1.87,No,No,5G,0,17,Yes,3
MRD-003758,Yes,37.63,5,404.21,Basic,2,No,0.83,No,Yes,5G,2,129,No,8
MRD-003759,No,91.94,13,917.84,Premium,3,No,3.08,No,Yes,4G,1,564,Yes,3
MRD-003760,No,103.21,72,8770.06,Premium,2,No,1.38,No,Yes,5G,2,239,No,10
MRD-003761,No,69.02,86,3429.35,Plus,4,No,7.52,No,No,4G,2,1358,Yes,4
MRD-003762,No,67.8,39,4304.69,Plus,1,Yes,0.54,No,Yes,5G,1,415,No,1
MRD-003763,Yes,43.33,33,881.63,Basic,1,No,3.84,No,No,5G,0,1237,No,4
MRD-003764,No,63.46,83,5841.29,Plus,2,No,1.96,Yes,Yes,4G,0,232,No,1
MRD-003765,Yes,33.92,55,1523.01,Basic,1,No,0.8,No,No,4G,0,1492,No,6
MRD-003766,No,59.64,66,2348.2,Plus,3,No,1.25,Yes,No,4G,2,934,Yes,4
MRD-003767,No,94.66,9,846.46,Premium,1,No,7.37,Yes,Yes,5G,2,861,No,1
MRD-003768,No,35.05,27,1614.56,Basic,1,Yes,1.11,Yes,Yes,5G,2,153,No,6
MRD-003769,No,112.18,31,2189.87,Premium,1,No,0.88,Yes,No,5G,2,944,No,4
MRD-003770,No,52.11,20,1735.65,Plus,5,No,0.4,Yes,No,5G,2,1349,Yes,1
MRD-003771,No,58.54,65,2791.67,Plus,4,No,2.58,No,Yes,5G,0,1404,Yes,9
MRD-003772,No,51.63,55,3103.08,Plus,5,No,0.96,Yes,Yes,4G,4,318,Yes,8
MRD-003773,Yes,39.28,27,1764.49,Basic,2,Yes,0.64,No,No,5G,4,590,No,5
MRD-003774,No,57.5,72,6929.24,Plus,1,No,0.91,Yes,No,4G,2,479,No,3
MRD-003775,Yes,63.37,17,2536.03,Plus,2,No,0.39,No,Yes,5G,4,347,No,2
MRD-003776,Yes,41.7,44,1870.96,Basic,1,No,2.96,Yes,No,5G,2,1102,No,3
MRD-003777,No,27.53,49,1229.34,Basic,4,No,6.92,No,Yes,5G,0,87,Yes,5
MRD-003778,No,52.05,85,3456.91,Plus,3,No,1.76,Yes,No,4G,1,111,Yes,8
MRD-003779,No,57.31,30,1314.51,Plus,4,No,1.14,Yes,No,5G,3,462,Yes,2
MRD-003780,Yes,39.59,14,888.22,Basic,4,No,3.22,No,Yes,5G,2,357,Yes,3
MRD-003781,Yes,36.09,63,4276.14,Basic,3,Yes,7.83,No,Yes,5G,2,1471,Yes,8
MRD-003782,No,26.63,7,6.67,Basic,4,No,13.43,No,Yes,5G,1,1405,Yes,4
MRD-003783,No,70.61,35,1283.92,Plus,2,No,5.83,Yes,No,4G,0,623,No,3
MRD-003784,No,41.06,54,1538.03,Basic,3,No,0.27,No,Yes,5G,2,593,Yes,7
MRD-003785,Yes,40.28,23,677.6,Basic,4,No,1.49,Yes,Yes,5G,1,228,Yes,1
MRD-003786,No,116.33,91,17535.71,Premium,2,No,0.21,Yes,No,5G,0,484,No,2
MRD-003787,No,69.13,27,1511.05,Plus,2,No,0.85,Yes,No,5G,2,412,No,5
MRD-003788,Yes,29.55,13,547.16,Basic,1,No,1.25,No,No,5G,2,1168,No,9
MRD-003789,No,80.6,43,3165.57,Premium,1,No,6.14,No,Yes,4G,2,1072,No,8
MRD-003790,No,61.25,26,1187.67,Plus,3,Yes,1.3,Yes,No,5G,2,922,Yes,10
MRD-003791,No,58.72,44,3665.52,Plus,1,No,0.66,Yes,Yes,5G,3,336,No,8
MRD-003792,No,63.77,80,4993.92,Plus,2,Yes,11.29,Yes,No,5G,0,1245,No,2
MRD-003793,Yes,32.2,84,3003.66,Basic,5,Yes,6.45,Yes,No,5G,1,567,Yes,4
MRD-003794,Yes,67.37,1,407.44,Plus,1,No,2.92,No,Yes,4G,2,1085,No,2
MRD-003795,No,89.83,30,1424.54,Premium,3,No,1.44,Yes,No,5G,3,1140,Yes,8
MRD-003796,No,69.85,6,554.09,Plus,5,No,8.16,Yes,Yes,5G,1,954,Yes,3
MRD-003797,No,91.72,69,4414.18,Premium,1,No,1.73,No,Yes,4G,1,948,No,5
MRD-003798,No,35.26,20,821.24,Basic,1,No,0.71,Yes,Yes,4G,3,508,No,8
MRD-003799,No,114.57,26,4658.56,Premium,3,Yes,7.09,No,No,5G,3,332,Yes,4
MRD-003800,Yes,39.04,36,1399.61,Basic,3,No,13.55,No,No,5G,1,415,Yes,2
MRD-003801,No,41.54,42,2020.36,Basic,3,No,3.27,No,Yes,5G,2,1455,Yes,2
MRD-003802,No,41.81,95,5903.25,Basic,2,No,7.04,Yes,Yes,5G,0,1185,No,6
MRD-003803,No,69.29,79,3748.64,Plus,1,No,3.09,No,No,4G,3,227,No,9
MRD-003804,Yes,55.52,90,7025.71,Plus,4,No,0.53,Yes,No,5G,1,1395,Yes,9
MRD-003805,No,31.8,32,1543.2,Basic,1,No,3.16,No,No,4G,0,30,No,7
MRD-003806,No,67.19,4,208.12,Plus,1,No,5.31,Yes,No,5G,3,1082,No,6
MRD-003807,No,33.43,8,510.16,Basic,1,No,1.71,No,No,4G,2,1104,No,5
MRD-003808,No,91.86,23,3602.28,Premium,2,No,0.69,No,No,5G,0,1135,No,3
MRD-003809,Yes,53.71,23,765.3,Plus,2,Yes,1.97,Yes,Yes,5G,4,1462,No,3
MRD-003810,No,56.27,4,447.83,Plus,1,No,2.36,Yes,No,5G,1,1166,No,1
MRD-003811,No,37.36,10,608.62,Basic,2,Yes,0.58,No,Yes,4G,1,1003,No,3
MRD-003812,No,54.34,3,441.56,Plus,1,No,4.63,No,No,5G,1,377,No,6
MRD-003813,No,50.72,45,1213.92,Plus,3,Yes,1.74,No,Yes,5G,2,542,Yes,6
MRD-003814,No,100.4,54,4119.89,Premium,1,No,1.52,No,No,5G,1,1487,No,10
MRD-003815,No,87.5,26,4253.57,Premium,1,No,2.93,Yes,No,5G,1,317,No,3
MRD-003816,No,81.55,24,1082.06,Premium,4,No,5.29,Yes,Yes,5G,4,969,Yes,2
MRD-003817,No,62.57,63,6704.63,Plus,2,No,1.54,Yes,No,5G,1,907,No,6
MRD-003818,Yes,29.53,45,974.55,Basic,2,No,1.99,No,No,5G,1,315,No,2
MRD-003819,Yes,27.71,15,100.88,Basic,1,No,3.1,Yes,No,5G,2,725,No,3
MRD-003820,No,79.03,23,3920.25,Premium,3,No,7.05,Yes,No,5G,2,472,Yes,7
MRD-003821,Yes,31.66,78,2236.98,Basic,5,No,0.69,No,No,4G,1,920,Yes,9
MRD-003822,No,49.12,0,404.95,Plus,1,No,0.21,Yes,No,4G,2,281,No,2
MRD-003823,Yes,33.55,48,3650.22,Basic,1,No,1.62,Yes,No,4G,1,674,No,5
MRD-003824,No,56.67,71,5379.76,Plus,2,No,1.83,No,Yes,5G,1,87,No,2
MRD-003825,No,69.13,0,326.83,Plus,3,No,0.23,No,Yes,4G,1,322,Yes,3
MRD-003826,No,30.6,85,5466.14,Basic,3,No,2.43,Yes,No,5G,0,1062,Yes,6
MRD-003827,No,38.05,26,819.0,Basic,1,No,1.74,Yes,No,4G,0,1411,No,4
MRD-003828,No,65.83,33,2508.87,Plus,1,No,2.42,Yes,Yes,5G,4,1252,No,10
MRD-003829,No,91.31,15,1763.52,Premium,1,Yes,4.06,No,No,5G,0,1402,No,6
MRD-003830,No,84.13,34,3122.21,Premium,1,No,3.98,Yes,No,5G,3,1465,No,9
MRD-003831,No,58.43,65,1996.7,Plus,1,No,3.54,Yes,Yes,5G,2,296,No,5
MRD-003832,No,62.23,65,2502.02,Plus,2,No,3.31,Yes,No,4G,0,1316,No,3
MRD-003833,No,68.4,78,9564.75,Plus,2,No,4.13,No,No,4G,0,143,No,2
MRD-003834,No,57.92,30,2016.03,Plus,2,No,11.75,Yes,No,4G,1,1166,No,4
MRD-003835,No,37.36,78,2255.13,Basic,1,No,2.14,Yes,Yes,5G,1,1190,No,8
MRD-003836,No,110.71,14,1694.18,Premium,5,No,4.01,No,No,5G,0,240,Yes,7
MRD-003837,No,62.73,80,2989.97,Plus,2,No,3.91,Yes,No,4G,3,73,No,10
MRD-003838,No,29.62,79,2623.49,Basic,2,No,2.45,No,No,5G,3,577,No,7
MRD-003839,No,60.55,56,1972.67,Plus,5,No,1.61,Yes,Yes,4G,1,571,Yes,1
MRD-003840,No,39.91,70,4223.97,Basic,1,No,3.33,Yes,Yes,5G,1,186,No,7
MRD-003841,No,80.06,52,3621.02,Premium,1,No,8.45,Yes,No,4G,1,1029,No,3
MRD-003842,No,82.06,60,8474.19,Premium,4,No,4.68,Yes,Yes,5G,0,539,Yes,5
MRD-003843,No,62.59,10,1257.21,Plus,1,No,1.78,Yes,Yes,5G,2,117,No,7
MRD-003844,No,62.0,60,2212.88,Plus,2,No,1.95,Yes,No,5G,1,1164,No,4
MRD-003845,Yes,39.16,45,1721.98,Basic,1,No,10.31,No,No,5G,0,941,No,5
MRD-003846,No,53.12,6,106.66,Plus,1,No,2.47,Yes,No,5G,5,401,No,4
MRD-003847,Yes,36.33,62,5423.6,Basic,3,No,6.67,Yes,Yes,5G,1,923,Yes,4
MRD-003848,Yes,38.48,1,363.82,Basic,3,No,2.0,Yes,No,5G,3,748,Yes,7
MRD-003849,No,91.59,7,855.9,Premium,4,Yes,1.42,Yes,Yes,4G,1,285,Yes,1
MRD-003850,No,59.47,14,588.26,Plus,1,No,5.39,No,No,4G,0,1070,No,9
MRD-003851,No,73.27,47,5269.17,Plus,2,No,4.49,Yes,No,5G,2,135,No,7
MRD-003852,No,60.98,4,31.75,Plus,1,No,1.17,Yes,No,5G,5,433,No,5
MRD-003853,No,89.25,51,4438.8,Premium,1,No,2.36,Yes,No,5G,1,494,No,7
MRD-003854,No,97.33,84,10949.15,Premium,1,No,1.59,Yes,Yes,5G,1,1195,No,10
MRD-003855,No,28.15,69,3613.89,Basic,5,No,2.75,No,Yes,4G,2,1106,Yes,9
MRD-003856,No,36.77,80,3431.64,Basic,5,No,2.93,Yes,Yes,5G,1,269,Yes,5
MRD-003857,No,62.89,20,1187.36,Plus,1,No,4.5,Yes,No,4G,2,1441,No,9
MRD-003858,No,36.5,73,2890.55,Basic,2,No,0.44,Yes,Yes,5G,2,677,No,8
MRD-003859,No,103.47,81,4939.01,Premium,2,No,7.76,No,No,4G,2,589,No,8
MRD-003860,No,72.56,70,5097.48,Plus,1,No,2.07,Yes,Yes,4G,1,1108,No,6
MRD-003861,Yes,30.37,15,398.37,Basic,1,Yes,1.96,Yes,No,4G,1,738,No,1
MRD-003862,Yes,36.84,75,2333.5,Basic,1,No,5.15,No,No,5G,2,98,No,6
MRD-003863,Yes,101.29,65,6628.86,Premium,4,No,8.76,No,Yes,5G,1,978,Yes,10
MRD-003864,No,53.46,53,2858.76,Plus,3,No,6.28,Yes,Yes,4G,5,1123,Yes,4
MRD-003865,No,64.1,48,4516.63,Plus,3,No,1.95,Yes,No,4G,1,725,Yes,4
MRD-003866,Yes,36.43,25,1483.46,Basic,2,No,2.47,Yes,Yes,4G,0,557,No,5
MRD-003867,No,65.58,0,232.53,Plus,2,No,2.24,No,No,5G,3,871,No,4
MRD-003868,No,62.46,28,2362.39,Plus,2,No,4.67,Yes,Yes,4G,1,482,No,5
MRD-003869,Yes,33.58,57,3125.01,Basic,4,Yes,1.67,Yes,No,5G,3,799,Yes,1
MRD-003870,No,35.38,38,1276.93,Basic,1,No,3.1,Yes,Yes,5G,2,1449,No,1
MRD-003871,No,45.01,16,612.3,Basic,2,No,0.85,No,No,5G,0,1317,No,1
MRD-003872,Yes,53.66,15,580.16,Plus,2,Yes,3.41,No,No,4G,1,891,No,1
MRD-003873,No,82.74,22,2572.51,Premium,4,No,0.44,Yes,No,5G,1,888,Yes,6
MRD-003874,No,33.44,90,2859.43,Basic,3,No,1.07,Yes,No,4G,3,348,Yes,5
MRD-003875,Yes,38.93,88,2604.62,Basic,1,No,1.65,Yes,No,5G,2,1206,No,2
MRD-003876,Yes,60.75,51,1954.72,Plus,1,No,1.07,No,Yes,5G,4,890,No,10
MRD-003877,No,55.21,3,325.49,Plus,1,No,4.01,Yes,No,5G,2,846,No,8
MRD-003878,Yes,58.49,40,7884.65,Plus,3,No,10.78,Yes,Yes,5G,2,965,Yes,8
MRD-003879,No,60.44,0,40.9,Plus,1,No,4.04,Yes,No,4G,1,579,No,5
MRD-003880,No,30.8,12,389.88,Basic,1,No,4.1,Yes,No,4G,0,87,No,7
MRD-003881,No,31.49,91,3385.21,Basic,1,No,6.42,Yes,No,4G,3,200,No,4
MRD-003882,No,39.67,21,466.13,Basic,2,Yes,6.62,Yes,Yes,5G,2,579,No,5
MRD-003883,Yes,59.4,53,7898.91,Plus,1,Yes,0.89,No,No,4G,2,196,No,5
MRD-003884,No,46.97,96,5765.6,Plus,2,No,1.24,Yes,No,4G,2,13,No,9
MRD-003885,No,53.66,25,909.36,Plus,2,No,0.84,No,No,5G,0,40,No,3
MRD-003886,Yes,36.23,2,126.79,Basic,1,No,0.35,Yes,No,5G,1,1430,No,3
MRD-003887,Yes,102.56,7,358.5,Premium,1,No,5.18,No,No,5G,2,160,No,9
MRD-003888,No,55.7,51,1785.98,Plus,1,No,1.27,Yes,No,5G,0,681,No,5
MRD-003889,No,62.76,73,3748.9,Plus,5,Yes,4.22,Yes,No,5G,3,1188,Yes,8
MRD-003890,Yes,56.06,51,3507.05,Plus,1,No,2.84,No,No,5G,2,1436,No,3
MRD-003891,Yes,35.76,86,2883.52,Basic,1,No,3.85,Yes,No,5G,4,481,No,4
MRD-003892,No,31.36,73,2985.67,Basic,3,No,0.6,Yes,Yes,5G,1,1149,Yes,6
MRD-003893,No,59.52,9,1137.7,Plus,3,No,4.93,Yes,Yes,5G,0,37,Yes,10
MRD-003894,Yes,29.77,75,2919.7,Basic,1,Yes,0.78,Yes,Yes,5G,0,781,No,2
MRD-003895,No,61.16,91,5233.39,Plus,1,No,2.04,Yes,No,5G,2,759,No,3
MRD-003896,Yes,37.06,77,3077.12,Basic,4,No,0.2,No,Yes,5G,2,1261,Yes,6
MRD-003897,No,93.54,47,3910.61,Premium,2,No,0.89,Yes,Yes,5G,1,38,No,3
MRD-003898,No,96.46,22,1149.09,Premium,1,No,5.51,Yes,No,4G,2,511,No,2
MRD-003899,No,87.24,22,1954.56,Premium,2,No,3.24,No,No,5G,1,1294,No,3
MRD-003900,No,48.24,19,914.54,Plus,4,Yes,1.13,Yes,Yes,4G,2,1437,Yes,8
MRD-003901,No,38.57,22,2067.14,Basic,1,Yes,1.2,No,No,5G,1,1442,No,8
MRD-003902,No,58.26,87,7058.24,Plus,2,No,7.45,No,No,5G,2,418,No,4
MRD-003903,No,101.74,16,2873.4,Premium,2,No,5.75,Yes,No,5G,1,1152,No,10
MRD-003904,Yes,35.85,17,871.11,Basic,1,No,2.22,No,Yes,5G,2,1350,No,3
MRD-003905,No,42.0,35,1139.37,Plus,1,No,0.35,Yes,No,5G,2,760,No,4
MRD-003906,Yes,37.79,11,0.0,Basic,4,No,1.05,No,No,5G,2,350,Yes,2
MRD-003907,Yes,29.84,95,3496.58,Basic,2,Yes,7.48,No,Yes,4G,1,1087,No,2
MRD-003908,No,29.19,13,491.86,Basic,3,No,1.53,Yes,No,4G,0,1278,Yes,5
MRD-003909,No,39.5,4,685.91,Basic,1,Yes,1.7,No,No,5G,3,399,No,4
MRD-003910,No,98.51,20,2322.31,Premium,1,Yes,2.88,Yes,No,4G,5,662,No,10
MRD-003911,No,43.46,49,1246.55,Plus,1,Yes,4.87,Yes,Yes,5G,2,492,No,9
MRD-003912,Yes,26.97,26,973.63,Basic,4,No,3.17,Yes,Yes,4G,3,194,Yes,3
MRD-003913,No,58.94,73,7627.05,Plus,4,No,0.5,No,No,5G,1,1120,Yes,3
MRD-003914,No,98.01,58,7672.55,Premium,1,No,2.3,Yes,Yes,5G,2,857,No,2
MRD-003915,No,61.45,34,1467.75,Plus,1,Yes,0.86,Yes,Yes,5G,1,795,No,8
MRD-003916,No,31.55,94,2504.02,Basic,3,Yes,3.5,Yes,Yes,5G,1,1090,Yes,4
MRD-003917,Yes,35.22,43,2136.18,Basic,2,No,7.62,Yes,Yes,5G,0,336,No,1
MRD-003918,No,33.66,73,7436.48,Basic,4,Yes,2.05,No,No,4G,4,1064,Yes,9
MRD-003919,No,48.79,12,866.81,Plus,3,No,8.41,Yes,Yes,4G,1,1107,Yes,10
MRD-003920,No,52.02,20,1099.96,Plus,3,Yes,4.63,Yes,No,5G,1,728,Yes,4
MRD-003921,No,27.49,74,1653.19,Basic,1,No,1.14,Yes,Yes,5G,2,703,No,4
MRD-003922,No,99.09,85,13141.81,Premium,2,No,1.64,Yes,Yes,5G,3,1412,No,10
MRD-003923,Yes,32.05,20,572.85,Basic,1,No,1.24,Yes,No,5G,0,399,No,9
MRD-003924,No,64.33,29,3249.22,Plus,2,No,6.05,No,No,4G,4,1486,No,8
MRD-003925,Yes,34.01,28,1461.63,Basic,1,No,3.33,No,No,5G,2,99,No,3
MRD-003926,No,51.01,75,3820.3,Plus,1,No,7.74,No,No,5G,2,247,No,8
MRD-003927,No,57.45,78,5146.98,Plus,1,No,3.44,Yes,Yes,5G,3,1007,No,3
MRD-003928,Yes,30.4,89,2317.9,Basic,1,No,2.55,No,Yes,5G,3,323,No,2
MRD-003929,No,48.38,11,374.12,Plus,5,No,6.05,No,No,5G,1,482,Yes,8
MRD-003930,No,60.05,85,4401.92,Plus,1,No,0.65,Yes,Yes,4G,3,746,No,7
MRD-003931,No,48.84,43,2121.91,Plus,4,No,1.44,Yes,No,4G,1,1095,Yes,2
MRD-003932,No,36.06,26,1224.63,Basic,1,No,1.1,Yes,Yes,5G,1,1228,No,5
MRD-003933,No,55.75,59,2897.17,Plus,1,No,2.7,Yes,No,4G,1,1389,No,1
MRD-003934,No,82.35,45,3327.45,Premium,4,No,3.06,Yes,Yes,5G,1,1259,Yes,8
MRD-003935,No,35.67,35,1402.11,Basic,4,No,2.61,No,No,5G,1,1254,Yes,6
MRD-003936,No,96.37,3,451.05,Premium,2,No,6.23,Yes,No,5G,5,2,No,6
MRD-003937,No,62.16,84,2841.87,Plus,1,No,0.63,Yes,Yes,5G,1,928,No,6
MRD-003938,No,27.41,86,2105.53,Basic,3,No,1.4,Yes,No,4G,2,641,Yes,10
MRD-003939,No,36.27,80,4131.57,Basic,3,No,3.59,Yes,Yes,4G,0,107,Yes,4
MRD-003940,No,98.72,81,9523.29,Premium,1,No,5.45,No,Yes,4G,1,1443,No,9
MRD-003941,No,52.06,56,1210.8,Plus,1,Yes,3.91,Yes,No,4G,1,87,No,9
MRD-003942,No,80.58,61,9751.07,Premium,1,No,5.3,No,No,4G,3,1230,No,7
MRD-003943,No,65.2,87,10335.07,Plus,2,No,3.96,No,No,5G,0,197,No,9
MRD-003944,No,72.94,27,4579.18,Plus,3,No,1.72,No,No,4G,1,1291,Yes,5
MRD-003945,No,109.41,1,85.26,Premium,2,No,8.66,Yes,No,5G,2,209,No,1
MRD-003946,No,41.44,52,2351.7,Basic,1,No,4.15,Yes,Yes,4G,3,231,No,6
MRD-003947,No,37.49,18,248.17,Basic,1,No,3.42,Yes,Yes,4G,1,1306,No,7
MRD-003948,Yes,32.19,26,479.32,Basic,1,No,3.17,Yes,No,5G,2,532,No,2
MRD-003949,No,120.13,71,7645.91,Premium,4,No,2.71,Yes,Yes,4G,3,1364,Yes,7
MRD-003950,No,91.49,46,2565.2,Premium,2,No,1.16,Yes,No,5G,4,600,No,4
MRD-003951,No,96.07,0,0.0,Premium,5,No,6.96,No,No,4G,2,654,Yes,2
MRD-003952,Yes,56.75,65,5989.96,Plus,1,Yes,0.58,No,Yes,5G,1,387,No,3
MRD-003953,No,31.6,24,512.68,Basic,2,No,6.45,No,No,5G,2,709,No,10
MRD-003954,Yes,35.14,41,1128.88,Basic,3,No,4.36,No,Yes,5G,2,1296,Yes,1
MRD-003955,Yes,63.8,75,5141.93,Plus,2,No,7.96,Yes,No,5G,3,557,No,4
MRD-003956,Yes,55.65,52,2344.6,Plus,1,No,1.8,No,Yes,4G,0,1260,No,2
MRD-003957,No,52.56,88,10386.23,Plus,1,No,1.26,No,No,4G,3,980,No,6
MRD-003958,No,91.16,62,4244.48,Premium,4,No,5.58,No,No,5G,4,963,Yes,9
MRD-003959,No,39.54,60,1868.54,Basic,4,No,0.7,No,No,4G,0,839,Yes,3
MRD-003960,No,49.78,28,1016.88,Plus,2,No,4.58,Yes,Yes,5G,2,619,No,4
MRD-003961,No,79.3,88,7068.19,Premium,1,No,2.87,Yes,No,5G,2,719,No,5
MRD-003962,No,94.3,26,5224.57,Premium,2,No,11.36,No,Yes,5G,4,1369,No,10
MRD-003963,Yes,70.95,93,4277.89,Premium,3,No,4.76,Yes,No,4G,2,763,Yes,1
MRD-003964,No,37.0,76,3144.48,Basic,5,No,7.69,No,Yes,5G,3,334,Yes,4
MRD-003965,No,57.88,12,2104.87,Plus,2,Yes,0.95,Yes,No,5G,0,470,No,6
MRD-003966,No,60.79,22,851.49,Plus,1,No,2.95,Yes,No,5G,0,19,No,4
MRD-003967,No,57.34,39,1147.67,Plus,1,No,3.89,Yes,No,5G,5,367,No,5
MRD-003968,Yes,39.45,32,813.23,Basic,1,No,6.01,No,No,4G,4,224,No,4
MRD-003969,No,50.65,54,2794.85,Plus,2,No,0.82,Yes,No,4G,1,983,No,10
MRD-003970,No,37.02,78,4015.88,Basic,2,No,6.07,Yes,Yes,4G,1,970,No,4
MRD-003971,No,80.09,47,3128.76,Premium,3,No,0.21,No,Yes,4G,0,75,Yes,1
MRD-003972,Yes,34.07,88,2829.86,Basic,3,No,1.76,Yes,No,5G,3,1395,Yes,4
MRD-003973,No,95.72,16,1473.32,Premium,2,Yes,7.18,Yes,No,4G,0,1467,No,6
MRD-003974,Yes,31.65,41,588.13,Basic,1,No,5.1,No,No,5G,3,182,No,4
MRD-003975,No,97.12,94,17477.83,Premium,1,No,2.53,No,No,5G,2,1200,No,6
MRD-003976,Yes,45.62,13,769.0,Basic,2,No,0.19,Yes,Yes,5G,1,929,No,9
MRD-003977,No,32.76,40,2689.02,Basic,2,Yes,9.91,No,Yes,5G,2,502,No,5
MRD-003978,No,53.88,27,1390.31,Plus,3,Yes,3.68,Yes,No,5G,1,1274,Yes,8
MRD-003979,No,62.19,18,2997.98,Plus,5,No,4.51,No,Yes,4G,0,1241,Yes,7
MRD-003980,No,67.55,10,516.55,Plus,2,No,1.0,Yes,No,4G,5,1409,No,4
MRD-003981,Yes,31.34,23,638.55,Basic,1,Yes,5.04,Yes,Yes,5G,1,520,No,7
MRD-003982,No,42.73,85,3731.24,Basic,4,No,1.87,Yes,No,4G,0,1428,Yes,4
MRD-003983,No,37.52,43,629.65,Basic,2,No,2.72,Yes,No,4G,1,822,No,5
MRD-003984,No,57.24,82,2005.96,Plus,4,Yes,1.81,No,No,5G,2,43,Yes,4
MRD-003985,No,60.46,92,6205.47,Plus,3,No,1.5,Yes,No,5G,0,98,Yes,9
MRD-003986,No,66.08,19,1412.94,Plus,2,No,2.76,Yes,No,4G,1,297,No,5
MRD-003987,No,91.4,10,1083.13,Premium,2,No,3.68,No,Yes,5G,1,467,No,1
MRD-003988,No,30.42,70,1066.65,Basic,1,No,4.25,Yes,No,5G,1,750,No,7
MRD-003989,No,36.07,28,745.83,Basic,1,No,5.87,No,Yes,5G,3,1426,No,5
MRD-003990,No,64.1,64,3682.8,Plus,1,No,2.14,Yes,No,5G,1,914,No,3
MRD-003991,Yes,37.76,66,1621.93,Basic,4,No,2.66,Yes,No,5G,2,278,Yes,1
MRD-003992,Yes,55.07,18,1077.74,Plus,1,No,3.79,No,No,4G,0,316,No,5
MRD-003993,No,63.82,56,3010.38,Plus,3,No,2.85,Yes,Yes,5G,1,565,Yes,2
MRD-003994,No,43.65,8,855.52,Basic,1,No,4.83,Yes,Yes,4G,2,896,No,4
MRD-003995,No,36.58,6,537.35,Basic,1,No,3.06,Yes,No,5G,1,254,No,10
MRD-003996,No,60.84,44,4265.9,Plus,2,No,2.41,No,No,4G,1,411,No,2
MRD-003997,No,66.72,42,3168.75,Plus,3,No,1.28,No,Yes,5G,1,198,Yes,1
MRD-003998,No,54.53,40,1231.93,Plus,4,No,1.52,No,Yes,4G,2,291,Yes,7
MRD-003999,No,64.67,58,1932.55,Plus,1,No,4.12,No,No,5G,2,799,No,3
MRD-004000,No,106.73,52,6195.19,Premium,3,No,1.18,No,Yes,5G,3,1099,Yes,5
MRD-004001,Yes,29.85,2,217.98,Basic,2,No,2.66,Yes,No,5G,0,1144,No,8
MRD-004002,No,58.13,4,149.46,Plus,2,No,2.93,Yes,Yes,4G,2,998,No,9
MRD-004003,No,31.51,65,2244.08,Basic,2,Yes,1.92,No,Yes,4G,1,401,No,8
MRD-004004,Yes,32.76,31,1456.22,Basic,2,No,6.55,Yes,Yes,4G,3,380,No,6
MRD-004005,No,38.82,19,703.25,Basic,1,No,1.36,No,Yes,5G,2,1281,No,10
MRD-004006,No,38.73,32,2313.42,Basic,3,Yes,7.7,Yes,Yes,5G,2,464,Yes,9
MRD-004007,Yes,31.02,47,558.13,Basic,2,No,5.58,No,No,4G,1,585,No,2
MRD-004008,Yes,33.11,26,1033.86,Basic,1,Yes,1.9,No,No,4G,1,1114,No,9
MRD-004009,No,59.42,29,2865.07,Plus,1,No,2.2,Yes,Yes,5G,0,173,No,1
MRD-004010,No,61.91,62,3232.57,Plus,2,No,3.69,Yes,No,5G,0,1279,No,5
MRD-004011,No,104.67,43,3550.39,Premium,1,No,0.17,No,No,5G,0,1482,No,1
MRD-004012,No,71.98,9,600.37,Plus,1,No,3.56,Yes,Yes,5G,0,1278,No,3
MRD-004013,Yes,31.58,29,551.78,Basic,1,No,0.31,No,No,5G,1,1073,No,8
MRD-004014,No,90.87,51,7281.68,Premium,1,No,1.35,Yes,No,5G,0,1133,No,5
MRD-004015,Yes,28.26,96,5725.63,Basic,1,No,2.38,Yes,Yes,4G,3,1072,No,3
MRD-004016,Yes,62.1,72,9013.41,Plus,3,Yes,8.4,Yes,Yes,5G,2,366,Yes,7
MRD-004017,No,32.27,82,1802.43,Basic,1,No,4.05,Yes,No,4G,2,1130,No,6
MRD-004018,No,35.0,3,130.32,Basic,1,No,0.33,Yes,Yes,5G,1,553,No,1
MRD-004019,Yes,62.31,66,4632.86,Plus,2,No,4.53,No,Yes,5G,2,877,No,7
MRD-004020,No,68.03,30,2398.32,Plus,1,No,1.39,Yes,Yes,4G,1,1387,No,7
MRD-004021,No,35.04,46,1740.31,Basic,4,No,1.27,Yes,Yes,5G,0,758,Yes,6
MRD-004022,No,54.64,1,166.38,Plus,4,No,2.19,No,Yes,5G,2,625,Yes,6
MRD-004023,No,71.46,86,5462.13,Plus,1,No,3.19,Yes,No,5G,4,1389,No,1
MRD-004024,No,42.86,57,2023.0,Plus,2,No,7.75,No,No,5G,2,123,No,6
MRD-004025,No,34.39,3,297.59,Basic,5,No,2.66,Yes,Yes,5G,5,456,Yes,7
MRD-004026,No,56.02,76,8670.3,Plus,5,No,1.56,Yes,Yes,5G,3,1483,Yes,9
MRD-004027,Yes,35.69,67,3271.56,Basic,3,No,0.22,Yes,Yes,5G,1,312,Yes,4
MRD-004028,Yes,94.24,46,5267.0,Premium,2,No,6.16,Yes,Yes,5G,3,1226,No,3
MRD-004029,No,98.0,13,2609.47,Premium,1,No,3.75,Yes,No,5G,1,289,No,2
MRD-004030,No,57.14,65,2404.17,Plus,2,No,3.45,Yes,Yes,5G,0,6,No,5
MRD-004031,No,115.12,89,8422.2,Premium,1,No,6.06,Yes,Yes,5G,2,681,No,9
MRD-004032,No,65.69,33,3263.0,Plus,1,No,1.7,No,No,5G,2,1312,No,10
MRD-004033,No,48.52,13,1085.86,Plus,1,No,1.32,Yes,No,4G,0,790,No,5
MRD-004034,No,34.61,91,2441.08,Basic,5,No,1.09,Yes,No,4G,3,836,Yes,8
MRD-004035,Yes,60.49,36,1991.17,Plus,2,Yes,4.23,Yes,No,5G,3,255,No,5
MRD-004036,No,105.09,78,5042.73,Premium,5,No,1.68,Yes,No,5G,1,90,Yes,1
MRD-004037,No,65.0,83,3035.74,Premium,2,No,0.59,Yes,No,4G,1,1045,No,1
MRD-004038,Yes,62.73,4,647.51,Plus,2,No,8.39,Yes,No,4G,1,608,No,5
MRD-004039,Yes,33.75,38,600.9,Basic,1,No,2.3,No,No,5G,2,1282,No,5
MRD-004040,Yes,52.37,0,0.9,Plus,2,No,7.82,No,No,5G,1,797,No,5
MRD-004041,No,86.96,50,3207.47,Premium,1,Yes,1.07,Yes,Yes,5G,0,1262,No,3
MRD-004042,No,56.9,32,3922.87,Plus,3,No,3.68,Yes,No,5G,2,1103,Yes,10
MRD-004043,No,57.18,66,3178.16,Plus,1,No,5.29,Yes,Yes,5G,2,621,No,6
MRD-004044,No,35.93,66,3778.94,Basic,1,No,1.97,Yes,Yes,5G,0,486,No,6
MRD-004045,No,78.85,75,2838.28,Premium,1,No,4.44,Yes,Yes,4G,0,838,No,8
MRD-004046,No,30.74,43,2409.6,Basic,4,No,0.41,Yes,Yes,5G,1,311,Yes,3
MRD-004047,No,32.8,91,4847.99,Basic,2,No,3.37,Yes,No,4G,1,521,No,2
MRD-004048,Yes,35.66,90,3136.78,Basic,3,No,14.0,Yes,Yes,5G,1,190,Yes,7
MRD-004049,No,32.04,91,2182.03,Basic,1,Yes,2.06,No,Yes,5G,1,81,No,1
MRD-004050,Yes,37.64,27,850.76,Basic,4,No,5.43,No,No,5G,0,1224,Yes,4
MRD-004051,No,30.28,17,709.46,Basic,3,No,1.64,No,Yes,4G,2,1317,Yes,3
MRD-004052,Yes,29.55,30,1242.23,Basic,3,No,1.16,No,No,5G,2,33,Yes,8
MRD-004053,No,31.17,83,6312.42,Basic,1,No,6.35,No,No,4G,0,494,No,1
MRD-004054,No,36.32,30,1248.63,Basic,5,No,5.41,Yes,Yes,4G,1,1375,Yes,7
MRD-004055,No,66.81,42,3268.73,Plus,1,No,2.2,No,No,5G,2,1079,No,7
MRD-004056,No,54.77,27,852.65,Plus,2,No,6.06,No,No,4G,1,140,No,6
MRD-004057,No,68.75,24,1909.06,Premium,2,Yes,1.84,No,No,5G,0,386,No,10
MRD-004058,Yes,60.57,65,3312.21,Plus,4,Yes,1.71,No,No,4G,1,1328,Yes,5
MRD-004059,No,34.46,54,1977.43,Basic,4,No,2.18,Yes,No,5G,2,236,Yes,10
MRD-004060,No,28.99,82,4446.99,Basic,1,Yes,0.91,Yes,Yes,4G,4,920,No,7
MRD-004061,No,66.64,53,1628.35,Plus,4,No,1.11,Yes,Yes,5G,2,1414,Yes,4
MRD-004062,No,59.3,1,84.22,Plus,4,Yes,4.3,No,No,5G,1,151,Yes,9
MRD-004063,No,59.13,44,1219.27,Plus,3,No,2.11,No,Yes,5G,0,930,Yes,9
MRD-004064,No,48.85,20,1348.25,Plus,3,No,0.0,Yes,No,5G,4,722,Yes,10
MRD-004065,No,36.75,64,4342.85,Basic,1,No,7.01,Yes,Yes,5G,1,412,No,6
MRD-004066,No,60.17,32,2060.93,Plus,2,No,0.17,Yes,No,5G,0,45,No,6
MRD-004067,No,59.16,2,0.0,Plus,5,Yes,10.26,Yes,No,5G,0,1018,Yes,1
MRD-004068,No,105.51,61,2475.16,Premium,2,Yes,8.53,Yes,No,4G,2,808,No,7
MRD-004069,No,84.46,26,2936.61,Premium,4,No,2.99,No,No,5G,4,516,Yes,4
MRD-004070,No,36.12,67,2558.24,Basic,2,No,3.0,Yes,Yes,5G,4,1430,No,1
MRD-004071,Yes,91.97,54,6334.46,Premium,2,No,10.59,Yes,No,5G,3,330,No,6
MRD-004072,Yes,30.88,72,2384.28,Basic,1,No,3.29,Yes,No,5G,2,944,No,9
MRD-004073,No,54.42,61,2987.1,Plus,4,No,3.12,Yes,Yes,5G,1,201,Yes,1
MRD-004074,No,30.81,30,1578.02,Basic,4,No,5.01,No,No,5G,5,775,Yes,1
MRD-004075,No,27.75,30,387.55,Basic,1,No,2.24,Yes,No,5G,0,775,No,2
MRD-004076,No,92.77,32,1585.04,Premium,3,Yes,0.54,No,No,5G,4,243,Yes,9
MRD-004077,No,59.68,80,5364.72,Plus,4,Yes,3.55,Yes,No,5G,2,372,Yes,2
MRD-004078,Yes,29.25,4,0.0,Basic,1,No,3.35,Yes,No,4G,3,663,No,5
MRD-004079,No,40.45,49,1636.95,Basic,5,No,3.2,No,No,5G,1,456,Yes,1
MRD-004080,Yes,32.14,93,1300.48,Basic,1,Yes,5.72,Yes,No,5G,2,521,No,6
MRD-004081,No,29.05,43,965.93,Basic,1,No,0.46,No,No,4G,0,1376,No,4
MRD-004082,No,35.46,79,3365.97,Basic,3,No,6.36,Yes,Yes,5G,0,953,Yes,8
MRD-004083,No,64.98,91,2722.12,Plus,4,No,1.44,Yes,Yes,5G,2,971,Yes,3
MRD-004084,No,75.66,95,6560.24,Premium,4,No,3.55,Yes,No,5G,0,74,Yes,10
MRD-004085,No,35.72,69,2316.24,Basic,5,No,0.95,No,No,4G,0,1476,Yes,8
MRD-004086,No,63.74,57,3375.3,Plus,4,No,9.66,No,Yes,5G,3,175,Yes,5
MRD-004087,No,53.52,68,4073.08,Plus,2,No,3.54,No,Yes,5G,1,124,No,3
MRD-004088,Yes,54.09,7,202.77,Plus,5,No,0.13,Yes,No,5G,0,1327,Yes,6
MRD-004089,No,32.53,79,1745.06,Basic,2,No,1.3,Yes,Yes,5G,3,892,No,9
MRD-004090,No,35.15,67,2928.03,Basic,2,Yes,0.5,No,No,4G,1,384,No,8
MRD-004091,No,78.98,94,17612.0,Premium,1,No,2.85,Yes,Yes,4G,2,723,No,2
MRD-004092,No,33.95,41,875.86,Basic,1,No,2.9,Yes,Yes,4G,0,344,No,4
MRD-004093,No,39.35,9,630.54,Basic,1,No,4.59,Yes,Yes,5G,1,426,No,2
MRD-004094,No,50.02,13,777.88,Plus,1,No,1.38,Yes,Yes,4G,1,609,No,9
MRD-004095,No,43.66,60,3536.94,Plus,2,No,6.69,Yes,No,5G,2,1080,No,6
MRD-004096,Yes,58.05,54,2510.17,Plus,5,Yes,3.92,Yes,No,5G,0,81,Yes,10
MRD-004097,No,30.68,53,1458.97,Basic,2,No,4.24,Yes,Yes,5G,0,717,No,6
MRD-004098,No,73.55,45,4362.79,Plus,4,No,0.58,Yes,Yes,5G,3,665,Yes,4
MRD-004099,No,95.64,90,5934.51,Premium,2,No,2.05,No,No,5G,1,525,No,8
MRD-004100,No,91.61,81,11186.3,Premium,4,Yes,8.86,Yes,No,5G,6,1285,Yes,2
MRD-004101,Yes,34.45,24,427.44,Basic,1,No,1.2,Yes,No,5G,1,564,No,3
MRD-004102,No,49.65,22,1155.35,Plus,1,No,9.92,Yes,No,5G,1,85,No,10
MRD-004103,Yes,38.33,32,877.53,Basic,2,No,5.28,Yes,No,5G,1,149,No,2
MRD-004104,No,31.55,82,1576.42,Basic,2,Yes,1.2,Yes,No,5G,0,1341,No,8
MRD-004105,No,52.22,54,2168.94,Plus,2,No,3.83,Yes,No,5G,0,448,No,4
MRD-004106,No,55.44,59,5875.01,Plus,1,No,0.24,Yes,No,5G,1,173,No,1
MRD-004107,No,56.15,32,2389.7,Plus,1,No,4.01,No,Yes,4G,1,633,No,10
MRD-004108,No,111.32,8,702.28,Premium,2,No,2.42,Yes,No,4G,0,151,No,10
MRD-004109,Yes,95.96,19,2042.84,Premium,4,Yes,0.37,Yes,No,5G,3,379,Yes,6
MRD-004110,Yes,30.85,6,167.79,Basic,3,No,3.72,Yes,No,4G,5,494,Yes,4
MRD-004111,No,41.99,95,5482.89,Basic,4,No,0.36,Yes,No,5G,2,299,Yes,8
MRD-004112,Yes,44.08,2,242.27,Basic,4,No,4.09,Yes,No,4G,2,27,Yes,7
MRD-004113,No,29.59,64,1984.07,Basic,3,Yes,2.85,Yes,No,5G,3,1161,Yes,4
MRD-004114,No,81.87,67,4394.49,Premium,3,No,3.24,Yes,No,5G,2,601,Yes,5
MRD-004115,No,56.56,81,5615.78,Plus,3,No,1.8,No,Yes,5G,3,932,Yes,9
MRD-004116,No,60.42,25,1400.1,Plus,5,No,8.73,Yes,No,5G,1,700,Yes,1
MRD-004117,No,37.3,26,788.81,Basic,2,No,3.87,Yes,No,5G,1,1295,No,1
MRD-004118,Yes,42.52,40,2456.61,Basic,4,No,8.19,No,No,5G,0,969,Yes,2
MRD-004119,No,73.33,68,3830.07,Plus,2,No,0.35,Yes,No,5G,3,1385,No,1
MRD-004120,Yes,94.27,7,309.05,Premium,4,No,0.24,No,No,4G,1,1469,Yes,1
MRD-004121,No,66.78,67,8324.47,Plus,2,No,3.77,No,Yes,5G,1,1121,No,2
MRD-004122,No,62.55,82,4852.22,Plus,4,No,7.66,Yes,Yes,4G,3,211,Yes,9
MRD-004123,Yes,35.22,1,162.16,Basic,3,Yes,2.54,Yes,No,4G,1,870,Yes,10
MRD-004124,Yes,29.01,32,732.41,Basic,1,Yes,4.34,Yes,Yes,5G,2,1381,No,10
MRD-004125,No,90.12,63,5629.2,Premium,1,No,3.21,Yes,No,5G,1,1366,No,2
MRD-004126,No,37.36,83,2697.93,Basic,1,Yes,4.97,Yes,Yes,4G,0,764,No,5
MRD-004127,No,102.07,3,167.94,Premium,1,No,2.85,Yes,No,5G,0,671,No,7
MRD-004128,No,106.25,80,12790.1,Premium,2,Yes,3.7,Yes,Yes,5G,4,1154,No,2
MRD-004129,Yes,34.76,48,2565.14,Basic,3,Yes,0.75,No,No,5G,1,1094,Yes,3
MRD-004130,No,39.45,21,1330.18,Basic,2,No,8.05,Yes,Yes,4G,1,193,No,4
MRD-004131,No,54.68,30,2006.07,Plus,1,Yes,4.75,Yes,Yes,5G,0,1001,No,7
MRD-004132,No,57.13,13,1025.52,Plus,3,No,0.14,Yes,No,5G,2,715,Yes,5
MRD-004133,Yes,61.16,46,2909.97,Plus,2,No,6.46,No,No,4G,1,321,No,6
MRD-004134,Yes,38.32,91,4737.26,Basic,3,Yes,4.5,Yes,No,5G,2,253,Yes,1
MRD-004135,Yes,70.96,74,3089.02,Plus,2,Yes,3.45,Yes,No,5G,2,607,No,6
MRD-004136,No,35.28,91,2174.95,Basic,4,No,11.36,Yes,Yes,5G,1,1008,Yes,5
MRD-004137,No,60.15,76,7754.74,Plus,4,No,1.19,Yes,No,5G,0,1091,Yes,2
MRD-004138,No,54.05,53,3388.8,Plus,3,No,0.99,Yes,Yes,5G,1,289,Yes,3
MRD-004139,Yes,34.19,76,3239.28,Basic,4,No,0.65,Yes,No,5G,1,1464,Yes,7
MRD-004140,Yes,37.68,94,5638.78,Basic,4,No,3.07,Yes,No,5G,2,1400,Yes,3
MRD-004141,Yes,36.55,17,286.93,Basic,1,No,5.83,No,No,4G,0,134,No,8
MRD-004142,No,86.67,1,29.58,Premium,2,No,1.25,Yes,Yes,5G,2,989,No,4
MRD-004143,No,88.65,32,6309.18,Premium,3,No,6.13,Yes,Yes,5G,3,882,Yes,2
MRD-004144,No,112.88,46,5468.62,Premium,2,Yes,8.53,Yes,Yes,5G,4,1165,No,8
MRD-004145,No,60.23,34,1909.77,Plus,2,No,1.41,No,No,4G,1,999,No,8
MRD-004146,Yes,40.24,33,1443.21,Basic,5,No,2.66,No,No,5G,0,170,Yes,8
MRD-004147,No,31.89,77,2176.47,Basic,2,No,1.17,Yes,Yes,4G,0,1367,No,7
MRD-004148,Yes,28.59,64,897.32,Basic,4,No,2.05,Yes,Yes,5G,0,1229,Yes,2
MRD-004149,No,63.54,89,3440.81,Plus,2,Yes,1.98,No,Yes,4G,1,1468,No,2
MRD-004150,Yes,42.4,41,1761.53,Basic,3,No,2.62,Yes,No,4G,2,235,Yes,4
MRD-004151,Yes,41.15,4,309.23,Basic,4,No,3.46,Yes,No,4G,1,776,Yes,2
MRD-004152,No,72.72,14,548.47,Plus,2,No,2.68,No,No,5G,2,707,No,8
MRD-004153,No,67.6,94,8743.77,Premium,4,No,1.22,Yes,Yes,5G,2,884,Yes,2
MRD-004154,No,100.6,17,2276.98,Premium,4,Yes,2.38,Yes,Yes,5G,1,748,Yes,9
MRD-004155,No,42.41,21,1700.8,Basic,1,No,4.21,No,Yes,5G,3,873,No,6
MRD-004156,No,39.57,25,601.46,Basic,2,Yes,4.3,Yes,No,4G,1,748,No,10
MRD-004157,No,66.08,76,2821.02,Plus,1,Yes,2.51,No,Yes,4G,0,1133,No,4
MRD-004158,Yes,53.58,25,1679.28,Plus,1,No,1.38,No,No,5G,1,262,No,8
MRD-004159,No,111.49,78,8636.34,Premium,3,No,1.06,Yes,Yes,5G,1,858,Yes,8
MRD-004160,No,42.0,21,1920.04,Plus,3,No,1.64,No,Yes,4G,0,331,Yes,10
MRD-004161,No,58.38,50,2636.03,Plus,2,No,9.33,No,No,5G,2,972,No,1
MRD-004162,No,61.27,27,1868.98,Plus,3,Yes,3.23,Yes,Yes,5G,2,1202,Yes,3
MRD-004163,No,28.82,88,1518.84,Basic,1,No,1.65,Yes,No,4G,1,506,No,1
MRD-004164,No,57.64,2,0.0,Plus,3,No,0.66,Yes,No,5G,1,1163,Yes,3
MRD-004165,No,87.79,6,1060.57,Premium,2,No,3.83,Yes,Yes,5G,2,768,No,4
MRD-004166,No,35.22,30,2976.02,Basic,3,No,1.99,Yes,Yes,5G,2,791,Yes,6
MRD-004167,No,51.74,44,1265.1,Plus,1,No,5.97,Yes,No,5G,0,792,No,5
MRD-004168,Yes,26.03,33,1017.23,Basic,1,No,0.85,No,No,5G,1,331,No,7
MRD-004169,No,60.5,57,4980.91,Plus,2,No,3.28,No,No,4G,1,248,No,6
MRD-004170,No,39.41,86,3886.8,Basic,5,Yes,1.4,No,No,4G,0,1393,Yes,2
MRD-004171,No,102.17,72,13814.54,Premium,2,Yes,2.79,Yes,No,5G,1,1284,No,7
MRD-004172,Yes,45.61,31,739.92,Plus,2,No,1.53,No,No,4G,2,661,No,7
MRD-004173,No,33.91,18,877.69,Basic,3,No,0.97,Yes,Yes,5G,0,408,Yes,7
MRD-004174,No,35.7,52,1618.77,Basic,2,No,0.36,Yes,Yes,4G,2,804,No,9
MRD-004175,Yes,22.71,74,1579.19,Basic,2,No,2.21,No,No,5G,3,788,No,7
MRD-004176,No,40.15,4,234.62,Basic,3,No,4.97,Yes,No,5G,2,1227,Yes,3
MRD-004177,No,70.09,65,3232.05,Plus,3,No,1.53,Yes,Yes,5G,1,115,Yes,7
MRD-004178,Yes,39.58,37,1330.95,Basic,1,No,3.2,Yes,No,5G,0,498,No,7
MRD-004179,No,64.71,10,193.73,Plus,3,No,3.47,Yes,Yes,5G,0,869,Yes,4
MRD-004180,No,32.85,95,4286.23,Basic,3,No,3.05,No,Yes,5G,3,187,Yes,7
MRD-004181,No,74.88,28,1423.35,Premium,2,Yes,0.51,Yes,No,5G,0,627,No,8
MRD-004182,No,39.37,55,2085.79,Basic,2,Yes,1.48,Yes,Yes,5G,3,966,No,3
MRD-004183,No,86.53,71,4866.69,Premium,1,No,3.5,Yes,No,5G,1,257,No,2
MRD-004184,Yes,37.38,8,220.9,Basic,1,Yes,8.83,Yes,No,5G,2,1194,No,3
MRD-004185,No,90.67,76,10774.81,Premium,3,No,2.56,No,No,5G,1,629,Yes,4
MRD-004186,No,98.32,44,2174.52,Premium,3,No,2.56,No,No,5G,3,156,Yes,10
MRD-004187,No,53.04,58,2368.0,Plus,3,No,3.11,Yes,No,5G,1,1375,Yes,5
MRD-004188,No,39.55,87,4492.64,Basic,1,No,5.25,No,No,5G,3,429,No,10
MRD-004189,No,57.85,85,4109.52,Plus,2,No,3.49,No,No,5G,1,702,No,3
MRD-004190,No,38.65,47,1030.84,Basic,1,No,5.75,No,Yes,4G,3,495,No,8
MRD-004191,No,58.27,41,2330.2,Plus,4,No,6.64,No,No,4G,1,649,Yes,3
MRD-004192,No,67.14,91,5802.54,Plus,3,No,2.87,Yes,No,4G,0,52,Yes,6
MRD-004193,No,89.17,56,8575.8,Premium,4,No,8.17,Yes,No,5G,2,913,Yes,1
MRD-004194,No,65.62,62,3109.32,Plus,1,No,3.65,Yes,No,5G,2,1169,No,9
MRD-004195,No,84.55,57,6927.7,Premium,1,No,2.47,No,Yes,4G,1,363,No,4
MRD-004196,No,35.39,69,2205.73,Basic,4,No,2.21,Yes,No,5G,0,613,Yes,7
MRD-004197,No,57.48,45,2784.66,Plus,1,No,2.64,Yes,No,5G,1,1402,No,5
MRD-004198,No,41.08,21,651.89,Basic,1,No,0.49,Yes,Yes,4G,4,1136,No,3
MRD-004199,No,25.88,85,1862.33,Basic,5,No,1.98,No,Yes,5G,3,708,Yes,4
MRD-004200,No,55.98,57,3916.62,Plus,4,No,1.53,No,Yes,4G,5,1076,Yes,1
MRD-004201,No,55.55,60,5942.18,Plus,3,Yes,0.49,Yes,No,5G,1,1443,Yes,5
MRD-004202,No,65.6,5,414.38,Plus,1,No,0.83,Yes,No,5G,1,895,No,10
MRD-004203,No,84.32,46,4791.83,Premium,2,No,3.58,Yes,No,5G,1,849,No,6
MRD-004204,No,88.5,20,1683.83,Premium,5,No,4.32,Yes,No,5G,2,620,Yes,5
MRD-004205,Yes,80.87,60,4955.66,Premium,4,No,2.18,Yes,No,4G,1,109,Yes,8
MRD-004206,No,43.26,22,2435.32,Plus,3,No,2.32,Yes,Yes,5G,0,752,Yes,2
MRD-004207,No,54.66,2,487.48,Plus,2,No,3.58,No,Yes,5G,1,516,No,7
MRD-004208,No,50.97,38,1537.17,Plus,2,No,0.96,Yes,No,4G,1,1456,No,3
MRD-004209,No,44.68,90,3646.31,Basic,3,No,7.52,Yes,Yes,5G,3,748,Yes,9
MRD-004210,No,65.5,41,2191.06,Plus,2,No,3.11,Yes,Yes,4G,0,837,No,7
MRD-004211,Yes,34.13,56,3827.98,Basic,1,No,1.47,No,No,5G,1,627,No,4
MRD-004212,No,104.69,33,3219.23,Premium,4,Yes,3.84,Yes,No,5G,2,1347,Yes,5
MRD-004213,No,58.02,80,3428.03,Plus,5,No,4.92,Yes,Yes,5G,2,186,Yes,8
MRD-004214,No,65.64,32,1164.93,Plus,4,No,6.94,Yes,No,4G,1,1366,Yes,6
MRD-004215,No,31.33,92,1852.15,Basic,2,No,6.15,Yes,No,4G,1,898,No,4
MRD-004216,No,51.09,5,707.54,Plus,3,Yes,0.84,Yes,Yes,5G,2,605,Yes,2
MRD-004217,No,115.18,32,2418.79,Premium,1,No,2.91,Yes,No,5G,1,721,No,5
MRD-004218,Yes,41.42,75,3992.11,Basic,3,No,1.94,Yes,No,5G,0,1057,Yes,10
MRD-004219,No,73.63,47,6816.73,Plus,1,Yes,3.86,Yes,No,5G,4,284,No,8
MRD-004220,No,77.21,55,3054.82,Premium,5,No,0.84,No,Yes,5G,1,1051,Yes,10
MRD-004221,No,116.87,36,2131.01,Premium,3,No,10.74,No,No,4G,0,1271,Yes,5
MRD-004222,No,81.48,27,2812.03,Plus,1,No,3.29,Yes,Yes,4G,1,611,No,9
MRD-004223,No,31.34,77,2486.91,Basic,1,Yes,1.58,Yes,Yes,5G,1,219,No,8
MRD-004224,No,31.92,29,1684.23,Basic,2,Yes,0.17,Yes,No,5G,5,1157,No,6
MRD-004225,No,44.27,29,1293.63,Plus,3,No,0.58,Yes,No,5G,4,249,Yes,2
MRD-004226,No,61.1,70,2793.24,Plus,1,No,3.7,Yes,Yes,5G,0,850,No,8
MRD-004227,Yes,38.77,73,2768.78,Basic,2,No,4.87,No,Yes,4G,2,1250,No,10
MRD-004228,No,72.61,30,2029.74,Plus,2,No,1.34,No,Yes,4G,4,1239,No,1
MRD-004229,No,83.59,44,2095.23,Premium,3,No,2.76,No,Yes,4G,2,813,Yes,9
MRD-004230,No,73.44,63,3993.61,Premium,1,No,2.42,Yes,No,5G,4,296,No,4
MRD-004231,No,48.56,25,1023.77,Plus,2,No,11.7,Yes,No,5G,2,28,No,2
MRD-004232,No,48.15,63,1944.66,Plus,4,Yes,1.27,Yes,No,5G,2,768,Yes,5
MRD-004233,No,98.38,41,3018.93,Premium,5,Yes,4.1,No,Yes,5G,3,705,Yes,4
MRD-004234,Yes,29.37,40,1803.75,Basic,2,No,5.83,No,No,5G,1,653,No,4
MRD-004235,No,26.69,7,183.69,Basic,2,No,0.9,Yes,No,5G,0,231,No,10
MRD-004236,No,31.93,52,697.12,Basic,4,No,3.74,Yes,No,5G,4,433,Yes,5
MRD-004237,No,32.37,1,316.19,Basic,3,No,2.62,Yes,Yes,5G,2,1209,Yes,3
MRD-004238,Yes,32.31,72,3571.81,Basic,3,No,4.6,Yes,Yes,5G,1,178,Yes,9
MRD-004239,Yes,31.82,96,1653.58,Basic,1,No,10.4,No,No,4G,0,1251,No,3
MRD-004240,No,90.83,76,2961.21,Premium,1,No,2.68,Yes,No,4G,0,1162,No,10
MRD-004241,No,32.79,92,2770.93,Basic,1,No,3.85,No,No,4G,2,637,No,8
MRD-004242,No,63.6,54,3741.2,Plus,2,No,3.31,Yes,Yes,5G,2,1007,No,6
MRD-004243,No,54.12,51,1962.66,Plus,1,No,8.19,Yes,No,4G,1,149,No,4
MRD-004244,No,42.5,14,958.59,Basic,3,No,9.08,Yes,Yes,5G,0,1202,Yes,10
MRD-004245,No,105.97,36,3652.33,Premium,1,No,0.19,Yes,Yes,5G,2,532,No,6
MRD-004246,No,93.08,84,3786.92,Premium,2,No,5.5,No,Yes,4G,2,1165,No,9
MRD-004247,No,65.53,78,4722.97,Plus,1,No,0.18,Yes,No,4G,1,1034,No,2
MRD-004248,No,54.75,62,9202.68,Plus,1,No,1.2,No,No,5G,1,288,No,8
MRD-004249,Yes,27.28,25,727.43,Basic,1,Yes,5.62,Yes,No,5G,3,380,No,10
MRD-004250,No,95.7,71,2912.54,Premium,1,No,1.0,Yes,No,4G,1,227,No,8
MRD-004251,Yes,25.67,27,619.68,Basic,4,No,1.88,Yes,Yes,5G,1,625,Yes,1
MRD-004252,No,35.74,77,2524.02,Basic,1,No,0.78,Yes,Yes,5G,3,653,No,5
MRD-004253,No,58.22,62,6047.5,Plus,1,Yes,0.47,Yes,Yes,5G,1,87,No,4
MRD-004254,No,59.23,52,2286.46,Plus,1,No,1.31,Yes,Yes,5G,2,441,No,8
MRD-004255,Yes,38.53,15,175.25,Basic,1,Yes,6.03,Yes,No,5G,3,1275,No,9
MRD-004256,No,58.73,91,9349.14,Plus,1,No,3.39,Yes,Yes,5G,2,1219,No,10
MRD-004257,No,66.93,0,16.76,Plus,1,No,3.21,Yes,No,5G,1,100,No,1
MRD-004258,No,105.74,84,5580.67,Premium,2,No,4.29,Yes,No,4G,1,944,No,6
MRD-004259,Yes,25.61,8,495.36,Basic,1,No,3.34,No,Yes,5G,1,1086,No,5
MRD-004260,No,28.82,27,1073.52,Basic,2,No,4.56,Yes,No,5G,0,89,No,5
MRD-004261,No,105.36,41,5167.36,Premium,2,No,2.73,Yes,No,5G,2,1074,No,3
MRD-004262,No,66.47,50,1134.06,Plus,1,No,2.24,No,No,4G,1,1227,No,9
MRD-004263,No,60.02,16,667.76,Plus,1,No,2.51,No,No,4G,1,30,No,1
MRD-004264,Yes,30.75,12,636.61,Basic,1,No,3.65,Yes,Yes,5G,1,1315,No,3
MRD-004265,No,74.7,56,4713.58,Premium,2,No,0.65,Yes,Yes,5G,1,645,No,5
MRD-004266,No,57.29,65,2937.4,Plus,3,No,2.17,No,Yes,5G,0,1136,Yes,1
MRD-004267,No,61.41,59,6602.86,Plus,4,No,5.78,Yes,No,5G,3,1299,Yes,2
MRD-004268,No,28.32,24,1345.64,Basic,1,No,1.05,Yes,Yes,5G,2,299,No,10
MRD-004269,Yes,79.35,5,379.82,Plus,1,No,3.02,No,No,5G,1,600,No,5
MRD-004270,No,94.17,11,1909.85,Premium,1,No,3.48,No,No,5G,1,1210,No,6
MRD-004271,No,92.76,4,653.16,Premium,2,Yes,2.57,Yes,Yes,5G,1,1138,No,4
MRD-004272,No,102.48,61,5082.26,Premium,1,No,9.28,No,Yes,4G,2,179,No,1
MRD-004273,No,53.28,7,417.41,Plus,5,No,4.77,No,No,4G,2,202,Yes,10
MRD-004274,No,97.44,88,8703.36,Premium,2,Yes,1.61,Yes,No,5G,0,909,No,1
MRD-004275,No,31.68,54,2681.59,Basic,2,No,1.75,No,No,5G,0,727,No,10
MRD-004276,No,93.51,17,1238.2,Premium,2,No,6.7,Yes,No,5G,0,787,No,8
MRD-004277,No,61.78,33,2701.49,Plus,4,No,1.51,Yes,Yes,4G,1,189,Yes,10
MRD-004278,No,39.25,40,1290.56,Basic,3,No,1.37,Yes,No,5G,5,1362,Yes,5
MRD-004279,No,101.04,75,7921.77,Premium,2,No,0.98,Yes,No,5G,1,290,No,9
MRD-004280,No,69.99,16,538.28,Premium,1,Yes,4.83,Yes,No,5G,3,266,No,7
MRD-004281,No,68.24,86,5465.93,Plus,1,No,1.56,No,Yes,5G,2,418,No,3
MRD-004282,No,23.67,83,1141.17,Basic,2,No,3.0,No,No,5G,0,461,No,5
MRD-004283,No,29.59,38,1221.09,Basic,3,No,4.38,Yes,No,4G,2,487,Yes,9
MRD-004284,No,59.89,89,4300.68,Plus,1,No,0.2,Yes,No,4G,0,1089,No,10
MRD-004285,No,79.48,65,1697.1,Premium,2,No,1.93,Yes,No,4G,2,1163,No,6
MRD-004286,No,66.23,70,2712.58,Plus,2,No,4.31,No,Yes,5G,2,1154,No,6
MRD-004287,Yes,58.45,53,2520.4,Plus,1,No,3.41,Yes,No,5G,2,233,No,1
MRD-004288,Yes,67.57,76,4341.61,Premium,4,No,1.82,No,Yes,5G,2,1166,Yes,9
MRD-004289,Yes,32.84,43,1748.72,Basic,4,No,4.8,No,No,5G,4,899,Yes,2
MRD-004290,No,65.97,86,5237.98,Plus,3,No,2.89,Yes,No,4G,4,420,Yes,3
MRD-004291,No,100.56,57,6120.6,Premium,1,No,0.88,Yes,No,5G,1,1093,No,6
MRD-004292,No,34.71,35,2858.42,Basic,5,Yes,2.08,Yes,Yes,4G,0,63,Yes,3
MRD-004293,No,65.38,49,3609.06,Plus,1,Yes,3.28,Yes,Yes,5G,3,366,No,9
MRD-004294,No,57.19,89,1874.93,Plus,4,Yes,0.36,Yes,Yes,4G,3,520,Yes,4
MRD-004295,Yes,27.84,50,1752.9,Basic,2,No,4.62,No,No,5G,1,127,No,6
MRD-004296,Yes,66.66,62,6061.4,Plus,2,Yes,0.64,No,No,5G,3,862,No,8
MRD-004297,No,100.35,88,10578.95,Premium,1,No,0.9,Yes,No,5G,2,1312,No,9
MRD-004298,No,56.77,56,2756.13,Plus,2,No,7.4,No,Yes,5G,1,1226,No,4
MRD-004299,No,59.28,6,448.41,Plus,4,No,2.45,No,Yes,4G,1,505,Yes,2
MRD-004300,Yes,36.46,27,879.49,Basic,1,Yes,0.68,No,No,4G,1,1168,No,6
MRD-004301,Yes,36.82,39,1445.51,Basic,2,No,5.55,Yes,No,5G,2,824,No,4
MRD-004302,No,63.92,34,1354.06,Plus,3,No,2.76,No,No,5G,2,1349,Yes,8
MRD-004303,No,103.3,77,4340.07,Premium,2,Yes,5.78,No,Yes,4G,2,1355,No,10
MRD-004304,No,35.36,6,210.53,Basic,2,No,1.53,No,No,5G,1,529,No,10
MRD-004305,No,93.78,63,5450.57,Premium,1,Yes,1.03,Yes,Yes,5G,2,340,No,7
MRD-004306,No,71.28,79,4317.47,Plus,3,No,4.05,Yes,Yes,4G,0,265,Yes,10
MRD-004307,No,46.23,51,2146.85,Plus,5,Yes,1.82,Yes,No,4G,0,816,Yes,8
MRD-004308,No,65.96,33,3180.94,Plus,2,No,10.11,Yes,Yes,5G,2,8,No,1
MRD-004309,No,99.72,28,1757.79,Premium,4,No,3.53,No,Yes,5G,6,31,Yes,8
MRD-004310,No,68.55,25,3102.43,Plus,5,Yes,3.81,Yes,Yes,5G,1,469,Yes,10
MRD-004311,No,55.0,57,2408.36,Plus,1,Yes,0.16,No,No,5G,2,458,No,8
MRD-004312,No,60.1,63,6418.62,Plus,3,No,2.89,Yes,No,5G,0,1482,Yes,1
MRD-004313,Yes,29.34,35,949.34,Basic,1,No,0.79,Yes,No,4G,1,132,No,6
MRD-004314,No,41.32,31,2468.67,Basic,3,No,3.33,Yes,Yes,4G,2,703,Yes,2
MRD-004315,No,83.5,40,3491.56,Premium,1,No,1.28,No,Yes,5G,0,927,No,8
MRD-004316,No,65.0,76,4646.54,Plus,1,No,0.3,Yes,No,5G,1,751,No,10
MRD-004317,No,34.41,79,3598.37,Basic,1,Yes,5.34,Yes,Yes,4G,1,1373,No,10
MRD-004318,Yes,64.27,5,346.51,Plus,1,Yes,9.07,Yes,Yes,5G,0,1446,No,1
MRD-004319,No,30.85,73,1668.47,Basic,2,No,2.68,Yes,Yes,5G,4,386,No,2
MRD-004320,No,41.02,86,2829.55,Basic,3,No,0.64,Yes,Yes,5G,1,992,Yes,4
MRD-004321,No,42.47,5,0.0,Basic,2,Yes,2.7,Yes,No,4G,2,18,No,8
MRD-004322,No,53.98,55,7063.86,Plus,1,Yes,0.87,Yes,Yes,4G,1,563,No,1
MRD-004323,No,60.49,20,969.54,Plus,1,No,4.9,Yes,No,5G,1,98,No,3
MRD-004324,No,35.24,29,603.12,Basic,1,No,2.69,Yes,No,4G,0,1089,No,4
MRD-004325,No,56.86,19,1323.11,Plus,1,No,7.49,Yes,No,4G,2,589,No,2
MRD-004326,No,62.76,61,3812.89,Plus,2,No,2.81,Yes,Yes,4G,1,1483,No,8
MRD-004327,No,38.76,82,2828.48,Basic,3,No,7.12,No,Yes,4G,1,1220,Yes,7
MRD-004328,No,34.18,78,2232.16,Basic,3,No,3.17,Yes,Yes,4G,2,370,Yes,8
MRD-004329,No,63.95,88,2893.25,Plus,2,No,6.3,Yes,No,5G,2,832,No,4
MRD-004330,No,39.04,76,2510.98,Basic,1,Yes,5.42,Yes,No,5G,0,1307,No,1
MRD-004331,Yes,58.5,3,521.16,Plus,2,No,9.67,No,Yes,5G,1,270,No,7
MRD-004332,No,80.28,68,4796.85,Premium,2,Yes,0.95,Yes,No,4G,2,764,No,9
MRD-004333,Yes,58.45,6,607.83,Plus,2,No,3.78,Yes,No,4G,3,834,No,7
MRD-004334,No,70.19,37,5274.37,Plus,1,Yes,3.51,No,Yes,4G,2,659,No,8
MRD-004335,No,63.84,6,773.49,Plus,1,No,5.49,Yes,Yes,5G,0,1004,No,8
MRD-004336,No,99.43,74,4336.4,Premium,2,No,0.23,Yes,No,5G,0,696,No,6
MRD-004337,No,60.13,17,1365.76,Plus,1,No,7.3,Yes,No,5G,1,810,No,4
MRD-004338,No,52.42,17,1260.97,Plus,2,No,3.59,Yes,No,4G,4,294,No,9
MRD-004339,No,36.55,14,964.5,Basic,2,No,1.54,Yes,Yes,5G,2,1455,No,9
MRD-004340,Yes,32.51,88,3529.09,Basic,1,Yes,2.67,Yes,No,4G,3,81,No,3
MRD-004341,No,105.5,62,4688.54,Premium,2,No,5.01,No,Yes,5G,2,864,No,1
MRD-004342,Yes,22.74,33,1381.04,Basic,1,No,1.42,No,Yes,5G,1,1249,No,1
MRD-004343,No,52.02,51,1570.01,Plus,4,No,2.7,Yes,No,5G,0,225,Yes,2
MRD-004344,No,88.31,37,2470.86,Premium,2,No,1.7,Yes,Yes,5G,3,33,No,8
MRD-004345,Yes,40.34,63,3015.02,Basic,1,No,7.86,Yes,No,5G,1,993,No,5
MRD-004346,Yes,55.08,78,9507.01,Plus,3,No,2.12,No,Yes,5G,0,727,Yes,9
MRD-004347,No,27.07,86,1663.27,Basic,2,No,2.0,Yes,No,5G,1,532,No,9
MRD-004348,No,100.34,60,5980.8,Premium,5,No,1.1,Yes,Yes,5G,1,246,Yes,3
MRD-004349,No,41.38,54,4081.62,Basic,4,No,10.93,Yes,Yes,4G,2,336,Yes,3
MRD-004350,No,114.14,18,2749.83,Premium,1,No,3.14,Yes,No,5G,1,1,No,6
MRD-004351,Yes,54.05,41,2762.78,Plus,4,Yes,1.43,Yes,No,4G,1,1394,Yes,3
MRD-004352,No,67.41,32,6746.26,Plus,4,No,1.54,No,Yes,4G,3,1341,Yes,2
MRD-004353,Yes,35.9,47,1578.52,Basic,1,Yes,2.21,No,No,4G,3,1301,No,4
MRD-004354,No,57.73,22,1736.26,Plus,1,No,2.31,Yes,No,4G,2,1487,No,4
MRD-004355,No,50.32,42,2921.53,Plus,2,Yes,2.72,Yes,Yes,4G,0,1456,No,8
MRD-004356,Yes,39.61,26,1680.01,Basic,1,No,1.36,Yes,No,4G,1,1101,No,1
MRD-004357,No,35.67,14,753.45,Basic,1,No,2.85,Yes,Yes,5G,1,706,No,10
MRD-004358,No,59.57,18,1204.24,Plus,4,No,6.75,No,Yes,5G,0,1215,Yes,1
MRD-004359,Yes,79.11,27,1539.84,Premium,4,No,3.25,Yes,Yes,4G,2,875,Yes,5
MRD-004360,No,55.54,57,2546.36,Plus,2,Yes,0.21,No,Yes,5G,1,684,No,2
MRD-004361,Yes,67.07,3,387.75,Plus,1,No,6.04,No,No,4G,1,10,No,8
MRD-004362,No,95.85,77,4043.99,Premium,1,Yes,1.51,Yes,No,5G,1,1206,No,9
MRD-004363,No,42.46,24,1585.29,Basic,1,No,4.35,Yes,No,5G,1,249,No,10
MRD-004364,Yes,64.82,92,4240.0,Plus,1,No,4.27,Yes,No,5G,0,629,No,9
MRD-004365,No,56.88,16,1736.11,Plus,3,No,7.13,Yes,No,4G,2,1066,Yes,10
MRD-004366,No,43.6,6,466.19,Basic,1,No,12.96,Yes,Yes,5G,3,302,No,8
MRD-004367,No,52.45,94,3845.23,Plus,3,No,2.13,Yes,No,5G,1,53,Yes,6
MRD-004368,No,36.44,67,5162.34,Basic,1,No,1.04,Yes,No,5G,2,849,No,10
MRD-004369,No,67.72,70,6219.25,Plus,1,No,3.17,No,No,5G,3,1436,No,7
MRD-004370,No,75.75,71,4859.56,Plus,2,No,0.82,Yes,Yes,5G,3,1063,No,3
MRD-004371,No,53.78,31,1298.77,Plus,1,No,0.37,No,No,5G,2,44,No,10
MRD-004372,No,117.93,23,6695.69,Premium,2,No,5.74,No,No,4G,3,623,No,2
MRD-004373,No,112.6,88,7638.91,Premium,1,No,1.35,Yes,No,5G,2,385,No,8
MRD-004374,No,87.31,48,2321.02,Premium,1,No,7.24,Yes,No,5G,1,799,No,9
MRD-004375,No,94.78,33,1039.74,Premium,1,No,4.58,Yes,No,5G,2,435,No,8
MRD-004376,Yes,32.0,65,2349.32,Basic,2,No,1.43,Yes,No,4G,3,67,No,2
MRD-004377,No,48.9,32,2347.61,Plus,3,No,2.84,Yes,Yes,5G,1,426,Yes,9
MRD-004378,No,66.94,95,4596.47,Plus,5,No,9.13,Yes,No,4G,1,317,Yes,6
MRD-004379,Yes,31.01,39,1869.99,Basic,2,No,1.81,Yes,No,5G,2,34,No,5
MRD-004380,Yes,29.2,20,393.44,Basic,1,Yes,1.73,No,No,5G,0,906,No,7
MRD-004381,No,60.94,78,3629.68,Plus,3,No,5.41,No,No,5G,1,419,Yes,4
MRD-004382,No,61.09,60,3884.38,Plus,3,Yes,5.5,Yes,Yes,4G,1,1009,Yes,3
MRD-004383,Yes,27.7,31,1288.92,Basic,3,No,10.12,No,Yes,5G,1,403,Yes,2
MRD-004384,Yes,32.41,63,2136.82,Basic,1,No,3.4,Yes,No,5G,1,912,No,6
MRD-004385,No,45.71,77,2105.44,Plus,4,No,1.54,No,No,5G,2,191,Yes,5
MRD-004386,No,53.38,28,1936.77,Plus,2,No,1.38,No,Yes,5G,3,538,No,5
MRD-004387,No,24.06,77,3067.96,Basic,4,No,1.74,Yes,No,4G,3,632,Yes,6
MRD-004388,Yes,61.01,37,1984.77,Plus,1,No,0.51,No,Yes,4G,2,243,No,3
MRD-004389,Yes,35.49,40,1748.78,Basic,2,No,0.77,Yes,No,5G,0,868,No,5
MRD-004390,Yes,36.08,72,3402.23,Basic,1,No,6.79,No,No,4G,1,469,No,4
MRD-004391,Yes,33.79,20,659.18,Basic,1,No,8.67,No,No,5G,2,806,No,1
MRD-004392,No,61.93,46,2489.34,Plus,4,Yes,5.67,Yes,Yes,5G,1,972,Yes,8
MRD-004393,No,76.86,36,4189.06,Plus,4,No,1.44,Yes,No,4G,1,1144,Yes,6
MRD-004394,No,93.51,75,11954.37,Premium,1,No,2.61,Yes,No,5G,1,1189,No,1
MRD-004395,No,69.92,44,7629.23,Plus,1,No,0.12,Yes,No,5G,1,767,No,8
MRD-004396,No,107.63,39,3560.14,Premium,2,No,2.54,Yes,Yes,5G,2,317,No,8
MRD-004397,Yes,102.53,5,844.34,Premium,1,No,0.62,Yes,No,5G,2,538,No,3
MRD-004398,Yes,33.1,95,3151.37,Basic,1,No,5.91,Yes,Yes,4G,0,216,No,6
MRD-004399,No,31.68,94,3559.14,Basic,4,No,0.15,No,Yes,4G,0,607,Yes,6
MRD-004400,Yes,98.2,74,6711.25,Premium,1,No,3.56,Yes,No,4G,1,489,No,2
MRD-004401,No,34.75,94,5256.69,Basic,3,No,0.47,Yes,No,5G,1,676,Yes,1
MRD-004402,Yes,36.68,19,1097.26,Basic,4,No,0.93,Yes,Yes,5G,1,1055,Yes,1
MRD-004403,No,65.93,75,9111.6,Plus,2,No,2.01,Yes,Yes,5G,3,970,No,1
MRD-004404,No,45.11,26,819.82,Plus,5,No,2.01,Yes,Yes,5G,3,579,Yes,8
MRD-004405,Yes,96.52,81,11123.66,Premium,1,No,6.55,No,No,5G,4,303,No,1
MRD-004406,No,95.79,9,535.56,Premium,1,No,0.12,Yes,Yes,5G,1,692,No,5
MRD-004407,No,89.26,65,10340.16,Premium,1,No,3.19,Yes,No,5G,1,434,No,2
MRD-004408,No,66.54,81,15357.51,Plus,1,No,1.19,No,No,5G,1,1431,No,7
MRD-004409,Yes,59.16,23,833.2,Plus,1,Yes,1.71,No,Yes,5G,2,1052,No,9
MRD-004410,No,95.69,56,4494.64,Premium,2,No,1.99,No,Yes,4G,1,299,No,2
MRD-004411,No,33.12,79,850.57,Basic,2,No,4.72,Yes,No,5G,1,782,No,10
MRD-004412,Yes,40.87,1,88.6,Basic,3,No,18.42,Yes,Yes,5G,2,888,Yes,5
MRD-004413,No,92.01,62,2872.53,Premium,2,Yes,8.61,No,No,5G,3,1276,No,4
MRD-004414,No,38.3,56,3480.65,Basic,2,Yes,2.78,No,No,5G,0,501,No,7
MRD-004415,No,35.52,25,1116.57,Basic,4,No,0.67,Yes,Yes,5G,3,316,Yes,5
MRD-004416,Yes,35.11,95,1967.46,Basic,1,No,1.83,Yes,No,5G,1,1074,No,7
MRD-004417,No,98.47,17,952.29,Premium,1,No,0.74,Yes,No,5G,3,97,No,3
MRD-004418,No,59.77,40,2005.75,Plus,3,Yes,7.45,No,Yes,5G,2,1023,Yes,4
MRD-004419,No,81.43,25,1709.71,Premium,2,No,1.75,Yes,Yes,5G,1,742,No,9
MRD-004420,No,71.32,54,1185.98,Plus,3,Yes,9.18,No,Yes,4G,1,1475,Yes,10
MRD-004421,No,105.69,50,5358.26,Premium,1,No,6.93,Yes,Yes,4G,0,59,No,9
MRD-004422,No,59.91,41,2270.76,Plus,2,Yes,2.29,No,No,4G,4,1450,No,9
MRD-004423,No,59.49,68,4306.71,Plus,3,Yes,5.38,No,No,5G,5,1409,Yes,4
MRD-004424,Yes,52.93,74,3143.75,Plus,1,Yes,5.69,Yes,No,4G,1,1418,No,6
MRD-004425,No,36.86,51,2818.24,Basic,4,No,11.8,Yes,Yes,5G,1,659,Yes,1
MRD-004426,No,32.86,70,707.52,Basic,1,No,1.76,Yes,No,5G,4,1295,No,6
MRD-004427,No,66.6,67,6740.71,Plus,3,No,7.73,No,No,5G,1,1217,Yes,1
MRD-004428,Yes,30.16,57,1606.81,Basic,1,No,5.2,Yes,No,4G,1,986,No,7
MRD-004429,No,97.79,86,6516.9,Premium,1,No,2.86,No,No,4G,1,947,No,7
MRD-004430,Yes,30.17,4,177.38,Basic,2,No,7.53,No,No,4G,3,1016,No,1
MRD-004431,No,80.64,82,3623.4,Premium,2,Yes,1.65,Yes,Yes,5G,1,1406,No,1
MRD-004432,Yes,34.8,46,1389.21,Basic,1,No,0.91,Yes,Yes,4G,1,1347,No,2
MRD-004433,No,109.13,89,8388.43,Premium,4,Yes,3.06,Yes,Yes,5G,2,812,Yes,6
MRD-004434,No,61.8,91,8616.83,Plus,1,No,0.69,Yes,Yes,5G,1,61,No,2
MRD-004435,No,82.66,87,11618.58,Premium,1,No,0.46,Yes,Yes,5G,2,826,No,6
MRD-004436,Yes,34.31,93,2800.99,Basic,3,No,3.27,Yes,No,5G,2,966,Yes,5
MRD-004437,Yes,40.64,55,1495.73,Basic,2,No,4.25,No,No,5G,0,1297,No,1
MRD-004438,No,32.49,23,692.52,Basic,5,No,11.34,Yes,Yes,5G,0,1380,Yes,7
MRD-004439,No,28.32,84,1794.12,Basic,5,No,6.18,Yes,No,5G,0,400,Yes,2
MRD-004440,No,66.35,63,3166.63,Plus,3,Yes,0.88,Yes,No,5G,0,328,Yes,8
MRD-004441,No,88.93,9,934.78,Premium,2,No,0.32,Yes,No,4G,0,1423,No,9
MRD-004442,No,52.15,26,1127.3,Plus,1,No,1.56,Yes,No,5G,1,221,No,8
MRD-004443,No,71.66,92,5274.61,Plus,3,No,4.43,Yes,No,5G,0,864,Yes,4
MRD-004444,No,102.39,83,5073.03,Premium,4,No,8.7,No,Yes,4G,0,42,Yes,5
MRD-004445,No,38.42,82,2949.71,Basic,1,No,1.56,Yes,Yes,5G,2,656,No,4
MRD-004446,No,96.76,5,861.52,Premium,1,No,4.04,Yes,No,5G,3,1404,No,4
MRD-004447,No,66.46,60,9403.87,Plus,4,No,2.71,Yes,No,4G,1,198,Yes,10
MRD-004448,No,58.53,89,6402.59,Plus,5,No,3.87,Yes,Yes,5G,3,302,Yes,8
MRD-004449,Yes,64.44,30,2099.27,Plus,3,No,7.19,No,No,5G,3,401,Yes,10
MRD-004450,No,65.15,72,11570.36,Plus,1,No,0.24,No,No,5G,0,530,No,1
MRD-004451,No,71.57,73,4326.04,Plus,2,Yes,2.32,Yes,Yes,4G,1,1296,No,8
MRD-004452,No,37.37,70,2481.72,Basic,1,No,1.48,Yes,Yes,4G,0,1148,No,2
MRD-004453,Yes,58.26,81,5342.01,Plus,1,Yes,1.33,Yes,No,5G,3,185,No,2
MRD-004454,No,33.7,70,3345.75,Basic,3,No,3.65,Yes,Yes,5G,2,1302,Yes,9
MRD-004455,No,58.39,28,1883.12,Plus,3,No,7.66,Yes,Yes,5G,1,571,Yes,4
MRD-004456,Yes,33.48,75,2755.49,Basic,3,No,5.06,Yes,No,5G,2,576,Yes,6
MRD-004457,Yes,32.1,13,54.34,Basic,2,No,16.78,Yes,No,5G,1,1123,No,5
MRD-004458,No,33.4,19,426.3,Basic,2,No,4.5,Yes,No,5G,2,655,No,1
MRD-004459,No,52.81,95,5357.88,Plus,2,No,1.34,No,Yes,5G,1,543,No,1
MRD-004460,No,34.22,45,1768.2,Basic,1,No,1.17,Yes,Yes,4G,0,1151,No,10
MRD-004461,No,35.82,9,112.38,Basic,1,No,0.47,Yes,Yes,5G,1,712,No,5
MRD-004462,Yes,75.35,5,298.95,Plus,3,Yes,4.48,Yes,No,4G,1,213,Yes,4
MRD-004463,No,29.57,36,1610.99,Basic,4,No,3.56,Yes,No,5G,0,955,Yes,1
MRD-004464,Yes,36.64,3,143.58,Basic,2,No,4.81,No,Yes,4G,2,1279,No,2
MRD-004465,No,38.35,10,742.22,Basic,4,No,0.98,No,Yes,5G,2,167,Yes,3
MRD-004466,No,90.97,0,133.92,Premium,1,No,0.93,Yes,No,4G,3,19,No,5
MRD-004467,Yes,36.66,59,2108.3,Basic,2,No,5.24,Yes,No,4G,1,69,No,9
MRD-004468,No,53.17,19,787.77,Plus,2,No,5.07,Yes,No,5G,2,982,No,7
MRD-004469,No,59.49,54,2912.08,Plus,4,No,6.52,Yes,Yes,5G,1,0,Yes,7
MRD-004470,No,112.38,31,4791.95,Premium,1,No,1.76,No,No,5G,1,1315,No,1
MRD-004471,No,61.59,70,5489.82,Plus,3,No,0.98,No,No,5G,0,1432,Yes,1
MRD-004472,No,52.15,16,1245.53,Plus,3,No,0.39,Yes,Yes,4G,2,1377,Yes,6
MRD-004473,No,69.71,62,4744.13,Plus,1,No,3.2,Yes,Yes,5G,1,1011,No,8
MRD-004474,No,84.64,89,11051.46,Plus,2,No,2.35,No,No,5G,0,1053,No,5
MRD-004475,Yes,54.2,66,4109.24,Plus,1,No,3.0,Yes,No,5G,1,259,No,8
MRD-004476,No,33.48,45,1561.98,Basic,4,Yes,1.29,Yes,No,5G,1,1038,Yes,4
MRD-004477,No,106.48,88,11263.95,Premium,2,No,7.2,No,No,4G,0,682,No,1
MRD-004478,Yes,41.73,19,857.67,Basic,4,No,1.38,Yes,Yes,5G,2,1117,Yes,6
MRD-004479,No,56.42,90,5720.05,Plus,2,No,1.48,Yes,Yes,5G,1,104,No,1
MRD-004480,No,118.7,76,8960.21,Premium,2,Yes,1.94,Yes,No,4G,1,1305,No,6
MRD-004481,No,74.47,95,4058.41,Plus,5,Yes,5.19,Yes,Yes,4G,1,1211,Yes,8
MRD-004482,No,103.45,89,4854.46,Premium,3,No,1.62,No,No,5G,3,1030,Yes,7
MRD-004483,No,55.03,49,3147.18,Plus,1,No,4.72,Yes,Yes,5G,0,697,No,1
MRD-004484,No,48.05,55,3631.29,Plus,4,No,4.89,Yes,Yes,5G,2,590,Yes,6
MRD-004485,Yes,56.97,41,4283.72,Plus,3,No,5.85,Yes,No,5G,1,778,Yes,6
MRD-004486,No,64.66,48,2291.08,Plus,1,No,8.13,Yes,No,4G,2,273,No,8
MRD-004487,No,38.93,57,1670.48,Basic,3,No,10.55,No,No,5G,0,1066,Yes,4
MRD-004488,Yes,26.23,79,1579.76,Basic,1,Yes,3.38,No,No,5G,3,1378,No,10
MRD-004489,No,100.72,69,5429.3,Premium,1,No,0.77,Yes,No,5G,0,1494,No,7
MRD-004490,No,55.09,77,6911.17,Plus,3,No,4.97,Yes,Yes,4G,0,748,Yes,9
MRD-004491,Yes,46.34,74,4357.2,Plus,5,Yes,3.77,No,No,4G,0,74,Yes,2
MRD-004492,No,43.71,34,2834.72,Basic,2,No,0.33,No,Yes,5G,0,1171,No,4
MRD-004493,Yes,62.69,52,4757.6,Plus,2,Yes,3.98,Yes,No,5G,0,1011,No,1
MRD-004494,No,67.02,7,811.75,Plus,2,No,9.78,No,Yes,5G,3,873,No,10
MRD-004495,No,55.54,38,3059.47,Plus,1,No,3.46,Yes,No,5G,3,165,No,1
MRD-004496,No,90.3,67,5273.86,Premium,3,No,1.49,Yes,Yes,5G,1,1159,Yes,8
MRD-004497,No,58.51,10,1095.91,Plus,3,No,0.92,No,Yes,5G,1,550,Yes,1
MRD-004498,Yes,29.23,73,2042.43,Basic,1,No,8.67,Yes,Yes,4G,2,45,No,1
MRD-004499,No,42.22,92,10145.31,Basic,1,Yes,2.58,No,No,4G,1,1438,No,9
MRD-004500,No,35.5,46,1309.05,Basic,1,No,9.77,No,Yes,4G,0,742,No,5
MRD-004501,No,98.4,24,1800.62,Premium,1,No,7.32,Yes,No,4G,1,165,No,10
MRD-004502,No,102.16,48,4863.49,Premium,2,Yes,0.57,Yes,Yes,5G,1,1372,No,10
MRD-004503,No,63.79,25,2444.38,Plus,1,No,1.79,Yes,No,4G,2,1223,No,1
MRD-004504,No,84.64,20,3650.14,Premium,1,No,1.52,Yes,No,4G,0,1027,No,1
MRD-004505,Yes,29.67,15,147.67,Basic,2,No,0.97,Yes,Yes,4G,3,735,No,7
MRD-004506,No,33.42,91,2807.71,Basic,3,Yes,1.29,Yes,No,4G,2,1302,Yes,10
MRD-004507,No,55.6,28,1066.31,Plus,2,Yes,5.54,Yes,No,5G,0,211,No,6
MRD-004508,Yes,52.63,34,4871.78,Plus,2,Yes,2.97,No,No,5G,3,399,No,5
MRD-004509,Yes,42.23,45,1568.99,Basic,2,No,0.92,No,No,5G,0,1294,No,5
MRD-004510,No,20.0,36,741.86,Basic,1,No,1.83,Yes,Yes,5G,2,316,No,3
MRD-004511,Yes,46.45,30,2432.75,Plus,2,No,1.45,Yes,No,4G,4,880,No,2
MRD-004512,No,100.3,87,12150.03,Premium,2,No,5.17,Yes,No,4G,0,1136,No,7
MRD-004513,No,57.38,27,1752.44,Plus,1,No,2.27,No,No,5G,1,1382,No,5
MRD-004514,No,55.81,43,2398.33,Plus,3,No,0.57,No,No,4G,1,1465,Yes,4
MRD-004515,No,33.17,66,1912.99,Basic,3,No,1.57,Yes,No,4G,3,1127,Yes,6
MRD-004516,No,79.46,91,5831.15,Premium,1,Yes,1.67,No,Yes,5G,0,906,No,4
MRD-004517,No,64.62,78,3191.56,Plus,2,Yes,1.16,No,Yes,4G,3,1017,No,8
MRD-004518,No,53.85,46,3416.6,Plus,1,No,4.64,Yes,No,5G,2,1080,No,10
MRD-004519,No,70.95,57,2853.98,Premium,2,No,5.63,Yes,No,5G,3,1467,No,8
MRD-004520,Yes,61.27,57,3316.8,Plus,4,No,4.78,Yes,Yes,5G,3,517,Yes,9
MRD-004521,No,63.33,20,1817.66,Plus,1,No,3.52,Yes,No,5G,3,639,No,5
MRD-004522,No,32.44,18,466.34,Basic,2,Yes,4.48,Yes,No,4G,2,638,No,4
MRD-004523,No,91.5,8,615.32,Premium,1,Yes,3.3,Yes,No,4G,1,889,No,7
MRD-004524,No,55.5,72,3598.86,Plus,2,No,2.52,Yes,Yes,4G,2,68,No,6
MRD-004525,No,63.12,93,13708.2,Plus,3,No,3.66,No,No,5G,1,1027,Yes,7
MRD-004526,No,64.86,75,1681.95,Plus,2,No,5.54,Yes,No,4G,1,800,No,7
MRD-004527,No,58.18,78,5851.42,Plus,3,No,0.46,No,Yes,4G,1,29,Yes,1
MRD-004528,No,88.17,56,3874.93,Premium,5,No,5.05,Yes,No,5G,3,605,Yes,5
MRD-004529,No,110.7,80,13107.11,Premium,3,Yes,0.83,No,Yes,5G,0,459,Yes,1
MRD-004530,No,58.65,55,5065.42,Plus,4,No,0.35,Yes,Yes,5G,0,282,Yes,5
MRD-004531,No,34.42,27,1001.3,Basic,2,No,1.54,Yes,Yes,5G,1,1133,No,7
MRD-004532,No,100.62,12,932.21,Premium,2,No,1.16,Yes,No,5G,2,70,No,8
MRD-004533,No,64.45,90,6664.42,Plus,1,Yes,1.58,Yes,No,5G,1,847,No,5
MRD-004534,No,115.91,50,3998.82,Premium,2,Yes,1.74,Yes,No,5G,1,849,No,10
MRD-004535,Yes,40.36,10,635.02,Basic,2,Yes,15.61,No,Yes,5G,1,1146,No,3
MRD-004536,No,35.25,67,2217.68,Basic,2,Yes,2.99,Yes,Yes,5G,2,166,No,2
MRD-004537,No,101.49,24,2214.76,Premium,1,No,0.28,Yes,No,5G,1,786,No,4
MRD-004538,Yes,32.42,41,3166.03,Basic,4,Yes,0.12,No,Yes,5G,0,1399,Yes,10
MRD-004539,No,36.61,0,0.0,Basic,3,No,0.66,Yes,No,4G,2,757,Yes,6
MRD-004540,No,90.25,63,11546.05,Premium,4,No,0.33,Yes,No,5G,2,196,Yes,9
MRD-004541,No,65.74,70,8959.24,Plus,3,No,0.88,No,Yes,5G,2,460,Yes,3
MRD-004542,Yes,31.73,79,2123.58,Basic,2,Yes,2.27,Yes,No,5G,1,793,No,1
MRD-004543,Yes,28.02,58,4300.87,Basic,1,No,3.74,No,No,5G,1,829,No,7
MRD-004544,No,64.77,44,2094.4,Plus,5,No,6.18,Yes,No,5G,2,881,Yes,9
MRD-004545,Yes,39.29,25,920.38,Basic,1,No,3.72,Yes,No,4G,3,1424,No,9
MRD-004546,No,63.34,30,3675.66,Plus,1,No,3.27,Yes,No,5G,2,184,No,5
MRD-004547,No,55.92,85,6085.71,Plus,5,No,3.33,Yes,Yes,5G,1,1107,Yes,6
MRD-004548,No,80.45,24,2233.37,Premium,1,Yes,2.14,No,Yes,4G,1,687,No,4
MRD-004549,No,39.92,15,818.44,Basic,2,No,2.74,No,No,5G,4,1481,No,2
MRD-004550,No,75.88,47,4021.29,Plus,1,No,1.76,No,No,5G,1,575,No,9
MRD-004551,No,86.12,89,5633.39,Premium,1,Yes,5.91,No,Yes,4G,2,911,No,6
MRD-004552,No,52.72,5,22.04,Plus,1,No,4.09,Yes,No,5G,4,928,No,6
MRD-004553,No,117.31,66,7292.95,Premium,4,No,7.91,Yes,No,5G,0,734,Yes,2
MRD-004554,No,28.56,77,2855.7,Basic,3,Yes,5.79,No,No,4G,3,582,Yes,9
MRD-004555,Yes,32.4,93,2038.76,Basic,1,No,0.45,Yes,Yes,5G,1,697,No,4
MRD-004556,Yes,57.57,88,2919.75,Plus,4,No,4.81,Yes,No,4G,3,1332,Yes,4
MRD-004557,No,56.54,88,7896.7,Plus,1,Yes,0.46,Yes,No,4G,1,1412,No,7
MRD-004558,No,104.72,69,6222.45,Premium,2,No,2.39,Yes,Yes,5G,4,764,No,6
MRD-004559,No,62.94,51,3747.31,Plus,2,No,0.76,Yes,No,4G,1,190,No,7
MRD-004560,No,67.72,84,5165.65,Plus,2,No,0.09,No,Yes,5G,2,1363,No,7
MRD-004561,No,31.16,68,2042.79,Basic,1,No,1.7,No,No,5G,1,901,No,2
MRD-004562,No,40.71,17,1102.94,Basic,1,No,6.57,Yes,No,5G,1,957,No,10
MRD-004563,Yes,43.39,79,3131.77,Basic,5,No,1.7,Yes,Yes,5G,2,1297,Yes,2
MRD-004564,No,99.54,85,9870.19,Premium,1,No,3.52,Yes,No,5G,2,1209,No,8
MRD-004565,No,27.45,79,2094.02,Basic,2,No,0.25,No,Yes,4G,0,12,No,10
MRD-004566,No,54.39,89,7768.35,Plus,3,No,10.54,No,No,4G,0,498,Yes,2
MRD-004567,No,102.26,40,4030.23,Premium,3,No,2.92,Yes,Yes,5G,1,574,Yes,9
MRD-004568,No,30.21,91,1995.45,Basic,1,No,0.02,No,Yes,5G,1,1368,No,3
MRD-004569,Yes,42.11,6,524.8,Basic,4,No,1.69,Yes,No,5G,0,1499,Yes,5
MRD-004570,No,91.73,55,7712.65,Premium,2,No,1.25,Yes,Yes,4G,1,808,No,9
MRD-004571,No,81.14,40,5062.59,Premium,1,No,6.43,Yes,Yes,5G,0,1487,No,1
MRD-004572,No,57.39,39,2409.07,Plus,1,No,7.84,Yes,Yes,5G,2,562,No,7
MRD-004573,No,100.63,94,11581.61,Premium,2,Yes,4.59,Yes,No,5G,0,1127,No,10
MRD-004574,No,58.42,29,1941.55,Plus,1,No,1.76,Yes,No,5G,0,1281,No,5
MRD-004575,No,37.1,66,3069.35,Basic,1,No,3.0,Yes,Yes,5G,3,703,No,8
MRD-004576,No,102.73,69,9384.4,Premium,3,No,1.53,Yes,Yes,5G,2,363,Yes,7
MRD-004577,No,104.09,66,7909.28,Premium,1,No,1.55,Yes,No,5G,2,1059,No,6
MRD-004578,Yes,39.39,51,2541.17,Basic,3,No,0.92,No,No,5G,3,715,Yes,6
MRD-004579,No,35.08,77,2755.5,Basic,2,No,0.42,No,No,4G,2,1406,No,10
MRD-004580,Yes,28.64,13,510.78,Basic,1,No,1.65,Yes,Yes,4G,2,8,No,5
MRD-004581,No,33.07,16,384.86,Basic,2,No,14.46,Yes,No,5G,0,227,No,4
MRD-004582,No,73.36,48,3669.77,Plus,1,No,3.22,Yes,No,5G,2,1229,No,5
MRD-004583,Yes,26.58,96,1415.22,Basic,1,No,1.64,Yes,No,5G,1,844,No,3
MRD-004584,No,37.97,50,1832.75,Basic,2,No,4.69,Yes,No,5G,1,38,No,10
MRD-004585,Yes,36.72,43,1324.26,Basic,3,No,2.24,Yes,No,4G,0,1330,Yes,3
MRD-004586,Yes,36.55,81,2811.82,Basic,1,No,4.12,Yes,No,4G,2,766,No,7
MRD-004587,No,57.26,75,3993.2,Plus,1,No,6.76,Yes,Yes,4G,3,912,No,5
MRD-004588,Yes,54.07,77,3070.75,Plus,1,No,2.95,Yes,No,5G,1,1231,No,2
MRD-004589,Yes,42.83,76,3201.94,Basic,1,No,4.24,No,No,5G,1,496,No,2
MRD-004590,No,89.82,51,5876.76,Premium,2,No,4.06,No,No,4G,2,1363,No,8
MRD-004591,Yes,31.32,94,2145.11,Basic,3,No,2.77,Yes,Yes,4G,1,1202,Yes,7
MRD-004592,No,87.77,18,1936.58,Premium,4,No,2.98,Yes,Yes,5G,1,72,Yes,2
MRD-004593,No,67.2,88,9625.64,Plus,1,No,9.72,Yes,No,5G,1,1216,No,6
MRD-004594,No,58.38,57,4609.03,Plus,2,No,3.82,Yes,No,5G,0,515,No,9
MRD-004595,No,62.95,36,2393.8,Plus,1,No,8.55,No,No,4G,1,1324,No,7
MRD-004596,Yes,35.46,71,3625.75,Basic,1,No,3.08,No,No,4G,2,331,No,2
MRD-004597,No,27.76,38,1354.85,Basic,1,No,5.19,Yes,No,4G,3,1124,No,7
MRD-004598,No,57.75,87,4489.29,Plus,1,No,2.39,Yes,No,5G,1,414,No,2
MRD-004599,No,46.56,25,2031.79,Plus,5,No,2.24,Yes,No,5G,3,1051,Yes,9
MRD-004600,No,122.56,33,6907.99,Premium,1,No,5.26,Yes,Yes,4G,2,228,No,9
MRD-004601,No,60.3,17,1541.46,Plus,2,No,8.69,No,No,5G,3,340,No,1
MRD-004602,No,106.46,85,10622.35,Premium,5,Yes,2.95,No,Yes,5G,2,1142,Yes,1
MRD-004603,No,64.54,94,5499.42,Plus,4,Yes,0.38,Yes,No,5G,0,620,Yes,2
MRD-004604,Yes,30.95,70,5197.69,Basic,4,No,5.19,Yes,No,4G,2,705,Yes,3
MRD-004605,No,106.35,51,6434.87,Premium,1,Yes,2.07,Yes,No,4G,2,1110,No,1
MRD-004606,No,35.58,72,4182.83,Basic,4,No,1.65,Yes,No,5G,0,1217,Yes,10
MRD-004607,No,38.83,92,7767.88,Basic,3,No,2.07,Yes,Yes,5G,1,1166,Yes,5
MRD-004608,No,96.14,51,7035.0,Premium,3,No,5.6,Yes,No,4G,3,43,Yes,8
MRD-004609,Yes,55.56,88,5496.11,Plus,2,No,0.41,No,No,4G,1,192,No,7
MRD-004610,No,60.37,48,3965.95,Plus,2,Yes,7.3,Yes,No,4G,0,420,No,1
MRD-004611,No,30.05,57,1262.22,Basic,4,No,12.94,Yes,No,4G,3,97,Yes,1
MRD-004612,No,110.88,55,8286.37,Premium,1,Yes,1.67,Yes,Yes,5G,0,1072,No,2
MRD-004613,Yes,22.2,1,0.0,Basic,4,Yes,3.63,Yes,No,4G,2,531,Yes,3
MRD-004614,No,59.34,17,1326.87,Plus,2,No,5.59,No,No,4G,3,947,No,7
MRD-004615,Yes,57.3,39,6282.37,Plus,1,No,8.14,Yes,No,5G,3,590,No,7
MRD-004616,No,24.34,70,1241.1,Basic,2,No,7.14,No,Yes,5G,2,608,No,7
MRD-004617,No,40.49,38,1559.58,Basic,1,No,8.84,No,Yes,4G,2,1379,No,9
MRD-004618,No,33.87,56,1924.79,Basic,1,No,5.05,Yes,No,5G,2,1058,No,2
MRD-004619,No,35.93,51,1138.38,Basic,5,No,0.79,Yes,Yes,5G,0,1138,Yes,2
MRD-004620,No,28.27,11,241.46,Basic,2,Yes,0.86,No,No,5G,1,724,No,2
MRD-004621,No,63.61,8,496.68,Plus,5,No,1.25,Yes,Yes,5G,2,1196,Yes,2
MRD-004622,No,38.17,5,312.83,Basic,2,Yes,4.4,Yes,Yes,4G,2,510,No,3
MRD-004623,No,41.91,69,4579.63,Basic,1,No,2.31,No,No,5G,0,1252,No,1
MRD-004624,No,35.7,10,92.42,Basic,1,No,0.69,Yes,No,5G,1,1423,No,10
MRD-004625,No,58.8,78,2980.54,Plus,1,No,4.38,No,No,4G,3,369,No,6
MRD-004626,No,69.84,10,852.43,Plus,1,No,9.04,Yes,Yes,5G,4,728,No,8
MRD-004627,No,105.29,21,1236.95,Premium,2,No,3.62,Yes,No,5G,1,650,No,7
MRD-004628,No,73.27,31,2617.72,Premium,1,No,1.84,Yes,No,4G,3,184,No,3
MRD-004629,No,104.33,74,6978.09,Premium,1,Yes,1.6,No,Yes,5G,2,111,No,6
MRD-004630,No,84.19,4,283.82,Premium,1,No,5.0,No,No,4G,0,251,No,4
MRD-004631,No,68.29,39,1831.71,Plus,4,No,3.29,Yes,No,4G,1,873,Yes,2
MRD-004632,No,38.19,73,3112.17,Basic,4,No,5.04,No,No,5G,0,1389,Yes,4
MRD-004633,No,72.06,95,9991.16,Plus,1,No,2.88,Yes,Yes,5G,1,142,No,10
MRD-004634,No,68.81,61,2922.11,Plus,1,No,11.75,Yes,Yes,5G,2,210,No,5
MRD-004635,No,99.74,33,3436.61,Premium,1,No,9.56,Yes,Yes,5G,0,703,No,4
MRD-004636,Yes,67.09,1,60.09,Plus,2,Yes,1.27,No,No,4G,3,878,No,2
MRD-004637,No,30.99,23,562.99,Basic,1,No,0.73,Yes,Yes,4G,4,1081,No,10
MRD-004638,Yes,53.8,25,1609.31,Plus,1,No,4.96,Yes,Yes,5G,0,119,No,2
MRD-004639,No,36.28,13,1478.29,Basic,4,Yes,2.83,Yes,No,4G,5,115,Yes,2
MRD-004640,No,65.02,93,5647.96,Plus,1,No,1.31,No,No,5G,0,758,No,1
MRD-004641,No,37.7,94,1789.59,Basic,5,No,6.62,Yes,Yes,5G,3,568,Yes,6
MRD-004642,No,64.92,46,3761.54,Plus,3,No,2.39,No,Yes,4G,2,1449,Yes,8
MRD-004643,No,92.24,27,3695.77,Premium,2,No,4.82,Yes,Yes,4G,1,160,No,3
MRD-004644,No,35.5,20,753.79,Basic,1,No,8.04,No,Yes,4G,1,761,No,3
MRD-004645,No,59.33,41,2520.1,Plus,5,No,0.59,Yes,Yes,4G,2,946,Yes,1
MRD-004646,No,56.03,45,3185.07,Plus,1,Yes,0.55,Yes,Yes,5G,1,269,No,6
MRD-004647,No,47.31,29,674.17,Basic,2,No,1.4,Yes,No,5G,1,377,No,6
MRD-004648,No,62.88,84,6221.49,Plus,1,No,5.25,No,Yes,5G,2,32,No,5
MRD-004649,Yes,29.63,1,0.0,Basic,1,No,5.22,No,No,5G,3,1105,No,7
MRD-004650,No,99.63,17,1716.96,Premium,1,No,8.96,Yes,Yes,5G,2,645,No,5
MRD-004651,No,88.06,18,1400.96,Premium,3,No,4.66,No,No,5G,0,1229,Yes,3
MRD-004652,No,108.32,17,2818.21,Premium,2,No,4.1,Yes,Yes,5G,3,640,No,5
MRD-004653,No,101.84,2,557.17,Premium,2,No,4.75,Yes,Yes,5G,4,793,No,6
MRD-004654,No,21.92,19,1049.48,Basic,3,No,3.47,No,No,5G,3,271,Yes,9
MRD-004655,Yes,39.07,31,1144.02,Basic,3,No,2.84,Yes,Yes,5G,1,1138,Yes,1
MRD-004656,No,38.69,85,1145.21,Basic,3,No,3.7,Yes,Yes,5G,0,1366,Yes,4
MRD-004657,No,52.9,85,8453.01,Plus,3,No,2.16,Yes,No,4G,2,238,Yes,1
MRD-004658,No,88.7,78,5306.4,Premium,2,No,7.37,Yes,No,5G,0,215,No,2
MRD-004659,No,86.67,37,4930.47,Premium,2,No,3.79,Yes,No,4G,1,1069,No,10
MRD-004660,No,71.51,0,287.58,Plus,1,No,5.92,Yes,No,5G,0,1476,No,3
MRD-004661,No,48.37,19,1103.28,Plus,2,Yes,3.93,No,Yes,4G,3,1058,No,2
MRD-004662,No,47.71,48,2290.56,Plus,1,No,0.68,Yes,No,4G,1,45,No,9
MRD-004663,No,50.8,89,8198.54,Plus,1,No,6.92,Yes,No,5G,0,418,No,10
MRD-004664,No,34.45,79,2196.33,Basic,1,Yes,3.1,Yes,No,4G,2,781,No,6
MRD-004665,No,33.21,78,3692.34,Basic,1,No,3.7,Yes,No,5G,3,674,No,8
MRD-004666,No,62.32,73,4770.24,Plus,2,No,3.67,Yes,No,5G,1,206,No,6
MRD-004667,No,54.31,73,4255.36,Plus,1,No,5.15,No,No,5G,2,421,No,1
MRD-004668,Yes,45.12,17,1740.37,Basic,1,No,6.23,Yes,Yes,5G,2,677,No,7
MRD-004669,Yes,61.27,77,3975.55,Plus,4,Yes,0.88,No,Yes,5G,7,904,Yes,7
MRD-004670,No,57.54,31,643.84,Plus,4,No,1.23,No,Yes,5G,3,52,Yes,4
MRD-004671,No,55.61,51,2905.44,Plus,5,Yes,1.62,No,Yes,5G,3,40,Yes,6
MRD-004672,No,99.42,77,8254.42,Premium,2,No,0.25,No,Yes,4G,1,702,No,6
MRD-004673,Yes,65.57,42,3234.55,Plus,1,No,2.61,No,No,4G,0,648,No,5
MRD-004674,No,103.1,84,6887.23,Premium,2,No,0.96,Yes,Yes,5G,4,983,No,6
MRD-004675,No,102.92,46,5481.71,Premium,2,Yes,1.13,No,No,5G,0,713,No,1
MRD-004676,Yes,38.51,85,4669.53,Basic,2,No,0.08,No,Yes,5G,0,975,No,4
MRD-004677,Yes,32.21,48,1727.33,Basic,1,No,6.42,Yes,No,5G,1,912,No,2
MRD-004678,No,33.73,73,3267.0,Basic,1,No,2.71,No,Yes,4G,3,973,No,1
MRD-004679,Yes,44.21,32,1090.21,Basic,1,No,5.76,No,Yes,4G,3,936,No,3
MRD-004680,No,65.64,57,4397.65,Plus,2,No,3.66,No,No,5G,3,851,No,1
MRD-004681,No,87.08,87,6638.41,Premium,1,No,5.46,Yes,No,4G,1,1344,No,5
MRD-004682,No,68.12,28,1818.42,Plus,2,No,0.32,No,Yes,4G,1,1059,No,10
MRD-004683,No,73.43,65,3946.78,Plus,1,No,8.38,Yes,No,4G,5,1058,No,7
MRD-004684,No,48.45,77,3693.73,Plus,2,Yes,2.05,Yes,No,5G,2,892,No,7
MRD-004685,No,79.38,64,3665.99,Premium,1,No,4.42,No,Yes,5G,2,612,No,7
MRD-004686,Yes,29.56,60,990.48,Basic,2,No,2.11,No,No,5G,1,707,No,6
MRD-004687,Yes,30.64,84,3884.75,Basic,1,No,2.43,Yes,No,5G,2,692,No,6
MRD-004688,Yes,39.5,63,4605.56,Basic,1,No,1.35,Yes,No,5G,1,1057,No,2
MRD-004689,No,33.07,86,2480.03,Basic,1,No,1.31,Yes,No,5G,1,42,No,2
MRD-004690,Yes,43.63,8,756.67,Basic,2,No,2.45,No,Yes,5G,1,97,No,2
MRD-004691,No,92.42,75,8273.21,Premium,1,No,7.19,Yes,No,4G,2,1249,No,9
MRD-004692,No,35.86,10,144.67,Basic,1,No,2.62,Yes,No,5G,2,1378,No,5
MRD-004693,Yes,57.54,43,2394.18,Plus,2,No,7.58,Yes,No,4G,4,164,No,2
MRD-004694,No,62.09,20,3112.47,Plus,3,No,1.4,Yes,Yes,5G,4,1435,Yes,4
MRD-004695,No,90.15,49,5758.57,Premium,2,Yes,5.55,No,No,4G,4,1493,No,6
MRD-004696,No,47.76,57,2531.55,Plus,2,No,5.22,No,No,4G,5,895,No,7
MRD-004697,Yes,50.17,32,2778.12,Plus,1,No,5.55,No,No,5G,3,1069,No,2
MRD-004698,No,66.32,79,4013.12,Plus,1,No,1.15,No,No,5G,2,243,No,9
MRD-004699,No,100.44,64,6473.04,Premium,4,No,5.21,No,Yes,5G,2,1475,Yes,8
MRD-004700,No,81.42,25,2683.02,Plus,1,No,10.13,Yes,No,5G,0,555,No,10
MRD-004701,No,78.79,37,2810.82,Premium,4,No,3.1,No,No,5G,0,750,Yes,7
MRD-004702,Yes,34.77,41,1238.92,Basic,2,No,1.69,No,Yes,4G,3,756,No,1
MRD-004703,No,91.65,72,4487.67,Premium,3,No,2.75,Yes,No,5G,3,1315,Yes,3
MRD-004704,No,62.54,21,1758.62,Plus,4,No,1.75,No,Yes,4G,1,85,Yes,10
MRD-004705,No,104.0,35,7538.12,Premium,3,No,3.38,Yes,No,5G,2,769,Yes,9
MRD-004706,No,90.08,71,5658.8,Premium,2,Yes,5.55,No,No,5G,2,44,No,3
MRD-004707,No,115.36,23,1583.63,Premium,2,Yes,0.8,Yes,Yes,5G,1,1457,No,6
MRD-004708,Yes,36.11,42,1485.72,Basic,1,No,4.73,Yes,Yes,4G,0,947,No,8
MRD-004709,No,66.96,39,3668.35,Plus,1,No,2.34,Yes,No,5G,3,824,No,8
MRD-004710,No,61.23,10,1355.25,Plus,2,No,1.03,No,Yes,5G,2,1351,No,5
MRD-004711,No,58.29,3,196.95,Plus,1,No,3.11,No,No,5G,3,944,No,6
MRD-004712,No,29.52,94,3340.0,Basic,1,No,0.57,No,No,4G,2,267,No,5
MRD-004713,Yes,53.01,55,4224.65,Plus,2,No,0.47,Yes,No,5G,2,68,No,1
MRD-004714,No,65.19,34,2571.5,Plus,4,No,1.46,Yes,No,5G,0,727,Yes,5
MRD-004715,No,37.45,11,524.5,Basic,4,Yes,1.4,No,No,5G,2,40,Yes,2
MRD-004716,No,56.03,53,2950.7,Plus,1,No,0.47,Yes,No,5G,2,1493,No,4
MRD-004717,No,33.96,83,1764.6,Basic,2,Yes,1.04,Yes,No,4G,1,572,No,5
MRD-004718,No,59.38,90,6041.96,Plus,4,Yes,1.27,Yes,Yes,4G,1,1091,Yes,6
MRD-004719,No,60.4,78,5727.57,Plus,2,No,3.1,No,No,4G,4,1445,No,6
MRD-004720,No,23.97,29,959.4,Basic,1,No,3.01,Yes,Yes,5G,1,68,No,2
MRD-004721,No,32.38,27,1088.99,Basic,1,No,8.87,Yes,Yes,5G,0,569,No,6
MRD-004722,No,58.26,56,2664.3,Plus,2,No,1.87,Yes,No,5G,0,1116,No,3
MRD-004723,No,102.84,34,7478.16,Premium,2,No,7.7,Yes,No,5G,2,404,No,7
MRD-004724,No,36.38,51,1669.18,Basic,1,No,0.86,No,No,5G,0,183,No,8
MRD-004725,No,86.96,8,1456.26,Premium,2,No,1.47,Yes,No,5G,0,204,No,10
MRD-004726,Yes,32.86,71,3362.56,Basic,2,No,8.11,Yes,Yes,4G,1,237,No,4
MRD-004727,Yes,39.35,36,1140.28,Basic,2,No,0.26,Yes,No,5G,1,1479,No,3
MRD-004728,Yes,36.46,62,3528.91,Basic,2,Yes,0.61,No,No,5G,1,343,No,7
MRD-004729,No,102.16,94,22157.56,Premium,1,No,0.98,Yes,Yes,4G,2,952,No,1
MRD-004730,No,52.36,58,3921.09,Plus,2,No,0.58,No,Yes,5G,0,990,No,9
MRD-004731,No,63.21,67,5944.13,Plus,1,No,1.08,Yes,No,4G,3,913,No,10
MRD-004732,No,38.25,17,959.85,Basic,2,No,1.32,Yes,No,5G,1,209,No,6
MRD-004733,No,97.39,49,10723.57,Premium,1,No,2.48,No,No,5G,1,986,No,1
MRD-004734,No,61.07,70,3497.41,Plus,2,No,1.03,Yes,No,5G,1,86,No,6
MRD-004735,Yes,60.61,80,5062.98,Plus,2,No,1.06,Yes,No,5G,0,1147,No,2
MRD-004736,No,59.95,52,2778.04,Plus,1,No,1.9,Yes,Yes,4G,3,1161,No,1
MRD-004737,No,61.14,16,1750.79,Plus,1,Yes,5.96,Yes,Yes,5G,1,462,No,1
MRD-004738,No,48.03,59,2897.56,Plus,1,No,1.7,No,No,4G,1,546,No,5
MRD-004739,No,98.19,54,3525.35,Premium,2,No,4.81,Yes,Yes,5G,3,1445,No,4
MRD-004740,No,92.5,76,16648.85,Premium,2,No,5.38,Yes,Yes,5G,2,214,No,1
MRD-004741,No,89.73,12,851.04,Premium,4,No,2.69,Yes,No,5G,3,940,Yes,8
MRD-004742,No,57.57,57,2975.83,Plus,2,No,0.79,Yes,Yes,4G,1,1142,No,3
MRD-004743,No,69.42,48,3038.49,Plus,1,No,3.13,Yes,No,5G,2,27,No,10
MRD-004744,Yes,62.4,47,2886.15,Plus,1,No,0.27,No,Yes,5G,0,335,No,5
MRD-004745,No,95.65,92,13202.02,Premium,1,No,7.13,No,No,5G,1,310,No,4
MRD-004746,No,42.0,88,4609.22,Plus,1,No,2.39,No,No,5G,1,1149,No,3
MRD-004747,No,36.47,18,565.27,Basic,1,No,0.29,Yes,No,4G,1,897,No,4
MRD-004748,No,50.33,89,4572.25,Plus,1,No,6.55,Yes,No,4G,0,1037,No,3
MRD-004749,No,122.49,58,7979.35,Premium,2,No,3.51,Yes,No,5G,1,486,No,3
MRD-004750,No,65.62,18,1060.37,Plus,3,No,0.1,No,No,5G,2,1039,Yes,2
MRD-004751,No,94.09,66,3619.05,Premium,1,No,7.54,No,Yes,5G,0,461,No,3
MRD-004752,No,34.74,57,4373.32,Basic,1,No,4.96,No,Yes,4G,2,248,No,10
MRD-004753,Yes,63.39,17,908.66,Plus,4,No,5.52,Yes,Yes,5G,1,1120,Yes,5
MRD-004754,No,115.1,72,4895.92,Premium,3,No,8.49,Yes,Yes,5G,1,249,Yes,2
MRD-004755,No,90.66,0,115.12,Premium,2,Yes,0.09,No,Yes,4G,0,219,No,1
MRD-004756,Yes,32.86,49,1191.23,Basic,4,No,4.67,No,Yes,4G,0,87,Yes,10
MRD-004757,Yes,29.08,18,523.41,Basic,1,Yes,1.44,Yes,Yes,5G,4,984,No,1
MRD-004758,Yes,35.78,10,624.61,Basic,1,Yes,2.49,No,No,4G,2,1234,No,4
MRD-004759,Yes,32.81,23,1043.84,Basic,1,Yes,0.94,No,Yes,5G,4,723,No,1
MRD-004760,No,54.06,76,2880.2,Plus,2,No,3.67,Yes,Yes,4G,1,303,No,8
MRD-004761,Yes,37.36,45,1889.87,Basic,1,No,7.19,Yes,No,4G,1,23,No,4
MRD-004762,No,53.75,47,2957.17,Plus,3,Yes,0.35,No,No,5G,0,200,Yes,3
MRD-004763,Yes,32.61,28,1400.39,Basic,1,No,3.77,No,No,5G,3,546,No,4
MRD-004764,No,38.25,71,2781.45,Basic,1,No,5.49,No,No,4G,3,92,No,1
MRD-004765,No,45.28,1,68.84,Plus,2,Yes,3.3,No,Yes,4G,1,166,No,10
MRD-004766,No,109.9,56,6550.69,Premium,1,No,0.08,No,No,5G,3,1280,No,9
MRD-004767,No,34.57,83,2486.65,Basic,2,No,0.81,Yes,Yes,5G,1,1185,No,8
MRD-004768,No,34.33,86,1764.66,Basic,2,No,2.3,Yes,Yes,4G,2,811,No,8
MRD-004769,No,83.44,83,10354.23,Premium,3,No,4.93,Yes,Yes,5G,4,357,Yes,9
MRD-004770,No,113.52,28,2382.55,Premium,4,Yes,2.43,Yes,No,4G,0,1256,Yes,9
MRD-004771,Yes,26.06,5,41.04,Basic,1,No,1.92,Yes,Yes,4G,1,336,No,8
MRD-004772,Yes,59.2,23,3836.88,Plus,2,No,8.97,No,No,5G,3,1122,No,8
MRD-004773,No,54.58,13,1149.41,Plus,1,Yes,4.66,Yes,Yes,5G,1,1095,No,5
MRD-004774,No,52.29,76,2543.63,Plus,4,No,0.43,Yes,Yes,5G,0,829,Yes,5
MRD-004775,No,54.58,16,691.14,Plus,2,No,1.29,No,Yes,5G,1,136,No,5
MRD-004776,No,119.29,47,9345.38,Premium,2,No,2.38,No,No,4G,2,636,No,8
MRD-004777,No,57.01,3,336.25,Plus,1,Yes,0.22,No,No,5G,0,360,No,10
MRD-004778,No,32.06,68,1257.45,Basic,3,No,4.82,Yes,Yes,5G,1,573,Yes,10
MRD-004779,Yes,26.42,87,1698.97,Basic,2,No,5.91,Yes,Yes,5G,2,1051,No,3
MRD-004780,Yes,27.05,46,514.65,Basic,1,Yes,2.45,No,Yes,4G,2,902,No,1
MRD-004781,No,54.3,34,2434.9,Plus,1,Yes,3.47,No,No,5G,0,1053,No,9
MRD-004782,No,57.23,45,1110.49,Plus,2,No,1.37,No,No,5G,2,1202,No,4
MRD-004783,Yes,33.72,94,5175.42,Basic,1,Yes,0.41,No,Yes,5G,2,707,No,10
MRD-004784,No,91.43,6,789.66,Premium,1,No,4.23,Yes,Yes,5G,1,863,No,10
MRD-004785,Yes,35.57,84,3746.51,Basic,1,No,2.02,Yes,Yes,5G,1,602,No,3
MRD-004786,No,56.75,63,5395.19,Plus,3,No,8.71,Yes,No,4G,0,1312,Yes,5
MRD-004787,No,42.08,16,1524.9,Basic,2,No,1.54,No,No,4G,2,421,No,8
MRD-004788,No,104.98,21,1378.66,Premium,3,No,2.58,No,No,5G,0,492,Yes,3
MRD-004789,No,65.39,23,2436.1,Plus,3,Yes,6.76,No,No,5G,2,989,Yes,10
MRD-004790,No,66.49,9,843.94,Plus,1,No,2.31,Yes,Yes,4G,2,1200,No,4
MRD-004791,No,113.5,85,9373.71,Premium,2,Yes,0.75,No,Yes,5G,4,84,No,10
MRD-004792,Yes,55.66,75,3589.17,Plus,1,No,0.66,Yes,Yes,5G,0,1229,No,2
MRD-004793,No,54.9,80,3530.48,Plus,1,No,2.6,No,Yes,5G,1,444,No,1
MRD-004794,No,59.73,74,5052.0,Plus,1,No,2.11,Yes,Yes,5G,1,1010,No,5
MRD-004795,Yes,69.73,32,824.24,Premium,1,No,0.59,Yes,No,4G,6,47,No,6
MRD-004796,No,67.59,57,3528.44,Plus,2,Yes,7.21,No,No,5G,4,498,No,7
MRD-004797,No,104.87,47,6543.57,Premium,1,No,3.54,Yes,Yes,4G,1,524,No,10
MRD-004798,No,28.27,89,2532.06,Basic,1,Yes,1.11,Yes,Yes,5G,0,1100,No,9
MRD-004799,No,63.11,8,482.09,Plus,1,No,0.59,No,Yes,5G,2,171,No,6
MRD-004800,Yes,62.07,1,199.88,Plus,3,No,3.15,No,No,4G,2,745,Yes,2
MRD-004801,No,21.71,28,634.83,Basic,4,No,0.23,No,Yes,5G,0,680,Yes,5
MRD-004802,No,52.9,18,1223.33,Plus,3,Yes,7.03,No,Yes,5G,2,391,Yes,3
MRD-004803,No,103.7,34,3857.08,Premium,2,No,1.36,Yes,Yes,5G,3,943,No,2
MRD-004804,No,33.67,75,2302.56,Basic,4,No,1.67,No,No,4G,1,586,Yes,6
MRD-004805,Yes,34.69,82,1414.12,Basic,1,No,2.05,No,No,5G,0,415,No,5
MRD-004806,Yes,31.19,10,432.1,Basic,1,No,0.77,Yes,Yes,4G,1,755,No,2
MRD-004807,No,52.54,32,979.68,Plus,1,No,3.97,Yes,No,4G,1,1051,No,7
MRD-004808,Yes,40.7,33,2104.53,Basic,2,No,1.48,No,No,5G,4,814,No,4
MRD-004809,No,36.33,70,1484.53,Basic,2,Yes,1.19,Yes,No,5G,1,747,No,5
MRD-004810,No,42.52,38,1319.95,Plus,1,Yes,0.38,Yes,Yes,5G,3,182,No,4
MRD-004811,No,104.91,80,11660.49,Premium,1,No,2.35,Yes,Yes,5G,0,341,No,5
MRD-004812,No,95.66,32,3914.0,Premium,3,No,0.17,Yes,No,5G,0,1496,Yes,1
MRD-004813,No,58.78,43,1648.6,Plus,1,No,0.78,No,Yes,5G,0,1019,No,5
MRD-004814,No,55.28,64,4159.33,Plus,3,No,1.2,No,No,5G,2,1437,Yes,3
MRD-004815,No,95.71,78,7658.65,Premium,2,No,2.62,No,Yes,4G,2,1465,No,9
MRD-004816,No,29.8,47,2297.39,Basic,4,No,2.13,Yes,No,5G,2,848,Yes,5
MRD-004817,No,95.93,66,5677.84,Premium,4,No,3.77,Yes,No,4G,3,48,Yes,7
MRD-004818,No,45.19,52,4151.83,Plus,4,No,4.66,Yes,No,5G,2,16,Yes,10
MRD-004819,No,68.9,6,702.75,Plus,3,No,4.42,Yes,Yes,4G,2,7,Yes,9
MRD-004820,No,36.79,82,2997.73,Basic,1,No,1.92,Yes,No,5G,3,1002,No,9
MRD-004821,No,104.22,39,2653.63,Premium,1,No,0.25,No,Yes,4G,0,1363,No,6
MRD-004822,No,65.0,91,3903.86,Premium,2,Yes,6.75,No,Yes,5G,2,210,No,2
MRD-004823,No,29.18,66,2126.47,Basic,2,No,4.14,No,No,5G,2,560,No,7
MRD-004824,No,53.34,19,1466.2,Plus,1,No,1.43,No,No,5G,2,1358,No,5
MRD-004825,No,112.64,48,4026.9,Premium,1,No,0.67,No,No,5G,1,840,No,9
MRD-004826,No,102.0,27,1778.05,Premium,1,No,1.53,No,No,5G,3,1051,No,5
MRD-004827,No,59.77,85,4358.27,Plus,2,No,1.38,Yes,Yes,5G,3,210,No,1
MRD-004828,No,70.99,59,5503.79,Plus,3,No,2.25,Yes,No,4G,3,1326,Yes,10
MRD-004829,No,58.98,10,234.5,Plus,3,No,3.82,Yes,No,4G,0,881,Yes,5
MRD-004830,No,70.93,58,2327.58,Plus,3,No,0.86,No,Yes,4G,1,1238,Yes,2
MRD-004831,No,93.03,20,2225.37,Premium,1,No,1.48,Yes,Yes,5G,2,308,No,1
MRD-004832,Yes,42.74,58,1059.43,Basic,2,Yes,3.2,Yes,No,5G,1,1040,No,2
MRD-004833,No,59.21,31,4844.88,Plus,5,No,0.14,Yes,No,4G,2,1444,Yes,6
MRD-004834,No,91.66,44,5364.24,Premium,3,No,3.76,Yes,No,5G,1,713,Yes,9
MRD-004835,No,88.16,22,1171.33,Premium,3,No,0.31,Yes,No,5G,2,1014,Yes,4
MRD-004836,No,42.47,45,2918.27,Basic,1,No,6.24,Yes,No,4G,1,802,No,4
MRD-004837,No,34.01,35,1164.01,Basic,1,No,4.25,Yes,Yes,5G,0,281,No,3
MRD-004838,No,69.76,37,3789.17,Plus,2,No,0.16,Yes,No,4G,1,1392,No,6
MRD-004839,Yes,60.86,40,3194.72,Plus,4,No,0.36,No,Yes,4G,1,264,Yes,1
MRD-004840,No,57.37,18,1656.55,Plus,1,No,1.91,Yes,Yes,5G,1,4,No,3
MRD-004841,No,104.27,67,12094.94,Premium,4,No,10.37,No,No,4G,0,1173,Yes,3
MRD-004842,No,63.45,79,2064.31,Plus,1,No,2.91,Yes,No,5G,1,443,No,1
MRD-004843,No,33.71,79,3557.06,Basic,4,No,4.71,Yes,No,4G,1,214,Yes,8
MRD-004844,Yes,35.77,63,5370.46,Basic,4,Yes,9.23,No,No,4G,2,691,Yes,4
MRD-004845,No,41.1,64,2795.54,Basic,1,No,1.09,Yes,No,5G,3,685,No,2
MRD-004846,No,77.33,69,3396.25,Premium,1,No,3.4,Yes,Yes,4G,0,726,No,2
MRD-004847,No,91.25,8,481.92,Premium,2,No,0.21,Yes,No,5G,3,249,No,9
MRD-004848,No,54.34,33,2445.76,Plus,1,No,4.35,No,Yes,5G,3,519,No,5
MRD-004849,Yes,99.8,10,959.93,Premium,1,No,2.76,Yes,No,5G,1,565,No,1
MRD-004850,No,89.61,43,4067.73,Premium,3,No,2.19,No,No,5G,2,363,Yes,1
MRD-004851,Yes,34.1,10,687.54,Basic,2,No,5.39,Yes,No,5G,1,987,No,6
MRD-004852,No,58.18,94,6275.19,Plus,1,No,8.37,No,Yes,5G,0,315,No,4
MRD-004853,Yes,34.44,70,1570.43,Basic,5,No,1.5,Yes,Yes,5G,2,951,Yes,4
MRD-004854,No,43.37,89,5129.16,Basic,1,No,16.35,Yes,Yes,5G,2,288,No,1
MRD-004855,No,66.72,41,2050.01,Plus,2,Yes,5.93,Yes,No,5G,3,90,No,5
MRD-004856,No,59.81,25,2020.03,Plus,5,No,9.44,Yes,Yes,4G,0,135,Yes,6
MRD-004857,Yes,30.44,67,3558.87,Basic,1,No,2.41,Yes,Yes,4G,0,1335,No,5
MRD-004858,No,55.38,55,5393.63,Plus,1,No,1.31,No,No,5G,0,179,No,4
MRD-004859,No,59.1,63,6436.31,Plus,1,No,1.94,Yes,No,5G,0,879,No,3
MRD-004860,Yes,36.71,44,1716.81,Basic,3,No,4.7,Yes,No,5G,1,518,Yes,4
MRD-004861,No,78.59,27,2681.69,Premium,1,No,3.9,Yes,No,5G,2,439,No,6
MRD-004862,No,37.55,73,2737.66,Basic,1,No,8.16,Yes,No,5G,2,647,No,1
MRD-004863,No,98.48,94,8107.16,Premium,5,No,7.89,Yes,No,5G,1,295,Yes,5
MRD-004864,No,59.22,91,3508.88,Plus,3,No,2.69,Yes,Yes,4G,2,2,Yes,6
MRD-004865,No,41.35,26,902.11,Basic,4,No,1.36,No,Yes,4G,1,551,Yes,9
MRD-004866,Yes,43.6,85,4389.57,Basic,4,No,0.65,No,No,5G,2,398,Yes,7
MRD-004867,No,46.91,38,2721.49,Plus,3,No,1.77,No,Yes,5G,5,427,Yes,8
MRD-004868,No,100.61,85,11715.93,Premium,3,No,1.31,No,No,5G,2,91,Yes,2
MRD-004869,Yes,56.25,5,462.9,Plus,4,No,2.23,Yes,No,4G,4,331,Yes,5
MRD-004870,No,117.21,67,3845.81,Premium,1,No,0.38,No,Yes,5G,1,595,No,8
MRD-004871,Yes,33.47,30,1668.53,Basic,1,No,0.02,No,No,4G,2,314,No,5
MRD-004872,No,30.77,27,645.68,Basic,1,Yes,2.03,No,No,4G,2,1334,No,3
MRD-004873,No,41.89,59,1794.65,Basic,1,No,3.12,Yes,No,5G,3,878,No,1
MRD-004874,No,34.42,83,4708.63,Basic,2,Yes,4.16,No,No,4G,0,110,No,10
MRD-004875,No,95.09,21,1283.95,Premium,4,No,0.36,No,No,5G,3,470,Yes,1
MRD-004876,Yes,31.42,85,2801.59,Basic,4,Yes,4.08,No,Yes,5G,0,71,Yes,5
MRD-004877,No,46.17,74,3243.47,Plus,1,No,1.77,Yes,Yes,5G,0,697,No,2
MRD-004878,No,83.11,87,3135.89,Premium,4,No,2.87,Yes,No,5G,1,287,Yes,5
MRD-004879,Yes,35.27,3,191.1,Basic,1,Yes,5.71,No,Yes,5G,4,326,No,6
MRD-004880,No,32.4,56,1703.52,Basic,1,No,1.21,Yes,No,4G,3,244,No,5
MRD-004881,No,60.03,75,4217.55,Plus,2,No,10.21,No,Yes,5G,0,985,No,3
MRD-004882,No,58.73,22,1514.53,Plus,1,No,1.83,No,Yes,5G,2,127,No,4
MRD-004883,No,64.8,82,7592.9,Plus,2,No,4.07,Yes,No,5G,1,1378,No,8
MRD-004884,No,49.02,96,8397.07,Plus,3,No,0.23,No,Yes,5G,2,873,Yes,9
MRD-004885,Yes,24.51,86,3229.18,Basic,3,No,3.74,No,No,5G,0,565,Yes,4
MRD-004886,No,89.57,78,9480.23,Premium,3,No,3.57,No,Yes,5G,3,983,Yes,5
MRD-004887,No,63.2,28,1242.67,Plus,1,No,4.86,No,Yes,4G,1,438,No,9
MRD-004888,No,108.33,17,1261.47,Premium,1,No,0.89,Yes,No,5G,1,1010,No,7
MRD-004889,No,66.43,67,4599.37,Plus,2,No,5.17,Yes,No,5G,3,569,No,4
MRD-004890,No,71.3,70,3489.52,Plus,1,No,5.25,Yes,No,5G,1,812,No,6
MRD-004891,No,74.04,36,2252.27,Plus,2,No,2.21,No,Yes,4G,1,852,No,9
MRD-004892,No,38.21,14,802.66,Basic,2,No,16.49,Yes,Yes,5G,3,350,No,3
MRD-004893,No,62.45,55,7169.34,Plus,2,No,1.4,Yes,No,5G,3,27,No,4
MRD-004894,No,91.12,83,7635.89,Premium,4,No,0.99,No,Yes,5G,2,618,Yes,7
MRD-004895,No,54.3,52,2951.55,Plus,2,No,8.33,Yes,Yes,4G,2,335,No,5
MRD-004896,No,64.71,68,6086.73,Plus,1,Yes,9.48,No,Yes,4G,1,714,No,4
MRD-004897,No,95.33,80,5451.02,Premium,1,No,7.57,No,No,5G,1,643,No,9
MRD-004898,No,61.97,80,10989.73,Plus,1,Yes,1.47,No,Yes,5G,2,585,No,9
MRD-004899,No,62.74,32,3508.42,Plus,1,Yes,2.11,Yes,Yes,4G,1,16,No,1
MRD-004900,No,61.91,86,6120.88,Plus,4,Yes,6.72,Yes,No,5G,3,1450,Yes,10
MRD-004901,Yes,59.73,76,6644.95,Plus,2,No,1.95,No,Yes,5G,5,1011,No,9
MRD-004902,No,40.98,33,957.75,Basic,3,No,2.93,Yes,No,5G,2,918,Yes,6
MRD-004903,Yes,35.11,76,1620.13,Basic,1,No,0.02,No,No,4G,1,1118,No,4
MRD-004904,Yes,32.49,70,1203.58,Basic,2,No,0.46,No,No,4G,1,893,No,1
MRD-004905,No,69.78,77,3513.81,Plus,1,No,4.04,Yes,Yes,5G,1,220,No,9
MRD-004906,Yes,35.82,92,3206.63,Basic,2,No,3.23,Yes,No,5G,0,1427,No,7
MRD-004907,No,57.53,74,5275.06,Plus,1,No,5.08,Yes,Yes,5G,1,884,No,5
MRD-004908,Yes,40.94,15,1447.05,Basic,1,No,5.8,No,No,5G,2,484,No,5
MRD-004909,No,106.53,75,8228.82,Premium,4,No,3.66,No,No,5G,2,1005,Yes,5
MRD-004910,No,112.03,36,2826.22,Premium,1,No,8.02,No,No,5G,2,155,No,10
MRD-004911,No,90.47,44,2174.57,Premium,1,Yes,5.11,Yes,Yes,4G,2,191,No,10
MRD-004912,No,92.56,89,16432.64,Premium,2,No,2.71,Yes,No,4G,2,564,No,8
MRD-004913,Yes,35.88,91,3718.17,Basic,1,No,0.68,No,No,5G,0,1121,No,10
MRD-004914,No,71.9,83,3009.93,Plus,3,No,4.86,Yes,No,4G,2,376,Yes,8
MRD-004915,No,46.82,56,1793.45,Plus,5,No,4.05,Yes,No,5G,4,1082,Yes,8
MRD-004916,No,60.9,1,275.58,Plus,4,No,6.4,Yes,Yes,4G,3,272,Yes,7
MRD-004917,No,53.34,25,1019.93,Plus,2,No,0.62,Yes,Yes,5G,0,133,No,8
MRD-004918,Yes,60.6,20,1424.16,Plus,2,No,6.31,No,No,4G,0,453,No,1
MRD-004919,Yes,36.31,31,2968.92,Basic,1,Yes,5.62,No,Yes,4G,2,1227,No,1
MRD-004920,No,54.88,34,2601.73,Plus,1,No,2.65,No,Yes,5G,1,1281,No,6
MRD-004921,Yes,36.67,2,306.42,Basic,1,No,1.99,No,Yes,4G,0,1305,No,2
MRD-004922,No,85.64,12,1908.01,Premium,4,No,4.39,Yes,Yes,4G,2,790,Yes,5
MRD-004923,No,57.83,86,8956.19,Plus,1,No,10.51,No,No,4G,1,1152,No,4
MRD-004924,Yes,45.0,30,1754.02,Basic,1,No,0.66,Yes,No,5G,1,825,No,10
MRD-004925,No,67.28,80,13969.28,Plus,2,No,3.61,Yes,Yes,4G,1,209,No,3
MRD-004926,Yes,35.21,64,2611.77,Basic,2,No,7.48,No,Yes,5G,1,712,No,6
MRD-004927,No,105.56,74,7359.37,Premium,1,No,0.77,No,Yes,5G,1,87,No,9
MRD-004928,Yes,25.24,4,425.02,Basic,3,No,2.61,Yes,No,5G,1,1051,Yes,5
MRD-004929,No,29.94,82,3647.95,Basic,4,No,3.64,Yes,Yes,4G,0,330,Yes,9
MRD-004930,No,39.48,55,1468.94,Basic,3,No,4.12,No,Yes,4G,1,1082,Yes,8
MRD-004931,No,65.29,16,987.04,Plus,1,Yes,2.07,Yes,No,5G,0,276,No,10
MRD-004932,Yes,38.54,71,1864.67,Basic,1,No,2.24,Yes,No,4G,1,1446,No,6
MRD-004933,No,51.22,69,1870.31,Plus,4,Yes,2.09,Yes,Yes,4G,2,78,Yes,8
MRD-004934,No,53.71,28,1728.66,Plus,2,No,1.13,Yes,Yes,5G,0,1065,No,6
MRD-004935,No,88.64,49,4008.21,Premium,3,No,1.01,Yes,Yes,5G,2,450,Yes,4
MRD-004936,No,59.47,58,4067.69,Plus,4,No,9.37,Yes,No,4G,2,621,Yes,7
MRD-004937,No,63.9,19,1445.49,Plus,2,No,4.03,Yes,No,4G,2,394,No,8
MRD-004938,No,88.27,33,3958.6,Premium,4,Yes,5.66,No,No,4G,4,1101,Yes,6
MRD-004939,No,53.42,48,5183.93,Plus,4,No,1.42,Yes,No,5G,1,849,Yes,3
MRD-004940,No,58.69,67,2978.99,Plus,4,No,1.57,No,Yes,5G,0,166,Yes,2
MRD-004941,No,36.88,50,1407.0,Basic,3,Yes,13.04,Yes,No,4G,3,1404,Yes,7
MRD-004942,No,98.88,90,12575.3,Premium,3,No,9.31,No,No,5G,1,384,Yes,8
MRD-004943,No,57.84,7,341.1,Plus,2,No,4.29,Yes,Yes,4G,0,8,No,8
MRD-004944,No,125.51,91,14165.43,Premium,2,No,3.09,Yes,No,5G,2,311,No,8
MRD-004945,No,55.5,11,691.11,Plus,1,No,3.08,Yes,No,5G,4,191,No,6
MRD-004946,No,28.13,30,1649.18,Basic,1,No,1.91,Yes,Yes,5G,2,210,No,3
MRD-004947,No,29.59,96,1531.29,Basic,1,No,10.41,No,Yes,4G,1,1038,No,8
MRD-004948,No,95.66,64,3974.27,Premium,2,No,0.72,Yes,No,5G,1,94,No,6
MRD-004949,Yes,36.36,88,3368.22,Basic,2,No,7.92,Yes,No,5G,1,658,No,8
MRD-004950,Yes,60.77,0,39.0,Plus,1,Yes,4.57,No,Yes,5G,2,136,No,9
MRD-004951,Yes,69.75,87,12091.09,Plus,1,No,0.23,No,No,4G,1,696,No,10
MRD-004952,Yes,27.49,59,1917.41,Basic,5,No,1.62,Yes,Yes,5G,0,1175,Yes,10
MRD-004953,No,59.43,76,4265.98,Plus,4,No,1.48,Yes,No,4G,0,695,Yes,1
MRD-004954,No,36.97,70,901.94,Basic,1,No,3.82,Yes,Yes,5G,1,151,No,5
MRD-004955,Yes,69.56,48,3152.7,Plus,1,No,4.67,Yes,Yes,5G,0,1066,No,2
MRD-004956,No,53.77,70,6327.17,Plus,2,No,0.25,No,Yes,5G,2,431,No,2
MRD-004957,No,27.77,90,3204.66,Basic,1,No,1.01,No,Yes,4G,3,851,No,4
MRD-004958,No,60.94,96,1114.16,Plus,1,No,6.07,Yes,No,4G,2,333,No,10
MRD-004959,No,52.78,84,7165.73,Plus,2,No,0.79,Yes,No,5G,0,622,No,5
MRD-004960,No,88.13,31,3337.43,Premium,3,No,6.67,Yes,No,4G,2,558,Yes,7
MRD-004961,Yes,41.06,91,5214.52,Basic,3,Yes,0.63,Yes,No,5G,0,1343,Yes,2
MRD-004962,No,106.17,5,591.08,Premium,4,No,3.04,No,No,5G,2,1192,Yes,2
MRD-004963,No,60.12,56,2942.32,Plus,2,No,6.65,Yes,No,5G,2,1292,No,2
MRD-004964,No,80.33,39,6311.07,Premium,1,No,1.6,Yes,Yes,5G,2,739,No,10
MRD-004965,Yes,59.22,2,126.66,Plus,2,No,2.5,Yes,No,4G,3,652,No,7
MRD-004966,No,50.86,9,730.65,Plus,1,Yes,0.59,No,Yes,4G,5,227,No,5
MRD-004967,No,92.34,17,4587.36,Premium,1,Yes,2.73,Yes,Yes,5G,3,452,No,9
MRD-004968,No,52.42,36,2594.55,Plus,3,No,4.15,Yes,No,5G,0,1377,Yes,10
MRD-004969,No,63.14,91,8882.26,Plus,1,No,1.34,Yes,No,5G,2,969,No,10
MRD-004970,No,37.47,51,1097.09,Basic,4,No,0.12,Yes,No,5G,1,1305,Yes,9
MRD-004971,Yes,52.71,15,927.85,Plus,2,No,1.16,No,No,5G,0,1272,No,2
MRD-004972,No,51.06,79,7103.74,Plus,1,No,0.11,No,No,5G,3,69,No,1
MRD-004973,Yes,50.52,83,4764.6,Plus,1,No,2.89,Yes,No,5G,4,1147,No,4
MRD-004974,Yes,42.19,59,1214.98,Basic,2,Yes,1.86,Yes,No,4G,6,71,No,4
MRD-004975,No,98.19,80,14161.07,Premium,1,No,4.14,Yes,Yes,5G,1,1085,No,5
MRD-004976,No,30.2,16,838.21,Basic,4,No,3.14,Yes,Yes,5G,2,1169,Yes,5
MRD-004977,No,42.93,30,1244.13,Basic,5,Yes,4.68,No,No,5G,2,316,Yes,6
MRD-004978,Yes,41.29,11,617.45,Basic,1,No,2.23,No,Yes,4G,3,1201,No,4
MRD-004979,No,64.24,73,5081.14,Plus,4,Yes,1.77,No,No,5G,2,793,Yes,8
MRD-004980,No,65.02,14,860.32,Plus,1,No,1.11,Yes,No,5G,1,1,No,4
MRD-004981,No,54.51,57,1100.62,Plus,3,No,4.36,Yes,Yes,5G,1,1498,Yes,8
MRD-004982,No,61.33,49,4317.19,Plus,3,No,2.09,Yes,No,5G,4,924,Yes,8
MRD-004983,No,35.02,90,4887.19,Basic,4,No,4.07,No,No,5G,2,1278,Yes,4
MRD-004984,No,30.6,6,339.69,Basic,1,No,2.39,Yes,No,5G,4,631,No,5
MRD-004985,No,63.02,63,4439.32,Plus,4,Yes,0.9,Yes,No,4G,1,377,Yes,6
MRD-004986,No,60.58,77,4385.09,Plus,3,No,1.76,No,No,4G,1,1082,Yes,6
MRD-004987,No,67.8,89,9591.88,Plus,2,Yes,2.78,Yes,No,5G,1,312,No,9
MRD-004988,Yes,39.09,4,312.22,Basic,2,Yes,5.25,No,No,4G,1,402,No,5
MRD-004989,No,71.73,58,8176.42,Plus,1,No,1.55,Yes,No,5G,1,47,No,7
MRD-004990,Yes,51.76,23,1090.72,Plus,1,No,2.01,Yes,Yes,5G,1,1436,No,3
MRD-004991,No,62.32,11,1421.66,Plus,3,Yes,0.33,Yes,No,5G,3,21,Yes,10
MRD-004992,No,70.17,30,1331.25,Plus,3,No,0.44,Yes,No,5G,2,673,Yes,6
MRD-004993,Yes,35.59,78,2289.69,Basic,1,No,0.58,Yes,No,4G,1,138,No,8
MRD-004994,No,70.97,42,4105.98,Premium,4,No,1.24,No,No,4G,1,316,Yes,9
MRD-004995,No,36.83,91,3899.74,Basic,1,No,2.78,Yes,No,5G,1,1319,No,7
MRD-004996,No,62.2,95,3880.67,Plus,3,No,3.19,Yes,No,5G,1,264,Yes,1
MRD-004997,No,90.35,96,11200.0,Premium,1,No,1.49,Yes,No,4G,1,1159,No,1
MRD-004998,No,54.79,94,3594.07,Plus,4,Yes,1.9,No,No,4G,5,983,Yes,1
MRD-004999,No,91.59,84,3684.41,Premium,4,No,6.23,No,Yes,4G,0,446,Yes,7
MRD-005000,Yes,42.42,36,2857.09,Basic,3,No,3.73,No,No,5G,1,1449,Yes,7
MRD-005001,No,54.3,69,3922.8,Plus,1,No,1.9,Yes,Yes,5G,0,1272,No,5
MRD-005002,Yes,43.56,55,3022.89,Basic,1,No,3.04,No,No,5G,1,778,No,5
MRD-005003,No,58.11,31,1442.23,Plus,1,Yes,1.73,No,No,4G,1,362,No,7
MRD-005004,No,71.91,54,2938.15,Premium,4,No,1.81,No,No,5G,1,182,Yes,7
MRD-005005,Yes,61.61,2,457.35,Plus,2,No,12.19,Yes,Yes,5G,3,340,No,10
MRD-005006,Yes,61.63,16,1229.43,Plus,3,No,3.19,No,No,4G,0,261,Yes,1
MRD-005007,No,66.65,89,5077.95,Plus,3,No,3.81,No,No,5G,1,365,Yes,1
MRD-005008,No,70.31,28,2170.92,Premium,1,Yes,5.8,No,Yes,5G,2,457,No,10
MRD-005009,No,31.96,38,2930.03,Basic,1,Yes,7.42,No,Yes,4G,1,1380,No,3
MRD-005010,No,54.34,19,829.87,Plus,3,No,2.87,Yes,Yes,5G,1,890,Yes,7
MRD-005011,No,107.34,51,3886.56,Premium,3,No,2.74,No,No,5G,1,659,Yes,5
MRD-005012,No,63.13,70,3623.25,Plus,1,No,0.56,Yes,Yes,4G,3,564,No,10
MRD-005013,No,60.56,43,3059.67,Plus,3,No,1.01,Yes,No,5G,2,1400,Yes,7
MRD-005014,No,36.56,9,953.36,Basic,1,No,3.19,Yes,No,4G,1,1114,No,8
MRD-005015,No,67.9,24,2622.46,Plus,1,No,0.19,Yes,Yes,5G,4,171,No,2
MRD-005016,No,39.36,51,1458.76,Basic,4,No,2.14,Yes,Yes,5G,3,1430,Yes,1
MRD-005017,No,45.46,43,1659.34,Basic,1,No,15.71,Yes,Yes,4G,1,1051,No,8
MRD-005018,Yes,37.6,32,661.08,Basic,2,Yes,4.45,Yes,No,5G,1,183,No,7
MRD-005019,No,36.7,85,9468.35,Basic,2,No,6.97,Yes,No,4G,1,692,No,7
MRD-005020,No,60.52,29,1458.09,Plus,2,No,0.78,Yes,No,4G,0,1112,No,3
MRD-005021,Yes,27.37,51,1201.82,Basic,1,Yes,2.24,Yes,Yes,4G,2,686,No,6
MRD-005022,Yes,33.32,48,3434.65,Basic,1,No,2.17,Yes,No,4G,1,640,No,6
MRD-005023,No,79.08,0,0.0,Premium,4,Yes,8.93,No,No,5G,1,948,Yes,1
MRD-005024,Yes,53.84,38,1043.71,Plus,2,No,0.17,Yes,No,5G,0,519,No,7
MRD-005025,No,62.15,24,1215.34,Plus,1,No,1.83,Yes,Yes,5G,1,794,No,4
MRD-005026,Yes,56.34,11,549.38,Plus,1,Yes,0.63,Yes,No,5G,1,608,No,9
MRD-005027,Yes,35.16,34,1012.41,Basic,1,No,0.99,Yes,Yes,5G,2,1228,No,6
MRD-005028,No,58.88,68,3467.42,Plus,1,No,6.71,No,Yes,4G,1,348,No,3
MRD-005029,No,60.03,43,3178.54,Plus,2,No,7.99,Yes,No,5G,4,123,No,10
MRD-005030,No,64.88,8,1125.25,Plus,5,Yes,3.01,No,No,5G,0,486,Yes,6
MRD-005031,No,56.37,40,1561.99,Plus,1,No,2.7,Yes,Yes,5G,1,164,No,6
MRD-005032,No,75.4,57,5283.21,Premium,2,No,1.56,No,Yes,5G,1,147,No,1
MRD-005033,No,84.6,68,6466.31,Premium,2,No,4.45,Yes,No,4G,1,120,No,4
MRD-005034,Yes,38.57,1,284.97,Basic,1,No,3.67,Yes,No,4G,3,1255,No,3
MRD-005035,Yes,66.72,41,4909.79,Plus,2,Yes,2.76,No,Yes,5G,5,967,No,3
MRD-005036,No,98.7,49,3831.05,Premium,1,Yes,1.8,Yes,No,4G,0,882,No,9
MRD-005037,No,87.5,89,13568.34,Premium,4,No,3.8,No,No,5G,0,1447,Yes,5
MRD-005038,No,76.29,75,3689.62,Plus,4,No,3.64,Yes,No,5G,1,1361,Yes,1
MRD-005039,No,59.85,54,3013.92,Plus,1,No,0.3,No,Yes,4G,2,1465,No,4
MRD-005040,No,90.33,37,4162.01,Premium,4,No,1.17,Yes,Yes,5G,1,265,Yes,9
MRD-005041,No,61.57,27,2132.9,Plus,1,No,5.38,Yes,Yes,5G,4,42,No,10
MRD-005042,No,39.22,46,1929.6,Basic,1,No,1.44,Yes,No,5G,1,1020,No,1
MRD-005043,No,25.65,17,469.26,Basic,3,No,0.88,No,No,4G,1,1261,Yes,8
MRD-005044,No,105.33,22,3491.37,Premium,3,No,1.15,No,No,4G,0,664,Yes,9
MRD-005045,No,33.24,28,975.05,Basic,4,No,5.23,Yes,Yes,5G,1,14,Yes,4
MRD-005046,No,36.29,88,5543.47,Basic,1,Yes,7.89,No,No,5G,1,312,No,10
MRD-005047,No,123.36,41,2496.84,Premium,2,Yes,0.75,No,Yes,4G,0,183,No,7
MRD-005048,No,93.97,95,8429.28,Premium,4,No,3.25,Yes,No,4G,3,451,Yes,6
MRD-005049,Yes,59.37,82,1730.7,Plus,4,No,3.68,No,Yes,5G,1,44,Yes,1
MRD-005050,No,49.63,70,8866.48,Plus,2,No,0.6,Yes,Yes,4G,0,81,No,10
MRD-005051,No,38.39,48,2366.94,Basic,1,Yes,5.88,Yes,No,4G,2,294,No,5
MRD-005052,No,38.12,46,3102.18,Basic,2,No,1.28,No,Yes,4G,3,475,No,5
MRD-005053,No,56.68,25,1214.46,Plus,4,No,0.69,No,No,5G,0,1474,Yes,5
MRD-005054,No,97.22,0,46.45,Premium,3,No,4.43,No,No,4G,4,1071,Yes,1
MRD-005055,No,34.44,30,1050.23,Basic,1,Yes,4.21,Yes,Yes,5G,2,169,No,9
MRD-005056,No,62.87,41,2602.87,Plus,2,No,0.97,Yes,Yes,5G,1,672,No,4
MRD-005057,Yes,35.02,58,1438.16,Basic,1,No,3.51,Yes,No,5G,1,386,No,6
MRD-005058,No,35.36,41,1472.43,Basic,5,No,1.91,No,No,5G,3,1482,Yes,4
MRD-005059,No,27.98,2,248.06,Basic,4,No,1.01,No,No,5G,1,929,Yes,8
MRD-005060,Yes,26.98,40,2257.13,Basic,1,No,6.07,Yes,Yes,5G,2,576,No,9
MRD-005061,No,35.53,86,2462.71,Basic,3,No,0.13,No,Yes,5G,2,1133,Yes,5
MRD-005062,Yes,37.36,32,913.28,Basic,2,No,3.58,Yes,Yes,4G,1,841,No,3
MRD-005063,No,72.62,42,4256.1,Plus,2,No,3.53,Yes,No,5G,2,668,No,9
MRD-005064,No,49.84,14,1381.04,Plus,1,No,3.46,Yes,No,4G,1,1077,No,5
MRD-005065,No,32.25,54,3116.53,Basic,1,No,2.72,Yes,No,4G,1,158,No,7
MRD-005066,No,53.2,30,3033.8,Plus,2,No,3.33,Yes,Yes,4G,1,1112,No,2
MRD-005067,No,115.05,7,927.44,Premium,5,No,1.19,Yes,Yes,5G,1,414,Yes,10
MRD-005068,No,118.0,12,1054.19,Premium,2,Yes,6.89,Yes,No,4G,1,618,No,4
MRD-005069,No,52.53,67,2664.67,Plus,1,No,8.89,Yes,Yes,5G,3,38,No,10
MRD-005070,No,36.6,74,2411.29,Basic,1,No,3.35,Yes,Yes,5G,1,843,No,1
MRD-005071,Yes,37.59,22,739.67,Basic,1,No,7.52,Yes,No,5G,2,1395,No,5
MRD-005072,No,32.2,96,4573.58,Basic,2,Yes,3.25,Yes,No,5G,0,1313,No,3
MRD-005073,No,90.69,75,4187.9,Premium,1,No,0.0,Yes,No,4G,2,287,No,3
MRD-005074,No,77.65,70,3992.2,Plus,5,No,1.12,Yes,Yes,5G,3,347,Yes,4
MRD-005075,No,71.45,46,2595.03,Plus,1,Yes,5.04,Yes,Yes,4G,1,464,No,5
MRD-005076,No,65.35,65,3429.21,Plus,1,No,1.19,Yes,Yes,4G,0,1174,No,2
MRD-005077,No,38.99,54,1619.53,Basic,4,No,10.01,Yes,No,4G,1,216,Yes,6
MRD-005078,No,60.37,62,1469.82,Plus,3,Yes,20.83,Yes,No,5G,2,32,Yes,5
MRD-005079,Yes,28.29,82,964.71,Basic,1,No,8.15,Yes,No,5G,3,1411,No,4
MRD-005080,No,65.01,74,5733.86,Plus,2,No,0.81,No,Yes,4G,1,120,No,7
MRD-005081,No,100.99,16,2026.06,Premium,3,No,0.42,Yes,Yes,4G,2,1012,Yes,1
MRD-005082,Yes,43.69,1,246.09,Basic,3,No,0.78,Yes,Yes,5G,1,151,Yes,2
MRD-005083,No,99.81,32,2323.08,Premium,2,No,0.47,Yes,Yes,5G,1,1431,No,10
MRD-005084,No,61.44,35,3366.09,Plus,2,No,2.61,No,Yes,4G,3,765,No,9
MRD-005085,No,51.1,54,1860.17,Plus,1,No,0.65,No,No,5G,0,1269,No,5
MRD-005086,No,56.41,25,1198.43,Plus,4,No,1.26,Yes,No,5G,2,90,Yes,7
MRD-005087,Yes,27.65,10,478.75,Basic,2,No,5.98,No,No,4G,0,1439,No,2
MRD-005088,No,32.8,11,760.01,Basic,1,No,0.09,No,No,4G,2,276,No,8
MRD-005089,No,52.11,20,866.53,Plus,1,Yes,4.26,No,Yes,5G,0,991,No,5
MRD-005090,Yes,27.03,60,2850.42,Basic,5,Yes,2.92,Yes,No,5G,4,834,Yes,1
MRD-005091,No,57.43,51,2420.6,Plus,1,Yes,2.45,No,No,5G,0,677,No,9
MRD-005092,No,44.74,20,422.3,Basic,1,Yes,1.62,Yes,Yes,5G,0,541,No,8
MRD-005093,No,36.14,67,3283.17,Basic,1,No,0.14,Yes,No,5G,0,278,No,2
MRD-005094,No,62.31,65,3667.98,Plus,3,No,3.87,No,No,5G,1,1140,Yes,8
MRD-005095,Yes,37.31,15,853.39,Basic,3,No,2.06,No,No,4G,0,279,Yes,1
MRD-005096,No,72.99,42,5139.36,Premium,2,Yes,3.27,Yes,Yes,5G,0,1298,No,5
MRD-005097,No,23.45,44,1188.56,Basic,2,No,6.32,Yes,No,5G,0,126,No,7
MRD-005098,No,89.58,22,1531.64,Premium,1,No,1.08,Yes,No,5G,2,1002,No,6
MRD-005099,No,54.72,83,2786.35,Plus,1,Yes,0.88,Yes,No,4G,2,1483,No,8
MRD-005100,No,64.1,70,3072.87,Plus,4,No,0.96,Yes,Yes,5G,1,1171,Yes,6
MRD-005101,Yes,53.65,5,90.16,Plus,2,No,7.06,Yes,No,4G,0,367,No,1
MRD-005102,No,61.29,13,512.72,Plus,2,Yes,1.26,Yes,No,5G,0,579,No,2
MRD-005103,No,103.61,27,2922.61,Premium,1,Yes,5.89,Yes,Yes,5G,3,1406,No,10
MRD-005104,No,113.36,0,54.42,Premium,1,No,1.99,Yes,No,5G,1,293,No,8
MRD-005105,Yes,99.33,0,0.0,Premium,3,No,4.4,No,No,5G,0,163,Yes,5
MRD-005106,Yes,27.16,72,1764.93,Basic,1,Yes,8.98,Yes,Yes,5G,1,335,No,1
MRD-005107,No,34.42,51,1714.54,Basic,3,No,2.27,Yes,No,5G,2,783,Yes,10
MRD-005108,Yes,29.54,0,0.0,Basic,1,No,4.45,Yes,No,5G,1,1275,No,3
MRD-005109,No,96.72,86,5053.91,Premium,1,No,2.21,No,No,5G,0,1293,No,4
MRD-005110,Yes,60.14,83,4822.19,Plus,4,No,4.89,No,No,5G,1,269,Yes,8
MRD-005111,No,55.33,55,3298.09,Plus,1,No,0.18,Yes,No,4G,1,427,No,5
MRD-005112,No,53.0,38,2505.53,Plus,1,No,3.64,No,No,5G,1,535,No,9
MRD-005113,No,95.07,58,4028.03,Premium,1,No,1.35,Yes,Yes,4G,2,40,No,1
MRD-005114,Yes,36.93,39,621.12,Basic,2,No,4.0,Yes,No,5G,2,964,No,1
MRD-005115,No,57.98,73,9191.59,Plus,1,Yes,1.73,No,Yes,5G,2,618,No,7
MRD-005116,No,65.72,69,3883.05,Plus,1,Yes,0.76,Yes,No,4G,5,259,No,7
MRD-005117,No,103.19,28,2933.0,Premium,3,Yes,15.56,Yes,No,5G,3,1338,Yes,5
MRD-005118,No,94.87,95,14430.44,Premium,2,No,8.18,No,Yes,5G,4,915,No,4
MRD-005119,No,116.52,78,22129.85,Premium,4,No,3.69,Yes,No,4G,4,201,Yes,6
MRD-005120,Yes,30.39,24,618.76,Basic,3,No,2.27,Yes,No,4G,1,628,Yes,4
MRD-005121,No,65.8,50,2933.25,Plus,2,No,5.8,No,No,5G,2,1249,No,3
MRD-005122,No,42.47,34,2230.45,Basic,4,No,0.64,Yes,Yes,5G,1,738,Yes,9
MRD-005123,No,44.42,18,477.56,Plus,2,No,1.28,Yes,No,5G,1,1469,No,6
MRD-005124,Yes,54.21,13,728.46,Plus,3,Yes,1.01,Yes,No,4G,3,1240,Yes,9
MRD-005125,No,34.52,21,1033.76,Basic,1,No,1.78,Yes,Yes,5G,2,29,No,3
MRD-005126,No,58.89,9,86.36,Plus,5,No,0.81,Yes,No,5G,2,255,Yes,2
MRD-005127,No,27.67,63,1382.03,Basic,1,Yes,3.75,No,No,5G,0,465,No,5
MRD-005128,No,65.0,93,7044.93,Plus,5,Yes,3.77,Yes,Yes,5G,0,957,Yes,6
MRD-005129,No,24.2,12,52.8,Basic,2,No,0.96,Yes,No,5G,3,174,No,10
MRD-005130,No,63.97,36,2342.12,Plus,3,No,1.64,Yes,Yes,5G,1,914,Yes,9
MRD-005131,Yes,37.12,1,42.41,Basic,1,No,3.5,Yes,No,5G,1,381,No,2
MRD-005132,No,98.68,12,2066.79,Premium,1,No,1.07,No,Yes,5G,1,498,No,6
MRD-005133,Yes,37.68,92,2895.08,Basic,3,Yes,0.28,No,Yes,5G,0,864,Yes,6
MRD-005134,No,50.1,54,1536.26,Plus,5,No,3.04,Yes,No,5G,0,862,Yes,1
MRD-005135,Yes,89.09,46,3531.91,Premium,1,No,0.02,Yes,Yes,5G,1,1214,No,6
MRD-005136,No,78.36,0,353.74,Premium,1,No,1.58,Yes,Yes,5G,2,1135,No,1
MRD-005137,No,65.15,55,4772.47,Plus,1,No,1.76,Yes,No,5G,2,446,No,9
MRD-005138,No,71.58,66,6936.07,Plus,2,No,4.78,Yes,No,5G,0,712,No,5
MRD-005139,No,101.15,48,2351.89,Premium,2,No,3.29,Yes,No,5G,1,577,No,4
MRD-005140,Yes,43.49,61,5865.44,Plus,1,No,3.86,Yes,Yes,4G,1,656,No,4
MRD-005141,No,69.39,80,3574.05,Plus,1,No,0.5,Yes,Yes,5G,1,869,No,1
MRD-005142,No,84.58,30,1132.65,Premium,1,No,0.23,Yes,Yes,5G,2,1314,No,1
MRD-005143,No,81.01,24,1096.39,Premium,1,No,0.1,Yes,No,4G,2,1135,No,10
MRD-005144,No,34.16,60,2615.95,Basic,1,No,3.16,No,No,5G,0,328,No,8
MRD-005145,Yes,53.98,82,3246.59,Plus,1,No,3.9,No,Yes,5G,0,594,No,4
MRD-005146,No,72.83,89,3117.3,Plus,4,No,7.07,Yes,Yes,5G,1,183,Yes,3
MRD-005147,No,34.75,85,2887.54,Basic,2,No,3.54,No,Yes,5G,0,1185,No,10
MRD-005148,Yes,47.38,47,3024.17,Plus,5,No,3.34,No,No,5G,0,181,Yes,2
MRD-005149,No,33.67,36,1554.72,Basic,3,No,0.73,No,Yes,4G,2,410,Yes,4
MRD-005150,No,54.03,38,1328.34,Plus,3,Yes,1.79,No,No,5G,2,412,Yes,8
MRD-005151,No,55.11,54,4822.29,Plus,1,No,1.04,Yes,Yes,5G,0,1048,No,6
MRD-005152,Yes,38.85,16,946.93,Basic,2,No,1.57,No,Yes,5G,2,1060,No,8
MRD-005153,Yes,34.85,76,2532.58,Basic,1,No,3.34,Yes,Yes,4G,0,126,No,5
MRD-005154,No,61.45,39,3354.63,Plus,1,No,3.81,Yes,No,5G,1,984,No,7
MRD-005155,No,100.71,74,3865.53,Premium,1,No,0.63,No,No,5G,0,770,No,9
MRD-005156,No,38.1,51,1692.14,Basic,2,No,1.06,No,No,5G,1,673,No,2
MRD-005157,No,42.38,73,4952.75,Basic,1,No,5.71,Yes,No,4G,3,106,No,4
MRD-005158,Yes,38.98,43,2448.07,Basic,1,No,6.48,No,No,4G,4,558,No,7
MRD-005159,Yes,34.31,13,653.42,Basic,1,Yes,5.5,Yes,No,4G,2,178,No,2
MRD-005160,No,67.27,42,2012.89,Plus,2,No,1.38,Yes,No,5G,2,454,No,6
MRD-005161,No,98.56,45,2742.14,Premium,2,No,6.85,Yes,No,5G,2,1007,No,2
MRD-005162,No,31.3,0,177.37,Basic,2,No,3.0,No,No,4G,1,1337,No,3
MRD-005163,No,59.14,51,1912.71,Plus,4,No,4.68,Yes,No,5G,2,803,Yes,7
MRD-005164,No,46.57,13,839.13,Plus,2,No,2.33,No,No,5G,1,3,No,10
MRD-005165,No,67.82,35,3461.43,Plus,5,No,4.28,Yes,No,5G,0,460,Yes,8
MRD-005166,No,65.0,67,4369.4,Premium,1,No,0.71,Yes,No,5G,3,568,No,3
MRD-005167,No,53.28,70,3235.42,Plus,2,No,0.55,No,No,5G,2,797,No,1
MRD-005168,No,63.77,89,5506.08,Plus,1,No,3.87,Yes,Yes,5G,1,1236,No,1
MRD-005169,No,41.05,49,1806.59,Basic,3,No,1.13,No,No,5G,0,1205,Yes,1
MRD-005170,No,80.98,50,5161.48,Premium,3,No,0.27,Yes,No,5G,1,869,Yes,1
MRD-005171,Yes,57.12,34,2650.34,Plus,4,No,5.95,Yes,No,5G,2,937,Yes,4
MRD-005172,No,54.22,48,2155.2,Plus,2,No,1.67,Yes,Yes,4G,2,1406,No,7
MRD-005173,No,52.36,38,2946.23,Plus,1,No,2.28,Yes,Yes,4G,0,10,No,1
MRD-005174,No,33.31,21,1814.37,Basic,2,Yes,1.55,Yes,Yes,4G,0,428,No,6
MRD-005175,No,81.78,86,8602.93,Premium,1,No,6.06,No,Yes,5G,0,1306,No,7
MRD-005176,No,64.54,19,1753.65,Plus,1,Yes,2.95,Yes,Yes,5G,4,816,No,4
MRD-005177,No,64.25,82,5293.98,Plus,1,No,18.77,Yes,Yes,5G,2,411,No,3
MRD-005178,No,33.34,15,680.93,Basic,3,Yes,4.05,Yes,No,5G,0,682,Yes,7
MRD-005179,No,60.12,71,6012.08,Plus,1,No,5.57,No,No,5G,1,549,No,6
MRD-005180,No,34.13,14,475.31,Basic,2,No,4.44,Yes,No,5G,1,1283,No,6
MRD-005181,No,102.21,7,777.91,Premium,1,Yes,1.34,Yes,No,4G,1,1457,No,6
MRD-005182,Yes,32.24,49,1276.42,Basic,5,No,7.71,Yes,No,4G,2,1275,Yes,8
MRD-005183,Yes,39.76,6,345.9,Basic,3,Yes,11.98,No,No,4G,2,716,Yes,5
MRD-005184,No,45.27,94,4747.94,Plus,2,Yes,4.66,Yes,No,5G,0,542,No,6
MRD-005185,No,81.69,94,12880.46,Premium,1,No,1.97,No,Yes,5G,1,392,No,2
MRD-005186,No,123.77,20,3552.0,Premium,2,No,2.09,Yes,No,4G,0,758,No,7
MRD-005187,No,48.46,96,5348.7,Plus,2,No,2.48,Yes,Yes,5G,0,1317,No,10
MRD-005188,No,62.75,27,1265.87,Plus,3,No,0.22,Yes,Yes,5G,0,1316,Yes,5
MRD-005189,No,64.43,48,3113.2,Plus,2,No,6.98,Yes,Yes,4G,3,939,No,2
MRD-005190,No,48.17,3,518.31,Plus,1,No,1.25,Yes,Yes,5G,2,534,No,2
MRD-005191,No,33.0,9,220.85,Basic,1,No,4.93,Yes,Yes,4G,1,809,No,7
MRD-005192,No,25.98,35,1075.92,Basic,2,No,0.53,Yes,Yes,5G,3,672,No,6
MRD-005193,No,72.73,96,4157.15,Plus,1,Yes,1.11,Yes,Yes,5G,1,1164,No,7
MRD-005194,Yes,32.94,63,2021.36,Basic,5,No,1.94,Yes,Yes,4G,0,1381,Yes,2
MRD-005195,No,34.87,56,2181.7,Basic,2,No,0.89,No,Yes,5G,1,885,No,3
MRD-005196,No,37.25,69,6101.42,Basic,4,Yes,3.76,Yes,Yes,5G,1,1308,Yes,9
MRD-005197,No,38.94,73,2361.89,Basic,4,No,4.74,No,No,4G,3,1452,Yes,10
MRD-005198,No,66.96,17,2232.39,Plus,5,No,0.91,Yes,Yes,5G,1,320,Yes,1
MRD-005199,No,61.06,11,425.93,Plus,4,No,0.69,Yes,No,4G,3,916,Yes,4
MRD-005200,No,36.04,65,2567.04,Basic,1,No,1.75,Yes,No,5G,1,411,No,2
MRD-005201,No,36.1,53,4711.0,Basic,4,Yes,2.38,No,Yes,5G,0,413,Yes,5
MRD-005202,Yes,30.19,67,2031.71,Basic,1,No,4.97,Yes,Yes,5G,4,1258,No,3
MRD-005203,No,52.74,16,1596.69,Plus,1,No,5.24,Yes,Yes,5G,2,743,No,7
MRD-005204,No,80.74,89,8660.42,Premium,2,No,1.76,Yes,No,5G,2,865,No,2
MRD-005205,No,33.61,18,485.94,Basic,1,No,4.71,Yes,No,5G,1,731,No,8
MRD-005206,Yes,73.17,5,456.93,Plus,1,No,4.36,Yes,Yes,4G,3,1023,No,5
MRD-005207,No,66.77,59,6834.08,Plus,1,No,2.41,Yes,Yes,5G,4,408,No,7
MRD-005208,No,112.96,5,553.65,Premium,4,No,1.93,Yes,No,5G,2,1238,Yes,1
MRD-005209,Yes,54.76,13,723.35,Plus,3,No,1.07,Yes,No,5G,4,1295,Yes,3
MRD-005210,Yes,64.55,79,2110.76,Plus,2,No,4.91,No,No,5G,3,777,No,1
MRD-005211,Yes,68.39,68,3241.46,Plus,2,No,3.97,Yes,Yes,5G,2,407,No,1
MRD-005212,No,42.67,0,98.17,Basic,5,No,0.81,Yes,Yes,4G,1,533,Yes,8
MRD-005213,No,52.58,87,7369.54,Plus,4,No,0.99,Yes,No,5G,2,880,Yes,6
MRD-005214,No,41.06,13,939.18,Basic,2,No,3.06,Yes,No,5G,1,238,No,10
MRD-005215,No,66.39,14,1142.74,Plus,3,No,6.22,Yes,Yes,4G,1,992,Yes,5
MRD-005216,Yes,56.71,0,165.85,Plus,2,No,2.18,No,Yes,4G,3,999,No,6
MRD-005217,Yes,25.87,61,2573.1,Basic,4,No,2.38,Yes,No,5G,3,493,Yes,8
MRD-005218,No,67.78,23,2392.16,Plus,1,No,1.1,No,Yes,4G,2,758,No,5
MRD-005219,No,26.77,91,2286.87,Basic,3,No,2.86,Yes,No,4G,1,628,Yes,5
MRD-005220,No,54.65,85,5480.49,Plus,1,No,6.25,Yes,Yes,5G,0,729,No,8
MRD-005221,No,55.43,60,3201.35,Plus,4,No,0.97,No,Yes,4G,0,377,Yes,5
MRD-005222,No,78.33,22,1139.83,Premium,3,No,0.67,Yes,No,5G,1,542,Yes,6
MRD-005223,No,85.15,43,1570.9,Premium,4,Yes,1.13,Yes,No,5G,0,297,Yes,9
MRD-005224,No,52.76,64,2900.74,Plus,2,No,4.63,Yes,Yes,5G,1,557,No,4
MRD-005225,No,113.05,90,10460.7,Premium,2,No,7.81,Yes,Yes,4G,2,632,No,7
MRD-005226,No,29.61,21,582.0,Basic,1,No,0.12,Yes,No,4G,1,702,No,1
MRD-005227,No,67.26,70,5302.59,Plus,1,No,1.19,Yes,Yes,5G,1,1258,No,5
MRD-005228,No,42.63,3,213.98,Plus,1,No,4.81,Yes,Yes,4G,0,829,No,5
MRD-005229,No,76.09,3,646.52,Premium,1,No,8.46,Yes,Yes,5G,3,369,No,3
MRD-005230,No,59.46,55,1805.55,Plus,5,No,5.46,Yes,Yes,5G,2,848,Yes,1
MRD-005231,No,53.94,54,3724.39,Plus,2,No,3.04,No,No,5G,2,1406,No,8
MRD-005232,No,84.44,68,5809.44,Premium,5,No,2.55,Yes,Yes,5G,1,1362,Yes,1
MRD-005233,No,37.4,54,1801.51,Basic,2,No,0.53,No,Yes,4G,3,1470,No,2
MRD-005234,Yes,32.29,56,1545.35,Basic,2,No,0.77,No,No,4G,0,975,No,6
MRD-005235,Yes,32.13,47,1790.13,Basic,2,No,11.4,Yes,No,5G,1,894,No,10
MRD-005236,Yes,40.74,84,2508.65,Basic,2,No,5.13,Yes,Yes,4G,3,1313,No,1
MRD-005237,No,47.03,4,96.19,Plus,2,No,3.53,No,No,5G,1,360,No,1
MRD-005238,No,68.09,94,5681.27,Plus,2,No,4.89,Yes,No,5G,0,968,No,7
MRD-005239,Yes,39.62,83,3321.05,Basic,1,No,3.21,No,Yes,5G,2,991,No,1
MRD-005240,No,64.6,28,1646.81,Plus,3,No,0.23,No,No,5G,1,463,Yes,4
MRD-005241,No,54.94,87,11136.24,Plus,3,No,1.45,Yes,No,4G,0,1350,Yes,3
MRD-005242,Yes,99.86,84,6631.78,Premium,1,No,3.86,No,No,4G,3,10,No,2
MRD-005243,Yes,100.62,55,4978.04,Premium,2,No,1.97,Yes,No,5G,0,676,No,5
MRD-005244,No,66.34,77,4735.63,Plus,1,No,3.44,Yes,No,5G,1,1248,No,6
MRD-005245,No,82.07,65,4965.83,Premium,4,No,0.43,No,No,5G,0,537,Yes,7
MRD-005246,No,90.44,67,15906.04,Premium,1,No,2.17,Yes,Yes,4G,1,1171,No,8
MRD-005247,No,43.99,34,732.09,Basic,3,No,7.14,No,No,5G,2,900,Yes,10
MRD-005248,No,96.07,48,4363.33,Premium,3,No,1.05,No,No,5G,0,484,Yes,8
MRD-005249,Yes,57.33,38,1199.62,Plus,1,No,1.13,No,No,5G,0,703,No,5
MRD-005250,No,61.02,84,5477.16,Plus,3,No,1.03,No,No,5G,2,761,Yes,1
MRD-005251,No,35.14,75,3106.69,Basic,5,No,4.04,Yes,Yes,5G,3,242,Yes,5
MRD-005252,Yes,60.09,55,4453.0,Plus,3,No,9.84,Yes,Yes,5G,0,136,Yes,3
MRD-005253,No,58.3,70,3676.27,Plus,1,No,3.98,Yes,No,5G,2,1058,No,4
MRD-005254,No,46.58,50,8110.38,Plus,1,No,0.45,No,Yes,5G,3,268,No,9
MRD-005255,No,93.0,54,2482.55,Premium,4,No,3.95,Yes,No,5G,1,29,Yes,4
MRD-005256,No,62.84,18,1300.11,Plus,4,No,0.36,Yes,No,5G,1,230,Yes,8
MRD-005257,No,64.43,42,3718.31,Plus,1,Yes,16.02,No,No,5G,0,1108,No,6
MRD-005258,No,97.36,45,6975.98,Premium,4,Yes,10.0,No,No,5G,2,997,Yes,5
MRD-005259,No,126.16,90,13399.59,Premium,1,No,3.03,No,Yes,5G,2,821,No,9
MRD-005260,Yes,40.24,58,2644.72,Basic,1,Yes,3.17,Yes,Yes,5G,2,595,No,3
MRD-005261,No,31.79,82,1292.77,Basic,3,No,10.75,Yes,No,5G,0,1141,Yes,10
MRD-005262,No,46.91,88,3227.09,Plus,3,No,6.53,Yes,Yes,5G,3,315,Yes,4
MRD-005263,No,94.73,6,435.09,Premium,4,No,0.62,Yes,No,5G,1,1427,Yes,6
MRD-005264,No,105.4,92,22049.74,Premium,2,No,0.47,Yes,Yes,5G,0,810,No,5
MRD-005265,Yes,32.32,60,4735.28,Basic,3,No,0.99,No,Yes,5G,5,94,Yes,9
MRD-005266,No,57.41,89,6890.32,Plus,4,No,7.05,Yes,Yes,5G,0,475,Yes,4
MRD-005267,No,34.1,57,2951.14,Basic,3,No,4.93,Yes,No,4G,1,894,Yes,8
MRD-005268,Yes,48.7,92,6041.86,Basic,2,No,5.55,Yes,No,5G,4,211,No,6
MRD-005269,No,34.01,36,1789.46,Basic,1,No,4.02,Yes,No,5G,1,733,No,6
MRD-005270,No,30.52,75,2133.0,Basic,1,No,0.87,Yes,No,5G,1,1114,No,4
MRD-005271,No,27.82,20,758.23,Basic,2,No,3.23,Yes,Yes,5G,2,443,No,3
MRD-005272,No,33.26,16,255.13,Basic,1,No,1.26,Yes,No,5G,0,211,No,2
MRD-005273,No,39.3,85,2626.22,Basic,2,Yes,2.48,Yes,Yes,5G,1,541,No,4
MRD-005274,Yes,39.28,6,740.82,Basic,1,Yes,17.0,Yes,Yes,5G,2,237,No,1
MRD-005275,No,68.21,4,579.69,Plus,1,Yes,2.37,No,Yes,5G,1,93,No,10
MRD-005276,Yes,24.92,6,510.22,Basic,5,No,6.99,Yes,No,5G,2,47,Yes,6
MRD-005277,No,111.76,96,24132.4,Premium,3,Yes,1.86,Yes,No,5G,1,379,Yes,7
MRD-005278,No,72.08,59,4798.6,Plus,1,No,3.53,Yes,No,5G,1,789,No,5
MRD-005279,Yes,51.91,53,2835.28,Plus,1,No,2.9,Yes,Yes,5G,2,213,No,8
MRD-005280,No,89.95,10,1233.01,Premium,4,No,3.75,No,No,4G,2,848,Yes,4
MRD-005281,No,79.81,11,596.03,Premium,1,Yes,6.57,No,No,5G,2,1148,No,7
MRD-005282,No,31.58,76,1704.65,Basic,5,No,5.31,Yes,No,4G,3,1473,Yes,10
MRD-005283,No,102.94,41,5181.4,Premium,4,No,0.03,No,No,4G,1,802,Yes,2
MRD-005284,No,34.69,21,375.88,Basic,3,No,2.28,Yes,No,4G,2,1173,Yes,3
MRD-005285,No,65.23,62,3137.18,Plus,4,Yes,0.68,Yes,No,5G,0,303,Yes,9
MRD-005286,No,73.46,40,4684.06,Plus,1,Yes,4.85,Yes,No,5G,0,675,No,10
MRD-005287,No,28.56,81,2525.29,Basic,4,No,17.89,No,Yes,4G,0,1115,Yes,6
MRD-005288,No,61.16,24,2468.65,Plus,2,No,7.95,Yes,No,4G,3,1423,No,10
MRD-005289,Yes,37.54,24,1395.72,Basic,2,No,3.04,No,No,5G,1,279,No,2
MRD-005290,Yes,60.6,53,2193.18,Plus,1,No,8.06,No,No,5G,1,183,No,5
MRD-005291,No,105.28,83,11329.52,Premium,1,No,3.54,Yes,No,5G,0,607,No,5
MRD-005292,Yes,33.74,80,4995.88,Basic,2,No,7.5,No,No,4G,3,497,No,8
MRD-005293,No,56.26,95,3111.78,Plus,2,No,1.59,No,Yes,4G,1,514,No,6
MRD-005294,No,66.65,87,4621.43,Plus,2,Yes,10.73,Yes,Yes,5G,1,695,No,7
MRD-005295,No,88.07,90,7125.39,Premium,4,No,6.93,Yes,Yes,5G,1,177,Yes,6
MRD-005296,No,57.92,52,2217.96,Plus,1,No,1.82,Yes,No,4G,0,805,No,3
MRD-005297,No,110.14,5,1063.63,Premium,2,Yes,8.5,Yes,Yes,5G,2,1165,No,3
MRD-005298,No,57.71,68,2763.29,Plus,1,No,3.08,Yes,No,5G,2,301,No,4
MRD-005299,No,60.14,78,5284.78,Plus,2,No,2.52,Yes,No,5G,1,1048,No,5
MRD-005300,No,40.46,6,397.32,Basic,3,No,4.17,Yes,Yes,4G,1,1426,Yes,5
MRD-005301,No,38.08,95,3813.73,Basic,1,No,5.19,Yes,No,5G,3,352,No,10
MRD-005302,No,104.1,36,2321.81,Premium,2,No,2.22,Yes,Yes,5G,2,1102,No,9
MRD-005303,No,30.69,55,2524.74,Basic,1,No,3.35,Yes,Yes,5G,2,30,No,2
MRD-005304,No,40.53,91,1442.89,Basic,3,No,7.06,No,No,4G,0,576,Yes,2
MRD-005305,Yes,29.7,59,1654.31,Basic,2,No,3.1,No,No,4G,1,1062,No,7
MRD-005306,Yes,60.29,83,2623.34,Plus,2,No,0.12,Yes,No,5G,0,193,No,5
MRD-005307,No,62.96,58,2032.44,Plus,4,No,5.42,No,No,5G,3,389,Yes,2
MRD-005308,No,117.42,58,4753.72,Premium,2,No,3.54,Yes,No,4G,0,482,No,5
MRD-005309,No,59.76,77,5053.72,Plus,1,No,1.62,Yes,Yes,5G,0,205,No,8
MRD-005310,Yes,56.39,47,1779.1,Plus,2,No,1.57,Yes,No,4G,1,251,No,7
MRD-005311,No,95.24,7,976.04,Premium,2,No,0.09,No,No,4G,0,1017,No,8
MRD-005312,No,94.5,34,3549.48,Premium,2,No,16.35,Yes,Yes,5G,2,261,No,4
MRD-005313,No,37.79,96,7336.79,Basic,5,No,1.51,No,Yes,5G,1,659,Yes,6
MRD-005314,No,38.04,48,1299.93,Basic,5,No,0.07,Yes,No,5G,3,854,Yes,4
MRD-005315,No,30.22,29,1668.71,Basic,2,No,8.25,Yes,No,5G,4,546,No,2
MRD-005316,No,34.81,44,1757.99,Basic,1,No,1.37,Yes,Yes,5G,0,1000,No,7
MRD-005317,No,90.08,83,6187.42,Premium,4,No,0.72,Yes,Yes,5G,4,1373,Yes,8
MRD-005318,Yes,36.59,71,5678.23,Basic,1,No,4.64,No,No,5G,0,1287,No,10
MRD-005319,No,48.81,78,5953.87,Plus,2,No,2.92,Yes,No,4G,2,512,No,4
MRD-005320,No,32.15,29,857.81,Basic,4,No,3.58,No,No,5G,1,666,Yes,3
MRD-005321,No,57.65,12,1615.6,Plus,2,No,2.86,Yes,No,4G,3,298,No,10
MRD-005322,No,42.0,28,1550.93,Plus,1,No,1.6,Yes,No,4G,7,853,No,10
MRD-005323,No,45.42,63,4166.27,Plus,1,No,2.54,Yes,No,5G,3,241,No,2
MRD-005324,No,40.64,48,3555.81,Basic,1,No,2.23,Yes,Yes,4G,1,274,No,10
MRD-005325,No,53.55,51,1498.66,Plus,4,No,2.69,No,Yes,5G,2,460,Yes,4
MRD-005326,Yes,36.7,91,3508.79,Basic,2,No,6.65,No,Yes,5G,1,27,No,10
MRD-005327,Yes,26.42,19,842.48,Basic,4,Yes,0.03,Yes,Yes,5G,1,722,Yes,3
MRD-005328,No,104.05,69,10448.54,Premium,2,No,5.47,Yes,No,5G,1,1475,No,1
MRD-005329,No,30.62,4,416.1,Basic,2,No,4.94,No,Yes,4G,3,880,No,5
MRD-005330,Yes,59.28,83,2340.86,Plus,3,No,2.15,No,Yes,4G,2,101,Yes,2
MRD-005331,No,83.33,38,4186.9,Premium,2,No,3.43,No,Yes,5G,3,1101,No,1
MRD-005332,No,59.51,2,384.28,Plus,5,No,1.7,Yes,Yes,4G,1,573,Yes,2
MRD-005333,No,25.7,85,3719.52,Basic,5,No,6.36,No,No,5G,3,422,Yes,3
MRD-005334,Yes,38.59,69,2504.78,Basic,2,No,4.25,Yes,Yes,4G,1,240,No,4
MRD-005335,No,126.93,16,1215.95,Premium,4,No,0.4,No,No,4G,0,1356,Yes,8
MRD-005336,No,28.1,0,0.0,Basic,1,No,4.46,No,No,5G,0,1161,No,7
MRD-005337,No,42.0,7,198.79,Plus,1,Yes,0.28,Yes,Yes,4G,1,749,No,6
MRD-005338,No,50.8,35,1907.3,Plus,4,No,0.68,Yes,No,5G,0,1420,Yes,2
MRD-005339,No,101.31,21,2089.94,Premium,2,No,3.58,No,No,5G,1,488,No,4
MRD-005340,No,74.07,2,571.98,Plus,1,Yes,2.51,No,No,5G,1,124,No,4
MRD-005341,No,55.41,9,959.04,Plus,2,No,6.38,Yes,No,5G,0,656,No,8
MRD-005342,Yes,40.15,12,228.44,Basic,1,No,0.84,No,No,5G,1,23,No,7
MRD-005343,No,31.11,6,10.75,Basic,2,No,0.48,Yes,No,5G,1,394,No,2
MRD-005344,No,126.53,62,15988.27,Premium,2,No,1.45,Yes,No,4G,3,762,No,1
MRD-005345,Yes,33.15,44,2742.93,Basic,2,No,2.27,Yes,Yes,5G,2,416,No,9
MRD-005346,No,65.99,22,1532.63,Plus,1,No,4.14,Yes,Yes,4G,2,164,No,4
MRD-005347,No,110.5,38,2831.36,Premium,1,No,1.31,Yes,No,5G,4,333,No,9
MRD-005348,Yes,62.39,89,6793.46,Plus,5,No,3.09,Yes,No,4G,1,328,Yes,2
MRD-005349,No,53.07,87,2273.03,Plus,1,No,4.44,Yes,No,5G,1,1255,No,6
MRD-005350,Yes,52.86,42,2172.72,Plus,1,No,1.98,Yes,No,5G,0,1351,No,9
MRD-005351,No,68.03,78,5068.15,Plus,3,No,4.93,Yes,No,4G,1,473,Yes,7
MRD-005352,No,96.13,84,6465.23,Premium,3,No,0.63,Yes,Yes,5G,0,1396,Yes,3
MRD-005353,No,36.3,13,607.45,Basic,2,Yes,1.72,Yes,No,4G,1,389,No,7
MRD-005354,No,102.96,53,9254.04,Premium,2,Yes,6.4,Yes,Yes,5G,1,1499,No,10
MRD-005355,No,38.69,83,1803.78,Basic,1,No,1.01,No,Yes,5G,2,694,No,7
MRD-005356,No,31.43,42,1788.03,Basic,1,No,1.28,No,No,5G,0,309,No,4
MRD-005357,Yes,43.84,56,2211.95,Basic,2,Yes,7.77,Yes,No,5G,1,1354,No,8
MRD-005358,No,79.45,94,6076.17,Plus,1,No,10.11,No,No,5G,4,843,No,5
MRD-005359,No,98.1,34,4001.26,Premium,4,No,0.32,Yes,No,5G,1,436,Yes,5
MRD-005360,No,66.73,79,8106.17,Plus,1,No,0.72,No,No,5G,2,907,No,8
MRD-005361,No,61.22,83,4399.27,Plus,2,No,0.28,No,No,4G,1,1291,No,2
MRD-005362,No,63.24,44,3528.99,Plus,5,No,13.53,Yes,No,5G,2,847,Yes,9
MRD-005363,Yes,24.29,71,626.79,Basic,4,No,2.17,Yes,No,5G,1,1122,Yes,6
MRD-005364,No,42.24,5,90.26,Basic,1,No,0.1,Yes,No,4G,0,1061,No,8
MRD-005365,No,54.65,66,5677.84,Plus,2,Yes,4.41,Yes,Yes,5G,2,1442,No,1
MRD-005366,No,53.04,59,1719.36,Plus,2,No,0.2,No,No,5G,0,56,No,8
MRD-005367,No,86.59,85,8112.66,Premium,1,Yes,1.91,No,Yes,5G,3,283,No,7
MRD-005368,No,42.85,89,6076.05,Basic,4,Yes,2.47,Yes,No,5G,3,1372,Yes,10
MRD-005369,No,49.51,41,2782.95,Plus,4,No,1.36,Yes,Yes,4G,0,79,Yes,8
MRD-005370,No,65.4,89,4230.26,Plus,1,No,2.32,No,No,5G,3,1094,No,7
MRD-005371,No,65.02,76,4035.88,Plus,5,No,3.66,No,No,5G,0,1243,Yes,8
MRD-005372,No,60.23,7,752.53,Plus,4,No,5.67,Yes,No,5G,1,227,Yes,5
MRD-005373,No,33.67,18,291.41,Basic,5,Yes,0.52,Yes,No,5G,0,866,Yes,7
MRD-005374,No,93.94,84,1991.29,Premium,1,No,2.89,Yes,Yes,5G,1,680,No,4
MRD-005375,Yes,38.21,7,465.05,Basic,3,No,2.91,Yes,No,5G,1,738,Yes,5
MRD-005376,No,69.63,51,10029.32,Plus,3,No,5.28,Yes,No,4G,2,163,Yes,2
MRD-005377,No,70.77,32,2739.56,Plus,1,Yes,0.92,Yes,No,4G,2,66,No,10
MRD-005378,No,94.2,63,7543.77,Premium,4,No,0.12,No,Yes,4G,2,451,Yes,10
MRD-005379,No,27.3,24,505.63,Basic,2,No,1.48,No,No,5G,0,100,No,8
MRD-005380,No,34.59,11,607.14,Basic,2,No,4.96,No,No,5G,2,578,No,4
MRD-005381,No,101.71,11,1935.07,Premium,1,No,2.76,No,Yes,4G,1,1448,No,4
MRD-005382,No,27.79,50,1496.21,Basic,1,No,2.34,No,Yes,5G,2,74,No,2
MRD-005383,Yes,33.63,56,3431.98,Basic,2,Yes,2.58,Yes,Yes,4G,0,167,No,4
MRD-005384,No,65.46,50,4378.69,Plus,4,No,9.24,Yes,No,5G,2,1436,Yes,9
MRD-005385,No,51.92,96,5617.45,Plus,3,Yes,2.71,Yes,Yes,4G,5,1360,Yes,10
MRD-005386,No,75.9,29,1984.45,Premium,1,No,4.94,Yes,Yes,4G,2,1411,No,2
MRD-005387,No,55.07,65,5021.42,Plus,1,Yes,4.5,Yes,Yes,4G,2,68,No,10
MRD-005388,No,63.57,68,5134.59,Plus,3,No,1.1,No,Yes,4G,0,607,Yes,6
MRD-005389,No,80.53,67,5145.01,Premium,1,Yes,0.51,Yes,No,5G,3,280,No,2
MRD-005390,No,67.52,23,545.09,Plus,4,No,14.87,No,No,5G,0,1146,Yes,4
MRD-005391,No,62.69,79,6416.72,Plus,2,No,0.54,Yes,No,5G,1,416,No,7
MRD-005392,No,62.1,94,15075.69,Plus,1,No,9.03,No,Yes,4G,0,28,No,9
MRD-005393,No,95.26,77,9144.97,Premium,5,No,2.69,Yes,No,4G,1,341,Yes,4
MRD-005394,Yes,36.03,61,3852.05,Basic,4,No,2.13,Yes,Yes,4G,0,1045,Yes,5
MRD-005395,Yes,40.61,50,2876.34,Basic,3,No,1.09,No,No,4G,2,358,Yes,10
MRD-005396,No,39.45,31,1433.18,Basic,2,Yes,7.2,No,No,5G,1,1385,No,2
MRD-005397,No,90.83,83,9289.21,Premium,2,No,3.86,Yes,Yes,4G,1,279,No,4
MRD-005398,No,48.81,21,1437.03,Basic,1,Yes,4.55,Yes,No,5G,0,494,No,8
MRD-005399,No,87.14,48,5502.96,Premium,1,No,2.3,No,No,5G,3,1066,No,8
MRD-005400,No,62.98,51,3762.88,Plus,2,No,5.35,No,Yes,4G,1,171,No,5
MRD-005401,No,37.42,17,667.71,Basic,4,No,4.2,No,Yes,5G,1,388,Yes,8
MRD-005402,No,59.57,79,6312.98,Plus,2,No,3.87,No,Yes,5G,1,916,No,2
MRD-005403,Yes,58.06,9,395.53,Plus,2,No,5.56,No,No,5G,2,1349,No,4
MRD-005404,No,54.25,82,5659.59,Plus,2,No,0.74,No,Yes,5G,0,1103,No,6
MRD-005405,No,81.04,69,5748.2,Plus,2,No,3.61,Yes,Yes,5G,0,438,No,3
MRD-005406,No,69.41,6,1120.97,Plus,2,No,3.44,Yes,Yes,5G,3,1391,No,7
MRD-005407,No,108.06,94,8532.44,Premium,5,Yes,3.8,Yes,Yes,5G,4,1341,Yes,3
MRD-005408,No,101.39,54,2719.86,Premium,1,No,5.2,Yes,No,5G,1,72,No,9
MRD-005409,No,56.88,72,5807.19,Plus,3,Yes,2.86,Yes,Yes,4G,2,47,Yes,2
MRD-005410,Yes,32.82,77,1910.29,Basic,3,No,1.87,Yes,Yes,5G,1,1377,Yes,6
MRD-005411,Yes,32.33,52,1247.66,Basic,1,No,1.17,Yes,Yes,4G,3,127,No,2
MRD-005412,No,43.71,39,2544.98,Basic,1,No,3.69,Yes,No,5G,1,1254,No,8
MRD-005413,No,41.71,58,2272.04,Basic,3,No,4.27,Yes,Yes,5G,2,633,Yes,10
MRD-005414,No,61.34,87,12260.25,Plus,3,No,1.3,Yes,No,5G,3,894,Yes,8
MRD-005415,No,88.74,75,11272.97,Premium,1,No,15.56,Yes,No,5G,2,1463,No,1
MRD-005416,Yes,44.8,52,2639.55,Basic,1,No,0.97,Yes,No,4G,2,63,No,3
MRD-005417,No,57.89,11,603.31,Plus,2,Yes,1.98,Yes,No,4G,3,444,No,9
MRD-005418,No,84.04,25,4393.96,Premium,1,No,3.55,No,No,4G,2,129,No,10
MRD-005419,No,38.3,71,2789.94,Basic,2,No,5.72,No,Yes,5G,1,314,No,3
MRD-005420,No,101.93,28,5968.13,Premium,1,Yes,5.86,No,No,5G,3,32,No,3
MRD-005421,No,91.88,80,13562.64,Premium,3,No,6.24,Yes,No,5G,3,1071,Yes,7
MRD-005422,No,79.99,41,10504.12,Premium,1,No,6.02,Yes,No,5G,1,1012,No,8
MRD-005423,No,82.91,35,5409.08,Premium,1,No,5.76,No,No,5G,0,1432,No,9
MRD-005424,No,53.29,66,2964.44,Plus,2,Yes,4.46,Yes,Yes,5G,1,887,No,10
MRD-005425,Yes,37.44,53,2751.55,Basic,4,No,0.26,No,Yes,4G,2,409,Yes,4
MRD-005426,No,32.3,58,3593.01,Basic,3,Yes,0.78,Yes,No,5G,2,758,Yes,6
MRD-005427,No,93.34,62,5308.95,Premium,2,No,3.73,Yes,Yes,4G,2,1266,No,4
MRD-005428,No,117.51,37,7294.4,Premium,2,No,10.23,Yes,Yes,5G,2,1338,No,6
MRD-005429,No,109.41,6,928.39,Premium,4,No,6.94,No,No,5G,4,299,Yes,1
MRD-005430,Yes,101.96,23,2242.69,Premium,3,No,2.13,No,No,5G,2,124,Yes,3
MRD-005431,Yes,47.89,0,53.72,Plus,2,No,2.5,Yes,No,4G,1,752,No,5
MRD-005432,Yes,36.18,41,1175.62,Basic,3,No,3.65,No,No,5G,0,126,Yes,2
MRD-005433,No,53.95,38,1735.34,Plus,3,No,2.72,Yes,Yes,5G,0,149,Yes,5
MRD-005434,Yes,35.19,4,268.16,Basic,2,No,1.35,No,Yes,4G,2,91,No,6
MRD-005435,No,102.45,27,2023.07,Premium,3,No,2.47,Yes,Yes,5G,1,1232,Yes,7
MRD-005436,No,115.61,72,5440.58,Premium,3,No,9.93,No,Yes,5G,1,404,Yes,8
MRD-005437,Yes,40.6,41,2711.08,Basic,4,No,2.61,No,No,4G,2,1282,Yes,4
MRD-005438,No,116.71,59,2812.21,Premium,1,No,0.22,Yes,Yes,5G,1,1071,No,4
MRD-005439,No,36.42,50,2128.82,Basic,3,No,9.35,No,No,5G,0,998,Yes,10
MRD-005440,No,63.14,87,11523.65,Plus,3,Yes,4.96,No,No,5G,0,152,Yes,3
MRD-005441,No,70.94,46,3550.25,Plus,1,No,5.29,Yes,Yes,5G,0,804,No,7
MRD-005442,No,59.13,58,4286.83,Plus,2,No,1.99,No,No,4G,1,487,No,8
MRD-005443,No,84.24,16,2989.8,Premium,1,Yes,5.15,Yes,No,5G,1,131,No,6
MRD-005444,No,50.48,47,3213.06,Plus,2,No,0.53,Yes,No,5G,1,1427,No,6
MRD-005445,No,42.0,16,188.49,Plus,1,No,4.9,No,Yes,5G,2,151,No,2
MRD-005446,Yes,102.6,52,7874.53,Premium,3,No,1.13,Yes,No,4G,3,1287,Yes,3
MRD-005447,No,91.17,53,7739.63,Premium,4,No,2.41,Yes,No,4G,1,1234,Yes,8
MRD-005448,No,54.37,33,2719.91,Plus,1,No,3.78,Yes,Yes,4G,2,212,No,3
MRD-005449,Yes,32.91,55,3085.21,Basic,2,No,6.65,No,No,4G,0,106,No,7
MRD-005450,Yes,53.67,86,9054.38,Plus,2,No,6.05,No,No,4G,2,877,No,7
MRD-005451,Yes,31.46,17,1154.88,Basic,2,No,1.07,Yes,Yes,5G,3,884,No,2
MRD-005452,Yes,29.47,16,457.77,Basic,3,No,5.03,Yes,No,4G,2,1428,Yes,10
MRD-005453,No,55.38,75,3571.7,Plus,4,No,0.26,No,Yes,5G,3,16,Yes,4
MRD-005454,No,89.25,37,1982.56,Premium,1,Yes,2.68,No,Yes,5G,2,980,No,5
MRD-005455,No,89.89,0,226.63,Premium,2,No,2.5,No,Yes,5G,3,1289,No,7
MRD-005456,No,68.49,70,7828.88,Plus,3,No,3.76,No,No,4G,1,1122,Yes,5
MRD-005457,No,67.16,6,669.69,Plus,2,No,5.78,Yes,Yes,4G,0,1479,No,2
MRD-005458,Yes,33.33,73,2708.21,Basic,1,Yes,4.02,Yes,Yes,4G,0,431,No,9
MRD-005459,No,93.57,14,2003.89,Premium,2,No,12.95,No,No,4G,2,1356,No,5
MRD-005460,Yes,37.15,68,3623.83,Basic,3,No,1.11,No,No,4G,0,1060,Yes,5
MRD-005461,No,111.35,32,3948.75,Premium,2,No,5.7,Yes,No,4G,1,150,No,5
MRD-005462,No,28.09,9,273.11,Basic,3,No,2.07,Yes,No,4G,1,57,Yes,5
MRD-005463,No,61.97,40,2834.5,Plus,3,No,2.31,Yes,Yes,4G,2,930,Yes,4
MRD-005464,Yes,37.24,68,1658.25,Basic,2,No,12.45,Yes,No,4G,1,453,No,2
MRD-005465,No,68.47,5,350.01,Plus,1,No,0.1,No,Yes,4G,2,259,No,8
MRD-005466,No,31.95,64,1526.43,Basic,1,No,5.44,No,No,5G,1,912,No,8
MRD-005467,Yes,26.43,47,1357.18,Basic,2,No,12.0,Yes,No,5G,1,479,No,2
MRD-005468,No,62.37,74,4144.77,Plus,4,No,1.2,Yes,No,5G,2,794,Yes,10
MRD-005469,Yes,60.25,39,4682.65,Plus,2,No,2.5,Yes,Yes,4G,2,1471,No,3
MRD-005470,No,40.05,55,2848.28,Basic,2,No,6.81,No,No,5G,0,1380,No,4
MRD-005471,No,78.72,48,3889.2,Premium,4,No,4.96,Yes,Yes,5G,1,371,Yes,6
MRD-005472,No,57.75,79,6380.94,Plus,2,Yes,0.3,Yes,Yes,5G,0,751,No,4
MRD-005473,No,110.79,71,14578.42,Premium,2,No,0.54,Yes,No,5G,1,297,No,8
MRD-005474,No,100.24,1,574.36,Premium,2,No,0.73,Yes,Yes,5G,1,1096,No,3
MRD-005475,No,65.78,87,6272.7,Premium,1,Yes,11.43,Yes,Yes,4G,1,761,No,6
MRD-005476,No,83.3,82,3340.76,Premium,1,No,8.77,No,Yes,5G,2,786,No,3
MRD-005477,No,95.34,60,4613.23,Premium,1,No,0.97,Yes,Yes,5G,2,521,No,9
MRD-005478,No,105.73,87,9540.18,Premium,4,No,1.26,Yes,No,4G,4,9,Yes,8
MRD-005479,Yes,35.37,81,2107.22,Basic,2,No,2.16,No,Yes,4G,3,38,No,1
MRD-005480,No,67.61,18,2718.02,Plus,1,No,0.64,Yes,No,5G,0,162,No,7
MRD-005481,No,53.19,16,706.69,Plus,1,No,2.25,No,Yes,5G,3,587,No,7
MRD-005482,No,77.82,55,4066.38,Premium,1,Yes,1.77,Yes,Yes,4G,0,707,No,5
MRD-005483,No,98.83,59,3138.3,Premium,2,Yes,4.96,No,No,5G,1,549,No,4
MRD-005484,Yes,59.81,49,811.77,Plus,1,No,0.51,Yes,No,5G,1,1100,No,2
MRD-005485,No,33.27,39,2560.3,Basic,5,No,2.98,No,Yes,4G,3,538,Yes,10
MRD-005486,No,48.84,60,1252.53,Plus,2,Yes,6.94,Yes,Yes,5G,1,1009,No,1
MRD-005487,Yes,30.2,22,591.1,Basic,3,No,1.0,No,No,4G,0,518,Yes,4
MRD-005488,No,38.31,46,1326.36,Basic,1,No,4.42,Yes,Yes,4G,1,485,No,2
MRD-005489,No,57.6,81,6032.16,Plus,1,No,1.36,Yes,No,5G,2,1106,No,6
MRD-005490,No,34.08,46,1642.11,Basic,1,No,3.35,No,Yes,4G,2,576,No,4
MRD-005491,No,65.76,45,4022.14,Plus,2,Yes,2.8,Yes,Yes,5G,1,759,No,5
MRD-005492,No,121.06,81,18184.2,Premium,4,No,3.17,No,Yes,5G,2,1144,Yes,4
MRD-005493,No,25.42,60,1460.9,Basic,2,Yes,0.66,Yes,No,5G,4,1248,No,9
MRD-005494,No,64.56,49,5086.2,Plus,1,No,2.88,Yes,Yes,4G,0,613,No,6
MRD-005495,No,63.59,79,8738.17,Plus,2,Yes,6.24,Yes,No,5G,0,1323,No,5
MRD-005496,No,56.64,84,9915.27,Plus,3,No,1.89,No,Yes,5G,2,1424,Yes,3
MRD-005497,No,114.2,77,6323.11,Premium,1,No,0.42,Yes,Yes,5G,0,102,No,9
MRD-005498,No,54.37,21,1276.16,Plus,1,Yes,1.65,Yes,Yes,4G,2,1358,No,6
MRD-005499,No,59.1,24,907.48,Plus,1,Yes,0.97,Yes,Yes,5G,1,1497,No,3
MRD-005500,No,96.93,46,3468.96,Premium,2,No,5.71,Yes,No,5G,2,75,No,6
MRD-005501,No,96.74,57,5639.96,Premium,5,No,1.24,No,Yes,5G,3,898,Yes,9
MRD-005502,No,52.72,49,1234.54,Plus,2,No,2.12,Yes,No,5G,0,1051,No,10
MRD-005503,No,41.86,81,6195.66,Basic,3,No,2.42,Yes,No,5G,2,610,Yes,1
MRD-005504,No,96.7,74,10819.88,Premium,1,No,4.89,No,No,4G,1,1379,No,7
MRD-005505,No,95.1,78,8714.28,Premium,1,No,5.86,Yes,Yes,5G,0,959,No,5
MRD-005506,No,31.77,72,1406.76,Basic,3,No,5.32,Yes,No,5G,4,1226,Yes,4
MRD-005507,No,45.52,93,3541.49,Plus,2,No,2.08,No,No,5G,2,375,No,6
MRD-005508,No,58.34,83,3969.26,Plus,4,No,8.27,Yes,Yes,5G,0,808,Yes,10
MRD-005509,No,51.31,43,1603.88,Plus,2,No,2.88,No,No,5G,2,525,No,3
MRD-005510,No,71.3,42,4183.17,Plus,1,No,3.13,No,No,4G,1,459,No,3
MRD-005511,Yes,33.8,51,1802.61,Basic,4,No,2.97,Yes,Yes,4G,2,800,Yes,3
MRD-005512,No,102.39,64,4826.56,Premium,4,No,4.88,Yes,Yes,4G,1,1491,Yes,2
MRD-005513,No,68.34,52,4136.23,Plus,1,No,0.24,Yes,No,5G,1,938,No,7
MRD-005514,No,36.91,92,3576.7,Basic,2,No,5.59,Yes,No,5G,1,1369,No,6
MRD-005515,No,61.53,37,1491.72,Plus,1,Yes,1.26,Yes,No,5G,1,437,No,3
MRD-005516,No,54.93,57,5847.75,Plus,2,No,0.18,Yes,No,5G,0,871,No,1
MRD-005517,No,52.72,61,3107.81,Plus,2,No,13.17,Yes,No,5G,3,855,No,4
MRD-005518,No,55.77,67,6504.36,Plus,1,No,4.79,Yes,Yes,5G,1,1041,No,6
MRD-005519,No,65.67,41,1535.13,Plus,1,No,2.91,Yes,Yes,5G,0,1215,No,6
MRD-005520,Yes,38.68,77,3664.4,Basic,1,No,2.3,Yes,No,4G,0,404,No,3
MRD-005521,No,82.85,27,1955.47,Premium,1,No,5.73,Yes,No,5G,2,529,No,6
MRD-005522,No,119.43,49,3761.04,Premium,2,No,2.86,No,No,5G,1,679,No,3
MRD-005523,No,91.22,89,6856.76,Premium,3,No,16.36,Yes,Yes,5G,2,1168,Yes,2
MRD-005524,No,65.22,49,3098.45,Plus,3,Yes,2.14,Yes,Yes,4G,5,670,Yes,9
MRD-005525,Yes,36.88,37,830.08,Basic,3,No,1.06,Yes,No,5G,4,1285,Yes,1
MRD-005526,No,94.56,37,4073.93,Premium,1,Yes,10.6,Yes,No,5G,3,619,No,10
MRD-005527,No,63.94,73,4000.52,Plus,1,No,4.97,Yes,Yes,5G,1,1250,No,3
MRD-005528,Yes,32.37,9,385.73,Basic,1,No,0.57,Yes,No,4G,2,915,No,8
MRD-005529,No,36.18,47,808.51,Basic,1,Yes,5.45,Yes,No,5G,1,502,No,5
MRD-005530,Yes,37.34,11,711.15,Basic,4,No,5.41,No,Yes,4G,1,1245,Yes,5
MRD-005531,Yes,32.57,0,156.76,Basic,4,No,0.77,No,No,5G,0,149,Yes,10
MRD-005532,No,88.52,86,14199.39,Premium,1,No,8.45,Yes,No,5G,2,906,No,9
MRD-005533,Yes,66.29,1,28.59,Plus,1,No,0.65,No,No,5G,3,437,No,2
MRD-005534,Yes,82.27,34,1273.2,Premium,1,No,1.8,Yes,No,4G,4,578,No,1
MRD-005535,No,33.93,3,241.2,Basic,1,No,3.38,Yes,Yes,5G,2,83,No,7
MRD-005536,No,106.4,86,15953.99,Premium,1,No,2.57,No,No,4G,1,698,No,2
MRD-005537,No,37.72,42,2078.23,Basic,2,No,3.24,No,No,5G,2,1389,No,8
MRD-005538,No,102.28,94,7910.85,Premium,4,Yes,1.33,Yes,No,5G,2,1361,Yes,5
MRD-005539,No,28.67,17,197.7,Basic,4,No,4.17,Yes,No,5G,0,1173,Yes,5
MRD-005540,Yes,36.2,86,6760.32,Basic,1,No,4.22,Yes,No,5G,1,137,No,1
MRD-005541,No,68.49,86,8248.33,Plus,1,Yes,1.16,Yes,Yes,5G,2,687,No,7
MRD-005542,No,103.48,78,7522.75,Premium,2,No,2.3,No,Yes,5G,1,1404,No,4
MRD-005543,Yes,35.07,86,2217.93,Basic,1,No,1.05,Yes,No,5G,2,571,No,4
MRD-005544,Yes,55.93,0,317.96,Plus,1,No,1.18,Yes,No,5G,2,376,No,8
MRD-005545,No,49.76,32,1207.36,Plus,2,Yes,2.49,No,No,5G,0,698,No,7
MRD-005546,Yes,38.07,32,1887.14,Basic,3,No,2.68,Yes,No,5G,1,770,Yes,1
MRD-005547,No,33.32,32,905.11,Basic,5,No,4.17,Yes,No,4G,1,1185,Yes,3
MRD-005548,No,101.7,18,2047.59,Premium,1,No,3.62,Yes,No,4G,4,219,No,1
MRD-005549,Yes,35.84,95,6045.97,Basic,1,No,2.89,Yes,No,4G,3,561,No,2
MRD-005550,Yes,52.02,12,1937.27,Plus,3,No,2.32,Yes,Yes,5G,5,862,Yes,7
MRD-005551,No,88.54,78,5805.52,Premium,2,No,2.94,Yes,No,5G,1,1316,No,9
MRD-005552,Yes,36.74,13,289.82,Basic,3,No,1.32,No,Yes,5G,1,814,Yes,3
MRD-005553,No,74.15,29,3537.28,Plus,1,No,8.41,Yes,Yes,5G,1,200,No,9
MRD-005554,No,47.26,67,3826.37,Basic,1,No,0.33,No,No,5G,1,790,No,10
MRD-005555,No,83.73,33,5531.85,Premium,1,Yes,2.11,Yes,No,5G,0,697,No,10
MRD-005556,No,75.36,19,1758.08,Plus,2,No,0.11,Yes,No,5G,1,115,No,6
MRD-005557,Yes,35.24,31,2523.28,Basic,1,Yes,7.9,Yes,Yes,5G,1,966,No,8
MRD-005558,No,35.35,36,580.69,Basic,4,No,5.72,No,Yes,5G,0,866,Yes,8
MRD-005559,Yes,42.62,17,1023.54,Basic,3,No,11.85,No,No,5G,2,794,Yes,1
MRD-005560,No,100.96,57,5454.5,Premium,3,No,0.26,No,Yes,5G,1,1494,Yes,10
MRD-005561,No,61.74,93,5226.72,Plus,2,No,6.71,No,No,4G,1,1486,No,8
MRD-005562,No,67.11,69,9570.97,Plus,1,Yes,4.43,Yes,No,5G,4,420,No,8
MRD-005563,No,63.55,90,5335.14,Plus,3,No,0.81,Yes,No,4G,0,351,Yes,9
MRD-005564,No,49.09,87,4521.27,Plus,1,No,1.15,No,No,5G,0,571,No,3
MRD-005565,No,51.37,70,2493.09,Plus,2,Yes,1.46,No,Yes,5G,2,760,No,6
MRD-005566,No,31.7,47,978.09,Basic,2,No,0.21,Yes,No,4G,2,1447,No,3
MRD-005567,No,85.69,72,5100.74,Premium,2,No,0.31,No,No,5G,2,332,No,3
MRD-005568,No,55.31,64,4915.37,Plus,4,No,4.7,No,No,5G,1,421,Yes,3
MRD-005569,No,58.89,27,5043.49,Plus,1,Yes,1.56,Yes,No,5G,2,548,No,9
MRD-005570,No,83.66,66,7384.77,Premium,2,No,5.69,Yes,Yes,5G,1,202,No,9
MRD-005571,No,50.03,74,2907.87,Plus,3,No,2.01,Yes,No,5G,0,1324,Yes,6
MRD-005572,Yes,32.79,45,1133.55,Basic,2,No,4.06,No,Yes,5G,1,1324,No,9
MRD-005573,No,61.86,55,4403.5,Plus,1,No,4.19,No,Yes,5G,4,723,No,6
MRD-005574,No,101.59,70,5781.85,Premium,2,No,8.84,No,No,5G,1,85,No,4
MRD-005575,No,34.5,38,2496.63,Basic,1,Yes,1.36,No,No,5G,0,596,No,4
MRD-005576,No,109.75,74,7367.11,Premium,1,No,3.15,Yes,Yes,5G,2,1030,No,5
MRD-005577,No,113.91,70,7576.47,Premium,1,No,0.11,No,No,5G,2,1422,No,5
MRD-005578,No,60.45,5,544.92,Plus,1,No,1.45,No,No,5G,3,10,No,5
MRD-005579,No,101.46,66,4105.61,Premium,1,No,2.83,Yes,No,5G,1,856,No,6
MRD-005580,No,92.51,82,5387.04,Premium,1,Yes,0.48,Yes,No,5G,2,934,No,6
MRD-005581,No,80.77,49,3746.59,Premium,1,No,5.22,No,Yes,5G,1,1154,No,8
MRD-005582,No,54.82,31,1979.8,Plus,2,No,6.82,Yes,Yes,5G,1,1310,No,2
MRD-005583,No,94.84,19,2729.11,Premium,3,Yes,1.9,No,No,5G,3,186,Yes,8
MRD-005584,No,33.06,20,906.17,Basic,2,No,0.48,Yes,No,4G,3,447,No,9
MRD-005585,No,60.16,60,3560.81,Plus,1,No,2.53,Yes,Yes,4G,2,919,No,9
MRD-005586,No,30.24,64,1740.36,Basic,1,Yes,4.14,Yes,Yes,5G,2,633,No,9
MRD-005587,No,63.77,56,3677.58,Plus,2,No,6.58,Yes,Yes,4G,1,967,No,6
MRD-005588,Yes,39.36,48,2998.75,Basic,1,No,2.26,No,Yes,4G,0,1489,No,6
MRD-005589,No,65.22,51,3676.05,Plus,1,Yes,3.84,Yes,No,5G,0,564,No,5
MRD-005590,No,38.7,86,4612.26,Basic,3,No,3.52,Yes,No,4G,0,245,Yes,4
MRD-005591,No,59.79,42,3185.38,Plus,3,No,0.38,No,Yes,5G,2,542,Yes,9
MRD-005592,No,106.03,40,6062.24,Premium,2,No,3.08,Yes,No,4G,1,122,No,1
MRD-005593,No,56.53,71,6240.72,Plus,4,No,2.07,Yes,Yes,4G,3,626,Yes,3
MRD-005594,No,61.88,22,685.62,Plus,3,No,8.19,Yes,Yes,5G,4,1308,Yes,8
MRD-005595,Yes,31.78,31,1228.08,Basic,3,No,1.8,Yes,Yes,5G,0,627,Yes,4
MRD-005596,No,48.74,18,715.05,Plus,1,No,3.52,No,Yes,5G,3,1044,No,3
MRD-005597,No,99.39,43,6660.97,Premium,2,No,4.55,No,No,5G,1,162,No,10
MRD-005598,No,81.66,13,1296.63,Premium,1,No,2.66,Yes,Yes,5G,2,1348,No,8
MRD-005599,No,57.08,57,5121.67,Plus,3,No,2.27,Yes,No,5G,0,762,Yes,6
MRD-005600,Yes,40.1,86,1740.99,Basic,3,No,2.02,No,Yes,5G,2,827,Yes,3
MRD-005601,No,47.91,42,1560.05,Plus,1,No,4.14,Yes,No,5G,3,1439,No,2
MRD-005602,Yes,59.53,0,108.83,Plus,2,No,4.61,Yes,Yes,4G,1,189,No,1
MRD-005603,No,39.64,12,660.39,Basic,1,Yes,0.66,No,No,5G,1,288,No,4
MRD-005604,Yes,84.23,94,7114.83,Premium,1,Yes,9.9,Yes,Yes,5G,2,66,No,9
MRD-005605,No,31.48,42,1187.79,Basic,3,No,2.24,Yes,No,5G,2,1302,Yes,4
MRD-005606,No,35.15,18,501.19,Basic,1,No,4.76,No,No,4G,2,1058,No,4
MRD-005607,No,92.45,89,8712.89,Premium,1,No,2.88,No,No,5G,0,349,No,6
MRD-005608,No,87.5,37,3972.19,Premium,2,No,2.33,No,No,4G,3,987,No,2
MRD-005609,No,38.19,93,3681.14,Basic,3,No,1.56,Yes,Yes,5G,2,302,Yes,4
MRD-005610,Yes,33.1,55,1416.85,Basic,1,No,1.28,Yes,Yes,5G,4,862,No,4
MRD-005611,No,100.99,44,3350.93,Premium,3,No,2.92,Yes,Yes,5G,4,1358,Yes,2
MRD-005612,No,40.67,59,1950.38,Basic,4,No,7.09,No,No,4G,0,1357,Yes,8
MRD-005613,No,41.15,41,2119.12,Basic,2,Yes,4.54,Yes,No,5G,0,823,No,1
MRD-005614,No,30.5,83,2562.04,Basic,1,No,8.48,No,No,5G,1,1417,No,9
MRD-005615,No,56.57,75,3616.87,Plus,1,Yes,2.03,Yes,Yes,4G,1,881,No,4
MRD-005616,No,42.1,82,4110.77,Basic,2,No,5.31,Yes,No,4G,1,395,No,6
MRD-005617,No,94.36,76,12162.96,Premium,1,No,0.3,No,No,4G,3,1304,No,4
MRD-005618,Yes,28.12,31,447.24,Basic,1,No,3.74,No,No,5G,3,498,No,8
MRD-005619,No,62.19,54,3693.07,Plus,2,No,3.95,No,No,4G,2,461,No,4
MRD-005620,No,27.66,45,1329.7,Basic,1,No,0.31,Yes,No,5G,1,148,No,1
MRD-005621,No,55.06,78,3234.7,Plus,1,No,1.61,No,No,4G,2,622,No,4
MRD-005622,Yes,39.87,46,2482.06,Basic,4,No,5.01,Yes,No,5G,1,1438,Yes,9
MRD-005623,No,65.46,80,4413.11,Plus,1,No,2.39,Yes,No,5G,3,428,No,5
MRD-005624,Yes,32.99,72,2698.03,Basic,1,No,6.67,Yes,Yes,4G,2,1234,No,3
MRD-005625,Yes,37.98,75,4772.06,Basic,1,No,4.24,No,No,5G,0,17,No,4
MRD-005626,Yes,35.17,37,1465.26,Basic,1,No,3.41,No,No,5G,2,326,No,6
MRD-005627,No,57.7,61,1477.38,Plus,2,No,3.38,Yes,No,4G,0,1397,No,1
MRD-005628,No,67.41,35,1890.59,Plus,1,No,2.21,Yes,No,5G,3,1131,No,10
MRD-005629,Yes,64.95,35,2114.0,Plus,1,Yes,4.43,Yes,No,5G,1,64,No,5
MRD-005630,No,58.55,61,8550.27,Plus,2,No,2.0,No,No,5G,1,304,No,4
MRD-005631,No,102.84,40,4407.53,Premium,1,No,5.09,Yes,No,4G,1,420,No,4
MRD-005632,No,49.45,85,4868.32,Plus,2,No,5.84,Yes,Yes,5G,3,1011,No,2
MRD-005633,No,62.92,10,750.1,Plus,1,Yes,4.05,Yes,No,4G,0,251,No,3
MRD-005634,No,64.0,57,4207.98,Plus,4,No,5.77,Yes,No,5G,1,1186,Yes,7
MRD-005635,No,101.2,64,5867.06,Premium,2,Yes,6.74,Yes,Yes,5G,0,818,No,10
MRD-005636,No,28.91,2,331.27,Basic,1,No,3.67,Yes,No,5G,0,639,No,3
MRD-005637,No,42.44,35,2160.35,Basic,1,No,0.7,Yes,Yes,5G,1,619,No,5
MRD-005638,No,44.24,35,4358.49,Plus,4,No,2.29,Yes,No,5G,3,449,Yes,8
MRD-005639,No,46.0,74,5687.87,Plus,1,Yes,1.6,Yes,Yes,4G,3,1333,No,8
MRD-005640,No,26.96,93,3065.34,Basic,3,Yes,1.87,Yes,Yes,4G,0,456,Yes,7
MRD-005641,No,56.09,52,4228.41,Plus,1,No,4.14,Yes,Yes,5G,0,1482,No,2
MRD-005642,No,43.43,37,2819.73,Plus,1,No,1.25,No,Yes,4G,2,725,No,6
MRD-005643,No,68.14,3,219.88,Plus,4,No,0.72,Yes,No,4G,4,1211,Yes,9
MRD-005644,No,54.67,96,4392.74,Plus,2,No,1.26,No,Yes,5G,0,770,No,10
MRD-005645,No,90.94,67,1999.17,Premium,1,No,0.92,Yes,No,4G,4,288,No,6
MRD-005646,No,113.86,85,15893.32,Premium,2,No,2.33,Yes,No,4G,1,1034,No,1
MRD-005647,No,53.61,22,1373.1,Plus,1,No,2.29,Yes,Yes,4G,2,683,No,7
MRD-005648,No,96.34,47,2998.45,Premium,1,No,0.63,No,No,5G,4,641,No,9
MRD-005649,No,33.79,91,2441.45,Basic,1,No,0.97,Yes,Yes,5G,0,287,No,6
MRD-005650,No,51.56,30,857.17,Plus,5,No,1.11,Yes,Yes,5G,2,651,Yes,1
MRD-005651,No,38.12,57,1610.02,Basic,2,No,3.7,Yes,No,4G,2,551,No,4
MRD-005652,No,56.35,96,4143.25,Plus,1,Yes,3.48,Yes,No,5G,3,491,No,4
MRD-005653,No,97.22,42,7481.3,Premium,3,Yes,3.61,Yes,No,4G,3,1173,Yes,7
MRD-005654,No,60.17,34,1543.84,Plus,1,No,7.62,No,No,5G,1,440,No,5
MRD-005655,No,60.86,57,5048.99,Plus,3,No,5.16,No,No,5G,0,956,Yes,7
MRD-005656,No,36.6,11,520.6,Basic,2,Yes,2.09,No,No,5G,0,435,No,9
MRD-005657,No,22.38,56,1697.26,Basic,2,No,1.65,Yes,No,5G,1,838,No,2
MRD-005658,No,100.9,7,743.8,Premium,3,No,5.31,Yes,Yes,4G,2,1456,Yes,10
MRD-005659,No,77.41,56,3906.71,Premium,1,No,1.6,Yes,Yes,4G,0,970,No,1
MRD-005660,Yes,55.85,19,1060.89,Plus,1,No,0.66,Yes,No,4G,3,91,No,8
MRD-005661,No,34.31,53,2174.3,Basic,1,No,6.23,Yes,No,4G,1,353,No,1
MRD-005662,No,101.42,95,28092.04,Premium,1,No,3.91,No,No,4G,0,784,No,7
MRD-005663,Yes,38.39,76,3071.16,Basic,3,No,1.5,No,Yes,5G,2,1285,Yes,1
MRD-005664,No,88.4,4,393.95,Premium,1,No,4.02,No,Yes,5G,3,1488,No,10
MRD-005665,No,88.19,36,3663.03,Premium,2,No,1.93,Yes,Yes,5G,2,107,No,6
MRD-005666,No,60.69,43,6189.21,Plus,3,No,0.61,No,No,4G,0,1450,Yes,1
MRD-005667,No,42.0,11,375.26,Plus,1,No,2.13,Yes,No,5G,2,877,No,8
MRD-005668,No,67.25,88,4638.78,Plus,1,No,10.75,Yes,No,4G,1,504,No,7
MRD-005669,No,32.57,13,440.21,Basic,1,Yes,7.1,Yes,Yes,4G,0,119,No,5
MRD-005670,No,66.54,81,2025.02,Plus,1,No,1.33,Yes,No,4G,0,514,No,10
MRD-005671,No,57.86,61,3163.66,Plus,3,No,2.28,Yes,No,4G,4,1393,Yes,2
MRD-005672,No,63.09,28,2119.41,Plus,1,No,1.47,Yes,Yes,5G,2,744,No,9
MRD-005673,Yes,37.85,46,1729.22,Basic,1,No,3.75,Yes,No,5G,2,1466,No,3
MRD-005674,No,53.31,35,1555.8,Plus,1,No,4.17,Yes,Yes,5G,2,273,No,6
MRD-005675,No,62.43,9,1078.51,Plus,1,No,0.98,Yes,Yes,5G,2,311,No,6
MRD-005676,No,105.53,59,8166.59,Premium,3,No,3.58,Yes,No,5G,1,1058,Yes,3
MRD-005677,No,54.83,49,1811.71,Plus,4,Yes,3.51,Yes,No,5G,2,482,Yes,3
MRD-005678,No,77.53,13,2584.39,Premium,3,No,0.55,No,Yes,5G,2,827,Yes,2
MRD-005679,Yes,62.52,64,11682.82,Plus,1,No,1.64,Yes,No,5G,0,199,No,8
MRD-005680,No,56.4,48,2611.16,Plus,5,Yes,1.14,Yes,Yes,4G,1,317,Yes,10
MRD-005681,No,34.46,68,2246.2,Basic,1,No,9.42,No,No,4G,1,790,No,7
MRD-005682,No,33.53,75,1558.07,Basic,1,No,2.44,Yes,No,5G,3,497,No,10
MRD-005683,No,65.91,84,5371.94,Plus,3,Yes,6.63,No,Yes,5G,2,421,Yes,6
MRD-005684,No,35.61,19,810.48,Basic,2,No,1.84,Yes,Yes,4G,1,832,No,2
MRD-005685,Yes,42.76,61,2973.89,Basic,3,No,2.83,No,No,5G,1,61,Yes,3
MRD-005686,No,55.96,73,2193.01,Plus,2,No,5.77,Yes,Yes,4G,1,314,No,10
MRD-005687,No,59.74,27,1141.49,Plus,1,No,1.55,No,No,5G,1,1170,No,6
MRD-005688,No,57.81,58,8996.49,Plus,5,No,4.75,No,Yes,4G,5,701,Yes,10
MRD-005689,No,111.49,67,15916.69,Premium,1,No,2.86,Yes,No,5G,0,515,No,10
MRD-005690,No,60.12,23,1308.55,Plus,1,No,2.21,Yes,No,5G,1,813,No,9
MRD-005691,No,33.28,80,1981.89,Basic,4,No,3.72,No,Yes,5G,0,1297,Yes,6
MRD-005692,Yes,42.46,75,3824.19,Basic,2,No,2.98,Yes,No,4G,2,1174,No,10
MRD-005693,No,25.45,69,1596.79,Basic,2,No,4.38,No,No,4G,4,1157,No,7
MRD-005694,No,56.54,67,2980.09,Plus,1,No,1.77,Yes,No,5G,1,599,No,4
MRD-005695,No,96.23,51,4718.4,Premium,1,No,6.89,No,Yes,5G,1,1073,No,8
MRD-005696,No,39.94,66,3314.38,Basic,1,No,4.16,Yes,Yes,4G,3,354,No,4
MRD-005697,No,60.18,66,4827.81,Plus,2,No,1.84,Yes,Yes,5G,0,860,No,8
MRD-005698,No,32.08,78,3328.41,Basic,1,No,1.66,Yes,Yes,5G,0,585,No,4
MRD-005699,No,30.29,1,331.67,Basic,3,No,1.44,Yes,No,5G,5,678,Yes,10
MRD-005700,No,36.86,71,1299.2,Basic,1,No,1.22,Yes,No,5G,3,1147,No,10
MRD-005701,No,37.04,52,1937.07,Basic,2,No,2.27,No,No,5G,1,141,No,2
MRD-005702,No,43.06,65,948.8,Basic,4,No,5.2,No,Yes,4G,0,854,Yes,9
MRD-005703,No,88.65,10,1272.25,Premium,3,No,0.5,Yes,No,5G,0,957,Yes,2
MRD-005704,No,85.33,65,9187.86,Premium,1,No,4.6,Yes,Yes,5G,4,1451,No,8
MRD-005705,No,90.68,67,2523.06,Premium,2,No,0.93,Yes,No,5G,2,1354,No,4
MRD-005706,No,61.72,8,399.83,Plus,1,Yes,5.17,No,No,5G,2,181,No,1
MRD-005707,No,69.09,41,1702.76,Plus,4,No,3.25,No,No,5G,2,21,Yes,9
MRD-005708,No,28.67,73,1941.12,Basic,2,No,2.97,No,Yes,5G,1,75,No,1
MRD-005709,No,100.44,80,9361.84,Premium,4,No,2.34,No,Yes,5G,3,442,Yes,2
MRD-005710,No,38.69,54,1980.93,Basic,1,No,5.71,No,No,5G,0,331,No,7
MRD-005711,No,57.48,18,1254.15,Plus,2,Yes,5.47,Yes,Yes,4G,3,806,No,1
MRD-005712,No,58.97,69,11873.52,Plus,4,No,0.11,Yes,No,5G,0,1416,Yes,10
MRD-005713,No,59.09,49,2384.28,Plus,4,No,12.03,Yes,No,5G,1,1298,Yes,6
MRD-005714,No,115.17,52,8794.59,Premium,3,Yes,3.81,Yes,Yes,4G,0,1330,Yes,5
MRD-005715,No,65.44,4,542.82,Plus,2,No,2.34,No,No,5G,2,592,No,5
MRD-005716,No,84.25,85,7182.73,Premium,1,No,1.8,No,Yes,4G,0,439,No,4
MRD-005717,No,84.21,83,4669.47,Premium,2,No,9.53,Yes,Yes,5G,1,567,No,10
MRD-005718,No,87.53,63,7018.06,Premium,1,No,1.99,No,Yes,5G,1,651,No,5
MRD-005719,No,47.45,43,734.56,Plus,1,No,4.25,No,Yes,4G,3,725,No,10
MRD-005720,Yes,65.49,96,1796.62,Plus,4,No,13.25,Yes,No,5G,2,1488,Yes,1
MRD-005721,No,68.51,94,11140.76,Plus,4,Yes,10.17,No,Yes,5G,1,484,Yes,9
MRD-005722,Yes,29.18,33,2842.12,Basic,1,No,0.5,No,No,5G,0,1069,No,2
MRD-005723,No,55.91,33,2198.24,Plus,4,No,1.82,Yes,No,5G,2,971,Yes,4
MRD-005724,No,29.0,49,2541.12,Basic,1,No,0.85,No,No,5G,0,1295,No,9
MRD-005725,No,65.63,94,5422.46,Plus,1,No,1.62,Yes,No,5G,0,1052,No,2
MRD-005726,No,38.69,0,0.0,Basic,1,No,1.61,Yes,No,5G,0,189,No,9
MRD-005727,No,59.43,43,4331.28,Plus,2,No,4.56,Yes,Yes,4G,1,1431,No,5
MRD-005728,Yes,72.69,37,2507.92,Premium,2,No,0.07,Yes,Yes,4G,1,735,No,1
MRD-005729,No,58.1,84,4497.76,Plus,2,No,1.89,No,No,5G,0,545,No,1
MRD-005730,No,63.14,88,7465.34,Plus,1,No,3.16,Yes,Yes,5G,1,1047,No,6
MRD-005731,No,53.65,45,1539.55,Plus,1,Yes,2.58,No,Yes,5G,3,416,No,10
MRD-005732,Yes,37.99,81,1507.77,Basic,4,Yes,1.78,No,No,4G,1,1390,Yes,3
MRD-005733,No,50.39,69,3198.72,Plus,1,No,5.71,Yes,No,4G,1,472,No,7
MRD-005734,Yes,24.45,10,481.04,Basic,4,No,7.84,Yes,No,4G,2,711,Yes,2
MRD-005735,No,31.62,9,104.13,Basic,1,Yes,3.63,Yes,No,5G,1,862,No,6
MRD-005736,No,58.96,61,4268.63,Plus,2,No,4.44,Yes,No,5G,2,629,No,1
MRD-005737,No,53.56,65,3339.52,Plus,2,No,2.58,No,No,5G,0,515,No,5
MRD-005738,No,76.68,33,5429.59,Plus,1,No,0.17,No,No,5G,1,617,No,2
MRD-005739,No,116.89,80,11041.73,Premium,3,No,0.12,Yes,No,5G,1,233,Yes,3
MRD-005740,No,38.62,70,2261.9,Basic,2,No,0.34,Yes,No,5G,0,561,No,1
MRD-005741,No,25.36,79,2483.88,Basic,2,No,1.31,No,No,4G,0,381,No,10
MRD-005742,No,29.37,52,2617.11,Basic,2,No,7.23,Yes,No,4G,0,599,No,1
MRD-005743,No,42.12,1,305.18,Basic,2,No,4.99,No,Yes,4G,0,40,No,9
MRD-005744,No,103.74,64,14604.41,Premium,3,No,1.55,Yes,No,4G,2,490,Yes,7
MRD-005745,No,59.93,72,5471.02,Plus,1,No,1.67,Yes,No,5G,2,363,No,5
MRD-005746,Yes,51.11,58,1981.91,Plus,1,No,3.7,Yes,Yes,4G,1,1225,No,10
MRD-005747,No,38.23,83,2139.09,Basic,3,No,3.66,Yes,No,5G,2,912,Yes,3
MRD-005748,No,96.94,85,11827.64,Premium,1,No,1.0,No,No,5G,3,1092,No,8
MRD-005749,No,54.84,50,2477.47,Plus,1,No,4.2,Yes,Yes,4G,1,939,No,9
MRD-005750,No,105.08,76,16077.07,Premium,1,No,2.49,Yes,No,4G,1,827,No,5
MRD-005751,No,106.98,54,4122.77,Premium,1,No,9.16,Yes,No,4G,2,444,No,8
MRD-005752,Yes,29.96,77,2930.95,Basic,4,Yes,1.79,Yes,No,4G,0,31,Yes,2
MRD-005753,Yes,44.83,33,1071.12,Basic,3,No,5.91,Yes,Yes,5G,3,527,Yes,2
MRD-005754,No,35.55,6,494.52,Basic,5,No,2.56,No,Yes,4G,2,693,Yes,5
MRD-005755,No,60.64,7,1110.96,Plus,2,Yes,1.35,Yes,No,4G,2,1419,No,1
MRD-005756,No,64.08,89,8420.78,Plus,2,Yes,2.73,Yes,No,5G,2,181,No,3
MRD-005757,Yes,34.83,87,2732.44,Basic,1,No,0.59,Yes,No,5G,3,137,No,3
MRD-005758,Yes,31.8,23,909.41,Basic,3,Yes,1.44,Yes,No,5G,1,27,Yes,4
MRD-005759,No,35.35,13,381.29,Basic,3,No,2.67,Yes,No,5G,2,899,Yes,9
MRD-005760,No,106.77,10,1362.23,Premium,3,No,0.69,Yes,No,5G,0,658,Yes,7
MRD-005761,No,56.25,42,5407.56,Plus,1,No,5.47,No,No,5G,0,486,No,4
MRD-005762,No,37.36,65,3605.64,Basic,5,No,0.47,No,Yes,5G,4,1482,Yes,5
MRD-005763,No,25.16,66,2316.46,Basic,1,Yes,1.0,No,Yes,5G,2,383,No,2
MRD-005764,Yes,37.01,21,1038.79,Basic,3,No,4.5,Yes,No,4G,2,153,Yes,4
MRD-005765,No,61.37,79,4034.55,Plus,1,No,4.81,Yes,No,4G,1,137,No,6
MRD-005766,Yes,40.27,20,1143.56,Basic,5,No,1.06,Yes,No,5G,1,279,Yes,5
MRD-005767,No,92.65,83,18100.78,Premium,2,No,2.37,Yes,Yes,5G,0,583,No,8
MRD-005768,No,51.77,93,2813.79,Plus,1,No,0.71,Yes,No,5G,1,1273,No,4
MRD-005769,No,33.62,74,1478.37,Basic,1,No,3.03,Yes,No,4G,1,789,No,5
MRD-005770,Yes,55.52,94,4576.08,Plus,3,No,2.26,No,Yes,5G,2,803,Yes,1
MRD-005771,Yes,29.0,64,1060.53,Basic,1,No,0.56,No,Yes,4G,1,1041,No,5
MRD-005772,No,22.86,84,1706.09,Basic,3,Yes,4.15,Yes,Yes,5G,1,69,Yes,5
MRD-005773,Yes,69.78,79,3192.4,Plus,4,No,3.35,No,No,5G,1,250,Yes,6
MRD-005774,Yes,60.82,12,1525.91,Plus,3,Yes,2.88,Yes,No,4G,2,354,Yes,9
MRD-005775,No,89.29,58,6685.31,Premium,2,Yes,1.91,Yes,No,5G,4,93,No,1
MRD-005776,No,98.27,40,2137.57,Premium,2,No,1.69,Yes,Yes,4G,2,1297,No,2
MRD-005777,No,115.01,48,8834.07,Premium,5,No,1.24,Yes,Yes,4G,2,540,Yes,7
MRD-005778,No,98.59,96,12315.86,Premium,4,No,0.79,Yes,No,5G,1,11,Yes,6
MRD-005779,No,38.82,86,6058.13,Basic,3,No,0.29,No,No,4G,2,19,Yes,3
MRD-005780,No,93.05,75,5323.99,Premium,1,No,1.57,No,No,5G,1,1017,No,3
MRD-005781,No,104.04,64,8498.72,Premium,1,No,4.81,Yes,Yes,5G,1,446,No,3
MRD-005782,No,45.22,66,7095.43,Plus,3,No,0.98,Yes,Yes,5G,1,156,Yes,6
MRD-005783,Yes,38.41,71,4030.01,Basic,2,No,1.75,Yes,No,5G,0,1343,No,10
MRD-005784,No,43.67,34,3937.73,Basic,3,No,1.01,Yes,No,5G,2,1345,Yes,1
MRD-005785,No,106.83,24,2863.9,Premium,1,No,0.81,No,No,4G,1,943,No,1
MRD-005786,No,61.63,0,0.0,Plus,2,No,4.3,No,No,4G,3,698,No,4
MRD-005787,No,64.59,66,4168.56,Plus,1,No,1.65,No,No,5G,1,116,No,5
MRD-005788,Yes,63.08,80,5918.89,Plus,2,No,7.7,No,No,5G,2,515,No,5
MRD-005789,Yes,64.37,2,210.76,Plus,3,No,2.59,Yes,Yes,5G,2,716,Yes,5
MRD-005790,No,52.91,82,3239.8,Plus,1,No,0.73,Yes,No,5G,1,1,No,10
MRD-005791,No,67.42,79,5686.11,Plus,2,No,3.39,Yes,No,5G,1,1225,No,7
MRD-005792,No,60.03,67,6044.98,Plus,1,No,5.72,Yes,No,5G,0,297,No,3
MRD-005793,No,69.98,33,2546.85,Premium,5,No,1.44,No,No,4G,1,695,Yes,4
MRD-005794,No,112.56,52,5281.15,Premium,1,No,0.93,Yes,Yes,4G,1,1286,No,4
MRD-005795,No,53.34,93,3005.46,Plus,4,No,3.1,Yes,No,4G,2,1138,Yes,1
MRD-005796,No,77.87,91,5755.83,Premium,3,No,1.07,Yes,Yes,5G,5,178,Yes,6
MRD-005797,Yes,33.26,44,1438.39,Basic,3,No,1.97,Yes,No,5G,3,522,Yes,1
MRD-005798,No,34.03,57,2715.49,Basic,2,No,0.88,Yes,Yes,5G,1,775,No,6
MRD-005799,No,30.82,72,1430.26,Basic,2,Yes,3.76,Yes,No,5G,1,442,No,9
MRD-005800,No,100.88,95,10535.0,Premium,1,No,4.92,No,Yes,4G,3,666,No,3
MRD-005801,No,102.08,61,4358.41,Premium,1,No,7.04,Yes,Yes,5G,0,988,No,4
MRD-005802,No,92.61,11,1076.32,Premium,3,No,1.07,Yes,No,5G,0,625,Yes,6
MRD-005803,No,34.07,30,932.0,Basic,5,No,2.55,Yes,No,5G,4,252,Yes,4
MRD-005804,No,57.75,88,2329.66,Plus,2,No,1.91,Yes,No,4G,2,283,No,9
MRD-005805,No,65.16,38,2464.53,Plus,2,No,1.09,No,Yes,4G,2,622,No,1
MRD-005806,No,34.38,78,1943.34,Basic,2,No,2.81,No,Yes,5G,2,1233,No,10
MRD-005807,Yes,27.19,94,2961.87,Basic,1,No,3.19,Yes,Yes,5G,2,858,No,8
MRD-005808,No,60.42,38,1998.01,Plus,3,No,1.37,Yes,No,4G,0,1168,Yes,6
MRD-005809,No,92.64,64,6068.17,Premium,5,No,5.98,No,Yes,5G,1,620,Yes,1
MRD-005810,Yes,28.81,68,6960.82,Basic,2,Yes,6.23,No,No,5G,2,1366,No,7
MRD-005811,Yes,36.73,27,730.95,Basic,1,No,1.03,Yes,No,5G,2,769,No,10
MRD-005812,No,66.04,92,5553.54,Plus,3,No,15.04,Yes,No,4G,2,98,Yes,1
MRD-005813,Yes,26.63,5,74.81,Basic,1,Yes,10.54,Yes,No,5G,2,1086,No,7
MRD-005814,No,57.7,85,7729.32,Plus,3,Yes,7.11,Yes,No,5G,2,862,Yes,10
MRD-005815,Yes,39.63,49,1538.71,Basic,1,No,5.66,Yes,No,5G,1,396,No,9
MRD-005816,No,44.97,36,3310.67,Basic,5,No,2.02,No,Yes,4G,0,236,Yes,9
MRD-005817,No,86.66,24,2923.5,Premium,1,No,5.0,Yes,Yes,5G,1,408,No,4
MRD-005818,No,35.85,50,1710.92,Basic,2,No,1.36,Yes,No,5G,3,107,No,8
MRD-005819,No,56.2,54,3034.17,Plus,1,No,2.32,Yes,No,5G,3,1073,No,10
MRD-005820,No,93.68,12,906.76,Premium,1,No,3.43,Yes,No,4G,0,1029,No,1
MRD-005821,No,30.6,79,2581.53,Basic,1,No,13.08,Yes,No,5G,0,377,No,5
MRD-005822,No,27.95,6,603.9,Basic,1,No,7.52,Yes,Yes,5G,1,368,No,9
MRD-005823,No,102.75,84,7409.6,Premium,3,No,0.73,No,Yes,5G,4,1242,Yes,3
MRD-005824,No,53.98,68,4297.27,Plus,1,No,2.56,Yes,No,5G,0,445,No,2
MRD-005825,No,28.99,76,3304.69,Basic,1,No,1.45,Yes,No,4G,5,1348,No,3
MRD-005826,No,98.04,26,1884.66,Premium,2,Yes,1.89,No,No,5G,3,1248,No,9
MRD-005827,No,35.03,16,626.74,Basic,1,No,3.22,No,Yes,4G,3,826,No,2
MRD-005828,No,21.1,28,654.64,Basic,1,No,5.48,Yes,No,5G,2,1406,No,5
MRD-005829,No,52.08,96,6512.43,Plus,2,No,9.2,Yes,No,4G,1,265,No,6
MRD-005830,No,38.34,96,4345.97,Basic,3,No,3.18,Yes,No,4G,3,362,Yes,3
MRD-005831,No,69.61,73,3439.85,Premium,3,Yes,3.05,No,Yes,5G,0,1129,Yes,2
MRD-005832,No,62.14,18,545.68,Plus,3,No,1.79,No,No,5G,0,4,Yes,7
MRD-005833,No,60.96,66,5270.75,Plus,1,No,2.63,No,No,4G,0,114,No,6
MRD-005834,No,63.24,55,5944.82,Plus,1,Yes,0.57,Yes,No,5G,3,471,No,5
MRD-005835,No,88.68,40,4023.63,Premium,2,No,15.6,Yes,No,5G,0,221,No,2
MRD-005836,No,35.21,6,210.17,Basic,1,No,0.08,No,Yes,5G,2,884,No,9
MRD-005837,No,57.78,59,2062.68,Plus,1,No,2.24,Yes,Yes,5G,0,907,No,10
MRD-005838,No,55.15,57,1096.28,Plus,3,No,2.85,No,No,4G,1,246,Yes,10
MRD-005839,Yes,58.29,3,420.09,Plus,2,Yes,4.63,No,Yes,5G,1,790,No,6
MRD-005840,No,26.16,12,814.68,Basic,1,No,1.92,Yes,Yes,4G,1,454,No,1
MRD-005841,No,54.39,79,4668.67,Plus,3,No,0.38,Yes,Yes,5G,4,1042,Yes,7
MRD-005842,Yes,35.62,35,1958.33,Basic,3,No,3.3,No,No,5G,2,229,Yes,10
MRD-005843,No,40.93,79,3371.46,Basic,1,No,8.77,Yes,No,5G,1,529,No,9
MRD-005844,Yes,31.17,17,1218.01,Basic,1,No,11.07,Yes,No,5G,5,1207,No,9
MRD-005845,Yes,40.01,50,2900.3,Basic,1,No,4.99,Yes,Yes,5G,0,970,No,1
MRD-005846,No,57.64,28,1111.31,Plus,2,Yes,3.23,Yes,Yes,5G,2,1124,No,6
MRD-005847,No,35.48,6,499.47,Basic,2,No,4.48,No,No,5G,2,1439,No,2
MRD-005848,No,58.87,13,647.59,Plus,5,No,0.4,Yes,No,4G,1,145,Yes,1
MRD-005849,No,104.31,22,2604.53,Premium,4,No,4.43,No,Yes,5G,2,683,Yes,3
MRD-005850,No,101.36,95,5715.55,Premium,5,No,2.45,Yes,No,5G,0,1491,Yes,5
MRD-005851,No,101.1,45,3069.25,Premium,2,No,0.74,Yes,No,5G,2,11,No,4
MRD-005852,No,91.58,49,8701.58,Premium,2,Yes,2.59,Yes,No,4G,1,507,No,8
MRD-005853,No,56.12,82,3350.53,Plus,1,No,1.82,No,No,5G,2,1415,No,4
MRD-005854,No,64.54,53,6872.18,Plus,1,No,0.07,Yes,Yes,5G,2,742,No,7
MRD-005855,No,74.22,36,1605.85,Plus,1,No,6.21,Yes,Yes,5G,2,1395,No,9
MRD-005856,No,99.75,40,5034.54,Premium,2,No,1.58,Yes,Yes,4G,1,1276,No,6
MRD-005857,No,63.51,65,4874.11,Plus,2,Yes,1.25,No,Yes,4G,2,1169,No,3
MRD-005858,No,55.9,8,698.85,Plus,1,Yes,0.95,Yes,Yes,4G,1,1047,No,3
MRD-005859,No,70.67,33,2104.76,Plus,5,No,4.49,Yes,Yes,5G,2,1120,Yes,6
MRD-005860,No,60.68,4,898.87,Plus,3,No,2.53,Yes,No,5G,2,47,Yes,7
MRD-005861,No,66.73,55,2018.44,Plus,2,No,0.51,Yes,No,5G,2,1138,No,8
MRD-005862,No,62.75,36,1918.52,Plus,3,No,3.89,No,Yes,5G,1,900,Yes,5
MRD-005863,Yes,76.61,31,2749.4,Premium,1,No,7.63,No,Yes,5G,1,1279,No,3
MRD-005864,No,60.27,60,1873.75,Plus,2,No,2.63,Yes,Yes,4G,0,1288,No,8
MRD-005865,No,43.89,16,378.63,Basic,2,Yes,1.13,No,No,5G,0,1282,No,4
MRD-005866,Yes,36.61,67,2920.76,Basic,3,Yes,10.92,No,Yes,4G,1,230,Yes,3
MRD-005867,Yes,37.55,60,2504.23,Basic,2,No,1.94,Yes,No,5G,0,243,No,5
MRD-005868,No,36.42,30,1802.34,Basic,1,No,0.6,Yes,Yes,5G,1,263,No,10
MRD-005869,Yes,57.85,25,1704.12,Plus,5,Yes,4.21,Yes,No,4G,2,1136,Yes,5
MRD-005870,Yes,32.63,15,1216.01,Basic,2,No,1.33,No,Yes,4G,4,1220,No,2
MRD-005871,No,93.77,30,1028.0,Premium,1,No,3.08,No,Yes,5G,2,1303,No,10
MRD-005872,No,39.25,62,3345.6,Basic,3,No,3.72,Yes,No,5G,4,1207,Yes,1
MRD-005873,No,38.03,59,1400.8,Basic,1,No,0.63,Yes,Yes,5G,0,884,No,8
MRD-005874,No,31.47,20,524.74,Basic,3,No,3.31,Yes,No,4G,3,1386,Yes,3
MRD-005875,No,73.61,15,970.02,Plus,2,Yes,0.71,No,No,5G,3,1202,No,6
MRD-005876,No,119.19,53,7213.35,Premium,1,No,1.71,No,No,5G,2,985,No,8
MRD-005877,No,99.53,52,7194.25,Premium,2,No,1.62,Yes,No,5G,1,886,No,4
MRD-005878,Yes,57.46,17,1436.34,Plus,2,No,1.29,Yes,Yes,5G,2,972,No,2
MRD-005879,No,57.46,83,11087.07,Plus,2,Yes,4.87,Yes,Yes,4G,0,752,No,3
MRD-005880,No,58.43,25,1119.21,Plus,2,No,10.3,Yes,Yes,4G,0,1156,No,2
MRD-005881,No,42.83,85,2673.6,Plus,1,No,0.96,No,Yes,5G,1,1345,No,4
MRD-005882,No,40.69,95,2540.55,Basic,3,No,2.76,Yes,No,5G,1,950,Yes,2
MRD-005883,No,65.64,93,7115.21,Plus,1,Yes,0.43,Yes,No,4G,2,201,No,5
MRD-005884,No,95.75,40,3944.16,Premium,4,No,2.48,No,No,4G,0,727,Yes,9
MRD-005885,No,47.88,39,2516.3,Plus,2,No,1.0,Yes,No,5G,4,452,No,8
MRD-005886,No,82.67,79,6776.51,Premium,1,No,8.38,Yes,No,5G,2,20,No,4
MRD-005887,Yes,64.1,34,1968.44,Plus,2,No,6.7,Yes,Yes,5G,1,1043,No,2
MRD-005888,No,102.45,11,2113.35,Premium,2,Yes,0.43,Yes,Yes,5G,1,1136,No,6
MRD-005889,No,108.77,72,10386.12,Premium,1,Yes,2.55,Yes,No,5G,2,795,No,9
MRD-005890,No,102.48,95,8418.89,Premium,2,No,5.07,No,No,5G,1,209,No,4
MRD-005891,No,40.14,51,1271.67,Basic,2,No,2.16,No,No,5G,1,508,No,8
MRD-005892,No,116.05,64,9086.56,Premium,1,Yes,6.37,Yes,Yes,5G,1,280,No,10
MRD-005893,No,94.99,38,5587.33,Premium,2,No,5.95,No,No,5G,0,109,No,1
MRD-005894,No,28.58,55,2313.54,Basic,3,Yes,2.93,Yes,No,5G,1,624,Yes,7
MRD-005895,No,64.75,32,3285.8,Plus,4,Yes,3.35,No,Yes,5G,1,151,Yes,2
MRD-005896,No,86.08,24,3650.13,Premium,4,No,1.98,Yes,No,4G,0,29,Yes,4
MRD-005897,Yes,34.6,29,1114.09,Basic,1,No,7.04,No,No,5G,2,210,No,5
MRD-005898,No,30.09,9,423.04,Basic,1,No,1.39,Yes,No,5G,1,113,No,4
MRD-005899,No,35.07,11,215.61,Basic,2,Yes,1.06,Yes,No,5G,0,854,No,1
MRD-005900,No,32.64,95,2623.06,Basic,1,No,2.03,Yes,No,4G,0,1012,No,1
MRD-005901,No,63.09,43,1902.35,Plus,3,No,3.67,No,No,4G,2,500,Yes,5
MRD-005902,No,97.34,52,4323.92,Premium,2,No,4.22,Yes,No,5G,1,1314,No,9
MRD-005903,No,34.03,13,265.7,Basic,2,No,0.53,Yes,No,5G,3,1078,No,10
MRD-005904,No,56.09,59,2954.81,Plus,4,No,1.98,Yes,No,5G,1,514,Yes,2
MRD-005905,Yes,59.55,68,4221.13,Plus,1,Yes,2.62,No,Yes,4G,0,1036,No,1
MRD-005906,No,27.82,23,534.53,Basic,1,No,1.03,No,No,4G,3,865,No,7
MRD-005907,Yes,32.39,24,1210.2,Basic,2,No,5.55,Yes,No,5G,3,831,No,6
MRD-005908,No,31.71,51,1994.23,Basic,1,No,13.47,Yes,No,4G,0,192,No,5
MRD-005909,No,40.38,48,1652.85,Basic,1,Yes,0.87,No,Yes,5G,3,1037,No,4
MRD-005910,No,39.87,95,2328.26,Basic,2,Yes,2.01,No,Yes,5G,1,718,No,3
MRD-005911,No,53.05,76,3003.02,Plus,2,No,2.18,Yes,No,4G,4,637,No,10
MRD-005912,Yes,25.35,95,1153.04,Basic,1,No,6.94,Yes,Yes,5G,2,704,No,3
MRD-005913,No,35.99,55,2625.45,Basic,2,Yes,2.69,No,Yes,5G,2,548,No,9
MRD-005914,No,42.34,1,164.41,Basic,1,No,2.72,No,Yes,4G,2,1494,No,9
MRD-005915,No,53.91,79,3724.96,Plus,2,No,12.41,Yes,Yes,5G,1,1263,No,7
MRD-005916,No,63.78,17,1683.25,Plus,5,No,1.83,Yes,Yes,5G,2,209,Yes,4
MRD-005917,No,67.43,87,5829.06,Plus,4,No,7.08,Yes,No,5G,1,1428,Yes,10
MRD-005918,No,90.21,85,7127.88,Premium,3,No,9.17,Yes,No,4G,3,1262,Yes,10
MRD-005919,No,27.47,40,1020.88,Basic,1,No,4.64,Yes,Yes,5G,0,1078,No,3
MRD-005920,No,95.25,64,2601.49,Premium,1,Yes,0.68,Yes,No,5G,2,1452,No,10
MRD-005921,No,72.79,44,3336.32,Plus,4,Yes,6.67,No,No,4G,3,447,Yes,4
MRD-005922,No,98.06,6,437.0,Premium,2,No,5.24,No,No,5G,2,941,No,10
MRD-005923,Yes,25.1,43,600.22,Basic,1,No,0.82,No,No,4G,0,174,No,2
MRD-005924,No,41.92,80,3423.41,Basic,4,No,4.7,Yes,No,4G,1,1171,Yes,6
MRD-005925,No,45.74,17,265.75,Plus,1,No,0.99,Yes,No,4G,4,192,No,10
MRD-005926,No,104.2,59,9855.0,Premium,2,No,2.77,No,No,5G,1,910,No,7
MRD-005927,No,29.01,70,3281.24,Basic,2,No,17.07,Yes,Yes,4G,1,910,No,1
MRD-005928,No,33.54,55,1562.87,Basic,3,No,3.4,Yes,Yes,5G,3,1252,Yes,5
MRD-005929,No,96.47,54,8437.02,Premium,4,No,0.38,Yes,No,5G,2,1061,Yes,1
MRD-005930,No,78.21,35,1720.01,Premium,3,No,6.89,Yes,No,4G,0,795,Yes,10
MRD-005931,No,104.41,73,3354.96,Premium,4,No,11.99,Yes,No,4G,2,394,Yes,1
MRD-005932,Yes,43.45,70,2889.74,Basic,1,No,7.89,Yes,No,4G,0,907,No,9
MRD-005933,No,56.72,16,873.07,Plus,3,No,1.05,Yes,No,5G,0,1264,Yes,10
MRD-005934,No,70.71,7,946.44,Plus,1,No,1.6,No,No,5G,1,478,No,4
MRD-005935,No,76.73,4,20.92,Premium,1,No,6.03,No,No,5G,2,105,No,1
MRD-005936,No,60.98,40,2175.29,Plus,1,No,13.1,No,Yes,5G,2,1240,No,1
MRD-005937,Yes,57.59,93,7992.8,Plus,4,No,2.75,Yes,Yes,5G,3,578,Yes,5
MRD-005938,No,82.93,10,537.83,Premium,1,No,0.6,No,Yes,5G,0,373,No,1
MRD-005939,No,60.87,64,2221.41,Plus,1,No,0.79,Yes,Yes,5G,0,1256,No,6
MRD-005940,Yes,25.01,30,2133.94,Basic,2,No,7.25,Yes,No,5G,1,2,No,7
MRD-005941,No,41.74,12,392.56,Basic,4,Yes,2.77,Yes,No,4G,1,1429,Yes,4
MRD-005942,No,38.78,68,3195.68,Basic,3,No,3.58,Yes,No,5G,1,453,Yes,8
MRD-005943,Yes,92.13,94,7341.3,Premium,1,No,3.26,Yes,No,4G,3,48,No,5
MRD-005944,No,47.92,56,2644.48,Plus,3,No,1.53,Yes,No,4G,2,344,Yes,9
MRD-005945,No,103.64,43,2715.96,Premium,3,No,2.14,No,No,5G,0,120,Yes,5
MRD-005946,No,94.51,13,2089.47,Premium,3,Yes,1.14,No,No,5G,2,219,Yes,8
MRD-005947,No,31.11,39,1168.79,Basic,2,No,1.59,Yes,Yes,4G,2,1253,No,2
MRD-005948,Yes,35.8,37,2551.94,Basic,1,No,1.13,No,No,5G,0,919,No,2
MRD-005949,No,101.32,0,0.0,Premium,4,No,1.37,Yes,No,4G,1,538,Yes,7
MRD-005950,No,59.98,15,677.47,Plus,2,No,0.56,Yes,No,5G,0,1091,No,5
MRD-005951,No,59.6,71,6779.9,Plus,5,No,1.12,Yes,No,4G,2,637,Yes,1
MRD-005952,No,37.05,20,1288.25,Basic,1,Yes,1.16,No,Yes,5G,0,1078,No,9
MRD-005953,No,35.79,49,1609.67,Basic,1,Yes,8.79,No,Yes,5G,0,73,No,6
MRD-005954,No,58.18,18,1039.94,Plus,2,No,4.64,Yes,No,5G,1,1428,No,7
MRD-005955,No,36.68,35,1591.68,Basic,3,Yes,2.31,Yes,Yes,5G,0,923,Yes,6
MRD-005956,Yes,83.8,84,6651.27,Premium,2,No,1.88,Yes,Yes,5G,0,1315,No,1
MRD-005957,No,30.08,72,2518.96,Basic,2,No,2.88,Yes,Yes,4G,1,1170,No,1
MRD-005958,No,90.5,5,559.13,Premium,1,No,0.8,No,No,4G,2,71,No,2
MRD-005959,Yes,36.67,16,803.53,Basic,1,Yes,6.81,Yes,Yes,4G,1,982,No,10
MRD-005960,No,55.48,83,7218.63,Plus,2,No,0.46,Yes,Yes,4G,1,308,No,8
MRD-005961,No,68.22,35,1246.05,Plus,1,No,1.14,Yes,Yes,4G,3,571,No,4
MRD-005962,No,38.04,57,1486.65,Basic,1,Yes,7.52,No,Yes,5G,1,577,No,2
MRD-005963,No,61.17,48,7307.14,Plus,1,No,0.33,No,No,5G,1,529,No,3
MRD-005964,No,107.17,82,11884.76,Premium,3,No,0.84,No,No,4G,3,1430,Yes,9
MRD-005965,Yes,37.42,86,4690.37,Basic,2,No,5.16,Yes,Yes,4G,1,368,No,2
MRD-005966,No,84.49,66,4824.4,Premium,3,No,2.06,No,No,4G,1,722,Yes,8
MRD-005967,Yes,36.03,93,9612.86,Basic,3,No,2.22,No,Yes,5G,1,1287,Yes,3
MRD-005968,No,32.48,71,2508.34,Basic,5,No,2.98,Yes,Yes,5G,1,1094,Yes,10
MRD-005969,Yes,34.24,48,3109.09,Basic,1,No,2.71,No,Yes,5G,2,198,No,1
MRD-005970,No,58.4,83,4023.86,Plus,1,Yes,1.14,Yes,Yes,4G,1,1460,No,10
MRD-005971,No,89.84,39,2322.8,Premium,1,No,1.6,Yes,No,4G,4,412,No,1
MRD-005972,Yes,32.42,64,2702.67,Basic,2,No,2.15,Yes,Yes,5G,2,1089,No,9
MRD-005973,No,44.44,31,1171.06,Plus,4,No,1.7,No,No,5G,1,31,Yes,4
MRD-005974,Yes,49.57,3,138.5,Plus,1,Yes,1.04,No,Yes,4G,2,878,No,2
MRD-005975,Yes,34.3,50,1815.57,Basic,1,No,2.87,Yes,Yes,5G,3,68,No,6
MRD-005976,No,89.27,6,441.62,Premium,2,No,8.37,Yes,No,4G,1,220,No,6
MRD-005977,No,109.02,9,1062.33,Premium,1,No,4.88,No,No,5G,2,1433,No,5
MRD-005978,No,26.91,5,357.25,Basic,3,No,11.76,Yes,Yes,5G,1,928,Yes,3
MRD-005979,No,58.94,68,5748.52,Plus,1,No,6.83,Yes,Yes,4G,0,239,No,5
MRD-005980,No,63.43,77,3275.01,Plus,1,No,4.18,Yes,No,5G,1,1283,No,9
MRD-005981,No,71.08,64,5853.12,Plus,1,No,1.37,Yes,No,5G,1,666,No,5
MRD-005982,No,74.02,35,2599.68,Plus,4,No,3.39,Yes,No,4G,0,1239,Yes,8
MRD-005983,No,47.74,56,2473.27,Plus,4,No,7.68,Yes,Yes,5G,0,421,Yes,3
MRD-005984,Yes,35.1,83,1045.18,Basic,3,Yes,0.72,No,Yes,5G,0,623,Yes,2
MRD-005985,No,96.6,25,2439.56,Premium,3,No,3.59,Yes,Yes,5G,1,1020,Yes,9
MRD-005986,No,64.44,11,971.44,Plus,3,No,1.16,Yes,Yes,5G,0,584,Yes,5
MRD-005987,No,67.77,22,1674.06,Plus,1,No,3.54,Yes,No,5G,2,660,No,2
MRD-005988,No,62.36,87,6546.31,Plus,1,No,1.38,Yes,Yes,5G,2,587,No,9
MRD-005989,No,66.07,16,1493.35,Plus,3,No,3.26,Yes,Yes,5G,2,52,Yes,7
MRD-005990,No,47.43,31,2317.7,Basic,1,No,8.31,Yes,No,5G,1,974,No,4
MRD-005991,No,56.06,69,7367.71,Plus,1,No,2.55,Yes,Yes,4G,0,234,No,4
MRD-005992,No,96.34,85,6392.94,Premium,1,No,2.74,Yes,No,4G,3,132,No,8
MRD-005993,No,28.73,57,1355.81,Basic,1,No,1.19,Yes,Yes,5G,1,27,No,6
MRD-005994,No,35.7,52,1748.86,Basic,2,No,0.13,No,No,5G,3,1404,No,2
MRD-005995,No,95.62,49,6832.19,Premium,2,No,0.48,Yes,Yes,5G,1,1089,No,1
MRD-005996,No,61.99,20,1399.37,Plus,2,No,0.73,No,Yes,5G,2,501,No,10
MRD-005997,No,87.82,72,5380.96,Premium,1,Yes,7.24,No,Yes,4G,4,1336,No,3
MRD-005998,No,70.26,59,12801.86,Plus,1,No,0.94,No,Yes,5G,0,652,No,10
MRD-005999,No,61.38,26,2050.69,Plus,4,No,1.86,Yes,Yes,4G,3,1350,Yes,6
MRD-006000,Yes,57.19,39,3887.55,Plus,1,No,1.44,Yes,No,4G,4,1357,No,4
MRD-006001,No,64.53,20,1281.45,Plus,1,No,5.88,Yes,Yes,5G,2,1490,No,3
MRD-006002,No,62.29,78,5983.13,Plus,2,No,1.93,Yes,Yes,5G,0,706,No,1
MRD-006003,No,30.02,68,2103.15,Basic,2,No,0.49,Yes,No,5G,0,1167,No,7
MRD-006004,Yes,71.0,30,1557.82,Plus,1,No,8.22,No,Yes,5G,0,1288,No,1
MRD-006005,No,57.48,43,2595.81,Plus,3,Yes,1.87,No,No,5G,1,1377,Yes,8
MRD-006006,No,38.69,87,1948.0,Basic,3,Yes,0.38,No,Yes,5G,2,1254,Yes,1
MRD-006007,Yes,39.11,38,1205.47,Basic,2,No,9.31,Yes,Yes,5G,3,620,No,7
MRD-006008,Yes,39.22,69,1289.04,Basic,3,Yes,0.36,No,Yes,5G,0,1462,Yes,3
MRD-006009,No,65.29,43,14773.61,Plus,1,No,2.97,No,Yes,5G,3,237,No,2
MRD-006010,No,32.29,88,3206.51,Basic,1,Yes,0.48,Yes,Yes,4G,3,1242,No,4
MRD-006011,No,95.19,11,1374.59,Premium,2,No,0.5,No,Yes,5G,1,164,No,6
MRD-006012,No,72.37,57,6152.48,Plus,1,No,0.66,Yes,No,4G,1,693,No,9
MRD-006013,No,77.95,29,2338.35,Premium,2,No,5.52,Yes,No,5G,1,347,No,1
MRD-006014,No,63.65,37,1770.34,Plus,1,No,3.59,Yes,No,5G,2,529,No,7
MRD-006015,No,104.09,21,5064.0,Premium,3,Yes,0.94,No,No,5G,0,283,Yes,7
MRD-006016,No,98.91,28,2795.28,Premium,3,Yes,1.66,Yes,No,5G,1,75,Yes,7
MRD-006017,No,48.44,45,1331.96,Plus,1,No,0.23,No,Yes,4G,2,344,No,7
MRD-006018,Yes,29.38,87,2554.25,Basic,1,Yes,5.47,Yes,Yes,5G,0,567,No,4
MRD-006019,Yes,38.91,35,1445.92,Basic,2,No,0.49,Yes,Yes,5G,1,1296,No,1
MRD-006020,No,100.4,90,20568.24,Premium,4,No,4.3,Yes,Yes,5G,0,1248,Yes,8
MRD-006021,No,55.3,77,2389.3,Plus,4,Yes,7.65,No,No,5G,2,1011,Yes,9
MRD-006022,No,61.21,43,3502.75,Plus,1,No,1.28,No,No,4G,2,848,No,6
MRD-006023,Yes,35.67,92,2180.24,Basic,2,No,1.58,No,No,5G,0,1288,No,9
MRD-006024,No,67.8,28,2972.45,Plus,2,Yes,2.89,Yes,No,4G,2,389,No,3
MRD-006025,No,65.4,87,5215.34,Plus,3,No,5.82,Yes,Yes,5G,1,1379,Yes,4
MRD-006026,Yes,33.57,45,1974.1,Basic,1,No,0.89,No,Yes,4G,0,446,No,9
MRD-006027,No,56.34,31,1130.41,Plus,5,No,3.65,Yes,No,5G,2,1176,Yes,8
MRD-006028,No,60.5,24,1220.43,Plus,2,No,6.96,Yes,No,5G,2,672,No,8
MRD-006029,No,60.46,29,1444.71,Plus,2,No,3.64,Yes,No,5G,3,252,No,2
MRD-006030,Yes,58.35,84,3203.33,Plus,3,No,4.72,No,Yes,5G,3,679,Yes,1
MRD-006031,Yes,31.57,33,1583.18,Basic,2,No,3.97,No,No,5G,1,814,No,1
MRD-006032,No,27.04,16,536.09,Basic,1,No,1.09,Yes,No,5G,4,1486,No,10
MRD-006033,No,31.55,10,453.75,Basic,1,No,1.08,Yes,Yes,5G,1,492,No,7
MRD-006034,No,51.96,17,842.71,Plus,1,Yes,11.29,Yes,Yes,5G,5,1319,No,3
MRD-006035,No,40.22,84,3398.5,Basic,5,No,3.44,Yes,Yes,5G,0,1114,Yes,3
MRD-006036,No,95.27,82,6497.78,Premium,1,No,2.16,Yes,Yes,5G,0,277,No,4
MRD-006037,No,45.04,21,1100.25,Basic,1,No,0.35,Yes,No,5G,3,222,No,3
MRD-006038,No,29.18,92,2861.79,Basic,2,Yes,1.24,Yes,Yes,4G,0,1186,No,4
MRD-006039,No,62.41,50,4622.38,Plus,4,No,3.24,Yes,Yes,5G,3,145,Yes,1
MRD-006040,No,32.08,65,2239.16,Basic,2,No,1.81,Yes,No,4G,1,1192,No,3
MRD-006041,No,61.94,1,241.04,Plus,1,Yes,0.54,Yes,No,4G,2,657,No,4
MRD-006042,No,53.58,0,47.89,Plus,2,No,1.36,Yes,No,5G,0,736,No,4
MRD-006043,No,43.42,32,1454.6,Basic,2,No,2.09,Yes,Yes,5G,2,470,No,9
MRD-006044,No,50.87,51,3340.22,Plus,1,No,2.19,Yes,No,5G,1,1440,No,8
MRD-006045,Yes,73.39,3,299.17,Plus,1,Yes,2.31,No,No,5G,2,176,No,9
MRD-006046,No,35.1,88,2121.49,Basic,1,Yes,2.83,Yes,Yes,4G,1,732,No,3
MRD-006047,No,48.54,76,1455.85,Plus,2,No,9.81,Yes,Yes,4G,2,419,No,3
MRD-006048,No,29.08,73,1217.94,Basic,5,No,0.86,Yes,No,5G,2,422,Yes,1
MRD-006049,No,99.06,13,536.58,Premium,3,No,1.53,Yes,No,5G,2,621,Yes,4
MRD-006050,No,60.46,29,1174.89,Plus,2,No,1.94,Yes,No,5G,6,793,No,2
MRD-006051,No,60.41,12,156.32,Plus,2,No,7.77,Yes,Yes,5G,1,998,No,5
MRD-006052,No,63.5,10,745.76,Plus,3,Yes,0.45,No,Yes,4G,1,1268,Yes,10
MRD-006053,No,56.03,93,15555.14,Plus,1,No,5.06,Yes,No,5G,2,579,No,10
MRD-006054,No,36.08,6,239.75,Basic,1,No,2.55,No,No,4G,3,661,No,10
MRD-006055,No,63.93,85,6562.38,Plus,1,No,2.65,Yes,Yes,4G,0,1190,No,7
MRD-006056,No,55.16,66,6065.78,Plus,4,No,0.73,Yes,No,4G,1,340,Yes,8
MRD-006057,No,55.39,89,6464.47,Plus,2,No,12.21,Yes,No,5G,1,1296,No,6
MRD-006058,No,61.05,72,3409.2,Plus,2,No,3.38,No,No,5G,1,109,No,6
MRD-006059,No,98.26,55,4149.7,Premium,1,Yes,3.18,No,No,5G,0,682,No,1
MRD-006060,No,29.93,28,921.17,Basic,3,No,0.28,No,No,5G,0,1093,Yes,9
MRD-006061,No,61.95,80,6370.07,Plus,1,No,7.99,Yes,Yes,5G,2,810,No,7
MRD-006062,No,98.04,26,1097.14,Premium,1,Yes,0.2,No,No,4G,2,981,No,3
MRD-006063,Yes,34.6,95,4156.44,Basic,1,No,1.1,Yes,No,4G,1,923,No,10
MRD-006064,No,53.02,28,1303.87,Plus,1,No,3.24,Yes,No,5G,0,328,No,9
MRD-006065,No,53.56,41,1853.08,Plus,4,No,2.04,No,Yes,5G,1,283,Yes,8
MRD-006066,Yes,30.15,96,1668.75,Basic,2,No,2.0,No,No,5G,1,482,No,3
MRD-006067,No,87.21,39,2211.44,Premium,1,No,10.43,Yes,No,4G,2,1374,No,4
MRD-006068,No,42.91,32,2745.42,Basic,1,Yes,0.42,Yes,No,4G,4,183,No,7
MRD-006069,No,76.96,57,4904.42,Plus,2,No,5.5,Yes,No,5G,2,1437,No,6
MRD-006070,No,60.57,30,1696.68,Plus,3,No,1.71,No,Yes,5G,1,817,Yes,6
MRD-006071,No,40.76,29,1408.03,Basic,1,No,2.35,Yes,Yes,5G,1,1197,No,1
MRD-006072,Yes,65.38,73,8707.64,Plus,4,No,1.24,No,Yes,4G,1,965,Yes,5
MRD-006073,Yes,40.7,37,2131.54,Basic,2,No,2.48,No,No,5G,2,109,No,9
MRD-006074,No,32.4,74,2026.23,Basic,2,No,2.36,Yes,Yes,4G,0,1079,No,8
MRD-006075,No,87.66,54,2170.81,Premium,1,No,3.12,Yes,No,4G,3,1452,No,2
MRD-006076,No,42.57,22,1042.3,Basic,1,No,1.21,No,Yes,5G,1,157,No,10
MRD-006077,Yes,34.35,48,2144.28,Basic,4,No,11.96,No,No,4G,2,296,Yes,6
MRD-006078,Yes,50.39,68,3030.44,Basic,2,No,3.56,Yes,Yes,5G,4,744,No,2
MRD-006079,Yes,53.86,8,427.98,Plus,2,No,4.9,No,No,5G,1,1454,No,1
MRD-006080,No,31.44,83,3543.53,Basic,4,Yes,16.82,Yes,No,4G,2,1155,Yes,4
MRD-006081,No,64.54,18,1384.34,Plus,2,No,8.12,Yes,Yes,4G,1,954,No,9
MRD-006082,No,97.68,78,8057.22,Premium,4,No,0.52,Yes,No,5G,1,825,Yes,3
MRD-006083,No,100.38,24,1610.67,Premium,2,Yes,1.87,Yes,No,5G,1,904,No,7
MRD-006084,Yes,33.43,5,245.09,Basic,1,Yes,4.07,Yes,No,4G,2,1104,No,2
MRD-006085,No,54.38,87,6246.83,Plus,1,No,4.98,No,Yes,5G,1,608,No,2
MRD-006086,No,38.7,74,4727.39,Basic,1,No,0.97,No,Yes,5G,3,1445,No,8
MRD-006087,No,119.34,42,7635.64,Premium,1,No,0.23,No,No,4G,0,1274,No,2
MRD-006088,No,40.37,93,7053.34,Basic,1,No,2.06,Yes,No,5G,1,150,No,10
MRD-006089,No,59.45,68,7253.35,Plus,5,No,5.46,No,Yes,5G,2,125,Yes,9
MRD-006090,No,88.85,79,3033.53,Premium,1,No,0.23,Yes,No,5G,1,1168,No,6
MRD-006091,Yes,89.35,41,4381.78,Premium,2,No,0.66,No,No,5G,1,1473,No,7
MRD-006092,Yes,41.37,22,676.53,Basic,1,No,6.46,No,Yes,5G,4,475,No,5
MRD-006093,Yes,31.25,11,333.71,Basic,2,No,2.42,No,Yes,4G,2,496,No,3
MRD-006094,No,63.66,4,195.98,Plus,3,No,7.6,No,Yes,4G,2,232,Yes,3
MRD-006095,No,68.44,45,2270.38,Plus,1,No,6.9,Yes,Yes,5G,1,79,No,3
MRD-006096,No,52.94,38,2509.47,Plus,1,No,8.05,No,No,5G,2,879,No,10
MRD-006097,No,29.83,45,327.59,Basic,4,Yes,1.31,Yes,No,4G,0,726,Yes,3
MRD-006098,Yes,32.47,19,673.71,Basic,1,No,4.82,Yes,Yes,4G,1,50,No,9
MRD-006099,No,56.9,35,3050.55,Plus,2,No,2.74,Yes,Yes,5G,1,1191,No,9
MRD-006100,No,79.91,56,3645.02,Premium,2,No,1.95,No,No,5G,3,171,No,9
MRD-006101,No,43.26,95,5946.24,Basic,2,No,0.32,No,No,4G,0,1062,No,8
MRD-006102,No,73.0,51,3325.38,Premium,1,No,0.18,No,No,5G,0,1198,No,10
MRD-006103,No,37.82,24,506.36,Basic,5,No,1.48,Yes,Yes,4G,2,853,Yes,2
MRD-006104,Yes,35.92,37,1856.18,Basic,1,No,3.37,No,Yes,5G,5,282,No,1
MRD-006105,No,40.39,69,1928.23,Basic,2,Yes,6.37,Yes,No,5G,1,1004,No,5
MRD-006106,No,60.82,28,2203.67,Plus,2,No,1.44,Yes,No,5G,2,778,No,8
MRD-006107,No,63.93,55,3222.55,Plus,2,No,2.74,Yes,No,5G,1,840,No,5
MRD-006108,No,31.91,51,4083.14,Basic,1,No,0.15,No,Yes,5G,0,694,No,3
MRD-006109,Yes,30.39,20,515.01,Basic,5,No,7.24,No,No,4G,4,113,Yes,4
MRD-006110,No,66.48,81,11148.51,Plus,1,No,2.75,No,No,4G,1,751,No,2
MRD-006111,Yes,32.98,50,2845.43,Basic,1,Yes,2.29,No,No,5G,2,821,No,2
MRD-006112,No,106.0,95,12499.75,Premium,1,No,0.86,Yes,Yes,5G,0,14,No,9
MRD-006113,Yes,96.6,55,6096.82,Premium,2,Yes,5.98,Yes,No,5G,2,789,No,2
MRD-006114,No,56.03,75,6660.37,Plus,1,No,8.52,No,Yes,4G,3,51,No,9
MRD-006115,No,52.68,65,4704.6,Plus,2,No,5.05,No,Yes,4G,1,1187,No,5
MRD-006116,Yes,41.92,87,3645.45,Basic,1,No,3.76,Yes,No,4G,0,697,No,3
MRD-006117,Yes,89.59,34,3639.03,Premium,5,Yes,8.06,No,Yes,5G,1,282,Yes,4
MRD-006118,No,96.43,35,1952.52,Premium,5,No,1.43,Yes,Yes,5G,1,1298,Yes,7
MRD-006119,Yes,56.06,18,1388.8,Plus,4,Yes,7.42,Yes,No,5G,0,254,Yes,3
MRD-006120,No,100.35,50,8105.4,Premium,1,No,0.3,Yes,No,5G,0,112,No,4
MRD-006121,Yes,33.51,45,2522.55,Basic,3,No,8.98,Yes,No,5G,4,828,Yes,1
MRD-006122,Yes,39.71,35,990.38,Basic,4,No,6.71,Yes,No,5G,2,735,Yes,8
MRD-006123,No,37.35,14,1232.26,Basic,2,Yes,3.28,Yes,No,5G,0,841,No,5
MRD-006124,No,103.4,46,3658.49,Premium,1,No,6.07,No,Yes,5G,3,1035,No,5
MRD-006125,No,31.21,84,654.01,Basic,2,No,0.17,Yes,No,4G,3,1093,No,2
MRD-006126,No,64.85,79,6375.53,Plus,1,No,3.09,Yes,Yes,5G,0,1392,No,6
MRD-006127,Yes,41.57,42,1493.59,Basic,1,No,1.7,Yes,No,4G,1,759,No,1
MRD-006128,No,63.01,20,1944.85,Plus,2,No,1.4,No,No,5G,3,1328,No,9
MRD-006129,No,39.72,22,940.96,Basic,2,No,4.88,No,Yes,5G,1,421,No,5
MRD-006130,No,64.15,95,2419.18,Plus,2,No,3.99,Yes,No,5G,3,403,No,7
MRD-006131,No,38.16,84,3813.4,Basic,1,No,0.64,No,Yes,4G,0,836,No,2
MRD-006132,No,97.9,28,2098.0,Premium,1,No,1.02,Yes,No,5G,2,1214,No,5
MRD-006133,Yes,32.18,58,1400.88,Basic,2,No,3.62,No,No,5G,1,737,No,7
MRD-006134,Yes,62.79,86,10336.9,Plus,3,No,1.19,Yes,No,5G,4,170,Yes,2
MRD-006135,No,36.19,68,3422.05,Basic,2,No,0.27,Yes,No,5G,3,999,No,9
MRD-006136,Yes,39.27,92,3428.37,Basic,1,No,1.6,Yes,No,5G,2,1152,No,4
MRD-006137,No,31.49,68,2314.87,Basic,3,No,0.75,Yes,No,5G,1,779,Yes,8
MRD-006138,Yes,23.87,29,1030.57,Basic,1,Yes,7.61,Yes,No,5G,1,884,No,1
MRD-006139,No,61.71,87,3980.01,Plus,1,Yes,2.06,Yes,Yes,5G,1,419,No,9
MRD-006140,Yes,32.54,89,2827.43,Basic,1,No,0.62,Yes,No,4G,2,871,No,7
MRD-006141,No,53.02,31,2281.54,Plus,4,Yes,2.83,No,No,5G,2,769,Yes,4
MRD-006142,No,33.53,16,1414.18,Basic,3,No,3.36,No,Yes,5G,3,830,Yes,9
MRD-006143,No,55.81,20,1186.15,Plus,2,No,1.37,Yes,Yes,4G,2,82,No,5
MRD-006144,No,37.58,93,2384.04,Basic,1,No,7.11,Yes,Yes,5G,2,30,No,10
MRD-006145,No,63.03,61,3963.02,Plus,3,No,1.63,No,Yes,5G,4,456,Yes,4
MRD-006146,No,39.94,73,3973.16,Basic,1,No,2.75,Yes,Yes,4G,1,1061,No,5
MRD-006147,No,70.95,67,7532.67,Plus,2,No,1.43,No,No,5G,1,535,No,4
MRD-006148,Yes,60.9,36,1827.01,Plus,1,No,0.86,Yes,No,4G,2,1419,No,5
MRD-006149,Yes,56.53,69,5876.07,Plus,2,No,0.58,No,No,5G,3,919,No,3
MRD-006150,Yes,34.73,60,927.99,Basic,1,No,1.81,Yes,No,5G,1,263,No,1
MRD-006151,No,33.6,51,1205.2,Basic,3,No,7.01,Yes,Yes,5G,0,555,Yes,5
MRD-006152,No,48.48,91,5329.84,Plus,1,No,1.93,Yes,No,5G,0,425,No,6
MRD-006153,No,88.73,52,3816.8,Premium,1,No,2.69,Yes,No,5G,2,1437,No,7
MRD-006154,No,85.52,30,1075.67,Premium,2,No,4.37,Yes,No,4G,1,1276,No,2
MRD-006155,No,65.32,68,4463.51,Plus,2,No,3.75,No,Yes,4G,1,1419,No,4
MRD-006156,No,55.06,66,3370.03,Plus,1,Yes,5.54,Yes,Yes,4G,2,390,No,10
MRD-006157,Yes,62.58,22,2396.03,Plus,1,No,2.1,Yes,No,5G,1,990,No,10
MRD-006158,No,101.94,21,1789.71,Premium,5,No,2.59,No,Yes,4G,4,280,Yes,2
MRD-006159,No,58.63,44,2587.47,Plus,1,Yes,3.88,Yes,Yes,4G,2,233,No,3
MRD-006160,No,63.85,5,252.92,Plus,1,Yes,0.76,No,No,5G,0,1133,No,4
MRD-006161,No,30.28,72,2052.11,Basic,3,No,1.02,No,No,5G,2,834,Yes,3
MRD-006162,No,96.45,96,3220.64,Premium,1,No,20.34,Yes,Yes,5G,2,863,No,3
MRD-006163,No,29.53,90,2137.13,Basic,4,No,0.72,Yes,Yes,5G,2,516,Yes,10
MRD-006164,No,49.26,45,1860.34,Plus,3,No,8.03,Yes,Yes,5G,5,788,Yes,5
MRD-006165,Yes,59.79,51,3996.07,Plus,4,No,7.39,Yes,Yes,5G,2,962,Yes,6
MRD-006166,No,103.87,42,3642.25,Premium,1,No,0.4,Yes,Yes,5G,0,53,No,10
MRD-006167,Yes,40.57,2,406.74,Basic,3,No,1.65,Yes,Yes,4G,1,342,Yes,10
MRD-006168,No,95.52,79,3921.17,Premium,4,No,3.54,Yes,No,5G,0,383,Yes,7
MRD-006169,No,70.62,28,2424.81,Plus,2,No,3.98,Yes,No,5G,3,1296,No,9
MRD-006170,Yes,69.71,42,2357.59,Plus,3,No,0.31,No,Yes,5G,0,346,Yes,8
MRD-006171,No,114.93,89,6665.22,Premium,2,No,3.16,Yes,No,4G,0,1444,No,9
MRD-006172,Yes,40.06,16,560.08,Basic,1,No,4.3,Yes,No,4G,1,137,No,7
MRD-006173,No,51.43,47,4029.25,Plus,4,No,5.37,Yes,Yes,5G,0,100,Yes,8
MRD-006174,No,46.18,72,6713.39,Plus,2,No,3.38,No,Yes,5G,1,1477,No,5
MRD-006175,No,52.7,81,2910.77,Plus,1,No,9.34,No,No,4G,5,983,No,4
MRD-006176,No,25.3,49,1084.87,Basic,1,No,6.65,Yes,No,4G,0,1387,No,4
MRD-006177,Yes,40.38,7,562.68,Basic,2,Yes,1.22,Yes,No,4G,1,1482,No,1
MRD-006178,No,98.03,34,7884.55,Premium,1,No,1.07,No,No,5G,2,309,No,4
MRD-006179,No,37.41,7,161.61,Basic,1,Yes,7.06,Yes,No,4G,1,549,No,1
MRD-006180,Yes,86.22,1,123.11,Premium,2,No,10.45,No,Yes,5G,0,816,No,9
MRD-006181,Yes,89.84,42,4868.14,Premium,2,No,1.04,No,Yes,5G,1,1027,No,2
MRD-006182,No,55.61,77,10591.26,Plus,4,No,1.36,Yes,No,4G,3,621,Yes,3
MRD-006183,No,61.1,12,609.18,Plus,1,No,4.98,No,Yes,4G,2,1430,No,9
MRD-006184,Yes,63.2,12,1614.39,Plus,2,No,1.28,No,No,4G,3,1310,No,2
MRD-006185,Yes,43.6,92,1556.6,Basic,5,No,7.36,Yes,No,5G,1,345,Yes,1
MRD-006186,Yes,38.72,3,247.2,Basic,1,No,4.42,No,No,4G,0,1010,No,2
MRD-006187,Yes,33.42,10,337.52,Basic,1,No,7.24,No,Yes,5G,4,742,No,1
MRD-006188,No,63.35,4,440.5,Plus,1,No,5.49,No,Yes,4G,1,569,No,8
MRD-006189,No,27.1,62,2108.58,Basic,4,No,12.37,Yes,Yes,4G,1,736,Yes,6
MRD-006190,No,43.14,61,1573.05,Basic,4,No,6.24,No,No,5G,0,1339,Yes,3
MRD-006191,No,40.13,31,1052.26,Basic,1,No,1.79,Yes,Yes,5G,0,160,No,1
MRD-006192,No,33.12,10,224.38,Basic,2,Yes,10.76,Yes,No,5G,1,1089,No,8
MRD-006193,Yes,42.03,56,2245.37,Basic,1,No,4.16,No,Yes,4G,2,1430,No,5
MRD-006194,Yes,41.58,26,2006.21,Basic,2,No,5.89,No,Yes,4G,3,189,No,1
MRD-006195,No,73.33,54,1937.68,Premium,1,No,4.14,No,No,5G,1,457,No,3
MRD-006196,No,43.12,85,8152.55,Basic,1,No,3.23,Yes,Yes,4G,2,1157,No,6
MRD-006197,Yes,64.13,47,2508.05,Plus,4,No,4.39,Yes,No,4G,0,1453,Yes,7
MRD-006198,Yes,51.86,60,5132.81,Plus,2,No,2.38,Yes,Yes,5G,2,1024,No,3
MRD-006199,No,73.67,96,14788.85,Premium,2,Yes,2.58,Yes,No,5G,1,1435,No,6
MRD-006200,No,89.52,51,4918.8,Premium,2,No,2.95,Yes,No,4G,4,1152,No,7
MRD-006201,No,88.3,78,5309.69,Premium,1,No,8.25,Yes,No,5G,1,574,No,3
MRD-006202,No,52.04,8,446.65,Plus,2,Yes,8.0,Yes,No,4G,3,1359,No,9
MRD-006203,Yes,33.36,37,876.34,Basic,1,No,2.8,No,No,5G,0,405,No,1
MRD-006204,No,104.17,79,8479.04,Premium,3,No,2.52,Yes,No,5G,0,431,Yes,4
MRD-006205,No,59.49,82,5566.48,Plus,1,No,3.7,No,No,5G,1,912,No,4
MRD-006206,No,35.69,70,1345.39,Basic,3,No,6.58,Yes,No,5G,1,292,Yes,7
MRD-006207,No,61.94,79,2719.61,Plus,3,No,1.19,Yes,No,5G,1,1217,Yes,9
MRD-006208,No,57.09,87,5523.1,Plus,2,Yes,0.94,Yes,No,4G,2,746,No,10
MRD-006209,No,33.01,2,300.16,Basic,2,No,1.3,Yes,Yes,4G,1,1341,No,7
MRD-006210,No,33.37,21,576.73,Basic,2,No,1.3,Yes,No,5G,1,84,No,3
MRD-006211,Yes,32.6,10,888.4,Basic,3,No,2.24,No,No,5G,0,236,Yes,10
MRD-006212,No,33.01,71,1072.69,Basic,2,No,7.29,No,No,5G,2,622,No,10
MRD-006213,Yes,36.42,5,475.17,Basic,4,No,3.81,Yes,Yes,5G,2,1067,Yes,5
MRD-006214,Yes,30.41,18,911.24,Basic,4,No,2.53,Yes,Yes,5G,0,357,Yes,6
MRD-006215,Yes,69.74,44,4377.78,Premium,2,No,9.18,Yes,Yes,4G,3,134,No,1
MRD-006216,No,44.35,35,1696.17,Plus,2,No,9.21,No,Yes,5G,0,496,No,8
MRD-006217,Yes,35.14,67,1366.56,Basic,2,No,3.23,Yes,Yes,5G,0,1087,No,9
MRD-006218,No,39.48,16,1346.22,Basic,1,No,5.87,Yes,No,4G,2,350,No,1
MRD-006219,No,100.37,28,2356.25,Premium,1,No,2.74,No,Yes,5G,1,263,No,6
MRD-006220,Yes,30.8,0,0.0,Basic,3,No,4.29,Yes,No,5G,1,253,Yes,5
MRD-006221,No,40.56,30,1209.89,Basic,1,No,3.81,Yes,Yes,4G,0,518,No,9
MRD-006222,Yes,33.84,13,737.33,Basic,2,No,3.0,Yes,No,5G,3,1150,No,9
MRD-006223,Yes,36.37,25,1134.94,Basic,2,No,1.66,Yes,No,4G,3,1222,No,2
MRD-006224,No,100.6,79,9033.14,Premium,3,No,3.41,No,No,5G,2,1038,Yes,7
MRD-006225,Yes,60.87,82,4804.94,Plus,2,No,4.07,No,No,4G,2,523,No,8
MRD-006226,Yes,57.47,77,2623.63,Plus,5,No,3.46,No,No,5G,2,505,Yes,1
MRD-006227,No,78.52,14,943.74,Premium,2,No,8.46,Yes,No,5G,1,1020,No,10
MRD-006228,No,102.57,35,3481.59,Premium,2,Yes,2.78,Yes,Yes,4G,3,1312,No,8
MRD-006229,No,115.87,21,2224.72,Premium,4,No,2.91,Yes,No,5G,0,717,Yes,5
MRD-006230,No,92.33,45,4017.51,Premium,1,No,0.51,No,Yes,5G,2,486,No,6
MRD-006231,No,59.62,79,5968.05,Plus,1,No,3.14,Yes,No,5G,3,1483,No,9
MRD-006232,No,44.31,90,4103.52,Basic,1,Yes,2.06,Yes,No,4G,1,625,No,2
MRD-006233,Yes,29.75,87,3817.15,Basic,2,Yes,2.51,No,Yes,5G,3,1241,No,8
MRD-006234,Yes,34.43,45,617.61,Basic,1,No,7.67,Yes,No,4G,1,198,No,8
MRD-006235,No,29.87,50,1038.32,Basic,1,Yes,2.73,Yes,Yes,5G,3,424,No,10
MRD-006236,No,99.03,82,12675.54,Premium,2,No,3.27,No,No,5G,2,1178,No,2
MRD-006237,Yes,42.27,93,3575.0,Basic,2,No,1.12,No,Yes,5G,1,1351,No,2
MRD-006238,No,44.01,16,625.56,Basic,1,Yes,5.35,Yes,Yes,4G,0,1039,No,7
MRD-006239,No,58.39,81,11818.87,Plus,1,No,0.27,Yes,No,4G,1,922,No,6
MRD-006240,No,56.14,25,2102.26,Plus,1,No,1.9,Yes,No,4G,0,594,No,3
MRD-006241,No,93.62,86,6811.28,Premium,4,No,16.46,Yes,Yes,4G,5,1252,Yes,2
MRD-006242,Yes,33.23,19,632.06,Basic,1,No,5.51,No,Yes,4G,0,1197,No,1
MRD-006243,No,31.34,2,93.94,Basic,1,No,4.56,Yes,No,5G,1,1453,No,6
MRD-006244,No,69.82,39,4008.17,Plus,4,No,0.05,Yes,Yes,5G,0,1114,Yes,7
MRD-006245,No,52.99,28,3424.41,Plus,2,No,3.42,Yes,Yes,5G,0,302,No,1
MRD-006246,No,61.73,52,1806.41,Plus,4,No,3.65,No,No,4G,0,1443,Yes,9
MRD-006247,No,34.15,24,656.56,Basic,1,No,6.41,Yes,Yes,5G,1,1238,No,3
MRD-006248,No,37.69,54,2205.31,Basic,3,No,1.46,Yes,No,4G,1,1399,Yes,8
MRD-006249,Yes,41.69,90,3444.79,Basic,3,No,0.97,Yes,No,5G,2,289,Yes,10
MRD-006250,No,113.71,70,7912.23,Premium,5,No,7.28,No,No,4G,1,207,Yes,1
MRD-006251,Yes,101.1,85,9305.83,Premium,2,No,7.75,No,No,4G,3,17,No,1
MRD-006252,No,36.17,34,1346.74,Basic,3,No,4.3,No,No,5G,0,1179,Yes,4
MRD-006253,Yes,56.44,8,517.01,Plus,4,No,0.25,Yes,No,5G,2,122,Yes,1
MRD-006254,No,59.76,61,4788.66,Plus,2,No,2.24,No,Yes,5G,1,330,No,10
MRD-006255,No,52.87,7,278.06,Plus,1,No,10.83,No,No,4G,0,1350,No,7
MRD-006256,No,31.03,86,1773.64,Basic,2,No,0.77,No,Yes,5G,0,151,No,4
MRD-006257,No,59.36,44,2466.29,Plus,5,No,10.09,No,Yes,4G,2,1249,Yes,6
MRD-006258,No,36.08,82,3255.17,Basic,4,No,2.5,No,No,5G,2,529,Yes,5
MRD-006259,No,101.44,12,1671.16,Premium,1,No,4.58,Yes,No,5G,3,61,No,8
MRD-006260,No,43.24,49,2766.9,Basic,1,No,0.52,Yes,No,5G,1,1120,No,1
MRD-006261,No,33.58,59,1318.33,Basic,3,No,8.42,Yes,No,4G,1,405,Yes,9
MRD-006262,No,53.79,75,6270.79,Plus,1,No,0.07,No,No,4G,1,15,No,4
MRD-006263,Yes,49.93,59,1971.15,Plus,2,No,2.36,No,No,4G,3,1361,No,5
MRD-006264,No,72.81,79,6242.16,Plus,1,No,2.27,Yes,Yes,5G,0,907,No,6
MRD-006265,No,86.76,16,3360.74,Premium,2,No,0.54,Yes,Yes,5G,3,1463,No,10
MRD-006266,No,39.5,5,468.63,Basic,2,No,6.08,Yes,No,4G,1,988,No,8
MRD-006267,No,55.14,92,3713.31,Plus,3,No,1.2,Yes,Yes,4G,2,22,Yes,8
MRD-006268,No,68.4,70,5971.68,Plus,2,No,4.86,Yes,Yes,4G,2,237,No,2
MRD-006269,No,58.25,93,5360.6,Plus,5,No,1.49,No,Yes,4G,2,759,Yes,8
MRD-006270,Yes,27.71,88,2860.86,Basic,2,No,4.28,No,No,5G,1,1204,No,7
MRD-006271,No,90.25,68,6845.72,Premium,2,No,3.65,Yes,No,5G,2,73,No,2
MRD-006272,No,57.05,31,661.27,Plus,2,Yes,4.9,Yes,No,5G,0,1096,No,6
MRD-006273,No,77.62,56,3208.88,Plus,4,No,1.12,Yes,No,5G,0,1219,Yes,6
MRD-006274,No,82.01,71,4952.75,Premium,3,No,3.18,Yes,Yes,5G,1,861,Yes,2
MRD-006275,Yes,29.93,9,447.36,Basic,1,No,2.9,No,Yes,5G,3,23,No,5
MRD-006276,No,95.59,26,3715.13,Premium,3,No,7.23,No,No,4G,1,99,Yes,7
MRD-006277,Yes,35.89,74,1300.94,Basic,2,No,2.4,Yes,No,5G,0,217,No,4
MRD-006278,No,102.62,61,4039.9,Premium,2,Yes,9.61,Yes,No,5G,0,140,No,8
MRD-006279,Yes,37.14,94,3342.67,Basic,1,No,6.65,Yes,No,5G,2,1159,No,8
MRD-006280,No,61.92,94,6977.82,Plus,1,Yes,0.6,Yes,No,5G,1,994,No,6
MRD-006281,No,44.35,38,1802.74,Plus,1,No,2.25,No,Yes,4G,1,772,No,1
MRD-006282,No,75.39,35,2683.41,Premium,3,No,2.16,No,No,5G,2,284,Yes,8
MRD-006283,No,59.37,22,975.02,Plus,2,No,0.25,No,No,4G,0,462,No,8
MRD-006284,No,41.73,1,136.45,Basic,1,No,5.37,Yes,No,5G,2,180,No,4
MRD-006285,No,76.24,24,2262.28,Plus,1,No,3.59,Yes,No,5G,2,107,No,10
MRD-006286,No,60.66,33,1262.48,Plus,2,No,1.17,Yes,No,5G,1,146,No,7
MRD-006287,No,58.92,66,4782.8,Plus,1,No,0.79,No,No,5G,1,1219,No,7
MRD-006288,No,84.41,90,7091.38,Premium,4,No,6.91,Yes,Yes,5G,2,313,Yes,5
MRD-006289,No,91.31,38,4222.68,Premium,1,No,1.03,No,Yes,5G,1,440,No,9
MRD-006290,Yes,37.07,70,4185.64,Basic,2,No,0.33,Yes,Yes,4G,1,1130,No,1
MRD-006291,Yes,30.51,37,1015.33,Basic,3,No,4.13,No,Yes,4G,1,856,Yes,7
MRD-006292,No,55.63,21,2013.15,Plus,1,Yes,5.12,No,Yes,5G,2,669,No,1
MRD-006293,Yes,60.65,14,728.23,Plus,1,No,1.88,Yes,No,5G,1,538,No,1
MRD-006294,No,42.0,46,2111.89,Plus,3,No,7.65,No,No,4G,1,205,Yes,5
MRD-006295,Yes,30.06,69,3007.74,Basic,5,Yes,2.63,Yes,No,5G,3,137,Yes,7
MRD-006296,No,86.06,28,2359.67,Premium,1,No,2.73,Yes,No,5G,0,729,No,8
MRD-006297,No,59.93,89,1797.35,Plus,2,No,6.55,No,Yes,5G,1,1183,No,7
MRD-006298,No,61.05,5,745.52,Plus,1,No,0.74,Yes,Yes,5G,0,88,No,2
MRD-006299,No,84.02,65,11815.02,Premium,2,No,11.72,Yes,No,5G,0,35,No,6
MRD-006300,No,53.82,60,3744.41,Plus,1,Yes,2.45,Yes,Yes,5G,2,796,No,6
MRD-006301,No,97.17,45,4004.1,Premium,5,No,7.2,No,Yes,4G,2,1282,Yes,7
MRD-006302,No,29.42,73,2524.28,Basic,1,No,0.72,Yes,No,5G,1,550,No,10
MRD-006303,Yes,63.26,43,5454.94,Plus,3,No,5.08,Yes,No,5G,1,840,Yes,4
MRD-006304,No,40.35,95,2213.81,Basic,1,No,4.04,No,No,5G,2,1001,No,4
MRD-006305,No,51.47,47,1675.96,Plus,5,No,12.51,No,No,4G,3,1133,Yes,2
MRD-006306,No,58.43,7,583.55,Plus,2,No,5.34,Yes,Yes,5G,1,359,No,10
MRD-006307,No,34.46,4,302.61,Basic,1,No,1.85,Yes,Yes,5G,1,375,No,1
MRD-006308,No,73.68,36,1828.9,Plus,1,No,4.32,Yes,Yes,4G,1,1363,No,4
MRD-006309,No,67.34,21,2394.06,Plus,2,No,0.19,Yes,Yes,5G,0,1018,No,9
MRD-006310,No,33.74,32,791.39,Basic,4,Yes,0.35,No,No,5G,1,1282,Yes,4
MRD-006311,No,34.8,42,767.73,Basic,1,No,2.87,Yes,Yes,5G,5,151,No,7
MRD-006312,No,70.29,76,3971.12,Plus,3,No,2.43,Yes,No,4G,0,992,Yes,9
MRD-006313,No,34.71,19,488.71,Basic,4,Yes,1.96,Yes,No,5G,2,78,Yes,3
MRD-006314,No,54.98,78,3624.96,Plus,2,Yes,1.61,Yes,Yes,5G,0,1256,No,1
MRD-006315,No,66.6,51,2346.96,Plus,1,No,4.1,No,Yes,4G,2,1259,No,8
MRD-006316,Yes,33.65,18,569.87,Basic,1,Yes,1.31,Yes,No,4G,1,234,No,4
MRD-006317,No,31.72,91,876.41,Basic,1,No,0.45,No,No,5G,0,648,No,8
MRD-006318,No,83.86,49,4281.35,Premium,4,No,1.81,Yes,No,4G,0,1225,Yes,2
MRD-006319,Yes,36.64,84,2672.25,Basic,1,No,7.8,Yes,Yes,4G,2,768,No,6
MRD-006320,No,84.29,68,10360.13,Premium,3,No,2.89,Yes,No,4G,1,725,Yes,9
MRD-006321,Yes,69.81,15,987.37,Plus,1,No,3.04,Yes,No,5G,1,765,No,6
MRD-006322,No,72.68,31,2757.42,Premium,2,No,0.9,No,No,4G,2,906,No,3
MRD-006323,No,75.98,13,888.62,Premium,3,No,4.41,Yes,No,5G,0,377,Yes,9
MRD-006324,No,60.09,45,2023.1,Plus,3,No,10.64,Yes,No,4G,4,90,Yes,7
MRD-006325,No,67.58,42,1725.73,Plus,3,No,4.51,No,Yes,4G,0,1475,Yes,5
MRD-006326,No,87.65,32,1813.93,Premium,1,No,0.49,Yes,No,5G,1,1300,No,9
MRD-006327,No,69.9,16,436.1,Plus,2,No,0.58,Yes,No,5G,3,585,No,1
MRD-006328,No,27.66,68,2189.61,Basic,1,Yes,1.15,Yes,Yes,5G,1,1369,No,6
MRD-006329,Yes,32.82,54,1810.02,Basic,1,No,1.81,Yes,Yes,4G,2,1134,No,9
MRD-006330,No,53.05,92,4936.42,Plus,2,No,1.5,No,Yes,4G,1,1483,No,9
MRD-006331,No,58.54,50,5862.14,Plus,3,Yes,4.66,Yes,Yes,5G,0,105,Yes,9
MRD-006332,No,46.51,48,3035.92,Basic,4,No,0.8,Yes,Yes,4G,1,868,Yes,5
MRD-006333,No,67.09,95,10153.69,Plus,4,No,4.12,No,Yes,5G,1,380,Yes,9
MRD-006334,No,43.74,6,664.57,Basic,2,Yes,8.47,No,Yes,5G,0,9,No,2
MRD-006335,No,101.58,27,1685.44,Premium,1,No,3.5,No,No,5G,4,692,No,7
MRD-006336,No,30.91,26,1046.73,Basic,1,No,8.65,Yes,Yes,5G,3,1110,No,10
MRD-006337,No,37.57,80,5258.22,Basic,4,No,1.31,No,No,4G,1,1203,Yes,8
MRD-006338,Yes,32.15,82,2350.75,Basic,2,No,0.03,No,No,4G,3,727,No,9
MRD-006339,No,36.79,38,1756.3,Basic,3,No,3.05,Yes,Yes,4G,1,1398,Yes,8
MRD-006340,No,53.33,39,1489.61,Plus,3,No,0.9,Yes,Yes,5G,2,1305,Yes,1
MRD-006341,No,106.14,4,507.53,Premium,1,No,3.79,No,Yes,5G,3,1329,No,7
MRD-006342,No,43.21,37,1865.52,Basic,2,No,3.21,Yes,No,5G,0,1272,No,6
MRD-006343,No,62.31,52,3164.59,Plus,2,No,2.68,Yes,No,5G,3,758,No,9
MRD-006344,No,34.34,48,1364.67,Basic,5,No,5.03,Yes,Yes,5G,1,1328,Yes,8
MRD-006345,No,30.4,21,819.8,Basic,2,No,2.07,Yes,No,4G,1,872,No,5
MRD-006346,No,63.61,21,1027.66,Plus,1,No,1.44,Yes,Yes,5G,1,754,No,4
MRD-006347,Yes,56.42,93,5323.97,Plus,2,No,2.06,No,Yes,5G,3,215,No,4
MRD-006348,No,53.82,91,5559.71,Plus,3,No,1.94,Yes,No,4G,3,76,Yes,3
MRD-006349,No,33.65,73,3209.18,Basic,2,No,0.26,Yes,Yes,5G,0,1350,No,6
MRD-006350,No,37.17,13,586.51,Basic,4,Yes,6.44,No,Yes,5G,1,1021,Yes,3
MRD-006351,No,32.4,16,223.39,Basic,2,No,8.95,Yes,No,4G,1,522,No,10
MRD-006352,No,37.52,42,1703.08,Basic,5,No,3.9,Yes,No,4G,0,4,Yes,9
MRD-006353,No,67.72,42,3282.27,Plus,3,No,0.48,No,Yes,4G,3,846,Yes,2
MRD-006354,No,29.73,28,474.93,Basic,2,No,2.11,Yes,Yes,5G,2,104,No,3
MRD-006355,Yes,70.12,11,706.84,Plus,1,No,3.18,Yes,No,5G,1,89,No,4
MRD-006356,Yes,68.33,73,6327.8,Plus,1,Yes,2.52,No,Yes,5G,4,874,No,3
MRD-006357,No,111.22,37,6953.38,Premium,4,No,2.41,Yes,No,5G,1,388,Yes,10
MRD-006358,No,52.83,61,2813.45,Plus,3,No,6.58,No,No,4G,3,1112,Yes,10
MRD-006359,No,90.85,75,10274.45,Premium,3,No,2.15,Yes,Yes,5G,0,329,Yes,5
MRD-006360,No,31.79,50,888.15,Basic,1,No,4.61,Yes,Yes,4G,3,95,No,7
MRD-006361,Yes,35.32,57,1059.38,Basic,3,No,6.77,Yes,No,5G,0,1219,Yes,10
MRD-006362,No,56.2,48,4035.26,Plus,2,No,6.19,No,Yes,5G,1,308,No,1
MRD-006363,No,68.42,83,5044.93,Plus,1,No,1.58,Yes,No,5G,1,496,No,1
MRD-006364,No,118.78,63,12583.2,Premium,1,No,0.46,Yes,Yes,4G,1,1238,No,2
MRD-006365,No,100.09,47,4885.28,Premium,5,Yes,8.73,Yes,No,5G,0,1444,Yes,8
MRD-006366,Yes,35.76,5,84.19,Basic,2,No,1.92,No,No,5G,2,478,No,2
MRD-006367,No,58.33,19,807.53,Plus,1,No,3.4,Yes,Yes,5G,2,413,No,7
MRD-006368,No,77.84,73,3927.16,Premium,1,No,3.08,No,Yes,5G,2,299,No,2
MRD-006369,No,69.06,82,4319.56,Plus,4,Yes,4.92,Yes,No,5G,1,922,Yes,5
MRD-006370,No,55.68,30,2511.82,Plus,1,Yes,0.9,Yes,No,5G,1,1477,No,3
MRD-006371,No,83.12,56,8853.82,Premium,5,Yes,1.36,Yes,No,5G,1,574,Yes,2
MRD-006372,Yes,52.57,53,2332.74,Plus,4,Yes,1.29,No,No,5G,0,1047,Yes,5
MRD-006373,No,32.8,18,211.25,Basic,2,No,0.71,Yes,No,5G,1,953,No,9
MRD-006374,No,54.02,67,3975.07,Plus,3,No,6.47,Yes,Yes,4G,2,876,Yes,2
MRD-006375,No,98.89,2,16.84,Premium,2,No,1.4,Yes,No,4G,2,982,No,2
MRD-006376,No,69.12,11,554.08,Plus,2,Yes,3.41,Yes,Yes,5G,2,410,No,1
MRD-006377,No,53.36,73,4722.41,Plus,1,No,6.45,Yes,No,5G,0,1056,No,1
MRD-006378,Yes,52.45,10,597.43,Plus,1,Yes,1.41,No,No,5G,1,281,No,7
MRD-006379,No,48.78,87,8182.62,Plus,2,No,2.89,Yes,No,4G,1,833,No,5
MRD-006380,No,88.84,49,4809.75,Premium,2,No,3.79,No,Yes,5G,2,936,No,2
MRD-006381,Yes,38.96,96,4488.31,Basic,5,Yes,0.17,Yes,Yes,5G,1,1340,Yes,5
MRD-006382,No,54.79,11,731.06,Plus,4,No,6.21,No,No,5G,1,954,Yes,3
MRD-006383,No,27.73,77,2654.53,Basic,1,No,3.48,Yes,No,5G,0,223,No,6
MRD-006384,No,38.68,82,5801.47,Basic,1,No,1.22,No,No,4G,2,38,No,1
MRD-006385,No,88.29,53,5326.05,Premium,1,Yes,5.91,Yes,No,5G,0,644,No,1
MRD-006386,No,34.97,36,1050.49,Basic,1,No,4.29,Yes,No,4G,2,622,No,10
MRD-006387,No,88.51,69,6892.08,Premium,1,No,7.8,No,No,5G,4,569,No,4
MRD-006388,No,101.44,37,3013.95,Premium,1,No,0.26,Yes,Yes,5G,1,1380,No,6
MRD-006389,No,63.51,33,1652.68,Plus,1,No,1.32,Yes,No,5G,1,606,No,3
MRD-006390,Yes,33.0,80,6184.72,Basic,1,Yes,0.47,No,No,5G,1,1055,No,4
MRD-006391,No,55.71,80,3199.02,Plus,2,No,3.24,Yes,No,5G,2,420,No,10
MRD-006392,No,69.31,47,5476.01,Plus,1,Yes,2.34,Yes,No,4G,0,1137,No,10
MRD-006393,No,64.91,81,3682.97,Plus,1,No,2.97,No,No,5G,1,466,No,2
MRD-006394,Yes,31.15,18,747.51,Basic,3,No,2.98,Yes,No,5G,2,1437,Yes,4
MRD-006395,No,67.3,45,1624.88,Plus,5,No,4.08,No,Yes,4G,1,1225,Yes,9
MRD-006396,No,88.86,84,11592.58,Premium,2,No,3.72,Yes,No,5G,0,1009,No,9
MRD-006397,No,31.58,78,5320.37,Basic,3,No,1.27,Yes,Yes,5G,0,1011,Yes,10
MRD-006398,Yes,36.74,3,139.24,Basic,2,No,1.24,Yes,No,4G,3,345,No,7
MRD-006399,No,35.95,43,1030.12,Basic,1,No,4.18,No,Yes,4G,1,530,No,6
MRD-006400,No,31.37,14,265.98,Basic,2,No,7.12,Yes,No,5G,1,1320,No,1
MRD-006401,Yes,39.36,88,6498.35,Basic,1,No,3.76,Yes,Yes,5G,1,1141,No,4
MRD-006402,Yes,59.1,5,614.46,Plus,3,No,1.67,No,No,5G,3,111,Yes,7
MRD-006403,Yes,31.9,50,2598.82,Basic,5,No,2.23,Yes,No,5G,0,1301,Yes,6
MRD-006404,No,88.84,11,1127.99,Premium,3,Yes,0.79,Yes,Yes,5G,1,1155,Yes,10
MRD-006405,Yes,25.73,75,3082.07,Basic,4,No,4.29,No,Yes,4G,1,626,Yes,7
MRD-006406,No,112.75,7,435.11,Premium,1,No,4.64,No,Yes,5G,1,1306,No,9
MRD-006407,No,78.43,83,8734.25,Premium,2,Yes,0.84,Yes,Yes,4G,1,872,No,7
MRD-006408,Yes,60.76,2,155.8,Plus,3,No,2.56,No,No,4G,1,832,Yes,8
MRD-006409,No,28.01,15,527.46,Basic,1,No,2.03,No,No,4G,3,825,No,7
MRD-006410,No,41.64,75,4101.68,Basic,5,No,4.33,Yes,No,5G,0,281,Yes,10
MRD-006411,Yes,38.95,88,3107.16,Basic,2,No,5.22,No,Yes,5G,0,1020,No,2
MRD-006412,No,65.44,27,2968.57,Plus,5,Yes,2.67,No,Yes,4G,0,249,Yes,10
MRD-006413,No,92.81,41,4217.69,Premium,3,No,0.24,No,No,4G,0,1385,Yes,3
MRD-006414,No,79.03,14,393.59,Premium,1,Yes,1.2,Yes,No,5G,2,140,No,10
MRD-006415,No,58.91,17,1277.64,Plus,2,Yes,3.47,Yes,No,4G,2,880,No,10
MRD-006416,No,54.97,24,812.31,Plus,2,No,6.04,No,No,5G,2,157,No,7
MRD-006417,No,30.98,11,779.17,Basic,1,Yes,3.52,Yes,Yes,5G,0,526,No,5
MRD-006418,No,85.5,5,460.88,Premium,1,No,4.47,No,No,4G,4,275,No,3
MRD-006419,No,22.33,18,1389.77,Basic,1,Yes,3.67,Yes,Yes,5G,0,1105,No,8
MRD-006420,No,59.19,96,5316.48,Plus,2,No,1.09,Yes,Yes,4G,2,284,No,6
MRD-006421,Yes,41.26,22,842.82,Basic,3,No,7.28,Yes,No,5G,3,1421,Yes,6
MRD-006422,No,93.97,40,3865.19,Premium,1,No,0.54,Yes,Yes,5G,5,128,No,5
MRD-006423,Yes,42.61,85,3374.41,Basic,2,No,3.5,Yes,Yes,5G,2,1431,No,3
MRD-006424,No,90.87,81,6303.34,Premium,2,No,2.66,Yes,No,5G,1,939,No,9
MRD-006425,No,35.11,7,772.9,Basic,2,No,4.56,No,Yes,4G,2,889,No,6
MRD-006426,No,68.97,11,1217.33,Plus,2,No,2.01,Yes,Yes,5G,2,689,No,2
MRD-006427,Yes,35.55,16,439.62,Basic,1,No,0.51,Yes,Yes,5G,1,747,No,10
MRD-006428,No,49.93,94,4545.7,Plus,3,No,1.21,Yes,No,5G,2,916,Yes,5
MRD-006429,No,35.51,2,0.0,Basic,1,No,4.78,No,No,5G,0,525,No,10
MRD-006430,No,32.65,43,1050.59,Basic,1,No,3.29,Yes,No,5G,1,888,No,9
MRD-006431,No,72.2,38,3502.04,Premium,4,No,2.24,Yes,No,5G,1,1150,Yes,4
MRD-006432,No,65.3,96,6272.8,Plus,4,No,2.54,Yes,Yes,5G,0,556,Yes,7
MRD-006433,No,22.2,26,464.2,Basic,1,No,7.3,No,Yes,4G,1,989,No,9
MRD-006434,No,61.12,93,2002.45,Plus,1,No,0.43,Yes,No,4G,2,763,No,3
MRD-006435,No,37.33,30,1028.65,Basic,4,Yes,3.9,No,Yes,4G,2,927,Yes,9
MRD-006436,No,62.83,62,3632.19,Plus,1,Yes,5.49,Yes,Yes,5G,0,1382,No,1
MRD-006437,Yes,56.6,35,1897.04,Plus,1,No,0.2,No,No,4G,2,1044,No,3
MRD-006438,No,35.6,40,4474.53,Basic,2,No,0.26,Yes,Yes,5G,2,1468,No,9
MRD-006439,No,39.47,16,863.89,Basic,1,No,3.27,Yes,Yes,5G,2,73,No,9
MRD-006440,No,70.25,67,3462.23,Plus,2,Yes,15.55,Yes,No,5G,1,221,No,7
MRD-006441,No,37.57,42,1345.45,Basic,3,No,1.9,Yes,No,4G,2,964,Yes,2
MRD-006442,Yes,43.47,41,2787.53,Basic,3,No,1.16,Yes,No,5G,1,412,Yes,7
MRD-006443,No,53.41,34,1954.51,Plus,1,Yes,0.69,Yes,Yes,4G,1,1064,No,6
MRD-006444,Yes,56.22,63,3904.5,Plus,4,No,4.55,No,Yes,4G,1,524,Yes,7
MRD-006445,No,52.27,40,1305.34,Plus,1,No,2.3,Yes,No,4G,4,891,No,9
MRD-006446,No,120.58,53,6358.88,Premium,2,No,4.84,No,Yes,5G,1,203,No,1
MRD-006447,No,66.33,38,1842.75,Plus,3,No,0.83,No,No,5G,2,894,Yes,7
MRD-006448,No,91.72,51,1502.1,Premium,4,No,1.73,No,Yes,5G,1,106,Yes,6
MRD-006449,No,30.07,69,2382.07,Basic,3,No,12.35,Yes,Yes,5G,1,182,Yes,3
MRD-006450,Yes,27.21,33,1038.85,Basic,1,Yes,6.07,No,Yes,5G,1,1420,No,2
MRD-006451,Yes,61.59,25,1819.79,Plus,1,No,0.84,No,No,5G,1,562,No,3
MRD-006452,Yes,42.67,75,2138.97,Basic,1,No,4.95,Yes,No,5G,0,779,No,4
MRD-006453,Yes,26.87,59,1734.41,Basic,2,No,3.52,Yes,Yes,5G,1,1172,No,8
MRD-006454,No,87.12,11,3434.78,Premium,3,No,3.53,Yes,No,5G,1,745,Yes,1
MRD-006455,Yes,30.18,29,523.78,Basic,3,Yes,0.71,No,Yes,4G,4,1091,Yes,4
MRD-006456,No,84.87,8,563.61,Premium,4,Yes,5.62,Yes,No,5G,1,986,Yes,2
MRD-006457,No,43.56,81,3340.12,Basic,2,No,3.75,Yes,Yes,5G,3,869,No,7
MRD-006458,Yes,31.42,88,3608.29,Basic,4,No,7.14,Yes,Yes,4G,1,986,Yes,10
MRD-006459,No,55.32,52,4315.26,Plus,1,No,4.47,No,No,4G,0,1032,No,7
MRD-006460,No,69.31,48,1342.85,Plus,2,No,1.55,Yes,No,5G,1,1138,No,3
MRD-006461,No,91.38,96,6462.49,Premium,2,No,12.05,Yes,No,4G,2,994,No,6
MRD-006462,No,93.05,16,1498.76,Premium,3,No,3.64,Yes,No,5G,1,1432,Yes,4
MRD-006463,Yes,68.44,30,2076.6,Plus,2,No,5.4,Yes,Yes,4G,1,155,No,6
MRD-006464,No,67.01,45,2854.15,Plus,1,No,0.14,Yes,Yes,5G,1,369,No,4
MRD-006465,Yes,45.12,27,1071.77,Basic,5,No,1.95,No,Yes,4G,1,88,Yes,6
MRD-006466,Yes,59.17,17,2063.38,Plus,2,No,3.06,No,No,5G,0,920,No,3
MRD-006467,No,60.79,21,859.36,Plus,2,No,2.81,No,No,4G,3,842,No,8
MRD-006468,No,62.52,35,2346.84,Plus,2,No,9.44,No,No,4G,2,178,No,5
MRD-006469,No,39.53,72,1833.92,Basic,3,Yes,5.28,No,No,5G,0,757,Yes,4
MRD-006470,No,97.45,64,5038.81,Premium,1,No,4.16,Yes,No,4G,1,934,No,9
MRD-006471,No,89.69,15,1260.49,Premium,4,No,1.85,No,No,4G,2,788,Yes,9
MRD-006472,No,103.5,38,5751.41,Premium,2,No,12.19,Yes,No,4G,1,20,No,10
MRD-006473,No,38.61,37,1828.27,Basic,1,No,3.73,Yes,No,5G,4,775,No,7
MRD-006474,No,75.33,80,6012.63,Plus,2,No,2.36,No,Yes,5G,2,726,No,3
MRD-006475,No,56.96,20,451.98,Plus,2,No,6.01,Yes,No,5G,3,1071,No,2
MRD-006476,No,104.11,86,21615.89,Premium,1,No,1.45,No,No,4G,1,1378,No,2
MRD-006477,No,103.88,92,24298.53,Premium,2,Yes,1.96,Yes,No,4G,1,810,No,5
MRD-006478,No,62.07,93,5901.41,Plus,2,Yes,6.18,No,Yes,5G,1,1457,No,4
MRD-006479,No,51.81,95,8839.27,Plus,1,No,8.42,Yes,No,5G,1,140,No,10
MRD-006480,No,93.21,80,13033.44,Premium,2,No,0.16,Yes,Yes,5G,1,489,No,5
MRD-006481,No,35.38,2,0.0,Basic,1,No,5.95,Yes,No,4G,0,655,No,5
MRD-006482,No,52.98,17,1467.71,Plus,1,No,8.58,No,Yes,4G,0,1131,No,2
MRD-006483,No,57.13,68,2901.68,Plus,2,No,1.26,Yes,No,5G,1,3,No,5
MRD-006484,No,68.79,58,7624.25,Plus,1,No,3.55,Yes,Yes,5G,1,1034,No,2
MRD-006485,Yes,56.07,75,4390.25,Plus,5,No,2.71,No,No,5G,1,78,Yes,7
MRD-006486,No,99.2,93,12913.9,Premium,1,No,6.29,No,No,5G,0,807,No,1
MRD-006487,Yes,26.04,66,3303.57,Basic,1,No,0.78,No,No,5G,0,31,No,2
MRD-006488,No,32.61,64,2422.86,Basic,1,No,3.96,Yes,No,4G,2,282,No,3
MRD-006489,No,37.17,74,1778.82,Basic,1,No,3.68,No,No,5G,0,1018,No,6
MRD-006490,No,42.14,8,587.44,Basic,5,No,0.34,Yes,Yes,5G,0,1197,Yes,4
MRD-006491,No,47.48,87,5190.57,Plus,1,Yes,4.16,No,Yes,5G,1,920,No,7
MRD-006492,Yes,34.06,74,2279.15,Basic,3,No,8.83,Yes,Yes,4G,2,1431,Yes,9
MRD-006493,No,61.86,53,4044.27,Plus,1,No,4.5,Yes,No,5G,3,196,No,9
MRD-006494,No,63.05,71,4271.72,Plus,1,Yes,0.91,No,Yes,5G,0,1149,No,9
MRD-006495,No,63.74,45,2274.37,Plus,4,No,1.83,Yes,No,5G,1,1050,Yes,5
MRD-006496,No,107.64,95,16804.39,Premium,1,No,10.16,No,Yes,5G,0,382,No,10
MRD-006497,Yes,62.77,48,2086.37,Plus,1,No,17.95,No,No,4G,3,1214,No,6
MRD-006498,No,101.1,3,814.6,Premium,4,No,6.07,Yes,No,5G,4,1227,Yes,9
MRD-006499,No,58.5,96,4294.79,Plus,1,Yes,3.6,Yes,Yes,5G,4,1171,No,2
MRD-006500,No,73.57,43,5578.71,Premium,3,No,0.01,No,No,5G,3,54,Yes,9
MRD-006501,No,65.61,32,2409.25,Plus,1,Yes,7.91,No,No,5G,0,1128,No,5
MRD-006502,Yes,34.35,34,745.76,Basic,2,No,2.01,No,Yes,5G,2,371,No,9
MRD-006503,No,61.49,95,4619.41,Plus,2,No,2.35,Yes,No,5G,4,833,No,10
MRD-006504,No,62.05,37,2808.38,Plus,1,No,5.81,Yes,No,4G,1,1034,No,10
MRD-006505,No,60.72,47,1959.26,Plus,2,No,2.93,No,Yes,5G,2,801,No,8
MRD-006506,No,38.87,41,1429.34,Basic,1,No,4.29,No,Yes,4G,1,190,No,10
MRD-006507,No,84.38,29,2120.92,Premium,1,No,6.72,Yes,No,5G,3,833,No,2
MRD-006508,No,35.79,78,2286.76,Basic,5,No,1.66,Yes,Yes,4G,1,937,Yes,3
MRD-006509,No,38.27,71,2289.64,Basic,1,No,2.11,Yes,No,5G,3,292,No,6
MRD-006510,Yes,36.46,66,2958.33,Basic,3,Yes,3.62,Yes,No,5G,3,732,Yes,2
MRD-006511,No,96.87,91,7118.64,Premium,3,No,2.4,Yes,Yes,4G,2,343,Yes,6
MRD-006512,No,81.34,91,2853.78,Premium,3,No,0.51,No,No,4G,1,1081,Yes,10
MRD-006513,No,46.22,51,2412.63,Basic,2,No,0.17,Yes,No,5G,2,129,No,3
MRD-006514,No,83.46,17,1434.84,Premium,2,No,6.46,Yes,No,5G,2,262,No,7
MRD-006515,No,20.68,10,240.99,Basic,1,No,2.93,Yes,No,4G,3,75,No,5
MRD-006516,No,102.9,16,1080.04,Premium,4,No,0.96,No,Yes,5G,2,487,Yes,3
MRD-006517,Yes,59.96,92,8162.54,Plus,2,Yes,3.45,Yes,Yes,5G,1,677,No,9
MRD-006518,No,103.64,70,5948.79,Premium,1,No,0.85,No,No,5G,1,20,No,8
MRD-006519,No,65.35,79,4138.78,Plus,5,No,3.74,Yes,No,4G,2,1127,Yes,3
MRD-006520,No,69.83,49,3936.87,Plus,5,Yes,4.69,No,Yes,5G,1,1353,Yes,5
MRD-006521,No,59.1,63,4959.16,Plus,1,No,8.59,Yes,No,5G,2,416,No,2
MRD-006522,No,85.26,48,4511.97,Premium,2,No,3.68,Yes,No,5G,0,1004,No,8
MRD-006523,No,35.68,89,5137.5,Basic,1,No,1.62,Yes,No,5G,3,677,No,3
MRD-006524,Yes,30.07,42,1800.74,Basic,2,No,1.41,No,No,5G,2,1393,No,9
MRD-006525,No,57.1,7,702.51,Plus,3,Yes,4.9,Yes,Yes,5G,3,527,Yes,7
MRD-006526,No,79.71,76,10917.22,Premium,2,No,4.29,Yes,Yes,5G,3,707,No,2
MRD-006527,Yes,33.15,38,717.04,Basic,2,No,0.73,Yes,No,5G,0,1252,No,5
MRD-006528,No,62.94,62,3571.84,Plus,2,Yes,6.12,Yes,No,5G,2,127,No,5
MRD-006529,No,39.39,42,1614.36,Basic,1,No,2.32,Yes,No,4G,0,204,No,7
MRD-006530,No,38.66,19,671.88,Basic,5,No,0.51,No,No,5G,1,591,Yes,10
MRD-006531,No,64.59,90,7537.62,Plus,1,No,3.88,No,No,5G,3,208,No,5
MRD-006532,No,109.93,89,13362.51,Premium,1,No,2.27,No,No,5G,3,647,No,8
MRD-006533,No,99.94,89,15353.39,Premium,5,No,1.29,Yes,No,5G,0,1275,Yes,4
MRD-006534,No,28.76,52,1269.22,Basic,1,Yes,3.94,Yes,No,5G,3,1115,No,10
MRD-006535,No,48.62,88,2098.13,Plus,2,No,1.14,Yes,No,5G,1,1427,No,4
MRD-006536,No,69.02,66,8299.77,Plus,2,No,2.63,Yes,Yes,5G,1,1050,No,1
MRD-006537,No,101.02,53,9018.84,Premium,3,No,1.32,Yes,Yes,5G,0,901,Yes,3
MRD-006538,Yes,35.77,46,3072.77,Basic,1,No,1.8,Yes,Yes,5G,2,183,No,5
MRD-006539,No,57.92,65,3215.0,Plus,1,No,5.04,Yes,Yes,5G,4,1471,No,9
MRD-006540,No,77.79,49,2498.09,Premium,2,No,5.01,No,Yes,4G,3,827,No,10
MRD-006541,No,32.93,11,975.31,Basic,4,No,2.84,Yes,Yes,5G,0,1213,Yes,2
MRD-006542,No,58.84,59,2594.47,Plus,4,No,3.37,No,Yes,5G,2,528,Yes,7
MRD-006543,No,39.59,91,5481.75,Basic,1,No,13.38,Yes,Yes,5G,1,35,No,10
MRD-006544,Yes,46.36,37,3016.77,Basic,2,No,4.46,Yes,No,5G,2,1121,No,3
MRD-006545,Yes,39.44,61,2350.57,Basic,1,No,4.37,Yes,No,4G,0,1096,No,3
MRD-006546,No,103.58,34,5008.12,Premium,3,No,1.63,No,No,5G,3,221,Yes,4
MRD-006547,No,56.7,90,3406.85,Plus,1,No,0.49,Yes,No,5G,2,405,No,9
MRD-006548,No,69.82,70,3277.46,Plus,2,No,1.75,Yes,Yes,4G,0,179,No,5
MRD-006549,No,30.22,22,398.69,Basic,3,No,1.06,Yes,No,4G,1,542,Yes,1
MRD-006550,No,91.34,33,5419.8,Premium,4,No,4.2,Yes,No,5G,0,507,Yes,3
MRD-006551,Yes,92.07,12,912.58,Premium,1,No,8.78,Yes,Yes,5G,4,11,No,7
MRD-006552,No,69.84,75,3945.77,Plus,3,No,3.26,Yes,Yes,5G,0,495,Yes,3
MRD-006553,No,84.06,81,12095.68,Premium,2,No,0.7,Yes,Yes,5G,2,1046,No,5
MRD-006554,No,45.09,57,4278.39,Plus,3,No,1.42,Yes,Yes,4G,1,401,Yes,2
MRD-006555,No,87.1,1,327.37,Premium,2,No,2.9,No,Yes,5G,1,1230,No,6
MRD-006556,Yes,59.01,4,559.81,Plus,2,No,5.6,No,Yes,5G,5,309,No,4
MRD-006557,No,58.76,75,9198.14,Plus,1,No,1.3,Yes,No,4G,1,434,No,5
MRD-006558,No,73.79,23,3304.16,Premium,5,No,11.62,Yes,No,5G,0,715,Yes,6
MRD-006559,No,35.47,63,3448.34,Basic,2,No,7.7,Yes,Yes,5G,2,219,No,4
MRD-006560,Yes,55.63,48,2046.73,Plus,1,Yes,1.52,Yes,No,5G,3,1248,No,2
MRD-006561,Yes,29.38,90,1981.44,Basic,1,No,3.65,No,No,5G,2,1016,No,3
MRD-006562,Yes,27.4,91,3108.32,Basic,3,Yes,0.01,Yes,No,4G,4,934,Yes,6
MRD-006563,No,87.61,30,4075.57,Premium,2,No,2.68,Yes,No,4G,2,670,No,2
MRD-006564,No,50.66,33,4063.67,Plus,2,Yes,0.79,Yes,No,4G,0,1059,No,5
MRD-006565,No,78.8,16,809.91,Premium,2,No,2.74,Yes,Yes,4G,0,77,No,3
MRD-006566,No,40.2,37,1731.37,Basic,1,No,3.36,Yes,No,5G,1,741,No,5
MRD-006567,No,99.18,73,3887.62,Premium,1,Yes,6.12,Yes,Yes,4G,1,619,No,2
MRD-006568,No,68.77,43,2616.2,Plus,1,No,4.41,Yes,Yes,4G,2,1104,No,8
MRD-006569,No,59.19,77,7253.61,Plus,3,Yes,3.24,Yes,No,4G,4,240,Yes,10
MRD-006570,No,80.95,79,7614.69,Premium,3,No,5.95,Yes,Yes,5G,3,1476,Yes,10
MRD-006571,No,84.64,63,10460.57,Premium,1,Yes,3.91,No,No,4G,1,857,No,6
MRD-006572,Yes,61.91,39,1586.63,Plus,3,Yes,1.34,No,Yes,5G,2,524,Yes,2
MRD-006573,No,105.35,81,8923.51,Premium,4,No,0.46,Yes,No,5G,1,100,Yes,3
MRD-006574,No,61.56,54,1835.03,Plus,1,No,5.66,No,No,4G,3,1000,No,4
MRD-006575,No,90.05,17,4222.42,Premium,3,No,1.52,Yes,Yes,5G,0,200,Yes,1
MRD-006576,Yes,59.27,90,3147.52,Plus,2,No,1.24,Yes,Yes,4G,3,251,No,2
MRD-006577,No,30.96,49,2445.54,Basic,1,No,2.6,No,Yes,5G,2,114,No,2
MRD-006578,No,107.94,6,542.13,Premium,5,No,4.2,Yes,No,5G,3,119,Yes,3
MRD-006579,Yes,64.23,11,171.98,Plus,1,No,2.36,No,No,5G,3,202,No,3
MRD-006580,No,61.8,34,2881.15,Plus,3,No,3.48,Yes,Yes,5G,0,1136,Yes,7
MRD-006581,No,47.33,7,481.42,Plus,1,Yes,4.28,Yes,Yes,5G,2,799,No,10
MRD-006582,No,91.86,44,5557.21,Premium,2,No,3.5,Yes,Yes,5G,1,159,No,1
MRD-006583,No,87.72,95,10515.33,Premium,2,No,1.3,Yes,Yes,4G,4,1446,No,6
MRD-006584,No,57.64,42,3841.17,Plus,1,No,1.58,Yes,No,4G,3,284,No,7
MRD-006585,No,86.74,73,15524.5,Premium,1,No,1.55,No,No,4G,3,294,No,8
MRD-006586,No,60.18,57,2896.01,Plus,2,No,3.02,No,No,5G,2,1435,No,8
MRD-006587,No,52.81,69,10018.87,Plus,3,No,0.3,Yes,No,5G,1,995,Yes,5
MRD-006588,No,107.32,6,357.49,Premium,1,No,0.16,No,No,4G,1,1391,No,8
MRD-006589,No,58.98,9,206.1,Plus,2,No,1.92,No,Yes,4G,0,1418,No,10
MRD-006590,No,32.53,68,1872.14,Basic,1,No,1.85,Yes,Yes,5G,3,1467,No,4
MRD-006591,No,55.81,80,3891.29,Plus,1,No,1.29,Yes,Yes,5G,0,1147,No,1
MRD-006592,No,36.82,14,532.09,Basic,2,Yes,3.15,Yes,Yes,5G,0,196,No,9
MRD-006593,Yes,66.72,8,513.53,Plus,1,No,0.88,Yes,No,5G,2,958,No,1
MRD-006594,No,42.0,33,721.73,Basic,2,No,15.46,Yes,Yes,4G,0,1279,No,4
MRD-006595,No,66.91,57,6314.0,Plus,1,No,1.3,Yes,Yes,4G,1,884,No,8
MRD-006596,No,82.31,80,7113.85,Premium,1,No,8.05,No,Yes,5G,3,242,No,6
MRD-006597,Yes,40.57,48,5785.09,Basic,2,No,0.83,No,No,4G,2,930,No,5
MRD-006598,Yes,40.24,69,1964.28,Basic,3,No,0.67,Yes,No,5G,3,1316,Yes,3
MRD-006599,No,63.04,24,2191.15,Plus,1,No,8.86,Yes,No,5G,2,700,No,1
MRD-006600,Yes,28.34,44,2244.6,Basic,3,No,0.5,No,Yes,5G,2,823,Yes,5
MRD-006601,No,34.64,88,1677.84,Basic,2,No,1.42,Yes,Yes,5G,1,246,No,10
MRD-006602,Yes,46.18,69,2456.01,Basic,4,No,3.71,Yes,Yes,5G,0,1309,Yes,5
MRD-006603,No,54.53,40,4471.99,Plus,4,Yes,1.54,No,No,5G,0,977,Yes,7
MRD-006604,No,61.61,76,3694.06,Plus,1,No,0.15,No,Yes,5G,2,53,No,10
MRD-006605,No,34.12,82,2532.84,Basic,2,No,7.96,Yes,Yes,4G,1,959,No,1
MRD-006606,No,101.78,26,2281.23,Premium,2,No,4.3,No,No,5G,0,1442,No,1
MRD-006607,No,70.26,60,18432.94,Plus,4,Yes,7.81,Yes,No,4G,4,698,Yes,10
MRD-006608,No,53.21,53,7608.43,Plus,2,No,1.49,Yes,No,5G,2,468,No,7
MRD-006609,No,67.88,9,974.7,Plus,2,No,3.11,Yes,Yes,4G,0,1130,No,10
MRD-006610,Yes,32.99,54,2358.78,Basic,2,No,2.63,No,Yes,5G,1,1050,No,5
MRD-006611,No,54.66,78,10061.0,Plus,1,No,1.97,Yes,Yes,4G,3,1114,No,6
MRD-006612,No,57.1,76,2108.98,Plus,1,Yes,2.65,No,Yes,4G,1,422,No,4
MRD-006613,No,77.96,47,3352.41,Premium,3,No,1.52,Yes,Yes,5G,4,1415,Yes,4
MRD-006614,Yes,30.62,87,2437.8,Basic,3,No,4.27,Yes,No,5G,3,344,Yes,10
MRD-006615,No,74.23,12,1571.03,Premium,4,No,7.64,No,No,5G,2,142,Yes,5
MRD-006616,No,60.66,68,2624.02,Plus,2,No,0.83,No,Yes,4G,0,1468,No,1
MRD-006617,Yes,40.89,36,876.87,Basic,1,No,1.99,Yes,No,5G,0,1309,No,3
MRD-006618,Yes,38.43,62,4459.34,Basic,2,No,2.59,No,Yes,5G,2,1029,No,8
MRD-006619,No,25.09,33,552.74,Basic,3,No,2.45,No,Yes,5G,2,538,Yes,1
MRD-006620,Yes,64.57,8,334.91,Plus,2,Yes,1.35,No,Yes,5G,0,168,No,6
MRD-006621,Yes,40.85,95,4486.62,Basic,1,No,1.12,Yes,No,5G,1,1437,No,8
MRD-006622,No,88.65,50,2905.32,Premium,2,Yes,6.77,Yes,No,5G,5,1194,No,9
MRD-006623,No,96.05,21,1558.67,Premium,2,No,1.83,No,No,4G,5,334,No,3
MRD-006624,No,61.38,54,3021.23,Plus,2,Yes,1.42,Yes,No,5G,0,430,No,2
MRD-006625,No,54.35,31,2353.14,Plus,2,No,0.59,Yes,No,4G,0,933,No,7
MRD-006626,Yes,36.2,79,4514.8,Basic,3,Yes,0.31,Yes,No,5G,4,891,Yes,5
MRD-006627,No,54.3,34,1691.38,Plus,3,No,2.75,Yes,Yes,5G,0,1066,Yes,3
MRD-006628,No,109.16,16,2077.13,Premium,2,Yes,7.63,No,No,5G,2,842,No,7
MRD-006629,No,63.23,67,3557.09,Plus,1,No,1.66,No,No,5G,3,295,No,7
MRD-006630,Yes,68.6,55,2537.27,Plus,2,No,1.06,Yes,No,5G,1,265,No,1
MRD-006631,No,97.73,93,3182.27,Premium,1,No,11.4,Yes,No,5G,3,1170,No,8
MRD-006632,No,106.73,43,2574.92,Premium,4,Yes,8.75,Yes,Yes,4G,2,1164,Yes,1
MRD-006633,No,93.14,31,4311.34,Premium,2,No,5.03,No,Yes,5G,1,1186,No,8
MRD-006634,No,60.48,57,5678.84,Plus,4,Yes,1.11,Yes,Yes,5G,1,1446,Yes,7
MRD-006635,No,62.24,77,10533.43,Plus,3,No,0.34,Yes,No,5G,2,476,Yes,10
MRD-006636,No,60.16,87,4578.22,Plus,4,Yes,1.22,No,No,4G,1,388,Yes,4
MRD-006637,No,132.27,28,5982.33,Premium,2,Yes,6.06,Yes,Yes,5G,1,1006,No,10
MRD-006638,No,81.22,9,1341.22,Premium,2,No,4.38,Yes,Yes,5G,0,1488,No,4
MRD-006639,No,54.96,16,571.22,Plus,2,No,2.94,Yes,Yes,5G,2,922,No,2
MRD-006640,No,60.85,44,2307.24,Plus,3,No,2.37,Yes,No,4G,1,1115,Yes,6
MRD-006641,No,99.31,41,2783.45,Premium,5,No,0.74,Yes,No,5G,1,910,Yes,8
MRD-006642,No,79.63,74,6952.44,Premium,1,No,3.45,Yes,Yes,4G,1,1,No,6
MRD-006643,Yes,77.85,24,2911.33,Premium,1,No,2.88,No,No,5G,3,633,No,1
MRD-006644,No,37.67,92,5821.04,Basic,1,No,3.01,Yes,No,5G,2,347,No,5
MRD-006645,No,62.8,60,5452.91,Plus,2,No,2.31,Yes,No,4G,2,1005,No,6
MRD-006646,No,55.75,64,3702.74,Plus,2,No,3.41,No,No,5G,4,238,No,5
MRD-006647,No,52.97,91,4308.65,Plus,3,No,2.92,Yes,No,5G,1,1002,Yes,8
MRD-006648,Yes,30.9,90,1619.37,Basic,4,No,1.54,Yes,No,4G,1,1258,Yes,6
MRD-006649,Yes,37.88,63,4831.05,Basic,1,No,4.07,No,No,5G,1,12,No,3
MRD-006650,No,58.22,28,1816.88,Plus,4,Yes,3.48,No,No,4G,2,354,Yes,1
MRD-006651,Yes,56.64,56,3651.46,Plus,1,No,3.33,No,No,5G,1,83,No,2
MRD-006652,No,49.77,63,2033.33,Plus,3,No,7.87,Yes,No,4G,1,1166,Yes,1
MRD-006653,No,30.7,26,1943.61,Basic,2,No,1.45,Yes,No,5G,0,1429,No,3
MRD-006654,Yes,21.52,81,1246.32,Basic,4,No,11.45,Yes,No,4G,2,930,Yes,3
MRD-006655,Yes,25.49,51,3118.75,Basic,1,Yes,4.17,Yes,Yes,4G,2,858,No,5
MRD-006656,No,41.7,78,2371.86,Basic,2,No,2.83,No,No,5G,2,682,No,8
MRD-006657,No,91.49,54,4792.19,Premium,1,Yes,4.12,No,Yes,5G,1,1293,No,6
MRD-006658,No,48.34,50,3185.49,Plus,2,Yes,0.72,No,Yes,5G,3,1176,No,6
MRD-006659,No,68.82,53,4617.14,Plus,2,Yes,5.6,Yes,No,5G,0,324,No,7
MRD-006660,No,32.86,95,5490.57,Basic,1,Yes,4.11,No,No,4G,0,870,No,8
MRD-006661,No,26.27,10,199.64,Basic,2,No,2.53,No,No,4G,0,912,No,6
MRD-006662,Yes,30.6,92,8218.12,Basic,2,Yes,4.34,Yes,No,4G,3,775,No,1
MRD-006663,No,46.2,68,4315.68,Plus,1,No,4.64,No,No,5G,1,608,No,10
MRD-006664,No,117.93,80,8908.3,Premium,5,Yes,0.61,Yes,No,5G,1,1465,Yes,1
MRD-006665,No,27.2,39,1606.09,Basic,3,No,7.12,Yes,No,4G,1,150,Yes,3
MRD-006666,Yes,33.86,18,480.55,Basic,2,No,3.8,Yes,No,4G,2,400,No,10
MRD-006667,Yes,41.86,10,679.15,Basic,1,No,1.07,Yes,No,4G,0,932,No,3
MRD-006668,No,63.97,89,4720.53,Plus,2,No,6.85,Yes,No,5G,1,867,No,8
MRD-006669,No,53.25,66,5720.0,Plus,1,No,0.95,No,Yes,5G,1,35,No,3
MRD-006670,No,85.93,64,3117.83,Premium,2,No,6.0,No,No,5G,4,934,No,4
MRD-006671,No,97.62,42,3335.1,Premium,1,No,0.29,Yes,No,4G,1,1116,No,10
MRD-006672,No,88.42,62,5786.1,Premium,3,No,0.66,Yes,Yes,4G,0,557,Yes,3
MRD-006673,No,32.12,38,1561.81,Basic,4,No,6.95,Yes,Yes,5G,2,1125,Yes,6
MRD-006674,No,88.5,28,1292.75,Premium,1,No,3.34,Yes,No,4G,1,122,No,7
MRD-006675,No,35.29,77,2207.13,Basic,2,Yes,3.17,Yes,Yes,5G,1,291,No,8
MRD-006676,No,84.23,93,9665.15,Premium,1,No,1.95,Yes,Yes,5G,3,1165,No,9
MRD-006677,No,98.8,23,1394.42,Premium,1,No,1.61,Yes,Yes,5G,0,1399,No,2
MRD-006678,Yes,60.03,19,1699.96,Plus,1,Yes,9.46,No,Yes,4G,1,1304,No,4
MRD-006679,No,39.01,8,483.69,Basic,3,Yes,2.07,Yes,No,5G,1,298,Yes,5
MRD-006680,No,37.59,88,2172.97,Basic,2,No,4.4,Yes,Yes,5G,0,1167,No,7
MRD-006681,No,51.09,15,943.85,Plus,3,Yes,4.19,Yes,No,5G,5,265,Yes,4
MRD-006682,No,59.98,18,1085.52,Plus,3,No,4.56,No,Yes,4G,1,855,Yes,1
MRD-006683,No,34.22,4,240.77,Basic,2,No,9.99,Yes,Yes,5G,2,172,No,6
MRD-006684,No,63.2,67,7031.94,Plus,2,No,3.87,Yes,No,5G,0,1317,No,3
MRD-006685,No,30.28,30,958.0,Basic,2,No,2.94,No,No,5G,3,1158,No,5
MRD-006686,Yes,67.37,21,1399.88,Plus,3,No,1.12,Yes,No,5G,2,12,Yes,1
MRD-006687,No,56.21,83,6011.16,Plus,4,No,6.63,Yes,No,4G,1,43,Yes,9
MRD-006688,Yes,62.22,54,2047.97,Plus,3,No,0.75,Yes,No,4G,1,1019,Yes,5
MRD-006689,No,59.42,87,7831.06,Plus,2,No,0.59,Yes,No,5G,1,109,No,6
MRD-006690,No,68.26,73,4435.35,Plus,1,No,7.35,Yes,Yes,5G,0,430,No,4
MRD-006691,No,102.47,77,10078.15,Premium,1,No,4.34,No,No,4G,1,487,No,8
MRD-006692,Yes,28.25,42,3586.5,Basic,2,No,0.16,No,Yes,5G,3,185,No,5
MRD-006693,No,78.57,20,2261.91,Premium,1,No,1.03,Yes,No,5G,1,499,No,7
MRD-006694,No,30.63,19,559.16,Basic,2,No,1.32,No,Yes,5G,2,810,No,5
MRD-006695,No,25.3,20,251.78,Basic,3,No,2.29,No,Yes,4G,0,572,Yes,5
MRD-006696,No,111.53,47,4873.94,Premium,1,Yes,3.92,No,No,5G,1,1434,No,6
MRD-006697,Yes,35.16,2,178.04,Basic,3,No,0.44,Yes,Yes,4G,1,117,Yes,8
MRD-006698,No,64.26,74,3572.78,Plus,1,No,4.54,Yes,No,5G,1,1154,No,8
MRD-006699,No,112.17,19,1411.45,Premium,3,No,1.03,No,No,5G,2,426,Yes,7
MRD-006700,No,36.34,0,163.41,Basic,1,No,12.87,Yes,Yes,5G,2,1249,No,3
MRD-006701,No,34.43,57,3327.16,Basic,1,No,8.35,Yes,Yes,5G,1,961,No,4
MRD-006702,No,113.63,1,207.12,Premium,1,No,1.99,Yes,Yes,5G,3,201,No,4
MRD-006703,No,61.75,78,2692.53,Plus,1,No,13.31,No,No,4G,3,1248,No,6
MRD-006704,No,58.93,51,3582.03,Plus,2,No,3.46,Yes,Yes,5G,1,244,No,1
MRD-006705,No,26.51,71,2122.22,Basic,3,No,0.52,No,No,4G,1,1356,Yes,8
MRD-006706,Yes,75.54,92,7162.66,Premium,3,No,0.07,No,No,5G,0,1488,Yes,5
MRD-006707,No,88.06,17,2004.69,Premium,1,No,2.6,Yes,No,5G,0,170,No,8
MRD-006708,No,54.59,91,4867.12,Plus,3,Yes,1.6,Yes,No,5G,0,315,Yes,2
MRD-006709,Yes,43.46,12,853.62,Basic,3,No,1.65,Yes,Yes,4G,1,1420,Yes,2
MRD-006710,No,36.24,20,560.44,Basic,2,Yes,3.65,Yes,No,5G,1,1238,No,7
MRD-006711,No,49.3,34,1330.47,Basic,4,No,4.79,Yes,No,5G,4,263,Yes,3
MRD-006712,Yes,28.4,96,4327.57,Basic,1,No,2.82,No,No,5G,2,478,No,1
MRD-006713,No,38.87,7,635.4,Basic,5,No,5.46,Yes,No,5G,1,516,Yes,6
MRD-006714,No,47.31,51,2245.27,Plus,1,No,2.38,No,No,5G,0,1205,No,8
MRD-006715,Yes,36.47,13,444.71,Basic,3,No,1.13,No,Yes,5G,2,842,Yes,3
MRD-006716,No,65.58,91,3904.96,Plus,2,No,0.23,Yes,Yes,5G,3,488,No,8
MRD-006717,No,58.2,94,10203.95,Plus,3,Yes,1.33,No,No,4G,2,965,Yes,2
MRD-006718,Yes,58.52,4,402.69,Plus,1,No,1.65,Yes,No,5G,1,431,No,1
MRD-006719,No,115.33,84,14394.72,Premium,1,Yes,2.27,No,No,5G,3,1436,No,3
MRD-006720,Yes,37.32,70,1241.4,Basic,1,No,7.49,No,Yes,5G,1,737,No,3
MRD-006721,No,116.5,83,6811.08,Premium,3,No,4.37,Yes,Yes,5G,1,69,Yes,7
MRD-006722,No,118.84,54,8890.05,Premium,2,No,4.24,Yes,No,5G,4,1175,No,9
MRD-006723,Yes,33.44,2,271.15,Basic,1,No,6.25,Yes,Yes,5G,1,462,No,6
MRD-006724,No,49.8,34,1968.16,Basic,1,Yes,5.24,No,Yes,5G,1,205,No,10
MRD-006725,No,59.31,96,2915.18,Plus,2,No,14.75,Yes,No,5G,2,1387,No,3
MRD-006726,No,65.14,82,2907.53,Plus,1,No,5.43,No,Yes,5G,3,1168,No,1
MRD-006727,No,61.96,75,2255.09,Plus,5,No,4.14,No,Yes,5G,2,1002,Yes,10
MRD-006728,No,58.3,28,1734.65,Plus,1,No,4.22,Yes,Yes,5G,2,461,No,9
MRD-006729,No,32.29,40,2138.69,Basic,2,No,2.43,Yes,Yes,5G,2,570,No,7
MRD-006730,Yes,32.96,39,1773.63,Basic,4,No,8.49,No,No,4G,3,228,Yes,8
MRD-006731,Yes,29.07,40,2558.35,Basic,1,No,1.61,No,No,5G,1,297,No,5
MRD-006732,No,42.01,10,395.48,Basic,1,No,3.83,Yes,Yes,4G,4,1100,No,2
MRD-006733,No,80.02,68,3860.42,Premium,3,No,2.56,Yes,No,5G,1,11,Yes,5
MRD-006734,No,63.28,41,1954.76,Plus,1,Yes,5.2,Yes,Yes,5G,4,964,No,3
MRD-006735,No,64.0,23,3176.75,Plus,2,No,4.8,Yes,Yes,5G,2,256,No,8
MRD-006736,No,101.28,48,3585.2,Premium,1,No,4.95,Yes,Yes,5G,2,68,No,3
MRD-006737,No,30.9,91,4184.38,Basic,1,No,0.88,No,Yes,5G,1,283,No,4
MRD-006738,Yes,38.36,12,725.01,Basic,1,No,3.08,Yes,No,5G,2,6,No,8
MRD-006739,No,85.54,14,1327.89,Premium,2,No,3.85,No,No,5G,0,104,No,1
MRD-006740,No,66.24,30,2116.31,Plus,2,No,2.99,Yes,No,4G,3,298,No,5
MRD-006741,No,57.05,94,13814.41,Plus,2,No,2.29,Yes,No,4G,2,1414,No,8
MRD-006742,No,93.82,15,2011.26,Premium,1,No,4.0,Yes,Yes,4G,2,47,No,5
MRD-006743,Yes,63.6,23,1705.35,Plus,1,No,3.49,No,No,5G,0,956,No,5
MRD-006744,No,103.53,56,9617.12,Premium,2,No,10.26,No,No,4G,1,238,No,2
MRD-006745,No,72.12,68,4129.68,Plus,2,No,0.28,Yes,Yes,5G,1,666,No,8
MRD-006746,No,59.24,78,6245.17,Plus,3,No,1.67,Yes,No,5G,0,53,Yes,3
MRD-006747,No,91.23,8,815.73,Premium,1,No,3.86,Yes,Yes,5G,0,467,No,2
MRD-006748,No,54.56,17,1868.9,Plus,4,Yes,0.8,No,No,5G,2,408,Yes,6
MRD-006749,No,47.82,25,1385.12,Plus,2,No,2.68,No,Yes,4G,2,1223,No,10
MRD-006750,No,53.69,27,597.96,Plus,2,No,3.73,Yes,No,5G,4,1398,No,4
MRD-006751,No,57.69,53,6428.15,Plus,1,No,1.05,Yes,No,5G,0,703,No,8
MRD-006752,No,77.28,82,6351.58,Plus,2,No,0.8,Yes,Yes,4G,0,603,No,8
MRD-006753,No,104.01,87,10912.91,Premium,1,No,5.92,No,No,5G,3,1140,No,10
MRD-006754,No,92.31,89,10308.51,Premium,1,No,2.08,Yes,Yes,5G,3,193,No,1
MRD-006755,No,40.21,66,982.51,Basic,3,No,3.41,Yes,No,5G,2,1199,Yes,2
MRD-006756,Yes,34.58,1,440.39,Basic,1,No,0.82,Yes,Yes,4G,0,964,No,4
MRD-006757,No,117.07,83,7825.96,Premium,1,No,2.33,Yes,No,5G,2,1309,No,10
MRD-006758,Yes,35.79,2,223.1,Basic,2,No,0.33,No,Yes,4G,4,771,No,7
MRD-006759,Yes,36.39,42,1166.43,Basic,1,Yes,1.6,Yes,No,5G,0,315,No,6
MRD-006760,No,57.04,94,10315.04,Plus,2,No,5.32,No,No,5G,1,361,No,2
MRD-006761,No,52.95,83,3580.86,Plus,4,No,1.57,Yes,No,5G,0,489,Yes,5
MRD-006762,Yes,34.51,11,659.64,Basic,2,No,2.41,Yes,No,5G,2,190,No,7
MRD-006763,No,88.97,15,1565.34,Premium,5,No,0.47,Yes,No,5G,1,1177,Yes,9
MRD-006764,Yes,40.1,79,5145.45,Basic,1,No,1.6,Yes,No,5G,1,762,No,1
MRD-006765,Yes,33.71,1,0.0,Basic,1,No,2.15,No,No,5G,1,883,No,3
MRD-006766,Yes,36.6,7,145.09,Basic,2,No,0.62,Yes,No,5G,1,1180,No,3
MRD-006767,No,63.94,0,80.83,Plus,1,No,3.16,No,Yes,5G,1,344,No,3
MRD-006768,No,59.25,73,3001.25,Plus,2,Yes,2.75,Yes,No,5G,2,267,No,2
MRD-006769,No,59.32,93,5754.27,Plus,3,No,4.25,Yes,No,5G,0,637,Yes,7
MRD-006770,No,38.39,85,4798.94,Basic,1,No,5.85,Yes,Yes,5G,0,1468,No,9
MRD-006771,Yes,43.77,56,1414.75,Basic,1,No,6.95,Yes,No,4G,2,344,No,10
MRD-006772,No,109.91,2,451.3,Premium,1,Yes,0.56,Yes,Yes,5G,5,622,No,3
MRD-006773,No,59.6,66,2687.42,Plus,3,No,3.2,No,Yes,5G,0,467,Yes,4
MRD-006774,No,36.53,36,786.94,Basic,1,No,1.34,Yes,No,5G,1,164,No,1
MRD-006775,Yes,37.18,39,849.01,Basic,4,No,4.68,Yes,No,4G,1,332,Yes,9
MRD-006776,No,108.88,22,2855.5,Premium,2,Yes,0.77,Yes,No,5G,1,643,No,9
MRD-006777,No,46.33,83,5691.16,Plus,1,No,0.27,Yes,No,4G,1,363,No,4
MRD-006778,No,63.42,95,3938.1,Plus,2,No,1.49,Yes,No,5G,0,582,No,8
MRD-006779,No,82.16,71,9380.61,Premium,4,No,6.14,Yes,Yes,4G,1,1218,Yes,3
MRD-006780,No,32.03,69,2514.54,Basic,1,No,0.88,No,Yes,4G,3,846,No,7
MRD-006781,Yes,37.45,16,277.28,Basic,1,No,4.22,No,No,4G,0,1030,No,3
MRD-006782,No,37.89,74,3098.12,Basic,2,No,1.48,No,Yes,5G,3,1368,No,6
MRD-006783,No,95.99,27,3672.12,Premium,3,No,6.99,No,No,5G,2,908,Yes,10
MRD-006784,No,57.09,68,4392.23,Plus,2,No,2.07,No,No,4G,0,616,No,8
MRD-006785,Yes,24.54,4,0.0,Basic,2,Yes,3.49,No,No,4G,3,672,No,6
MRD-006786,No,99.72,16,1577.67,Premium,2,Yes,3.58,Yes,No,5G,1,120,No,2
MRD-006787,No,31.17,55,1580.9,Basic,5,No,2.53,Yes,Yes,5G,0,1384,Yes,9
MRD-006788,No,78.71,10,934.1,Premium,1,No,1.79,No,No,5G,2,841,No,9
MRD-006789,No,62.7,59,3690.43,Plus,2,No,2.33,Yes,No,5G,0,83,No,8
MRD-006790,No,95.39,53,8383.15,Premium,3,No,3.39,Yes,No,5G,0,1146,Yes,3
MRD-006791,Yes,31.21,38,1071.48,Basic,2,Yes,1.44,Yes,Yes,5G,3,603,No,1
MRD-006792,No,99.06,48,3798.98,Premium,4,No,8.15,No,No,4G,2,19,Yes,9
MRD-006793,No,59.26,68,5505.57,Plus,2,No,0.26,Yes,Yes,5G,1,991,No,6
MRD-006794,No,104.69,40,3312.76,Premium,3,Yes,2.93,No,No,5G,0,181,Yes,10
MRD-006795,Yes,68.79,6,726.31,Plus,3,No,5.75,Yes,No,5G,4,742,Yes,1
MRD-006796,No,35.71,6,129.37,Basic,3,Yes,4.65,No,No,4G,4,171,Yes,10
MRD-006797,No,115.38,34,3509.84,Premium,2,No,2.46,No,No,5G,0,25,No,1
MRD-006798,No,36.09,6,174.72,Basic,2,No,9.48,Yes,No,4G,1,1277,No,8
MRD-006799,No,98.53,66,8790.93,Premium,3,No,0.35,Yes,No,5G,4,137,Yes,9
MRD-006800,No,62.49,65,2873.08,Plus,2,No,3.04,Yes,No,4G,2,442,No,8
MRD-006801,No,69.5,43,2244.11,Plus,3,Yes,2.31,No,No,5G,2,611,Yes,8
MRD-006802,No,93.01,83,3846.34,Premium,4,No,3.39,No,No,5G,1,330,Yes,6
MRD-006803,No,23.9,36,814.66,Basic,1,No,5.7,Yes,No,4G,1,1126,No,7
MRD-006804,No,64.98,32,1397.88,Plus,1,Yes,1.01,No,No,4G,2,537,No,2
MRD-006805,No,40.68,94,2906.46,Basic,3,No,3.11,No,Yes,5G,1,638,Yes,2
MRD-006806,Yes,34.41,11,193.4,Basic,2,Yes,1.77,Yes,No,5G,2,205,No,8
MRD-006807,No,50.32,31,3240.86,Plus,3,Yes,8.04,Yes,No,5G,0,544,Yes,7
MRD-006808,No,65.4,27,1920.18,Plus,3,No,2.04,Yes,Yes,5G,2,1105,Yes,7
MRD-006809,No,58.32,32,958.79,Plus,3,No,1.01,Yes,No,5G,0,872,Yes,8
MRD-006810,No,31.51,86,3146.81,Basic,1,No,0.59,No,No,5G,1,427,No,6
MRD-006811,No,61.33,38,1493.69,Plus,1,No,1.59,No,No,4G,1,352,No,8
MRD-006812,No,76.61,64,7624.15,Premium,1,Yes,0.44,Yes,Yes,4G,3,820,No,8
MRD-006813,No,61.68,45,5763.29,Plus,2,No,4.24,Yes,No,4G,4,734,No,10
MRD-006814,No,57.8,14,658.49,Plus,2,No,6.84,Yes,Yes,5G,1,210,No,4
MRD-006815,No,51.82,70,3927.71,Plus,1,No,1.99,Yes,No,5G,1,1016,No,9
MRD-006816,Yes,60.03,46,1941.17,Plus,2,Yes,4.04,Yes,Yes,4G,0,381,No,7
MRD-006817,No,59.46,45,3061.42,Plus,5,No,11.11,No,No,5G,4,979,Yes,10
MRD-006818,Yes,30.72,39,966.0,Basic,3,No,4.31,Yes,Yes,4G,3,1297,Yes,1
MRD-006819,No,69.84,20,959.28,Plus,2,No,8.23,No,Yes,5G,3,562,No,9
MRD-006820,No,47.46,35,2188.65,Plus,4,Yes,3.08,Yes,No,5G,1,1380,Yes,1
MRD-006821,No,96.97,72,3428.01,Premium,2,No,1.5,Yes,Yes,4G,2,924,No,1
MRD-006822,No,55.97,54,3432.08,Plus,4,No,0.91,Yes,Yes,4G,5,1101,Yes,10
MRD-006823,No,40.25,89,5309.96,Basic,2,No,0.69,No,No,5G,0,1061,No,7
MRD-006824,No,37.44,70,7269.5,Basic,4,Yes,0.58,No,No,4G,2,408,Yes,5
MRD-006825,No,58.74,65,5864.05,Plus,2,Yes,5.19,Yes,Yes,5G,1,141,No,1
MRD-006826,No,34.74,68,370.07,Basic,1,No,1.85,No,No,4G,2,1300,No,3
MRD-006827,No,57.31,26,1394.86,Plus,3,No,4.98,Yes,No,5G,2,855,Yes,4
MRD-006828,No,33.35,15,792.86,Basic,1,No,1.31,Yes,Yes,5G,1,242,No,3
MRD-006829,No,97.6,63,13469.31,Premium,1,No,0.64,Yes,No,5G,0,515,No,2
MRD-006830,No,22.78,93,3226.73,Basic,4,Yes,9.01,No,No,5G,2,457,Yes,4
MRD-006831,Yes,34.28,7,485.72,Basic,1,Yes,2.1,No,Yes,4G,4,509,No,4
MRD-006832,No,72.24,90,12896.83,Plus,4,Yes,4.42,Yes,Yes,5G,2,864,Yes,2
MRD-006833,Yes,66.41,22,2424.88,Plus,5,No,1.85,Yes,No,5G,1,1300,Yes,5
MRD-006834,No,66.69,21,875.62,Plus,1,Yes,5.48,Yes,Yes,5G,1,16,No,8
MRD-006835,No,51.92,59,3405.38,Plus,3,No,8.03,Yes,No,5G,0,867,Yes,3
MRD-006836,No,52.85,45,1762.83,Plus,3,No,1.97,No,No,5G,1,445,Yes,8
MRD-006837,No,88.48,54,3844.51,Premium,1,No,4.41,Yes,Yes,5G,4,282,No,1
MRD-006838,No,63.2,85,6865.49,Plus,5,No,4.67,Yes,No,4G,1,1253,Yes,1
MRD-006839,No,60.88,22,900.13,Plus,1,Yes,2.87,Yes,No,5G,0,1405,No,9
MRD-006840,No,65.55,63,3877.6,Plus,2,No,5.33,No,No,5G,0,502,No,6
MRD-006841,No,104.13,61,3991.4,Premium,2,No,1.23,Yes,Yes,5G,2,1224,No,10
MRD-006842,Yes,64.47,26,1023.49,Plus,3,No,0.72,Yes,No,5G,4,465,Yes,2
MRD-006843,No,64.6,34,2763.25,Plus,2,No,0.87,Yes,No,5G,1,712,No,2
MRD-006844,No,60.89,33,1972.27,Plus,3,Yes,6.75,No,No,4G,1,1248,Yes,3
MRD-006845,No,97.45,54,7067.59,Premium,2,No,5.29,No,No,4G,2,603,No,3
MRD-006846,No,31.7,13,558.11,Basic,4,No,6.1,Yes,No,5G,2,1062,Yes,8
MRD-006847,No,52.13,19,1105.78,Plus,1,No,3.63,Yes,Yes,5G,1,667,No,6
MRD-006848,No,30.75,94,3184.52,Basic,4,No,3.03,No,No,5G,2,374,Yes,5
MRD-006849,No,82.2,66,3074.01,Premium,1,No,0.31,No,No,5G,0,127,No,6
MRD-006850,Yes,30.82,38,1294.91,Basic,1,No,1.06,Yes,No,5G,0,397,No,8
MRD-006851,No,37.07,85,3915.13,Basic,3,No,4.47,No,No,5G,1,100,Yes,5
MRD-006852,No,58.43,29,2267.9,Plus,1,Yes,1.13,Yes,Yes,5G,1,996,No,4
MRD-006853,No,87.29,57,4690.56,Premium,2,No,1.53,Yes,Yes,5G,4,409,No,8
MRD-006854,Yes,38.86,22,1399.98,Basic,1,No,1.84,Yes,No,5G,2,1360,No,6
MRD-006855,No,66.22,93,7516.38,Plus,1,No,2.56,Yes,No,4G,1,1085,No,4
MRD-006856,No,76.34,34,1133.66,Premium,3,No,2.53,Yes,Yes,5G,0,998,Yes,10
MRD-006857,No,66.77,23,1659.81,Plus,2,No,4.48,Yes,No,4G,0,191,No,4
MRD-006858,No,64.76,59,2605.17,Plus,4,No,6.0,No,Yes,5G,1,335,Yes,3
MRD-006859,Yes,27.54,19,1010.4,Basic,1,No,4.06,No,Yes,4G,1,367,No,5
MRD-006860,No,63.88,24,1744.57,Plus,1,No,6.86,Yes,No,5G,0,1300,No,3
MRD-006861,Yes,25.92,34,700.19,Basic,1,No,3.65,Yes,Yes,4G,2,1437,No,6
MRD-006862,Yes,39.31,68,3477.55,Basic,4,No,6.42,No,No,5G,1,1245,Yes,9
MRD-006863,No,32.33,86,2483.59,Basic,1,No,6.91,No,Yes,5G,0,1277,No,4
MRD-006864,No,52.32,0,137.33,Plus,2,No,9.01,Yes,No,4G,1,152,No,7
MRD-006865,No,92.45,93,7461.87,Premium,1,No,3.3,Yes,No,5G,2,480,No,8
MRD-006866,No,66.06,92,8765.3,Plus,1,No,1.91,No,Yes,5G,0,1129,No,10
MRD-006867,No,106.18,48,2464.13,Premium,3,No,4.05,No,No,4G,1,103,Yes,6
MRD-006868,No,61.16,70,4894.18,Plus,4,No,6.1,Yes,No,4G,3,485,Yes,3
MRD-006869,No,48.51,85,3259.34,Plus,2,No,1.91,No,No,4G,2,240,No,7
MRD-006870,No,55.77,43,2702.58,Plus,2,No,4.5,Yes,Yes,5G,0,317,No,9
MRD-006871,Yes,37.61,7,731.06,Basic,1,No,0.16,No,Yes,5G,1,1009,No,9
MRD-006872,No,91.5,65,6894.19,Premium,3,Yes,0.89,Yes,No,4G,4,968,Yes,1
MRD-006873,Yes,41.25,60,1531.66,Basic,3,No,1.42,Yes,No,4G,1,618,Yes,9
MRD-006874,No,36.72,87,2348.5,Basic,1,No,1.44,Yes,Yes,5G,0,310,No,6
MRD-006875,Yes,63.1,92,5635.87,Plus,4,No,1.17,No,Yes,4G,5,1417,Yes,4
MRD-006876,No,37.92,79,3874.09,Basic,4,Yes,3.35,Yes,No,5G,2,903,Yes,9
MRD-006877,Yes,41.79,8,394.05,Basic,3,No,3.57,No,No,5G,1,1091,Yes,2
MRD-006878,No,33.06,20,969.22,Basic,3,No,1.17,Yes,No,5G,4,725,Yes,9
MRD-006879,Yes,32.88,16,1649.24,Basic,5,No,0.3,Yes,Yes,5G,1,158,Yes,2
MRD-006880,No,48.28,53,1295.87,Plus,1,Yes,2.34,Yes,No,4G,2,900,No,3
MRD-006881,No,66.23,62,8109.53,Plus,1,No,5.97,Yes,No,5G,1,1183,No,7
MRD-006882,No,55.08,10,252.3,Plus,3,No,3.73,No,No,5G,1,287,Yes,3
MRD-006883,No,47.9,77,4891.82,Plus,3,No,3.63,No,No,4G,1,1261,Yes,3
MRD-006884,Yes,29.7,58,1028.57,Basic,1,No,4.79,Yes,No,5G,1,274,No,4
MRD-006885,No,43.45,60,2140.09,Basic,2,No,3.34,Yes,No,4G,2,944,No,5
MRD-006886,No,59.88,80,13487.95,Plus,4,Yes,1.74,Yes,No,5G,0,962,Yes,6
MRD-006887,No,68.95,68,2543.82,Plus,3,Yes,1.1,Yes,Yes,5G,0,249,Yes,5
MRD-006888,No,36.25,9,616.75,Basic,2,No,1.22,Yes,No,4G,0,169,No,2
MRD-006889,No,100.28,33,3817.55,Premium,4,No,3.61,Yes,Yes,4G,0,546,Yes,1
MRD-006890,No,65.05,0,192.1,Plus,1,No,2.49,No,Yes,5G,0,636,No,6
MRD-006891,Yes,62.74,77,7296.41,Plus,1,No,2.04,Yes,No,5G,1,1001,No,2
MRD-006892,Yes,39.91,10,379.83,Basic,1,No,3.93,Yes,No,5G,4,362,No,3
MRD-006893,Yes,28.32,56,2359.32,Basic,2,No,2.69,Yes,Yes,5G,4,75,No,5
MRD-006894,No,57.01,49,2356.74,Plus,2,No,1.94,Yes,Yes,5G,2,122,No,6
MRD-006895,Yes,40.86,18,512.0,Basic,1,No,1.27,Yes,Yes,5G,1,1274,No,2
MRD-006896,No,39.08,57,1716.39,Basic,2,No,1.38,Yes,No,5G,2,831,No,8
MRD-006897,No,36.79,63,1880.99,Basic,2,No,4.27,Yes,Yes,5G,0,344,No,6
MRD-006898,No,66.07,65,4176.63,Plus,1,No,6.84,Yes,No,4G,1,545,No,2
MRD-006899,No,41.24,82,2285.13,Basic,2,Yes,0.93,Yes,Yes,5G,1,112,No,2
MRD-006900,No,60.7,15,877.37,Plus,3,No,3.32,Yes,No,4G,1,1274,Yes,4
MRD-006901,Yes,44.21,45,1674.56,Basic,2,Yes,1.28,No,Yes,5G,1,1110,No,1
MRD-006902,No,68.87,68,6639.81,Plus,1,Yes,2.33,Yes,Yes,5G,3,130,No,7
MRD-006903,No,35.27,86,5135.35,Basic,2,No,2.91,Yes,Yes,5G,0,27,No,2
MRD-006904,No,82.94,3,390.02,Premium,2,No,6.2,Yes,No,5G,4,217,No,1
MRD-006905,Yes,37.38,14,527.74,Basic,4,No,7.68,No,No,5G,2,480,Yes,3
MRD-006906,No,41.1,54,4551.59,Basic,1,No,1.34,No,Yes,5G,1,554,No,4
MRD-006907,No,34.55,45,1674.03,Basic,2,Yes,0.5,Yes,Yes,5G,1,1319,No,8
MRD-006908,No,96.28,59,5915.46,Premium,2,No,2.91,Yes,No,4G,0,1005,No,10
MRD-006909,No,63.33,5,393.81,Plus,4,No,1.05,Yes,No,5G,1,342,Yes,10
MRD-006910,No,36.78,62,4572.99,Basic,1,No,1.55,No,No,5G,2,156,No,9
MRD-006911,No,64.74,65,4211.99,Plus,3,No,2.45,No,No,4G,3,42,Yes,9
MRD-006912,No,55.82,87,7511.23,Plus,1,No,0.82,Yes,Yes,5G,1,661,No,4
MRD-006913,No,62.51,8,869.04,Plus,1,No,7.78,No,Yes,4G,1,1237,No,3
MRD-006914,No,31.87,60,4061.87,Basic,3,No,3.37,Yes,No,5G,0,974,Yes,3
MRD-006915,No,58.55,66,2396.21,Plus,1,Yes,17.6,No,No,5G,3,1445,No,3
MRD-006916,No,57.6,96,4193.09,Plus,1,No,0.96,Yes,Yes,4G,3,569,No,1
MRD-006917,No,51.36,46,3250.92,Plus,3,No,17.79,Yes,No,5G,1,86,Yes,5
MRD-006918,No,63.44,14,256.21,Plus,2,No,2.96,No,No,4G,4,829,No,1
MRD-006919,No,55.33,47,2107.1,Plus,1,No,9.76,No,No,5G,2,1469,No,10
MRD-006920,No,54.87,80,2546.81,Plus,1,No,3.93,Yes,No,5G,2,999,No,7
MRD-006921,No,38.32,73,6038.89,Basic,1,No,0.19,Yes,Yes,4G,1,577,No,9
MRD-006922,No,65.59,4,38.9,Plus,3,No,1.16,Yes,No,5G,0,599,Yes,10
MRD-006923,No,65.17,52,4694.42,Plus,1,No,1.21,Yes,Yes,5G,3,381,No,5
MRD-006924,No,40.12,75,1190.96,Basic,1,No,1.86,Yes,Yes,5G,2,809,No,7
MRD-006925,Yes,57.99,87,2513.37,Plus,3,No,1.71,Yes,Yes,4G,3,800,Yes,3
MRD-006926,No,88.35,92,8486.97,Premium,4,No,1.59,Yes,No,4G,1,831,Yes,7
MRD-006927,No,50.66,5,790.92,Plus,5,No,0.43,Yes,No,5G,0,1149,Yes,10
MRD-006928,No,94.44,26,5414.62,Premium,3,No,3.78,Yes,No,5G,1,601,Yes,2
MRD-006929,Yes,34.35,86,1950.71,Basic,2,No,4.03,Yes,Yes,4G,1,568,No,8
MRD-006930,No,35.94,63,3881.37,Basic,3,No,0.95,Yes,No,5G,2,1069,Yes,9
MRD-006931,Yes,43.94,7,412.44,Basic,2,Yes,2.33,No,No,4G,0,437,No,9
MRD-006932,No,37.77,62,1079.23,Basic,1,No,1.91,No,No,5G,2,109,No,8
MRD-006933,No,30.23,41,1185.09,Basic,5,No,13.35,No,Yes,4G,0,627,Yes,10
MRD-006934,No,95.42,27,4440.53,Premium,2,No,0.55,Yes,No,5G,1,1345,No,7
MRD-006935,Yes,34.21,15,396.05,Basic,2,Yes,13.81,Yes,No,5G,3,1308,No,9
MRD-006936,No,67.89,78,3557.12,Plus,1,No,5.43,Yes,No,4G,1,1333,No,6
MRD-006937,Yes,63.17,86,2633.75,Plus,2,Yes,3.65,Yes,Yes,4G,1,483,No,5
MRD-006938,Yes,67.94,1,157.9,Plus,1,No,1.22,Yes,No,5G,3,626,No,5
MRD-006939,No,67.73,66,1759.68,Plus,1,No,5.49,No,Yes,5G,0,1185,No,7
MRD-006940,No,51.54,96,13395.4,Plus,4,No,2.04,Yes,No,5G,2,551,Yes,6
MRD-006941,Yes,31.28,12,292.5,Basic,1,No,0.92,Yes,No,5G,0,1283,No,4
MRD-006942,No,30.54,81,4429.65,Basic,3,Yes,2.47,Yes,No,5G,1,235,Yes,7
MRD-006943,No,59.24,64,6714.14,Plus,1,No,5.03,No,No,4G,0,803,No,9
MRD-006944,No,54.16,54,3600.19,Plus,1,No,0.77,No,Yes,5G,2,814,No,4
MRD-006945,No,27.84,68,2876.24,Basic,3,No,5.57,No,Yes,4G,3,1006,Yes,8
MRD-006946,Yes,29.32,93,985.02,Basic,3,Yes,0.29,No,No,4G,0,76,Yes,4
MRD-006947,No,34.18,43,1326.42,Basic,2,No,7.47,Yes,No,5G,2,1019,No,1
MRD-006948,No,85.14,86,5532.31,Premium,5,No,0.46,Yes,No,5G,0,585,Yes,7
MRD-006949,No,56.19,89,4310.42,Plus,1,No,0.24,No,Yes,5G,1,824,No,2
MRD-006950,No,37.02,85,5915.38,Basic,1,No,2.52,Yes,Yes,5G,0,598,No,4
MRD-006951,No,59.29,20,785.1,Plus,5,No,4.35,Yes,No,5G,5,522,Yes,3
MRD-006952,No,52.55,91,3634.55,Plus,1,No,9.11,Yes,Yes,5G,1,850,No,1
MRD-006953,No,103.77,47,3247.38,Premium,1,No,0.99,Yes,No,5G,2,850,No,2
MRD-006954,No,30.25,95,3531.38,Basic,4,No,1.69,No,Yes,5G,1,1117,Yes,7
MRD-006955,No,111.06,88,6769.42,Premium,1,No,2.37,No,Yes,5G,3,335,No,6
MRD-006956,Yes,34.76,48,721.83,Basic,1,Yes,2.93,Yes,No,5G,0,362,No,1
MRD-006957,No,64.3,14,1235.73,Plus,4,No,0.29,Yes,No,5G,1,1105,Yes,10
MRD-006958,No,64.22,92,12665.31,Plus,2,Yes,5.69,Yes,No,4G,0,1317,No,8
MRD-006959,Yes,65.03,23,2386.24,Plus,1,No,1.65,Yes,Yes,4G,0,843,No,7
MRD-006960,No,74.82,49,4736.39,Premium,2,Yes,0.69,No,Yes,5G,3,963,No,7
MRD-006961,No,65.68,72,3832.55,Plus,2,No,0.28,Yes,No,5G,3,597,No,6
MRD-006962,Yes,37.39,70,3916.99,Basic,1,No,3.68,No,No,5G,2,37,No,8
MRD-006963,Yes,41.05,3,329.88,Basic,1,No,3.64,Yes,No,4G,1,350,No,5
MRD-006964,No,74.95,72,2300.52,Plus,4,No,1.08,Yes,No,5G,2,603,Yes,7
MRD-006965,No,101.14,61,4724.15,Premium,4,No,6.08,Yes,No,4G,2,491,Yes,4
MRD-006966,No,119.97,90,33306.97,Premium,1,No,4.29,Yes,Yes,4G,2,1097,No,9
MRD-006967,No,94.14,44,4420.31,Premium,1,No,2.75,No,No,5G,1,124,No,10
MRD-006968,No,112.68,62,3816.78,Premium,3,No,0.75,No,Yes,5G,3,694,Yes,3
MRD-006969,No,77.29,33,1730.49,Premium,3,No,0.44,No,Yes,5G,2,848,Yes,6
MRD-006970,No,34.82,79,2571.72,Basic,1,No,1.15,Yes,No,5G,2,433,No,7
MRD-006971,Yes,38.3,55,4453.4,Basic,2,No,5.04,Yes,No,5G,0,1058,No,5
MRD-006972,No,61.02,33,2270.17,Plus,3,No,1.11,No,No,5G,1,794,Yes,6
MRD-006973,No,39.32,6,342.53,Basic,2,No,2.6,No,Yes,5G,3,1380,No,10
MRD-006974,No,131.28,93,9450.12,Premium,1,No,2.86,Yes,Yes,5G,1,428,No,3
MRD-006975,No,34.03,95,6244.82,Basic,2,No,0.99,No,Yes,5G,2,377,No,8
MRD-006976,No,54.88,81,2462.13,Plus,2,No,7.07,Yes,No,5G,1,812,No,3
MRD-006977,No,33.14,9,494.07,Basic,1,No,0.51,Yes,Yes,4G,2,957,No,8
MRD-006978,No,110.73,11,2461.09,Premium,2,No,3.46,No,No,4G,3,728,No,3
MRD-006979,No,44.0,42,3232.7,Plus,1,No,0.38,Yes,Yes,5G,0,679,No,4
MRD-006980,Yes,46.4,30,1904.96,Plus,1,Yes,14.73,Yes,No,4G,2,1057,No,2
MRD-006981,No,70.81,93,27694.81,Plus,3,No,1.26,Yes,No,5G,2,492,Yes,2
MRD-006982,No,61.55,6,328.33,Plus,5,No,4.06,No,No,5G,1,1465,Yes,6
MRD-006983,No,97.49,86,7486.34,Premium,4,No,0.47,Yes,No,4G,3,1218,Yes,3
MRD-006984,No,62.75,90,8947.98,Plus,2,No,2.73,Yes,Yes,5G,3,382,No,2
MRD-006985,No,75.16,27,2033.51,Plus,3,Yes,2.06,Yes,No,5G,1,1158,Yes,9
MRD-006986,No,61.08,8,1124.45,Plus,4,No,3.58,Yes,No,5G,0,530,Yes,4
MRD-006987,No,97.33,13,3395.61,Premium,2,No,1.57,Yes,No,4G,2,694,No,1
MRD-006988,Yes,33.91,88,2057.95,Basic,4,No,4.48,Yes,No,4G,0,997,Yes,8
MRD-006989,No,63.48,83,6327.44,Plus,2,No,0.8,Yes,Yes,4G,3,388,No,10
MRD-006990,No,32.67,10,778.3,Basic,2,No,3.07,Yes,Yes,4G,1,472,No,9
MRD-006991,Yes,39.09,7,184.15,Basic,3,No,7.53,Yes,Yes,4G,1,1404,Yes,4
MRD-006992,No,53.78,24,1561.55,Plus,1,No,1.6,Yes,No,4G,1,1093,No,1
MRD-006993,Yes,39.47,83,3624.05,Basic,1,No,3.26,Yes,No,5G,4,803,No,3
MRD-006994,No,39.81,90,4800.15,Basic,1,No,0.65,Yes,Yes,4G,1,674,No,10
MRD-006995,No,98.8,91,8419.01,Premium,1,Yes,1.09,No,No,5G,0,216,No,1
MRD-006996,No,51.54,78,6539.59,Plus,4,No,4.46,Yes,No,5G,2,892,Yes,4
MRD-006997,No,68.86,79,7134.36,Premium,1,Yes,2.81,Yes,No,5G,2,994,No,10
MRD-006998,No,65.48,53,3107.26,Plus,4,No,7.37,Yes,No,4G,2,665,Yes,3
MRD-006999,No,29.56,49,1509.18,Basic,3,No,7.22,No,No,4G,1,944,Yes,4
MRD-007000,No,64.5,69,3422.37,Plus,1,No,1.02,Yes,No,5G,1,327,No,5
MRD-007001,No,29.59,39,720.67,Basic,2,No,1.1,Yes,Yes,4G,0,862,No,7
MRD-007002,Yes,98.99,58,5037.11,Premium,3,No,0.89,No,No,5G,4,1351,Yes,5
MRD-007003,No,90.94,59,6299.02,Premium,2,No,13.34,No,No,5G,2,1459,No,5
MRD-007004,Yes,39.45,79,4377.88,Basic,2,No,7.16,Yes,Yes,4G,1,823,No,2
MRD-007005,No,81.13,13,1321.17,Premium,1,No,3.09,No,Yes,5G,1,966,No,7
MRD-007006,No,78.06,1,116.62,Premium,5,No,1.06,Yes,No,4G,2,1257,Yes,9
MRD-007007,No,89.83,22,5118.03,Premium,1,No,4.95,Yes,No,4G,0,1166,No,9
MRD-007008,No,101.89,74,4529.61,Premium,1,No,7.93,No,No,5G,0,566,No,1
MRD-007009,No,105.94,15,2419.13,Premium,3,No,2.16,Yes,No,5G,4,226,Yes,9
MRD-007010,Yes,39.36,5,116.4,Basic,2,No,0.59,Yes,No,4G,0,456,No,1
MRD-007011,No,39.48,36,1161.02,Basic,4,No,1.57,Yes,Yes,4G,0,1251,Yes,8
MRD-007012,No,51.33,9,701.65,Plus,1,No,2.58,Yes,No,5G,1,512,No,9
MRD-007013,No,53.25,78,2514.31,Plus,2,No,6.29,Yes,No,5G,4,258,No,6
MRD-007014,No,61.13,5,416.16,Plus,5,No,0.42,Yes,Yes,5G,1,51,Yes,9
MRD-007015,No,105.23,76,12160.93,Premium,1,No,1.28,Yes,No,4G,4,745,No,10
MRD-007016,No,26.94,1,166.3,Basic,1,No,0.51,No,Yes,5G,2,745,No,2
MRD-007017,Yes,34.69,75,1696.98,Basic,1,Yes,2.95,Yes,Yes,5G,2,1496,No,9
MRD-007018,No,105.81,32,3551.87,Premium,2,No,3.7,Yes,No,4G,2,1016,No,10
MRD-007019,No,60.41,96,4788.59,Plus,2,No,2.52,No,No,5G,0,232,No,5
MRD-007020,No,80.45,86,5315.28,Premium,5,No,3.54,Yes,Yes,5G,2,828,Yes,5
MRD-007021,Yes,31.08,77,4716.21,Basic,3,No,2.92,No,No,5G,1,1419,Yes,7
MRD-007022,No,90.14,68,8062.89,Premium,2,Yes,0.12,Yes,Yes,5G,4,1371,No,1
MRD-007023,No,98.85,10,1406.51,Premium,5,No,2.59,No,No,4G,2,752,Yes,6
MRD-007024,No,58.33,22,1107.35,Plus,2,No,1.12,Yes,No,4G,2,113,No,8
MRD-007025,No,91.8,58,9797.12,Premium,4,No,3.18,Yes,Yes,5G,4,91,Yes,3
MRD-007026,No,57.03,69,3977.71,Plus,1,No,1.23,No,No,4G,2,1081,No,3
MRD-007027,No,47.37,95,4300.42,Plus,1,Yes,0.53,No,Yes,5G,3,613,No,3
MRD-007028,No,63.18,58,2440.82,Plus,4,No,3.9,Yes,No,5G,2,84,Yes,1
MRD-007029,Yes,38.25,46,2704.66,Basic,3,No,3.4,No,Yes,5G,2,366,Yes,3
MRD-007030,No,55.41,0,322.09,Plus,2,No,0.95,No,No,4G,2,282,No,1
MRD-007031,No,84.54,3,504.19,Premium,2,No,4.25,Yes,No,4G,0,1041,No,7
MRD-007032,No,78.44,13,1536.46,Premium,4,No,5.74,Yes,Yes,5G,0,1063,Yes,4
MRD-007033,Yes,32.43,5,337.77,Basic,1,No,6.54,Yes,Yes,5G,2,653,No,7
MRD-007034,No,33.58,77,4923.85,Basic,3,No,3.95,No,No,5G,0,1304,Yes,2
MRD-007035,No,69.45,56,3360.18,Premium,2,No,11.77,No,No,5G,0,193,No,1
MRD-007036,Yes,49.5,6,288.77,Plus,1,Yes,1.85,Yes,Yes,5G,1,462,No,1
MRD-007037,No,32.12,41,1373.66,Basic,2,No,0.1,Yes,Yes,4G,2,463,No,7
MRD-007038,No,92.99,42,3806.45,Premium,1,No,7.1,Yes,Yes,5G,4,1494,No,3
MRD-007039,No,40.92,22,571.63,Basic,1,No,5.4,Yes,Yes,5G,0,761,No,4
MRD-007040,No,59.84,18,1602.8,Plus,3,Yes,1.16,No,No,5G,2,222,Yes,2
MRD-007041,No,126.48,63,10903.76,Premium,5,Yes,1.59,Yes,Yes,4G,1,148,Yes,7
MRD-007042,No,56.3,77,9523.56,Plus,2,Yes,4.52,Yes,No,5G,0,1135,No,5
MRD-007043,Yes,36.12,94,4119.56,Basic,3,No,12.74,Yes,No,4G,0,376,Yes,4
MRD-007044,No,54.5,81,2773.89,Plus,3,Yes,4.7,No,No,4G,1,553,Yes,3
MRD-007045,No,104.61,17,1592.86,Premium,3,No,2.08,Yes,No,4G,1,1338,Yes,9
MRD-007046,No,52.59,78,5455.78,Plus,1,No,1.96,No,Yes,4G,1,62,No,1
MRD-007047,Yes,29.04,53,1804.48,Basic,1,No,3.68,No,No,4G,1,766,No,1
MRD-007048,Yes,42.28,24,1331.36,Basic,5,No,0.74,No,No,5G,1,1437,Yes,1
MRD-007049,No,103.26,19,4362.82,Premium,1,No,0.78,Yes,No,5G,0,83,No,9
MRD-007050,Yes,105.94,96,11408.1,Premium,1,No,4.45,No,No,5G,2,77,No,3
MRD-007051,No,38.74,77,3253.62,Basic,5,No,1.35,Yes,Yes,5G,2,245,Yes,7
MRD-007052,No,45.11,36,1170.7,Plus,1,No,1.42,No,No,5G,1,99,No,10
MRD-007053,No,62.95,88,6359.85,Plus,3,Yes,1.55,Yes,Yes,4G,3,1032,Yes,9
MRD-007054,No,42.75,52,1762.39,Basic,2,No,0.41,Yes,Yes,4G,2,896,No,2
MRD-007055,No,31.78,49,1410.55,Basic,4,No,5.34,No,No,5G,1,1051,Yes,9
MRD-007056,Yes,41.06,90,7597.98,Basic,3,No,1.6,Yes,No,5G,1,987,Yes,5
MRD-007057,Yes,37.85,30,1085.45,Basic,2,No,0.24,Yes,Yes,5G,2,630,No,8
MRD-007058,Yes,29.28,96,2686.71,Basic,3,No,1.36,Yes,Yes,5G,3,769,Yes,4
MRD-007059,No,58.83,44,945.54,Plus,1,No,2.77,No,Yes,5G,0,1253,No,6
MRD-007060,No,88.95,34,2930.38,Premium,1,No,7.31,No,Yes,4G,3,222,No,7
MRD-007061,Yes,59.65,67,3996.7,Plus,1,No,1.62,Yes,No,5G,2,103,No,1
MRD-007062,Yes,52.7,72,4403.17,Plus,1,No,5.56,Yes,No,4G,4,852,No,9
MRD-007063,No,42.0,39,2646.66,Plus,3,Yes,7.74,Yes,No,5G,0,913,Yes,8
MRD-007064,Yes,32.45,78,2805.99,Basic,3,No,6.55,Yes,Yes,5G,2,745,Yes,10
MRD-007065,No,62.63,92,1914.38,Plus,4,No,11.57,No,No,4G,4,42,Yes,1
MRD-007066,No,102.71,41,11281.34,Premium,2,No,1.19,No,Yes,4G,2,965,No,1
MRD-007067,No,92.85,45,3849.4,Premium,1,No,1.03,Yes,No,5G,2,981,No,5
MRD-007068,Yes,29.59,92,2379.93,Basic,4,No,12.94,Yes,No,4G,1,932,Yes,9
MRD-007069,No,34.37,87,2142.56,Basic,2,Yes,1.51,Yes,Yes,5G,2,294,No,9
MRD-007070,No,81.43,38,2500.22,Premium,1,No,1.35,Yes,Yes,4G,1,92,No,10
MRD-007071,No,87.05,51,4204.49,Premium,3,No,6.56,Yes,No,5G,2,1313,Yes,6
MRD-007072,No,35.41,11,445.34,Basic,4,No,9.93,No,No,5G,0,426,Yes,10
MRD-007073,No,100.87,49,5160.45,Premium,1,No,1.43,No,No,4G,1,1369,No,5
MRD-007074,Yes,38.23,2,357.64,Basic,2,Yes,7.08,Yes,Yes,4G,0,919,No,5
MRD-007075,No,69.48,66,2960.39,Plus,3,No,3.55,Yes,Yes,5G,0,1420,Yes,1
MRD-007076,No,41.13,0,0.0,Basic,3,No,6.44,No,No,4G,1,610,Yes,5
MRD-007077,No,72.68,31,2359.74,Plus,3,No,3.46,No,Yes,4G,0,1358,Yes,6
MRD-007078,No,26.64,16,896.81,Basic,2,Yes,1.41,Yes,No,5G,0,95,No,1
MRD-007079,Yes,52.0,25,1948.06,Plus,1,Yes,3.58,Yes,Yes,5G,2,1007,No,5
MRD-007080,No,63.16,47,3753.35,Plus,2,No,11.29,No,Yes,5G,1,443,No,5
MRD-007081,No,98.3,18,1687.14,Premium,2,No,0.77,Yes,No,5G,3,1160,No,6
MRD-007082,No,61.97,79,5510.75,Plus,2,Yes,1.52,Yes,Yes,5G,1,457,No,2
MRD-007083,No,64.59,52,7656.01,Plus,4,No,3.64,No,No,4G,1,197,Yes,1
MRD-007084,No,63.04,11,764.79,Plus,3,No,7.04,Yes,No,5G,0,1388,Yes,10
MRD-007085,No,30.79,20,329.22,Basic,1,No,8.68,Yes,No,5G,1,876,No,7
MRD-007086,No,60.39,89,5186.63,Plus,4,No,1.33,Yes,No,4G,0,268,Yes,9
MRD-007087,Yes,74.54,85,9229.76,Plus,1,No,0.8,Yes,No,5G,0,1031,No,2
MRD-007088,No,60.93,48,2821.1,Plus,1,No,3.34,No,No,4G,2,390,No,7
MRD-007089,No,76.49,34,1010.38,Premium,1,No,3.93,Yes,Yes,4G,0,443,No,4
MRD-007090,No,34.43,9,141.72,Basic,1,No,2.71,No,No,5G,0,1016,No,7
MRD-007091,Yes,35.98,57,3026.98,Basic,5,No,1.16,No,No,5G,4,151,Yes,6
MRD-007092,No,57.65,47,1526.07,Plus,3,No,3.36,Yes,Yes,5G,0,58,Yes,1
MRD-007093,Yes,38.12,10,585.62,Basic,2,No,4.1,Yes,Yes,4G,0,6,No,3
MRD-007094,No,54.62,31,789.72,Plus,1,No,2.14,Yes,No,5G,2,922,No,5
MRD-007095,No,65.41,37,1607.08,Plus,4,Yes,1.37,Yes,No,4G,0,1297,Yes,7
MRD-007096,No,107.08,9,1042.3,Premium,3,No,2.37,Yes,No,5G,1,672,Yes,10
MRD-007097,No,56.96,96,5959.23,Plus,4,No,1.55,No,No,4G,1,1092,Yes,7
MRD-007098,No,71.31,83,4288.31,Plus,2,Yes,4.45,Yes,Yes,4G,0,1206,No,10
MRD-007099,No,58.81,23,1801.31,Plus,5,No,0.82,No,No,5G,0,1213,Yes,1
MRD-007100,No,61.44,15,710.29,Plus,1,No,2.76,Yes,No,5G,1,1384,No,10
MRD-007101,No,82.83,80,7348.34,Premium,1,No,1.39,No,No,5G,0,1127,No,3
MRD-007102,No,35.51,55,1235.95,Basic,1,Yes,2.36,Yes,No,5G,3,1021,No,1
MRD-007103,No,61.79,2,214.38,Plus,3,No,0.71,Yes,Yes,5G,1,641,Yes,6
MRD-007104,No,88.77,91,10556.26,Premium,1,No,2.98,Yes,No,4G,2,204,No,5
MRD-007105,No,54.44,20,2481.29,Plus,1,No,2.6,Yes,No,5G,2,249,No,3
MRD-007106,No,47.43,87,7612.7,Plus,1,No,3.53,No,Yes,4G,2,953,No,9
MRD-007107,No,70.61,59,5073.55,Plus,1,No,1.67,Yes,Yes,5G,0,693,No,4
MRD-007108,No,58.89,16,492.74,Plus,1,No,3.49,Yes,No,4G,2,775,No,8
MRD-007109,No,80.01,11,1529.04,Premium,2,No,1.35,Yes,No,4G,1,1458,No,5
MRD-007110,No,26.63,49,987.85,Basic,1,No,4.68,Yes,No,4G,3,498,No,3
MRD-007111,No,108.28,68,6770.34,Premium,2,No,6.85,Yes,No,5G,1,1136,No,7
MRD-007112,No,32.63,15,694.54,Basic,3,No,1.92,Yes,Yes,5G,0,1308,Yes,5
MRD-007113,Yes,35.04,3,482.47,Basic,2,No,4.07,No,Yes,5G,0,1394,No,8
MRD-007114,No,99.41,5,817.12,Premium,1,No,1.14,Yes,Yes,4G,2,530,No,3
MRD-007115,No,93.57,51,5091.41,Premium,2,No,1.15,Yes,No,5G,1,1205,No,8
MRD-007116,Yes,27.76,25,325.18,Basic,2,Yes,0.35,No,No,5G,2,1102,No,1
MRD-007117,No,62.36,62,7858.39,Plus,3,No,1.39,Yes,Yes,4G,1,929,Yes,5
MRD-007118,Yes,97.1,28,4193.1,Premium,1,No,6.05,No,No,5G,3,904,No,2
MRD-007119,No,37.21,8,868.44,Basic,1,Yes,13.77,Yes,Yes,4G,0,614,No,3
MRD-007120,Yes,42.09,74,1472.49,Basic,2,No,0.77,Yes,No,5G,3,970,No,6
MRD-007121,No,43.13,88,2712.81,Basic,1,No,1.22,Yes,Yes,5G,1,329,No,9
MRD-007122,No,55.22,80,7361.44,Plus,3,No,1.04,Yes,Yes,4G,0,966,Yes,8
MRD-007123,No,33.99,86,2107.09,Basic,2,No,2.2,No,Yes,5G,2,635,No,2
MRD-007124,No,40.1,64,12338.13,Basic,3,Yes,11.6,No,No,4G,2,176,Yes,6
MRD-007125,No,47.33,91,4732.31,Basic,2,No,5.22,No,Yes,4G,3,815,No,7
MRD-007126,Yes,33.56,3,249.42,Basic,3,No,2.67,Yes,No,5G,2,1209,Yes,3
MRD-007127,No,48.58,88,4017.31,Plus,4,No,6.7,No,Yes,5G,4,34,Yes,9
MRD-007128,No,37.36,86,4136.48,Basic,2,Yes,1.74,Yes,No,5G,0,625,No,6
MRD-007129,No,52.72,12,600.32,Plus,3,No,2.05,No,No,5G,1,971,Yes,4
MRD-007130,No,40.82,75,3770.57,Basic,5,No,4.51,Yes,No,5G,2,1349,Yes,6
MRD-007131,No,89.8,8,612.86,Premium,4,No,0.58,Yes,No,5G,0,982,Yes,1
MRD-007132,Yes,81.38,12,572.21,Premium,3,No,4.9,No,No,5G,2,334,Yes,7
MRD-007133,No,61.1,3,889.97,Plus,2,No,4.29,Yes,Yes,5G,1,1189,No,1
MRD-007134,No,109.95,37,1625.72,Premium,1,No,1.18,No,Yes,5G,1,532,No,8
MRD-007135,No,105.75,55,9389.51,Premium,2,No,4.7,Yes,No,5G,0,690,No,7
MRD-007136,Yes,33.9,60,1771.67,Basic,2,No,0.71,Yes,No,5G,2,1331,No,10
MRD-007137,No,36.47,70,2611.24,Basic,2,No,0.52,Yes,Yes,5G,1,1016,No,2
MRD-007138,No,116.12,85,13224.8,Premium,3,Yes,2.0,No,Yes,5G,1,1131,Yes,3
MRD-007139,Yes,86.72,85,9668.63,Premium,4,Yes,2.67,Yes,No,4G,2,890,Yes,2
MRD-007140,No,101.34,30,2598.29,Premium,2,No,11.08,Yes,No,5G,1,1175,No,1
MRD-007141,No,43.92,12,809.76,Basic,1,No,1.59,No,No,5G,2,1322,No,1
MRD-007142,Yes,38.73,71,4204.51,Basic,1,No,2.74,Yes,Yes,5G,0,490,No,7
MRD-007143,Yes,31.33,2,378.8,Basic,2,No,0.21,No,No,5G,2,193,No,5
MRD-007144,No,54.84,48,5140.77,Plus,2,No,5.68,No,Yes,5G,1,27,No,10
MRD-007145,No,73.38,60,2541.27,Premium,2,No,24.21,Yes,No,4G,5,1121,No,8
MRD-007146,Yes,30.78,44,3328.34,Basic,3,No,5.99,No,No,5G,1,312,Yes,9
MRD-007147,No,45.71,62,1295.42,Plus,2,No,2.51,Yes,Yes,5G,1,789,No,8
MRD-007148,No,67.86,8,655.38,Plus,3,No,9.94,No,No,5G,0,1479,Yes,4
MRD-007149,No,65.47,67,2995.4,Plus,1,No,5.02,No,No,4G,4,1352,No,9
MRD-007150,No,105.71,79,8713.16,Premium,2,No,0.33,Yes,Yes,5G,1,525,No,3
MRD-007151,Yes,29.48,89,5094.94,Basic,1,No,0.25,No,Yes,5G,1,1378,No,7
MRD-007152,No,87.25,69,13998.1,Premium,3,No,1.57,Yes,No,5G,2,314,Yes,7
MRD-007153,No,101.72,11,504.84,Premium,1,Yes,4.8,Yes,No,4G,1,293,No,7
MRD-007154,No,60.34,17,1097.52,Plus,2,No,3.69,Yes,Yes,4G,2,1329,No,7
MRD-007155,No,101.04,38,1167.81,Premium,3,No,2.32,Yes,No,5G,0,786,Yes,8
MRD-007156,No,44.61,21,1556.39,Basic,1,No,1.36,No,No,5G,2,299,No,7
MRD-007157,No,65.92,28,2878.47,Plus,1,No,2.94,No,Yes,5G,1,1054,No,9
MRD-007158,No,53.6,84,3126.39,Plus,4,No,0.89,Yes,Yes,5G,2,986,Yes,5
MRD-007159,Yes,104.7,10,1350.75,Premium,1,Yes,2.82,No,Yes,4G,4,380,No,5
MRD-007160,Yes,34.68,67,2515.65,Basic,1,Yes,1.83,Yes,No,4G,1,859,No,4
MRD-007161,No,33.24,77,3468.33,Basic,4,No,4.49,No,Yes,4G,1,591,Yes,8
MRD-007162,Yes,36.52,96,3511.77,Basic,1,No,1.74,Yes,No,5G,2,441,No,2
MRD-007163,No,56.83,27,761.56,Plus,1,No,5.79,Yes,Yes,4G,0,39,No,9
MRD-007164,No,92.69,32,4602.24,Premium,1,No,0.24,No,No,5G,2,246,No,6
MRD-007165,No,82.88,11,921.62,Premium,2,No,10.04,Yes,No,5G,3,530,No,3
MRD-007166,No,41.26,49,1257.08,Basic,2,No,6.13,Yes,No,5G,1,49,No,4
MRD-007167,No,39.02,72,4699.95,Basic,1,No,7.57,Yes,No,5G,1,1089,No,4
MRD-007168,No,50.18,94,1627.51,Plus,5,No,3.03,Yes,Yes,5G,2,911,Yes,2
MRD-007169,No,101.17,15,2631.63,Premium,1,No,5.52,Yes,No,4G,0,244,No,7
MRD-007170,No,67.05,58,2303.58,Plus,4,No,4.0,Yes,No,5G,2,702,Yes,10
MRD-007171,No,38.34,33,766.11,Basic,1,No,1.3,Yes,Yes,5G,2,1274,No,10
MRD-007172,No,70.13,43,7493.21,Plus,2,No,6.65,Yes,No,5G,0,1124,No,6
MRD-007173,No,66.22,43,3772.05,Plus,1,No,1.9,Yes,Yes,4G,0,35,No,5
MRD-007174,No,64.9,71,2995.38,Plus,1,No,12.44,No,Yes,5G,2,970,No,10
MRD-007175,No,62.14,7,776.45,Plus,2,Yes,3.14,No,Yes,5G,0,721,No,7
MRD-007176,Yes,57.93,75,3480.93,Plus,2,Yes,14.64,Yes,No,5G,4,714,No,7
MRD-007177,No,52.14,34,2294.52,Plus,3,No,3.48,No,No,4G,3,1029,Yes,3
MRD-007178,No,60.37,96,4048.88,Plus,4,Yes,2.87,Yes,No,4G,0,137,Yes,4
MRD-007179,Yes,102.71,88,3255.4,Premium,2,No,4.25,Yes,No,4G,2,1268,No,9
MRD-007180,No,115.39,3,158.86,Premium,1,No,2.54,Yes,No,5G,0,1158,No,3
MRD-007181,No,58.12,26,850.15,Plus,3,No,3.74,Yes,No,4G,0,358,Yes,7
MRD-007182,Yes,107.37,40,3268.44,Premium,2,No,2.92,Yes,Yes,4G,2,319,No,9
MRD-007183,No,46.89,22,638.57,Plus,5,No,1.41,Yes,No,5G,1,1462,Yes,9
MRD-007184,No,40.18,51,1903.81,Basic,5,No,0.77,Yes,No,5G,0,1466,Yes,9
MRD-007185,No,60.65,70,5172.85,Plus,2,No,4.57,No,No,4G,2,685,No,9
MRD-007186,Yes,35.63,61,1579.72,Basic,2,No,7.3,No,Yes,4G,3,333,No,6
MRD-007187,No,107.95,32,4228.08,Premium,1,No,1.39,No,No,5G,5,897,No,5
MRD-007188,Yes,27.49,48,633.72,Basic,2,No,4.4,Yes,No,5G,2,1410,No,10
MRD-007189,No,55.79,34,953.98,Plus,5,No,0.36,Yes,No,5G,1,347,Yes,1
MRD-007190,No,65.77,25,1386.14,Plus,3,Yes,1.99,Yes,Yes,4G,0,1302,Yes,7
MRD-007191,No,76.39,12,1160.86,Premium,5,No,1.84,Yes,No,5G,3,1369,Yes,6
MRD-007192,No,28.96,8,430.8,Basic,2,No,2.8,Yes,No,5G,1,950,No,6
MRD-007193,No,65.77,46,3643.92,Plus,1,No,2.17,Yes,No,4G,0,937,No,1
MRD-007194,Yes,42.24,89,3724.84,Basic,2,Yes,3.01,Yes,Yes,5G,1,1395,No,5
MRD-007195,No,50.32,38,1519.16,Plus,2,No,2.19,No,Yes,5G,0,775,No,1
MRD-007196,No,37.32,17,411.66,Basic,3,No,0.69,Yes,No,4G,0,870,Yes,9
MRD-007197,No,63.58,53,4015.93,Plus,3,No,5.81,No,Yes,4G,0,1311,Yes,1
MRD-007198,No,82.32,17,1444.65,Premium,1,No,2.73,No,No,4G,0,394,No,10
MRD-007199,No,27.32,83,3235.44,Basic,3,No,0.63,Yes,Yes,5G,4,1068,Yes,9
MRD-007200,No,39.12,26,830.57,Basic,2,No,0.69,Yes,No,4G,3,511,No,9
MRD-007201,No,26.88,38,981.62,Basic,4,No,1.52,No,No,5G,1,831,Yes,7
MRD-007202,No,54.47,23,1050.26,Plus,3,No,3.87,Yes,Yes,5G,0,1069,Yes,3
MRD-007203,No,101.89,3,361.09,Premium,1,No,4.36,Yes,Yes,5G,0,600,No,6
MRD-007204,Yes,37.42,36,2571.0,Basic,2,No,3.64,Yes,No,5G,1,684,No,9
MRD-007205,No,98.96,50,5110.84,Premium,4,No,1.33,No,No,4G,0,649,Yes,10
MRD-007206,No,49.31,19,1743.8,Plus,1,No,2.38,No,Yes,5G,0,1157,No,2
MRD-007207,No,33.65,59,2288.01,Basic,1,No,5.53,Yes,No,5G,3,81,No,3
MRD-007208,No,93.18,38,4197.23,Premium,2,No,3.18,No,No,5G,2,260,No,9
MRD-007209,No,55.1,48,1227.72,Plus,4,No,3.46,Yes,No,4G,4,1281,Yes,4
MRD-007210,No,28.99,28,221.69,Basic,2,No,2.0,No,No,4G,2,477,No,2
MRD-007211,No,96.12,84,3841.16,Premium,1,Yes,4.92,Yes,Yes,4G,1,1496,No,7
MRD-007212,No,54.02,12,555.29,Plus,1,No,1.3,Yes,No,5G,0,724,No,2
MRD-007213,No,59.73,89,5807.91,Plus,4,Yes,0.91,Yes,No,5G,2,936,Yes,4
MRD-007214,Yes,92.79,70,4472.69,Premium,3,No,0.71,Yes,Yes,5G,3,1312,Yes,8
MRD-007215,No,40.01,56,5698.04,Basic,1,No,3.41,No,No,4G,1,228,No,9
MRD-007216,Yes,98.38,68,8666.53,Premium,4,No,3.51,Yes,Yes,5G,2,973,Yes,9
MRD-007217,No,59.43,38,1610.13,Plus,3,No,1.53,Yes,Yes,5G,0,103,Yes,9
MRD-007218,No,58.91,53,3594.86,Plus,4,Yes,0.47,No,Yes,5G,1,979,Yes,6
MRD-007219,No,32.99,46,1263.28,Basic,1,No,8.82,Yes,No,5G,3,1319,No,1
MRD-007220,No,79.46,62,4433.47,Premium,4,No,1.62,Yes,No,5G,2,558,Yes,4
MRD-007221,Yes,36.99,28,1181.9,Basic,1,No,1.57,Yes,Yes,5G,0,563,No,1
MRD-007222,No,38.13,26,1649.28,Basic,3,No,7.15,No,Yes,5G,2,289,Yes,4
MRD-007223,No,105.76,15,2658.5,Premium,2,No,2.62,Yes,Yes,4G,1,447,No,2
MRD-007224,No,85.98,88,5107.33,Premium,4,No,4.27,No,Yes,5G,1,426,Yes,3
MRD-007225,No,56.34,16,1082.89,Plus,1,No,7.71,Yes,No,5G,2,318,No,9
MRD-007226,No,63.69,13,454.75,Plus,1,Yes,4.67,Yes,No,5G,3,1279,No,2
MRD-007227,No,34.69,18,411.61,Basic,1,No,2.28,Yes,Yes,5G,1,783,No,8
MRD-007228,Yes,32.64,35,1199.52,Basic,5,Yes,4.54,No,No,5G,2,234,Yes,5
MRD-007229,Yes,30.83,0,0.0,Basic,1,Yes,4.11,No,No,4G,1,201,No,7
MRD-007230,Yes,63.22,14,1496.29,Plus,1,No,4.8,Yes,Yes,4G,1,41,No,2
MRD-007231,No,29.89,87,3251.06,Basic,3,No,2.68,No,Yes,5G,0,658,Yes,5
MRD-007232,Yes,32.43,34,1583.96,Basic,1,Yes,1.53,Yes,No,4G,1,1206,No,10
MRD-007233,No,21.81,20,448.46,Basic,1,No,5.7,No,No,5G,2,1233,No,4
MRD-007234,No,53.11,0,0.0,Plus,1,No,9.63,Yes,No,4G,1,985,No,7
MRD-007235,Yes,40.23,12,310.67,Basic,1,Yes,1.75,No,Yes,5G,0,1347,No,4
MRD-007236,No,95.07,51,4077.95,Premium,1,No,2.06,Yes,No,5G,0,495,No,3
MRD-007237,Yes,54.47,92,3598.99,Plus,1,No,2.42,Yes,No,5G,3,713,No,6
MRD-007238,No,67.52,84,9272.63,Plus,4,No,10.67,Yes,Yes,4G,3,853,Yes,3
MRD-007239,No,64.73,6,215.05,Plus,3,No,1.51,No,No,4G,1,253,Yes,6
MRD-007240,No,33.35,75,2413.02,Basic,2,No,10.43,No,No,5G,2,1311,No,5
MRD-007241,No,62.99,70,2911.97,Plus,3,No,0.52,No,No,5G,1,1330,Yes,2
MRD-007242,No,64.96,10,1379.68,Plus,2,No,1.31,Yes,Yes,5G,3,654,No,3
MRD-007243,No,68.41,60,7868.37,Plus,2,No,0.68,Yes,Yes,5G,1,1043,No,9
MRD-007244,No,98.19,31,4664.29,Premium,4,No,3.19,No,Yes,5G,3,581,Yes,9
MRD-007245,No,71.02,91,9659.57,Plus,2,Yes,7.44,No,No,5G,1,133,No,9
MRD-007246,Yes,56.17,19,3590.24,Plus,3,No,5.48,No,No,5G,1,723,Yes,6
MRD-007247,No,54.57,42,3442.46,Plus,2,Yes,1.55,Yes,No,4G,3,4,No,5
MRD-007248,No,59.74,27,2367.96,Plus,1,No,1.22,Yes,No,4G,0,1021,No,9
MRD-007249,No,60.73,6,304.26,Plus,1,No,2.96,Yes,No,5G,0,539,No,9
MRD-007250,No,51.59,87,5366.98,Plus,1,No,3.73,Yes,No,5G,1,120,No,8
MRD-007251,No,62.69,31,2059.31,Plus,2,No,1.17,Yes,Yes,5G,2,1279,No,1
MRD-007252,No,69.56,2,597.24,Plus,2,No,2.04,Yes,No,5G,1,645,No,3
MRD-007253,No,94.77,10,836.41,Premium,1,No,0.68,No,No,5G,0,888,No,8
MRD-007254,Yes,67.99,66,7463.87,Plus,3,No,1.85,No,No,5G,1,418,Yes,7
MRD-007255,No,29.7,66,1828.07,Basic,1,No,1.45,Yes,Yes,5G,2,544,No,8
MRD-007256,No,44.29,69,6203.55,Basic,4,No,0.49,Yes,No,5G,2,295,Yes,7
MRD-007257,Yes,36.22,74,2966.97,Basic,2,No,4.71,Yes,Yes,5G,2,304,No,4
MRD-007258,No,83.03,77,4818.78,Premium,1,Yes,3.32,Yes,Yes,5G,0,241,No,9
MRD-007259,Yes,66.04,57,2811.28,Plus,2,No,0.84,Yes,Yes,5G,2,930,No,6
MRD-007260,No,42.01,27,1941.58,Plus,5,No,3.34,Yes,Yes,5G,1,1223,Yes,9
MRD-007261,No,69.39,2,254.94,Premium,1,Yes,5.68,No,No,5G,3,852,No,6
MRD-007262,No,61.43,88,8503.81,Plus,3,Yes,1.53,No,Yes,5G,2,184,Yes,4
MRD-007263,Yes,42.71,5,670.43,Basic,2,No,0.17,Yes,Yes,5G,1,243,No,1
MRD-007264,No,53.7,62,2489.58,Plus,4,No,9.06,Yes,Yes,4G,1,299,Yes,7
MRD-007265,No,115.96,71,11524.66,Premium,4,No,3.88,Yes,No,5G,1,175,Yes,3
MRD-007266,Yes,48.48,58,1653.68,Basic,4,No,0.54,No,No,4G,0,1246,Yes,8
MRD-007267,No,62.9,17,1868.04,Plus,2,No,12.24,Yes,No,5G,1,27,No,6
MRD-007268,No,95.2,44,2349.32,Premium,1,Yes,2.54,No,No,5G,0,1087,No,2
MRD-007269,Yes,63.8,96,6562.33,Plus,5,No,4.14,Yes,No,5G,2,1025,Yes,7
MRD-007270,Yes,36.09,21,1538.0,Basic,1,No,6.11,Yes,No,5G,1,146,No,10
MRD-007271,No,85.25,18,2031.93,Premium,2,No,1.45,Yes,No,5G,0,891,No,6
MRD-007272,No,57.62,31,2216.24,Plus,2,No,0.73,No,Yes,5G,2,910,No,5
MRD-007273,No,30.54,46,1304.58,Basic,1,No,4.09,Yes,Yes,5G,4,125,No,6
MRD-007274,Yes,54.76,80,3458.11,Plus,2,No,8.78,No,No,5G,0,227,No,6
MRD-007275,No,82.28,75,5601.43,Premium,1,No,8.08,Yes,No,4G,0,601,No,7
MRD-007276,No,20.0,40,618.94,Basic,2,No,15.67,No,No,4G,1,531,No,1
MRD-007277,No,98.11,42,2651.72,Premium,1,No,1.79,Yes,No,4G,0,582,No,8
MRD-007278,No,33.32,85,2963.16,Basic,2,No,7.18,Yes,Yes,4G,0,1348,No,8
MRD-007279,Yes,34.92,86,2545.62,Basic,3,Yes,6.64,Yes,No,5G,1,1314,Yes,7
MRD-007280,No,112.9,76,9891.41,Premium,2,No,1.74,No,No,4G,4,1456,No,6
MRD-007281,No,62.67,16,3123.43,Plus,2,No,2.72,No,Yes,4G,2,956,No,7
MRD-007282,No,106.31,31,3838.24,Premium,1,No,2.55,No,No,5G,1,1320,No,10
MRD-007283,No,51.04,46,1147.42,Plus,2,Yes,2.14,Yes,No,4G,1,695,No,10
MRD-007284,No,65.17,77,5355.89,Plus,2,No,16.44,Yes,No,5G,3,833,No,8
MRD-007285,No,47.17,81,4406.36,Plus,2,No,8.04,No,No,4G,3,626,No,5
MRD-007286,No,30.83,40,824.15,Basic,3,No,2.63,Yes,Yes,5G,0,555,Yes,2
MRD-007287,Yes,61.51,0,0.0,Plus,3,No,3.45,Yes,No,5G,3,997,Yes,4
MRD-007288,No,45.31,17,486.38,Basic,1,Yes,0.25,No,Yes,5G,1,797,No,4
MRD-007289,No,60.02,66,4856.88,Plus,4,Yes,0.52,No,Yes,4G,1,782,Yes,9
MRD-007290,Yes,35.45,89,8912.28,Basic,2,No,4.7,No,Yes,4G,2,391,No,6
MRD-007291,No,60.96,69,3478.67,Plus,1,No,0.06,Yes,No,5G,2,1112,No,5
MRD-007292,No,60.3,53,2339.82,Plus,2,No,5.32,No,No,5G,1,143,No,3
MRD-007293,No,67.71,64,4123.99,Plus,1,No,1.19,Yes,Yes,5G,0,1054,No,6
MRD-007294,No,47.23,70,3908.63,Plus,2,Yes,8.42,No,Yes,5G,1,535,No,9
MRD-007295,No,71.53,23,1222.95,Premium,2,No,6.13,No,Yes,5G,2,220,No,4
MRD-007296,No,61.83,36,1850.96,Plus,1,No,20.79,No,Yes,5G,1,782,No,9
MRD-007297,Yes,61.69,38,1552.15,Plus,2,No,5.16,Yes,No,5G,2,637,No,5
MRD-007298,No,99.63,77,13161.3,Premium,1,No,6.12,No,No,5G,0,1373,No,6
MRD-007299,No,50.5,72,7675.32,Plus,1,No,6.07,No,Yes,5G,3,134,No,8
MRD-007300,No,60.04,39,2943.13,Plus,3,No,3.03,No,No,4G,1,379,Yes,5
MRD-007301,No,113.82,44,5375.61,Premium,1,No,1.44,Yes,No,5G,3,967,No,6
MRD-007302,No,29.88,22,1605.28,Basic,4,No,6.33,Yes,Yes,5G,5,273,Yes,2
MRD-007303,No,61.59,77,3625.96,Plus,1,No,1.9,No,Yes,5G,0,908,No,2
MRD-007304,No,87.3,93,14740.11,Premium,2,Yes,5.18,Yes,No,4G,1,240,No,6
MRD-007305,Yes,56.11,88,3656.59,Plus,1,Yes,5.36,No,Yes,4G,3,1351,No,1
MRD-007306,Yes,45.62,92,2775.84,Basic,2,No,3.92,Yes,No,5G,1,1042,No,6
MRD-007307,No,37.54,79,1681.79,Basic,3,No,2.55,Yes,Yes,4G,2,894,Yes,10
MRD-007308,No,56.17,95,3779.7,Plus,3,No,7.45,No,Yes,4G,1,1460,Yes,10
MRD-007309,No,59.02,13,298.13,Plus,2,No,1.37,Yes,No,5G,1,238,No,3
MRD-007310,No,94.77,28,1703.87,Premium,2,Yes,5.08,Yes,No,5G,0,1193,No,8
MRD-007311,No,62.07,50,2250.69,Plus,1,No,6.98,Yes,Yes,5G,0,169,No,1
MRD-007312,Yes,34.49,91,4306.99,Basic,1,No,2.6,Yes,No,4G,1,160,No,5
MRD-007313,No,99.49,51,5089.39,Premium,1,No,2.1,No,No,5G,1,397,No,3
MRD-007314,No,30.92,85,1771.06,Basic,2,No,1.54,Yes,Yes,5G,1,156,No,3
MRD-007315,No,66.48,19,1434.93,Premium,2,No,2.68,Yes,No,5G,0,1454,No,8
MRD-007316,Yes,56.01,40,1822.34,Plus,3,No,1.59,Yes,No,4G,0,155,Yes,8
MRD-007317,No,28.7,31,427.22,Basic,2,No,5.31,Yes,No,4G,1,1265,No,1
MRD-007318,No,43.42,91,4592.9,Basic,1,No,3.11,No,No,5G,1,1473,No,5
MRD-007319,No,59.24,14,1098.62,Plus,4,No,1.92,Yes,No,4G,0,380,Yes,8
MRD-007320,Yes,26.01,53,1011.98,Basic,2,Yes,3.49,No,No,5G,4,701,No,10
MRD-007321,No,102.0,61,7649.92,Premium,1,Yes,2.48,Yes,No,4G,2,1150,No,8
MRD-007322,No,58.38,58,2327.07,Plus,5,No,2.01,Yes,Yes,5G,0,1043,Yes,6
MRD-007323,No,42.6,35,2168.97,Basic,4,No,3.27,Yes,No,5G,2,1235,Yes,7
MRD-007324,No,90.36,48,2719.27,Premium,3,No,4.89,Yes,Yes,5G,1,978,Yes,6
MRD-007325,Yes,34.13,59,2163.06,Basic,2,No,9.34,No,Yes,5G,0,280,No,1
MRD-007326,No,71.3,78,3832.25,Plus,4,No,6.35,No,No,5G,2,931,Yes,10
MRD-007327,Yes,33.28,17,235.96,Basic,1,No,3.0,No,No,4G,2,652,No,4
MRD-007328,No,65.6,40,1625.67,Plus,1,No,0.9,Yes,Yes,5G,1,10,No,5
MRD-007329,Yes,41.1,0,283.96,Basic,4,No,7.02,Yes,No,4G,3,329,Yes,3
MRD-007330,No,87.18,73,7168.62,Premium,5,No,3.86,Yes,Yes,5G,1,531,Yes,5
MRD-007331,No,44.29,36,2012.84,Plus,4,Yes,1.35,Yes,No,5G,1,416,Yes,8
MRD-007332,Yes,36.07,38,622.12,Basic,3,No,4.71,Yes,No,4G,4,12,Yes,1
MRD-007333,No,45.8,2,453.99,Plus,1,No,1.15,No,Yes,5G,0,927,No,6
MRD-007334,No,26.38,40,696.18,Basic,5,Yes,6.32,Yes,No,4G,2,1136,Yes,1
MRD-007335,No,53.47,64,2351.06,Plus,5,No,0.5,Yes,Yes,5G,4,751,Yes,6
MRD-007336,No,77.51,67,5087.55,Premium,3,No,10.54,No,No,4G,3,448,Yes,9
MRD-007337,No,62.59,53,1563.55,Plus,1,No,1.85,Yes,No,5G,3,1074,No,6
MRD-007338,Yes,37.53,14,910.35,Basic,1,Yes,0.58,Yes,No,4G,2,351,No,9
MRD-007339,No,50.6,38,1251.04,Plus,2,No,3.98,Yes,Yes,5G,0,1342,No,5
MRD-007340,No,59.48,74,4803.39,Plus,1,No,1.7,Yes,Yes,5G,0,269,No,3
MRD-007341,No,35.44,54,2186.27,Basic,4,No,1.47,No,No,5G,0,987,Yes,4
MRD-007342,No,37.77,10,301.58,Basic,3,No,4.39,Yes,No,5G,1,1201,Yes,9
MRD-007343,No,30.65,6,318.89,Basic,2,No,6.68,Yes,Yes,4G,1,41,No,9
MRD-007344,No,31.52,25,705.78,Basic,2,No,8.1,Yes,No,4G,2,678,No,9
MRD-007345,No,92.13,42,4438.18,Premium,1,No,4.52,Yes,No,5G,1,327,No,5
MRD-007346,No,58.57,27,2472.69,Plus,1,No,8.41,Yes,No,4G,0,977,No,2
MRD-007347,No,55.66,70,3863.01,Plus,1,No,5.63,No,Yes,4G,2,873,No,7
MRD-007348,Yes,29.95,91,2442.33,Basic,2,No,0.76,No,Yes,4G,4,1144,No,1
MRD-007349,No,86.76,94,11714.25,Premium,4,No,8.49,No,No,4G,2,626,Yes,6
MRD-007350,No,36.2,84,4033.83,Basic,4,No,8.42,Yes,No,5G,2,987,Yes,8
MRD-007351,No,62.84,13,978.53,Plus,1,No,0.24,Yes,Yes,4G,1,1000,No,1
MRD-007352,No,63.16,37,2222.59,Plus,3,Yes,5.01,Yes,Yes,5G,1,957,Yes,2
MRD-007353,No,31.31,2,58.17,Basic,3,No,8.36,Yes,No,5G,2,477,Yes,9
MRD-007354,No,99.99,87,12450.12,Premium,4,No,5.76,Yes,No,4G,4,10,Yes,8
MRD-007355,No,32.1,88,2298.86,Basic,1,No,2.03,Yes,No,4G,1,371,No,2
MRD-007356,No,41.32,10,677.39,Basic,3,No,1.65,Yes,No,4G,2,1027,Yes,9
MRD-007357,No,31.31,4,179.3,Basic,1,No,3.61,No,No,5G,1,575,No,6
MRD-007358,Yes,53.73,60,4379.82,Plus,3,No,2.06,Yes,No,4G,0,1082,Yes,9
MRD-007359,No,36.32,31,1893.66,Basic,2,No,5.33,Yes,Yes,5G,1,388,No,7
MRD-007360,No,61.2,30,3511.81,Plus,1,No,1.39,No,No,4G,1,1176,No,10
MRD-007361,No,35.75,43,1430.23,Basic,3,No,0.53,No,No,5G,1,1134,Yes,10
MRD-007362,No,66.38,20,2319.38,Plus,4,No,0.64,No,Yes,4G,1,1076,Yes,6
MRD-007363,No,57.8,37,5021.46,Plus,1,No,3.37,Yes,Yes,5G,3,885,No,5
MRD-007364,No,69.66,47,6313.08,Plus,2,No,4.46,No,No,5G,2,656,No,1
MRD-007365,Yes,42.21,58,3630.5,Basic,1,No,2.2,Yes,No,5G,2,895,No,6
MRD-007366,No,89.19,7,650.53,Premium,5,No,0.91,No,Yes,5G,1,824,Yes,5
MRD-007367,No,39.98,47,2101.35,Basic,2,No,0.33,Yes,Yes,5G,1,437,No,5
MRD-007368,No,21.97,72,2991.22,Basic,3,Yes,0.61,No,Yes,5G,6,1489,Yes,7
MRD-007369,No,50.57,49,3327.8,Plus,5,Yes,1.72,Yes,No,4G,1,967,Yes,3
MRD-007370,No,58.05,58,4358.69,Plus,4,No,1.81,No,No,4G,2,969,Yes,7
MRD-007371,No,39.33,0,0.0,Basic,1,No,1.6,No,No,5G,2,42,No,2
MRD-007372,No,21.15,25,93.95,Basic,2,No,0.03,Yes,No,4G,2,1439,No,10
MRD-007373,Yes,72.53,37,2371.58,Plus,1,No,2.96,Yes,Yes,5G,0,338,No,2
MRD-007374,No,58.02,92,7256.12,Plus,3,No,1.85,No,No,4G,3,1028,Yes,4
MRD-007375,No,91.36,41,4876.53,Premium,1,No,3.88,Yes,Yes,5G,2,1413,No,9
MRD-007376,No,42.0,33,2365.65,Plus,1,Yes,1.24,Yes,No,5G,2,941,No,3
MRD-007377,No,41.69,84,3137.01,Basic,4,Yes,2.07,No,No,5G,4,173,Yes,8
MRD-007378,No,35.05,66,3450.24,Basic,2,No,3.38,Yes,Yes,4G,2,497,No,8
MRD-007379,No,69.19,77,6522.87,Plus,2,No,1.5,No,Yes,5G,1,170,No,7
MRD-007380,No,67.89,35,4804.83,Plus,1,No,2.48,Yes,No,4G,2,1198,No,10
MRD-007381,No,38.91,52,3383.36,Basic,3,No,3.05,No,Yes,4G,1,408,Yes,2
MRD-007382,No,52.88,13,1012.96,Plus,4,No,1.82,Yes,Yes,5G,1,1488,Yes,3
MRD-007383,No,63.79,86,5358.68,Plus,1,No,7.31,No,No,5G,1,318,No,7
MRD-007384,Yes,58.55,7,284.4,Plus,2,No,2.31,Yes,No,5G,0,63,No,8
MRD-007385,No,52.11,12,984.4,Plus,3,No,2.01,No,No,5G,4,454,Yes,10
MRD-007386,Yes,52.6,80,2905.09,Plus,1,No,3.21,No,No,5G,2,334,No,10
MRD-007387,No,57.38,94,4029.6,Plus,1,No,14.2,No,No,4G,3,1345,No,10
MRD-007388,No,33.21,80,3112.71,Basic,3,Yes,1.98,Yes,No,4G,2,381,Yes,8
MRD-007389,No,52.53,46,1774.57,Plus,3,No,4.24,Yes,No,5G,0,416,Yes,10
MRD-007390,No,54.91,77,5922.96,Plus,1,No,0.38,Yes,No,5G,2,1349,No,1
MRD-007391,No,62.07,18,1098.01,Plus,4,No,9.47,Yes,No,5G,3,880,Yes,6
MRD-007392,Yes,72.08,31,1940.13,Plus,2,No,2.23,No,Yes,5G,1,466,No,9
MRD-007393,Yes,33.12,18,703.67,Basic,1,No,5.8,No,Yes,4G,1,1376,No,1
MRD-007394,No,58.3,26,1844.49,Plus,4,No,3.44,No,Yes,5G,0,454,Yes,7
MRD-007395,Yes,91.92,84,5484.64,Premium,1,No,6.31,No,No,5G,3,736,No,8
MRD-007396,Yes,127.95,23,2555.03,Premium,2,No,2.06,Yes,Yes,4G,1,593,No,4
MRD-007397,No,92.84,94,6138.4,Premium,1,No,0.7,No,No,4G,1,601,No,4
MRD-007398,No,29.9,93,2638.29,Basic,3,No,2.2,Yes,Yes,4G,2,6,Yes,7
MRD-007399,No,64.73,58,5207.33,Plus,1,No,2.55,Yes,No,5G,3,555,No,7
MRD-007400,No,98.77,92,4102.78,Premium,3,Yes,0.62,No,Yes,4G,3,623,Yes,4
MRD-007401,No,89.74,70,5340.24,Premium,5,No,1.25,Yes,Yes,5G,2,610,Yes,6
MRD-007402,No,95.73,68,7584.6,Premium,1,Yes,1.51,No,Yes,5G,0,1083,No,4
MRD-007403,No,54.93,71,8031.67,Plus,3,No,1.47,No,Yes,4G,2,1389,Yes,8
MRD-007404,No,94.44,61,3636.06,Premium,1,Yes,0.88,Yes,No,5G,2,1140,No,4
MRD-007405,No,49.35,7,360.66,Plus,1,No,9.32,Yes,No,4G,0,81,No,7
MRD-007406,No,30.32,70,1033.38,Basic,3,No,0.93,Yes,Yes,5G,0,1392,Yes,7
MRD-007407,Yes,39.2,52,2549.96,Basic,2,Yes,5.3,No,No,5G,1,1354,No,4
MRD-007408,No,84.08,45,6225.2,Premium,1,No,6.38,Yes,No,5G,2,610,No,4
MRD-007409,No,52.0,47,1620.94,Plus,2,No,4.94,Yes,Yes,5G,1,1485,No,9
MRD-007410,No,93.7,0,24.45,Premium,1,No,5.4,Yes,No,5G,2,719,No,5
MRD-007411,No,64.98,7,641.44,Plus,1,No,6.83,Yes,No,5G,3,878,No,10
MRD-007412,Yes,26.21,27,518.33,Basic,3,No,4.34,Yes,No,5G,0,143,Yes,6
MRD-007413,No,57.98,46,1620.02,Plus,2,No,1.68,No,No,5G,0,689,No,5
MRD-007414,Yes,65.91,12,1500.52,Plus,2,Yes,1.09,Yes,No,5G,1,531,No,3
MRD-007415,No,66.75,76,5551.01,Plus,1,Yes,2.14,Yes,No,5G,1,1352,No,2
MRD-007416,Yes,36.72,57,3814.83,Basic,1,No,6.4,Yes,Yes,5G,0,321,No,8
MRD-007417,No,56.78,75,5295.79,Plus,2,Yes,4.8,No,No,5G,1,751,No,9
MRD-007418,Yes,38.31,7,433.97,Basic,5,No,5.12,Yes,No,5G,1,759,Yes,1
MRD-007419,No,56.62,49,5161.2,Plus,3,Yes,4.04,No,Yes,5G,1,1490,Yes,2
MRD-007420,Yes,107.59,21,3209.0,Premium,2,No,3.29,No,No,5G,0,30,No,6
MRD-007421,No,94.39,45,4566.57,Premium,1,No,0.42,Yes,No,4G,1,1118,No,10
MRD-007422,No,37.61,54,3326.74,Basic,5,Yes,0.52,Yes,No,5G,3,363,Yes,10
MRD-007423,Yes,36.9,94,2973.66,Basic,1,No,3.07,Yes,No,4G,2,477,No,9
MRD-007424,No,52.15,29,1623.45,Plus,3,No,0.86,Yes,No,5G,2,262,Yes,10
MRD-007425,No,65.02,29,1153.14,Plus,1,No,2.21,Yes,No,5G,4,925,No,10
MRD-007426,No,86.1,58,8445.98,Premium,1,No,3.53,No,Yes,5G,2,315,No,6
MRD-007427,No,67.68,6,167.98,Plus,2,No,1.89,Yes,No,4G,0,218,No,7
MRD-007428,No,94.06,49,4748.33,Premium,1,No,3.63,Yes,No,4G,3,1215,No,6
MRD-007429,No,99.13,75,3437.6,Premium,4,No,3.38,No,No,5G,1,33,Yes,5
MRD-007430,Yes,37.63,16,725.84,Basic,5,No,3.89,Yes,No,5G,3,545,Yes,5
MRD-007431,Yes,63.91,55,3363.27,Plus,1,No,3.66,Yes,Yes,4G,3,746,No,6
MRD-007432,No,80.23,90,13278.51,Premium,3,No,16.08,Yes,No,4G,1,613,Yes,5
MRD-007433,No,33.53,20,978.38,Basic,2,No,2.34,Yes,No,4G,2,1404,No,5
MRD-007434,No,99.51,59,4665.75,Premium,1,No,8.35,Yes,No,5G,2,127,No,2
MRD-007435,No,63.78,2,132.78,Plus,1,No,0.94,Yes,No,5G,0,211,No,4
MRD-007436,No,88.75,42,5047.16,Premium,3,No,1.31,Yes,Yes,5G,3,1446,Yes,10
MRD-007437,No,39.66,30,1478.85,Basic,2,No,10.5,No,Yes,5G,1,1286,No,3
MRD-007438,Yes,40.55,10,268.46,Basic,3,No,0.81,No,No,4G,2,580,Yes,5
MRD-007439,No,89.16,32,1375.24,Premium,1,No,13.08,Yes,No,5G,0,251,No,10
MRD-007440,No,118.9,54,4766.7,Premium,2,No,2.36,Yes,No,5G,1,983,No,6
MRD-007441,No,89.74,56,10185.55,Premium,2,Yes,2.49,Yes,No,5G,1,488,No,3
MRD-007442,Yes,36.2,3,339.07,Basic,2,No,5.33,Yes,No,5G,1,121,No,1
MRD-007443,No,105.71,94,9540.0,Premium,1,No,1.7,Yes,No,4G,2,576,No,3
MRD-007444,No,89.79,36,4834.31,Premium,1,Yes,4.5,No,No,4G,2,812,No,9
MRD-007445,Yes,30.62,65,3041.61,Basic,1,No,6.41,Yes,Yes,4G,2,1463,No,4
MRD-007446,No,93.85,73,4453.91,Premium,5,No,3.16,No,Yes,5G,1,36,Yes,7
MRD-007447,No,61.88,51,2313.13,Plus,3,No,3.68,Yes,Yes,4G,2,866,Yes,4
MRD-007448,No,80.03,35,2814.65,Plus,2,No,2.87,Yes,No,4G,2,712,No,7
MRD-007449,Yes,30.76,21,686.78,Basic,4,No,3.53,Yes,Yes,5G,0,639,Yes,10
MRD-007450,No,65.57,48,4283.2,Plus,2,No,3.31,No,No,4G,6,1334,No,10
MRD-007451,No,38.63,87,2508.14,Basic,3,No,3.17,Yes,Yes,5G,1,394,Yes,10
MRD-007452,No,87.79,67,4832.69,Premium,2,Yes,0.92,Yes,No,4G,0,614,No,1
MRD-007453,No,57.24,49,3771.7,Plus,2,No,4.09,Yes,No,5G,0,908,No,8
MRD-007454,No,61.58,24,3450.63,Plus,1,Yes,1.7,Yes,No,4G,1,1284,No,8
MRD-007455,Yes,102.68,70,5399.96,Premium,2,No,1.39,No,No,5G,3,349,No,5
MRD-007456,No,62.78,16,510.18,Plus,4,No,4.36,Yes,No,4G,0,722,Yes,4
MRD-007457,No,117.08,43,5648.27,Premium,4,No,11.79,Yes,No,5G,2,864,Yes,3
MRD-007458,Yes,31.25,50,2715.77,Basic,3,No,8.53,Yes,No,5G,2,170,Yes,3
MRD-007459,No,102.3,25,3271.73,Premium,1,No,0.66,Yes,No,5G,2,378,No,4
MRD-007460,No,64.51,46,3324.7,Plus,1,No,0.32,Yes,No,5G,1,699,No,10
MRD-007461,No,68.37,49,1956.36,Plus,1,No,2.12,No,No,5G,0,1319,No,3
MRD-007462,No,65.56,10,752.06,Plus,1,No,7.85,Yes,Yes,5G,0,228,No,5
MRD-007463,No,25.01,21,785.4,Basic,5,Yes,11.48,No,Yes,4G,0,1344,Yes,1
MRD-007464,No,55.03,93,4174.05,Plus,4,No,7.87,No,No,4G,0,630,Yes,2
MRD-007465,No,84.76,96,5251.99,Premium,2,No,6.76,No,Yes,5G,1,384,No,6
MRD-007466,No,33.54,59,3275.87,Basic,3,No,5.76,No,Yes,5G,2,850,Yes,9
MRD-007467,No,122.71,78,4844.5,Premium,2,Yes,0.74,Yes,No,5G,3,1025,No,8
MRD-007468,Yes,30.19,28,462.53,Basic,5,No,10.54,No,Yes,4G,1,871,Yes,10
MRD-007469,No,56.64,17,841.05,Plus,2,No,4.99,Yes,No,4G,0,35,No,1
MRD-007470,No,59.72,90,7389.39,Plus,4,No,1.67,Yes,Yes,5G,2,1390,Yes,5
MRD-007471,No,52.09,53,3677.8,Plus,4,Yes,4.53,Yes,Yes,5G,2,592,Yes,7
MRD-007472,No,54.0,88,4706.41,Plus,2,No,5.65,Yes,No,5G,3,485,No,8
MRD-007473,No,49.05,36,3440.79,Plus,1,No,0.47,No,Yes,5G,2,831,No,7
MRD-007474,No,37.68,13,242.65,Basic,4,No,1.91,Yes,No,5G,2,416,Yes,2
MRD-007475,No,58.48,59,5385.82,Plus,1,No,7.22,Yes,No,5G,1,773,No,7
MRD-007476,No,40.51,41,2276.63,Basic,3,No,4.88,Yes,Yes,4G,1,656,Yes,5
MRD-007477,No,46.35,51,3123.85,Plus,2,No,3.08,Yes,Yes,5G,1,388,No,2
MRD-007478,No,56.06,15,462.9,Plus,2,No,1.67,Yes,No,5G,2,302,No,3
MRD-007479,No,33.91,59,1213.63,Basic,2,No,1.86,Yes,No,5G,0,1138,No,4
MRD-007480,No,32.52,50,1909.78,Basic,3,No,4.2,Yes,Yes,5G,3,1395,Yes,2
MRD-007481,No,103.36,80,11382.22,Premium,2,No,4.66,Yes,No,5G,3,967,No,4
MRD-007482,Yes,59.41,7,587.01,Plus,2,No,0.95,No,No,5G,4,189,No,4
MRD-007483,No,59.0,85,4967.76,Plus,1,No,9.54,No,Yes,5G,2,796,No,10
MRD-007484,No,83.57,96,10639.23,Premium,4,Yes,2.47,Yes,Yes,4G,3,215,Yes,2
MRD-007485,Yes,53.34,5,144.52,Plus,3,No,3.72,Yes,Yes,5G,1,158,Yes,4
MRD-007486,Yes,38.55,24,1283.2,Basic,1,No,3.69,No,No,5G,0,404,No,10
MRD-007487,No,106.81,41,3096.24,Premium,3,No,4.9,Yes,No,4G,0,1325,Yes,10
MRD-007488,No,70.8,7,563.87,Plus,4,No,5.7,Yes,Yes,4G,3,653,Yes,4
MRD-007489,No,39.45,70,6618.56,Basic,1,No,2.3,Yes,No,4G,3,781,No,4
MRD-007490,No,93.93,43,3478.43,Premium,5,No,7.19,Yes,No,4G,1,692,Yes,1
MRD-007491,No,41.61,57,1424.48,Basic,5,No,2.71,No,No,4G,0,1450,Yes,6
MRD-007492,No,59.52,17,1809.43,Plus,1,No,3.41,Yes,No,4G,2,819,No,10
MRD-007493,No,77.1,37,2880.08,Premium,3,No,3.14,Yes,Yes,5G,0,1242,Yes,4
MRD-007494,No,62.28,4,156.05,Plus,2,No,1.56,No,No,5G,3,1200,No,4
MRD-007495,No,97.39,43,4932.41,Premium,1,No,0.13,Yes,No,5G,1,1406,No,9
MRD-007496,No,86.89,93,4504.63,Premium,1,Yes,6.75,No,No,4G,1,1033,No,2
MRD-007497,No,60.78,78,6092.51,Plus,2,No,2.79,Yes,Yes,5G,2,1372,No,9
MRD-007498,No,89.16,15,1340.21,Premium,1,No,3.79,Yes,Yes,5G,2,116,No,2
MRD-007499,No,119.21,83,9488.73,Premium,5,No,2.03,Yes,No,5G,2,1435,Yes,1
MRD-007500,Yes,52.83,59,3139.65,Plus,3,No,1.08,No,No,4G,2,555,Yes,3
MRD-007501,No,34.02,75,1012.99,Basic,2,No,1.48,No,No,5G,1,1065,No,1
MRD-007502,No,37.41,63,1348.74,Basic,1,No,1.28,Yes,No,5G,1,1291,No,6
MRD-007503,No,53.73,74,3722.33,Plus,1,No,0.33,Yes,No,5G,1,1350,No,8
MRD-007504,No,93.35,35,3248.01,Premium,5,No,4.52,No,Yes,5G,1,1295,Yes,2
MRD-007505,No,34.35,10,434.27,Basic,5,No,3.98,Yes,No,5G,0,842,Yes,2
MRD-007506,No,31.75,16,854.99,Basic,2,Yes,5.49,Yes,Yes,5G,4,267,No,7
MRD-007507,No,71.85,66,6360.33,Plus,3,No,2.01,Yes,Yes,5G,1,1347,Yes,1
MRD-007508,No,53.62,83,2598.49,Plus,2,No,4.67,No,No,4G,1,1259,No,4
MRD-007509,No,29.49,35,754.87,Basic,2,No,3.21,Yes,No,5G,1,762,No,9
MRD-007510,No,63.86,87,8654.84,Plus,4,No,3.89,Yes,No,5G,1,385,Yes,6
MRD-007511,No,36.87,36,1744.64,Basic,3,No,5.27,Yes,No,5G,2,1087,Yes,4
MRD-007512,No,32.45,24,774.91,Basic,5,No,7.78,Yes,No,5G,1,1138,Yes,3
MRD-007513,No,32.8,22,980.31,Basic,4,No,1.83,Yes,No,5G,1,1184,Yes,5
MRD-007514,Yes,84.66,94,3912.84,Premium,2,No,6.92,No,No,5G,1,1247,No,9
MRD-007515,No,53.61,5,504.98,Plus,2,Yes,3.2,No,Yes,4G,3,895,No,8
MRD-007516,No,69.1,38,4436.65,Plus,3,No,11.39,Yes,No,5G,1,775,Yes,10
MRD-007517,No,45.87,34,2949.11,Basic,1,No,1.54,Yes,Yes,5G,2,114,No,10
MRD-007518,No,37.47,43,2709.7,Basic,1,No,1.17,Yes,Yes,5G,2,82,No,6
MRD-007519,No,71.99,25,1179.57,Plus,4,No,3.22,No,No,5G,0,777,Yes,5
MRD-007520,No,72.06,8,542.02,Plus,1,No,8.99,Yes,Yes,4G,1,422,No,9
MRD-007521,No,81.15,12,2355.14,Premium,2,No,1.73,No,No,5G,2,1322,No,7
MRD-007522,No,92.83,28,2354.9,Premium,5,Yes,1.55,Yes,No,5G,1,342,Yes,8
MRD-007523,No,32.75,32,815.07,Basic,3,No,1.32,Yes,Yes,5G,2,730,Yes,1
MRD-007524,No,43.13,14,941.3,Basic,2,No,1.87,Yes,No,5G,1,701,No,9
MRD-007525,No,35.3,5,184.9,Basic,3,Yes,0.58,No,No,4G,0,544,Yes,9
MRD-007526,No,67.59,53,1678.35,Plus,5,No,3.45,Yes,Yes,5G,1,893,Yes,1
MRD-007527,No,34.47,17,608.81,Basic,1,No,18.54,Yes,Yes,4G,6,255,No,6
MRD-007528,Yes,85.66,42,4643.22,Premium,1,Yes,6.24,No,No,4G,1,1294,No,9
MRD-007529,No,33.57,1,73.85,Basic,4,Yes,2.36,Yes,No,4G,2,656,Yes,10
MRD-007530,No,73.48,23,1876.97,Plus,2,No,4.66,Yes,No,4G,3,89,No,1
MRD-007531,No,35.23,53,1906.92,Basic,3,No,3.53,Yes,Yes,4G,3,1308,Yes,6
MRD-007532,No,79.3,5,408.11,Premium,1,No,0.54,No,No,4G,1,1144,No,8
MRD-007533,No,96.94,63,6504.27,Premium,1,No,0.69,No,Yes,5G,1,1228,No,6
MRD-007534,No,104.46,9,925.14,Premium,3,Yes,6.32,Yes,No,5G,1,1196,Yes,7
MRD-007535,No,35.47,3,246.44,Basic,1,Yes,3.88,Yes,Yes,5G,2,614,No,10
MRD-007536,No,83.05,37,2860.78,Premium,2,No,3.83,No,No,4G,4,490,No,10
MRD-007537,No,92.27,18,999.23,Premium,2,No,1.69,Yes,No,5G,1,655,No,7
MRD-007538,No,30.83,94,4024.04,Basic,5,Yes,0.67,No,Yes,5G,2,1029,Yes,6
MRD-007539,No,68.69,5,354.47,Plus,4,No,2.75,Yes,Yes,4G,2,1228,Yes,3
MRD-007540,No,60.91,84,2004.3,Plus,2,No,2.03,No,Yes,4G,5,389,No,5
MRD-007541,No,74.5,59,5445.12,Plus,1,No,4.1,Yes,No,5G,1,1131,No,1
MRD-007542,No,65.6,91,8316.11,Plus,4,No,1.82,No,Yes,5G,3,257,Yes,9
MRD-007543,No,30.53,62,3386.72,Basic,5,No,0.87,Yes,No,5G,0,861,Yes,1
MRD-007544,No,65.48,79,3496.48,Plus,1,No,0.37,No,No,4G,1,1030,No,6
MRD-007545,No,30.57,45,397.42,Basic,2,No,0.52,No,Yes,5G,0,735,No,1
MRD-007546,No,88.47,28,2757.23,Premium,5,No,5.53,No,Yes,5G,1,572,Yes,1
MRD-007547,Yes,39.59,44,1639.87,Basic,3,Yes,2.15,Yes,No,4G,0,725,Yes,8
MRD-007548,Yes,36.59,47,2456.02,Basic,2,No,14.21,No,Yes,5G,1,1420,No,5
MRD-007549,No,50.96,83,6505.09,Plus,1,No,0.82,Yes,No,5G,0,1140,No,7
MRD-007550,No,36.83,21,1125.34,Basic,1,No,1.5,Yes,Yes,5G,5,527,No,5
MRD-007551,No,101.88,50,6844.88,Premium,1,No,1.43,Yes,Yes,4G,0,282,No,8
MRD-007552,No,26.91,6,193.39,Basic,1,No,0.63,Yes,No,5G,2,209,No,6
MRD-007553,No,27.76,69,2070.18,Basic,2,No,6.23,Yes,No,4G,0,1458,No,1
MRD-007554,No,112.39,96,11255.47,Premium,5,No,8.08,No,No,4G,0,38,Yes,5
MRD-007555,Yes,36.25,22,2296.51,Basic,3,No,1.19,No,Yes,5G,1,276,Yes,10
MRD-007556,No,113.88,96,18772.2,Premium,4,No,0.57,No,No,5G,1,1154,Yes,10
MRD-007557,No,38.44,66,2877.1,Basic,2,No,2.22,No,No,5G,2,1404,No,9
MRD-007558,No,93.83,44,3624.19,Premium,2,Yes,0.58,No,No,4G,2,307,No,7
MRD-007559,No,71.11,94,5538.05,Plus,3,Yes,1.92,No,No,5G,1,1462,Yes,9
MRD-007560,No,40.85,50,4500.32,Basic,5,No,0.18,No,Yes,4G,2,987,Yes,8
MRD-007561,No,39.8,24,1136.63,Basic,1,No,1.18,No,No,5G,1,1370,No,3
MRD-007562,No,37.94,82,4570.01,Basic,1,No,0.62,Yes,Yes,4G,3,736,No,3
MRD-007563,No,102.77,32,2380.61,Premium,3,No,12.68,Yes,No,4G,2,275,Yes,2
MRD-007564,No,64.14,28,2522.29,Plus,1,No,3.92,No,Yes,4G,1,295,No,6
MRD-007565,No,54.27,18,519.4,Plus,1,No,14.33,Yes,No,4G,3,472,No,10
MRD-007566,No,105.53,65,6540.21,Premium,2,No,0.79,Yes,Yes,4G,4,713,No,3
MRD-007567,No,51.9,76,2701.12,Plus,1,No,1.04,Yes,No,5G,0,1482,No,9
MRD-007568,No,95.82,93,4173.93,Premium,2,No,1.97,No,No,4G,0,213,No,2
MRD-007569,No,89.61,32,2616.72,Premium,4,No,0.58,Yes,No,4G,2,260,Yes,8
MRD-007570,No,81.43,54,3774.92,Premium,1,No,1.97,Yes,No,4G,3,90,No,7
MRD-007571,Yes,41.46,37,2707.76,Basic,1,No,1.98,Yes,No,5G,2,317,No,7
MRD-007572,Yes,24.42,3,132.05,Basic,1,No,0.11,Yes,No,5G,1,710,No,1
MRD-007573,No,92.28,79,13137.21,Premium,1,No,2.2,Yes,No,4G,1,31,No,10
MRD-007574,No,33.29,86,4806.23,Basic,3,Yes,9.79,No,No,4G,1,559,Yes,7
MRD-007575,No,66.89,83,2648.57,Plus,2,No,2.3,Yes,No,5G,3,1406,No,9
MRD-007576,No,84.01,37,2645.9,Premium,1,No,0.8,Yes,Yes,4G,1,259,No,5
MRD-007577,Yes,41.33,16,1156.7,Basic,5,No,2.19,Yes,Yes,4G,5,185,Yes,1
MRD-007578,No,63.24,56,2239.91,Plus,1,No,0.37,No,No,4G,2,413,No,9
MRD-007579,No,64.68,90,6344.16,Plus,3,No,2.75,No,No,5G,1,361,Yes,9
MRD-007580,No,55.5,38,5333.13,Plus,2,No,1.5,Yes,No,5G,0,310,No,3
MRD-007581,No,56.52,75,3173.35,Plus,3,No,0.6,Yes,No,5G,2,761,Yes,7
MRD-007582,No,85.55,15,1032.99,Premium,2,No,0.13,No,No,5G,0,518,No,5
MRD-007583,No,63.27,19,1489.59,Plus,3,No,0.47,No,Yes,5G,0,32,Yes,1
MRD-007584,No,45.19,12,225.98,Plus,2,No,7.83,No,No,5G,1,962,No,5
MRD-007585,No,63.13,70,2425.91,Plus,1,Yes,4.03,Yes,No,5G,2,997,No,4
MRD-007586,No,36.53,12,349.56,Basic,1,No,2.06,Yes,No,5G,3,415,No,6
MRD-007587,Yes,60.68,21,1532.99,Plus,4,No,4.38,No,No,4G,1,1210,Yes,5
MRD-007588,Yes,126.82,31,6831.38,Premium,2,No,4.87,No,No,5G,1,414,No,9
MRD-007589,No,57.55,59,4701.36,Plus,4,Yes,4.9,No,Yes,4G,1,1123,Yes,5
MRD-007590,No,38.13,33,679.68,Basic,1,Yes,1.36,Yes,No,5G,3,846,No,5
MRD-007591,No,41.96,93,5483.11,Basic,2,No,0.2,No,Yes,4G,1,23,No,4
MRD-007592,Yes,32.76,15,548.99,Basic,4,No,1.62,No,No,5G,1,1162,Yes,3
MRD-007593,No,95.45,75,10469.59,Premium,2,No,4.95,Yes,No,4G,1,88,No,10
MRD-007594,No,95.52,22,3275.05,Premium,3,No,5.69,Yes,No,5G,0,6,Yes,3
MRD-007595,Yes,33.36,29,703.99,Basic,1,Yes,4.47,Yes,No,5G,1,1011,No,10
MRD-007596,Yes,45.1,21,4043.32,Plus,1,No,5.25,Yes,No,5G,3,249,No,3
MRD-007597,No,28.64,12,349.37,Basic,2,No,4.19,No,No,5G,1,887,No,5
MRD-007598,No,100.83,95,8710.45,Premium,4,No,2.95,No,No,4G,0,1352,Yes,10
MRD-007599,No,93.07,7,949.47,Premium,4,No,0.21,Yes,No,4G,1,1418,Yes,8
MRD-007600,Yes,68.19,93,9105.11,Plus,1,No,1.8,Yes,No,4G,2,193,No,10
MRD-007601,No,87.11,74,3917.47,Premium,2,No,2.73,Yes,Yes,4G,2,1059,No,2
MRD-007602,No,36.09,73,2235.82,Basic,5,No,1.32,Yes,Yes,5G,2,1206,Yes,2
MRD-007603,No,32.69,44,775.3,Basic,3,No,1.9,Yes,Yes,5G,1,817,Yes,1
MRD-007604,No,53.32,36,1394.83,Plus,2,No,1.15,Yes,Yes,5G,0,1338,No,3
MRD-007605,No,132.54,45,9313.18,Premium,1,No,0.62,Yes,Yes,5G,1,328,No,9
MRD-007606,No,56.32,32,3414.04,Plus,2,Yes,1.79,Yes,Yes,5G,0,1437,No,1
MRD-007607,No,36.27,11,623.38,Basic,3,No,5.03,Yes,No,5G,0,633,Yes,5
MRD-007608,No,44.44,67,3254.75,Basic,2,No,9.23,Yes,Yes,5G,1,1028,No,6
MRD-007609,No,32.55,39,988.81,Basic,2,No,1.34,Yes,No,5G,2,1492,No,10
MRD-007610,Yes,34.68,36,1106.96,Basic,2,Yes,0.81,Yes,No,4G,2,80,No,1
MRD-007611,No,37.05,1,354.53,Basic,1,No,0.98,Yes,Yes,4G,1,698,No,4
MRD-007612,No,79.16,80,3302.92,Premium,2,No,1.83,Yes,No,5G,4,1380,No,7
MRD-007613,No,68.03,47,2491.49,Plus,2,No,3.68,No,Yes,5G,4,524,No,5
MRD-007614,No,77.56,52,8114.81,Premium,4,No,9.22,Yes,Yes,5G,1,664,Yes,2
MRD-007615,No,33.2,41,1096.03,Basic,1,No,1.53,Yes,Yes,4G,2,1275,No,4
MRD-007616,No,34.42,74,2922.63,Basic,1,No,3.72,No,No,4G,2,15,No,9
MRD-007617,No,35.5,47,1467.83,Basic,2,No,5.73,Yes,No,5G,2,63,No,8
MRD-007618,Yes,24.53,37,465.57,Basic,4,No,1.78,No,No,5G,2,182,Yes,9
MRD-007619,Yes,65.26,42,2679.35,Plus,1,No,1.3,Yes,No,4G,1,319,No,2
MRD-007620,No,68.65,54,7872.81,Plus,4,No,8.7,Yes,No,5G,2,1198,Yes,9
MRD-007621,No,66.92,31,5938.87,Plus,3,Yes,1.56,Yes,No,5G,3,591,Yes,3
MRD-007622,No,39.88,63,2697.69,Basic,1,No,3.58,No,No,5G,1,426,No,10
MRD-007623,No,40.98,65,5942.8,Basic,3,No,0.57,No,Yes,5G,0,1090,Yes,4
MRD-007624,No,95.61,96,8007.84,Premium,5,Yes,8.6,No,No,5G,1,502,Yes,6
MRD-007625,No,71.5,65,2347.76,Premium,4,No,7.38,Yes,No,5G,4,972,Yes,9
MRD-007626,Yes,38.52,54,3879.98,Basic,5,No,4.06,Yes,No,5G,1,1110,Yes,3
MRD-007627,No,59.3,12,886.12,Plus,1,No,4.74,No,Yes,5G,1,209,No,2
MRD-007628,No,24.26,42,1276.99,Basic,1,No,2.18,Yes,Yes,5G,0,1300,No,9
MRD-007629,No,62.22,30,3144.12,Plus,3,No,1.49,No,No,4G,0,173,Yes,9
MRD-007630,No,39.33,41,1717.48,Basic,5,No,1.39,Yes,Yes,5G,2,242,Yes,2
MRD-007631,No,57.68,62,5392.15,Plus,1,No,2.78,Yes,No,5G,2,892,No,9
MRD-007632,No,70.4,80,6079.33,Plus,2,No,3.42,Yes,No,5G,1,58,No,6
MRD-007633,No,65.86,58,3545.18,Plus,2,No,1.05,No,No,5G,1,882,No,7
MRD-007634,No,80.73,4,697.09,Premium,1,No,2.09,No,Yes,4G,2,1449,No,10
MRD-007635,No,57.23,20,1183.18,Plus,5,No,3.35,Yes,No,4G,0,1178,Yes,6
MRD-007636,No,42.35,74,2727.27,Basic,3,No,4.91,Yes,Yes,5G,0,919,Yes,5
MRD-007637,No,41.15,49,1485.58,Basic,4,No,4.71,Yes,Yes,4G,2,578,Yes,9
MRD-007638,No,57.9,7,486.47,Plus,1,No,0.32,Yes,Yes,5G,2,751,No,2
MRD-007639,No,58.52,71,4828.92,Plus,4,No,2.26,Yes,No,5G,1,405,Yes,5
MRD-007640,No,35.69,23,1154.46,Basic,4,No,5.92,No,No,4G,0,1061,Yes,4
MRD-007641,Yes,35.46,5,100.67,Basic,2,No,0.89,Yes,No,5G,1,485,No,4
MRD-007642,No,57.03,10,931.18,Plus,2,No,2.76,Yes,Yes,4G,0,1493,No,10
MRD-007643,No,61.26,70,4505.29,Plus,3,No,4.01,Yes,No,5G,0,857,Yes,9
MRD-007644,No,40.14,1,203.16,Basic,1,No,0.4,Yes,No,5G,0,438,No,3
MRD-007645,No,55.58,26,3197.94,Plus,1,No,1.58,No,No,5G,1,1424,No,6
MRD-007646,No,59.78,90,12506.79,Plus,2,No,1.13,No,No,5G,2,680,No,8
MRD-007647,Yes,23.61,84,3705.19,Basic,5,No,3.56,No,Yes,5G,2,1204,Yes,2
MRD-007648,No,58.62,47,2772.24,Plus,1,No,8.79,Yes,No,5G,3,1054,No,6
MRD-007649,No,67.67,45,1970.26,Plus,1,Yes,1.91,Yes,No,5G,0,219,No,2
MRD-007650,No,87.54,17,2641.04,Premium,2,Yes,2.69,Yes,Yes,5G,0,1288,No,10
MRD-007651,No,67.62,90,8739.01,Premium,2,Yes,2.4,No,No,4G,3,365,No,1
MRD-007652,No,99.77,2,312.07,Premium,2,No,0.56,No,Yes,4G,2,196,No,9
MRD-007653,No,63.73,26,1220.57,Plus,4,No,2.25,Yes,No,5G,0,141,Yes,8
MRD-007654,No,61.66,37,2533.82,Plus,1,No,1.69,Yes,Yes,5G,1,89,No,1
MRD-007655,No,57.24,84,4060.92,Plus,3,No,1.57,Yes,No,5G,7,373,Yes,3
MRD-007656,Yes,46.8,19,1011.81,Plus,3,Yes,0.94,Yes,No,5G,0,1419,Yes,2
MRD-007657,No,74.01,36,2234.19,Premium,1,Yes,3.64,Yes,No,5G,2,872,No,1
MRD-007658,Yes,34.75,69,1609.82,Basic,4,No,0.3,No,No,5G,1,1194,Yes,1
MRD-007659,No,34.04,57,2167.69,Basic,5,No,5.76,Yes,Yes,5G,5,31,Yes,7
MRD-007660,No,98.82,24,1187.85,Premium,2,Yes,1.47,No,No,5G,1,905,No,3
MRD-007661,No,46.38,56,5337.72,Plus,3,No,0.05,Yes,No,4G,2,496,Yes,5
MRD-007662,Yes,32.69,59,1144.49,Basic,2,No,2.42,No,No,5G,2,371,No,10
MRD-007663,No,116.07,87,15225.49,Premium,3,No,5.43,No,No,5G,2,746,Yes,3
MRD-007664,No,90.91,68,22830.79,Premium,2,No,3.81,Yes,No,5G,2,346,No,1
MRD-007665,No,68.41,61,4336.15,Plus,1,No,0.87,Yes,No,5G,0,938,No,9
MRD-007666,Yes,30.46,78,2092.67,Basic,1,No,2.55,Yes,Yes,5G,1,836,No,2
MRD-007667,No,64.98,2,478.63,Plus,1,Yes,3.79,Yes,Yes,5G,2,38,No,5
MRD-007668,No,64.18,55,4538.23,Plus,1,No,5.84,No,No,4G,2,1062,No,5
MRD-007669,No,97.03,9,857.07,Premium,2,Yes,3.89,Yes,Yes,4G,3,1410,No,6
MRD-007670,No,69.08,96,23928.55,Plus,2,Yes,4.63,No,Yes,4G,1,1205,No,2
MRD-007671,No,38.47,92,8615.69,Basic,1,Yes,7.86,Yes,No,5G,1,794,No,5
MRD-007672,No,93.33,71,2675.54,Premium,1,Yes,8.78,Yes,No,5G,1,1004,No,9
MRD-007673,No,34.82,45,4879.06,Basic,4,No,2.24,Yes,No,4G,1,728,Yes,5
MRD-007674,No,38.06,54,938.02,Basic,5,Yes,2.03,Yes,Yes,5G,2,1368,Yes,9
MRD-007675,No,39.62,2,0.0,Basic,1,No,0.13,Yes,No,4G,3,431,No,2
MRD-007676,No,35.55,20,820.87,Basic,2,No,6.59,Yes,No,5G,2,502,No,4
MRD-007677,Yes,59.48,74,7119.75,Plus,1,No,1.87,No,Yes,4G,2,639,No,5
MRD-007678,Yes,34.56,17,581.09,Basic,2,No,0.67,Yes,No,5G,2,426,No,3
MRD-007679,No,58.01,60,2924.84,Plus,3,No,5.65,Yes,Yes,5G,0,715,Yes,8
MRD-007680,Yes,61.56,43,2283.88,Plus,1,No,3.71,No,Yes,5G,2,458,No,5
MRD-007681,No,64.08,27,1437.93,Plus,2,No,2.76,Yes,No,5G,1,808,No,7
MRD-007682,Yes,62.71,64,2404.9,Plus,2,No,3.08,Yes,Yes,5G,0,897,No,1
MRD-007683,No,67.5,7,742.42,Plus,2,No,0.2,Yes,No,5G,0,942,No,5
MRD-007684,Yes,25.77,72,1252.04,Basic,2,No,0.47,No,No,5G,1,1003,No,6
MRD-007685,No,67.22,17,1835.2,Plus,3,No,3.58,Yes,No,4G,2,236,Yes,7
MRD-007686,Yes,29.2,33,1203.61,Basic,1,No,12.61,Yes,Yes,4G,3,806,No,3
MRD-007687,Yes,60.27,17,982.46,Plus,1,No,3.01,Yes,No,5G,0,528,No,2
MRD-007688,No,91.82,33,1591.99,Premium,1,No,1.51,Yes,No,5G,4,96,No,5
MRD-007689,Yes,35.76,15,1008.69,Basic,4,No,2.42,No,Yes,5G,4,184,Yes,10
MRD-007690,No,87.32,79,1837.05,Premium,1,No,0.78,Yes,Yes,5G,0,989,No,1
MRD-007691,No,39.73,68,3587.92,Basic,1,No,2.56,Yes,Yes,5G,0,1452,No,3
MRD-007692,No,50.05,87,5073.78,Plus,4,No,1.56,Yes,No,5G,1,284,Yes,10
MRD-007693,No,31.41,34,969.11,Basic,1,No,2.9,Yes,Yes,4G,0,671,No,1
MRD-007694,No,95.0,31,3748.01,Premium,2,No,5.75,Yes,No,5G,0,1105,No,1
MRD-007695,Yes,32.35,29,863.45,Basic,4,No,13.37,Yes,No,4G,0,214,Yes,9
MRD-007696,No,36.2,72,1689.96,Basic,3,No,2.47,Yes,Yes,5G,2,1258,Yes,7
MRD-007697,No,46.97,7,667.38,Plus,2,Yes,4.41,Yes,No,4G,2,1431,No,3
MRD-007698,No,89.43,78,5622.91,Premium,4,Yes,11.34,No,No,4G,1,861,Yes,10
MRD-007699,Yes,78.9,1,252.25,Premium,3,No,2.74,Yes,No,5G,2,770,Yes,2
MRD-007700,No,37.83,14,265.53,Basic,4,No,1.94,Yes,No,5G,0,285,Yes,6
MRD-007701,No,71.99,43,1806.71,Plus,5,No,2.65,No,Yes,5G,2,698,Yes,2
MRD-007702,No,47.48,35,796.81,Plus,4,No,1.3,Yes,Yes,4G,2,721,Yes,4
MRD-007703,No,103.45,84,8894.77,Premium,2,No,3.57,Yes,Yes,5G,1,239,No,1
MRD-007704,No,90.27,59,6046.46,Premium,4,No,4.76,Yes,No,5G,3,171,Yes,1
MRD-007705,No,50.83,29,1833.15,Plus,2,Yes,1.68,No,No,4G,1,753,No,10
MRD-007706,No,37.78,96,4737.59,Basic,1,No,8.09,No,Yes,4G,3,862,No,9
MRD-007707,No,33.14,45,3454.22,Basic,3,No,4.11,No,No,5G,3,1027,Yes,7
MRD-007708,No,58.4,58,4927.47,Plus,5,No,0.9,Yes,No,5G,1,479,Yes,9
MRD-007709,No,60.05,57,2611.2,Plus,4,No,0.93,Yes,No,4G,1,872,Yes,9
MRD-007710,Yes,45.8,24,998.51,Basic,2,No,1.94,Yes,No,5G,0,470,No,4
MRD-007711,No,62.46,21,2796.98,Plus,2,No,8.4,No,Yes,4G,1,608,No,1
MRD-007712,No,40.43,5,302.55,Basic,5,No,2.33,Yes,No,4G,0,1052,Yes,10
MRD-007713,No,48.25,42,1900.44,Plus,2,Yes,0.05,Yes,Yes,4G,1,685,No,3
MRD-007714,No,31.9,94,3195.55,Basic,1,Yes,0.3,No,No,5G,2,208,No,1
MRD-007715,No,36.61,61,4142.15,Basic,2,No,4.45,No,No,5G,1,851,No,3
MRD-007716,No,83.92,42,2422.59,Premium,1,No,1.58,No,No,5G,3,259,No,4
MRD-007717,Yes,39.7,52,2523.45,Basic,3,No,2.54,Yes,No,5G,0,735,Yes,8
MRD-007718,No,114.91,24,5361.37,Premium,2,No,4.65,Yes,No,4G,1,688,No,9
MRD-007719,No,66.14,76,6700.18,Plus,3,No,0.47,Yes,Yes,4G,1,762,Yes,2
MRD-007720,Yes,65.07,13,1043.65,Plus,2,No,9.23,No,No,5G,0,478,No,5
MRD-007721,Yes,52.53,15,1171.13,Plus,1,No,7.17,No,No,5G,2,1192,No,3
MRD-007722,Yes,30.72,7,476.44,Basic,1,No,3.46,No,No,4G,2,1473,No,7
MRD-007723,No,56.26,82,1755.46,Plus,3,No,0.28,Yes,Yes,5G,0,160,Yes,9
MRD-007724,No,65.0,6,495.83,Premium,2,Yes,0.92,Yes,No,5G,4,878,No,4
MRD-007725,No,31.84,25,825.98,Basic,1,No,0.13,Yes,Yes,4G,2,1346,No,7
MRD-007726,No,66.28,28,2373.97,Plus,1,Yes,1.96,Yes,No,5G,0,756,No,3
MRD-007727,No,54.27,68,3814.49,Plus,1,Yes,8.21,Yes,Yes,4G,2,87,No,7
MRD-007728,No,49.74,65,1925.09,Plus,4,No,4.97,No,Yes,5G,2,735,Yes,9
MRD-007729,No,81.43,31,5018.65,Premium,4,No,2.49,No,No,4G,1,984,Yes,9
MRD-007730,No,67.06,54,1680.87,Plus,4,No,0.49,Yes,Yes,5G,1,48,Yes,9
MRD-007731,No,106.69,14,2195.11,Premium,1,No,2.08,No,No,5G,1,1435,No,1
MRD-007732,No,64.97,13,1986.45,Plus,2,No,1.09,No,No,5G,1,227,No,5
MRD-007733,Yes,34.48,75,1929.49,Basic,4,No,2.46,Yes,No,5G,0,594,Yes,2
MRD-007734,No,29.31,53,3506.33,Basic,2,No,0.34,Yes,No,5G,3,158,No,3
MRD-007735,No,110.67,56,9333.98,Premium,4,No,0.22,No,No,5G,5,1065,Yes,8
MRD-007736,Yes,60.54,27,1377.02,Plus,1,Yes,0.04,Yes,No,5G,0,641,No,10
MRD-007737,No,51.65,19,1206.07,Plus,2,No,8.54,No,No,4G,1,669,No,3
MRD-007738,No,29.54,54,1387.14,Basic,2,No,0.19,No,No,4G,3,964,No,9
MRD-007739,Yes,37.44,67,3948.29,Basic,5,No,1.48,No,No,4G,1,822,Yes,5
MRD-007740,Yes,72.5,44,5121.2,Plus,3,No,3.61,No,Yes,5G,0,587,Yes,5
MRD-007741,No,68.78,67,9387.69,Plus,4,Yes,4.91,Yes,Yes,5G,1,746,Yes,2
MRD-007742,No,87.83,58,8592.03,Premium,1,Yes,2.07,Yes,No,4G,1,1310,No,10
MRD-007743,No,114.88,67,10254.95,Premium,2,No,0.59,Yes,No,4G,0,1497,No,2
MRD-007744,No,36.3,83,3061.2,Basic,1,No,5.0,Yes,Yes,5G,2,617,No,5
MRD-007745,No,68.02,57,2549.36,Plus,3,No,7.91,Yes,No,5G,1,872,Yes,5
MRD-007746,No,31.88,72,1940.67,Basic,3,No,3.16,No,No,5G,1,1060,Yes,3
MRD-007747,Yes,42.44,38,1558.33,Basic,3,No,1.6,Yes,Yes,4G,4,230,Yes,8
MRD-007748,No,90.42,76,9697.78,Premium,3,No,1.75,Yes,Yes,5G,0,908,Yes,7
MRD-007749,No,89.73,61,5096.22,Premium,4,No,3.51,Yes,No,5G,2,531,Yes,5
MRD-007750,No,55.5,49,8938.43,Plus,4,No,3.73,Yes,Yes,5G,1,536,Yes,7
MRD-007751,No,74.54,79,7279.43,Plus,1,Yes,0.87,No,Yes,5G,1,563,No,5
MRD-007752,No,53.03,71,9499.29,Plus,1,No,2.71,Yes,Yes,5G,1,871,No,5
MRD-007753,No,107.39,1,409.82,Premium,4,No,0.06,Yes,Yes,4G,1,1390,Yes,2
MRD-007754,No,39.36,40,2977.9,Basic,3,No,0.64,No,Yes,4G,1,778,Yes,7
MRD-007755,No,37.15,80,4293.1,Basic,1,Yes,3.92,Yes,No,4G,0,1125,No,9
MRD-007756,No,79.02,43,2799.11,Premium,5,No,1.2,Yes,No,4G,3,17,Yes,9
MRD-007757,No,37.12,79,3743.36,Basic,2,No,2.04,Yes,Yes,5G,2,1251,No,9
MRD-007758,No,48.72,78,4816.05,Plus,1,No,1.39,Yes,No,4G,2,94,No,2
MRD-007759,No,52.35,23,790.56,Plus,1,No,4.65,Yes,Yes,4G,1,1168,No,2
MRD-007760,No,37.87,52,2029.67,Basic,3,No,4.16,Yes,Yes,4G,1,43,Yes,9
MRD-007761,No,32.56,90,2037.24,Basic,2,Yes,4.72,No,Yes,5G,1,387,No,10
MRD-007762,No,100.33,51,7489.63,Premium,3,No,10.63,Yes,No,5G,5,958,Yes,5
MRD-007763,No,34.69,88,3002.38,Basic,1,No,3.61,Yes,No,5G,0,712,No,8
MRD-007764,No,72.61,86,5020.72,Plus,3,No,6.66,No,Yes,5G,2,1196,Yes,6
MRD-007765,No,44.92,31,2673.91,Basic,4,No,2.89,No,No,5G,2,1091,Yes,10
MRD-007766,No,36.21,29,1133.09,Basic,1,No,2.5,Yes,No,4G,3,917,No,8
MRD-007767,No,37.92,50,1984.45,Basic,2,No,1.75,Yes,Yes,4G,2,953,No,1
MRD-007768,No,33.41,13,660.77,Basic,1,No,4.13,No,Yes,5G,2,551,No,10
MRD-007769,No,61.03,91,5292.26,Plus,1,No,3.0,Yes,No,5G,0,931,No,3
MRD-007770,No,93.52,54,3396.85,Premium,1,No,4.14,Yes,No,5G,1,123,No,5
MRD-007771,Yes,37.83,16,766.36,Basic,2,No,3.21,Yes,No,4G,0,425,No,10
MRD-007772,No,62.64,22,2312.16,Plus,2,No,1.65,Yes,Yes,5G,2,252,No,6
MRD-007773,Yes,37.01,40,5981.01,Basic,1,No,8.73,Yes,Yes,5G,0,447,No,7
MRD-007774,No,57.29,47,1825.91,Plus,2,No,10.77,No,Yes,5G,1,228,No,7
MRD-007775,No,29.07,28,1375.88,Basic,1,No,3.78,No,No,4G,0,162,No,8
MRD-007776,No,58.36,8,441.54,Plus,5,No,0.08,Yes,Yes,5G,1,399,Yes,1
MRD-007777,No,57.28,51,2990.8,Plus,2,No,4.35,Yes,No,5G,0,1161,No,4
MRD-007778,No,99.49,48,7145.51,Premium,1,Yes,0.74,No,Yes,4G,1,1234,No,7
MRD-007779,No,49.03,64,4724.83,Plus,1,No,21.02,Yes,Yes,5G,1,629,No,2
MRD-007780,No,75.9,63,6569.96,Plus,2,No,1.42,No,Yes,4G,3,1411,No,8
MRD-007781,Yes,31.88,63,2860.3,Basic,1,No,0.57,No,Yes,4G,0,993,No,4
MRD-007782,Yes,41.7,93,4020.6,Basic,1,No,1.07,No,Yes,5G,2,1413,No,1
MRD-007783,Yes,67.19,44,5885.8,Plus,2,No,2.8,No,No,5G,0,940,No,1
MRD-007784,No,63.94,63,7024.4,Plus,2,No,1.85,Yes,No,4G,0,1219,No,7
MRD-007785,Yes,40.55,27,1609.92,Basic,4,No,1.71,Yes,Yes,4G,0,914,Yes,2
MRD-007786,No,54.97,25,1066.64,Plus,4,No,1.03,Yes,Yes,4G,2,696,Yes,2
MRD-007787,No,102.11,64,7982.96,Premium,2,Yes,7.47,Yes,Yes,4G,1,527,No,9
MRD-007788,No,33.14,77,3611.41,Basic,1,No,1.83,Yes,Yes,5G,1,1013,No,8
MRD-007789,No,93.22,17,1177.48,Premium,5,No,7.14,No,Yes,5G,2,1305,Yes,9
MRD-007790,No,52.39,38,1283.54,Plus,5,No,5.57,Yes,Yes,5G,0,232,Yes,7
MRD-007791,No,82.11,2,469.79,Premium,1,No,1.21,Yes,Yes,4G,0,1137,No,8
MRD-007792,No,31.09,25,398.4,Basic,2,No,0.36,Yes,No,4G,1,716,No,2
MRD-007793,No,52.15,66,3041.91,Plus,3,No,4.24,Yes,No,5G,0,1338,Yes,5
MRD-007794,No,107.44,53,3971.29,Premium,2,No,6.26,Yes,No,4G,2,1301,No,10
MRD-007795,No,105.85,59,3297.8,Premium,2,No,15.85,Yes,No,4G,0,590,No,6
MRD-007796,No,41.96,74,4125.38,Basic,2,No,3.07,Yes,Yes,5G,1,620,No,9
MRD-007797,No,55.96,85,4690.3,Plus,2,No,1.66,Yes,No,5G,1,158,No,7
MRD-007798,No,30.03,73,2200.91,Basic,1,No,3.42,Yes,No,5G,1,987,No,5
MRD-007799,Yes,39.42,60,2653.97,Basic,1,No,1.57,No,No,4G,0,1006,No,6
MRD-007800,No,33.21,54,1020.25,Basic,2,No,3.63,No,No,5G,0,43,No,2
MRD-007801,No,41.97,72,3450.21,Basic,1,No,1.43,Yes,Yes,4G,1,1022,No,4
MRD-007802,No,96.3,0,102.19,Premium,4,No,7.88,Yes,Yes,4G,2,252,Yes,4
MRD-007803,No,61.27,28,3105.56,Plus,2,No,2.49,Yes,No,5G,2,380,No,6
MRD-007804,No,68.1,23,2107.81,Plus,3,No,0.37,Yes,No,5G,6,1299,Yes,10
MRD-007805,No,40.52,59,1297.29,Basic,2,No,3.06,Yes,No,5G,1,364,No,5
MRD-007806,Yes,34.83,17,1410.3,Basic,1,Yes,2.69,Yes,Yes,5G,2,205,No,9
MRD-007807,No,28.2,70,1776.95,Basic,2,Yes,1.16,Yes,Yes,5G,2,579,No,4
MRD-007808,No,38.28,71,3599.23,Basic,5,No,1.44,Yes,No,4G,1,969,Yes,5
MRD-007809,No,43.62,32,802.41,Basic,2,No,6.8,Yes,No,5G,3,1418,No,1
MRD-007810,Yes,39.7,94,2803.04,Basic,5,Yes,7.4,No,Yes,5G,4,195,Yes,1
MRD-007811,No,41.44,57,2978.11,Basic,1,Yes,5.95,No,Yes,5G,1,1134,No,2
MRD-007812,No,36.62,36,1351.5,Basic,2,No,2.75,Yes,No,5G,0,1348,No,4
MRD-007813,No,35.93,16,922.99,Basic,5,Yes,2.32,Yes,No,5G,1,1360,Yes,10
MRD-007814,No,44.48,76,2137.52,Basic,1,No,5.69,Yes,No,5G,0,1411,No,7
MRD-007815,No,69.07,33,855.76,Plus,5,No,2.93,No,No,5G,1,901,Yes,4
MRD-007816,No,95.43,55,6515.72,Premium,4,No,0.24,Yes,No,5G,3,516,Yes,8
MRD-007817,No,59.61,51,9771.58,Plus,1,No,2.07,Yes,No,5G,2,318,No,8
MRD-007818,No,88.77,59,5050.76,Premium,3,No,2.29,No,No,5G,1,175,Yes,6
MRD-007819,No,37.21,16,756.74,Basic,1,No,2.21,Yes,No,5G,0,834,No,10
MRD-007820,No,90.76,72,4335.22,Premium,2,No,2.31,No,No,5G,2,108,No,5
MRD-007821,No,34.26,42,4394.54,Basic,1,No,0.49,Yes,No,5G,1,984,No,5
MRD-007822,No,42.3,72,1698.46,Basic,2,Yes,5.65,No,No,5G,2,493,No,4
MRD-007823,No,52.85,59,2860.11,Plus,1,No,2.04,No,No,4G,2,75,No,5
MRD-007824,Yes,33.49,18,1043.26,Basic,1,No,7.79,Yes,No,5G,1,1045,No,6
MRD-007825,No,99.64,70,8510.22,Premium,2,No,10.87,No,No,4G,2,912,No,8
MRD-007826,No,73.99,59,3287.15,Plus,4,No,7.25,No,No,5G,2,555,Yes,5
MRD-007827,No,96.71,74,11114.11,Premium,2,No,1.34,Yes,Yes,4G,2,1427,No,2
MRD-007828,No,54.26,61,3905.44,Plus,2,Yes,5.07,No,Yes,4G,2,1329,No,8
MRD-007829,No,71.97,43,2354.61,Plus,1,No,5.28,Yes,Yes,5G,1,1244,No,1
MRD-007830,Yes,63.17,39,230.09,Plus,2,Yes,4.54,No,No,4G,2,601,No,6
MRD-007831,No,29.98,39,424.59,Basic,1,No,1.96,Yes,No,5G,1,247,No,2
MRD-007832,No,102.08,30,988.41,Premium,2,No,0.57,Yes,No,5G,1,1467,No,3
MRD-007833,No,100.38,1,242.05,Premium,1,No,0.93,Yes,Yes,4G,3,588,No,6
MRD-007834,No,43.65,26,1362.36,Plus,1,No,6.47,No,Yes,5G,1,574,No,1
MRD-007835,No,32.78,21,725.22,Basic,5,No,1.48,No,No,5G,2,332,Yes,3
MRD-007836,No,63.45,92,5763.9,Plus,4,No,1.08,No,Yes,4G,2,1111,Yes,1
MRD-007837,No,35.9,93,2139.58,Basic,1,Yes,2.04,Yes,Yes,5G,1,594,No,7
MRD-007838,No,81.08,64,3892.56,Premium,1,No,0.89,No,No,4G,1,524,No,5
MRD-007839,No,55.61,7,501.01,Plus,1,No,2.03,No,Yes,4G,1,193,No,9
MRD-007840,No,53.37,17,800.65,Plus,4,Yes,2.72,Yes,Yes,5G,2,915,Yes,8
MRD-007841,Yes,37.58,74,3525.5,Basic,4,No,2.43,Yes,Yes,4G,1,1118,Yes,10
MRD-007842,Yes,32.59,4,18.03,Basic,1,Yes,0.84,Yes,No,4G,0,549,No,2
MRD-007843,No,102.7,63,8295.22,Premium,2,No,4.89,No,Yes,5G,2,1436,No,6
MRD-007844,No,96.24,38,3325.69,Premium,2,No,3.13,Yes,No,5G,4,545,No,8
MRD-007845,No,106.37,22,2288.81,Premium,2,No,7.88,Yes,No,5G,0,155,No,3
MRD-007846,No,65.41,40,2531.08,Premium,2,No,5.57,Yes,Yes,4G,1,818,No,5
MRD-007847,Yes,58.98,76,3365.4,Plus,2,No,1.64,No,No,5G,1,994,No,5
MRD-007848,No,37.55,56,4002.48,Basic,2,No,0.64,Yes,Yes,4G,2,531,No,7
MRD-007849,No,83.07,64,10814.65,Premium,2,No,8.39,No,No,5G,6,14,No,7
MRD-007850,Yes,32.28,80,1931.83,Basic,1,Yes,0.57,Yes,No,5G,0,42,No,2
MRD-007851,No,26.84,92,3886.33,Basic,2,No,0.16,Yes,No,5G,2,1174,No,9
MRD-007852,No,96.95,30,2561.15,Premium,2,No,2.97,No,Yes,4G,1,637,No,10
MRD-007853,No,39.62,38,981.57,Basic,4,Yes,6.49,Yes,No,5G,1,757,Yes,8
MRD-007854,Yes,26.11,61,1098.93,Basic,1,No,2.03,No,No,4G,1,282,No,1
MRD-007855,No,53.38,81,1846.24,Plus,3,No,0.62,Yes,No,4G,4,1134,Yes,8
MRD-007856,No,62.71,28,1797.07,Plus,2,No,12.85,No,No,5G,1,1308,No,2
MRD-007857,No,39.06,5,169.55,Basic,4,No,4.84,Yes,No,4G,0,676,Yes,1
MRD-007858,No,52.67,81,4370.45,Plus,3,No,4.82,Yes,Yes,5G,1,663,Yes,6
MRD-007859,No,71.69,75,2166.59,Plus,1,No,1.27,No,Yes,4G,1,942,No,1
MRD-007860,No,115.94,2,356.84,Premium,1,Yes,0.62,Yes,No,5G,3,115,No,7
MRD-007861,No,58.35,48,3905.18,Plus,3,No,2.95,No,Yes,5G,0,437,Yes,6
MRD-007862,Yes,35.57,34,720.87,Basic,1,Yes,7.3,Yes,No,5G,1,284,No,4
MRD-007863,No,81.98,6,359.37,Premium,3,No,0.99,Yes,Yes,5G,1,299,Yes,8
MRD-007864,No,115.67,52,4314.19,Premium,2,No,2.13,Yes,No,5G,0,1413,No,3
MRD-007865,No,62.35,46,2309.1,Plus,2,No,1.92,Yes,No,4G,0,590,No,3
MRD-007866,No,62.72,77,7480.45,Plus,4,No,1.05,No,Yes,5G,2,511,Yes,10
MRD-007867,No,35.26,59,3221.23,Basic,4,Yes,0.36,Yes,No,5G,0,940,Yes,3
MRD-007868,No,110.16,35,2206.89,Premium,2,No,1.76,Yes,Yes,5G,1,210,No,3
MRD-007869,No,36.07,55,2272.23,Basic,4,No,1.45,Yes,Yes,5G,2,1015,Yes,8
MRD-007870,No,61.35,69,1746.75,Plus,1,No,3.98,Yes,No,4G,3,598,No,9
MRD-007871,No,67.5,33,1197.19,Plus,3,No,0.15,Yes,No,4G,4,831,Yes,8
MRD-007872,No,92.25,78,4776.65,Premium,1,Yes,6.42,Yes,No,4G,4,1356,No,1
MRD-007873,No,29.96,49,1547.78,Basic,4,No,7.56,Yes,Yes,5G,1,787,Yes,2
MRD-007874,No,53.99,29,1220.94,Plus,1,Yes,1.21,Yes,Yes,5G,1,528,No,6
MRD-007875,No,55.77,3,310.38,Plus,2,Yes,2.13,Yes,No,5G,0,1390,No,2
MRD-007876,No,70.71,70,8410.12,Plus,1,No,1.14,No,No,5G,0,1058,No,3
MRD-007877,No,93.55,3,222.65,Premium,2,No,4.97,Yes,No,4G,6,1069,No,3
MRD-007878,Yes,32.41,23,1057.44,Basic,3,No,0.37,No,No,5G,3,754,Yes,2
MRD-007879,Yes,30.78,44,938.89,Basic,1,No,4.7,No,No,4G,2,889,No,3
MRD-007880,No,28.9,95,1742.84,Basic,2,No,0.86,Yes,No,5G,2,669,No,5
MRD-007881,No,55.66,88,7694.81,Plus,1,No,0.91,Yes,Yes,5G,1,860,No,4
MRD-007882,No,24.49,74,1231.46,Basic,1,No,2.12,Yes,No,5G,1,1374,No,1
MRD-007883,No,64.18,70,5014.5,Plus,1,No,0.9,Yes,No,5G,1,1081,No,8
MRD-007884,No,81.95,74,5349.51,Premium,2,No,5.41,No,No,4G,0,1432,No,6
MRD-007885,No,70.91,90,4943.13,Plus,1,No,3.52,Yes,Yes,5G,2,155,No,5
MRD-007886,Yes,36.05,22,887.87,Basic,5,No,2.04,Yes,No,5G,1,907,Yes,6
MRD-007887,No,67.23,86,10527.32,Plus,2,No,9.7,Yes,Yes,5G,0,1030,No,1
MRD-007888,No,53.14,84,6923.34,Plus,1,Yes,3.87,Yes,No,5G,2,1002,No,6
MRD-007889,No,89.79,88,17779.7,Premium,3,No,1.08,No,No,4G,0,791,Yes,4
MRD-007890,No,37.04,73,2292.85,Basic,1,No,5.69,No,Yes,4G,2,271,No,7
MRD-007891,No,31.9,88,3211.81,Basic,1,No,0.98,Yes,No,4G,1,455,No,5
MRD-007892,No,55.26,3,434.74,Plus,2,Yes,5.46,No,Yes,4G,3,849,No,10
MRD-007893,No,87.16,59,6700.1,Premium,1,No,13.79,No,No,4G,3,683,No,3
MRD-007894,No,98.44,17,2325.97,Premium,1,No,1.73,Yes,No,5G,2,276,No,6
MRD-007895,No,61.96,48,3241.11,Plus,2,Yes,5.98,No,No,5G,0,1289,No,3
MRD-007896,Yes,44.79,10,575.63,Basic,5,Yes,1.01,No,No,5G,0,656,Yes,8
MRD-007897,No,42.99,35,1309.71,Basic,1,No,4.83,Yes,No,5G,2,1385,No,7
MRD-007898,Yes,33.63,47,1002.45,Basic,1,No,2.25,Yes,No,4G,3,1006,No,5
MRD-007899,No,31.76,61,1909.26,Basic,5,Yes,3.62,No,No,5G,4,807,Yes,6
MRD-007900,No,35.97,57,1074.97,Basic,3,No,3.05,Yes,No,5G,1,1175,Yes,6
MRD-007901,No,63.8,79,10414.48,Plus,2,No,1.03,Yes,Yes,5G,1,963,No,3
MRD-007902,No,88.92,79,6865.39,Premium,1,Yes,9.46,No,No,5G,2,95,No,9
MRD-007903,No,31.6,44,967.53,Basic,1,No,2.31,Yes,No,5G,1,156,No,6
MRD-007904,No,62.67,83,5118.27,Plus,1,No,5.58,No,Yes,4G,1,506,No,5
MRD-007905,No,79.37,46,2257.41,Premium,1,No,2.37,Yes,No,5G,2,247,No,2
MRD-007906,No,24.95,16,410.35,Basic,2,No,3.32,No,Yes,5G,1,739,No,3
MRD-007907,No,29.04,43,759.65,Basic,1,No,5.0,Yes,No,4G,1,1014,No,4
MRD-007908,No,93.57,31,3857.22,Premium,2,No,11.36,Yes,Yes,5G,0,451,No,8
MRD-007909,No,93.94,63,7337.01,Premium,3,No,1.4,No,Yes,5G,4,1115,Yes,10
MRD-007910,Yes,63.63,44,2461.51,Plus,5,No,0.63,Yes,No,5G,1,472,Yes,2
MRD-007911,Yes,33.68,46,1159.75,Basic,2,No,1.56,No,No,5G,2,775,No,1
MRD-007912,No,96.81,79,10597.54,Premium,2,No,0.89,Yes,No,5G,2,142,No,5
MRD-007913,No,57.18,93,12456.18,Plus,2,Yes,8.05,Yes,Yes,5G,2,43,No,9
MRD-007914,Yes,31.69,23,721.99,Basic,1,No,1.95,Yes,No,5G,1,815,No,9
MRD-007915,Yes,31.87,16,805.53,Basic,1,No,0.49,No,Yes,5G,1,33,No,3
MRD-007916,No,57.53,84,3401.78,Plus,1,No,1.6,No,Yes,5G,0,163,No,8
MRD-007917,No,40.7,13,132.23,Basic,1,No,8.08,Yes,No,5G,1,1169,No,2
MRD-007918,Yes,56.33,82,2098.96,Plus,3,No,9.93,No,Yes,4G,2,1185,Yes,6
MRD-007919,Yes,54.45,79,3172.75,Plus,2,No,6.59,Yes,Yes,5G,1,170,No,9
MRD-007920,No,42.25,87,3133.84,Basic,5,No,0.23,Yes,No,5G,1,38,Yes,4
MRD-007921,No,62.53,40,5976.49,Plus,2,No,1.07,Yes,Yes,5G,3,1167,No,6
MRD-007922,No,46.68,41,1504.5,Plus,2,No,1.57,No,No,5G,1,859,No,3
MRD-007923,Yes,56.31,39,2522.24,Plus,2,No,1.39,No,No,4G,1,682,No,7
MRD-007924,No,60.07,29,3065.2,Plus,1,No,7.77,No,No,5G,6,551,No,3
MRD-007925,No,62.17,41,3422.92,Plus,2,No,0.61,No,Yes,4G,1,725,No,1
MRD-007926,No,56.1,91,4105.21,Plus,2,No,3.81,Yes,Yes,4G,3,532,No,5
MRD-007927,No,109.37,85,11410.69,Premium,3,No,7.18,No,Yes,5G,2,882,Yes,1
MRD-007928,No,34.74,38,2167.57,Basic,4,Yes,5.78,Yes,No,5G,1,1260,Yes,8
MRD-007929,No,110.59,50,6761.38,Premium,1,No,1.63,Yes,No,5G,3,61,No,2
MRD-007930,No,73.09,39,3628.91,Plus,1,Yes,1.4,No,No,5G,3,603,No,8
MRD-007931,No,102.09,5,229.42,Premium,3,No,1.56,Yes,Yes,4G,2,808,Yes,1
MRD-007932,No,89.01,47,3544.25,Premium,2,No,1.71,Yes,No,4G,2,1483,No,9
MRD-007933,Yes,49.07,12,946.93,Plus,5,Yes,6.2,Yes,Yes,4G,0,1382,Yes,3
MRD-007934,No,108.18,5,586.0,Premium,2,Yes,1.26,Yes,No,5G,2,604,No,7
MRD-007935,No,93.67,43,947.66,Premium,2,No,2.98,Yes,Yes,5G,3,697,No,5
MRD-007936,No,37.9,90,3552.92,Basic,2,No,0.02,No,Yes,5G,2,234,No,10
MRD-007937,No,38.65,95,2321.23,Basic,1,No,10.31,Yes,Yes,5G,1,36,No,6
MRD-007938,No,33.14,21,839.32,Basic,5,No,7.22,Yes,Yes,5G,2,505,Yes,3
MRD-007939,Yes,65.72,2,202.55,Plus,1,No,2.82,No,No,4G,2,1343,No,3
MRD-007940,No,30.32,42,1264.97,Basic,2,No,2.05,Yes,Yes,5G,3,739,No,9
MRD-007941,No,54.79,23,2992.17,Plus,1,No,4.2,Yes,Yes,5G,2,1415,No,6
MRD-007942,No,49.51,29,1097.5,Plus,3,No,4.2,No,Yes,5G,1,929,Yes,8
MRD-007943,No,66.91,35,2416.96,Plus,2,Yes,3.51,Yes,Yes,4G,3,56,No,2
MRD-007944,Yes,32.46,44,3157.74,Basic,1,No,1.58,Yes,Yes,4G,2,434,No,1
MRD-007945,No,71.2,45,1200.97,Plus,1,No,0.85,Yes,No,5G,1,704,No,10
MRD-007946,No,31.06,66,4431.34,Basic,3,No,5.01,Yes,Yes,5G,0,61,Yes,7
MRD-007947,No,64.47,75,2409.33,Plus,5,Yes,3.11,Yes,Yes,5G,0,493,Yes,10
MRD-007948,No,71.34,82,3719.64,Plus,2,No,1.41,No,No,4G,3,174,No,7
MRD-007949,No,69.21,67,5673.32,Plus,2,No,1.04,Yes,No,4G,2,1202,No,5
MRD-007950,No,60.32,37,1468.5,Plus,3,No,2.41,Yes,No,5G,1,671,Yes,5
MRD-007951,No,54.41,51,2691.6,Plus,1,No,4.78,No,No,5G,0,841,No,2
MRD-007952,No,26.33,96,2517.11,Basic,2,No,6.0,Yes,Yes,5G,2,1391,No,3
MRD-007953,No,46.17,28,2519.38,Plus,4,Yes,0.93,Yes,Yes,5G,0,1187,Yes,4
MRD-007954,No,78.44,13,1780.08,Premium,2,No,5.22,No,No,4G,1,1272,No,4
MRD-007955,No,49.56,4,403.29,Plus,4,Yes,4.51,Yes,No,4G,1,283,Yes,2
MRD-007956,No,101.45,29,3599.53,Premium,2,No,1.69,Yes,No,5G,1,675,No,8
MRD-007957,Yes,33.37,76,2714.41,Basic,2,No,0.33,Yes,No,4G,0,508,No,5
MRD-007958,No,87.69,32,2889.71,Premium,1,No,5.36,No,No,4G,1,714,No,1
MRD-007959,No,37.98,19,1763.19,Basic,1,No,0.24,Yes,Yes,5G,1,785,No,7
MRD-007960,No,39.34,30,908.05,Basic,3,No,12.43,No,No,5G,0,1009,Yes,8
MRD-007961,No,66.46,32,2595.54,Plus,5,No,1.19,No,No,4G,1,286,Yes,7
MRD-007962,No,71.37,60,4002.6,Plus,2,No,0.87,No,No,5G,4,1285,No,8
MRD-007963,No,109.18,95,15754.07,Premium,2,No,4.59,No,Yes,4G,2,1389,No,4
MRD-007964,No,81.51,12,1179.37,Premium,2,No,11.17,Yes,Yes,5G,1,891,No,5
MRD-007965,No,102.41,4,439.21,Premium,1,No,1.14,Yes,Yes,4G,1,242,No,1
MRD-007966,Yes,39.02,49,2140.63,Basic,2,No,0.3,No,No,4G,2,827,No,2
MRD-007967,No,59.9,39,2421.07,Plus,3,No,1.06,No,No,5G,0,365,Yes,1
MRD-007968,No,100.82,52,3297.71,Premium,1,No,3.07,Yes,No,5G,2,724,No,8
MRD-007969,No,54.78,27,1447.88,Plus,3,No,2.01,Yes,No,5G,1,455,Yes,1
MRD-007970,No,88.47,35,1875.15,Premium,1,No,1.81,Yes,No,5G,1,664,No,1
MRD-007971,Yes,52.33,11,1248.89,Plus,5,No,4.79,Yes,No,4G,3,380,Yes,6
MRD-007972,No,59.6,17,516.22,Plus,1,No,1.35,Yes,Yes,4G,2,1106,No,2
MRD-007973,Yes,66.13,9,627.19,Plus,2,No,0.42,No,No,4G,2,644,No,1
MRD-007974,Yes,58.67,35,3330.9,Plus,2,No,8.96,Yes,No,5G,2,1096,No,9
MRD-007975,No,107.83,76,8923.32,Premium,2,No,5.14,Yes,Yes,4G,2,691,No,10
MRD-007976,Yes,58.15,48,1818.09,Plus,4,No,0.91,Yes,No,5G,2,12,Yes,7
MRD-007977,Yes,52.57,13,1329.01,Basic,2,No,4.44,Yes,No,5G,1,316,No,5
MRD-007978,No,71.81,53,3628.34,Plus,4,No,0.02,Yes,No,5G,0,979,Yes,7
MRD-007979,No,88.59,79,7401.23,Premium,2,No,1.49,Yes,No,4G,3,1275,No,7
MRD-007980,No,89.17,27,4051.15,Premium,2,No,5.13,No,No,4G,5,59,No,5
MRD-007981,No,89.94,81,7262.14,Premium,3,No,10.08,Yes,No,4G,0,531,Yes,8
MRD-007982,Yes,33.08,1,489.66,Basic,1,Yes,3.9,Yes,Yes,4G,1,967,No,8
MRD-007983,No,59.25,34,1758.98,Plus,1,No,1.11,Yes,No,4G,1,1366,No,3
MRD-007984,No,54.64,45,4619.11,Plus,1,No,1.76,Yes,No,5G,2,258,No,2
MRD-007985,No,59.99,88,14726.46,Plus,5,Yes,9.44,Yes,No,4G,2,453,Yes,6
MRD-007986,No,36.92,46,1187.0,Basic,2,Yes,1.48,No,No,5G,0,247,No,5
MRD-007987,Yes,29.05,44,3849.21,Basic,3,No,0.34,Yes,No,5G,0,1287,Yes,2
MRD-007988,No,95.26,10,1126.05,Premium,2,No,3.35,No,Yes,5G,3,514,No,7
MRD-007989,Yes,39.82,48,1207.3,Basic,4,Yes,1.96,No,Yes,4G,1,1467,Yes,3
MRD-007990,No,36.01,34,1369.63,Basic,1,Yes,2.96,Yes,Yes,4G,1,466,No,8
MRD-007991,No,60.08,31,1649.7,Plus,2,No,7.44,Yes,No,5G,0,952,No,2
MRD-007992,No,95.56,10,2211.29,Premium,1,No,2.38,Yes,No,5G,1,927,No,2
MRD-007993,No,54.68,38,2517.4,Plus,4,No,9.62,Yes,No,4G,3,1219,Yes,4
MRD-007994,No,42.0,92,3685.55,Plus,1,No,1.47,Yes,No,5G,0,1213,No,1
MRD-007995,No,94.76,3,573.87,Premium,4,No,3.8,Yes,No,5G,1,958,Yes,1
MRD-007996,No,40.53,91,3229.86,Basic,2,No,2.02,No,Yes,4G,0,329,No,1
MRD-007997,Yes,63.93,5,457.96,Plus,2,No,6.58,No,No,5G,0,792,No,7
MRD-007998,Yes,36.5,13,811.25,Basic,1,No,2.41,Yes,Yes,5G,0,1057,No,10
MRD-007999,No,39.16,73,1539.19,Basic,2,No,4.26,Yes,No,5G,0,774,No,9
MRD-008000,No,83.26,12,905.4,Premium,2,No,2.05,No,No,5G,1,769,No,1
MRD-008001,Yes,31.84,26,537.57,Basic,2,No,0.42,No,No,4G,1,1439,No,4
MRD-008002,Yes,29.46,69,910.14,Basic,5,Yes,3.57,No,Yes,4G,0,1137,Yes,4
MRD-008003,No,102.75,22,4266.66,Premium,2,No,4.55,Yes,No,5G,1,305,No,1
MRD-008004,No,33.1,6,233.89,Basic,2,Yes,1.07,Yes,No,5G,1,37,No,5
MRD-008005,No,61.37,56,2253.63,Plus,5,No,6.66,Yes,Yes,5G,1,1336,Yes,7
MRD-008006,Yes,26.71,58,4206.79,Basic,1,No,2.41,No,No,5G,0,1460,No,7
MRD-008007,Yes,57.25,73,2766.69,Plus,1,Yes,0.91,Yes,No,5G,2,288,No,1
MRD-008008,Yes,39.91,2,181.1,Basic,1,No,3.18,Yes,No,5G,2,1378,No,1
MRD-008009,No,41.27,22,1398.89,Basic,4,Yes,7.07,Yes,No,4G,1,625,Yes,1
MRD-008010,No,61.22,13,1242.96,Plus,4,No,2.6,No,No,5G,3,508,Yes,9
MRD-008011,No,96.97,7,1773.7,Premium,2,No,0.85,Yes,Yes,5G,1,523,No,6
MRD-008012,No,37.99,72,3032.64,Basic,2,Yes,11.34,Yes,Yes,4G,0,1029,No,8
MRD-008013,No,32.7,30,1486.65,Basic,4,No,0.12,Yes,Yes,5G,1,1211,Yes,6
MRD-008014,No,57.6,22,1223.87,Plus,1,No,2.76,Yes,Yes,4G,0,1458,No,4
MRD-008015,No,43.43,63,2630.66,Basic,1,Yes,10.7,No,Yes,5G,2,1212,No,7
MRD-008016,No,110.65,55,12382.19,Premium,2,No,4.66,Yes,No,4G,3,823,No,9
MRD-008017,No,61.88,29,6576.35,Plus,1,No,4.57,Yes,No,5G,2,949,No,7
MRD-008018,No,36.05,17,817.64,Basic,1,No,1.26,No,No,5G,2,631,No,10
MRD-008019,No,59.38,39,2518.19,Plus,1,No,3.44,No,No,4G,0,973,No,4
MRD-008020,No,68.21,84,3918.01,Plus,1,No,1.29,No,Yes,5G,1,1132,No,3
MRD-008021,No,51.61,14,705.32,Plus,4,Yes,4.71,Yes,Yes,5G,2,333,Yes,1
MRD-008022,No,101.04,83,9959.41,Premium,2,No,1.13,Yes,No,5G,0,624,No,6
MRD-008023,No,50.31,52,1494.7,Plus,2,No,11.39,Yes,Yes,4G,1,371,No,10
MRD-008024,Yes,69.87,78,5836.24,Plus,1,Yes,2.13,Yes,No,5G,1,1398,No,1
MRD-008025,No,54.52,31,1328.52,Plus,1,Yes,4.44,Yes,Yes,5G,0,321,No,1
MRD-008026,No,77.87,20,1336.01,Premium,1,Yes,1.68,Yes,No,4G,1,370,No,8
MRD-008027,No,35.77,91,4403.57,Basic,4,No,3.82,Yes,Yes,4G,1,6,Yes,4
MRD-008028,No,73.66,3,53.28,Plus,1,No,1.06,No,No,4G,0,1217,No,2
MRD-008029,Yes,33.43,81,1477.41,Basic,2,Yes,2.58,Yes,Yes,5G,1,215,No,10
MRD-008030,No,100.45,30,5392.35,Premium,3,No,0.77,Yes,No,5G,3,880,Yes,4
MRD-008031,No,64.05,6,139.11,Plus,1,No,4.52,No,No,5G,0,473,No,3
MRD-008032,No,95.18,87,10516.21,Premium,5,No,5.9,Yes,No,4G,1,1285,Yes,8
MRD-008033,Yes,54.97,41,1262.25,Plus,1,No,1.15,No,No,5G,5,125,No,2
MRD-008034,No,100.76,7,1173.51,Premium,2,No,0.97,Yes,No,4G,2,494,No,8
MRD-008035,Yes,68.8,30,2324.5,Plus,3,No,0.43,No,No,5G,1,513,Yes,5
MRD-008036,No,60.75,96,10152.82,Plus,5,No,0.17,Yes,Yes,5G,2,1017,Yes,6
MRD-008037,No,61.32,53,1338.4,Plus,2,Yes,0.98,Yes,Yes,5G,0,716,No,1
MRD-008038,Yes,37.87,14,645.87,Basic,1,No,0.08,Yes,No,5G,5,1386,No,10
MRD-008039,Yes,34.73,79,4549.08,Basic,2,No,0.1,Yes,Yes,5G,0,799,No,8
MRD-008040,No,25.87,52,1327.55,Basic,4,No,3.15,No,No,5G,3,258,Yes,6
MRD-008041,No,48.23,80,4144.0,Plus,2,No,3.13,Yes,No,5G,4,1160,No,1
MRD-008042,No,61.19,91,4842.6,Plus,1,No,5.41,Yes,No,5G,0,850,No,10
MRD-008043,No,87.9,75,6603.66,Premium,2,Yes,1.82,Yes,No,5G,1,1360,No,1
MRD-008044,No,64.41,73,3466.77,Plus,1,No,3.02,Yes,No,5G,5,1291,No,9
MRD-008045,No,33.03,70,2537.51,Basic,1,No,6.23,Yes,No,5G,0,1009,No,9
MRD-008046,No,60.99,85,17352.16,Plus,1,No,4.66,No,No,5G,2,1115,No,7
MRD-008047,No,62.62,88,6604.99,Plus,4,No,5.59,No,No,5G,1,461,Yes,2
MRD-008048,No,26.6,8,120.03,Basic,2,No,1.07,Yes,Yes,4G,0,902,No,7
MRD-008049,No,68.33,85,3937.55,Plus,2,Yes,7.54,Yes,Yes,4G,1,641,No,6
MRD-008050,No,96.75,63,5875.91,Premium,2,No,0.4,Yes,No,5G,2,44,No,8
MRD-008051,No,84.31,62,5828.46,Premium,2,No,3.46,No,Yes,5G,1,1306,No,10
MRD-008052,No,53.21,71,3663.72,Plus,1,No,2.52,Yes,No,5G,4,739,No,5
MRD-008053,No,83.35,32,4163.64,Premium,3,No,5.53,Yes,No,5G,3,39,Yes,5
MRD-008054,No,101.68,95,9830.54,Premium,3,No,1.66,No,No,4G,2,1358,Yes,3
MRD-008055,Yes,59.09,38,4725.75,Plus,1,No,0.18,Yes,No,5G,1,274,No,9
MRD-008056,No,52.73,59,1608.7,Plus,1,Yes,3.68,Yes,No,5G,1,434,No,9
MRD-008057,No,31.4,13,417.32,Basic,5,No,2.27,Yes,No,5G,1,1051,Yes,9
MRD-008058,No,31.89,91,3589.87,Basic,1,No,1.3,No,No,5G,0,20,No,1
MRD-008059,No,27.72,32,2271.51,Basic,1,No,4.82,Yes,No,5G,1,741,No,6
MRD-008060,No,29.81,50,1915.72,Basic,2,No,2.88,Yes,Yes,5G,1,1236,No,4
MRD-008061,No,38.72,67,2997.44,Basic,1,No,8.72,Yes,Yes,5G,0,167,No,6
MRD-008062,No,51.68,16,1466.3,Plus,1,No,2.63,Yes,Yes,4G,4,217,No,3
MRD-008063,Yes,52.87,50,3116.31,Plus,2,No,3.59,No,No,5G,2,1413,No,8
MRD-008064,No,58.25,2,275.4,Plus,1,No,2.52,Yes,Yes,5G,1,418,No,4
MRD-008065,No,28.79,82,3508.96,Basic,1,No,0.37,Yes,Yes,5G,2,1073,No,4
MRD-008066,No,121.95,59,7232.05,Premium,1,No,5.54,Yes,No,4G,4,218,No,6
MRD-008067,No,59.02,20,2710.46,Plus,1,No,2.18,Yes,No,5G,2,1145,No,1
MRD-008068,Yes,42.17,78,2009.45,Basic,1,No,2.29,No,No,4G,0,1061,No,6
MRD-008069,Yes,37.34,89,3224.75,Basic,1,No,13.3,No,No,5G,1,1289,No,1
MRD-008070,Yes,25.8,82,1602.05,Basic,5,No,2.25,Yes,No,5G,0,831,Yes,7
MRD-008071,No,30.5,40,3648.5,Basic,4,No,3.57,No,Yes,5G,4,687,Yes,4
MRD-008072,Yes,45.69,33,1090.57,Basic,1,No,1.37,Yes,Yes,4G,0,949,No,6
MRD-008073,No,36.86,60,989.32,Basic,1,Yes,2.64,Yes,Yes,5G,1,1308,No,4
MRD-008074,Yes,66.46,0,187.97,Plus,4,Yes,3.36,Yes,No,4G,4,943,Yes,2
MRD-008075,Yes,43.24,54,1869.47,Basic,3,Yes,1.52,No,No,4G,0,782,Yes,5
MRD-008076,No,48.67,41,2101.66,Plus,3,No,4.81,Yes,No,4G,2,994,Yes,10
MRD-008077,No,63.5,7,819.6,Plus,3,No,3.93,Yes,No,5G,1,499,Yes,10
MRD-008078,No,33.32,40,1558.99,Basic,1,No,3.91,Yes,No,5G,1,1341,No,8
MRD-008079,No,110.28,43,4127.56,Premium,1,No,7.07,Yes,Yes,5G,3,1111,No,3
MRD-008080,No,75.73,80,2291.33,Premium,2,No,3.24,No,No,4G,1,1362,No,3
MRD-008081,No,54.05,40,2648.85,Plus,1,No,1.83,Yes,No,5G,3,786,No,2
MRD-008082,No,39.24,67,2699.21,Basic,5,No,2.33,Yes,Yes,5G,4,460,Yes,1
MRD-008083,Yes,41.35,4,242.42,Basic,4,Yes,1.06,Yes,No,5G,2,563,Yes,3
MRD-008084,Yes,38.61,30,1154.13,Basic,3,No,12.72,Yes,No,5G,2,274,Yes,3
MRD-008085,No,68.55,59,1444.54,Plus,3,No,0.76,Yes,Yes,5G,3,1131,Yes,9
MRD-008086,No,35.29,65,1785.62,Basic,2,No,9.36,Yes,Yes,5G,2,84,No,5
MRD-008087,No,28.93,33,1807.65,Basic,1,No,4.25,Yes,Yes,5G,0,376,No,8
MRD-008088,Yes,36.58,93,2343.09,Basic,4,No,8.97,Yes,No,4G,0,227,Yes,7
MRD-008089,No,51.64,12,1325.12,Plus,3,No,6.71,Yes,Yes,5G,0,83,Yes,3
MRD-008090,No,54.54,44,2847.03,Plus,3,No,0.69,Yes,Yes,4G,0,346,Yes,3
MRD-008091,No,55.68,70,6303.4,Plus,2,No,3.17,Yes,No,5G,0,1446,No,3
MRD-008092,No,70.69,14,1763.99,Plus,2,No,1.48,Yes,Yes,5G,2,1039,No,4
MRD-008093,No,117.97,67,2601.43,Premium,2,No,4.53,No,No,5G,1,1033,No,3
MRD-008094,No,58.28,40,6156.52,Plus,2,No,0.38,Yes,Yes,5G,1,435,No,2
MRD-008095,No,66.29,89,4161.88,Plus,4,No,5.63,Yes,No,5G,2,1180,Yes,10
MRD-008096,Yes,33.0,76,3010.45,Basic,4,No,1.12,Yes,No,5G,3,1261,Yes,10
MRD-008097,No,63.91,75,3396.6,Plus,2,No,2.72,Yes,No,4G,1,651,No,3
MRD-008098,Yes,43.19,60,1450.01,Basic,1,Yes,10.31,No,Yes,5G,3,1082,No,6
MRD-008099,No,100.7,91,13929.09,Premium,2,No,0.6,Yes,No,4G,3,1120,No,6
MRD-008100,No,56.53,44,2151.54,Plus,1,No,4.18,Yes,No,5G,1,1270,No,5
MRD-008101,No,70.65,77,7240.65,Plus,1,No,4.62,No,Yes,5G,1,484,No,6
MRD-008102,No,94.96,44,3477.71,Premium,3,No,0.44,Yes,Yes,5G,2,215,Yes,1
MRD-008103,Yes,65.94,7,471.81,Plus,4,Yes,3.61,No,No,4G,3,1380,Yes,7
MRD-008104,No,52.88,10,535.41,Plus,4,Yes,1.11,Yes,Yes,5G,3,1320,Yes,1
MRD-008105,Yes,32.87,82,5657.35,Basic,1,No,4.73,No,Yes,5G,1,1306,No,6
MRD-008106,No,35.23,64,4469.04,Basic,1,Yes,6.56,Yes,No,5G,1,519,No,10
MRD-008107,No,84.82,80,5356.35,Premium,2,Yes,5.33,Yes,No,5G,2,373,No,10
MRD-008108,No,67.81,35,2463.16,Plus,3,No,0.41,No,Yes,5G,1,354,Yes,1
MRD-008109,No,33.61,60,2242.81,Basic,3,No,8.63,Yes,No,5G,0,1168,Yes,1
MRD-008110,No,62.97,5,640.25,Plus,4,No,5.08,No,Yes,5G,1,2,Yes,6
MRD-008111,Yes,33.04,39,1175.08,Basic,1,No,4.07,Yes,Yes,4G,1,464,No,2
MRD-008112,No,63.01,12,1506.16,Plus,1,No,3.37,Yes,Yes,5G,2,327,No,3
MRD-008113,No,34.65,78,1356.25,Basic,1,No,0.37,Yes,Yes,4G,4,243,No,2
MRD-008114,No,37.05,8,689.42,Basic,1,No,7.22,No,No,5G,2,775,No,6
MRD-008115,No,120.15,65,9010.73,Premium,5,Yes,1.2,Yes,Yes,4G,2,55,Yes,2
MRD-008116,No,29.97,11,617.02,Basic,2,No,1.79,No,No,5G,0,593,No,7
MRD-008117,No,30.38,24,1171.21,Basic,2,Yes,5.14,Yes,Yes,5G,1,1232,No,1
MRD-008118,Yes,44.77,33,2642.08,Basic,2,No,3.49,Yes,Yes,4G,0,129,No,8
MRD-008119,No,69.62,92,4056.81,Plus,5,No,0.31,No,No,4G,1,463,Yes,9
MRD-008120,No,50.73,47,1467.87,Plus,2,Yes,3.06,Yes,No,5G,1,51,No,5
MRD-008121,No,67.95,4,356.23,Plus,4,No,0.48,Yes,No,4G,2,85,Yes,4
MRD-008122,No,26.52,64,2270.62,Basic,4,No,5.44,No,Yes,5G,1,355,Yes,2
MRD-008123,No,29.71,21,559.53,Basic,1,No,3.46,Yes,No,5G,0,809,No,8
MRD-008124,No,72.46,66,6171.62,Premium,5,No,4.55,Yes,No,5G,3,1202,Yes,4
MRD-008125,No,59.18,9,1000.25,Plus,4,No,6.72,No,Yes,5G,0,657,Yes,2
MRD-008126,Yes,70.16,46,2192.86,Plus,1,No,2.49,Yes,No,5G,2,561,No,5
MRD-008127,No,41.14,58,3069.44,Basic,2,No,0.86,No,No,5G,2,988,No,4
MRD-008128,No,94.74,59,1531.57,Premium,1,No,4.86,Yes,Yes,5G,2,1229,No,6
MRD-008129,No,54.78,56,2871.81,Plus,3,No,3.13,Yes,No,5G,1,1020,Yes,1
MRD-008130,No,68.54,27,1760.51,Plus,4,No,6.5,No,No,5G,2,1391,Yes,4
MRD-008131,No,35.69,40,1397.4,Basic,1,Yes,0.99,Yes,Yes,4G,3,1420,No,1
MRD-008132,No,34.45,96,2587.46,Basic,1,No,1.85,Yes,Yes,5G,2,782,No,9
MRD-008133,No,55.26,21,2370.02,Plus,4,No,0.59,Yes,Yes,4G,2,275,Yes,5
MRD-008134,No,57.74,32,1199.73,Plus,2,No,0.43,Yes,Yes,4G,2,480,No,4
MRD-008135,No,95.86,12,1047.18,Premium,1,Yes,3.59,Yes,Yes,4G,1,1321,No,1
MRD-008136,Yes,60.75,36,1842.17,Plus,4,Yes,1.93,No,Yes,5G,2,980,Yes,4
MRD-008137,No,73.28,19,1980.95,Plus,1,No,0.53,Yes,No,5G,0,65,No,7
MRD-008138,No,53.02,17,949.42,Plus,2,No,1.83,No,No,4G,0,1326,No,7
MRD-008139,No,58.07,9,575.19,Plus,1,No,6.19,Yes,Yes,5G,2,190,No,8
MRD-008140,No,110.52,94,4779.51,Premium,1,No,2.47,Yes,No,4G,2,947,No,8
MRD-008141,No,32.06,85,2237.81,Basic,3,No,6.12,No,Yes,5G,0,1280,Yes,3
MRD-008142,No,87.98,67,6698.18,Premium,1,No,1.75,No,No,5G,1,930,No,4
MRD-008143,Yes,53.11,80,5600.41,Plus,5,No,3.08,No,No,5G,0,1162,Yes,8
MRD-008144,Yes,110.56,93,20350.87,Premium,4,No,2.83,Yes,Yes,5G,1,1064,Yes,3
MRD-008145,No,132.15,20,2174.72,Premium,2,No,2.19,Yes,No,4G,4,766,No,8
MRD-008146,No,50.2,84,2604.79,Plus,1,No,1.43,No,No,5G,1,1322,No,9
MRD-008147,Yes,41.98,55,1569.23,Basic,1,No,2.02,Yes,No,4G,3,726,No,2
MRD-008148,No,56.96,50,7315.04,Plus,1,No,0.76,No,Yes,4G,1,1246,No,2
MRD-008149,Yes,41.01,3,42.53,Basic,4,No,0.01,No,No,5G,3,1004,Yes,9
MRD-008150,No,74.1,82,6357.86,Plus,5,No,1.99,Yes,Yes,5G,6,505,Yes,3
MRD-008151,No,65.87,55,5732.85,Plus,2,No,6.22,No,Yes,5G,0,941,No,3
MRD-008152,No,22.23,6,562.44,Basic,1,No,7.54,No,Yes,5G,0,379,No,1
MRD-008153,No,32.17,57,2087.54,Basic,2,No,2.6,Yes,Yes,4G,5,1041,No,7
MRD-008154,No,58.97,72,3469.52,Plus,3,No,0.69,Yes,Yes,5G,2,864,Yes,5
MRD-008155,Yes,28.68,90,3465.49,Basic,2,No,7.57,Yes,Yes,5G,3,975,No,4
MRD-008156,No,115.91,84,9210.83,Premium,4,No,2.83,No,Yes,5G,2,365,Yes,4
MRD-008157,No,101.01,89,10600.61,Premium,1,No,3.36,Yes,No,5G,2,1223,No,5
MRD-008158,No,86.2,91,6269.13,Premium,1,No,1.75,Yes,No,5G,0,616,No,5
MRD-008159,No,32.65,36,1689.97,Basic,5,No,3.64,Yes,Yes,4G,0,1449,Yes,5
MRD-008160,No,60.91,16,1581.8,Plus,5,No,2.34,Yes,No,5G,1,562,Yes,7
MRD-008161,No,95.03,26,4149.8,Premium,5,No,0.71,Yes,Yes,4G,0,802,Yes,8
MRD-008162,No,93.04,60,2971.21,Premium,1,No,6.11,No,No,5G,1,547,No,10
MRD-008163,No,54.16,58,7222.27,Plus,1,No,7.75,Yes,Yes,5G,1,896,No,8
MRD-008164,No,38.82,25,1192.59,Basic,1,No,4.7,Yes,Yes,5G,1,1498,No,8
MRD-008165,Yes,54.06,48,2637.19,Plus,3,No,3.07,Yes,Yes,5G,2,590,Yes,2
MRD-008166,No,27.01,48,1519.69,Basic,1,No,0.61,Yes,No,4G,1,962,No,1
MRD-008167,No,51.22,52,3495.13,Plus,1,No,0.55,No,Yes,4G,0,684,No,10
MRD-008168,No,54.95,31,2458.79,Plus,1,No,2.81,Yes,No,5G,1,1370,No,4
MRD-008169,No,97.15,82,14745.47,Premium,4,No,2.07,Yes,No,5G,3,5,Yes,4
MRD-008170,No,39.86,56,3536.35,Basic,4,No,6.94,Yes,No,4G,0,1295,Yes,5
MRD-008171,Yes,37.2,55,3844.55,Basic,2,No,1.88,Yes,No,5G,1,672,No,4
MRD-008172,Yes,52.15,76,2247.15,Plus,1,No,8.57,No,Yes,5G,1,216,No,2
MRD-008173,No,100.77,47,3537.39,Premium,1,No,11.6,No,No,4G,0,1104,No,8
MRD-008174,No,66.47,56,3552.27,Plus,3,No,3.4,Yes,Yes,4G,1,746,Yes,2
MRD-008175,No,35.36,51,5473.63,Basic,4,No,1.76,Yes,No,5G,4,220,Yes,4
MRD-008176,No,41.46,50,1933.1,Basic,1,No,1.68,No,No,5G,0,620,No,7
MRD-008177,No,104.32,18,1997.45,Premium,3,Yes,1.95,Yes,Yes,5G,0,570,Yes,8
MRD-008178,No,67.66,3,551.61,Plus,1,No,13.42,Yes,Yes,4G,1,1021,No,7
MRD-008179,Yes,39.52,68,2520.22,Basic,4,No,1.96,No,Yes,5G,2,391,Yes,1
MRD-008180,Yes,38.76,5,359.5,Basic,3,No,1.52,Yes,Yes,5G,2,89,Yes,10
MRD-008181,No,48.32,83,5406.08,Plus,2,No,2.94,No,Yes,4G,4,1103,No,1
MRD-008182,No,90.28,53,7926.68,Premium,3,Yes,1.82,Yes,Yes,4G,1,482,Yes,2
MRD-008183,No,115.87,81,8031.45,Premium,1,No,6.57,No,Yes,5G,2,677,No,5
MRD-008184,No,88.79,35,1463.61,Premium,1,Yes,2.29,Yes,No,5G,0,675,No,9
MRD-008185,No,106.44,74,4926.16,Premium,2,No,4.27,Yes,No,4G,1,732,No,3
MRD-008186,Yes,34.2,55,2337.08,Basic,5,No,2.78,No,No,5G,2,955,Yes,8
MRD-008187,No,69.86,75,7030.23,Plus,5,Yes,2.78,Yes,Yes,5G,1,96,Yes,1
MRD-008188,Yes,33.5,23,191.33,Basic,1,No,0.8,No,No,5G,2,1475,No,1
MRD-008189,No,38.13,62,4024.35,Basic,1,No,6.72,Yes,Yes,5G,4,923,No,3
MRD-008190,No,67.53,68,3104.19,Plus,2,Yes,8.09,Yes,No,5G,1,886,No,6
MRD-008191,No,52.96,62,5019.38,Plus,2,No,0.02,Yes,No,4G,0,811,No,3
MRD-008192,No,29.31,2,0.0,Basic,1,No,5.81,Yes,No,4G,2,435,No,5
MRD-008193,No,59.2,51,1742.38,Plus,2,No,7.35,Yes,Yes,5G,0,1090,No,5
MRD-008194,No,60.91,18,1682.28,Plus,3,No,10.75,Yes,No,5G,1,266,Yes,6
MRD-008195,No,60.49,50,2765.56,Plus,3,No,4.11,Yes,No,5G,4,1281,Yes,2
MRD-008196,No,92.81,79,5247.95,Premium,2,No,6.82,Yes,No,5G,2,15,No,9
MRD-008197,No,53.55,35,4001.76,Plus,1,No,0.77,Yes,No,5G,2,573,No,10
MRD-008198,No,59.15,73,4634.68,Plus,1,No,0.52,Yes,No,5G,2,196,No,4
MRD-008199,No,66.29,92,5678.49,Plus,3,No,4.1,Yes,No,5G,3,872,Yes,9
MRD-008200,No,94.83,64,6839.14,Premium,3,No,9.82,Yes,Yes,4G,2,973,Yes,4
MRD-008201,Yes,32.95,10,965.44,Basic,4,Yes,8.03,No,Yes,5G,4,1393,Yes,9
MRD-008202,No,67.57,52,2148.82,Plus,5,No,8.3,Yes,No,5G,1,47,Yes,2
MRD-008203,No,94.41,11,382.84,Premium,1,No,3.18,No,No,4G,5,1172,No,10
MRD-008204,No,61.15,73,4832.22,Plus,1,No,4.35,No,Yes,5G,0,768,No,2
MRD-008205,Yes,30.62,23,732.67,Basic,3,No,1.17,No,Yes,5G,3,1148,Yes,2
MRD-008206,No,89.05,85,11278.24,Premium,1,Yes,3.09,Yes,Yes,4G,3,1003,No,7
MRD-008207,No,83.64,77,3604.82,Premium,5,No,0.3,Yes,No,4G,2,851,Yes,9
MRD-008208,No,90.44,77,5318.11,Premium,4,No,1.41,Yes,No,5G,3,242,Yes,3
MRD-008209,No,60.67,32,4667.77,Plus,1,No,1.98,No,No,4G,4,1397,No,2
MRD-008210,No,32.76,0,95.99,Basic,1,No,0.72,Yes,No,5G,2,1334,No,1
MRD-008211,No,38.62,83,5067.6,Basic,1,No,3.65,Yes,No,5G,2,976,No,2
MRD-008212,Yes,65.2,14,1594.65,Plus,2,Yes,3.59,No,No,4G,1,1125,No,3
MRD-008213,No,61.91,32,1018.28,Plus,2,No,2.03,Yes,Yes,5G,0,792,No,1
MRD-008214,Yes,35.49,15,688.57,Basic,1,No,0.98,Yes,Yes,4G,1,82,No,2
MRD-008215,No,86.55,75,3982.43,Premium,2,No,0.04,Yes,No,5G,2,461,No,2
MRD-008216,No,58.16,5,356.67,Plus,1,No,11.58,Yes,No,5G,2,418,No,2
MRD-008217,No,95.22,35,3609.93,Premium,1,No,4.52,Yes,Yes,4G,3,85,No,7
MRD-008218,No,35.64,78,4122.37,Basic,2,Yes,1.48,Yes,Yes,5G,1,398,No,4
MRD-008219,No,101.49,49,5937.82,Premium,1,No,3.12,Yes,Yes,5G,1,76,No,8
MRD-008220,Yes,30.83,70,2175.6,Basic,3,No,1.39,Yes,No,5G,3,442,Yes,2
MRD-008221,Yes,50.38,62,2678.85,Plus,1,No,11.47,No,No,4G,0,915,No,4
MRD-008222,No,40.29,23,470.5,Basic,4,No,8.73,Yes,No,5G,4,1166,Yes,4
MRD-008223,No,54.04,4,951.93,Plus,1,No,2.34,No,No,4G,1,887,No,4
MRD-008224,Yes,32.28,8,346.3,Basic,1,No,4.07,No,Yes,5G,1,283,No,9
MRD-008225,No,92.3,59,5449.62,Premium,2,Yes,1.38,No,No,5G,4,422,No,6
MRD-008226,No,63.64,5,772.19,Plus,5,No,2.49,Yes,Yes,5G,3,114,Yes,10
MRD-008227,No,35.51,49,1680.74,Basic,2,No,5.34,No,Yes,5G,0,553,No,7
MRD-008228,No,102.81,10,1678.32,Premium,1,No,2.35,No,No,5G,3,171,No,3
MRD-008229,No,49.86,53,1366.17,Plus,1,No,2.95,Yes,No,5G,3,442,No,4
MRD-008230,Yes,40.65,41,1744.84,Basic,1,No,7.48,Yes,Yes,4G,0,978,No,1
MRD-008231,No,57.85,13,1506.32,Plus,1,Yes,7.8,No,No,5G,1,438,No,3
MRD-008232,No,63.95,5,546.05,Plus,5,Yes,6.32,Yes,No,5G,3,488,Yes,9
MRD-008233,Yes,28.75,82,4082.54,Basic,1,Yes,1.38,Yes,No,4G,2,19,No,10
MRD-008234,No,93.8,80,7339.85,Premium,3,No,6.07,No,Yes,4G,4,30,Yes,2
MRD-008235,No,57.78,95,6872.2,Plus,1,Yes,2.28,Yes,No,5G,0,1317,No,1
MRD-008236,No,66.06,77,3862.29,Plus,4,No,0.12,No,No,5G,1,69,Yes,5
MRD-008237,Yes,36.3,60,1180.77,Basic,2,No,4.2,Yes,No,5G,1,672,No,9
MRD-008238,No,73.49,32,2186.28,Premium,4,No,4.89,No,Yes,4G,1,1201,Yes,1
MRD-008239,No,82.2,35,2412.5,Premium,3,Yes,5.31,Yes,No,5G,0,381,Yes,10
MRD-008240,Yes,42.67,3,90.79,Basic,1,No,2.01,No,No,5G,1,33,No,7
MRD-008241,No,40.41,17,169.4,Basic,1,Yes,2.28,Yes,No,5G,1,681,No,7
MRD-008242,No,60.96,26,2616.06,Plus,3,No,5.0,Yes,No,4G,1,677,Yes,6
MRD-008243,No,64.73,50,4385.7,Plus,1,No,8.33,Yes,No,5G,2,446,No,10
MRD-008244,No,58.73,33,3508.22,Plus,5,No,0.94,Yes,No,5G,0,853,Yes,2
MRD-008245,No,46.65,87,3005.12,Plus,2,No,7.79,Yes,No,5G,5,1157,No,4
MRD-008246,No,60.42,94,4065.56,Plus,3,No,1.81,Yes,No,5G,2,1293,Yes,6
MRD-008247,No,64.25,63,2432.12,Plus,3,No,0.89,Yes,No,4G,1,338,Yes,9
MRD-008248,No,57.72,73,9006.95,Plus,2,No,3.28,Yes,No,5G,0,1407,No,5
MRD-008249,Yes,56.26,6,289.22,Plus,2,Yes,5.3,Yes,Yes,4G,2,773,No,9
MRD-008250,No,37.17,15,860.92,Basic,1,No,2.11,Yes,Yes,5G,0,900,No,6
MRD-008251,Yes,31.58,94,4347.39,Basic,2,No,2.62,No,No,5G,2,830,No,8
MRD-008252,No,99.31,21,2363.44,Premium,1,No,0.44,Yes,No,5G,0,124,No,7
MRD-008253,No,42.01,26,975.16,Plus,2,No,1.32,Yes,Yes,5G,4,289,No,7
MRD-008254,No,58.62,79,6928.28,Plus,2,No,6.19,Yes,No,5G,0,219,No,5
MRD-008255,Yes,42.0,64,3224.26,Basic,2,Yes,3.55,No,No,4G,3,723,No,7
MRD-008256,No,50.44,66,3120.88,Plus,2,No,6.27,Yes,No,4G,1,595,No,5
MRD-008257,No,38.1,26,1242.27,Basic,1,No,2.06,No,No,4G,0,536,No,10
MRD-008258,No,62.77,75,2851.28,Plus,1,Yes,1.16,Yes,Yes,5G,2,1361,No,3
MRD-008259,No,37.72,23,559.34,Basic,1,No,6.46,No,No,4G,3,391,No,9
MRD-008260,Yes,33.89,26,152.37,Basic,1,No,0.63,Yes,No,5G,0,624,No,3
MRD-008261,No,49.0,15,953.85,Plus,2,Yes,1.3,No,Yes,4G,1,1125,No,10
MRD-008262,No,85.59,38,1948.18,Premium,1,No,2.25,No,Yes,4G,1,1086,No,4
MRD-008263,No,58.48,83,5877.48,Plus,3,Yes,4.77,Yes,No,4G,1,1491,Yes,3
MRD-008264,Yes,36.0,41,1704.81,Basic,1,Yes,6.32,Yes,No,5G,3,185,No,6
MRD-008265,No,64.33,94,1708.54,Plus,4,No,1.45,No,Yes,5G,1,1099,Yes,6
MRD-008266,No,59.19,91,4902.07,Plus,1,No,6.17,Yes,No,4G,0,1366,No,4
MRD-008267,No,95.68,66,5630.6,Premium,3,No,3.25,Yes,Yes,5G,0,274,Yes,2
MRD-008268,No,35.09,22,1245.28,Basic,3,No,0.97,No,Yes,4G,1,375,Yes,5
MRD-008269,Yes,59.96,74,3734.8,Plus,2,No,7.65,Yes,No,5G,5,385,No,6
MRD-008270,No,59.55,18,1580.3,Plus,2,No,1.67,No,Yes,5G,2,695,No,8
MRD-008271,Yes,59.01,0,53.61,Plus,1,No,0.91,Yes,No,5G,4,477,No,2
MRD-008272,No,67.1,55,3063.75,Plus,1,No,6.21,Yes,Yes,5G,4,136,No,9
MRD-008273,No,56.84,7,257.76,Plus,1,No,2.93,Yes,No,4G,1,48,No,5
MRD-008274,No,73.19,90,4389.69,Premium,4,No,8.96,No,No,5G,0,1173,Yes,2
MRD-008275,No,72.1,61,2726.22,Plus,1,No,3.02,Yes,Yes,4G,2,120,No,3
MRD-008276,No,97.91,85,5486.54,Premium,5,Yes,14.54,No,Yes,5G,0,662,Yes,5
MRD-008277,Yes,35.12,84,2911.77,Basic,1,No,9.57,Yes,No,5G,2,563,No,1
MRD-008278,No,61.6,79,3394.23,Plus,2,No,0.54,No,No,5G,1,1323,No,3
MRD-008279,Yes,55.27,95,4422.0,Plus,3,No,2.26,Yes,No,4G,0,491,Yes,5
MRD-008280,No,35.58,83,3658.3,Basic,2,Yes,13.66,No,Yes,5G,1,451,No,6
MRD-008281,No,69.04,78,7387.97,Plus,2,Yes,7.1,Yes,Yes,5G,2,165,No,6
MRD-008282,No,102.18,83,9955.07,Premium,2,No,0.31,No,No,4G,1,58,No,4
MRD-008283,No,54.3,83,7210.99,Plus,1,Yes,2.49,Yes,No,4G,1,867,No,9
MRD-008284,Yes,32.86,3,219.12,Basic,1,No,0.65,Yes,Yes,5G,0,323,No,4
MRD-008285,Yes,32.76,8,619.17,Basic,1,No,2.77,Yes,Yes,4G,1,1257,No,6
MRD-008286,Yes,52.34,10,780.4,Plus,1,No,4.07,No,No,5G,1,947,No,1
MRD-008287,No,64.85,12,1269.54,Plus,4,Yes,9.79,Yes,Yes,4G,1,688,Yes,1
MRD-008288,No,55.81,44,2490.07,Plus,5,No,4.59,Yes,Yes,5G,0,891,Yes,4
MRD-008289,No,88.96,12,1284.45,Premium,5,No,1.37,No,No,5G,1,682,Yes,6
MRD-008290,No,35.81,21,584.89,Basic,1,No,3.72,Yes,Yes,5G,2,469,No,5
MRD-008291,No,30.56,62,2487.24,Basic,3,No,1.62,No,Yes,5G,2,987,Yes,9
MRD-008292,No,85.39,50,6098.75,Premium,2,No,2.77,Yes,No,5G,2,73,No,1
MRD-008293,No,48.93,75,3352.53,Plus,3,No,4.82,Yes,Yes,5G,1,623,Yes,1
MRD-008294,No,32.05,90,3452.83,Basic,1,No,7.98,Yes,No,5G,1,1204,No,9
MRD-008295,Yes,28.11,27,751.36,Basic,2,Yes,0.65,No,Yes,5G,0,115,No,5
MRD-008296,Yes,35.54,60,1883.64,Basic,1,No,5.82,No,Yes,5G,0,427,No,7
MRD-008297,Yes,34.97,90,4059.76,Basic,2,No,2.38,Yes,No,4G,2,170,No,3
MRD-008298,No,38.24,17,2183.53,Basic,4,No,1.97,Yes,Yes,5G,3,794,Yes,7
MRD-008299,No,35.24,13,692.13,Basic,1,No,0.87,Yes,Yes,5G,0,735,No,4
MRD-008300,Yes,57.54,84,8312.49,Plus,1,No,4.18,Yes,No,5G,0,715,No,10
MRD-008301,Yes,34.72,78,3428.95,Basic,1,No,3.52,Yes,No,4G,1,960,No,5
MRD-008302,No,65.99,37,2051.67,Plus,4,No,1.45,Yes,Yes,4G,2,989,Yes,10
MRD-008303,Yes,38.39,10,605.61,Basic,2,No,8.4,No,Yes,5G,1,1055,No,7
MRD-008304,No,63.51,39,2247.16,Plus,1,No,6.69,Yes,Yes,5G,1,1420,No,9
MRD-008305,Yes,50.18,88,6835.25,Plus,3,No,7.24,Yes,No,5G,1,279,Yes,8
MRD-008306,No,66.33,94,7916.78,Plus,4,No,4.19,Yes,No,5G,1,479,Yes,1
MRD-008307,No,64.54,51,7364.09,Plus,1,Yes,2.19,Yes,Yes,5G,1,819,No,4
MRD-008308,Yes,102.6,69,12170.82,Premium,5,No,5.31,No,No,5G,1,1417,Yes,9
MRD-008309,No,53.81,45,2056.0,Plus,3,No,2.81,Yes,Yes,5G,0,12,Yes,2
MRD-008310,Yes,32.1,18,618.01,Basic,2,No,5.28,Yes,No,4G,2,1353,No,8
MRD-008311,No,38.12,17,512.7,Basic,2,No,4.06,No,No,5G,2,367,No,2
MRD-008312,No,48.54,50,1361.96,Plus,2,No,8.25,Yes,No,5G,1,1413,No,6
MRD-008313,No,31.07,51,1593.87,Basic,4,Yes,0.3,Yes,Yes,5G,1,362,Yes,8
MRD-008314,Yes,71.44,21,2391.16,Plus,1,No,9.24,Yes,No,5G,1,1437,No,4
MRD-008315,No,62.97,2,365.13,Plus,2,No,2.01,No,No,5G,2,351,No,9
MRD-008316,No,31.14,14,396.41,Basic,1,No,1.44,No,No,5G,0,864,No,8
MRD-008317,No,56.06,46,1580.08,Plus,1,No,1.06,Yes,No,4G,0,1346,No,4
MRD-008318,No,61.68,82,5095.53,Plus,5,Yes,3.66,Yes,No,5G,3,180,Yes,9
MRD-008319,No,57.32,24,1443.4,Plus,2,No,10.85,Yes,Yes,5G,2,694,No,10
MRD-008320,No,32.31,43,1114.82,Basic,4,Yes,2.07,Yes,No,4G,1,705,Yes,3
MRD-008321,No,95.64,29,1713.67,Premium,3,No,12.23,Yes,Yes,5G,2,775,Yes,3
MRD-008322,No,49.33,94,5084.55,Plus,5,No,1.08,Yes,Yes,5G,1,913,Yes,10
MRD-008323,No,58.63,30,1521.44,Plus,1,No,1.56,Yes,No,5G,3,384,No,10
MRD-008324,No,32.81,48,1685.49,Basic,3,No,0.43,Yes,No,5G,0,1061,Yes,1
MRD-008325,Yes,35.88,83,5098.79,Basic,2,No,0.87,No,No,5G,1,1255,No,7
MRD-008326,No,31.82,86,3387.15,Basic,2,No,9.15,Yes,Yes,5G,1,821,No,2
MRD-008327,No,59.77,64,2987.47,Plus,4,Yes,0.48,No,No,5G,2,1134,Yes,9
MRD-008328,No,61.05,51,6561.77,Plus,1,No,2.14,Yes,No,4G,0,31,No,8
MRD-008329,Yes,57.59,12,750.39,Plus,1,No,7.0,No,No,5G,2,410,No,1
MRD-008330,No,34.17,72,3235.63,Basic,4,No,2.89,Yes,No,5G,3,441,Yes,4
MRD-008331,No,70.96,95,4187.87,Premium,2,No,3.16,Yes,No,5G,0,1391,No,10
MRD-008332,Yes,35.1,23,472.76,Basic,1,No,2.2,Yes,Yes,5G,2,550,No,9
MRD-008333,No,60.47,15,806.76,Plus,2,No,4.5,Yes,No,5G,1,485,No,2
MRD-008334,No,74.16,79,5882.92,Plus,1,No,5.28,Yes,No,4G,2,823,No,2
MRD-008335,No,58.8,55,2319.29,Plus,3,No,2.72,Yes,Yes,5G,3,144,Yes,6
MRD-008336,No,63.55,80,9244.56,Plus,1,No,2.61,Yes,Yes,5G,2,1401,No,8
MRD-008337,No,26.3,8,245.39,Basic,3,No,2.28,Yes,No,4G,0,1040,Yes,10
MRD-008338,No,95.31,1,0.0,Premium,3,No,7.4,Yes,No,4G,1,404,Yes,6
MRD-008339,No,53.13,47,2786.47,Plus,3,No,4.85,No,No,5G,2,529,Yes,8
MRD-008340,No,32.95,64,1471.43,Basic,3,No,1.2,Yes,No,4G,0,728,Yes,1
MRD-008341,No,55.98,80,5484.64,Plus,2,Yes,0.35,Yes,No,5G,1,1167,No,2
MRD-008342,No,59.23,86,5308.0,Plus,1,No,7.52,No,No,4G,3,1442,No,3
MRD-008343,No,94.58,31,1066.35,Premium,1,No,4.56,No,No,4G,0,1179,No,1
MRD-008344,No,59.48,67,2256.68,Plus,3,No,4.21,Yes,No,4G,0,465,Yes,10
MRD-008345,No,60.34,82,8964.56,Plus,4,No,0.39,No,No,5G,2,854,Yes,8
MRD-008346,No,31.18,93,3354.7,Basic,1,No,5.76,No,No,5G,1,1035,No,6
MRD-008347,No,42.58,10,342.63,Basic,1,No,1.17,Yes,No,5G,1,758,No,6
MRD-008348,No,92.55,18,839.55,Premium,2,No,0.85,Yes,No,5G,3,148,No,6
MRD-008349,No,32.98,50,1656.99,Basic,4,Yes,0.17,No,Yes,4G,0,928,Yes,10
MRD-008350,Yes,33.03,2,284.56,Basic,3,Yes,2.08,No,No,5G,3,362,Yes,7
MRD-008351,No,60.27,27,1950.92,Plus,2,Yes,1.05,Yes,Yes,4G,1,1331,No,9
MRD-008352,Yes,37.26,25,539.96,Basic,1,Yes,3.14,Yes,No,5G,3,260,No,7
MRD-008353,No,61.43,64,7171.57,Plus,2,Yes,0.5,Yes,No,5G,3,1008,No,1
MRD-008354,Yes,31.78,42,1393.51,Basic,1,No,1.39,No,No,5G,3,23,No,1
MRD-008355,No,97.66,82,9465.06,Premium,4,No,6.6,Yes,Yes,5G,2,1396,Yes,8
MRD-008356,No,109.18,86,8698.56,Premium,1,No,4.52,Yes,No,5G,1,1182,No,10
MRD-008357,Yes,58.57,28,1803.6,Plus,1,No,5.56,Yes,No,5G,2,340,No,9
MRD-008358,Yes,57.93,34,2249.2,Plus,2,Yes,8.25,Yes,No,4G,1,502,No,2
MRD-008359,No,36.96,90,1539.55,Basic,2,No,5.16,Yes,No,4G,3,1358,No,9
MRD-008360,No,31.88,49,824.16,Basic,1,No,2.13,No,No,5G,1,37,No,1
MRD-008361,No,39.64,57,2435.81,Basic,2,No,2.17,Yes,Yes,5G,0,808,No,7
MRD-008362,Yes,99.78,40,3630.71,Premium,2,No,0.55,No,No,5G,0,38,No,7
MRD-008363,No,112.73,4,962.66,Premium,3,No,0.14,Yes,Yes,5G,2,514,Yes,2
MRD-008364,No,59.57,37,2591.68,Plus,3,Yes,1.45,Yes,Yes,5G,0,666,Yes,3
MRD-008365,No,58.69,90,5409.64,Plus,2,No,3.76,Yes,No,4G,3,1242,No,6
MRD-008366,Yes,59.78,60,2110.54,Plus,1,Yes,0.96,Yes,No,5G,1,641,No,7
MRD-008367,No,50.34,2,0.0,Plus,3,No,1.39,No,No,4G,1,786,Yes,7
MRD-008368,Yes,37.1,28,1067.46,Basic,2,Yes,2.51,Yes,No,4G,4,97,No,7
MRD-008369,No,100.85,22,8047.27,Premium,5,Yes,0.11,Yes,No,5G,2,1430,Yes,10
MRD-008370,No,58.95,39,3812.26,Plus,2,Yes,3.74,No,Yes,4G,1,1415,No,9
MRD-008371,No,41.71,44,4228.59,Basic,1,No,7.11,Yes,Yes,4G,0,449,No,6
MRD-008372,No,58.06,36,2120.75,Plus,1,No,6.78,Yes,No,5G,2,426,No,3
MRD-008373,No,40.96,19,1278.14,Basic,3,No,0.92,No,No,4G,1,401,Yes,3
MRD-008374,No,39.88,48,2771.02,Basic,1,No,3.04,Yes,Yes,4G,1,562,No,2
MRD-008375,No,56.17,66,4158.72,Plus,1,No,3.2,Yes,Yes,5G,1,478,No,2
MRD-008376,No,32.84,90,7449.34,Basic,3,No,9.94,No,No,5G,1,934,Yes,5
MRD-008377,No,55.48,28,1984.08,Plus,1,No,9.03,No,Yes,5G,3,1340,No,6
MRD-008378,Yes,60.08,26,1529.39,Plus,1,No,0.31,No,Yes,4G,0,544,No,1
MRD-008379,No,44.41,66,3721.02,Basic,2,No,2.19,Yes,Yes,5G,1,290,No,5
MRD-008380,No,32.39,61,1165.61,Basic,1,No,3.78,Yes,Yes,4G,4,327,No,3
MRD-008381,No,99.49,46,3731.02,Premium,1,No,0.63,No,No,4G,2,1452,No,9
MRD-008382,No,30.57,76,2196.17,Basic,4,No,4.82,Yes,Yes,5G,0,103,Yes,6
MRD-008383,No,33.37,60,2482.93,Basic,5,No,1.8,No,No,4G,1,1333,Yes,8
MRD-008384,No,53.71,44,2378.06,Plus,1,No,9.95,Yes,Yes,5G,0,944,No,6
MRD-008385,No,49.25,95,6141.96,Plus,1,No,2.99,No,No,5G,2,1449,No,5
MRD-008386,No,100.81,89,17360.72,Premium,1,No,2.5,Yes,No,5G,2,1137,No,6
MRD-008387,Yes,47.14,13,530.89,Basic,5,No,6.01,Yes,No,4G,6,448,Yes,1
MRD-008388,No,37.99,66,1416.9,Basic,3,No,2.76,Yes,No,5G,3,1026,Yes,8
MRD-008389,No,62.22,60,11273.17,Plus,3,Yes,11.25,Yes,No,5G,1,84,Yes,7
MRD-008390,Yes,65.99,41,2199.72,Premium,1,Yes,5.63,Yes,No,4G,4,1088,No,2
MRD-008391,No,61.0,24,1423.61,Plus,5,No,5.3,Yes,No,5G,1,248,Yes,7
MRD-008392,No,103.58,32,2464.65,Premium,3,No,6.62,Yes,No,5G,3,1086,Yes,10
MRD-008393,No,22.1,37,688.23,Basic,4,No,6.77,No,No,5G,0,487,Yes,8
MRD-008394,No,54.89,55,2331.99,Plus,2,No,2.94,No,No,5G,1,490,No,4
MRD-008395,No,53.76,65,5028.32,Plus,2,No,6.78,No,Yes,5G,1,643,No,6
MRD-008396,No,105.44,86,5583.01,Premium,1,No,3.08,No,Yes,4G,2,141,No,5
MRD-008397,No,91.76,6,786.35,Premium,2,No,0.11,No,No,4G,2,559,No,8
MRD-008398,Yes,33.42,24,547.04,Basic,4,No,8.33,No,No,4G,2,761,Yes,7
MRD-008399,No,104.76,61,2823.18,Premium,1,No,10.36,Yes,Yes,4G,0,149,No,5
MRD-008400,Yes,71.91,36,2491.41,Plus,1,No,4.91,Yes,Yes,5G,0,1199,No,9
MRD-008401,Yes,71.39,88,3416.56,Plus,2,No,0.33,Yes,Yes,5G,1,183,No,8
MRD-008402,No,66.19,26,2437.02,Plus,4,No,1.82,No,No,5G,4,1246,Yes,9
MRD-008403,Yes,56.38,39,1471.89,Plus,1,No,5.53,Yes,Yes,5G,3,688,No,10
MRD-008404,No,60.1,66,3159.38,Plus,1,Yes,3.74,Yes,No,5G,1,62,No,10
MRD-008405,No,100.03,18,2503.93,Premium,2,Yes,0.78,No,No,5G,0,270,No,3
MRD-008406,No,48.57,41,2026.96,Plus,1,No,1.11,No,No,5G,2,521,No,10
MRD-008407,No,36.07,64,2390.37,Basic,2,No,5.52,No,Yes,5G,1,634,No,3
MRD-008408,No,42.52,54,1945.07,Basic,1,No,8.11,No,No,5G,1,1071,No,9
MRD-008409,No,47.19,13,1037.12,Plus,2,No,0.72,No,No,5G,1,1401,No,8
MRD-008410,No,85.78,91,8089.5,Premium,4,No,1.0,No,Yes,5G,1,749,Yes,7
MRD-008411,No,59.94,28,1528.67,Plus,1,No,2.86,Yes,Yes,4G,2,565,No,9
MRD-008412,No,69.35,37,3011.82,Plus,4,No,7.71,Yes,No,5G,1,706,Yes,4
MRD-008413,No,74.46,89,8518.52,Premium,2,No,11.95,Yes,No,5G,0,1395,No,8
MRD-008414,Yes,29.39,16,996.4,Basic,1,Yes,7.26,No,Yes,5G,2,700,No,3
MRD-008415,No,63.3,36,3690.51,Plus,1,No,4.06,Yes,Yes,5G,2,783,No,6
MRD-008416,No,60.75,33,1454.31,Plus,2,No,3.0,No,Yes,4G,1,1082,No,2
MRD-008417,No,37.44,20,1390.16,Basic,3,No,3.58,Yes,No,4G,1,597,Yes,2
MRD-008418,No,30.19,95,4191.85,Basic,1,No,2.35,Yes,No,5G,3,867,No,8
MRD-008419,No,71.66,1,238.88,Plus,3,No,7.24,No,Yes,4G,2,32,Yes,4
MRD-008420,No,62.65,59,4277.07,Plus,1,No,2.61,Yes,Yes,5G,4,45,No,5
MRD-008421,No,89.69,96,26635.39,Premium,1,Yes,9.06,Yes,No,5G,1,25,No,5
MRD-008422,No,60.09,82,8783.4,Plus,1,No,9.64,No,No,5G,1,461,No,1
MRD-008423,No,59.23,90,4251.91,Plus,2,No,0.16,Yes,No,4G,1,1018,No,9
MRD-008424,No,53.71,52,2863.28,Plus,4,No,6.05,Yes,No,5G,0,207,Yes,4
MRD-008425,No,45.53,28,2047.37,Plus,2,No,0.89,Yes,No,4G,1,301,No,1
MRD-008426,No,71.08,19,1249.76,Premium,1,No,1.46,Yes,No,5G,2,869,No,6
MRD-008427,No,71.9,77,4398.52,Plus,1,No,1.83,Yes,No,4G,1,1026,No,4
MRD-008428,No,54.18,82,5973.63,Plus,4,Yes,1.0,Yes,Yes,5G,3,732,Yes,6
MRD-008429,No,56.06,28,1688.62,Plus,1,No,5.65,Yes,No,5G,1,1088,No,3
MRD-008430,No,96.45,79,7594.1,Premium,1,No,5.22,Yes,Yes,5G,2,737,No,2
MRD-008431,Yes,61.23,8,274.09,Plus,3,No,0.66,No,No,5G,1,73,Yes,4
MRD-008432,No,63.98,39,5345.17,Plus,3,No,0.64,Yes,Yes,4G,1,826,Yes,4
MRD-008433,No,62.81,40,2494.79,Plus,5,No,3.5,Yes,No,5G,1,254,Yes,8
MRD-008434,No,58.0,12,649.43,Plus,3,Yes,2.43,Yes,Yes,4G,0,1138,Yes,3
MRD-008435,No,53.9,80,9473.54,Plus,4,No,0.43,Yes,No,4G,2,1266,Yes,4
MRD-008436,Yes,63.32,71,3865.1,Plus,4,No,3.07,Yes,Yes,4G,3,559,Yes,1
MRD-008437,Yes,35.65,29,1088.87,Basic,3,No,0.1,Yes,Yes,5G,2,1146,Yes,2
MRD-008438,No,60.15,76,7360.0,Plus,2,No,6.31,No,No,5G,1,673,No,9
MRD-008439,No,57.5,7,234.51,Plus,2,No,1.93,No,No,5G,2,1324,No,6
MRD-008440,Yes,29.53,44,1929.86,Basic,2,No,1.91,No,Yes,5G,0,779,No,6
MRD-008441,No,67.23,40,2296.65,Plus,3,No,1.41,Yes,No,4G,2,41,Yes,9
MRD-008442,Yes,35.19,20,1112.79,Basic,1,No,6.21,No,No,5G,1,39,No,4
MRD-008443,No,87.38,30,2517.13,Premium,4,No,6.64,Yes,No,5G,0,1340,Yes,5
MRD-008444,No,92.01,31,6451.14,Premium,2,No,2.83,Yes,Yes,5G,4,1346,No,3
MRD-008445,No,89.58,8,637.09,Premium,3,No,0.99,No,No,4G,1,280,Yes,7
MRD-008446,No,72.15,16,2283.96,Premium,1,No,3.95,Yes,Yes,5G,2,1411,No,8
MRD-008447,Yes,60.16,47,2306.77,Plus,1,No,2.35,Yes,No,4G,1,1011,No,9
MRD-008448,No,108.71,20,3523.04,Premium,1,No,2.28,Yes,Yes,4G,3,213,No,4
MRD-008449,No,62.46,35,2542.26,Plus,1,No,0.55,No,No,5G,1,735,No,8
MRD-008450,No,41.02,95,3580.87,Basic,5,No,2.7,Yes,Yes,4G,0,1065,Yes,4
MRD-008451,No,30.12,90,3157.85,Basic,2,No,1.72,Yes,Yes,5G,2,1152,No,6
MRD-008452,No,45.44,65,3771.29,Plus,1,No,4.27,Yes,Yes,5G,2,797,No,4
MRD-008453,No,69.53,43,6339.99,Plus,5,No,0.31,No,No,5G,2,652,Yes,10
MRD-008454,No,62.06,10,921.49,Plus,2,No,0.85,Yes,No,5G,2,1330,No,8
MRD-008455,No,23.87,92,631.37,Basic,3,No,2.34,Yes,No,4G,2,1192,Yes,5
MRD-008456,No,64.57,81,4333.35,Plus,4,No,3.13,No,No,5G,3,546,Yes,2
MRD-008457,No,32.41,29,961.39,Basic,3,No,5.05,Yes,Yes,4G,4,434,Yes,9
MRD-008458,No,112.72,9,1227.42,Premium,4,No,0.16,Yes,Yes,5G,2,1212,Yes,2
MRD-008459,Yes,36.46,58,2504.96,Basic,2,No,1.06,No,Yes,4G,1,236,No,5
MRD-008460,No,29.05,84,5279.6,Basic,1,No,3.03,No,No,5G,1,770,No,2
MRD-008461,No,31.47,22,1205.39,Basic,4,No,11.26,Yes,Yes,5G,3,517,Yes,1
MRD-008462,No,56.38,82,3974.7,Plus,1,Yes,4.2,Yes,No,5G,4,368,No,7
MRD-008463,No,54.1,11,1994.81,Plus,2,No,4.55,Yes,Yes,4G,2,1002,No,9
MRD-008464,Yes,58.81,61,5315.49,Plus,1,No,0.97,No,No,5G,3,375,No,4
MRD-008465,Yes,44.6,86,4919.76,Basic,1,No,0.84,No,Yes,5G,1,1170,No,9
MRD-008466,Yes,54.68,63,2744.95,Plus,3,No,3.0,No,No,5G,2,643,Yes,3
MRD-008467,Yes,31.46,48,1694.54,Basic,2,No,1.88,No,Yes,5G,1,1239,No,6
MRD-008468,No,87.32,78,10690.57,Premium,1,No,0.2,No,Yes,5G,3,360,No,1
MRD-008469,Yes,60.64,86,2568.03,Plus,1,No,3.3,Yes,No,4G,0,942,No,6
MRD-008470,Yes,28.54,31,904.78,Basic,3,Yes,1.65,Yes,No,5G,1,588,Yes,5
MRD-008471,No,85.16,5,366.0,Premium,3,No,0.38,No,Yes,5G,0,510,Yes,3
MRD-008472,No,60.69,82,11316.5,Plus,2,No,12.66,No,Yes,5G,2,850,No,5
MRD-008473,No,34.09,94,4190.55,Basic,1,No,4.98,No,Yes,4G,0,1312,No,1
MRD-008474,Yes,56.33,19,1360.1,Plus,1,No,2.75,Yes,No,5G,4,1264,No,4
MRD-008475,No,38.53,65,1686.27,Basic,2,No,6.22,Yes,No,4G,1,936,No,9
MRD-008476,No,40.02,64,1935.49,Basic,1,No,4.67,Yes,No,5G,0,1421,No,4
MRD-008477,No,36.92,4,515.34,Basic,3,No,4.06,No,No,4G,2,456,Yes,3
MRD-008478,Yes,38.11,38,1418.98,Basic,1,No,8.34,Yes,Yes,5G,0,412,No,10
MRD-008479,No,81.32,68,6975.42,Premium,1,Yes,1.01,No,No,5G,1,1126,No,5
MRD-008480,No,64.04,57,5955.3,Plus,2,No,5.57,Yes,Yes,5G,0,847,No,3
MRD-008481,Yes,30.47,2,477.55,Basic,2,No,2.55,No,Yes,5G,3,1289,No,5
MRD-008482,No,58.69,2,80.38,Plus,1,No,1.61,No,Yes,5G,1,751,No,3
MRD-008483,No,35.47,14,679.53,Basic,1,No,8.73,No,No,4G,3,979,No,3
MRD-008484,Yes,37.39,53,2130.05,Basic,1,No,7.68,No,No,4G,2,1207,No,7
MRD-008485,Yes,32.63,54,2392.35,Basic,1,No,3.52,Yes,No,4G,0,1461,No,6
MRD-008486,No,40.49,29,3327.07,Basic,5,Yes,1.4,Yes,No,5G,0,673,Yes,5
MRD-008487,No,102.05,87,5401.56,Premium,1,No,2.37,No,Yes,5G,3,1187,No,4
MRD-008488,No,59.59,10,1040.79,Plus,1,No,1.79,No,Yes,4G,4,747,No,10
MRD-008489,No,58.73,9,603.59,Plus,4,No,2.99,No,Yes,5G,0,232,Yes,9
MRD-008490,Yes,40.7,15,554.14,Basic,4,No,1.64,No,No,5G,2,1013,Yes,3
MRD-008491,Yes,32.63,80,5050.87,Basic,1,No,8.8,Yes,Yes,4G,2,1038,No,10
MRD-008492,No,52.38,5,379.43,Plus,1,Yes,11.27,No,Yes,5G,0,330,No,7
MRD-008493,No,57.54,35,2316.94,Plus,2,No,0.37,No,No,5G,2,849,No,3
MRD-008494,No,85.16,57,7453.62,Premium,1,No,5.08,No,No,5G,0,1050,No,9
MRD-008495,No,29.69,46,1009.74,Basic,2,Yes,3.74,Yes,No,5G,1,52,No,1
MRD-008496,Yes,34.44,13,440.13,Basic,2,Yes,0.79,Yes,No,4G,3,1321,No,1
MRD-008497,No,63.6,69,5233.14,Plus,1,No,8.11,No,No,5G,0,58,No,10
MRD-008498,No,41.82,29,2031.57,Basic,1,No,16.74,No,Yes,5G,1,411,No,10
MRD-008499,Yes,49.86,23,566.57,Plus,2,No,1.93,Yes,No,5G,3,1039,No,4
MRD-008500,No,64.36,15,2154.26,Plus,1,Yes,4.66,Yes,No,5G,1,1063,No,5
MRD-008501,No,69.8,80,2115.68,Plus,2,No,9.08,No,No,4G,2,1373,No,4
MRD-008502,No,36.7,81,1869.87,Basic,2,No,10.02,Yes,No,5G,1,788,No,3
MRD-008503,No,66.48,94,3180.39,Plus,1,No,4.88,Yes,No,5G,0,701,No,2
MRD-008504,No,47.83,71,5075.07,Plus,2,Yes,1.36,Yes,Yes,5G,3,332,No,5
MRD-008505,No,93.63,67,7192.75,Premium,2,No,1.71,No,No,4G,1,50,No,2
MRD-008506,Yes,31.12,89,2427.53,Basic,4,No,0.64,No,Yes,4G,3,260,Yes,7
MRD-008507,No,98.73,28,1973.97,Premium,1,No,6.43,No,Yes,5G,1,737,No,8
MRD-008508,No,55.62,5,685.63,Plus,4,No,2.04,Yes,No,5G,1,951,Yes,10
MRD-008509,No,64.41,1,154.87,Plus,1,Yes,1.7,Yes,No,5G,2,271,No,3
MRD-008510,No,48.68,69,4183.26,Plus,2,No,2.82,Yes,Yes,4G,2,588,No,1
MRD-008511,No,51.78,65,4139.9,Plus,3,No,6.18,Yes,No,5G,2,1432,Yes,4
MRD-008512,No,35.8,43,1504.32,Basic,1,No,9.59,No,Yes,5G,2,552,No,5
MRD-008513,No,26.52,73,1694.66,Basic,2,No,0.65,Yes,No,4G,2,682,No,4
MRD-008514,No,63.94,88,6708.35,Plus,1,No,4.54,Yes,No,5G,0,449,No,9
MRD-008515,No,36.52,89,4749.26,Basic,2,No,3.16,Yes,Yes,5G,2,199,No,6
MRD-008516,No,45.22,22,2430.91,Basic,4,Yes,1.68,Yes,No,5G,2,1045,Yes,3
MRD-008517,No,107.77,77,9538.43,Premium,5,No,2.08,Yes,No,5G,0,477,Yes,8
MRD-008518,No,42.03,49,4287.22,Basic,3,No,2.34,Yes,No,5G,3,38,Yes,8
MRD-008519,Yes,35.22,92,3809.58,Basic,1,Yes,4.0,Yes,No,4G,5,850,No,9
MRD-008520,No,90.51,70,3797.09,Premium,4,No,0.65,Yes,Yes,5G,0,683,Yes,6
MRD-008521,No,35.48,55,2539.08,Basic,2,No,1.64,Yes,No,5G,4,52,No,8
MRD-008522,No,49.93,95,6128.27,Plus,1,No,0.93,Yes,Yes,5G,0,1035,No,8
MRD-008523,No,61.94,55,4320.35,Plus,1,No,6.85,Yes,No,4G,1,305,No,6
MRD-008524,No,60.94,37,2125.69,Plus,1,Yes,4.55,No,Yes,5G,1,39,No,9
MRD-008525,No,40.53,51,6354.48,Basic,4,No,3.04,No,Yes,5G,0,891,Yes,5
MRD-008526,No,38.1,32,1632.37,Basic,1,No,5.37,Yes,No,4G,2,54,No,9
MRD-008527,No,66.99,38,3281.9,Plus,2,Yes,2.42,No,No,4G,4,407,No,6
MRD-008528,No,67.68,94,6570.2,Plus,2,No,0.58,Yes,No,5G,1,987,No,6
MRD-008529,No,53.2,22,688.76,Plus,5,Yes,3.12,Yes,Yes,5G,1,1343,Yes,9
MRD-008530,No,45.16,88,2448.63,Basic,1,No,14.55,Yes,No,4G,1,125,No,10
MRD-008531,No,28.84,82,3609.7,Basic,2,No,1.03,Yes,Yes,5G,3,1151,No,2
MRD-008532,No,52.43,42,1635.63,Plus,3,Yes,1.32,Yes,No,5G,2,632,Yes,9
MRD-008533,No,67.72,4,330.03,Plus,2,No,0.87,Yes,No,5G,1,25,No,5
MRD-008534,No,57.21,13,1665.93,Plus,1,No,1.31,No,Yes,5G,0,617,No,8
MRD-008535,No,91.95,64,4010.25,Premium,2,No,6.55,Yes,Yes,5G,2,896,No,7
MRD-008536,No,103.83,5,365.84,Premium,2,No,1.52,No,No,5G,1,169,No,7
MRD-008537,No,56.22,78,4959.24,Plus,1,No,8.98,Yes,Yes,5G,2,1461,No,5
MRD-008538,Yes,25.23,7,275.31,Basic,3,Yes,4.16,No,No,4G,0,34,Yes,1
MRD-008539,No,57.87,10,600.89,Plus,2,No,0.94,No,No,5G,1,1394,No,8
MRD-008540,No,101.99,39,5673.92,Premium,1,No,4.02,No,No,5G,1,0,No,6
MRD-008541,No,101.46,9,849.03,Premium,5,No,0.25,Yes,No,5G,1,641,Yes,4
MRD-008542,No,93.88,88,13713.85,Premium,2,No,1.49,No,Yes,5G,1,974,No,9
MRD-008543,Yes,84.6,92,10127.25,Premium,5,No,5.21,No,No,4G,1,1295,Yes,1
MRD-008544,No,58.4,92,6081.92,Plus,1,No,1.91,Yes,No,5G,2,710,No,5
MRD-008545,Yes,39.17,25,936.47,Basic,1,Yes,7.79,Yes,Yes,4G,1,812,No,4
MRD-008546,No,29.21,80,2358.22,Basic,5,No,5.81,Yes,No,4G,1,612,Yes,10
MRD-008547,No,50.19,44,2709.78,Plus,1,No,5.76,Yes,No,5G,3,657,No,6
MRD-008548,No,105.51,30,3041.07,Premium,3,No,4.25,Yes,Yes,5G,1,66,Yes,2
MRD-008549,Yes,42.45,0,266.16,Basic,3,No,6.9,No,Yes,5G,3,614,Yes,4
MRD-008550,No,43.24,73,4595.5,Basic,1,Yes,6.53,No,Yes,4G,1,149,No,5
MRD-008551,No,106.24,84,3923.65,Premium,3,Yes,1.39,No,Yes,4G,1,550,Yes,6
MRD-008552,No,58.49,1,104.88,Plus,1,Yes,3.63,Yes,No,4G,2,166,No,10
MRD-008553,No,34.01,49,1298.13,Basic,3,No,0.17,Yes,No,5G,3,1097,Yes,7
MRD-008554,No,91.13,66,6383.87,Premium,1,Yes,1.28,Yes,Yes,4G,1,502,No,6
MRD-008555,Yes,55.77,14,654.96,Plus,4,No,5.3,No,No,5G,3,414,Yes,1
MRD-008556,No,103.26,6,379.48,Premium,1,Yes,2.39,Yes,Yes,4G,3,214,No,8
MRD-008557,No,56.08,79,7624.66,Plus,1,No,3.44,Yes,Yes,4G,2,532,No,9
MRD-008558,No,35.8,3,73.43,Basic,1,No,0.37,Yes,Yes,5G,1,1307,No,5
MRD-008559,No,73.5,26,1665.44,Premium,1,No,4.08,Yes,No,5G,2,1224,No,4
MRD-008560,No,49.55,35,4325.4,Plus,4,No,1.03,Yes,No,5G,2,343,Yes,1
MRD-008561,Yes,34.41,75,3177.91,Basic,2,No,10.59,No,No,5G,2,253,No,10
MRD-008562,No,58.93,12,1351.76,Plus,1,No,1.3,Yes,Yes,5G,1,1386,No,6
MRD-008563,No,39.1,33,1641.16,Basic,4,No,7.4,Yes,Yes,4G,2,938,Yes,3
MRD-008564,No,114.39,70,10929.68,Premium,1,Yes,0.23,Yes,No,5G,2,1403,No,10
MRD-008565,No,92.48,48,2724.1,Premium,2,No,3.71,Yes,Yes,4G,3,790,No,5
MRD-008566,No,64.62,12,1084.71,Plus,4,No,0.96,Yes,No,5G,2,1355,Yes,5
MRD-008567,No,31.56,47,1744.73,Basic,1,No,0.63,Yes,Yes,5G,1,1450,No,5
MRD-008568,No,90.45,7,520.96,Premium,1,No,1.72,Yes,No,5G,0,505,No,4
MRD-008569,No,32.31,81,1920.6,Basic,2,No,3.93,Yes,Yes,4G,0,1320,No,10
MRD-008570,Yes,33.86,77,2379.23,Basic,2,No,4.29,Yes,No,5G,1,181,No,7
MRD-008571,No,52.44,3,141.46,Plus,2,No,2.0,No,No,5G,1,1233,No,2
MRD-008572,No,60.97,71,2089.03,Plus,5,No,5.26,Yes,Yes,5G,0,1280,Yes,8
MRD-008573,No,64.68,62,2750.94,Plus,2,No,20.47,Yes,Yes,5G,0,23,No,5
MRD-008574,No,63.07,92,6637.48,Plus,1,No,1.55,No,No,4G,1,250,No,5
MRD-008575,No,83.31,38,3674.72,Premium,1,No,2.86,Yes,Yes,5G,0,1408,No,10
MRD-008576,No,33.38,60,1233.62,Basic,1,No,0.74,No,No,4G,1,774,No,10
MRD-008577,No,28.33,49,772.23,Basic,3,No,4.87,Yes,No,5G,2,301,Yes,8
MRD-008578,No,79.09,26,1625.82,Premium,5,No,3.13,No,No,4G,2,1397,Yes,9
MRD-008579,No,66.95,12,1051.79,Plus,2,No,4.48,Yes,No,5G,1,1350,No,8
MRD-008580,No,32.17,15,427.66,Basic,4,No,6.79,Yes,No,5G,2,1259,Yes,6
MRD-008581,Yes,120.06,35,4455.49,Premium,3,No,3.25,No,No,5G,5,555,Yes,3
MRD-008582,Yes,65.84,0,188.81,Plus,2,Yes,0.06,No,Yes,4G,1,1448,No,7
MRD-008583,No,37.74,5,321.37,Basic,3,No,2.05,Yes,No,5G,1,1302,Yes,3
MRD-008584,No,56.19,84,5084.81,Plus,1,No,8.69,Yes,Yes,5G,8,415,No,3
MRD-008585,No,119.86,83,23661.57,Premium,1,No,6.49,Yes,Yes,4G,1,388,No,8
MRD-008586,No,38.98,17,1562.34,Basic,2,No,3.33,Yes,No,5G,0,85,No,4
MRD-008587,No,35.51,65,2114.93,Basic,1,No,5.02,Yes,Yes,4G,1,575,No,4
MRD-008588,No,61.07,71,6468.82,Plus,2,No,3.56,Yes,Yes,5G,2,731,No,1
MRD-008589,Yes,40.54,34,2464.43,Basic,1,No,0.59,Yes,Yes,5G,1,1189,No,2
MRD-008590,No,105.78,75,10981.23,Premium,1,No,2.8,No,No,5G,3,200,No,1
MRD-008591,No,101.35,52,3863.85,Premium,1,No,1.56,Yes,Yes,4G,1,707,No,6
MRD-008592,Yes,37.75,67,716.41,Basic,4,No,7.2,Yes,No,5G,5,1389,Yes,5
MRD-008593,No,105.68,96,38010.84,Premium,1,No,2.06,No,Yes,5G,1,822,No,4
MRD-008594,Yes,68.94,35,2500.67,Plus,1,No,6.16,No,Yes,4G,2,641,No,6
MRD-008595,Yes,48.23,8,854.49,Plus,4,No,3.61,No,Yes,5G,1,1345,Yes,8
MRD-008596,No,34.49,29,1942.22,Basic,4,No,5.89,No,Yes,5G,1,58,Yes,6
MRD-008597,No,47.77,92,4077.17,Plus,2,No,3.14,No,No,4G,1,489,No,6
MRD-008598,No,86.6,58,6943.24,Premium,3,No,2.24,Yes,No,5G,1,335,Yes,7
MRD-008599,No,57.73,70,6273.64,Plus,1,No,3.36,Yes,Yes,5G,0,611,No,1
MRD-008600,No,93.6,22,2762.42,Premium,1,No,2.51,Yes,No,5G,1,190,No,3
MRD-008601,No,64.33,52,2033.4,Plus,1,No,9.35,Yes,Yes,5G,3,80,No,8
MRD-008602,No,29.89,51,1608.26,Basic,5,No,2.63,No,No,5G,1,1174,Yes,10
MRD-008603,Yes,55.84,24,818.35,Plus,1,No,3.36,Yes,Yes,5G,3,910,No,3
MRD-008604,No,29.68,61,1507.49,Basic,1,No,1.33,No,No,5G,5,842,No,3
MRD-008605,No,51.37,32,2249.59,Plus,2,No,2.77,Yes,No,5G,2,837,No,4
MRD-008606,No,59.81,49,2138.27,Plus,1,No,4.39,Yes,Yes,5G,4,990,No,1
MRD-008607,No,25.16,4,183.93,Basic,4,No,0.03,Yes,Yes,5G,4,1152,Yes,4
MRD-008608,No,64.95,72,4274.68,Plus,1,No,6.21,Yes,Yes,5G,2,462,No,1
MRD-008609,No,27.02,86,3543.06,Basic,4,No,1.84,No,Yes,5G,1,1424,Yes,8
MRD-008610,No,43.11,70,1651.2,Basic,1,Yes,9.02,Yes,Yes,5G,0,946,No,8
MRD-008611,No,110.76,64,4992.83,Premium,1,No,7.79,Yes,No,5G,0,1039,No,3
MRD-008612,Yes,93.35,88,5926.24,Premium,1,Yes,1.08,No,No,5G,2,1399,No,1
MRD-008613,Yes,36.96,69,967.24,Basic,2,No,1.53,Yes,No,4G,5,293,No,9
MRD-008614,Yes,37.49,22,688.15,Basic,1,No,2.67,No,Yes,4G,1,212,No,4
MRD-008615,No,87.44,34,2242.1,Premium,1,No,4.35,Yes,Yes,4G,0,910,No,8
MRD-008616,Yes,33.67,39,758.23,Basic,3,No,1.05,Yes,Yes,5G,1,17,Yes,10
MRD-008617,No,27.3,37,1966.63,Basic,2,No,5.63,No,No,5G,1,710,No,10
MRD-008618,No,79.3,9,734.73,Premium,1,Yes,5.37,Yes,No,5G,2,753,No,3
MRD-008619,Yes,40.37,2,375.79,Basic,5,Yes,1.18,Yes,Yes,4G,3,1080,Yes,5
MRD-008620,No,35.75,11,422.54,Basic,1,No,9.06,Yes,No,5G,1,1453,No,9
MRD-008621,Yes,37.55,87,2315.65,Basic,1,No,0.03,Yes,No,4G,1,1154,No,2
MRD-008622,No,65.46,7,241.75,Plus,1,No,4.69,Yes,No,5G,0,1156,No,2
MRD-008623,No,46.94,92,5365.54,Basic,3,No,2.6,Yes,No,5G,0,142,Yes,1
MRD-008624,No,90.45,24,1297.58,Premium,1,Yes,3.24,Yes,Yes,4G,1,753,No,1
MRD-008625,No,37.38,74,4580.95,Basic,3,No,3.22,No,No,5G,1,260,Yes,9
MRD-008626,Yes,61.08,95,7641.09,Plus,3,No,2.99,Yes,No,4G,2,1003,Yes,10
MRD-008627,No,53.39,59,3885.88,Plus,4,No,1.8,Yes,Yes,5G,1,1397,Yes,6
MRD-008628,No,54.48,82,2897.17,Plus,1,No,2.91,Yes,Yes,4G,1,1026,No,7
MRD-008629,Yes,34.56,2,48.57,Basic,2,No,2.1,Yes,Yes,5G,3,391,No,4
MRD-008630,No,88.91,45,2535.71,Premium,3,No,1.1,Yes,No,5G,0,923,Yes,9
MRD-008631,No,104.98,42,4753.94,Premium,1,No,1.04,Yes,Yes,5G,0,1371,No,8
MRD-008632,No,62.59,70,5672.23,Plus,1,No,0.77,Yes,No,5G,2,459,No,2
MRD-008633,No,24.03,45,1500.58,Basic,2,No,1.55,No,No,4G,3,76,No,4
MRD-008634,No,99.07,74,11381.66,Premium,5,No,1.88,Yes,No,5G,6,539,Yes,6
MRD-008635,Yes,59.07,56,1689.52,Plus,1,Yes,9.57,Yes,No,5G,1,1461,No,10
MRD-008636,No,29.36,26,1037.03,Basic,3,No,3.91,No,Yes,5G,1,1189,Yes,6
MRD-008637,No,82.58,67,6735.59,Premium,1,No,6.11,No,Yes,5G,1,616,No,6
MRD-008638,No,93.74,45,6087.17,Premium,2,No,9.04,No,No,4G,1,920,No,6
MRD-008639,No,55.7,82,8552.23,Plus,1,No,0.92,Yes,Yes,5G,2,486,No,2
MRD-008640,No,62.33,41,3758.77,Plus,4,Yes,1.41,Yes,No,5G,1,790,Yes,5
MRD-008641,No,88.57,33,5697.29,Premium,2,No,3.2,Yes,No,4G,2,1233,No,8
MRD-008642,No,113.4,30,3157.68,Premium,1,Yes,2.52,Yes,No,5G,1,1174,No,9
MRD-008643,No,59.02,41,1799.2,Plus,2,No,1.89,Yes,Yes,4G,4,655,No,4
MRD-008644,No,30.89,59,3224.39,Basic,1,No,5.39,No,No,4G,1,402,No,4
MRD-008645,No,60.98,74,5252.78,Plus,1,No,6.39,Yes,No,5G,1,401,No,9
MRD-008646,No,90.33,67,8006.67,Premium,1,No,3.1,Yes,Yes,5G,1,159,No,7
MRD-008647,No,96.33,80,4185.57,Premium,1,Yes,2.81,No,No,5G,1,468,No,2
MRD-008648,No,71.94,20,1173.79,Plus,2,No,2.78,Yes,Yes,5G,2,1095,No,10
MRD-008649,No,37.03,64,4551.68,Basic,3,No,6.49,No,No,5G,0,705,Yes,1
MRD-008650,No,55.14,69,2803.01,Plus,5,No,2.08,No,No,5G,1,1489,Yes,9
MRD-008651,No,36.09,64,3854.67,Basic,3,No,1.64,No,Yes,5G,0,786,Yes,8
MRD-008652,No,42.28,50,1352.5,Basic,1,No,7.06,Yes,No,5G,1,128,No,1
MRD-008653,No,52.68,18,592.85,Plus,4,Yes,0.17,Yes,No,5G,1,271,Yes,1
MRD-008654,No,42.39,55,2908.16,Basic,1,No,4.28,No,No,5G,0,1127,No,9
MRD-008655,No,38.09,13,581.59,Basic,2,No,4.96,Yes,Yes,4G,3,260,No,10
MRD-008656,Yes,28.93,90,2808.82,Basic,2,No,2.26,Yes,No,5G,1,970,No,1
MRD-008657,Yes,35.04,13,347.49,Basic,4,No,6.71,Yes,No,5G,0,15,Yes,6
MRD-008658,No,26.18,37,1491.31,Basic,1,No,2.17,Yes,Yes,5G,0,213,No,6
MRD-008659,No,31.23,3,224.11,Basic,2,No,2.38,Yes,Yes,4G,0,127,No,7
MRD-008660,No,89.92,87,6451.25,Premium,1,No,4.06,Yes,Yes,5G,1,1050,No,2
MRD-008661,No,114.51,23,7833.58,Premium,1,No,0.54,No,No,5G,2,915,No,9
MRD-008662,No,52.43,56,3153.53,Plus,3,No,2.3,No,Yes,4G,3,1487,Yes,6
MRD-008663,No,34.85,95,5738.37,Basic,3,No,0.29,Yes,No,4G,1,385,Yes,10
MRD-008664,No,57.7,83,13227.23,Plus,1,No,7.29,No,No,5G,1,439,No,9
MRD-008665,Yes,64.44,60,4142.57,Plus,1,Yes,2.99,No,No,5G,3,1480,No,7
MRD-008666,No,32.35,77,1455.77,Basic,1,No,2.58,No,Yes,5G,1,478,No,5
MRD-008667,Yes,73.25,28,1926.88,Plus,2,No,2.0,No,No,5G,2,196,No,4
MRD-008668,No,79.5,27,1512.46,Plus,2,No,4.06,No,Yes,5G,1,1231,No,7
MRD-008669,No,78.63,90,5255.6,Plus,4,No,3.73,Yes,Yes,5G,1,1162,Yes,3
MRD-008670,No,55.94,23,2405.14,Plus,2,No,7.14,Yes,No,4G,3,1094,No,7
MRD-008671,No,38.99,38,2125.45,Basic,4,No,3.59,No,No,5G,1,1160,Yes,6
MRD-008672,Yes,40.18,49,3573.53,Basic,1,No,2.12,Yes,Yes,5G,3,1348,No,6
MRD-008673,No,103.5,77,10390.3,Premium,1,Yes,3.64,Yes,No,5G,1,731,No,2
MRD-008674,Yes,31.47,90,3194.52,Basic,2,Yes,1.37,Yes,No,5G,1,905,No,2
MRD-008675,Yes,35.06,18,2398.2,Basic,4,No,5.14,No,Yes,5G,1,1329,Yes,5
MRD-008676,Yes,26.49,3,59.41,Basic,3,No,8.07,Yes,No,5G,0,210,Yes,4
MRD-008677,No,55.89,78,6488.75,Plus,1,No,0.01,Yes,No,5G,3,1134,No,2
MRD-008678,No,34.46,16,838.47,Basic,2,No,1.53,No,No,4G,1,249,No,1
MRD-008679,No,58.09,71,3138.34,Plus,2,No,1.08,No,No,4G,1,897,No,7
MRD-008680,No,35.87,56,1781.59,Basic,4,No,2.97,Yes,No,4G,1,1132,Yes,2
MRD-008681,No,98.04,22,5157.49,Premium,1,No,3.6,Yes,Yes,5G,0,1435,No,2
MRD-008682,Yes,30.19,9,332.06,Basic,1,No,4.63,No,Yes,5G,1,776,No,1
MRD-008683,Yes,36.04,84,3245.6,Basic,1,No,5.17,No,No,5G,2,968,No,4
MRD-008684,No,33.69,81,7163.95,Basic,1,No,1.01,No,Yes,5G,0,121,No,10
MRD-008685,Yes,44.98,56,2531.44,Basic,5,No,1.23,No,No,5G,3,607,Yes,3
MRD-008686,Yes,37.52,45,1800.04,Basic,1,Yes,5.52,No,No,4G,0,710,No,3
MRD-008687,No,32.94,4,322.27,Basic,1,No,3.97,No,No,5G,2,1374,No,7
MRD-008688,Yes,33.66,90,3105.14,Basic,1,Yes,4.18,Yes,No,4G,3,738,No,5
MRD-008689,No,56.67,59,3126.36,Plus,1,No,4.05,Yes,No,5G,0,283,No,9
MRD-008690,No,36.7,17,877.74,Basic,1,No,3.69,No,No,5G,0,195,No,8
MRD-008691,No,54.06,34,3261.04,Plus,1,No,3.61,Yes,No,5G,0,301,No,6
MRD-008692,No,29.19,30,701.37,Basic,1,Yes,4.39,No,No,5G,0,1219,No,10
MRD-008693,No,93.51,6,543.31,Premium,2,No,6.32,Yes,Yes,5G,3,1043,No,7
MRD-008694,No,34.41,29,1823.05,Basic,3,No,10.42,Yes,No,5G,2,1005,Yes,10
MRD-008695,No,88.37,85,4698.87,Premium,3,No,6.26,Yes,No,5G,1,622,Yes,7
MRD-008696,No,55.72,24,1654.64,Plus,1,Yes,2.78,No,No,5G,1,54,No,9
MRD-008697,Yes,41.42,40,1203.17,Basic,2,No,1.93,Yes,No,4G,3,1137,No,4
MRD-008698,No,69.66,35,3407.29,Plus,5,No,5.85,Yes,No,5G,2,397,Yes,9
MRD-008699,No,64.81,42,3956.05,Plus,1,No,3.3,Yes,No,4G,1,1179,No,6
MRD-008700,No,34.96,67,2991.56,Basic,2,Yes,3.58,No,Yes,5G,0,569,No,1
MRD-008701,Yes,30.94,79,2710.39,Basic,1,No,1.77,No,No,5G,3,223,No,1
MRD-008702,No,88.38,71,9548.96,Premium,2,No,2.93,Yes,Yes,5G,2,222,No,5
MRD-008703,Yes,107.25,75,14362.36,Premium,4,No,0.82,Yes,Yes,5G,0,700,Yes,2
MRD-008704,No,112.34,73,4019.67,Premium,2,No,8.21,No,No,4G,3,1109,No,7
MRD-008705,No,29.22,10,258.37,Basic,2,No,1.04,Yes,No,5G,0,454,No,8
MRD-008706,No,32.72,72,3436.9,Basic,5,No,2.2,Yes,No,4G,1,1320,Yes,8
MRD-008707,Yes,31.3,38,568.75,Basic,4,Yes,3.25,No,No,5G,1,291,Yes,4
MRD-008708,Yes,33.69,4,53.4,Basic,1,No,4.67,Yes,No,5G,0,1213,No,6
MRD-008709,Yes,58.96,64,3956.34,Plus,2,No,2.28,Yes,No,4G,0,159,No,5
MRD-008710,No,35.28,67,4664.71,Basic,1,No,1.58,Yes,No,5G,3,668,No,4
MRD-008711,No,70.13,73,3633.46,Premium,1,No,3.93,No,Yes,5G,0,219,No,3
MRD-008712,No,67.48,94,8133.65,Plus,5,No,4.29,Yes,No,5G,3,172,Yes,4
MRD-008713,No,32.79,92,4606.53,Basic,1,No,10.85,Yes,No,4G,1,555,No,1
MRD-008714,No,57.87,19,1235.15,Plus,4,No,1.85,No,Yes,4G,1,322,Yes,1
MRD-008715,Yes,34.39,14,942.55,Basic,2,No,2.54,Yes,No,4G,5,895,No,1
MRD-008716,No,38.13,84,1697.59,Basic,3,No,7.32,Yes,Yes,5G,2,795,Yes,3
MRD-008717,No,39.44,11,581.16,Basic,2,No,2.41,Yes,Yes,5G,1,523,No,3
MRD-008718,Yes,58.86,91,8479.79,Plus,3,No,0.7,No,Yes,5G,2,603,Yes,4
MRD-008719,Yes,63.94,10,936.83,Plus,4,No,0.47,Yes,No,5G,2,654,Yes,10
MRD-008720,No,35.46,63,1218.1,Basic,2,No,3.35,Yes,No,4G,1,182,No,6
MRD-008721,No,34.84,84,4466.95,Basic,4,No,4.1,No,Yes,5G,4,1239,Yes,4
MRD-008722,Yes,32.46,19,446.92,Basic,1,Yes,2.42,Yes,No,5G,0,1414,No,4
MRD-008723,No,27.97,55,1767.2,Basic,1,No,1.08,Yes,No,5G,0,1061,No,9
MRD-008724,No,57.53,19,1258.24,Plus,1,No,2.62,Yes,No,5G,3,1194,No,1
MRD-008725,No,108.78,95,12274.97,Premium,2,No,1.64,No,No,5G,1,669,No,3
MRD-008726,No,76.48,77,3878.94,Premium,2,No,2.72,No,No,4G,2,1327,No,9
MRD-008727,No,48.88,84,2792.06,Plus,1,No,3.11,No,Yes,4G,2,1394,No,2
MRD-008728,No,59.24,29,2341.07,Plus,2,Yes,1.75,Yes,Yes,5G,2,793,No,3
MRD-008729,No,62.4,51,2513.78,Plus,3,No,2.85,No,No,4G,1,387,Yes,8
MRD-008730,Yes,102.95,1,231.35,Premium,2,No,1.77,No,No,5G,2,1310,No,8
MRD-008731,No,56.45,91,7614.14,Plus,3,No,0.32,Yes,No,5G,1,944,Yes,1
MRD-008732,No,25.98,60,3026.57,Basic,4,No,7.27,No,No,5G,2,817,Yes,5
MRD-008733,No,54.57,60,1742.06,Plus,4,No,3.82,Yes,No,5G,2,527,Yes,8
MRD-008734,No,59.09,64,2544.91,Plus,1,No,6.13,Yes,No,5G,2,1160,No,8
MRD-008735,No,33.44,9,748.43,Basic,1,No,1.62,Yes,No,4G,1,1240,No,9
MRD-008736,No,34.12,69,3769.52,Basic,1,No,6.83,No,Yes,5G,2,176,No,7
MRD-008737,No,60.24,76,6028.61,Plus,1,No,0.26,Yes,Yes,4G,0,799,No,8
MRD-008738,No,28.36,84,2403.11,Basic,2,No,0.49,Yes,Yes,4G,0,1236,No,7
MRD-008739,No,38.45,69,2652.43,Basic,1,No,1.66,Yes,No,5G,3,1142,No,7
MRD-008740,No,30.63,20,823.31,Basic,4,No,0.31,Yes,No,5G,2,587,Yes,1
MRD-008741,No,31.19,16,775.73,Basic,1,No,11.89,Yes,No,4G,0,344,No,5
MRD-008742,No,35.67,63,3847.1,Basic,5,No,1.75,No,Yes,5G,3,901,Yes,6
MRD-008743,No,66.62,87,4496.55,Plus,4,No,4.27,Yes,Yes,5G,1,26,Yes,9
MRD-008744,No,99.13,66,8436.14,Premium,1,No,5.09,Yes,No,5G,2,147,No,2
MRD-008745,Yes,41.46,58,1700.21,Basic,1,No,8.53,No,No,5G,0,631,No,2
MRD-008746,No,38.15,22,1647.89,Basic,4,No,3.25,Yes,Yes,5G,0,1232,Yes,1
MRD-008747,Yes,32.32,81,4443.44,Basic,5,Yes,2.82,No,No,5G,2,234,Yes,2
MRD-008748,No,48.98,65,6851.72,Plus,1,No,5.15,Yes,Yes,5G,3,683,No,8
MRD-008749,No,62.74,16,1437.89,Plus,1,No,0.82,Yes,No,5G,0,1455,No,6
MRD-008750,No,98.81,51,3219.82,Premium,4,Yes,2.25,No,Yes,5G,1,253,Yes,7
MRD-008751,No,55.44,51,2635.0,Plus,4,Yes,0.46,Yes,No,5G,2,4,Yes,1
MRD-008752,No,65.01,92,5387.38,Plus,1,No,9.21,Yes,No,5G,0,210,No,9
MRD-008753,No,25.27,45,1508.15,Basic,3,Yes,4.11,Yes,No,5G,4,651,Yes,5
MRD-008754,No,52.11,78,2759.39,Plus,1,No,0.9,Yes,Yes,5G,0,974,No,8
MRD-008755,No,82.24,21,2662.95,Premium,3,Yes,0.56,Yes,Yes,4G,1,1480,Yes,5
MRD-008756,No,98.84,43,3612.79,Premium,1,No,0.53,Yes,No,4G,1,1322,No,9
MRD-008757,Yes,38.03,42,705.76,Basic,2,Yes,0.61,Yes,No,4G,2,1372,No,6
MRD-008758,No,83.1,15,921.64,Premium,1,No,1.35,Yes,Yes,4G,0,1205,No,6
MRD-008759,No,105.14,25,3402.37,Premium,3,No,4.85,Yes,No,5G,0,376,Yes,4
MRD-008760,No,99.47,24,2781.3,Premium,1,No,2.98,Yes,No,5G,1,1296,No,8
MRD-008761,No,55.33,7,455.55,Plus,3,No,0.81,Yes,No,5G,1,1493,Yes,7
MRD-008762,No,90.42,46,1965.92,Premium,1,No,1.12,Yes,Yes,4G,3,593,No,4
MRD-008763,No,72.56,60,4466.06,Plus,1,No,6.02,Yes,No,4G,1,1484,No,1
MRD-008764,No,54.62,38,1387.01,Plus,3,No,1.88,Yes,No,5G,3,1035,Yes,3
MRD-008765,Yes,36.37,2,59.5,Basic,3,Yes,3.66,Yes,No,5G,2,1400,Yes,3
MRD-008766,Yes,46.89,49,5771.39,Basic,1,No,3.8,Yes,Yes,5G,2,552,No,7
MRD-008767,No,91.41,73,10641.46,Premium,1,No,1.18,No,No,5G,0,83,No,5
MRD-008768,No,95.2,29,5398.81,Premium,3,No,1.69,Yes,No,5G,2,265,Yes,7
MRD-008769,No,51.94,72,4466.8,Plus,2,No,1.89,Yes,No,4G,1,819,No,2
MRD-008770,No,67.95,81,7595.19,Plus,2,No,1.78,Yes,Yes,4G,1,1411,No,1
MRD-008771,No,35.23,27,1055.09,Basic,2,No,1.08,No,No,5G,0,429,No,8
MRD-008772,No,71.01,40,3120.8,Plus,1,Yes,0.01,Yes,Yes,5G,2,230,No,2
MRD-008773,No,54.39,84,3052.81,Plus,3,No,2.36,Yes,No,5G,4,775,Yes,5
MRD-008774,No,30.17,56,1306.8,Basic,2,No,2.35,Yes,Yes,4G,1,269,No,6
MRD-008775,No,87.53,14,870.21,Premium,1,No,1.1,No,Yes,5G,3,1300,No,5
MRD-008776,No,69.78,57,5115.32,Plus,1,No,1.16,Yes,No,5G,2,1160,No,4
MRD-008777,No,57.58,3,153.7,Plus,1,No,11.19,Yes,No,4G,1,874,No,10
MRD-008778,No,35.16,46,2215.25,Basic,1,No,5.89,Yes,No,5G,2,215,No,10
MRD-008779,No,29.07,49,2443.35,Basic,5,No,5.12,Yes,Yes,5G,0,1279,Yes,5
MRD-008780,No,69.42,80,15148.46,Plus,3,Yes,2.3,Yes,No,5G,4,1020,Yes,2
MRD-008781,No,49.4,68,2643.92,Plus,1,No,0.5,No,Yes,4G,2,976,No,6
MRD-008782,No,100.48,75,5121.95,Premium,4,No,5.19,No,Yes,5G,1,32,Yes,2
MRD-008783,No,28.82,2,144.63,Basic,3,No,1.76,Yes,No,4G,3,1241,Yes,6
MRD-008784,Yes,34.51,62,3270.57,Basic,1,No,6.41,Yes,No,5G,2,1335,No,7
MRD-008785,No,39.16,21,464.2,Basic,2,No,2.78,No,Yes,5G,1,1417,No,9
MRD-008786,No,58.51,80,4459.87,Plus,4,No,0.36,Yes,Yes,5G,3,1103,Yes,1
MRD-008787,No,96.13,10,267.35,Premium,1,No,0.34,Yes,No,5G,3,1139,No,1
MRD-008788,No,88.5,6,109.21,Premium,4,No,0.79,No,No,5G,0,1307,Yes,10
MRD-008789,No,85.31,10,702.15,Premium,1,Yes,6.32,No,Yes,5G,4,681,No,1
MRD-008790,No,32.96,78,3530.73,Basic,4,No,3.82,No,Yes,5G,0,73,Yes,9
MRD-008791,No,61.92,65,10321.59,Plus,1,Yes,2.72,No,Yes,4G,1,210,No,5
MRD-008792,No,65.93,7,302.44,Plus,4,No,2.74,Yes,No,5G,1,1280,Yes,10
MRD-008793,No,67.14,82,5388.18,Plus,4,No,0.33,Yes,Yes,4G,1,1357,Yes,8
MRD-008794,No,69.6,35,5074.81,Plus,4,No,3.39,No,No,5G,1,115,Yes,4
MRD-008795,No,29.95,47,1635.36,Basic,2,No,2.64,No,No,5G,3,128,No,5
MRD-008796,No,92.87,25,3158.82,Premium,1,No,1.79,No,Yes,4G,1,1079,No,7
MRD-008797,No,48.79,16,1122.48,Plus,2,No,4.9,Yes,Yes,5G,4,1358,No,2
MRD-008798,No,82.52,92,11970.87,Premium,2,No,7.7,No,No,4G,1,98,No,3
MRD-008799,No,35.45,54,893.74,Basic,2,Yes,2.76,No,Yes,5G,0,6,No,7
MRD-008800,No,91.98,89,15873.82,Premium,4,Yes,1.12,No,Yes,5G,3,601,Yes,9
MRD-008801,No,35.72,78,3555.49,Basic,1,Yes,4.52,No,No,5G,2,504,No,7
MRD-008802,No,44.06,39,3130.23,Plus,2,No,1.01,Yes,Yes,4G,0,1303,No,4
MRD-008803,No,59.28,32,2509.95,Plus,3,No,2.46,No,Yes,5G,2,1497,Yes,7
MRD-008804,No,56.73,10,1148.85,Plus,1,No,2.14,No,Yes,4G,0,189,No,5
MRD-008805,No,66.56,30,2782.77,Plus,3,No,1.31,Yes,Yes,4G,1,287,Yes,7
MRD-008806,Yes,30.6,27,1566.46,Basic,1,No,1.76,Yes,No,4G,1,1092,No,4
MRD-008807,No,40.09,95,4772.3,Basic,2,No,0.63,No,No,5G,1,1193,No,10
MRD-008808,No,90.58,91,4690.04,Premium,2,No,4.48,Yes,Yes,5G,0,834,No,5
MRD-008809,No,83.68,76,7222.23,Premium,1,No,4.67,Yes,Yes,4G,0,452,No,2
MRD-008810,No,59.69,60,5176.93,Plus,3,Yes,16.26,Yes,Yes,4G,1,1320,Yes,2
MRD-008811,Yes,60.41,4,314.31,Plus,4,Yes,2.47,No,No,4G,1,834,Yes,1
MRD-008812,No,68.61,9,725.76,Plus,1,No,3.72,Yes,Yes,5G,0,143,No,6
MRD-008813,No,113.89,6,798.46,Premium,1,No,2.36,No,Yes,5G,2,664,No,10
MRD-008814,No,56.65,56,3733.12,Plus,4,No,0.24,Yes,No,5G,2,48,Yes,5
MRD-008815,Yes,33.6,25,1355.47,Basic,5,No,4.7,Yes,Yes,4G,3,1393,Yes,1
MRD-008816,No,31.77,53,1327.42,Basic,4,No,4.7,Yes,Yes,5G,0,842,Yes,3
MRD-008817,Yes,102.49,47,3083.26,Premium,2,No,1.08,No,Yes,4G,2,847,No,7
MRD-008818,No,45.42,11,668.03,Plus,2,No,1.67,Yes,Yes,5G,3,1269,No,2
MRD-008819,No,30.63,43,889.06,Basic,1,No,4.42,Yes,Yes,4G,0,215,No,8
MRD-008820,No,38.76,1,55.77,Basic,1,No,1.84,Yes,Yes,4G,0,534,No,8
MRD-008821,No,92.65,18,1810.7,Premium,2,No,1.49,Yes,Yes,5G,1,788,No,3
MRD-008822,Yes,30.41,60,1826.01,Basic,2,No,5.64,No,No,4G,1,1481,No,6
MRD-008823,No,107.31,89,12593.89,Premium,1,Yes,2.63,No,No,4G,1,1102,No,10
MRD-008824,No,20.0,47,1008.28,Basic,2,No,1.97,No,No,4G,0,581,No,10
MRD-008825,Yes,34.52,2,350.71,Basic,4,No,0.74,Yes,Yes,5G,0,664,Yes,8
MRD-008826,No,98.17,27,2780.72,Premium,2,No,8.13,Yes,No,5G,0,813,No,10
MRD-008827,No,98.88,71,3985.06,Premium,1,Yes,0.48,Yes,Yes,5G,3,123,No,1
MRD-008828,No,41.95,57,3589.41,Basic,4,No,2.57,Yes,Yes,5G,3,460,Yes,4
MRD-008829,No,35.04,91,3032.34,Basic,1,No,1.9,Yes,Yes,4G,1,771,No,10
MRD-008830,No,56.49,62,2850.25,Plus,1,Yes,2.05,Yes,No,5G,4,849,No,9
MRD-008831,No,84.35,29,2195.14,Premium,2,No,0.21,Yes,No,4G,1,958,No,1
MRD-008832,No,104.55,54,4255.33,Premium,2,Yes,5.23,Yes,No,5G,1,1185,No,2
MRD-008833,No,34.18,70,2715.62,Basic,2,No,1.49,Yes,Yes,5G,1,533,No,2
MRD-008834,Yes,38.96,45,2129.18,Basic,4,No,4.09,Yes,No,5G,2,518,Yes,6
MRD-008835,No,33.94,96,3343.82,Basic,2,No,0.91,Yes,No,5G,2,1007,No,1
MRD-008836,No,63.07,7,622.15,Plus,2,No,0.91,Yes,Yes,5G,0,1231,No,2
MRD-008837,Yes,35.29,77,1392.99,Basic,1,No,1.61,Yes,Yes,5G,0,88,No,4
MRD-008838,No,78.86,35,2033.57,Premium,1,Yes,3.71,No,No,4G,0,403,No,9
MRD-008839,Yes,25.66,93,2698.43,Basic,1,No,4.19,No,No,4G,2,1073,No,4
MRD-008840,No,43.62,38,1691.62,Plus,1,No,3.5,No,No,5G,2,1287,No,4
MRD-008841,Yes,37.76,5,369.05,Basic,2,Yes,0.61,Yes,No,5G,2,1319,No,2
MRD-008842,No,100.44,15,842.75,Premium,1,No,10.65,Yes,No,4G,1,742,No,10
MRD-008843,No,55.77,69,6872.25,Plus,5,No,5.09,Yes,Yes,5G,2,638,Yes,3
MRD-008844,No,79.66,23,1264.43,Premium,1,No,1.83,Yes,No,4G,3,987,No,4
MRD-008845,Yes,106.57,85,7733.94,Premium,3,No,8.43,Yes,No,4G,2,1036,Yes,8
MRD-008846,No,41.85,41,2189.93,Basic,1,No,6.33,Yes,Yes,5G,1,114,No,3
MRD-008847,Yes,66.75,34,1778.07,Plus,4,No,1.4,No,Yes,5G,1,1188,Yes,4
MRD-008848,No,105.26,71,10625.51,Premium,1,No,17.33,No,Yes,5G,3,549,No,1
MRD-008849,No,24.19,71,2112.18,Basic,1,Yes,2.6,Yes,No,5G,0,999,No,3
MRD-008850,Yes,62.38,19,986.78,Plus,3,Yes,4.17,No,No,4G,4,671,Yes,1
MRD-008851,Yes,61.62,36,5940.55,Plus,1,No,1.21,No,Yes,5G,0,567,No,3
MRD-008852,No,36.0,53,1739.58,Basic,2,No,2.8,No,No,5G,1,976,No,2
MRD-008853,No,55.64,56,2656.12,Plus,3,No,2.12,Yes,No,5G,1,599,Yes,6
MRD-008854,No,105.31,71,6412.08,Premium,2,No,1.9,Yes,No,5G,1,1380,No,1
MRD-008855,No,92.02,42,1239.98,Premium,3,Yes,2.19,No,Yes,5G,2,1049,Yes,9
MRD-008856,Yes,61.21,79,3849.13,Plus,2,No,0.91,Yes,No,5G,3,13,No,9
MRD-008857,No,60.95,16,939.64,Plus,3,No,1.68,No,No,4G,2,1265,Yes,9
MRD-008858,No,25.47,71,1192.81,Basic,2,Yes,5.54,Yes,No,5G,1,1240,No,9
MRD-008859,Yes,28.37,50,1397.89,Basic,1,No,4.83,Yes,No,5G,2,1246,No,8
MRD-008860,No,50.35,90,3793.93,Plus,1,No,2.19,Yes,Yes,4G,2,489,No,4
MRD-008861,No,54.62,91,6073.39,Plus,1,No,2.26,No,No,5G,1,728,No,8
MRD-008862,No,65.87,15,2029.97,Plus,1,No,5.17,No,No,5G,4,1314,No,7
MRD-008863,No,76.33,96,7206.76,Premium,4,No,0.96,Yes,No,5G,2,985,Yes,9
MRD-008864,No,35.27,7,501.56,Basic,5,Yes,1.34,Yes,No,4G,3,1158,Yes,6
MRD-008865,No,38.11,24,804.72,Basic,4,No,5.0,Yes,No,4G,1,1397,Yes,1
MRD-008866,No,80.57,78,4403.8,Premium,2,No,5.28,Yes,Yes,5G,0,690,No,2
MRD-008867,Yes,28.64,11,357.0,Basic,2,No,5.52,Yes,No,5G,1,1115,No,5
MRD-008868,Yes,35.22,69,3488.95,Basic,3,No,0.99,Yes,Yes,5G,0,477,Yes,9
MRD-008869,No,64.89,54,5292.63,Plus,2,Yes,6.02,Yes,No,5G,2,720,No,1
MRD-008870,Yes,33.3,17,320.75,Basic,2,Yes,0.16,Yes,No,5G,1,1164,No,7
MRD-008871,No,66.55,79,7197.12,Plus,3,No,2.85,No,Yes,4G,1,979,Yes,10
MRD-008872,No,37.46,53,2378.41,Basic,2,Yes,3.48,Yes,Yes,5G,0,210,No,8
MRD-008873,No,99.22,71,7102.83,Premium,2,No,1.09,No,No,4G,2,113,No,3
MRD-008874,No,75.16,62,7266.59,Plus,1,No,0.44,No,No,5G,6,1484,No,4
MRD-008875,No,31.94,66,2379.91,Basic,3,Yes,1.76,Yes,Yes,5G,1,374,Yes,6
MRD-008876,No,116.43,7,735.6,Premium,2,Yes,19.79,No,No,4G,2,457,No,2
MRD-008877,Yes,37.2,76,5346.01,Basic,2,No,1.07,No,Yes,5G,5,1019,No,2
MRD-008878,Yes,86.0,19,2211.13,Premium,2,Yes,1.62,Yes,No,4G,2,870,No,7
MRD-008879,No,29.38,70,1521.75,Basic,5,No,5.08,Yes,Yes,4G,1,1429,Yes,8
MRD-008880,Yes,30.23,29,733.13,Basic,5,No,1.04,Yes,Yes,4G,2,888,Yes,6
MRD-008881,No,58.54,86,5509.38,Plus,1,No,7.98,Yes,No,5G,2,1228,No,4
MRD-008882,No,50.32,61,4363.29,Plus,2,Yes,1.75,Yes,No,4G,0,478,No,6
MRD-008883,No,61.19,82,8220.49,Plus,2,No,2.46,Yes,Yes,5G,2,673,No,7
MRD-008884,No,43.66,17,616.54,Basic,4,No,7.93,No,No,5G,0,447,Yes,3
MRD-008885,No,98.1,12,1035.7,Premium,5,Yes,6.41,No,No,4G,2,990,Yes,2
MRD-008886,No,53.8,91,5726.65,Plus,5,No,1.51,Yes,No,4G,1,238,Yes,8
MRD-008887,Yes,37.68,62,3609.62,Basic,1,Yes,1.99,No,Yes,5G,2,183,No,3
MRD-008888,No,48.79,59,3735.54,Plus,4,No,2.18,No,No,5G,3,13,Yes,4
MRD-008889,No,42.0,41,2659.33,Plus,4,No,6.64,Yes,Yes,4G,0,46,Yes,2
MRD-008890,Yes,31.59,80,3188.47,Basic,2,No,4.06,Yes,Yes,5G,2,41,No,4
MRD-008891,No,65.21,19,1749.23,Plus,2,No,3.62,Yes,No,4G,1,992,No,4
MRD-008892,No,38.61,78,1953.8,Basic,2,No,1.24,No,No,4G,1,992,No,10
MRD-008893,No,66.67,38,2978.26,Plus,1,No,0.51,No,No,5G,2,1240,No,9
MRD-008894,No,70.35,3,368.91,Premium,2,No,0.6,Yes,Yes,4G,2,504,No,6
MRD-008895,No,40.64,88,2470.03,Basic,1,No,2.84,Yes,Yes,5G,1,140,No,8
MRD-008896,No,59.52,24,2707.44,Plus,2,No,5.36,No,Yes,5G,0,645,No,10
MRD-008897,No,36.37,68,3211.59,Basic,2,No,2.96,Yes,No,4G,1,43,No,5
MRD-008898,No,55.78,60,2714.24,Plus,2,No,3.24,Yes,Yes,5G,2,1006,No,2
MRD-008899,No,32.19,96,2920.26,Basic,1,No,0.09,Yes,Yes,5G,3,946,No,4
MRD-008900,Yes,56.09,70,3588.74,Plus,2,Yes,3.34,Yes,No,5G,3,309,No,9
MRD-008901,No,88.38,2,161.32,Premium,3,Yes,2.06,Yes,No,5G,1,875,Yes,7
MRD-008902,No,60.67,80,2903.9,Plus,1,No,3.95,No,No,5G,3,673,No,10
MRD-008903,No,111.44,50,6098.46,Premium,4,No,3.78,No,No,5G,1,155,Yes,6
MRD-008904,No,51.06,71,4376.64,Plus,3,No,3.81,Yes,No,5G,1,586,Yes,10
MRD-008905,Yes,39.9,70,1797.04,Basic,3,No,10.71,No,No,5G,2,1293,Yes,3
MRD-008906,Yes,57.49,81,4432.46,Plus,1,No,3.78,No,No,5G,1,1040,No,1
MRD-008907,No,41.86,35,2098.22,Basic,1,No,2.06,No,Yes,5G,3,466,No,6
MRD-008908,No,35.36,90,4234.64,Basic,1,Yes,1.75,Yes,Yes,5G,0,1226,No,7
MRD-008909,No,39.83,22,1033.85,Basic,2,No,6.74,Yes,Yes,5G,0,943,No,2
MRD-008910,No,64.77,17,1341.44,Plus,1,No,4.24,No,Yes,5G,1,908,No,5
MRD-008911,No,58.57,56,2981.57,Plus,3,No,5.36,Yes,No,5G,2,771,Yes,8
MRD-008912,No,39.84,64,4456.72,Basic,3,Yes,2.55,No,No,4G,3,234,Yes,10
MRD-008913,Yes,27.18,16,248.21,Basic,1,Yes,0.7,No,No,4G,2,914,No,9
MRD-008914,No,41.43,41,2368.45,Basic,2,No,1.67,No,No,4G,1,246,No,4
MRD-008915,No,60.17,61,2540.09,Plus,2,No,1.41,No,Yes,5G,2,332,No,5
MRD-008916,No,32.3,37,1355.37,Basic,4,No,0.39,Yes,No,5G,1,380,Yes,4
MRD-008917,No,51.2,66,4909.01,Plus,2,No,2.53,Yes,No,4G,1,984,No,8
MRD-008918,No,96.28,44,2618.56,Premium,4,No,2.28,No,Yes,5G,1,957,Yes,9
MRD-008919,No,62.66,56,3711.33,Plus,2,No,6.41,Yes,No,5G,1,34,No,6
MRD-008920,Yes,35.93,38,2170.02,Basic,2,No,6.05,Yes,No,5G,1,1144,No,1
MRD-008921,No,32.15,94,4502.1,Basic,1,No,4.22,No,No,4G,0,657,No,7
MRD-008922,Yes,26.99,67,867.91,Basic,1,No,2.17,No,No,5G,1,479,No,7
MRD-008923,No,95.99,0,143.72,Premium,1,No,1.24,Yes,Yes,5G,4,1094,No,6
MRD-008924,No,51.76,91,3159.78,Plus,2,No,8.18,Yes,Yes,5G,1,826,No,3
MRD-008925,No,100.42,82,6872.3,Premium,1,No,2.61,No,No,5G,1,767,No,3
MRD-008926,Yes,38.61,64,2166.02,Basic,2,No,7.29,Yes,No,5G,0,1457,No,4
MRD-008927,Yes,33.18,53,1393.77,Basic,3,No,4.07,Yes,No,5G,0,746,Yes,6
MRD-008928,No,102.47,57,5524.69,Premium,2,No,0.32,Yes,Yes,5G,3,685,No,8
MRD-008929,No,56.15,24,665.59,Plus,2,Yes,6.8,No,No,5G,1,1143,No,3
MRD-008930,No,25.44,32,747.49,Basic,3,No,2.98,No,Yes,5G,3,801,Yes,5
MRD-008931,Yes,39.14,19,812.88,Basic,2,No,0.71,Yes,Yes,5G,3,936,No,7
MRD-008932,No,65.24,41,1644.52,Plus,1,No,4.88,Yes,No,5G,1,1254,No,8
MRD-008933,No,37.98,15,726.47,Basic,4,No,3.2,Yes,Yes,4G,0,111,Yes,2
MRD-008934,Yes,36.43,48,2118.02,Basic,1,No,2.85,No,No,5G,1,1485,No,3
MRD-008935,No,34.85,54,4131.22,Basic,1,Yes,0.98,Yes,Yes,4G,3,1117,No,7
MRD-008936,No,33.0,40,1645.21,Basic,1,No,2.56,Yes,Yes,5G,0,509,No,10
MRD-008937,No,105.2,5,278.45,Premium,1,Yes,2.1,No,No,5G,0,538,No,9
MRD-008938,No,32.12,47,2297.49,Basic,4,No,8.86,No,Yes,4G,2,679,Yes,4
MRD-008939,Yes,57.56,40,1654.92,Plus,4,Yes,0.32,No,Yes,4G,2,1468,Yes,7
MRD-008940,No,35.81,49,1973.42,Basic,3,No,10.59,No,Yes,5G,0,278,Yes,9
MRD-008941,No,40.16,61,1562.08,Basic,3,Yes,4.34,No,No,4G,0,911,Yes,10
MRD-008942,No,100.48,3,366.45,Premium,1,No,1.14,Yes,No,4G,0,167,No,10
MRD-008943,No,112.08,60,3953.75,Premium,2,No,1.63,No,Yes,5G,0,350,No,2
MRD-008944,No,27.14,63,5786.07,Basic,2,No,2.05,No,Yes,5G,1,95,No,9
MRD-008945,Yes,61.36,55,5191.59,Plus,4,No,0.34,Yes,Yes,4G,2,993,Yes,2
MRD-008946,No,30.11,81,1366.47,Basic,2,No,2.14,No,Yes,5G,3,548,No,10
MRD-008947,No,60.51,80,5669.84,Plus,1,Yes,2.76,Yes,No,5G,2,541,No,2
MRD-008948,No,58.08,35,1711.87,Plus,4,No,8.48,Yes,No,5G,4,67,Yes,9
MRD-008949,Yes,34.06,55,2754.15,Basic,5,No,2.41,Yes,No,5G,2,978,Yes,6
MRD-008950,No,54.11,9,519.94,Plus,3,No,0.97,No,No,5G,3,603,Yes,10
MRD-008951,No,33.25,29,668.48,Basic,2,No,8.81,No,No,5G,2,87,No,6
MRD-008952,No,54.82,95,5193.12,Plus,2,No,1.63,Yes,No,5G,1,907,No,8
MRD-008953,No,91.41,6,626.02,Premium,4,Yes,1.04,No,Yes,5G,2,328,Yes,5
MRD-008954,No,91.86,11,1362.36,Premium,2,No,1.95,Yes,No,4G,0,766,No,4
MRD-008955,No,51.24,49,4230.86,Plus,2,No,4.09,Yes,Yes,4G,2,821,No,10
MRD-008956,No,68.29,53,5751.87,Plus,1,No,7.28,Yes,Yes,5G,1,763,No,8
MRD-008957,Yes,32.96,28,1641.33,Basic,1,No,6.51,No,No,5G,1,429,No,9
MRD-008958,No,59.49,22,1636.28,Plus,2,No,4.95,Yes,Yes,5G,1,77,No,9
MRD-008959,No,65.51,57,7728.2,Plus,1,No,5.88,Yes,No,5G,3,570,No,3
MRD-008960,No,35.39,50,1273.9,Basic,2,No,3.12,Yes,Yes,5G,2,808,No,3
MRD-008961,No,96.58,7,944.47,Premium,2,No,2.01,No,Yes,5G,2,811,No,8
MRD-008962,Yes,52.87,47,1446.07,Plus,1,Yes,1.19,No,No,5G,1,922,No,1
MRD-008963,Yes,42.88,39,1867.42,Basic,1,No,2.59,No,No,5G,0,1228,No,3
MRD-008964,No,74.4,63,4553.69,Plus,4,Yes,4.69,No,Yes,5G,0,1020,Yes,7
MRD-008965,No,60.55,25,1574.38,Plus,5,Yes,1.23,No,No,4G,3,244,Yes,10
MRD-008966,No,65.66,11,394.83,Plus,4,No,1.89,Yes,No,4G,1,809,Yes,1
MRD-008967,No,117.65,19,4202.99,Premium,1,No,2.61,Yes,Yes,5G,1,1424,No,1
MRD-008968,No,63.51,41,5366.92,Plus,1,No,7.05,Yes,No,5G,2,1037,No,7
MRD-008969,Yes,59.45,27,1486.68,Plus,2,Yes,2.37,Yes,No,5G,1,693,No,1
MRD-008970,No,62.19,24,2773.36,Plus,1,No,0.95,Yes,No,5G,0,746,No,7
MRD-008971,No,41.0,8,126.74,Basic,3,No,2.83,No,No,5G,1,1385,Yes,3
MRD-008972,No,49.65,46,3202.66,Plus,4,No,0.37,Yes,No,4G,3,816,Yes,10
MRD-008973,No,89.73,60,6687.2,Premium,1,Yes,5.61,Yes,No,4G,1,1430,No,10
MRD-008974,Yes,23.44,10,399.77,Basic,2,No,1.38,Yes,No,5G,0,57,No,6
MRD-008975,No,32.95,23,1301.14,Basic,3,No,5.37,Yes,Yes,5G,0,138,Yes,2
MRD-008976,Yes,37.57,12,589.22,Basic,2,Yes,1.96,Yes,No,5G,1,1358,No,1
MRD-008977,No,32.89,14,330.46,Basic,1,No,0.35,No,No,5G,1,117,No,3
MRD-008978,Yes,39.52,44,3675.36,Basic,1,No,0.69,No,No,4G,0,114,No,4
MRD-008979,No,31.42,38,1991.19,Basic,2,No,1.34,Yes,Yes,5G,2,206,No,10
MRD-008980,Yes,36.58,44,1215.97,Basic,1,No,0.49,Yes,No,5G,3,268,No,2
MRD-008981,No,95.36,76,8487.47,Premium,2,Yes,1.93,No,No,5G,1,347,No,5
MRD-008982,Yes,50.11,17,991.47,Plus,1,No,5.89,No,Yes,5G,2,1276,No,1
MRD-008983,No,61.29,83,3473.41,Plus,2,Yes,9.75,Yes,Yes,5G,3,1246,No,7
MRD-008984,No,83.5,23,1771.12,Premium,1,Yes,2.59,Yes,No,5G,2,790,No,8
MRD-008985,No,39.47,42,1259.6,Basic,3,Yes,2.19,No,No,5G,2,985,Yes,2
MRD-008986,No,55.6,59,3168.19,Plus,2,No,3.46,Yes,Yes,5G,2,867,No,7
MRD-008987,Yes,62.17,29,2162.32,Plus,1,No,1.81,No,Yes,4G,1,802,No,6
MRD-008988,No,95.1,42,4040.6,Premium,5,No,2.43,Yes,Yes,5G,2,196,Yes,5
MRD-008989,No,36.22,18,609.89,Basic,1,No,2.52,Yes,Yes,4G,3,225,No,9
MRD-008990,No,62.41,54,4794.68,Plus,1,No,9.04,Yes,Yes,5G,1,466,No,10
MRD-008991,No,39.71,66,3428.89,Basic,1,No,3.39,No,Yes,4G,2,943,No,10
MRD-008992,No,99.3,49,4471.83,Premium,2,No,2.09,Yes,No,5G,3,1047,No,3
MRD-008993,No,38.43,19,1191.67,Basic,2,Yes,0.05,Yes,No,4G,0,1381,No,2
MRD-008994,Yes,24.15,4,0.0,Basic,1,No,3.06,No,No,5G,1,261,No,4
MRD-008995,No,61.48,19,2918.21,Plus,2,No,3.44,Yes,No,5G,0,502,No,10
MRD-008996,No,83.37,34,2985.49,Premium,4,Yes,2.46,No,Yes,5G,2,88,Yes,9
MRD-008997,No,114.63,38,2782.16,Premium,3,No,2.79,Yes,No,5G,1,276,Yes,5
MRD-008998,No,51.87,94,4460.71,Plus,3,No,1.1,Yes,Yes,4G,2,1053,Yes,7
MRD-008999,No,111.39,84,6793.83,Premium,1,No,6.91,No,No,4G,1,1431,No,3
MRD-009000,No,89.88,31,3422.2,Premium,1,No,2.27,No,No,5G,4,469,No,3
MRD-009001,Yes,36.52,92,3758.33,Basic,1,No,3.23,Yes,No,5G,4,690,No,2
MRD-009002,No,98.98,55,3106.49,Premium,1,No,6.38,No,No,5G,1,976,No,1
MRD-009003,No,84.6,22,2262.78,Premium,4,No,1.95,Yes,No,5G,0,944,Yes,5
MRD-009004,No,63.19,71,12484.29,Plus,2,No,9.24,Yes,Yes,5G,3,1185,No,1
MRD-009005,No,37.27,5,362.25,Basic,4,Yes,0.71,Yes,Yes,5G,0,485,Yes,9
MRD-009006,No,63.47,85,6445.12,Plus,5,No,1.62,Yes,No,4G,1,945,Yes,7
MRD-009007,No,59.1,9,998.93,Plus,2,No,1.83,Yes,Yes,5G,1,116,No,8
MRD-009008,Yes,73.1,51,5094.6,Plus,3,No,15.55,Yes,Yes,4G,4,1174,Yes,5
MRD-009009,No,102.41,51,6998.77,Premium,4,Yes,0.59,Yes,No,5G,1,832,Yes,8
MRD-009010,No,106.23,33,2940.94,Premium,1,No,1.99,Yes,No,5G,3,394,No,1
MRD-009011,No,34.21,57,854.48,Basic,2,No,1.32,No,No,5G,1,1341,No,10
MRD-009012,Yes,112.29,42,4676.97,Premium,1,No,2.93,No,Yes,5G,5,1142,No,10
MRD-009013,No,106.9,0,366.22,Premium,1,No,1.61,Yes,Yes,5G,2,164,No,10
MRD-009014,No,52.66,69,3478.67,Plus,1,No,0.48,Yes,No,5G,3,858,No,6
MRD-009015,No,103.81,22,5441.42,Premium,1,Yes,3.68,Yes,No,5G,1,685,No,8
MRD-009016,No,60.6,81,6686.81,Plus,3,No,1.05,Yes,No,4G,1,1181,Yes,4
MRD-009017,No,61.98,25,2063.32,Plus,3,No,4.18,Yes,No,5G,1,1458,Yes,5
MRD-009018,No,57.45,88,6707.68,Plus,1,No,10.06,Yes,Yes,4G,1,1387,No,9
MRD-009019,No,54.38,36,2994.08,Plus,4,No,1.0,No,Yes,4G,3,293,Yes,1
MRD-009020,Yes,25.24,11,777.91,Basic,1,Yes,5.67,Yes,Yes,5G,2,1416,No,9
MRD-009021,No,88.61,84,4150.98,Premium,4,No,5.54,Yes,Yes,5G,1,383,Yes,5
MRD-009022,No,108.78,89,10498.0,Premium,1,No,2.81,Yes,Yes,5G,1,111,No,2
MRD-009023,Yes,40.5,53,3496.6,Basic,1,No,1.14,No,No,4G,0,129,No,2
MRD-009024,No,55.19,10,677.42,Plus,4,No,6.9,Yes,Yes,5G,2,1442,Yes,4
MRD-009025,Yes,32.67,19,741.38,Basic,2,No,3.12,No,No,4G,0,1376,No,7
MRD-009026,No,57.08,52,2175.46,Plus,2,Yes,6.6,No,No,5G,0,1246,No,7
MRD-009027,No,56.33,41,2824.11,Plus,4,No,0.22,No,Yes,4G,0,860,Yes,3
MRD-009028,No,59.02,51,2634.34,Plus,2,No,1.69,No,No,5G,2,248,No,4
MRD-009029,No,41.75,14,477.72,Basic,4,No,1.93,No,No,4G,1,1349,Yes,6
MRD-009030,No,83.79,25,2952.98,Premium,5,Yes,0.86,Yes,No,4G,3,733,Yes,8
MRD-009031,No,34.36,3,267.69,Basic,3,No,4.01,Yes,Yes,5G,0,72,Yes,9
MRD-009032,No,36.42,63,2443.98,Basic,2,No,7.37,Yes,No,5G,0,1009,No,7
MRD-009033,No,32.63,55,2920.44,Basic,2,No,0.39,Yes,Yes,5G,3,2,No,7
MRD-009034,No,89.45,52,3566.42,Premium,2,No,1.93,Yes,Yes,5G,1,1402,No,7
MRD-009035,Yes,61.74,7,624.1,Plus,1,No,6.04,No,Yes,5G,1,1422,No,3
MRD-009036,No,75.86,85,6916.84,Plus,2,No,7.09,No,Yes,4G,3,1343,No,4
MRD-009037,No,60.52,82,7076.29,Plus,3,No,2.8,No,No,5G,2,1348,Yes,1
MRD-009038,No,55.8,30,1223.47,Plus,3,No,3.99,Yes,No,4G,1,1031,Yes,6
MRD-009039,No,112.21,88,14610.99,Premium,1,No,4.11,No,Yes,5G,2,924,No,6
MRD-009040,No,22.98,1,151.32,Basic,1,No,1.52,Yes,No,4G,0,1188,No,8
MRD-009041,No,61.0,89,5738.86,Plus,1,No,4.09,No,No,5G,0,263,No,5
MRD-009042,No,73.2,28,4757.1,Plus,1,No,1.07,Yes,Yes,5G,1,626,No,10
MRD-009043,Yes,65.56,36,2152.59,Plus,4,No,4.66,No,Yes,4G,3,1153,Yes,4
MRD-009044,No,104.15,19,2136.67,Premium,2,No,4.4,Yes,Yes,4G,0,329,No,10
MRD-009045,No,94.93,53,7614.03,Premium,1,No,2.45,Yes,No,4G,4,102,No,9
MRD-009046,No,110.96,16,1428.57,Premium,1,No,2.3,No,Yes,5G,0,196,No,5
MRD-009047,No,31.15,47,1449.67,Basic,3,No,3.89,Yes,No,5G,0,1399,Yes,4
MRD-009048,No,43.85,35,3351.05,Basic,5,No,2.49,Yes,No,5G,1,1092,Yes,3
MRD-009049,No,23.36,37,1116.73,Basic,2,Yes,2.03,Yes,No,5G,0,1465,No,7
MRD-009050,No,36.05,22,1034.46,Basic,4,No,2.13,No,Yes,4G,1,1311,Yes,4
MRD-009051,Yes,68.43,76,4055.8,Plus,1,Yes,3.51,Yes,Yes,4G,1,1464,No,7
MRD-009052,No,56.72,48,2634.92,Plus,4,No,0.08,Yes,No,4G,5,1195,Yes,1
MRD-009053,Yes,101.13,14,1587.35,Premium,4,No,5.16,Yes,No,5G,1,32,Yes,4
MRD-009054,No,56.05,72,4118.6,Plus,3,No,1.94,No,No,5G,1,1400,Yes,4
MRD-009055,No,32.0,82,7378.95,Basic,2,Yes,3.27,No,No,5G,1,118,No,1
MRD-009056,No,57.58,68,4276.52,Plus,4,Yes,0.81,Yes,Yes,5G,2,125,Yes,5
MRD-009057,Yes,35.29,47,2812.74,Basic,4,Yes,1.57,No,No,5G,2,1201,Yes,8
MRD-009058,No,71.71,56,2021.44,Plus,3,No,0.18,Yes,Yes,4G,3,1486,Yes,8
MRD-009059,Yes,111.18,44,4899.47,Premium,1,No,2.58,No,No,5G,2,862,No,7
MRD-009060,Yes,59.15,0,0.0,Plus,1,Yes,5.87,No,No,4G,3,27,No,1
MRD-009061,No,83.35,71,4887.57,Premium,5,No,3.02,No,Yes,5G,3,1158,Yes,3
MRD-009062,No,97.91,60,7999.36,Premium,1,Yes,19.73,Yes,Yes,4G,2,914,No,4
MRD-009063,No,35.82,90,2010.76,Basic,2,No,6.61,No,No,4G,0,533,No,6
MRD-009064,No,71.68,70,3414.4,Plus,2,No,1.46,Yes,No,4G,1,807,No,9
MRD-009065,No,57.03,14,895.26,Plus,4,No,2.65,No,No,5G,3,1291,Yes,8
MRD-009066,Yes,80.76,41,2573.23,Premium,3,Yes,2.94,Yes,No,5G,3,494,Yes,3
MRD-009067,No,97.52,36,2434.11,Premium,2,No,2.16,Yes,Yes,5G,5,107,No,6
MRD-009068,Yes,31.89,65,3403.34,Basic,3,No,15.1,Yes,Yes,4G,0,930,Yes,6
MRD-009069,No,66.83,22,871.46,Plus,2,No,2.59,Yes,Yes,5G,3,1084,No,7
MRD-009070,No,53.17,18,1261.72,Plus,2,No,2.01,No,Yes,5G,2,543,No,6
MRD-009071,No,101.23,71,5875.01,Premium,1,No,0.55,No,Yes,5G,1,1236,No,2
MRD-009072,No,65.46,39,2506.58,Plus,2,No,1.38,No,No,4G,2,738,No,4
MRD-009073,No,102.49,55,4830.45,Premium,1,No,10.11,Yes,No,5G,0,1280,No,3
MRD-009074,No,51.1,15,1336.46,Plus,1,No,0.2,No,No,4G,2,689,No,5
MRD-009075,No,112.46,38,3564.14,Premium,2,No,5.09,Yes,Yes,5G,0,468,No,10
MRD-009076,No,38.8,60,2708.91,Basic,4,No,1.86,Yes,Yes,5G,2,1070,Yes,9
MRD-009077,No,63.16,1,113.93,Plus,2,Yes,3.78,No,Yes,5G,1,958,No,4
MRD-009078,Yes,34.01,45,2231.02,Basic,1,No,1.57,No,No,5G,1,1076,No,2
MRD-009079,No,26.45,10,765.25,Basic,1,No,5.7,Yes,No,5G,3,958,No,3
MRD-009080,No,30.85,91,3202.41,Basic,1,No,11.6,Yes,No,4G,3,291,No,5
MRD-009081,No,65.37,62,4286.68,Plus,4,No,0.46,Yes,No,5G,0,849,Yes,9
MRD-009082,No,35.71,83,3019.14,Basic,2,No,6.36,Yes,Yes,4G,0,267,No,10
MRD-009083,No,29.34,83,3521.74,Basic,3,No,1.86,No,Yes,4G,2,87,Yes,10
MRD-009084,No,65.94,49,3082.18,Premium,2,No,3.1,No,No,5G,3,704,No,5
MRD-009085,Yes,34.95,53,1623.03,Basic,2,No,0.65,Yes,Yes,5G,0,362,No,5
MRD-009086,No,70.16,4,495.56,Plus,5,Yes,1.42,No,Yes,4G,1,571,Yes,7
MRD-009087,No,53.1,65,2647.05,Plus,3,No,1.12,No,No,4G,0,515,Yes,8
MRD-009088,Yes,29.27,5,230.49,Basic,5,Yes,4.26,Yes,No,4G,1,954,Yes,2
MRD-009089,No,100.01,7,427.39,Premium,2,No,2.06,Yes,Yes,5G,2,118,No,3
MRD-009090,No,74.56,78,9706.94,Premium,5,No,4.21,Yes,No,5G,1,935,Yes,8
MRD-009091,Yes,29.94,34,824.09,Basic,3,No,0.75,No,No,5G,2,701,Yes,3
MRD-009092,No,63.65,84,4061.23,Plus,1,No,9.25,Yes,No,5G,2,1059,No,10
MRD-009093,No,71.51,80,6131.93,Plus,1,No,2.62,Yes,No,4G,1,284,No,5
MRD-009094,No,65.51,93,9860.56,Plus,1,No,11.91,Yes,No,4G,2,1247,No,9
MRD-009095,No,35.45,74,4320.14,Basic,4,No,2.66,Yes,Yes,5G,3,692,Yes,1
MRD-009096,No,65.54,54,5923.55,Plus,1,Yes,0.89,Yes,No,5G,2,1110,No,8
MRD-009097,No,54.69,88,5692.52,Plus,2,No,0.64,No,No,5G,5,482,No,1
MRD-009098,No,64.21,3,217.64,Plus,1,No,4.08,Yes,No,5G,1,430,No,6
MRD-009099,No,81.54,43,2218.8,Plus,2,No,4.33,Yes,Yes,4G,1,318,No,6
MRD-009100,No,45.33,56,1869.98,Plus,1,No,10.5,Yes,Yes,5G,1,1339,No,1
MRD-009101,No,48.23,49,3352.64,Plus,3,No,4.95,No,No,5G,3,1235,Yes,5
MRD-009102,No,35.57,68,7350.37,Basic,4,No,2.9,Yes,No,4G,1,888,Yes,5
MRD-009103,Yes,37.65,63,1263.74,Basic,4,No,12.8,Yes,Yes,5G,7,1040,Yes,5
MRD-009104,No,57.15,41,3395.58,Plus,1,No,1.12,Yes,No,5G,2,595,No,7
MRD-009105,Yes,35.32,84,10689.44,Basic,1,No,0.72,Yes,Yes,4G,3,640,No,5
MRD-009106,Yes,34.12,72,1137.17,Basic,1,No,0.97,No,No,4G,3,1380,No,10
MRD-009107,Yes,39.76,7,1.54,Basic,2,Yes,3.71,No,No,5G,5,756,No,8
MRD-009108,No,30.28,64,1634.87,Basic,1,Yes,6.38,No,Yes,5G,4,1450,No,8
MRD-009109,Yes,35.92,82,3426.17,Basic,3,No,9.7,Yes,No,5G,1,523,Yes,10
MRD-009110,No,104.87,68,7398.12,Premium,1,No,4.08,No,Yes,5G,1,226,No,9
MRD-009111,No,28.58,94,2414.98,Basic,2,Yes,6.77,No,No,4G,3,524,No,5
MRD-009112,No,91.1,60,7993.29,Premium,5,No,4.57,No,No,5G,2,165,Yes,3
MRD-009113,Yes,34.06,61,988.77,Basic,2,No,7.66,Yes,No,4G,0,608,No,1
MRD-009114,No,52.57,8,455.03,Plus,4,No,6.52,No,No,5G,3,606,Yes,5
MRD-009115,No,60.26,91,7354.3,Plus,2,No,9.01,Yes,Yes,5G,3,481,No,7
MRD-009116,No,91.07,2,446.36,Premium,2,No,10.53,Yes,Yes,5G,1,1120,No,6
MRD-009117,Yes,34.2,4,820.33,Basic,3,No,14.34,Yes,Yes,5G,1,584,Yes,3
MRD-009118,No,82.11,47,4229.39,Premium,4,Yes,7.01,Yes,Yes,4G,1,1364,Yes,9
MRD-009119,No,33.26,88,1578.58,Basic,2,No,5.41,No,Yes,5G,2,696,No,10
MRD-009120,No,97.9,64,10400.48,Premium,1,Yes,3.28,Yes,Yes,4G,0,415,No,5
MRD-009121,No,61.8,7,722.04,Plus,2,No,11.36,Yes,Yes,4G,2,1126,No,5
MRD-009122,No,62.58,57,3809.89,Plus,2,No,2.56,Yes,Yes,5G,4,259,No,1
MRD-009123,No,31.01,32,1243.17,Basic,2,No,5.87,Yes,No,5G,3,1425,No,3
MRD-009124,No,57.67,31,1666.15,Plus,1,No,1.86,Yes,No,5G,3,706,No,6
MRD-009125,No,85.81,56,5670.32,Premium,5,No,3.71,Yes,No,4G,3,928,Yes,3
MRD-009126,No,101.17,77,4886.21,Premium,2,No,7.71,Yes,Yes,5G,2,1211,No,10
MRD-009127,Yes,26.22,16,722.35,Basic,3,No,0.71,Yes,No,5G,0,856,Yes,4
MRD-009128,Yes,41.68,0,120.61,Basic,2,No,0.94,No,No,5G,1,105,No,4
MRD-009129,No,32.96,44,1969.98,Basic,1,No,8.94,Yes,Yes,5G,3,1491,No,3
MRD-009130,No,29.5,29,1280.58,Basic,1,No,6.41,Yes,No,4G,1,892,No,7
MRD-009131,Yes,29.97,32,1465.19,Basic,4,Yes,2.67,Yes,Yes,4G,1,625,Yes,9
MRD-009132,No,48.79,61,3565.66,Plus,1,Yes,0.88,Yes,Yes,4G,2,983,No,2
MRD-009133,No,37.88,72,3252.38,Basic,3,No,2.74,Yes,Yes,5G,0,334,Yes,10
MRD-009134,No,101.73,5,559.16,Premium,1,No,7.02,Yes,No,5G,1,456,No,3
MRD-009135,Yes,27.39,4,132.53,Basic,1,No,2.37,No,No,4G,0,601,No,1
MRD-009136,No,66.32,94,8954.11,Plus,1,Yes,5.76,Yes,Yes,5G,0,833,No,9
MRD-009137,Yes,36.69,2,0.0,Basic,2,No,0.85,Yes,No,5G,1,1187,No,2
MRD-009138,Yes,37.7,29,795.06,Basic,1,No,5.43,No,Yes,4G,1,1062,No,3
MRD-009139,No,108.53,84,13210.15,Premium,4,No,5.11,No,Yes,5G,0,171,Yes,8
MRD-009140,No,65.0,85,13055.88,Premium,2,Yes,0.51,No,No,5G,0,1205,No,8
MRD-009141,No,67.26,56,5174.89,Plus,1,No,0.09,No,No,4G,0,379,No,4
MRD-009142,Yes,38.7,30,605.81,Basic,2,Yes,3.22,Yes,No,4G,1,549,No,10
MRD-009143,Yes,29.03,4,453.64,Basic,2,No,2.79,Yes,Yes,5G,1,1096,No,9
MRD-009144,No,38.0,6,308.21,Basic,2,No,5.9,No,Yes,5G,0,492,No,1
MRD-009145,Yes,37.37,44,730.39,Basic,1,No,2.76,No,Yes,4G,1,1003,No,10
MRD-009146,No,61.89,2,111.58,Plus,1,No,2.76,No,No,4G,1,1394,No,1
MRD-009147,No,70.94,31,2770.62,Plus,1,No,0.62,Yes,No,5G,3,364,No,1
MRD-009148,No,74.18,41,3834.08,Premium,1,Yes,1.45,Yes,No,5G,0,1479,No,1
MRD-009149,Yes,86.33,18,931.7,Premium,1,No,4.12,Yes,No,5G,3,615,No,6
MRD-009150,No,35.34,28,1193.57,Basic,2,Yes,4.51,Yes,No,5G,2,401,No,3
MRD-009151,No,65.17,7,719.64,Plus,2,No,1.2,No,Yes,5G,1,1456,No,2
MRD-009152,No,54.51,43,2952.17,Plus,2,No,2.45,No,No,4G,0,778,No,5
MRD-009153,No,39.5,79,2051.51,Basic,2,No,1.04,Yes,No,4G,3,317,No,9
MRD-009154,No,95.1,17,1889.04,Premium,2,Yes,0.62,Yes,Yes,5G,3,586,No,1
MRD-009155,No,107.65,14,1074.59,Premium,1,Yes,0.07,Yes,Yes,5G,2,108,No,10
MRD-009156,No,33.22,38,1127.28,Basic,4,No,6.24,No,Yes,5G,3,649,Yes,7
MRD-009157,No,117.02,52,12173.12,Premium,2,No,0.71,Yes,No,4G,2,927,No,9
MRD-009158,No,57.42,15,1535.64,Plus,1,No,1.6,No,No,4G,1,437,No,8
MRD-009159,No,78.63,80,4278.13,Premium,1,No,1.3,Yes,Yes,5G,3,1001,No,3
MRD-009160,No,31.74,67,2694.28,Basic,4,No,0.46,Yes,No,4G,0,1131,Yes,10
MRD-009161,Yes,47.92,3,271.72,Plus,2,Yes,9.54,No,Yes,5G,2,548,No,4
MRD-009162,No,47.78,13,445.8,Plus,3,No,4.7,Yes,Yes,5G,0,807,Yes,1
MRD-009163,No,63.43,29,843.44,Plus,1,Yes,15.25,Yes,No,4G,2,615,No,3
MRD-009164,No,37.39,47,2086.94,Basic,1,No,11.36,Yes,Yes,5G,0,722,No,3
MRD-009165,No,57.48,23,1590.35,Plus,1,No,6.61,Yes,No,4G,1,325,No,5
MRD-009166,No,44.95,89,1681.04,Plus,2,No,2.93,Yes,No,5G,3,903,No,10
MRD-009167,No,87.0,60,3222.42,Premium,1,No,2.31,No,Yes,5G,1,1444,No,5
MRD-009168,No,95.38,7,384.43,Premium,4,No,3.49,Yes,No,5G,5,1147,Yes,3
MRD-009169,No,36.55,25,1263.56,Basic,3,Yes,2.38,Yes,No,4G,2,1455,Yes,2
MRD-009170,No,33.69,31,1416.28,Basic,2,No,2.09,No,Yes,5G,0,1207,No,5
MRD-009171,No,56.12,39,2357.99,Plus,2,No,2.39,No,No,5G,0,876,No,7
MRD-009172,No,90.7,49,2960.05,Premium,3,No,1.73,Yes,No,4G,1,1445,Yes,6
MRD-009173,No,59.06,60,1726.66,Plus,2,Yes,3.04,No,No,4G,1,1053,No,2
MRD-009174,No,99.42,30,3782.44,Premium,4,No,0.63,No,No,5G,2,831,Yes,7
MRD-009175,No,52.57,37,1984.76,Plus,2,No,3.0,Yes,Yes,5G,1,1036,No,3
MRD-009176,No,32.34,91,2316.88,Basic,2,No,1.17,No,Yes,4G,0,1198,No,2
MRD-009177,No,42.93,92,4564.97,Basic,1,Yes,7.21,No,Yes,5G,4,993,No,3
MRD-009178,No,25.86,36,1839.56,Basic,4,No,2.61,Yes,No,4G,2,816,Yes,9
MRD-009179,No,44.0,35,3257.2,Plus,3,No,2.03,Yes,No,4G,1,1486,Yes,7
MRD-009180,No,56.26,63,1674.28,Plus,3,Yes,2.9,Yes,No,5G,4,799,Yes,8
MRD-009181,No,32.34,38,1926.37,Basic,1,No,1.34,Yes,No,4G,0,898,No,4
MRD-009182,No,79.81,55,9318.13,Premium,4,Yes,2.11,No,No,5G,1,1157,Yes,9
MRD-009183,No,35.53,63,3207.77,Basic,2,No,6.49,Yes,No,4G,1,1283,No,9
MRD-009184,No,88.85,94,7116.41,Premium,4,No,1.49,Yes,No,4G,2,1314,Yes,10
MRD-009185,No,35.67,7,517.98,Basic,2,No,2.02,Yes,Yes,5G,2,187,No,6
MRD-009186,Yes,34.81,29,1061.35,Basic,4,Yes,2.19,Yes,No,4G,2,946,Yes,1
MRD-009187,No,57.23,34,3694.56,Plus,2,Yes,3.81,No,Yes,5G,5,621,No,6
MRD-009188,No,107.37,12,917.04,Premium,2,No,0.52,No,No,5G,0,1178,No,10
MRD-009189,Yes,27.04,62,667.35,Basic,1,No,0.47,Yes,No,4G,3,1427,No,10
MRD-009190,No,42.45,55,3630.28,Plus,3,Yes,2.61,Yes,No,4G,2,184,Yes,3
MRD-009191,No,60.05,40,1411.13,Plus,1,No,0.82,Yes,No,4G,3,311,No,8
MRD-009192,No,104.51,45,6143.53,Premium,2,No,9.8,No,No,5G,1,1023,No,7
MRD-009193,No,56.6,86,5513.36,Plus,1,Yes,4.0,Yes,No,5G,1,1140,No,1
MRD-009194,No,65.77,63,8195.55,Plus,4,No,5.07,Yes,No,5G,1,1379,Yes,8
MRD-009195,No,67.75,83,6552.39,Plus,3,No,0.73,Yes,No,5G,3,530,Yes,9
MRD-009196,No,67.72,24,2303.04,Plus,1,No,0.76,Yes,Yes,5G,3,1197,No,9
MRD-009197,No,31.62,91,2824.34,Basic,2,No,6.08,No,Yes,5G,0,1307,No,8
MRD-009198,No,54.79,20,738.99,Plus,2,No,0.7,Yes,Yes,4G,1,1480,No,2
MRD-009199,No,115.88,60,6780.72,Premium,3,Yes,0.54,Yes,No,5G,1,507,Yes,9
MRD-009200,Yes,33.63,71,3236.77,Basic,2,No,1.07,No,No,5G,2,77,No,9
MRD-009201,No,71.77,48,3934.46,Premium,4,Yes,0.49,Yes,Yes,5G,1,1246,Yes,6
MRD-009202,No,85.16,88,6418.42,Premium,4,No,3.55,Yes,Yes,4G,2,870,Yes,3
MRD-009203,No,34.67,57,2719.35,Basic,2,No,0.13,Yes,Yes,4G,5,1,No,3
MRD-009204,No,58.41,22,2612.99,Plus,1,Yes,4.32,Yes,Yes,5G,4,1015,No,8
MRD-009205,No,76.43,78,5912.12,Plus,1,Yes,3.17,Yes,No,4G,2,1416,No,4
MRD-009206,No,31.61,61,1644.76,Basic,1,No,2.72,Yes,No,5G,0,443,No,4
MRD-009207,No,39.7,20,660.04,Basic,1,No,0.86,No,Yes,5G,1,112,No,1
MRD-009208,No,39.26,52,3009.51,Basic,1,No,2.49,Yes,No,4G,1,326,No,3
MRD-009209,No,34.32,60,2628.12,Basic,3,No,0.93,No,No,4G,1,301,Yes,10
MRD-009210,No,32.98,8,405.37,Basic,2,No,0.73,Yes,Yes,5G,0,771,No,9
MRD-009211,No,36.97,36,1565.05,Basic,4,Yes,0.73,Yes,Yes,4G,2,1468,Yes,9
MRD-009212,No,48.32,92,1928.15,Plus,4,No,1.13,No,Yes,4G,0,534,Yes,1
MRD-009213,Yes,36.7,73,959.37,Basic,1,No,4.31,Yes,No,4G,3,1229,No,4
MRD-009214,No,82.78,16,1327.45,Premium,1,Yes,5.95,Yes,No,4G,2,608,No,8
MRD-009215,No,50.36,94,2676.72,Plus,2,No,0.87,Yes,Yes,5G,3,988,No,8
MRD-009216,No,62.72,74,6333.6,Plus,3,Yes,7.82,Yes,Yes,5G,3,106,Yes,9
MRD-009217,No,55.49,9,317.45,Plus,2,No,1.19,No,No,4G,0,1467,No,3
MRD-009218,No,52.14,4,556.76,Plus,2,No,2.94,No,Yes,5G,1,1443,No,8
MRD-009219,No,61.77,91,6871.83,Plus,1,No,6.17,Yes,No,5G,0,321,No,7
MRD-009220,No,77.85,34,1469.55,Premium,5,No,4.75,No,No,4G,1,1380,Yes,8
MRD-009221,No,35.86,38,1643.99,Basic,2,No,6.42,Yes,No,5G,2,1393,No,9
MRD-009222,Yes,41.76,53,1537.71,Basic,2,No,8.78,Yes,No,5G,2,291,No,2
MRD-009223,No,38.81,24,1345.36,Basic,1,No,5.15,Yes,No,5G,3,1206,No,7
MRD-009224,No,56.53,90,8984.97,Plus,1,No,5.9,No,Yes,5G,1,47,No,8
MRD-009225,Yes,93.74,80,11940.09,Premium,1,No,5.8,Yes,No,5G,3,931,No,5
MRD-009226,No,107.41,96,13304.07,Premium,2,No,1.0,Yes,Yes,4G,0,1474,No,3
MRD-009227,No,65.45,23,1263.67,Plus,2,No,0.28,Yes,Yes,5G,4,181,No,9
MRD-009228,No,82.03,50,3051.58,Premium,1,No,1.92,Yes,No,5G,2,372,No,6
MRD-009229,No,85.14,84,5336.83,Premium,1,No,5.93,Yes,Yes,5G,1,1211,No,5
MRD-009230,No,34.1,37,1130.88,Basic,3,No,1.54,No,No,5G,1,190,Yes,6
MRD-009231,No,49.15,4,171.17,Plus,4,No,1.32,No,No,5G,1,1260,Yes,3
MRD-009232,No,57.73,50,2867.4,Plus,1,No,7.55,Yes,No,4G,2,909,No,8
MRD-009233,No,58.64,29,1114.78,Plus,2,No,1.34,Yes,No,4G,3,521,No,9
MRD-009234,No,55.04,71,4755.33,Plus,2,Yes,1.73,Yes,Yes,4G,2,1177,No,6
MRD-009235,No,59.11,67,1802.56,Plus,1,No,1.22,Yes,No,4G,2,969,No,7
MRD-009236,No,55.51,47,3791.19,Plus,2,No,3.8,Yes,No,5G,1,766,No,2
MRD-009237,No,69.0,30,1547.48,Plus,2,No,1.99,No,Yes,5G,3,294,No,1
MRD-009238,Yes,41.15,90,2459.43,Basic,3,No,3.61,No,No,5G,2,989,Yes,6
MRD-009239,Yes,39.53,4,359.68,Basic,1,No,4.68,Yes,Yes,5G,2,1371,No,9
MRD-009240,No,58.61,16,1025.9,Plus,3,No,0.53,Yes,Yes,5G,1,1199,Yes,1
MRD-009241,Yes,39.35,95,5192.5,Basic,1,No,1.51,Yes,Yes,4G,2,175,No,8
MRD-009242,No,41.23,78,1496.59,Basic,2,No,1.09,Yes,Yes,5G,1,427,No,2
MRD-009243,No,93.85,69,9823.56,Premium,5,No,1.26,Yes,Yes,4G,6,113,Yes,5
MRD-009244,Yes,66.83,54,2826.77,Plus,1,No,1.18,Yes,No,4G,0,919,No,6
MRD-009245,Yes,39.07,7,665.24,Basic,4,No,0.3,Yes,Yes,4G,0,145,Yes,10
MRD-009246,Yes,31.16,94,2829.35,Basic,1,No,2.12,No,No,5G,0,612,No,9
MRD-009247,No,59.18,41,5181.82,Plus,2,Yes,0.58,No,No,4G,2,1057,No,1
MRD-009248,No,29.91,32,1728.93,Basic,3,No,1.45,Yes,Yes,4G,0,759,Yes,10
MRD-009249,No,116.61,46,3174.88,Premium,1,No,0.21,No,Yes,5G,0,1413,No,6
MRD-009250,No,33.26,83,1733.73,Basic,2,Yes,6.06,Yes,No,4G,1,1370,No,6
MRD-009251,No,69.5,94,2735.56,Plus,2,No,4.47,No,No,4G,1,131,No,10
MRD-009252,No,37.83,80,4796.88,Basic,3,No,0.77,No,No,4G,1,1362,Yes,7
MRD-009253,No,37.54,20,716.9,Basic,3,No,1.15,Yes,No,5G,3,509,Yes,9
MRD-009254,No,62.2,65,4087.65,Plus,2,No,0.67,No,Yes,5G,1,1257,No,3
MRD-009255,No,56.94,61,3093.74,Plus,1,Yes,4.64,Yes,No,5G,0,1107,No,9
MRD-009256,No,36.91,91,7018.18,Basic,2,No,1.3,No,No,5G,5,1185,No,5
MRD-009257,No,29.37,18,931.57,Basic,1,No,5.21,Yes,Yes,4G,1,1492,No,2
MRD-009258,No,95.34,23,2025.4,Premium,3,No,1.03,No,No,5G,1,956,Yes,6
MRD-009259,No,62.92,80,4545.51,Plus,2,No,10.61,Yes,No,5G,2,221,No,3
MRD-009260,No,23.79,13,597.49,Basic,2,No,4.8,Yes,No,5G,2,1293,No,10
MRD-009261,Yes,43.08,80,4086.22,Basic,2,No,1.96,Yes,Yes,5G,1,933,No,6
MRD-009262,No,112.81,89,7696.93,Premium,1,Yes,10.66,No,Yes,4G,1,1151,No,10
MRD-009263,No,61.04,82,5342.12,Plus,1,No,2.62,No,No,5G,3,610,No,2
MRD-009264,No,52.08,21,764.91,Plus,2,No,2.81,Yes,Yes,5G,1,1164,No,10
MRD-009265,No,58.56,94,2936.32,Plus,4,Yes,4.59,Yes,Yes,4G,0,682,Yes,7
MRD-009266,No,42.0,76,4504.21,Plus,4,No,0.05,Yes,No,5G,0,620,Yes,10
MRD-009267,No,32.56,43,847.43,Basic,2,Yes,3.75,Yes,No,5G,1,839,No,3
MRD-009268,No,39.01,69,1609.6,Basic,2,No,2.25,Yes,No,5G,2,204,No,3
MRD-009269,Yes,31.53,77,2417.31,Basic,4,No,4.63,Yes,Yes,5G,1,1350,Yes,1
MRD-009270,No,107.76,42,4402.98,Premium,2,No,0.71,Yes,No,5G,1,221,No,10
MRD-009271,No,61.46,78,2358.92,Plus,2,No,8.86,Yes,No,5G,0,763,No,9
MRD-009272,No,90.64,53,4377.8,Premium,5,No,6.91,Yes,No,5G,0,982,Yes,10
MRD-009273,No,109.43,74,7029.16,Premium,3,No,3.19,No,Yes,5G,0,896,Yes,6
MRD-009274,No,59.35,82,3045.99,Plus,1,Yes,3.02,Yes,No,5G,3,1306,No,4
MRD-009275,No,100.59,92,14618.92,Premium,1,No,0.46,No,Yes,5G,1,782,No,8
MRD-009276,Yes,40.33,25,1672.89,Basic,1,No,0.93,No,No,5G,3,483,No,5
MRD-009277,Yes,35.65,96,2724.44,Basic,1,No,1.22,No,No,4G,2,90,No,1
MRD-009278,No,56.2,46,2652.99,Plus,3,No,7.08,No,Yes,5G,1,1276,Yes,1
MRD-009279,No,45.24,41,1939.09,Basic,3,No,13.35,Yes,Yes,5G,0,669,Yes,3
MRD-009280,Yes,33.77,70,2216.78,Basic,1,No,1.76,No,Yes,5G,2,99,No,2
MRD-009281,No,38.35,65,1537.93,Basic,1,No,6.38,Yes,No,5G,1,354,No,8
MRD-009282,Yes,39.68,93,4814.73,Basic,1,No,2.67,No,No,4G,1,1196,No,5
MRD-009283,Yes,90.95,43,8064.27,Premium,2,No,6.27,Yes,Yes,4G,2,1173,No,2
MRD-009284,No,42.28,61,2534.21,Basic,2,No,3.51,Yes,No,5G,2,584,No,10
MRD-009285,No,78.66,45,5314.01,Premium,1,Yes,2.22,Yes,No,5G,4,799,No,10
MRD-009286,No,62.5,26,1768.8,Plus,1,No,1.49,Yes,No,5G,1,28,No,6
MRD-009287,No,105.37,14,2112.27,Premium,3,No,5.82,Yes,No,5G,2,483,Yes,7
MRD-009288,No,31.13,22,329.51,Basic,1,No,4.68,Yes,No,5G,0,1233,No,10
MRD-009289,No,105.1,86,16850.88,Premium,1,No,1.62,Yes,Yes,4G,1,121,No,10
MRD-009290,No,36.73,6,108.65,Basic,1,No,4.32,No,No,5G,1,1312,No,2
MRD-009291,No,72.23,56,10466.73,Plus,2,No,3.82,No,Yes,5G,1,939,No,9
MRD-009292,No,90.24,60,5127.02,Premium,2,Yes,0.5,Yes,Yes,4G,2,567,No,4
MRD-009293,No,32.44,39,5134.74,Basic,2,No,4.98,No,No,5G,2,1235,No,9
MRD-009294,Yes,35.05,66,1814.21,Basic,5,Yes,0.18,No,No,4G,2,1168,Yes,8
MRD-009295,No,34.58,69,2363.39,Basic,2,No,2.04,Yes,No,5G,2,642,No,4
MRD-009296,No,75.27,43,4300.36,Premium,2,No,3.33,Yes,No,4G,5,1142,No,3
MRD-009297,Yes,37.6,26,1547.99,Basic,1,No,9.1,No,Yes,5G,2,926,No,5
MRD-009298,No,65.57,89,2761.93,Plus,3,No,8.18,No,Yes,5G,2,1268,Yes,7
MRD-009299,No,58.96,20,704.71,Plus,2,No,1.99,Yes,Yes,5G,1,417,No,3
MRD-009300,Yes,80.87,78,2410.32,Premium,4,No,0.34,Yes,Yes,4G,1,556,Yes,3
MRD-009301,No,56.8,36,2042.34,Plus,3,No,4.35,No,Yes,5G,1,955,Yes,1
MRD-009302,No,95.38,5,760.69,Premium,1,No,0.64,Yes,Yes,4G,0,716,No,3
MRD-009303,No,57.14,0,0.0,Plus,2,Yes,2.48,Yes,No,5G,4,820,No,7
MRD-009304,Yes,86.31,85,26357.97,Premium,1,No,7.41,No,Yes,5G,3,373,No,8
MRD-009305,No,26.76,9,535.42,Basic,4,No,2.88,Yes,No,4G,0,29,Yes,9
MRD-009306,No,87.5,24,2767.0,Premium,1,No,1.96,Yes,Yes,5G,2,1193,No,1
MRD-009307,No,30.15,23,1665.11,Basic,3,No,3.8,No,Yes,5G,2,238,Yes,3
MRD-009308,Yes,36.69,2,86.83,Basic,2,No,3.46,No,No,5G,0,568,No,8
MRD-009309,Yes,40.91,73,4731.65,Basic,1,No,0.7,No,Yes,5G,5,512,No,2
MRD-009310,Yes,39.17,66,2433.68,Basic,3,No,1.23,Yes,No,5G,4,907,Yes,1
MRD-009311,No,40.82,85,3014.56,Basic,1,No,0.31,Yes,Yes,4G,2,426,No,4
MRD-009312,No,51.05,54,5176.97,Plus,1,No,0.36,Yes,No,5G,2,1059,No,7
MRD-009313,No,66.69,40,5142.99,Plus,1,No,8.96,No,No,5G,1,962,No,1
MRD-009314,No,95.43,50,6856.86,Premium,2,No,0.22,Yes,No,5G,0,150,No,2
MRD-009315,Yes,42.34,10,590.79,Basic,1,No,0.84,No,No,5G,1,1062,No,1
MRD-009316,No,65.85,79,4767.5,Plus,2,No,3.94,Yes,Yes,5G,0,1122,No,10
MRD-009317,Yes,69.87,15,5086.27,Plus,1,No,7.26,Yes,No,5G,1,80,No,10
MRD-009318,Yes,36.83,44,1393.53,Basic,4,Yes,12.39,Yes,Yes,5G,5,488,Yes,1
MRD-009319,No,81.88,32,4162.22,Premium,1,Yes,2.85,No,No,5G,3,1388,No,2
MRD-009320,No,71.81,32,2610.95,Plus,2,No,2.32,Yes,No,4G,0,62,No,10
MRD-009321,Yes,39.87,35,2282.63,Basic,1,Yes,9.52,No,No,5G,5,754,No,8
MRD-009322,No,65.05,8,291.44,Plus,1,No,0.06,Yes,No,5G,1,519,No,9
MRD-009323,No,89.43,22,2164.02,Premium,4,No,13.61,No,No,5G,2,1170,Yes,10
MRD-009324,No,53.51,58,4086.16,Plus,1,No,0.15,Yes,No,5G,1,1424,No,7
MRD-009325,No,81.6,23,4958.85,Premium,2,No,3.87,Yes,Yes,4G,1,349,No,7
MRD-009326,No,62.38,33,985.39,Plus,2,No,3.12,Yes,No,5G,1,716,No,7
MRD-009327,Yes,34.0,46,1263.0,Basic,4,No,5.53,No,No,4G,2,94,Yes,1
MRD-009328,No,92.67,11,979.7,Premium,5,No,0.87,No,No,5G,1,1372,Yes,7
MRD-009329,No,104.95,51,6347.5,Premium,5,No,3.0,No,No,5G,2,429,Yes,3
MRD-009330,No,56.46,59,1739.97,Plus,2,No,0.93,Yes,Yes,4G,0,812,No,8
MRD-009331,No,26.28,0,196.94,Basic,2,No,4.35,No,Yes,5G,0,1183,No,3
MRD-009332,No,66.31,39,2265.6,Plus,2,No,2.63,Yes,Yes,4G,1,280,No,5
MRD-009333,No,72.61,2,355.03,Plus,5,No,1.81,Yes,No,5G,1,19,Yes,3
MRD-009334,No,62.93,74,3955.16,Plus,2,No,1.0,No,No,5G,1,1467,No,5
MRD-009335,No,57.97,30,1844.85,Plus,2,No,1.31,Yes,No,5G,3,1316,No,10
MRD-009336,No,58.39,82,3306.7,Plus,5,Yes,1.5,Yes,No,5G,1,498,Yes,7
MRD-009337,No,74.27,24,3249.56,Plus,2,No,1.88,No,No,5G,0,1266,No,3
MRD-009338,No,72.96,20,2841.28,Premium,3,No,0.84,Yes,No,5G,3,1171,Yes,7
MRD-009339,No,33.74,78,1909.99,Basic,4,No,3.31,Yes,No,5G,0,1217,Yes,9
MRD-009340,No,59.95,8,310.58,Plus,1,No,0.11,Yes,Yes,4G,1,24,No,7
MRD-009341,No,37.16,63,1648.01,Basic,1,No,1.85,Yes,No,4G,3,1162,No,7
MRD-009342,Yes,55.89,55,5947.42,Plus,3,Yes,4.03,Yes,No,5G,1,842,Yes,3
MRD-009343,Yes,96.9,63,2717.06,Premium,2,No,2.54,No,No,4G,1,1391,No,3
MRD-009344,No,92.39,9,730.79,Premium,2,No,0.58,Yes,No,4G,0,393,No,9
MRD-009345,No,27.31,53,2096.22,Basic,3,No,2.72,Yes,No,4G,1,1477,Yes,5
MRD-009346,No,58.11,59,4117.43,Plus,4,No,7.66,No,Yes,4G,1,983,Yes,1
MRD-009347,No,67.69,63,3897.27,Plus,2,No,0.83,Yes,Yes,5G,0,698,No,9
MRD-009348,No,57.53,68,2189.31,Plus,1,No,1.29,Yes,No,4G,1,518,No,3
MRD-009349,No,32.92,21,349.41,Basic,1,No,4.28,Yes,No,5G,2,1098,No,9
MRD-009350,No,56.4,95,8408.33,Plus,3,No,6.84,Yes,No,4G,1,249,Yes,10
MRD-009351,Yes,47.08,67,7422.14,Plus,1,No,2.55,Yes,No,5G,4,661,No,7
MRD-009352,No,31.58,91,2763.79,Basic,4,No,0.16,Yes,Yes,4G,2,1067,Yes,1
MRD-009353,No,32.52,14,872.22,Basic,1,Yes,13.21,Yes,Yes,4G,3,1317,No,7
MRD-009354,No,53.8,34,2105.44,Plus,2,No,0.98,Yes,Yes,5G,1,167,No,1
MRD-009355,No,42.59,27,1345.74,Plus,1,No,2.91,Yes,No,5G,1,766,No,2
MRD-009356,No,68.44,95,7593.58,Plus,4,No,2.13,Yes,No,5G,2,177,Yes,8
MRD-009357,No,60.11,69,3777.23,Plus,2,No,5.84,Yes,Yes,5G,1,1335,No,7
MRD-009358,No,52.72,84,2181.41,Plus,1,No,4.88,No,No,5G,1,648,No,7
MRD-009359,No,97.14,52,7403.74,Premium,1,No,2.22,Yes,No,5G,2,1485,No,5
MRD-009360,No,64.07,47,2494.56,Plus,1,Yes,0.87,Yes,No,4G,3,759,No,2
MRD-009361,No,71.54,57,3640.24,Plus,2,No,3.56,No,No,5G,1,132,No,2
MRD-009362,Yes,32.58,2,0.0,Basic,1,Yes,7.58,Yes,No,5G,0,213,No,9
MRD-009363,Yes,53.55,90,6519.48,Plus,3,No,0.37,Yes,Yes,5G,0,289,Yes,3
MRD-009364,No,49.77,70,3133.79,Plus,3,No,6.15,Yes,Yes,5G,1,394,Yes,3
MRD-009365,Yes,58.26,46,3649.58,Plus,2,No,5.94,Yes,No,5G,2,508,No,5
MRD-009366,Yes,36.82,47,1578.88,Basic,4,Yes,4.0,No,No,4G,4,592,Yes,5
MRD-009367,No,33.17,23,1150.24,Basic,2,No,4.45,Yes,No,4G,2,376,No,9
MRD-009368,Yes,36.47,59,1856.04,Basic,3,No,0.57,Yes,Yes,5G,4,807,Yes,4
MRD-009369,No,61.5,11,340.1,Plus,2,No,8.48,Yes,No,5G,3,709,No,7
MRD-009370,No,96.86,65,4335.49,Premium,2,No,1.44,No,No,5G,1,502,No,10
MRD-009371,No,78.8,43,4062.7,Premium,2,No,7.63,Yes,No,5G,1,1095,No,6
MRD-009372,No,36.74,11,434.13,Basic,1,No,0.84,Yes,No,5G,1,159,No,1
MRD-009373,Yes,53.11,70,3710.08,Plus,2,No,0.52,Yes,No,5G,4,574,No,1
MRD-009374,No,82.32,38,2588.02,Premium,2,Yes,5.92,Yes,No,4G,1,745,No,3
MRD-009375,No,57.75,12,975.99,Plus,2,No,1.28,No,No,5G,3,554,No,4
MRD-009376,No,36.36,37,1409.08,Basic,1,No,0.32,Yes,No,5G,2,787,No,7
MRD-009377,No,64.6,88,7673.9,Plus,3,No,1.15,Yes,No,5G,5,1412,Yes,10
MRD-009378,Yes,29.6,59,1731.92,Basic,1,No,5.2,No,No,5G,0,350,No,1
MRD-009379,No,101.0,17,1368.96,Premium,4,No,3.29,Yes,Yes,5G,3,719,Yes,3
MRD-009380,No,37.09,94,5662.18,Basic,2,Yes,3.66,Yes,Yes,5G,1,1458,No,2
MRD-009381,Yes,41.95,93,3039.2,Basic,1,No,1.51,No,No,5G,3,676,No,8
MRD-009382,No,48.12,83,2082.28,Plus,1,No,1.38,Yes,No,5G,1,466,No,6
MRD-009383,No,40.27,95,2902.09,Basic,2,No,0.56,Yes,Yes,5G,0,404,No,2
MRD-009384,No,33.19,71,8606.75,Basic,1,No,7.2,No,Yes,5G,0,68,No,5
MRD-009385,Yes,34.31,48,2050.04,Basic,2,No,9.1,No,Yes,5G,0,389,No,1
MRD-009386,No,63.48,14,834.26,Plus,2,No,3.16,No,Yes,5G,1,96,No,8
MRD-009387,No,116.36,71,6787.38,Premium,1,No,2.18,No,No,5G,0,1466,No,3
MRD-009388,No,98.39,92,21911.69,Premium,1,No,8.46,No,No,5G,0,109,No,3
MRD-009389,Yes,34.76,54,1682.5,Basic,2,Yes,5.81,No,No,5G,0,12,No,1
MRD-009390,No,28.38,60,1293.34,Basic,2,No,1.14,Yes,No,5G,1,61,No,5
MRD-009391,Yes,33.25,28,679.22,Basic,2,No,2.07,No,No,5G,2,875,No,5
MRD-009392,No,76.2,60,8387.34,Premium,2,No,2.89,Yes,Yes,5G,4,239,No,5
MRD-009393,No,66.75,91,7256.86,Plus,2,No,1.41,Yes,Yes,4G,2,890,No,7
MRD-009394,No,35.08,77,2662.94,Basic,1,No,3.34,Yes,Yes,5G,2,866,No,3
MRD-009395,No,115.56,81,13596.79,Premium,1,No,3.87,No,Yes,5G,0,882,No,6
MRD-009396,No,25.87,17,919.82,Basic,2,No,1.26,Yes,Yes,5G,0,433,No,1
MRD-009397,No,108.43,67,10069.89,Premium,1,No,0.88,Yes,No,4G,2,757,No,1
MRD-009398,Yes,40.07,1,0.0,Basic,1,Yes,3.88,Yes,Yes,5G,2,970,No,5
MRD-009399,No,67.41,36,1987.81,Plus,3,No,0.79,Yes,Yes,5G,0,466,Yes,2
MRD-009400,No,99.51,49,7091.4,Premium,2,No,6.12,Yes,Yes,5G,3,35,No,5
MRD-009401,No,36.1,1,132.34,Basic,2,No,3.6,No,No,5G,1,544,No,7
MRD-009402,No,32.26,59,2195.83,Basic,1,No,1.23,No,No,4G,1,252,No,7
MRD-009403,Yes,103.58,19,2129.53,Premium,3,No,2.07,Yes,Yes,4G,0,846,Yes,7
MRD-009404,No,56.23,44,1650.51,Plus,2,No,4.66,No,No,5G,1,1090,No,4
MRD-009405,No,67.0,43,4282.91,Plus,1,Yes,1.12,Yes,Yes,5G,3,1166,No,9
MRD-009406,No,36.69,3,170.4,Basic,1,No,8.41,Yes,No,5G,1,55,No,2
MRD-009407,No,55.06,94,4265.22,Plus,3,No,13.25,Yes,Yes,5G,3,1299,Yes,2
MRD-009408,Yes,41.76,10,398.37,Basic,3,No,4.46,Yes,No,5G,2,1280,Yes,6
MRD-009409,No,55.75,14,2427.55,Plus,5,No,3.35,No,No,5G,1,454,Yes,3
MRD-009410,No,57.67,50,3274.4,Plus,1,No,1.35,No,Yes,4G,1,192,No,2
MRD-009411,No,34.9,40,1099.03,Basic,1,No,2.19,Yes,Yes,5G,2,84,No,4
MRD-009412,No,59.98,96,4326.93,Plus,1,No,0.5,No,No,5G,2,465,No,8
MRD-009413,Yes,67.98,4,698.27,Plus,1,No,8.6,No,No,5G,3,254,No,1
MRD-009414,No,32.52,5,312.71,Basic,2,No,3.54,Yes,No,4G,0,1277,No,5
MRD-009415,No,65.64,89,3789.03,Plus,1,No,7.45,Yes,No,4G,0,1101,No,1
MRD-009416,Yes,34.87,57,1717.77,Basic,3,Yes,0.84,Yes,Yes,5G,1,71,Yes,10
MRD-009417,No,106.11,70,3863.25,Premium,3,No,2.94,Yes,No,5G,2,331,Yes,7
MRD-009418,Yes,53.38,87,5421.57,Plus,2,No,7.1,No,Yes,4G,4,171,No,1
MRD-009419,Yes,43.8,1,21.86,Basic,2,No,6.26,Yes,No,5G,1,626,No,4
MRD-009420,No,40.01,51,4100.09,Basic,1,No,2.8,Yes,Yes,4G,1,1208,No,10
MRD-009421,No,100.78,53,3584.61,Premium,1,No,6.29,Yes,Yes,5G,1,1394,No,7
MRD-009422,No,36.52,76,2346.79,Basic,3,No,2.42,Yes,Yes,4G,2,872,Yes,6
MRD-009423,No,118.16,9,881.92,Premium,2,Yes,0.45,Yes,No,5G,0,673,No,6
MRD-009424,No,56.3,33,2535.37,Plus,2,No,5.49,Yes,Yes,4G,1,1473,No,3
MRD-009425,No,105.77,38,8103.95,Premium,3,No,5.77,No,No,5G,2,1117,Yes,6
MRD-009426,No,113.14,70,14983.94,Premium,1,No,4.76,Yes,Yes,4G,4,182,No,9
MRD-009427,Yes,39.84,70,6685.96,Basic,1,No,0.8,Yes,Yes,4G,4,922,No,7
MRD-009428,No,39.67,82,3541.26,Basic,1,No,4.74,No,Yes,5G,1,0,No,2
MRD-009429,No,41.13,15,406.57,Basic,5,No,1.64,Yes,No,4G,1,935,Yes,1
MRD-009430,No,63.05,15,1088.55,Plus,1,No,1.93,No,Yes,4G,3,260,No,1
MRD-009431,No,26.31,82,3029.68,Basic,3,No,4.26,Yes,Yes,5G,2,411,Yes,7
MRD-009432,No,71.36,48,3000.08,Plus,1,Yes,0.45,Yes,No,4G,1,1230,No,1
MRD-009433,No,64.03,2,514.12,Plus,2,No,10.19,No,Yes,4G,2,817,No,6
MRD-009434,Yes,96.7,50,3777.13,Premium,1,No,2.85,No,No,5G,3,1357,No,3
MRD-009435,No,81.25,67,4221.12,Premium,1,No,3.3,No,Yes,5G,3,333,No,6
MRD-009436,No,52.01,23,954.61,Plus,1,No,1.72,Yes,No,5G,2,906,No,6
MRD-009437,Yes,54.04,81,4697.96,Plus,2,No,1.83,Yes,No,5G,0,650,No,3
MRD-009438,No,55.82,91,6454.53,Plus,1,No,2.94,Yes,Yes,5G,1,619,No,10
MRD-009439,No,41.13,52,1576.67,Basic,1,No,1.54,No,No,5G,2,532,No,6
MRD-009440,No,36.99,87,2015.12,Basic,2,No,4.87,Yes,No,5G,2,641,No,3
MRD-009441,No,66.7,57,5987.19,Plus,3,No,1.41,No,No,5G,2,1352,Yes,10
MRD-009442,No,58.25,6,334.03,Plus,5,No,1.93,No,No,4G,2,700,Yes,8
MRD-009443,No,63.86,57,3052.91,Plus,2,No,1.92,No,Yes,5G,2,30,No,5
MRD-009444,No,54.72,28,1582.48,Plus,3,No,3.0,Yes,Yes,5G,3,716,Yes,1
MRD-009445,No,29.82,90,1716.38,Basic,1,No,1.92,Yes,Yes,5G,1,1424,No,7
MRD-009446,No,60.7,17,1071.2,Plus,4,No,1.37,No,No,5G,1,620,Yes,10
MRD-009447,Yes,72.3,9,522.7,Plus,2,No,2.1,No,No,5G,0,1028,No,8
MRD-009448,No,65.24,12,440.11,Plus,2,No,3.6,No,No,5G,1,909,No,8
MRD-009449,Yes,54.74,55,2762.0,Plus,1,No,0.98,Yes,No,5G,4,727,No,5
MRD-009450,Yes,62.85,95,7148.73,Plus,2,No,11.4,Yes,No,5G,3,1303,No,4
MRD-009451,Yes,37.69,74,4479.17,Basic,1,No,1.73,No,No,5G,0,166,No,3
MRD-009452,No,66.72,75,6190.23,Plus,2,No,1.24,Yes,No,5G,2,1357,No,9
MRD-009453,No,86.7,22,2997.35,Premium,4,No,4.56,No,No,5G,4,802,Yes,8
MRD-009454,No,81.89,55,3771.62,Premium,3,No,1.83,Yes,No,5G,2,62,Yes,6
MRD-009455,No,100.87,86,7604.01,Premium,1,No,0.84,Yes,Yes,4G,3,979,No,2
MRD-009456,No,79.58,80,4016.15,Premium,4,No,1.74,No,No,5G,1,876,Yes,2
MRD-009457,No,76.65,25,2312.24,Plus,4,No,4.23,No,Yes,5G,3,373,Yes,2
MRD-009458,No,51.59,21,872.48,Plus,3,No,3.6,No,No,5G,1,684,Yes,4
MRD-009459,No,91.81,88,5761.06,Premium,1,No,5.55,Yes,No,4G,1,693,No,9
MRD-009460,No,59.04,79,5496.96,Plus,1,No,1.69,No,No,5G,0,1371,No,9
MRD-009461,No,101.01,10,846.0,Premium,2,Yes,3.77,Yes,Yes,4G,0,498,No,1
MRD-009462,No,92.14,23,1733.02,Premium,1,Yes,2.67,Yes,No,4G,0,733,No,6
MRD-009463,No,123.85,79,8274.48,Premium,4,No,9.36,No,No,4G,1,369,Yes,3
MRD-009464,No,43.29,82,6153.27,Basic,2,Yes,0.13,No,No,5G,3,967,No,9
MRD-009465,No,40.51,3,201.63,Basic,1,No,2.66,Yes,No,5G,1,1057,No,3
MRD-009466,No,34.61,2,0.0,Basic,1,Yes,4.56,Yes,No,5G,4,1465,No,3
MRD-009467,No,59.71,11,421.52,Plus,2,No,1.96,Yes,No,5G,1,1461,No,7
MRD-009468,No,93.65,23,2622.49,Premium,2,No,0.48,Yes,No,4G,2,1297,No,3
MRD-009469,No,104.71,18,3040.34,Premium,1,No,4.47,Yes,No,5G,1,1146,No,4
MRD-009470,No,38.82,1,123.82,Basic,1,No,0.31,No,No,5G,1,1193,No,7
MRD-009471,Yes,30.29,60,2350.35,Basic,1,Yes,1.73,Yes,No,4G,4,125,No,2
MRD-009472,No,22.77,42,993.74,Basic,4,No,4.32,Yes,No,5G,1,1457,Yes,6
MRD-009473,No,70.48,46,3512.61,Premium,1,No,9.13,No,No,5G,0,1022,No,2
MRD-009474,No,66.5,13,1847.87,Plus,4,No,10.07,Yes,No,4G,2,325,Yes,3
MRD-009475,No,38.35,87,2231.94,Basic,1,No,2.15,Yes,No,5G,1,992,No,8
MRD-009476,Yes,60.2,59,1878.35,Plus,1,No,1.72,No,No,5G,3,39,No,8
MRD-009477,No,31.43,7,298.24,Basic,1,No,8.39,Yes,No,4G,3,1443,No,9
MRD-009478,Yes,65.38,59,3770.0,Plus,1,No,1.45,Yes,Yes,5G,1,1013,No,3
MRD-009479,No,65.34,19,4080.75,Plus,1,No,0.82,No,No,5G,2,1379,No,7
MRD-009480,No,27.43,10,288.43,Basic,1,Yes,2.84,Yes,Yes,5G,2,1175,No,6
MRD-009481,No,26.91,47,1623.35,Basic,4,Yes,2.42,Yes,No,5G,1,485,Yes,1
MRD-009482,Yes,41.98,88,2303.89,Basic,2,No,4.67,Yes,No,4G,2,680,No,3
MRD-009483,No,37.61,8,265.88,Basic,3,No,0.87,No,No,5G,0,756,Yes,2
MRD-009484,No,59.85,21,1681.53,Plus,2,Yes,0.55,Yes,Yes,5G,4,836,No,4
MRD-009485,No,71.84,86,6376.02,Plus,1,No,3.09,No,No,5G,0,129,No,2
MRD-009486,No,37.32,29,1746.39,Basic,4,Yes,4.89,Yes,No,4G,0,859,Yes,9
MRD-009487,Yes,40.15,96,5154.59,Basic,3,No,1.65,Yes,No,5G,3,628,Yes,4
MRD-009488,No,50.25,13,220.26,Plus,2,No,13.53,No,No,5G,0,1458,No,10
MRD-009489,No,63.02,63,4598.13,Plus,4,No,0.76,Yes,No,5G,1,1232,Yes,4
MRD-009490,Yes,36.74,57,3122.66,Basic,1,No,0.1,No,No,5G,0,405,No,6
MRD-009491,Yes,99.23,56,3423.22,Premium,2,No,7.99,Yes,No,4G,1,183,No,7
MRD-009492,No,37.38,22,1955.81,Basic,2,No,0.42,Yes,No,4G,1,1167,No,5
MRD-009493,No,35.87,61,1671.99,Basic,1,No,0.63,Yes,No,4G,0,308,No,9
MRD-009494,No,64.54,27,2628.09,Plus,2,No,4.94,No,Yes,4G,1,216,No,5
MRD-009495,No,119.44,72,5116.93,Premium,5,No,2.9,Yes,Yes,5G,2,1444,Yes,9
MRD-009496,No,58.62,61,5164.6,Plus,1,No,0.3,Yes,Yes,4G,2,1420,No,6
MRD-009497,No,97.53,90,11977.55,Premium,3,Yes,7.65,No,No,5G,1,382,Yes,6
MRD-009498,No,57.8,34,1012.03,Plus,3,Yes,4.61,Yes,No,5G,2,725,Yes,5
MRD-009499,No,64.04,9,450.37,Plus,1,Yes,0.82,Yes,No,4G,1,1348,No,9
MRD-009500,Yes,39.48,91,2880.33,Basic,1,Yes,3.95,No,Yes,5G,1,69,No,3
MRD-009501,No,60.39,23,1471.74,Plus,1,No,2.08,Yes,No,5G,2,1338,No,10
MRD-009502,No,45.11,38,803.25,Plus,2,No,0.57,Yes,No,4G,2,366,No,7
MRD-009503,No,111.74,49,5325.12,Premium,1,Yes,0.23,Yes,Yes,4G,2,1146,No,3
MRD-009504,No,29.97,51,3325.86,Basic,1,No,8.61,Yes,No,5G,2,1207,No,4
MRD-009505,No,66.7,38,1908.51,Plus,1,No,12.13,Yes,Yes,4G,2,1120,No,2
MRD-009506,Yes,41.17,8,200.3,Basic,1,No,5.6,Yes,No,4G,4,72,No,4
MRD-009507,Yes,41.4,20,2137.55,Basic,3,No,5.76,Yes,Yes,5G,1,7,Yes,9
MRD-009508,No,62.34,27,1587.22,Plus,2,No,2.86,No,No,5G,2,1268,No,1
MRD-009509,Yes,29.27,96,3693.38,Basic,2,No,0.41,Yes,No,5G,0,177,No,3
MRD-009510,No,58.58,60,3288.39,Plus,1,No,4.71,Yes,No,4G,1,399,No,1
MRD-009511,No,60.28,5,863.42,Plus,2,No,2.91,Yes,Yes,5G,1,1044,No,3
MRD-009512,No,66.89,15,2084.6,Plus,2,No,5.9,Yes,Yes,5G,2,1425,No,4
MRD-009513,No,85.99,87,4229.07,Premium,1,No,1.11,Yes,Yes,5G,2,1152,No,9
MRD-009514,Yes,47.63,3,26.37,Plus,2,No,3.79,No,No,5G,2,649,No,6
MRD-009515,Yes,68.99,2,125.94,Plus,2,No,4.22,Yes,No,5G,3,718,No,10
MRD-009516,No,103.89,95,10447.04,Premium,4,No,12.96,Yes,No,4G,3,388,Yes,3
MRD-009517,No,65.5,74,3315.96,Plus,2,No,10.05,Yes,No,4G,0,417,No,2
MRD-009518,No,68.1,9,842.4,Plus,3,Yes,3.49,Yes,No,5G,2,1180,Yes,2
MRD-009519,Yes,56.54,77,1717.95,Plus,1,No,3.61,No,No,5G,3,366,No,8
MRD-009520,No,93.04,6,364.26,Premium,2,No,7.39,Yes,No,5G,1,1078,No,3
MRD-009521,No,56.08,50,1173.64,Plus,1,No,0.71,Yes,No,5G,1,942,No,3
MRD-009522,No,27.84,81,2595.08,Basic,2,Yes,3.44,Yes,No,5G,2,541,No,8
MRD-009523,No,57.33,22,1181.6,Plus,2,No,0.44,Yes,No,5G,3,260,No,5
MRD-009524,No,57.23,46,3563.29,Plus,2,No,2.64,No,Yes,4G,1,234,No,8
MRD-009525,Yes,96.59,24,2215.83,Premium,1,No,0.88,No,Yes,5G,2,638,No,1
MRD-009526,No,57.21,55,5038.61,Plus,2,No,1.21,Yes,Yes,5G,3,348,No,1
MRD-009527,Yes,26.62,40,835.53,Basic,2,No,5.54,Yes,Yes,5G,2,754,No,10
MRD-009528,No,62.04,71,4484.16,Plus,5,No,2.01,No,Yes,5G,1,790,Yes,6
MRD-009529,No,108.68,24,2223.78,Premium,1,No,0.23,No,Yes,5G,1,131,No,1
MRD-009530,No,35.25,46,2433.1,Basic,2,No,3.18,No,Yes,5G,0,1178,No,8
MRD-009531,No,62.84,92,7880.48,Plus,1,No,4.77,No,Yes,5G,1,333,No,9
MRD-009532,No,91.96,89,4040.84,Premium,1,No,2.58,Yes,No,5G,0,1428,No,6
MRD-009533,No,24.44,43,1565.21,Basic,2,Yes,0.92,Yes,No,4G,1,925,No,1
MRD-009534,No,60.61,14,1640.44,Plus,1,No,0.57,Yes,No,5G,0,397,No,4
MRD-009535,No,63.94,26,1503.02,Plus,2,No,4.12,Yes,No,5G,0,1199,No,8
MRD-009536,Yes,60.58,28,3815.01,Plus,2,No,1.59,Yes,Yes,4G,2,163,No,4
MRD-009537,No,57.7,37,1435.6,Plus,4,No,2.94,No,Yes,5G,0,643,Yes,6
MRD-009538,Yes,59.51,29,2125.17,Plus,1,No,1.21,Yes,No,4G,3,1449,No,6
MRD-009539,No,38.05,30,2107.15,Basic,1,No,2.41,Yes,Yes,5G,1,1266,No,1
MRD-009540,No,50.76,70,1888.81,Plus,5,Yes,2.7,Yes,No,4G,1,966,Yes,7
MRD-009541,No,31.49,19,266.51,Basic,3,No,1.27,Yes,No,5G,1,1425,Yes,8
MRD-009542,Yes,41.59,31,1829.07,Basic,2,No,3.68,Yes,Yes,5G,0,216,No,10
MRD-009543,Yes,32.41,0,0.0,Basic,1,No,15.82,Yes,No,4G,2,1304,No,5
MRD-009544,Yes,34.87,70,2822.33,Basic,2,No,5.72,Yes,No,5G,2,292,No,4
MRD-009545,Yes,40.77,19,835.52,Basic,3,No,5.46,No,Yes,5G,2,1201,Yes,2
MRD-009546,Yes,36.54,28,863.9,Basic,1,No,3.88,Yes,Yes,5G,0,771,No,2
MRD-009547,No,59.39,95,11824.06,Plus,1,No,7.42,Yes,Yes,5G,2,477,No,6
MRD-009548,Yes,58.82,4,392.28,Plus,1,Yes,2.88,Yes,No,5G,1,244,No,1
MRD-009549,No,54.09,15,1119.11,Plus,1,No,5.75,Yes,Yes,5G,3,1235,No,9
MRD-009550,No,112.63,13,2387.7,Premium,2,No,1.07,Yes,Yes,4G,0,137,No,10
MRD-009551,Yes,33.66,60,830.2,Basic,4,No,3.4,Yes,No,4G,0,301,Yes,7
MRD-009552,No,31.2,45,1637.38,Basic,3,No,1.17,No,No,4G,0,973,Yes,8
MRD-009553,No,80.93,73,8380.11,Premium,3,No,1.78,No,No,4G,0,690,Yes,9
MRD-009554,No,57.32,21,2145.7,Plus,1,No,3.21,Yes,No,4G,1,820,No,4
MRD-009555,No,22.6,83,1567.91,Basic,1,No,6.47,Yes,No,5G,1,1411,No,8
MRD-009556,No,94.6,29,6688.56,Premium,1,No,1.41,No,No,5G,0,420,No,10
MRD-009557,No,83.67,31,2246.38,Premium,1,No,0.35,Yes,Yes,5G,2,1434,No,4
MRD-009558,Yes,33.02,9,178.01,Basic,4,No,3.14,Yes,No,4G,0,48,Yes,6
MRD-009559,No,37.57,74,2009.27,Basic,3,No,5.19,Yes,Yes,4G,4,130,Yes,5
MRD-009560,No,39.37,48,1300.85,Basic,4,No,2.26,No,No,4G,0,913,Yes,4
MRD-009561,No,65.0,23,1766.98,Premium,1,No,1.17,No,Yes,4G,0,377,No,3
MRD-009562,Yes,43.85,26,1274.9,Basic,2,No,8.68,Yes,No,5G,4,769,No,9
MRD-009563,No,59.65,70,4118.08,Plus,1,No,1.1,Yes,Yes,5G,1,95,No,1
MRD-009564,No,39.25,80,1963.96,Basic,4,No,5.89,No,No,4G,2,48,Yes,6
MRD-009565,No,85.41,83,3698.53,Premium,3,No,3.32,Yes,Yes,5G,1,1287,Yes,9
MRD-009566,No,31.94,48,2802.41,Basic,2,Yes,4.52,Yes,Yes,4G,1,893,No,1
MRD-009567,Yes,37.0,15,1173.24,Basic,2,No,7.33,No,Yes,5G,2,1059,No,4
MRD-009568,No,74.31,36,2445.01,Premium,2,No,5.72,Yes,Yes,5G,0,1483,No,7
MRD-009569,No,46.64,93,5514.45,Plus,2,No,2.72,Yes,Yes,4G,2,648,No,8
MRD-009570,Yes,37.05,33,1640.5,Basic,1,No,7.13,Yes,No,5G,4,287,No,6
MRD-009571,No,70.25,39,2840.83,Plus,1,Yes,6.29,No,No,5G,4,1203,No,7
MRD-009572,No,100.85,85,10990.54,Premium,1,No,2.11,Yes,No,5G,1,650,No,1
MRD-009573,No,35.54,75,1337.83,Basic,3,No,2.89,No,Yes,5G,2,263,Yes,7
MRD-009574,No,54.52,40,1794.4,Plus,1,No,0.42,Yes,No,4G,1,516,No,7
MRD-009575,No,35.71,27,816.14,Basic,1,No,4.72,Yes,No,5G,0,1410,No,8
MRD-009576,No,88.49,85,14007.17,Premium,2,No,2.23,Yes,No,5G,4,70,No,8
MRD-009577,No,42.2,31,960.04,Plus,5,No,4.49,Yes,Yes,5G,3,271,Yes,3
MRD-009578,No,66.86,87,6855.92,Plus,4,Yes,1.33,No,Yes,5G,2,975,Yes,7
MRD-009579,No,84.38,17,896.76,Premium,2,No,1.72,Yes,No,5G,1,914,No,9
MRD-009580,Yes,33.8,30,552.32,Basic,2,No,4.52,Yes,No,4G,3,1236,No,8
MRD-009581,No,50.54,57,1239.24,Plus,3,No,2.73,Yes,Yes,4G,2,670,Yes,1
MRD-009582,No,37.41,78,3006.32,Basic,1,No,0.23,Yes,Yes,5G,0,89,No,9
MRD-009583,No,45.45,67,3095.23,Plus,1,No,1.71,Yes,No,4G,1,373,No,10
MRD-009584,No,110.87,67,6732.76,Premium,2,Yes,2.42,No,No,5G,2,333,No,5
MRD-009585,Yes,24.03,75,1736.67,Basic,2,Yes,6.71,Yes,Yes,5G,2,537,No,1
MRD-009586,Yes,31.79,70,2505.7,Basic,3,No,1.03,Yes,Yes,5G,2,415,Yes,4
MRD-009587,No,56.76,51,2128.62,Plus,3,No,3.85,Yes,No,4G,1,1399,Yes,10
MRD-009588,No,35.94,96,2096.38,Basic,3,No,2.05,No,Yes,5G,4,1493,Yes,5
MRD-009589,No,99.51,52,5953.58,Premium,1,No,1.7,Yes,Yes,5G,1,570,No,7
MRD-009590,No,34.12,93,3075.79,Basic,3,No,3.14,Yes,Yes,5G,4,344,Yes,1
MRD-009591,No,37.03,58,2661.68,Basic,4,Yes,0.91,Yes,Yes,5G,4,1316,Yes,10
MRD-009592,No,36.82,91,3295.69,Basic,2,No,2.31,Yes,No,4G,1,1304,No,7
MRD-009593,No,120.53,24,2190.56,Premium,3,No,5.88,No,No,4G,2,102,Yes,2
MRD-009594,No,58.45,91,6010.93,Plus,2,No,4.15,No,Yes,5G,2,1451,No,6
MRD-009595,No,49.41,75,2953.68,Plus,3,No,1.52,Yes,No,4G,2,718,Yes,4
MRD-009596,No,91.32,88,9565.05,Premium,2,No,3.41,No,No,4G,0,334,No,4
MRD-009597,No,40.65,21,785.64,Basic,5,No,3.67,Yes,Yes,5G,3,1121,Yes,6
MRD-009598,Yes,38.62,87,1753.23,Basic,1,No,3.78,Yes,No,5G,3,1059,No,8
MRD-009599,Yes,35.88,22,685.65,Basic,1,No,2.48,No,No,5G,2,1039,No,10
MRD-009600,No,90.35,80,4689.57,Premium,4,No,1.65,Yes,Yes,4G,0,249,Yes,9
MRD-009601,No,51.75,24,1305.28,Plus,4,No,0.63,Yes,No,5G,3,709,Yes,2
MRD-009602,No,32.35,80,4865.12,Basic,2,No,1.1,No,No,4G,1,1075,No,9
MRD-009603,Yes,41.85,15,1226.72,Basic,2,No,1.09,Yes,No,5G,2,836,No,4
MRD-009604,No,62.15,90,14140.42,Plus,2,No,3.83,No,No,5G,0,1168,No,3
MRD-009605,No,67.63,35,3486.63,Plus,1,Yes,0.96,Yes,No,5G,1,284,No,4
MRD-009606,No,59.85,63,4266.37,Plus,4,No,0.23,Yes,No,5G,3,848,Yes,4
MRD-009607,No,91.32,38,1987.65,Premium,3,No,0.29,Yes,Yes,5G,3,1317,Yes,7
MRD-009608,Yes,33.49,75,2147.13,Basic,1,No,2.42,Yes,No,5G,1,262,No,8
MRD-009609,No,36.52,57,1885.72,Basic,1,No,4.53,Yes,No,4G,3,1015,No,4
MRD-009610,No,75.13,66,5758.68,Plus,1,Yes,2.57,No,No,5G,0,570,No,10
MRD-009611,No,97.72,26,3821.66,Premium,3,Yes,6.27,Yes,No,5G,1,94,Yes,3
MRD-009612,No,120.8,42,3422.58,Premium,4,No,3.05,Yes,No,5G,1,620,Yes,6
MRD-009613,No,54.56,5,506.74,Plus,4,No,1.47,Yes,No,5G,0,271,Yes,1
MRD-009614,No,114.03,42,6439.01,Premium,5,No,3.72,Yes,Yes,4G,1,133,Yes,3
MRD-009615,No,32.79,74,3194.7,Basic,3,No,3.44,Yes,No,5G,4,781,Yes,1
MRD-009616,No,27.4,71,1925.48,Basic,1,No,0.83,Yes,No,4G,1,349,No,4
MRD-009617,No,62.44,58,4757.14,Plus,2,No,0.29,Yes,No,4G,0,187,No,3
MRD-009618,No,100.39,19,3693.88,Premium,2,No,5.28,No,No,4G,2,1276,No,3
MRD-009619,No,106.55,88,11361.92,Premium,4,No,1.39,Yes,Yes,5G,1,103,Yes,7
MRD-009620,No,34.19,20,743.21,Basic,3,Yes,0.76,Yes,Yes,5G,2,837,Yes,9
MRD-009621,No,52.01,52,6325.42,Plus,3,No,6.34,No,Yes,4G,1,572,Yes,9
MRD-009622,Yes,28.61,47,1112.56,Basic,4,No,2.59,Yes,No,5G,1,924,Yes,8
MRD-009623,No,30.26,81,7814.72,Basic,1,No,4.82,Yes,Yes,5G,1,184,No,5
MRD-009624,No,34.68,60,1826.63,Basic,3,No,2.53,Yes,Yes,4G,0,1364,Yes,1
MRD-009625,No,76.02,27,1228.0,Premium,2,No,1.66,Yes,Yes,4G,3,71,No,10
MRD-009626,No,30.02,36,1698.71,Basic,4,No,0.25,Yes,No,5G,1,1222,Yes,9
MRD-009627,No,35.64,4,281.13,Basic,1,No,1.83,Yes,No,4G,1,1077,No,7
MRD-009628,No,71.2,22,1956.6,Plus,1,No,0.64,Yes,Yes,5G,2,50,No,8
MRD-009629,No,34.53,93,1739.75,Basic,3,Yes,5.62,Yes,No,5G,3,364,Yes,4
MRD-009630,No,86.01,23,1470.55,Premium,1,No,3.94,Yes,No,5G,3,1029,No,10
MRD-009631,No,95.07,64,4303.92,Premium,3,No,1.11,Yes,No,5G,2,738,Yes,10
MRD-009632,No,72.99,39,4522.83,Plus,2,No,2.54,Yes,No,5G,2,1326,No,10
MRD-009633,No,34.64,59,1330.34,Basic,2,Yes,1.78,Yes,No,5G,1,168,No,8
MRD-009634,No,56.17,3,61.73,Plus,2,No,3.06,No,Yes,4G,1,198,No,9
MRD-009635,No,32.65,96,3034.47,Basic,1,No,5.95,No,No,4G,1,613,No,7
MRD-009636,Yes,30.96,34,1596.71,Basic,1,Yes,1.95,Yes,Yes,4G,0,1408,No,6
MRD-009637,Yes,32.95,39,935.4,Basic,1,No,1.55,Yes,Yes,4G,2,970,No,2
MRD-009638,No,57.85,65,3682.77,Plus,5,No,2.13,Yes,No,5G,1,1423,Yes,7
MRD-009639,No,32.62,55,1792.36,Basic,2,Yes,1.69,Yes,Yes,5G,1,542,No,9
MRD-009640,No,93.81,31,3131.66,Premium,1,No,6.18,No,Yes,4G,1,1116,No,3
MRD-009641,No,58.15,81,7202.8,Plus,2,No,0.58,Yes,No,4G,1,94,No,4
MRD-009642,Yes,56.66,2,189.44,Plus,1,No,1.05,No,No,4G,0,251,No,2
MRD-009643,Yes,29.78,28,577.01,Basic,1,No,0.39,No,No,5G,1,682,No,9
MRD-009644,No,111.42,95,10466.99,Premium,1,No,6.33,No,No,5G,3,980,No,2
MRD-009645,No,48.16,59,2325.36,Plus,5,No,5.38,No,No,5G,1,855,Yes,4
MRD-009646,No,45.59,74,3786.6,Plus,4,No,5.77,Yes,Yes,5G,4,1168,Yes,3
MRD-009647,Yes,37.52,65,2624.19,Basic,1,No,5.58,Yes,No,4G,2,1353,No,3
MRD-009648,No,65.5,88,5049.68,Plus,4,Yes,3.73,Yes,No,5G,1,998,Yes,8
MRD-009649,No,58.67,51,1957.78,Plus,4,Yes,6.11,Yes,Yes,5G,0,899,Yes,8
MRD-009650,No,105.43,34,3545.25,Premium,1,No,1.03,Yes,Yes,5G,1,462,No,4
MRD-009651,Yes,56.09,93,6349.07,Plus,3,No,7.85,No,No,5G,3,1310,Yes,5
MRD-009652,No,94.31,48,4670.55,Premium,1,No,4.42,Yes,Yes,4G,4,1099,No,2
MRD-009653,Yes,36.93,89,4007.98,Basic,2,Yes,4.21,No,Yes,5G,2,1396,No,6
MRD-009654,No,33.66,11,672.9,Basic,4,No,0.75,No,Yes,5G,4,1461,Yes,1
MRD-009655,No,26.13,24,647.15,Basic,3,No,5.47,Yes,Yes,4G,1,1047,Yes,4
MRD-009656,No,95.39,89,7834.88,Premium,3,No,8.81,Yes,No,5G,0,434,Yes,10
MRD-009657,No,42.8,62,2844.84,Basic,1,No,5.91,Yes,No,5G,1,1250,No,2
MRD-009658,Yes,60.75,33,3386.39,Plus,1,No,1.97,Yes,No,5G,3,924,No,8
MRD-009659,No,94.88,58,6549.92,Premium,1,No,2.76,No,No,4G,2,721,No,4
MRD-009660,Yes,112.82,1,86.11,Premium,1,No,1.63,No,No,5G,2,844,No,5
MRD-009661,No,86.33,53,6091.13,Premium,1,No,0.17,Yes,Yes,4G,2,664,No,6
MRD-009662,No,72.54,80,6987.76,Plus,2,No,5.74,Yes,Yes,5G,0,444,No,7
MRD-009663,No,55.85,72,3098.41,Plus,3,No,1.5,Yes,No,4G,2,521,Yes,10
MRD-009664,No,92.44,74,17085.14,Premium,1,No,1.89,Yes,No,4G,3,139,No,9
MRD-009665,Yes,46.99,62,2949.04,Plus,2,Yes,5.55,No,No,5G,0,1389,No,1
MRD-009666,Yes,28.85,14,861.05,Basic,1,No,10.93,Yes,Yes,4G,4,96,No,8
MRD-009667,No,116.96,75,8312.2,Premium,1,No,1.09,No,No,4G,3,488,No,7
MRD-009668,Yes,40.72,34,2724.74,Basic,4,No,2.54,Yes,No,4G,1,656,Yes,8
MRD-009669,No,46.26,47,1525.67,Plus,2,No,9.28,No,No,5G,2,156,No,10
MRD-009670,Yes,24.27,86,1396.62,Basic,4,No,4.65,Yes,No,4G,1,24,Yes,2
MRD-009671,Yes,27.51,41,2643.81,Basic,1,Yes,10.51,No,No,5G,2,1247,No,2
MRD-009672,No,57.23,35,3385.72,Plus,5,No,0.56,No,Yes,5G,1,573,Yes,4
MRD-009673,No,50.08,11,737.98,Plus,1,No,0.25,Yes,Yes,5G,3,981,No,1
MRD-009674,No,26.0,86,3008.32,Basic,1,No,0.62,Yes,Yes,4G,1,953,No,7
MRD-009675,Yes,38.98,91,3678.89,Basic,1,Yes,4.77,No,Yes,5G,0,12,No,8
MRD-009676,No,53.99,51,1870.31,Plus,5,No,2.12,No,Yes,4G,3,1417,Yes,6
MRD-009677,No,52.72,7,252.63,Plus,1,No,3.06,No,Yes,5G,1,1183,No,3
MRD-009678,No,69.06,72,2412.78,Plus,2,No,4.35,Yes,Yes,5G,1,327,No,3
MRD-009679,No,53.03,58,1272.88,Plus,2,No,4.52,Yes,No,5G,0,794,No,6
MRD-009680,Yes,39.93,70,1927.92,Basic,2,No,2.66,No,No,5G,2,337,No,1
MRD-009681,Yes,31.74,57,1131.86,Basic,2,No,4.26,Yes,Yes,4G,2,1290,No,1
MRD-009682,No,73.78,69,4389.65,Plus,3,No,5.0,Yes,No,4G,1,1020,Yes,7
MRD-009683,No,62.38,31,2309.56,Plus,5,No,1.95,No,Yes,4G,2,718,Yes,6
MRD-009684,No,65.89,26,2571.56,Plus,5,No,1.55,Yes,Yes,4G,1,470,Yes,3
MRD-009685,Yes,30.61,78,3283.05,Basic,2,Yes,1.33,Yes,No,4G,2,1457,No,2
MRD-009686,No,82.64,86,5973.33,Premium,3,No,0.91,No,No,4G,4,1428,Yes,1
MRD-009687,Yes,105.52,20,1916.08,Premium,1,No,1.85,Yes,No,4G,5,242,No,1
MRD-009688,No,31.98,11,390.57,Basic,1,No,2.06,Yes,No,4G,1,1116,No,8
MRD-009689,No,104.36,18,2749.59,Premium,3,No,3.13,No,Yes,5G,0,947,Yes,7
MRD-009690,Yes,37.92,1,0.0,Basic,3,No,3.8,No,No,5G,1,853,Yes,8
MRD-009691,Yes,54.47,8,458.03,Plus,4,No,2.58,Yes,Yes,5G,4,1066,Yes,2
MRD-009692,No,21.36,96,3445.48,Basic,1,Yes,1.17,Yes,No,5G,3,1165,No,7
MRD-009693,No,66.82,81,7307.64,Plus,1,No,1.52,Yes,Yes,5G,0,1114,No,8
MRD-009694,No,52.01,33,4754.08,Plus,1,Yes,2.12,Yes,No,5G,2,1085,No,4
MRD-009695,Yes,33.87,31,702.09,Basic,3,No,4.32,Yes,No,4G,1,306,Yes,6
MRD-009696,No,35.34,41,885.72,Basic,2,No,9.51,Yes,No,5G,1,800,No,3
MRD-009697,No,33.76,55,2651.62,Basic,1,No,2.29,Yes,No,5G,1,546,No,6
MRD-009698,No,38.95,85,3741.49,Basic,4,No,1.36,Yes,Yes,5G,0,722,Yes,4
MRD-009699,No,30.76,44,2831.92,Basic,2,No,10.53,Yes,Yes,5G,0,1230,No,10
MRD-009700,No,59.99,62,4937.32,Plus,5,No,9.47,Yes,No,4G,3,1373,Yes,3
MRD-009701,No,42.92,3,250.35,Basic,1,No,6.14,No,No,5G,2,707,No,9
MRD-009702,No,63.26,38,1762.4,Plus,5,Yes,1.36,Yes,No,4G,2,470,Yes,5
MRD-009703,No,35.62,51,1598.98,Basic,4,No,4.23,Yes,Yes,5G,2,668,Yes,2
MRD-009704,No,66.79,86,4505.74,Plus,5,No,3.97,Yes,No,4G,1,102,Yes,2
MRD-009705,No,101.83,4,198.37,Premium,1,No,1.11,No,No,4G,2,272,No,1
MRD-009706,No,93.18,24,3272.91,Premium,4,Yes,5.81,No,Yes,5G,2,749,Yes,6
MRD-009707,No,61.77,42,2631.34,Plus,3,No,1.64,Yes,Yes,4G,2,47,Yes,9
MRD-009708,No,63.85,37,1735.87,Plus,1,No,2.6,No,Yes,4G,3,224,No,7
MRD-009709,No,113.56,27,2126.63,Premium,2,No,2.47,No,No,4G,2,1421,No,7
MRD-009710,Yes,55.55,16,1214.95,Plus,2,Yes,1.3,Yes,No,5G,2,16,No,4
MRD-009711,No,39.56,2,285.04,Basic,1,No,4.04,No,Yes,5G,1,395,No,3
MRD-009712,No,33.16,61,1086.54,Basic,1,No,0.4,No,No,5G,4,587,No,4
MRD-009713,No,26.97,18,736.51,Basic,1,No,1.71,Yes,No,5G,2,381,No,4
MRD-009714,No,62.03,34,2492.6,Plus,2,Yes,0.63,No,Yes,4G,0,146,No,7
MRD-009715,No,88.42,3,343.61,Premium,1,No,5.81,Yes,No,5G,4,626,No,2
MRD-009716,No,63.35,37,1779.88,Plus,2,No,0.87,No,Yes,5G,3,69,No,1
MRD-009717,No,42.74,57,4747.71,Basic,1,No,4.43,Yes,Yes,5G,2,1136,No,4
MRD-009718,No,35.04,26,1237.65,Basic,5,No,2.09,Yes,No,5G,1,298,Yes,4
MRD-009719,No,69.24,32,3346.1,Plus,3,No,2.94,No,No,4G,0,202,Yes,10
MRD-009720,No,55.62,83,5548.91,Plus,5,No,4.67,Yes,Yes,5G,5,569,Yes,6
MRD-009721,Yes,45.49,23,1103.68,Plus,1,Yes,3.15,Yes,Yes,4G,0,1379,No,9
MRD-009722,No,64.93,17,382.97,Plus,1,No,1.48,Yes,Yes,5G,1,1181,No,7
MRD-009723,No,53.84,40,2983.16,Plus,2,No,1.24,Yes,No,5G,1,802,No,3
MRD-009724,Yes,27.02,27,1004.44,Basic,2,Yes,9.65,Yes,No,5G,1,114,No,3
MRD-009725,No,76.63,18,1250.28,Plus,3,Yes,8.89,Yes,Yes,5G,3,495,Yes,4
MRD-009726,No,63.36,24,1955.21,Plus,2,Yes,0.45,Yes,No,5G,1,1416,No,10
MRD-009727,No,31.13,45,1144.21,Basic,2,Yes,4.17,Yes,No,4G,5,1396,No,1
MRD-009728,No,122.49,52,6845.53,Premium,2,No,1.91,Yes,Yes,5G,3,1130,No,3
MRD-009729,No,35.11,71,5641.84,Basic,2,No,2.89,No,Yes,5G,1,678,No,5
MRD-009730,No,37.06,2,66.56,Basic,2,No,1.51,No,Yes,5G,1,766,No,1
MRD-009731,No,59.44,20,640.09,Plus,3,No,15.46,Yes,No,5G,4,214,Yes,7
MRD-009732,No,60.16,44,6011.16,Plus,2,Yes,1.33,No,Yes,4G,3,133,No,7
MRD-009733,No,34.98,43,1826.23,Basic,2,Yes,10.83,Yes,Yes,4G,1,1104,No,10
MRD-009734,No,62.73,29,2067.81,Plus,3,Yes,11.2,Yes,No,5G,1,858,Yes,9
MRD-009735,No,57.43,44,4994.49,Plus,1,No,3.72,Yes,Yes,5G,0,1047,No,5
MRD-009736,No,36.9,46,2759.99,Basic,5,No,6.46,Yes,No,5G,1,1471,Yes,1
MRD-009737,No,59.26,90,9498.02,Plus,4,No,10.1,No,No,4G,4,1203,Yes,6
MRD-009738,No,69.3,40,4092.23,Plus,1,No,1.72,Yes,Yes,4G,1,1218,No,10
MRD-009739,No,45.21,69,4838.05,Plus,2,No,1.16,No,No,5G,3,9,No,7
MRD-009740,No,81.81,15,958.26,Premium,1,No,4.16,Yes,Yes,5G,2,483,No,9
MRD-009741,No,47.41,89,4099.27,Plus,2,No,4.64,Yes,No,5G,0,729,No,1
MRD-009742,Yes,30.74,9,363.83,Basic,1,No,2.01,No,No,5G,1,675,No,4
MRD-009743,Yes,27.3,3,44.62,Basic,3,Yes,1.33,Yes,Yes,4G,0,1343,Yes,10
MRD-009744,No,50.64,92,4190.15,Plus,2,No,12.55,Yes,Yes,4G,2,643,No,5
MRD-009745,No,40.88,57,2144.56,Basic,2,No,2.73,Yes,No,5G,1,1052,No,6
MRD-009746,Yes,31.69,47,1484.05,Basic,1,No,3.17,Yes,No,5G,2,254,No,5
MRD-009747,No,65.59,31,879.76,Plus,2,No,0.88,Yes,Yes,4G,2,1467,No,7
MRD-009748,No,53.97,66,2927.68,Plus,2,No,6.26,Yes,Yes,5G,0,113,No,9
MRD-009749,No,40.01,82,4533.63,Basic,1,No,4.28,Yes,No,5G,1,12,No,9
MRD-009750,No,50.73,74,2805.69,Plus,2,No,1.58,Yes,No,4G,4,411,No,5
MRD-009751,No,42.26,29,1008.77,Basic,4,No,0.99,Yes,Yes,5G,3,1465,Yes,5
MRD-009752,Yes,40.22,4,297.77,Basic,1,No,4.6,No,No,5G,2,1445,No,2
MRD-009753,No,32.22,2,247.56,Basic,2,Yes,1.22,Yes,Yes,5G,0,628,No,1
MRD-009754,Yes,63.14,66,5579.68,Plus,2,No,2.77,No,No,4G,0,411,No,2
MRD-009755,Yes,32.79,47,2512.31,Basic,3,No,4.91,No,Yes,4G,2,578,Yes,2
MRD-009756,No,54.45,54,1471.25,Plus,1,No,0.74,No,No,4G,1,828,No,8
MRD-009757,Yes,39.88,67,3251.36,Basic,1,No,4.34,Yes,No,4G,3,332,No,6
MRD-009758,No,108.63,15,1378.95,Premium,1,No,4.33,Yes,Yes,5G,1,246,No,9
MRD-009759,No,98.92,33,1857.2,Premium,1,Yes,0.57,Yes,Yes,4G,2,759,No,8
MRD-009760,No,58.15,23,3312.05,Plus,2,No,1.83,No,Yes,5G,0,95,No,5
MRD-009761,No,29.97,55,1695.37,Basic,5,No,1.31,Yes,No,5G,0,321,Yes,3
MRD-009762,No,63.93,46,3275.19,Plus,2,No,4.02,No,Yes,5G,3,1396,No,9
MRD-009763,No,46.75,89,7073.96,Basic,3,No,6.71,No,No,5G,1,1083,Yes,4
MRD-009764,No,66.23,63,4027.11,Plus,1,No,4.32,No,No,4G,2,1080,No,3
MRD-009765,No,38.67,95,1805.94,Basic,2,Yes,2.13,No,Yes,5G,2,1400,No,3
MRD-009766,Yes,45.01,65,2189.64,Basic,3,Yes,0.05,Yes,No,5G,1,1314,Yes,10
MRD-009767,No,64.63,22,1904.66,Plus,1,No,4.97,Yes,Yes,5G,0,1298,No,10
MRD-009768,No,65.44,56,3011.26,Plus,2,Yes,1.1,No,No,5G,0,607,No,10
MRD-009769,No,44.33,63,2205.24,Basic,1,No,9.36,Yes,Yes,5G,0,1288,No,5
MRD-009770,No,31.08,19,905.23,Basic,1,No,3.81,No,Yes,5G,1,390,No,10
MRD-009771,No,41.99,9,540.38,Basic,1,No,5.53,No,Yes,5G,3,82,No,6
MRD-009772,No,57.04,50,3285.06,Plus,1,Yes,1.35,Yes,Yes,4G,2,75,No,9
MRD-009773,Yes,46.81,80,2047.92,Plus,2,No,1.09,Yes,Yes,5G,2,1241,No,5
MRD-009774,Yes,33.3,27,1526.85,Basic,2,No,1.16,Yes,Yes,5G,0,1118,No,8
MRD-009775,No,65.0,11,656.39,Premium,2,No,0.85,Yes,Yes,5G,1,716,No,7
MRD-009776,No,30.16,70,1860.61,Basic,3,No,0.35,Yes,No,4G,1,1194,Yes,9
MRD-009777,No,36.68,12,431.18,Basic,2,Yes,0.82,Yes,Yes,4G,3,806,No,5
MRD-009778,No,113.82,48,5359.95,Premium,1,No,1.19,No,No,4G,2,1057,No,7
MRD-009779,No,61.93,34,2027.86,Plus,3,Yes,7.22,No,No,4G,1,608,Yes,3
MRD-009780,Yes,91.69,10,700.87,Premium,1,No,8.12,No,No,5G,1,7,No,5
MRD-009781,No,84.2,40,4526.34,Premium,4,No,2.22,Yes,No,4G,2,1344,Yes,4
MRD-009782,No,31.95,83,3265.39,Basic,4,No,8.96,Yes,No,5G,1,458,Yes,10
MRD-009783,No,94.53,77,4664.27,Premium,2,No,0.71,No,Yes,4G,1,333,No,6
MRD-009784,No,49.57,67,4211.0,Plus,5,Yes,3.95,No,No,5G,0,913,Yes,7
MRD-009785,No,50.83,11,441.76,Plus,2,No,1.11,No,No,5G,2,476,No,6
MRD-009786,No,67.18,89,6222.73,Plus,5,No,10.83,Yes,Yes,5G,4,647,Yes,7
MRD-009787,No,56.0,38,2256.19,Plus,1,Yes,14.38,Yes,No,5G,1,270,No,4
MRD-009788,No,25.46,56,1862.37,Basic,2,Yes,3.5,Yes,Yes,5G,0,1006,No,6
MRD-009789,No,67.46,68,3933.97,Plus,3,No,7.0,Yes,Yes,5G,0,29,Yes,8
MRD-009790,Yes,39.01,46,1831.25,Basic,1,No,3.96,Yes,Yes,5G,0,555,No,8
MRD-009791,No,56.28,60,4715.18,Plus,3,No,1.71,Yes,Yes,5G,2,977,Yes,5
MRD-009792,Yes,43.4,70,1224.52,Basic,2,No,0.62,Yes,No,5G,1,1296,No,1
MRD-009793,Yes,38.5,80,5168.45,Basic,2,No,6.16,Yes,Yes,4G,2,405,No,4
MRD-009794,No,54.33,88,1920.79,Plus,1,No,7.99,Yes,No,5G,1,906,No,8
MRD-009795,No,47.09,26,1596.19,Plus,2,No,2.31,No,Yes,5G,1,820,No,1
MRD-009796,No,74.96,95,4619.77,Plus,1,No,4.28,Yes,Yes,4G,0,711,No,9
MRD-009797,No,62.04,31,4457.11,Plus,2,Yes,3.46,Yes,No,5G,0,124,No,5
MRD-009798,No,99.74,54,3573.6,Premium,3,No,4.27,Yes,No,5G,3,418,Yes,9
MRD-009799,No,38.41,24,1943.95,Basic,4,No,1.43,Yes,Yes,4G,0,118,Yes,4
MRD-009800,No,37.78,50,2510.15,Basic,4,No,0.54,Yes,Yes,5G,2,1123,Yes,7
MRD-009801,No,51.9,42,1801.64,Plus,4,No,6.9,No,Yes,5G,0,935,Yes,1
MRD-009802,No,46.57,75,3221.07,Plus,1,No,5.93,Yes,No,4G,1,672,No,7
MRD-009803,Yes,65.46,20,1009.86,Plus,2,No,6.66,No,No,5G,2,148,No,1
MRD-009804,No,38.42,19,1217.28,Basic,5,Yes,9.94,Yes,No,5G,1,1018,Yes,1
MRD-009805,No,49.29,47,3448.47,Plus,2,No,6.12,No,No,4G,3,207,No,8
MRD-009806,No,89.95,46,6007.43,Premium,1,No,1.18,No,No,5G,1,278,No,6
MRD-009807,No,56.53,24,2551.8,Plus,5,No,3.89,Yes,No,5G,1,734,Yes,6
MRD-009808,No,36.19,72,3140.44,Basic,1,No,1.76,Yes,No,5G,1,625,No,9
MRD-009809,No,35.16,28,785.74,Basic,1,Yes,1.83,No,Yes,4G,2,427,No,4
MRD-009810,No,94.29,31,2550.27,Premium,1,No,7.63,Yes,Yes,4G,0,759,No,9
MRD-009811,Yes,37.91,40,1356.18,Basic,1,No,2.61,No,Yes,5G,1,1162,No,9
MRD-009812,No,84.31,24,1267.82,Premium,1,No,0.23,Yes,No,5G,1,52,No,1
MRD-009813,No,57.98,58,6553.85,Plus,1,No,9.39,Yes,Yes,4G,3,987,No,3
MRD-009814,No,63.39,13,1736.03,Plus,1,No,0.65,Yes,Yes,5G,2,96,No,9
MRD-009815,No,88.79,48,4074.89,Premium,3,No,1.95,Yes,No,5G,3,1232,Yes,8
MRD-009816,Yes,45.86,45,3213.98,Plus,1,No,0.18,Yes,Yes,4G,0,233,No,10
MRD-009817,No,102.98,54,7172.97,Premium,2,No,2.4,Yes,No,5G,0,962,No,10
MRD-009818,No,67.08,42,2485.93,Plus,1,No,5.65,Yes,No,5G,4,1390,No,1
MRD-009819,Yes,42.54,6,447.63,Plus,2,No,0.35,No,No,4G,2,360,No,2
MRD-009820,No,38.17,51,2379.03,Basic,5,No,1.97,Yes,No,5G,0,540,Yes,9
MRD-009821,No,113.97,43,5155.09,Premium,5,No,2.12,Yes,No,4G,2,1293,Yes,7
MRD-009822,No,65.41,34,1783.73,Plus,2,Yes,7.15,Yes,Yes,5G,3,1491,No,8
MRD-009823,No,37.62,53,2514.63,Basic,4,No,0.23,Yes,Yes,5G,3,209,Yes,6
MRD-009824,No,93.44,86,6432.6,Premium,1,No,3.84,Yes,Yes,5G,0,737,No,2
MRD-009825,No,64.63,58,4350.99,Plus,2,No,0.38,Yes,No,5G,0,739,No,1
MRD-009826,No,69.58,86,2414.67,Plus,5,No,2.44,Yes,No,5G,3,371,Yes,6
MRD-009827,No,67.69,53,3709.74,Plus,1,No,1.6,Yes,Yes,5G,1,1414,No,3
MRD-009828,Yes,60.79,95,2058.91,Plus,4,No,1.53,No,No,4G,2,498,Yes,7
MRD-009829,No,50.08,88,8522.77,Plus,5,No,1.39,Yes,No,5G,2,364,Yes,8
MRD-009830,No,69.07,87,7759.86,Plus,1,No,5.78,Yes,No,5G,1,1457,No,2
MRD-009831,No,58.35,35,1805.94,Plus,2,No,7.74,No,Yes,5G,1,1285,No,4
MRD-009832,No,39.47,10,773.58,Basic,1,No,3.73,Yes,No,4G,1,187,No,3
MRD-009833,No,38.37,5,176.07,Basic,3,No,5.15,No,No,4G,3,989,Yes,5
MRD-009834,No,60.78,8,37.66,Plus,2,No,0.98,Yes,No,5G,2,681,No,8
MRD-009835,Yes,54.36,58,1574.02,Plus,2,No,2.72,Yes,No,4G,2,290,No,1
MRD-009836,No,56.91,25,1627.23,Plus,1,No,0.84,Yes,No,5G,1,1039,No,10
MRD-009837,No,27.73,64,2787.93,Basic,2,No,4.5,Yes,Yes,5G,2,1279,No,9
MRD-009838,No,33.4,37,1109.98,Basic,2,Yes,0.07,Yes,No,4G,0,108,No,6
MRD-009839,No,30.12,68,3297.43,Basic,5,Yes,7.48,No,Yes,5G,3,1390,Yes,10
MRD-009840,No,79.55,19,1366.72,Premium,2,No,0.81,Yes,No,5G,4,1105,No,8
MRD-009841,No,34.57,62,2209.99,Basic,3,No,1.24,Yes,Yes,4G,1,6,Yes,2
MRD-009842,No,46.91,84,3531.96,Plus,4,No,4.84,Yes,No,5G,1,151,Yes,1
MRD-009843,Yes,37.2,94,3410.37,Basic,2,No,3.31,Yes,No,5G,2,60,No,5
MRD-009844,No,33.7,50,2247.96,Basic,3,No,5.49,No,No,5G,3,264,Yes,9
MRD-009845,No,32.21,74,4440.03,Basic,2,Yes,0.88,No,Yes,5G,2,706,No,9
MRD-009846,No,76.63,15,1261.95,Plus,2,Yes,3.57,Yes,Yes,4G,1,88,No,9
MRD-009847,No,66.04,4,324.74,Plus,1,No,16.12,Yes,Yes,5G,2,1391,No,3
MRD-009848,Yes,26.9,61,2446.99,Basic,1,No,2.24,Yes,No,4G,1,461,No,7
MRD-009849,No,61.46,70,5466.86,Plus,2,No,7.64,No,Yes,5G,1,659,No,9
MRD-009850,No,50.96,2,216.71,Plus,2,No,2.08,Yes,No,5G,0,573,No,9
MRD-009851,No,53.88,49,4169.55,Plus,1,No,3.17,Yes,No,5G,0,1320,No,8
MRD-009852,No,85.04,52,3357.14,Premium,1,No,1.47,No,No,5G,0,1318,No,4
MRD-009853,No,63.36,63,4624.34,Plus,1,No,0.98,No,No,5G,1,320,No,1
MRD-009854,No,41.92,71,2710.37,Basic,1,No,6.68,Yes,No,5G,0,98,No,3
MRD-009855,No,33.94,34,1993.76,Basic,1,Yes,1.55,Yes,No,5G,2,1076,No,7
MRD-009856,No,53.31,0,212.99,Plus,2,No,6.48,Yes,Yes,5G,1,683,No,3
MRD-009857,Yes,104.49,82,19680.44,Premium,2,No,0.17,No,Yes,4G,1,325,No,4
MRD-009858,Yes,34.64,86,1480.84,Basic,3,No,1.55,Yes,No,5G,1,632,Yes,4
MRD-009859,No,40.8,70,3617.48,Basic,3,No,4.17,No,No,5G,3,429,Yes,6
MRD-009860,No,49.54,35,2934.68,Plus,3,Yes,0.16,Yes,No,5G,3,70,Yes,10
MRD-009861,No,111.2,93,15468.02,Premium,5,No,1.7,Yes,No,4G,2,1119,Yes,9
MRD-009862,No,62.11,56,1039.14,Plus,1,No,2.18,No,No,4G,1,756,No,4
MRD-009863,Yes,43.18,8,628.35,Basic,1,Yes,1.89,Yes,No,4G,2,644,No,7
MRD-009864,No,80.39,57,5503.82,Premium,4,No,0.91,No,Yes,5G,2,1431,Yes,4
MRD-009865,No,36.98,67,1906.66,Basic,3,No,1.96,Yes,No,5G,2,41,Yes,5
MRD-009866,No,111.3,65,3436.57,Premium,3,No,4.59,Yes,No,4G,2,231,Yes,6
MRD-009867,No,55.48,51,7545.79,Plus,1,Yes,6.02,Yes,No,5G,2,916,No,9
MRD-009868,No,36.43,64,3288.11,Basic,2,Yes,2.27,No,No,5G,1,1000,No,9
MRD-009869,Yes,66.95,51,3705.73,Plus,3,No,0.41,No,No,4G,2,967,Yes,4
MRD-009870,No,53.54,66,4819.81,Plus,1,No,0.78,No,Yes,4G,2,646,No,8
MRD-009871,No,89.8,13,1012.63,Premium,1,No,2.73,No,No,5G,1,901,No,4
MRD-009872,Yes,53.61,29,1032.14,Plus,3,No,1.72,No,No,5G,1,1037,Yes,4
MRD-009873,No,37.46,63,2017.64,Basic,3,No,0.38,No,No,5G,1,516,Yes,1
MRD-009874,No,60.46,82,3952.36,Plus,2,No,1.6,Yes,Yes,5G,1,821,No,5
MRD-009875,No,63.2,28,2789.59,Plus,2,No,1.63,No,No,4G,0,235,No,6
MRD-009876,No,97.43,79,8876.53,Premium,5,No,2.33,No,No,4G,1,53,Yes,3
MRD-009877,No,68.42,42,4975.69,Plus,5,Yes,2.98,Yes,No,4G,1,602,Yes,5
MRD-009878,No,70.95,58,9893.36,Plus,1,No,3.91,Yes,Yes,5G,0,757,No,8
MRD-009879,No,52.14,18,489.51,Plus,1,Yes,3.45,Yes,Yes,4G,1,249,No,6
MRD-009880,No,34.95,24,1199.06,Basic,1,No,4.73,Yes,No,5G,3,527,No,7
MRD-009881,No,59.92,40,2390.22,Plus,4,No,5.75,No,No,5G,2,1114,Yes,10
MRD-009882,No,109.83,30,4361.09,Premium,3,Yes,2.78,No,No,5G,2,80,Yes,10
MRD-009883,No,108.33,36,4002.72,Premium,2,Yes,7.92,Yes,No,5G,1,1275,No,7
MRD-009884,No,102.42,82,11550.9,Premium,1,No,1.91,Yes,Yes,5G,1,266,No,8
MRD-009885,No,86.65,36,2467.86,Premium,2,No,4.23,Yes,No,5G,2,1075,No,4
MRD-009886,Yes,36.79,75,2693.2,Basic,1,No,1.31,Yes,No,5G,2,1378,No,2
MRD-009887,No,50.32,71,8952.28,Basic,2,No,2.19,No,No,5G,2,48,No,3
MRD-009888,No,67.45,72,7454.28,Plus,1,No,4.4,Yes,No,5G,1,258,No,8
MRD-009889,No,38.55,74,2908.5,Basic,3,Yes,2.2,Yes,No,5G,2,1402,Yes,5
MRD-009890,Yes,31.49,64,2073.57,Basic,2,No,1.39,Yes,No,5G,2,190,No,3
MRD-009891,No,75.35,86,7786.05,Plus,1,No,6.69,Yes,No,4G,2,893,No,1
MRD-009892,No,97.63,76,7230.67,Premium,2,No,0.76,Yes,No,5G,0,1241,No,2
MRD-009893,Yes,64.83,45,8708.11,Plus,1,No,0.64,Yes,No,4G,5,304,No,5
MRD-009894,No,80.62,31,1717.89,Premium,3,No,0.43,No,Yes,4G,2,1348,Yes,10
MRD-009895,No,67.84,66,6325.34,Plus,1,No,5.47,Yes,Yes,5G,0,512,No,7
MRD-009896,No,53.6,35,1341.79,Plus,2,No,2.23,No,Yes,5G,1,1090,No,3
MRD-009897,Yes,34.12,52,8442.9,Basic,1,No,2.8,No,No,5G,0,1169,No,1
MRD-009898,No,96.2,12,757.26,Premium,4,No,1.4,No,Yes,5G,1,1000,Yes,2
MRD-009899,No,86.38,14,1893.81,Premium,2,No,0.23,Yes,Yes,4G,4,554,No,8
MRD-009900,No,80.91,17,1701.84,Premium,3,Yes,2.9,No,Yes,5G,1,1061,Yes,5
MRD-009901,No,62.46,8,870.33,Plus,1,No,3.18,No,No,5G,2,584,No,2
MRD-009902,No,37.92,22,279.83,Basic,3,No,0.89,Yes,No,5G,0,320,Yes,3
MRD-009903,No,69.27,90,10584.1,Plus,5,No,1.37,Yes,No,5G,2,74,Yes,7
MRD-009904,No,72.76,96,4490.23,Plus,2,No,11.96,No,Yes,5G,0,786,No,3
MRD-009905,Yes,42.63,31,1991.43,Basic,4,No,5.44,No,Yes,5G,2,478,Yes,6
MRD-009906,Yes,55.44,76,3693.8,Plus,4,Yes,1.35,No,Yes,4G,0,380,Yes,6
MRD-009907,No,91.07,25,3254.8,Premium,1,No,4.45,Yes,Yes,4G,1,926,No,8
MRD-009908,No,56.67,78,3458.26,Plus,4,No,0.97,Yes,No,5G,2,32,Yes,9
MRD-009909,No,71.1,53,4230.98,Plus,1,No,4.96,No,No,5G,1,699,No,4
MRD-009910,No,55.42,67,4992.9,Plus,1,No,2.0,No,No,5G,1,1179,No,9
MRD-009911,No,93.66,48,4054.84,Premium,2,No,4.37,Yes,No,5G,0,920,No,8
MRD-009912,No,60.23,27,2011.61,Plus,3,No,2.46,No,No,5G,2,598,Yes,6
MRD-009913,Yes,35.5,36,929.11,Basic,5,No,0.58,No,Yes,5G,3,387,Yes,2
MRD-009914,Yes,33.85,8,378.31,Basic,4,No,0.9,No,No,4G,2,114,Yes,6
MRD-009915,Yes,40.47,4,0.0,Basic,1,Yes,1.06,Yes,No,5G,2,678,No,1
MRD-009916,No,37.96,20,827.11,Basic,2,No,1.11,Yes,No,4G,1,1055,No,8
MRD-009917,No,57.6,50,2324.05,Plus,3,No,3.17,Yes,No,5G,4,810,Yes,1
MRD-009918,No,62.05,46,4549.86,Plus,2,No,0.54,Yes,No,5G,2,1158,No,3
MRD-009919,No,61.4,16,1330.61,Plus,1,No,7.76,Yes,No,5G,0,719,No,9
MRD-009920,No,45.26,41,2363.33,Plus,1,No,4.39,Yes,No,5G,1,355,No,1
MRD-009921,No,55.95,91,3875.65,Plus,1,No,1.14,Yes,No,5G,4,29,No,2
MRD-009922,No,58.1,48,1196.54,Plus,2,No,0.07,No,No,4G,3,268,No,5
MRD-009923,No,59.24,79,6573.52,Plus,2,Yes,7.05,Yes,Yes,5G,3,553,No,7
MRD-009924,No,59.09,11,496.73,Plus,1,Yes,0.23,Yes,Yes,4G,2,407,No,10
MRD-009925,No,31.61,82,3702.88,Basic,2,Yes,1.39,No,Yes,5G,0,830,No,3
MRD-009926,No,58.72,0,57.44,Plus,2,No,1.11,No,Yes,5G,0,59,No,6
MRD-009927,No,37.95,9,427.74,Basic,2,Yes,1.08,No,Yes,5G,1,1306,No,5
MRD-009928,Yes,25.65,11,354.92,Basic,2,No,0.61,No,Yes,5G,1,1043,No,3
MRD-009929,No,37.5,12,569.81,Basic,1,No,9.39,No,No,5G,0,1041,No,8
MRD-009930,Yes,102.12,22,2457.14,Premium,1,No,2.79,Yes,No,5G,1,56,No,3
MRD-009931,No,35.53,61,3648.29,Basic,3,Yes,1.45,Yes,No,4G,1,1066,Yes,8
MRD-009932,No,40.91,37,2553.88,Basic,3,No,1.33,No,No,5G,2,913,Yes,4
MRD-009933,No,106.05,95,22597.15,Premium,1,No,6.81,Yes,No,5G,0,960,No,8
MRD-009934,No,87.72,44,4210.7,Premium,1,No,5.81,Yes,No,5G,1,1176,No,1
MRD-009935,Yes,39.55,89,3455.89,Basic,2,No,0.68,No,No,4G,4,1170,No,6
MRD-009936,Yes,35.49,10,479.03,Basic,1,No,0.73,Yes,Yes,5G,1,668,No,2
MRD-009937,No,52.61,85,6661.42,Plus,3,Yes,3.64,No,No,5G,5,1404,Yes,3
MRD-009938,Yes,28.38,19,454.17,Basic,1,No,2.78,Yes,No,5G,3,942,No,4
MRD-009939,No,66.67,86,4601.69,Plus,1,No,2.09,Yes,Yes,5G,1,236,No,8
MRD-009940,No,36.82,55,1564.16,Basic,2,No,4.13,Yes,Yes,5G,1,876,No,2
MRD-009941,No,79.27,83,10194.29,Premium,4,No,4.56,Yes,Yes,5G,2,876,Yes,9
MRD-009942,No,81.41,65,7085.27,Premium,2,No,2.11,No,No,5G,2,1254,No,5
MRD-009943,Yes,38.68,95,1939.75,Basic,1,No,3.89,No,No,4G,2,560,No,5
MRD-009944,Yes,68.47,58,3665.33,Plus,1,Yes,1.06,No,No,4G,3,711,No,5
MRD-009945,Yes,32.75,78,6401.34,Basic,4,Yes,2.81,No,Yes,5G,2,1006,Yes,5
MRD-009946,No,66.04,67,5726.88,Plus,5,No,3.03,Yes,No,5G,2,7,Yes,9
MRD-009947,No,53.48,44,2244.64,Plus,1,No,6.68,Yes,Yes,5G,2,1143,No,9
MRD-009948,No,89.14,28,3052.07,Premium,1,No,3.07,Yes,Yes,5G,0,919,No,9
MRD-009949,No,33.58,7,268.22,Basic,3,Yes,6.41,Yes,Yes,5G,4,137,Yes,6
MRD-009950,No,34.67,55,1590.61,Basic,2,No,1.2,No,Yes,5G,1,328,No,2
MRD-009951,No,33.64,63,2852.71,Basic,2,Yes,0.85,Yes,No,5G,0,1379,No,4
MRD-009952,Yes,35.98,69,1819.9,Basic,2,No,8.06,Yes,No,4G,0,557,No,9
MRD-009953,Yes,36.28,63,2722.17,Basic,2,No,2.48,No,Yes,5G,0,77,No,7
MRD-009954,Yes,38.92,62,2780.44,Basic,2,No,3.03,No,No,4G,0,248,No,5
MRD-009955,No,54.81,25,1249.76,Plus,5,No,5.3,Yes,No,5G,2,115,Yes,7
MRD-009956,Yes,29.51,6,0.0,Basic,1,No,0.9,Yes,No,5G,2,1137,No,5
MRD-009957,No,55.05,94,10998.2,Plus,2,No,2.44,Yes,Yes,5G,0,90,No,2
MRD-009958,Yes,29.48,17,811.86,Basic,1,No,0.29,No,No,4G,0,1276,No,6
MRD-009959,No,65.55,42,2052.49,Plus,1,Yes,4.36,Yes,Yes,5G,2,676,No,1
MRD-009960,No,102.04,30,3385.74,Premium,1,No,9.49,Yes,Yes,5G,1,760,No,9
MRD-009961,No,56.29,57,4516.87,Plus,1,No,1.36,Yes,No,5G,1,1030,No,9
MRD-009962,No,66.89,88,6974.31,Plus,1,No,1.7,Yes,No,5G,1,1226,No,10
MRD-009963,No,68.87,70,7029.51,Premium,1,Yes,4.41,Yes,Yes,4G,0,1472,No,4
MRD-009964,No,48.36,38,3543.45,Plus,2,No,2.41,No,No,5G,2,1076,No,8
MRD-009965,No,60.07,96,12219.95,Plus,5,Yes,3.86,Yes,No,5G,1,1118,Yes,6
MRD-009966,No,36.24,85,4720.16,Basic,1,No,4.47,Yes,No,5G,2,1155,No,3
MRD-009967,No,78.62,31,3486.05,Premium,3,Yes,0.45,Yes,Yes,4G,1,547,Yes,10
MRD-009968,No,106.65,69,5525.26,Premium,4,No,4.1,Yes,Yes,5G,3,1176,Yes,10
MRD-009969,No,53.58,44,2892.53,Plus,4,No,5.05,Yes,Yes,5G,2,984,Yes,1
MRD-009970,Yes,38.51,52,548.55,Basic,1,No,1.23,Yes,No,5G,1,84,No,5
MRD-009971,No,108.88,57,7134.97,Premium,4,Yes,6.71,No,Yes,5G,2,876,Yes,3
MRD-009972,Yes,38.16,64,5465.07,Basic,1,No,13.67,No,No,5G,0,167,No,9
MRD-009973,Yes,39.18,91,2240.06,Basic,2,No,1.35,Yes,No,4G,3,1125,No,1
MRD-009974,No,50.58,69,6425.63,Plus,1,No,5.23,Yes,Yes,5G,1,873,No,9
MRD-009975,No,58.96,25,1516.67,Plus,1,No,3.65,No,Yes,5G,1,274,No,10
MRD-009976,No,58.06,77,4235.98,Plus,2,No,2.3,No,Yes,4G,0,1398,No,6
MRD-009977,Yes,25.99,47,567.33,Basic,2,No,1.25,Yes,No,5G,1,1442,No,1
MRD-009978,No,98.49,28,2924.51,Premium,1,Yes,2.92,Yes,No,5G,1,1078,No,10
MRD-009979,No,78.74,67,5102.51,Premium,2,No,0.62,Yes,Yes,5G,1,168,No,9
MRD-009980,No,65.86,86,7065.36,Plus,5,No,2.89,Yes,No,5G,1,585,Yes,9
MRD-009981,No,45.16,50,1600.1,Plus,1,Yes,5.26,No,No,5G,0,1059,No,8
MRD-009982,No,33.32,56,2668.81,Basic,4,No,4.76,Yes,No,4G,2,933,Yes,8
MRD-009983,No,30.53,39,1619.89,Basic,1,No,1.46,Yes,Yes,5G,0,1488,No,7
MRD-009984,No,25.74,33,1188.39,Basic,1,No,1.59,No,No,4G,3,117,No,5
MRD-009985,No,36.23,70,1658.47,Basic,1,No,7.49,No,Yes,5G,0,966,No,9
MRD-009986,No,101.94,53,4448.66,Premium,4,No,0.56,Yes,No,4G,2,44,Yes,5
MRD-009987,No,58.63,34,2420.07,Plus,3,No,0.48,Yes,Yes,4G,1,586,Yes,6
MRD-009988,No,67.97,91,5262.08,Plus,1,No,0.07,No,No,5G,3,1362,No,1
MRD-009989,Yes,58.72,20,1054.45,Plus,1,No,2.22,Yes,Yes,5G,3,1101,No,4
MRD-009990,Yes,38.28,74,2102.44,Basic,1,No,10.29,Yes,No,5G,0,109,No,2
MRD-009991,No,92.75,48,3481.28,Premium,1,Yes,11.15,No,Yes,5G,2,969,No,3
MRD-009992,No,92.55,5,420.36,Premium,3,No,0.73,No,No,5G,2,1004,Yes,2
MRD-009993,No,42.08,20,1365.14,Basic,2,No,1.84,Yes,No,4G,1,1279,No,3
MRD-009994,No,30.69,79,1879.62,Basic,1,No,0.45,No,Yes,5G,0,446,No,1
MRD-009995,No,37.65,13,347.06,Basic,1,No,0.82,Yes,No,4G,0,211,No,5
MRD-009996,No,29.52,83,2693.93,Basic,1,No,3.11,Yes,Yes,4G,1,1164,No,9
MRD-009997,No,70.97,40,2713.35,Plus,2,Yes,1.03,Yes,Yes,5G,3,257,No,7
MRD-009998,No,53.74,77,2397.62,Plus,2,No,5.42,Yes,No,4G,0,212,No,9
MRD-009999,Yes,46.49,57,3034.53,Plus,2,No,0.89,Yes,Yes,5G,2,318,No,8
MRD-010000,No,65.93,1,88.34,Plus,2,Yes,1.63,No,No,4G,0,104,No,2
MRD-010001,No,68.45,54,3478.36,Plus,2,No,1.97,Yes,No,5G,1,604,No,1
MRD-010002,No,54.73,24,551.34,Plus,2,Yes,1.25,No,Yes,5G,0,1313,No,8
MRD-010003,No,32.16,66,2218.26,Basic,3,No,2.28,Yes,No,5G,1,1177,Yes,9
MRD-010004,No,51.12,73,3795.85,Plus,1,No,3.22,Yes,No,5G,0,1224,No,4
MRD-010005,No,64.55,14,1184.25,Plus,1,Yes,4.05,Yes,No,4G,0,1351,No,6
MRD-010006,No,102.83,58,11892.48,Premium,1,No,5.26,Yes,No,5G,1,126,No,10
MRD-010007,Yes,110.5,89,16697.06,Premium,3,No,8.49,No,Yes,5G,2,937,Yes,4
MRD-010008,No,77.25,20,2042.2,Plus,2,Yes,1.68,Yes,No,5G,1,1215,No,4
MRD-010009,No,65.36,95,5635.07,Plus,2,No,0.68,Yes,Yes,4G,0,1247,No,8
MRD-010010,No,63.46,85,8283.78,Plus,4,No,4.02,No,No,5G,2,139,Yes,7
MRD-010011,No,70.04,73,3259.71,Plus,1,No,6.69,No,Yes,4G,3,1310,No,8
MRD-010012,Yes,94.89,6,498.35,Premium,2,No,5.54,Yes,No,5G,3,1497,No,5
MRD-010013,No,68.38,70,5176.43,Plus,1,No,1.51,Yes,Yes,5G,2,1001,No,9
MRD-010014,No,66.91,28,2712.74,Plus,2,No,5.24,Yes,Yes,5G,1,1400,No,1
MRD-010015,Yes,53.97,74,3606.54,Plus,2,No,18.76,No,Yes,4G,1,47,No,10
MRD-010016,No,34.78,22,963.22,Basic,3,No,1.59,Yes,Yes,5G,4,361,Yes,2
MRD-010017,No,69.27,53,4192.74,Plus,1,No,3.18,Yes,Yes,4G,2,1181,No,2
MRD-010018,No,52.32,87,2298.72,Plus,1,Yes,4.31,Yes,Yes,5G,0,1282,No,6
MRD-010019,No,70.01,11,1443.31,Plus,2,No,1.37,Yes,No,5G,0,626,No,8
MRD-010020,No,41.32,36,2759.91,Basic,2,No,2.66,Yes,No,5G,1,123,No,8
MRD-010021,No,90.49,95,9917.86,Premium,3,No,3.22,Yes,No,5G,1,1017,Yes,5
MRD-010022,No,57.56,81,10482.66,Plus,1,No,1.36,Yes,No,4G,2,1049,No,3
MRD-010023,No,55.41,80,2561.91,Plus,4,No,2.12,Yes,No,5G,0,1333,Yes,3
MRD-010024,No,52.87,79,6468.81,Plus,1,No,5.78,Yes,No,5G,1,912,No,5
MRD-010025,No,106.77,21,1214.35,Premium,1,No,3.48,Yes,Yes,5G,0,152,No,5
MRD-010026,No,52.21,7,547.81,Plus,5,No,11.79,Yes,Yes,5G,1,1455,Yes,4
MRD-010027,No,65.03,90,2320.73,Plus,1,No,1.83,No,Yes,5G,3,402,No,3
MRD-010028,No,96.57,1,9.81,Premium,4,No,0.34,Yes,No,5G,3,856,Yes,3
MRD-010029,Yes,35.2,26,567.45,Basic,2,No,4.27,Yes,No,5G,1,1219,No,7
MRD-010030,No,34.42,38,3219.49,Basic,4,Yes,7.61,Yes,Yes,5G,1,118,Yes,4
MRD-010031,No,33.66,0,34.32,Basic,1,No,10.21,Yes,No,5G,0,360,No,6
MRD-010032,No,99.57,70,24174.1,Premium,1,No,2.8,No,Yes,5G,1,10,No,3
MRD-010033,No,57.04,53,2225.03,Plus,4,No,2.55,Yes,Yes,5G,3,1408,Yes,10
MRD-010034,No,43.07,91,4681.74,Basic,1,No,5.03,Yes,No,5G,0,81,No,7
MRD-010035,No,98.43,73,7513.77,Premium,1,No,4.75,No,Yes,5G,1,369,No,8
MRD-010036,No,110.68,86,14880.45,Premium,2,No,0.2,Yes,No,4G,1,924,No,5
MRD-010037,No,118.83,34,4970.85,Premium,2,No,4.12,No,Yes,5G,0,306,No,3
MRD-010038,No,31.85,51,926.53,Basic,2,No,0.29,Yes,No,4G,3,688,No,5
MRD-010039,No,49.58,62,2830.58,Plus,1,No,1.74,Yes,No,5G,2,391,No,10
MRD-010040,No,48.49,35,3432.68,Plus,3,Yes,5.67,Yes,No,5G,0,57,Yes,7
MRD-010041,No,60.76,22,2690.69,Plus,2,No,2.44,Yes,No,4G,1,896,No,1
MRD-010042,Yes,40.92,32,1166.82,Basic,4,No,3.53,Yes,Yes,5G,2,984,Yes,1
MRD-010043,No,42.0,27,1187.75,Plus,4,No,3.19,No,Yes,4G,0,419,Yes,8
MRD-010044,No,106.74,21,1515.99,Premium,1,Yes,5.59,Yes,No,5G,0,80,No,6
MRD-010045,No,57.82,71,5449.81,Plus,2,No,9.99,No,Yes,4G,1,359,No,8
MRD-010046,No,59.33,27,1314.23,Plus,1,No,1.66,Yes,Yes,5G,0,1473,No,9
MRD-010047,No,72.21,25,1556.04,Plus,2,No,2.5,Yes,No,5G,2,977,No,3
MRD-010048,Yes,43.32,42,2377.54,Basic,4,Yes,2.56,Yes,No,4G,1,894,Yes,8
MRD-010049,No,106.31,52,11154.67,Premium,2,No,6.12,No,No,5G,2,1050,No,1
MRD-010050,No,94.66,54,2901.17,Premium,2,No,5.15,No,Yes,4G,2,825,No,7
MRD-010051,No,87.53,51,4537.98,Premium,3,No,2.59,Yes,Yes,5G,0,1483,Yes,4
MRD-010052,No,34.17,18,777.67,Basic,1,Yes,4.23,No,No,5G,5,1200,No,1
MRD-010053,No,47.78,61,2319.85,Plus,3,Yes,5.55,Yes,No,5G,0,1406,Yes,10
MRD-010054,No,47.56,24,1278.57,Plus,2,No,2.1,Yes,Yes,4G,3,1009,No,5
MRD-010055,No,35.37,86,5000.13,Basic,1,No,1.05,Yes,No,5G,3,787,No,6
MRD-010056,No,35.2,41,741.16,Basic,1,No,1.23,No,No,4G,1,174,No,1
MRD-010057,No,41.43,19,887.46,Basic,1,Yes,2.51,Yes,Yes,5G,0,511,No,6
MRD-010058,No,28.32,92,3211.09,Basic,2,Yes,5.66,Yes,Yes,5G,0,710,No,7
MRD-010059,No,35.16,9,271.27,Basic,2,Yes,1.49,No,No,4G,1,982,No,4
MRD-010060,No,91.73,79,5318.9,Premium,1,No,0.43,Yes,No,5G,0,765,No,10
MRD-010061,No,38.36,50,4930.89,Basic,1,No,5.04,No,No,5G,1,348,No,9
MRD-010062,No,45.16,30,1397.71,Basic,2,No,0.39,Yes,Yes,4G,2,1137,No,4
MRD-010063,No,62.16,88,2301.62,Plus,1,No,5.68,No,No,5G,0,652,No,6
MRD-010064,No,46.24,34,1472.04,Plus,2,No,1.41,No,No,4G,2,1416,No,9
MRD-010065,Yes,29.46,75,1491.8,Basic,2,No,9.56,Yes,No,4G,2,773,No,10
MRD-010066,No,33.43,29,1277.19,Basic,2,No,0.93,Yes,No,4G,0,872,No,2
MRD-010067,Yes,35.39,37,1329.57,Basic,2,No,1.14,Yes,Yes,5G,3,740,No,1
MRD-010068,No,58.37,26,1636.16,Plus,1,No,3.42,Yes,Yes,4G,0,941,No,2
MRD-010069,No,122.79,12,2176.6,Premium,1,No,3.31,Yes,Yes,5G,1,170,No,10
MRD-010070,No,59.04,89,5571.88,Plus,1,No,3.49,Yes,Yes,5G,1,730,No,4
MRD-010071,No,95.61,53,11299.66,Premium,5,No,0.63,Yes,Yes,4G,1,578,Yes,8
MRD-010072,No,43.18,56,2508.55,Basic,1,No,1.12,Yes,Yes,4G,2,1156,No,7
MRD-010073,No,100.99,7,770.58,Premium,1,No,0.63,Yes,No,5G,2,1272,No,6
MRD-010074,No,29.85,31,791.19,Basic,3,No,7.87,Yes,Yes,5G,0,406,Yes,9
MRD-010075,No,69.44,48,5652.48,Plus,2,No,1.61,Yes,No,5G,1,1251,No,4
MRD-010076,No,36.57,2,42.19,Basic,5,Yes,3.93,Yes,No,5G,0,133,Yes,5
MRD-010077,No,62.17,28,2785.92,Plus,1,No,0.48,No,No,5G,3,1296,No,5
MRD-010078,Yes,31.65,20,575.92,Basic,1,No,3.95,No,Yes,5G,1,629,No,4
MRD-010079,No,59.66,47,2063.66,Plus,1,Yes,1.25,No,No,5G,0,1489,No,10
MRD-010080,No,53.85,53,2741.09,Plus,1,No,2.39,No,Yes,5G,1,983,No,4
MRD-010081,Yes,61.01,72,5897.3,Plus,3,No,4.13,Yes,No,5G,2,520,Yes,10
MRD-010082,No,59.57,52,3792.99,Plus,4,Yes,8.92,No,Yes,5G,3,916,Yes,2
MRD-010083,No,83.87,66,5639.68,Premium,2,No,0.42,No,Yes,5G,1,1373,No,8
MRD-010084,No,35.69,91,3826.72,Basic,1,No,4.83,No,Yes,4G,2,545,No,5
MRD-010085,No,63.81,25,2321.64,Plus,1,No,1.87,No,No,5G,2,450,No,7
MRD-010086,Yes,73.66,44,2803.14,Premium,4,Yes,0.76,No,No,5G,0,1098,Yes,1
MRD-010087,No,31.04,93,3569.54,Basic,1,No,1.84,Yes,Yes,5G,3,1065,No,6
MRD-010088,Yes,37.0,29,1420.95,Basic,2,No,0.95,Yes,No,5G,4,853,No,10
MRD-010089,No,95.52,2,298.59,Premium,3,No,5.15,No,No,4G,0,537,Yes,6
MRD-010090,No,59.52,22,553.04,Plus,1,Yes,1.69,No,No,4G,1,597,No,2
MRD-010091,No,94.96,95,4800.45,Premium,3,No,6.14,Yes,No,5G,3,428,Yes,6
MRD-010092,No,33.37,25,675.67,Basic,1,No,6.39,Yes,No,5G,2,402,No,1
MRD-010093,No,89.8,36,7118.54,Premium,2,No,3.13,Yes,No,5G,2,1369,No,4
MRD-010094,No,30.35,9,219.51,Basic,2,No,2.08,Yes,No,5G,3,1447,No,5
MRD-010095,No,93.5,50,2605.3,Premium,2,No,4.03,No,No,5G,2,1326,No,3
MRD-010096,No,71.87,78,15873.65,Plus,1,No,7.7,Yes,Yes,5G,1,1215,No,8
MRD-010097,Yes,36.57,81,4048.72,Basic,2,No,8.38,No,No,5G,0,222,No,9
MRD-010098,Yes,30.65,79,2076.57,Basic,3,No,2.49,Yes,No,4G,2,999,Yes,4
MRD-010099,No,40.75,96,3505.7,Basic,1,No,0.17,No,Yes,5G,2,1373,No,5
MRD-010100,No,52.78,53,2756.35,Plus,1,No,2.7,Yes,Yes,5G,0,1487,No,10
MRD-010101,No,61.95,82,3446.01,Plus,3,No,1.77,No,No,5G,0,354,Yes,7
MRD-010102,No,36.67,21,590.72,Basic,1,No,6.19,Yes,Yes,5G,2,1002,No,6
MRD-010103,No,29.44,6,413.94,Basic,1,No,1.06,No,Yes,4G,3,863,No,5
MRD-010104,Yes,51.99,7,562.13,Plus,1,No,0.14,Yes,No,5G,2,838,No,1
MRD-010105,No,38.31,51,4496.44,Basic,1,No,0.03,Yes,Yes,4G,0,1132,No,1
MRD-010106,No,67.76,0,179.07,Plus,1,No,10.22,Yes,No,5G,0,771,No,5
MRD-010107,No,51.86,20,1117.39,Plus,1,No,7.19,Yes,No,4G,3,314,No,9
MRD-010108,Yes,31.82,70,2431.41,Basic,5,Yes,1.0,Yes,Yes,4G,1,641,Yes,3
MRD-010109,No,34.58,85,2575.59,Basic,2,No,1.85,Yes,No,5G,2,377,No,10
MRD-010110,No,98.08,1,211.96,Premium,2,No,4.89,No,Yes,5G,1,673,No,3
MRD-010111,No,35.87,30,944.38,Basic,4,No,17.1,No,Yes,5G,0,1370,Yes,6
MRD-010112,No,58.54,32,2209.49,Plus,2,Yes,6.55,Yes,Yes,5G,2,699,No,5
MRD-010113,No,30.12,94,4431.69,Basic,3,No,8.2,No,Yes,4G,0,15,Yes,5
MRD-010114,No,125.66,69,5768.48,Premium,3,No,1.69,Yes,No,5G,2,1050,Yes,4
MRD-010115,No,30.34,34,625.35,Basic,1,No,2.86,No,No,4G,3,16,No,10
MRD-010116,No,56.31,52,1945.5,Plus,4,No,3.28,Yes,No,5G,1,465,Yes,1
MRD-010117,No,55.73,15,993.24,Plus,2,No,6.54,No,Yes,5G,0,1114,No,4
MRD-010118,No,80.84,38,3739.44,Premium,2,No,3.56,No,No,5G,0,69,No,3
MRD-010119,Yes,30.57,14,257.01,Basic,2,No,4.55,No,No,4G,2,292,No,5
MRD-010120,No,60.04,35,2474.11,Plus,3,No,2.93,Yes,Yes,5G,1,1459,Yes,2
MRD-010121,No,31.02,53,2926.64,Basic,3,No,1.68,No,Yes,5G,0,532,Yes,6
MRD-010122,No,53.52,54,2540.32,Plus,2,No,3.86,Yes,No,5G,0,1043,No,6
MRD-010123,No,41.11,56,2262.48,Basic,1,No,5.35,No,Yes,5G,0,498,No,5
MRD-010124,No,62.59,82,8936.23,Plus,3,Yes,2.62,Yes,No,5G,2,253,Yes,1
MRD-010125,No,58.77,37,2276.4,Plus,2,No,0.36,Yes,Yes,5G,2,1260,No,7
MRD-010126,No,82.61,73,6477.56,Premium,1,No,0.45,No,Yes,5G,1,835,No,6
MRD-010127,No,61.25,64,10404.68,Plus,1,No,4.92,Yes,Yes,4G,1,183,No,7
MRD-010128,No,64.27,30,1081.14,Plus,3,No,2.13,No,Yes,5G,2,212,Yes,10
MRD-010129,No,33.05,83,2835.19,Basic,1,No,1.46,Yes,Yes,4G,1,1417,No,6
MRD-010130,No,55.55,37,2098.06,Plus,4,Yes,0.36,Yes,No,5G,0,956,Yes,8
MRD-010131,No,95.54,40,4132.04,Premium,1,Yes,3.83,Yes,Yes,4G,1,441,No,6
MRD-010132,No,76.75,32,3398.7,Premium,5,Yes,10.35,No,Yes,5G,0,1363,Yes,8
MRD-010133,No,70.69,16,1688.95,Premium,2,No,2.11,Yes,Yes,5G,0,1200,No,6
MRD-010134,No,102.32,20,2181.53,Premium,2,No,2.23,No,No,5G,0,110,No,10
MRD-010135,No,38.51,17,957.84,Basic,2,No,3.68,No,No,5G,0,779,No,6
MRD-010136,No,41.37,61,2874.78,Basic,2,No,1.9,No,Yes,5G,0,711,No,10
MRD-010137,No,102.42,49,7811.46,Premium,2,No,2.13,No,No,5G,1,200,No,1
MRD-010138,No,107.62,76,12065.84,Premium,1,No,1.58,Yes,No,5G,4,1347,No,9
MRD-010139,Yes,31.79,11,406.53,Basic,1,No,0.12,Yes,No,5G,1,853,No,10
MRD-010140,No,57.39,20,1649.05,Plus,1,No,3.69,Yes,No,4G,0,186,No,2
MRD-010141,No,115.71,83,10761.0,Premium,4,No,2.4,Yes,No,5G,4,347,Yes,4
MRD-010142,No,64.41,48,3515.42,Plus,3,No,8.66,Yes,Yes,5G,1,78,Yes,3
MRD-010143,No,59.07,36,1990.67,Plus,4,No,0.36,Yes,Yes,5G,0,300,Yes,6
MRD-010144,No,33.31,95,4709.21,Basic,3,No,1.1,Yes,No,5G,2,1157,Yes,6
MRD-010145,No,106.62,62,5130.24,Premium,1,No,1.59,Yes,No,5G,2,711,No,5
MRD-010146,No,55.84,83,5351.41,Plus,1,No,10.01,Yes,No,5G,0,877,No,3
MRD-010147,Yes,67.23,68,3714.85,Plus,2,No,2.32,No,No,4G,0,1383,No,7
MRD-010148,Yes,37.75,82,1728.97,Basic,2,No,3.55,No,No,4G,1,844,No,4
MRD-010149,No,36.88,53,1836.19,Basic,5,No,2.38,No,Yes,5G,1,1187,Yes,5
MRD-010150,Yes,33.54,51,2090.49,Basic,2,No,5.48,Yes,No,5G,3,596,No,7
MRD-010151,No,41.63,6,411.32,Basic,1,No,8.72,No,No,5G,2,1349,No,10
MRD-010152,No,40.67,68,4745.15,Basic,1,No,2.96,No,Yes,4G,0,1185,No,3
MRD-010153,No,58.85,79,6300.82,Plus,4,No,5.88,No,Yes,5G,1,1165,Yes,5
MRD-010154,No,26.4,84,2835.78,Basic,1,No,0.77,Yes,No,4G,2,1405,No,3
MRD-010155,No,38.83,13,345.26,Basic,1,No,0.56,Yes,No,5G,1,1173,No,10
MRD-010156,No,34.19,93,4814.77,Basic,1,Yes,8.38,Yes,Yes,4G,2,217,No,3
MRD-010157,No,114.12,38,4365.48,Premium,2,No,2.2,No,No,4G,2,720,No,5
MRD-010158,Yes,28.59,24,331.62,Basic,4,Yes,2.66,Yes,Yes,5G,1,870,Yes,2
MRD-010159,No,66.47,71,4184.47,Plus,1,No,2.99,Yes,No,4G,1,198,No,9
MRD-010160,No,105.58,50,2718.18,Premium,2,Yes,4.31,No,No,4G,0,972,No,7
MRD-010161,No,60.74,82,3551.73,Plus,1,No,1.41,Yes,Yes,4G,2,777,No,7
MRD-010162,No,34.28,5,596.31,Basic,4,No,0.31,Yes,No,4G,1,1232,Yes,3
MRD-010163,No,60.29,80,5992.98,Plus,2,No,12.56,Yes,Yes,5G,4,405,No,7
MRD-010164,No,55.86,56,2192.99,Plus,2,Yes,5.54,No,No,5G,2,441,No,9
MRD-010165,Yes,54.41,17,1093.06,Plus,1,No,2.67,Yes,No,5G,3,1293,No,3
MRD-010166,No,58.16,24,1901.96,Plus,2,No,7.38,No,No,4G,2,1137,No,6
MRD-010167,No,69.34,46,1558.49,Plus,4,No,10.58,Yes,No,4G,3,1416,Yes,2
MRD-010168,No,60.56,12,2875.67,Plus,1,Yes,2.75,Yes,No,5G,1,76,No,8
MRD-010169,No,33.09,1,391.61,Basic,5,No,0.99,No,No,5G,2,1068,Yes,10
MRD-010170,No,107.0,71,5449.22,Premium,5,No,6.6,No,Yes,5G,2,1365,Yes,4
MRD-010171,No,85.43,36,2875.48,Premium,1,No,5.14,Yes,Yes,4G,1,1484,No,4
MRD-010172,Yes,40.03,72,3745.6,Basic,2,No,3.63,Yes,No,4G,4,319,No,3
MRD-010173,No,37.6,65,3019.69,Basic,2,No,1.45,Yes,No,5G,1,152,No,4
MRD-010174,No,40.77,20,1510.82,Basic,4,No,5.84,Yes,Yes,5G,0,470,Yes,3
MRD-010175,No,120.98,8,4201.89,Premium,1,No,0.78,Yes,Yes,5G,2,162,No,1
MRD-010176,Yes,29.0,83,2421.03,Basic,2,No,0.64,Yes,No,4G,2,212,No,9
MRD-010177,No,98.76,34,1841.0,Premium,1,No,0.56,Yes,No,5G,0,744,No,2
MRD-010178,Yes,25.58,47,1852.3,Basic,1,No,1.83,Yes,No,5G,2,1319,No,5
MRD-010179,No,58.64,61,4510.9,Plus,3,No,16.05,Yes,No,5G,2,147,Yes,4
MRD-010180,No,33.22,5,144.99,Basic,1,No,1.85,Yes,No,5G,1,1177,No,10
MRD-010181,No,58.65,28,621.2,Plus,4,No,1.83,No,No,5G,0,40,Yes,9
MRD-010182,No,35.07,59,2237.45,Basic,1,No,16.25,Yes,Yes,5G,0,167,No,8
MRD-010183,No,27.88,90,2671.11,Basic,1,No,2.94,No,Yes,5G,1,249,No,9
MRD-010184,No,73.49,59,4063.91,Plus,2,No,0.38,Yes,No,5G,2,136,No,9
MRD-010185,No,83.27,2,348.42,Premium,1,No,3.14,No,Yes,5G,2,255,No,8
MRD-010186,No,96.26,61,8133.78,Premium,4,No,0.23,No,Yes,4G,1,763,Yes,6
MRD-010187,No,61.36,63,3504.67,Plus,2,No,6.51,Yes,No,5G,2,1079,No,9
MRD-010188,No,50.83,59,4271.75,Plus,2,No,3.58,Yes,No,4G,0,82,No,5
MRD-010189,No,62.85,37,3394.46,Plus,3,No,2.43,No,No,5G,1,215,Yes,6
MRD-010190,No,92.45,78,8380.42,Premium,1,No,0.62,Yes,Yes,5G,2,725,No,7
MRD-010191,No,33.07,71,1676.02,Basic,2,No,1.21,No,No,5G,0,926,No,2
MRD-010192,No,61.63,17,1121.65,Plus,1,Yes,0.93,No,Yes,5G,0,48,No,7
MRD-010193,No,36.85,81,2933.12,Basic,2,No,0.75,Yes,Yes,5G,1,534,No,4
MRD-010194,No,107.84,90,7952.0,Premium,5,No,3.61,Yes,Yes,4G,3,7,Yes,8
MRD-010195,No,66.25,56,2938.61,Plus,1,No,3.24,Yes,No,5G,3,1406,No,10
MRD-010196,No,62.5,63,1863.23,Plus,5,No,2.01,No,Yes,5G,1,207,Yes,9
MRD-010197,No,38.43,11,1543.09,Basic,4,No,3.53,Yes,Yes,5G,2,653,Yes,9
MRD-010198,No,108.12,43,5437.52,Premium,2,No,4.04,Yes,No,4G,1,140,No,7
MRD-010199,No,97.69,55,4532.05,Premium,1,No,2.55,No,Yes,5G,0,637,No,2
MRD-010200,Yes,28.25,90,1427.98,Basic,1,Yes,3.4,No,Yes,5G,1,1154,No,8
MRD-010201,No,107.35,51,4608.45,Premium,1,No,1.21,Yes,No,5G,2,1435,No,8
MRD-010202,No,39.36,7,430.81,Basic,2,No,2.31,No,Yes,5G,1,1083,No,1
MRD-010203,No,54.76,88,6886.58,Plus,5,No,5.54,Yes,No,4G,4,1177,Yes,6
MRD-010204,Yes,37.55,75,1818.41,Basic,4,No,1.38,No,No,5G,1,1168,Yes,1
MRD-010205,Yes,43.26,47,2020.07,Basic,2,No,5.12,Yes,Yes,5G,1,317,No,3
MRD-010206,Yes,35.02,68,2307.91,Basic,2,No,0.27,Yes,No,5G,2,884,No,4
MRD-010207,No,48.81,39,2523.59,Plus,1,No,1.05,No,No,5G,2,1326,No,4
MRD-010208,Yes,32.54,31,705.27,Basic,3,No,2.73,Yes,Yes,4G,0,163,Yes,5
MRD-010209,No,33.03,10,322.8,Basic,2,No,5.27,Yes,No,5G,1,1249,No,1
MRD-010210,No,28.94,77,3226.65,Basic,3,No,0.29,Yes,Yes,4G,2,619,Yes,10
MRD-010211,No,26.17,16,463.73,Basic,1,No,1.19,No,No,5G,0,69,No,9
MRD-010212,No,98.2,7,1321.3,Premium,2,Yes,0.77,No,No,5G,2,880,No,1
MRD-010213,No,87.08,87,11038.79,Premium,3,Yes,3.94,No,Yes,5G,2,288,Yes,5
MRD-010214,No,77.65,40,2249.14,Plus,2,No,9.0,Yes,No,5G,0,512,No,9
MRD-010215,No,106.98,76,6807.83,Premium,2,No,1.3,Yes,No,4G,0,248,No,10
MRD-010216,No,67.12,57,2435.1,Plus,1,No,2.97,Yes,No,5G,1,1015,No,2
MRD-010217,No,32.17,27,623.6,Basic,1,Yes,5.96,Yes,No,4G,1,131,No,6
MRD-010218,No,59.13,37,2225.55,Plus,2,No,5.15,No,No,5G,2,480,No,9
MRD-010219,No,63.05,55,3927.65,Plus,2,Yes,6.97,Yes,No,5G,3,425,No,7
MRD-010220,Yes,34.04,46,2656.11,Basic,1,No,17.5,No,No,5G,0,591,No,2
MRD-010221,No,61.8,57,1777.95,Plus,1,No,0.8,No,No,4G,5,1100,No,7
MRD-010222,No,36.45,0,121.92,Basic,2,No,2.56,No,Yes,5G,2,369,No,10
MRD-010223,No,60.37,81,6369.68,Plus,5,No,0.79,Yes,Yes,4G,1,804,Yes,9
MRD-010224,No,34.83,70,2178.32,Basic,2,No,2.5,Yes,No,5G,1,307,No,2
MRD-010225,No,39.92,96,3483.18,Basic,1,No,0.24,Yes,No,5G,0,14,No,4
MRD-010226,No,104.84,84,12737.74,Premium,4,No,2.07,Yes,No,4G,2,1059,Yes,7
MRD-010227,No,31.65,3,560.86,Basic,2,No,0.86,Yes,Yes,5G,2,749,No,9
MRD-010228,No,91.27,20,2982.85,Premium,5,No,2.83,No,No,4G,1,854,Yes,8
MRD-010229,No,37.05,53,2141.24,Basic,2,No,2.05,No,No,5G,2,1379,No,10
MRD-010230,No,76.73,89,4633.56,Premium,2,Yes,1.46,Yes,Yes,4G,1,115,No,9
MRD-010231,Yes,33.33,41,1421.3,Basic,3,No,1.44,No,Yes,5G,2,890,Yes,10
MRD-010232,No,98.43,77,8274.59,Premium,2,No,2.26,Yes,No,4G,2,1012,No,2
MRD-010233,Yes,63.25,71,5161.52,Plus,2,No,3.78,Yes,No,5G,2,87,No,3
MRD-010234,No,36.02,35,2741.37,Basic,3,No,0.63,No,Yes,5G,1,551,Yes,5
MRD-010235,No,91.18,4,1002.59,Premium,3,No,6.15,Yes,Yes,5G,0,1275,Yes,2
MRD-010236,No,102.88,94,13539.1,Premium,5,No,3.76,Yes,No,4G,1,282,Yes,3
MRD-010237,No,32.46,89,2626.09,Basic,5,No,6.18,Yes,No,5G,1,511,Yes,4
MRD-010238,No,60.16,24,877.39,Plus,1,No,1.25,Yes,No,5G,0,867,No,3
MRD-010239,No,42.93,0,150.71,Basic,1,No,5.51,No,No,5G,1,402,No,7
MRD-010240,No,94.45,94,13471.34,Premium,1,No,0.3,No,No,5G,1,377,No,7
MRD-010241,No,62.9,96,6423.92,Plus,1,No,9.64,Yes,No,5G,1,869,No,3
MRD-010242,No,38.04,72,3640.43,Basic,1,No,1.4,Yes,No,5G,0,264,No,7
MRD-010243,No,86.51,75,4812.76,Premium,1,No,2.91,Yes,No,4G,1,1245,No,10
MRD-010244,No,57.64,17,1625.45,Plus,4,No,5.99,No,No,4G,3,246,Yes,4
MRD-010245,No,65.15,29,3980.6,Plus,4,No,0.84,Yes,No,5G,2,747,Yes,8
MRD-010246,No,80.03,89,8972.33,Premium,4,No,4.05,No,Yes,5G,0,18,Yes,7
MRD-010247,No,99.8,78,4342.33,Premium,2,No,5.86,Yes,No,5G,1,1206,No,2
MRD-010248,Yes,24.58,11,275.32,Basic,1,No,0.71,No,Yes,5G,1,115,No,2
MRD-010249,No,38.06,43,1494.99,Basic,1,Yes,2.16,Yes,No,5G,1,1397,No,2
MRD-010250,No,54.06,89,4424.45,Plus,3,No,2.83,Yes,No,5G,0,1341,Yes,5
MRD-010251,No,66.22,9,316.19,Plus,2,No,19.84,No,No,5G,3,1404,No,10
MRD-010252,No,31.27,92,3297.11,Basic,2,Yes,0.66,Yes,Yes,5G,0,1489,No,7
MRD-010253,No,42.76,22,1787.6,Basic,1,No,4.6,Yes,No,4G,1,976,No,8
MRD-010254,Yes,39.01,8,294.1,Basic,2,No,5.69,Yes,No,5G,2,564,No,5
MRD-010255,No,35.85,43,2108.14,Basic,1,No,1.6,Yes,No,5G,3,147,No,4
MRD-010256,No,76.97,46,5259.64,Plus,1,No,5.77,No,Yes,5G,2,1433,No,5
MRD-010257,No,34.04,71,2458.56,Basic,2,No,1.39,Yes,No,5G,1,195,No,7
MRD-010258,No,61.27,67,6253.94,Plus,5,No,7.4,Yes,No,4G,2,563,Yes,1
MRD-010259,Yes,57.2,78,3456.97,Plus,4,No,0.65,No,No,5G,0,898,Yes,8
MRD-010260,No,54.75,29,2293.11,Plus,3,No,4.68,Yes,No,5G,0,586,Yes,7
MRD-010261,No,125.0,31,6224.71,Premium,5,Yes,2.31,Yes,No,5G,1,811,Yes,10
MRD-010262,No,34.2,16,556.43,Basic,1,Yes,0.64,No,No,5G,1,785,No,5
MRD-010263,No,58.45,49,2245.14,Plus,5,No,0.97,Yes,No,5G,1,838,Yes,8
MRD-010264,No,35.97,53,1470.58,Basic,1,No,11.68,Yes,Yes,5G,0,975,No,8
MRD-010265,No,83.13,16,1189.72,Premium,1,No,1.76,No,Yes,4G,4,997,No,7
MRD-010266,No,105.52,75,6362.68,Premium,1,No,7.51,Yes,No,4G,2,1185,No,3
MRD-010267,No,27.41,61,962.69,Basic,5,No,5.67,Yes,No,4G,2,249,Yes,5
MRD-010268,Yes,65.0,65,2225.38,Premium,1,No,11.04,Yes,No,4G,2,1460,No,1
MRD-010269,No,56.03,61,4441.76,Plus,2,No,6.84,No,Yes,5G,2,1258,No,3
MRD-010270,No,34.62,43,1766.82,Basic,1,No,8.89,Yes,Yes,4G,1,1052,No,7
MRD-010271,Yes,30.46,90,1807.78,Basic,1,No,0.26,No,No,4G,1,1016,No,2
MRD-010272,No,33.54,91,1869.04,Basic,1,Yes,0.77,Yes,No,5G,1,362,No,8
MRD-010273,No,89.08,73,10866.98,Premium,3,No,4.42,Yes,Yes,5G,1,1167,Yes,4
MRD-010274,No,35.76,25,317.39,Basic,1,No,1.75,Yes,No,5G,0,698,No,4
MRD-010275,No,37.03,24,484.78,Basic,4,No,4.13,Yes,No,5G,0,685,Yes,5
MRD-010276,No,50.9,48,1179.02,Plus,1,No,0.54,Yes,No,4G,1,142,No,5
MRD-010277,No,78.07,13,791.2,Premium,2,Yes,2.12,Yes,Yes,5G,3,960,No,5
MRD-010278,No,55.73,79,3755.34,Plus,1,Yes,14.88,No,Yes,5G,3,205,No,5
MRD-010279,No,55.13,50,2361.71,Plus,1,No,1.46,No,No,4G,1,483,No,4
MRD-010280,Yes,34.1,26,1394.5,Basic,1,No,8.44,Yes,Yes,4G,0,549,No,3
MRD-010281,Yes,59.47,30,2596.92,Plus,2,No,1.08,No,No,4G,3,1314,No,8
MRD-010282,No,59.88,80,7057.42,Plus,3,No,2.53,No,No,5G,1,837,Yes,7
MRD-010283,Yes,79.85,63,6953.29,Premium,1,No,0.23,Yes,No,4G,2,232,No,3
MRD-010284,Yes,37.08,33,536.24,Basic,2,No,0.51,No,No,5G,1,600,No,6
MRD-010285,No,57.36,95,3218.17,Plus,2,Yes,3.85,Yes,No,5G,3,54,No,2
MRD-010286,No,58.33,6,688.99,Plus,2,No,3.72,Yes,No,5G,1,1245,No,1
MRD-010287,No,26.46,63,2060.12,Basic,1,No,4.99,Yes,Yes,4G,1,875,No,1
MRD-010288,No,64.45,1,328.53,Plus,3,No,1.83,Yes,Yes,5G,2,395,Yes,6
MRD-010289,No,35.29,15,1857.8,Basic,4,No,2.96,No,Yes,5G,0,742,Yes,3
MRD-010290,No,64.38,91,7354.92,Plus,3,No,4.37,No,No,5G,0,940,Yes,6
MRD-010291,No,33.52,23,1417.22,Basic,3,No,1.04,Yes,No,5G,4,73,Yes,8
MRD-010292,No,37.09,43,1631.44,Basic,1,Yes,1.09,Yes,Yes,4G,1,269,No,5
MRD-010293,No,34.8,87,3092.78,Basic,2,Yes,4.59,No,Yes,5G,0,1272,No,8
MRD-010294,No,38.7,76,10361.69,Basic,4,No,1.51,No,Yes,4G,1,309,Yes,7
MRD-010295,No,62.75,41,4049.41,Plus,3,No,4.45,No,Yes,4G,1,1048,Yes,2
MRD-010296,No,61.82,36,4941.75,Plus,1,No,5.08,Yes,No,5G,2,766,No,10
MRD-010297,No,50.31,61,3649.28,Plus,3,Yes,3.29,Yes,Yes,4G,2,876,Yes,10
MRD-010298,Yes,33.84,50,1605.1,Basic,3,Yes,0.07,Yes,No,4G,2,1363,Yes,2
MRD-010299,Yes,25.75,78,2146.99,Basic,1,No,4.19,Yes,Yes,4G,2,284,No,6
MRD-010300,Yes,34.01,76,2062.13,Basic,1,No,1.53,No,Yes,4G,3,1434,No,1
MRD-010301,No,33.99,73,1824.2,Basic,1,No,7.8,Yes,No,5G,1,89,No,7
MRD-010302,Yes,39.99,65,4410.33,Basic,2,No,2.07,No,Yes,4G,3,1221,No,8
MRD-010303,No,107.43,82,9787.01,Premium,1,No,1.8,Yes,Yes,5G,1,388,No,6
MRD-010304,No,36.06,52,2691.01,Basic,2,No,0.5,Yes,No,5G,0,750,No,9
MRD-010305,No,52.84,48,1207.03,Plus,1,No,1.11,Yes,No,5G,2,485,No,8
MRD-010306,No,33.77,62,1174.08,Basic,1,No,8.81,No,Yes,4G,3,1035,No,4
MRD-010307,No,101.82,14,1854.42,Premium,5,No,8.15,Yes,No,5G,0,667,Yes,4
MRD-010308,No,31.19,29,1016.23,Basic,1,No,1.34,No,Yes,5G,1,1002,No,6
MRD-010309,Yes,38.15,1,123.3,Basic,1,No,13.02,Yes,No,5G,3,529,No,2
MRD-010310,Yes,56.62,30,1519.49,Plus,4,No,1.48,No,Yes,5G,1,429,Yes,10
MRD-010311,Yes,26.47,67,1620.4,Basic,1,No,2.67,Yes,Yes,4G,4,1229,No,4
MRD-010312,Yes,34.7,6,254.17,Basic,4,No,1.54,Yes,No,4G,1,1375,Yes,4
MRD-010313,No,30.55,52,1150.25,Basic,1,No,4.19,Yes,Yes,4G,0,209,No,4
MRD-010314,No,53.66,32,1967.79,Plus,1,No,5.04,No,No,5G,0,1012,No,5
MRD-010315,Yes,30.14,56,1422.03,Basic,2,Yes,2.95,Yes,No,4G,2,388,No,2
MRD-010316,No,43.22,32,814.73,Basic,4,No,4.66,Yes,No,4G,4,130,Yes,2
MRD-010317,No,101.06,60,4039.95,Premium,1,No,0.87,Yes,No,4G,0,1315,No,10
MRD-010318,No,33.0,25,1299.22,Basic,3,Yes,1.5,Yes,No,4G,2,443,Yes,6
MRD-010319,No,86.24,38,5074.17,Premium,1,Yes,1.18,No,No,4G,1,664,No,5
MRD-010320,No,30.55,44,1312.35,Basic,1,No,2.39,No,Yes,5G,0,849,No,5
MRD-010321,No,54.62,18,993.24,Plus,2,No,6.87,Yes,Yes,5G,2,1325,No,7
MRD-010322,No,27.66,84,3252.38,Basic,2,Yes,0.04,Yes,No,5G,0,118,No,6
MRD-010323,No,38.02,73,1358.06,Basic,2,No,2.8,No,No,5G,0,1179,No,1
MRD-010324,Yes,39.68,80,5757.01,Basic,3,No,4.12,No,No,5G,2,352,Yes,4
MRD-010325,No,31.2,29,1097.54,Basic,4,No,9.96,Yes,No,5G,2,1321,Yes,10
MRD-010326,No,65.57,60,3026.93,Plus,1,Yes,1.3,No,No,5G,0,1464,No,6
MRD-010327,No,34.39,73,3332.86,Basic,3,No,6.56,Yes,Yes,4G,3,613,Yes,6
MRD-010328,No,31.56,7,387.76,Basic,2,No,5.81,Yes,Yes,5G,0,625,No,9
MRD-010329,No,40.62,77,3257.29,Basic,2,No,4.63,Yes,No,4G,0,274,No,9
MRD-010330,No,105.65,17,2745.12,Premium,1,No,2.57,Yes,Yes,5G,2,80,No,2
MRD-010331,No,58.24,76,5327.2,Plus,1,No,1.33,Yes,Yes,5G,1,65,No,9
MRD-010332,No,79.25,35,6005.1,Premium,4,No,8.59,No,No,5G,1,1057,Yes,6
MRD-010333,No,66.8,94,8691.64,Plus,1,No,1.16,Yes,No,5G,2,789,No,9
MRD-010334,No,56.63,80,6251.19,Plus,4,No,1.23,Yes,No,5G,1,1199,Yes,10
MRD-010335,No,39.97,21,708.5,Basic,4,Yes,6.21,Yes,Yes,5G,3,253,Yes,4
MRD-010336,No,84.19,46,1230.34,Premium,4,Yes,4.05,Yes,No,4G,2,1082,Yes,6
MRD-010337,No,49.51,79,2088.39,Plus,4,No,1.38,Yes,Yes,5G,1,1206,Yes,9
MRD-010338,No,41.95,34,906.6,Basic,1,No,0.88,Yes,No,5G,2,854,No,7
MRD-010339,No,59.43,14,905.77,Plus,3,No,1.79,No,No,5G,1,789,Yes,10
MRD-010340,No,59.7,23,1376.82,Plus,3,No,6.52,Yes,No,5G,2,1058,Yes,7
MRD-010341,No,104.52,67,11707.62,Premium,3,Yes,2.01,Yes,Yes,5G,1,122,Yes,7
MRD-010342,No,30.95,85,1356.46,Basic,1,Yes,1.44,Yes,No,5G,2,1410,No,5
MRD-010343,No,100.52,81,12027.57,Premium,3,No,4.62,Yes,Yes,5G,0,728,Yes,6
MRD-010344,No,57.19,15,1042.64,Plus,3,No,4.59,Yes,Yes,5G,0,1354,Yes,3
MRD-010345,No,34.02,23,1054.6,Basic,1,No,0.08,No,Yes,5G,2,1146,No,1
MRD-010346,No,32.98,61,2443.21,Basic,2,Yes,2.67,Yes,Yes,4G,2,743,No,7
MRD-010347,No,32.09,69,2038.96,Basic,2,No,0.58,Yes,No,4G,4,1125,No,1
MRD-010348,No,55.47,25,1129.48,Plus,1,No,0.56,No,Yes,5G,0,1079,No,3
MRD-010349,No,33.99,77,1592.91,Basic,1,Yes,5.01,No,No,5G,0,499,No,9
MRD-010350,No,67.82,32,1279.72,Plus,2,No,2.15,Yes,No,4G,0,453,No,2
MRD-010351,No,52.4,25,1234.74,Plus,3,No,3.54,No,No,5G,1,1108,Yes,9
MRD-010352,No,104.61,48,9207.34,Premium,2,No,1.31,Yes,No,4G,1,820,No,7
MRD-010353,No,22.61,16,435.5,Basic,2,No,4.02,Yes,No,5G,4,701,No,10
MRD-010354,No,62.17,43,831.98,Plus,1,No,3.95,Yes,Yes,4G,2,278,No,1
MRD-010355,Yes,56.4,20,1424.69,Plus,2,No,0.38,Yes,Yes,5G,1,1337,No,8
MRD-010356,No,64.37,84,3686.49,Plus,4,No,1.23,Yes,No,5G,2,383,Yes,8
MRD-010357,No,91.07,35,4043.23,Premium,3,No,3.06,Yes,Yes,5G,0,377,Yes,1
MRD-010358,No,34.34,52,1688.89,Basic,4,No,0.44,Yes,No,4G,4,928,Yes,2
MRD-010359,Yes,33.07,55,910.76,Basic,2,No,8.26,Yes,No,5G,1,320,No,4
MRD-010360,No,57.33,82,4800.41,Plus,1,No,2.92,No,Yes,5G,1,823,No,2
MRD-010361,No,98.47,81,6261.95,Premium,4,No,1.8,Yes,Yes,5G,2,196,Yes,1
MRD-010362,No,76.94,11,724.54,Plus,1,Yes,3.64,No,No,4G,3,234,No,4
MRD-010363,No,33.07,76,2388.4,Basic,3,Yes,0.48,Yes,No,5G,2,645,Yes,8
MRD-010364,No,41.01,20,448.69,Basic,3,No,2.82,Yes,No,4G,0,891,Yes,6
MRD-010365,No,99.16,2,465.45,Premium,2,No,1.56,Yes,No,5G,1,1086,No,2
MRD-010366,Yes,37.49,25,1056.24,Basic,2,No,0.77,No,No,5G,1,38,No,3
MRD-010367,Yes,40.68,71,2015.4,Basic,1,No,10.86,No,No,4G,4,1376,No,7
MRD-010368,No,47.5,76,4397.74,Plus,1,No,5.47,No,No,5G,1,633,No,4
MRD-010369,Yes,34.1,25,665.88,Basic,2,No,5.33,Yes,Yes,4G,2,738,No,9
MRD-010370,No,54.62,6,434.74,Plus,3,No,2.66,No,No,5G,1,1127,Yes,10
MRD-010371,Yes,28.73,30,863.49,Basic,2,No,0.75,No,Yes,4G,3,1377,No,4
MRD-010372,No,113.54,84,9001.0,Premium,2,No,2.68,Yes,No,5G,1,537,No,3
MRD-010373,No,48.3,24,1354.64,Plus,5,No,1.63,Yes,No,5G,3,1065,Yes,6
MRD-010374,No,61.99,18,1649.03,Plus,4,Yes,7.6,Yes,Yes,5G,3,490,Yes,4
MRD-010375,No,68.45,96,5467.65,Plus,3,No,6.11,Yes,Yes,4G,2,688,Yes,5
MRD-010376,No,71.6,56,3445.78,Plus,5,No,6.12,Yes,No,5G,2,595,Yes,1
MRD-010377,No,41.18,15,985.56,Basic,1,No,11.76,Yes,Yes,4G,2,938,No,10
MRD-010378,No,34.85,13,688.19,Basic,2,Yes,0.85,Yes,No,5G,2,288,No,9
MRD-010379,No,62.46,7,366.22,Plus,1,Yes,7.11,Yes,No,5G,4,1046,No,8
MRD-010380,No,30.43,46,1169.35,Basic,4,No,2.77,Yes,Yes,4G,2,635,Yes,1
MRD-010381,No,60.17,8,945.9,Plus,5,No,3.02,Yes,Yes,4G,2,833,Yes,3
MRD-010382,No,57.24,62,3227.35,Plus,2,No,2.07,Yes,No,4G,1,198,No,9
MRD-010383,No,82.37,4,237.97,Premium,4,No,0.94,Yes,Yes,5G,0,479,Yes,10
MRD-010384,No,71.98,94,3146.09,Plus,1,No,2.31,Yes,No,5G,3,166,No,7
MRD-010385,No,66.24,67,4451.46,Plus,1,Yes,1.59,No,Yes,5G,4,838,No,6
MRD-010386,No,121.04,85,11886.67,Premium,1,No,13.65,No,No,5G,0,1466,No,3
MRD-010387,No,85.56,76,4452.61,Premium,2,No,5.86,No,No,5G,1,445,No,6
MRD-010388,No,56.93,91,5402.55,Plus,3,No,1.67,No,No,5G,3,1182,Yes,4
MRD-010389,Yes,34.5,55,1130.1,Basic,1,No,5.96,Yes,No,5G,1,1173,No,8
MRD-010390,Yes,83.46,67,6475.01,Premium,2,No,1.76,No,Yes,5G,0,1237,No,1
MRD-010391,No,65.59,12,570.51,Plus,1,No,1.9,Yes,No,5G,0,787,No,10
MRD-010392,No,72.09,62,2951.15,Plus,2,Yes,9.43,Yes,Yes,4G,0,362,No,1
MRD-010393,Yes,52.04,8,326.62,Plus,4,No,3.53,Yes,No,5G,5,859,Yes,10
MRD-010394,No,26.56,63,2696.34,Basic,2,No,10.52,No,No,4G,3,1365,No,10
MRD-010395,No,54.63,66,3083.45,Plus,3,Yes,1.37,Yes,Yes,4G,1,35,Yes,2
MRD-010396,No,87.39,80,5283.78,Premium,5,Yes,3.36,Yes,Yes,4G,2,930,Yes,3
MRD-010397,No,71.13,88,5478.29,Plus,3,No,4.62,Yes,Yes,4G,4,529,Yes,8
MRD-010398,Yes,32.95,13,886.78,Basic,3,Yes,14.64,No,No,5G,2,901,Yes,5
MRD-010399,No,54.33,51,4869.14,Plus,4,No,0.85,No,Yes,4G,0,660,Yes,3
MRD-010400,No,95.45,16,3192.25,Premium,1,No,0.43,Yes,No,5G,0,4,No,1
MRD-010401,No,88.25,83,13499.53,Premium,2,No,1.65,Yes,Yes,4G,3,985,No,5
MRD-010402,No,35.46,28,1685.12,Basic,1,No,2.12,Yes,No,5G,2,1059,No,2
MRD-010403,Yes,56.2,87,4590.73,Plus,1,No,0.17,No,Yes,4G,2,482,No,8
MRD-010404,No,71.18,39,2918.9,Plus,1,Yes,1.34,Yes,No,4G,2,1472,No,8
MRD-010405,No,31.73,12,499.57,Basic,4,Yes,0.54,Yes,No,5G,1,324,Yes,10
MRD-010406,Yes,29.54,15,515.29,Basic,1,No,2.78,Yes,Yes,4G,4,121,No,8
MRD-010407,No,38.65,59,1413.48,Basic,2,Yes,2.32,Yes,Yes,5G,1,1468,No,4
MRD-010408,No,61.73,29,1804.52,Plus,2,No,4.46,No,Yes,5G,2,881,No,3
MRD-010409,No,85.99,88,9738.08,Premium,3,No,4.43,Yes,Yes,5G,0,764,Yes,8
MRD-010410,Yes,44.42,39,1515.17,Plus,2,No,2.08,Yes,No,5G,4,830,No,9
MRD-010411,No,96.2,59,7093.29,Premium,3,Yes,5.12,Yes,Yes,4G,2,1135,Yes,8
MRD-010412,No,35.2,60,3043.39,Basic,2,Yes,0.0,No,No,5G,1,1214,No,9
MRD-010413,No,52.28,51,6364.42,Plus,1,No,0.28,Yes,No,4G,3,617,No,8
MRD-010414,No,98.35,33,2638.65,Premium,4,No,3.88,Yes,No,4G,1,1249,Yes,1
MRD-010415,No,63.46,55,4880.19,Plus,1,No,2.11,No,No,5G,1,1060,No,7
MRD-010416,Yes,35.51,17,873.86,Basic,2,Yes,4.08,Yes,No,5G,0,479,No,5
MRD-010417,No,95.73,95,9268.38,Premium,2,No,1.03,No,No,5G,8,1091,No,2
MRD-010418,Yes,32.02,8,294.61,Basic,1,No,1.56,No,Yes,5G,1,1137,No,9
MRD-010419,No,60.68,12,245.21,Plus,1,No,7.37,Yes,No,5G,1,1144,No,4
MRD-010420,No,37.1,11,470.51,Basic,1,Yes,2.6,No,Yes,5G,0,867,No,9
MRD-010421,No,83.75,64,4904.73,Premium,4,No,2.08,Yes,No,4G,2,573,Yes,9
MRD-010422,No,43.89,35,3343.89,Plus,5,Yes,0.4,Yes,No,5G,4,455,Yes,9
MRD-010423,Yes,24.08,91,5469.57,Basic,1,No,4.11,Yes,No,5G,1,18,No,2
MRD-010424,No,84.84,12,1980.99,Premium,4,No,2.95,No,No,5G,4,836,Yes,9
MRD-010425,No,108.13,56,4019.23,Premium,1,No,3.26,No,No,5G,5,707,No,6
MRD-010426,Yes,38.85,30,907.81,Basic,4,Yes,1.78,Yes,No,5G,0,980,Yes,4
MRD-010427,No,54.83,58,2450.09,Plus,3,No,1.8,Yes,No,4G,0,492,Yes,7
MRD-010428,No,31.19,74,902.54,Basic,1,No,5.57,No,Yes,4G,4,689,No,1
MRD-010429,Yes,54.14,30,2228.11,Plus,2,Yes,1.73,No,Yes,5G,1,1151,No,7
MRD-010430,No,98.48,10,2121.14,Premium,5,No,0.7,Yes,Yes,5G,2,1029,Yes,4
MRD-010431,No,60.96,50,2611.29,Plus,1,No,3.22,Yes,No,5G,0,32,No,10
MRD-010432,No,54.03,23,1301.89,Plus,5,Yes,4.05,Yes,Yes,5G,2,96,Yes,2
MRD-010433,No,114.45,53,5928.18,Premium,1,Yes,2.06,No,No,5G,2,960,No,8
MRD-010434,No,50.28,59,4405.6,Plus,1,No,0.93,Yes,No,4G,3,998,No,8
MRD-010435,No,85.63,82,9698.72,Premium,1,No,1.65,Yes,Yes,5G,0,1422,No,1
MRD-010436,Yes,86.09,94,20029.93,Premium,1,No,3.55,Yes,No,4G,1,1022,No,7
MRD-010437,No,29.55,48,1654.27,Basic,3,Yes,1.64,Yes,Yes,4G,1,313,Yes,6
MRD-010438,No,67.15,51,3883.39,Plus,1,No,1.41,Yes,Yes,5G,1,1185,No,8
MRD-010439,Yes,48.38,45,2501.35,Plus,1,No,0.83,No,No,5G,1,173,No,5
MRD-010440,No,38.24,10,416.96,Basic,1,No,0.92,No,No,5G,3,70,No,5
MRD-010441,Yes,42.0,46,2263.47,Plus,2,No,0.18,No,Yes,5G,1,1132,No,3
MRD-010442,No,53.19,86,5328.75,Plus,5,No,4.99,No,No,5G,3,740,Yes,4
MRD-010443,No,91.74,69,4926.72,Premium,2,No,6.03,Yes,No,5G,2,1220,No,2
MRD-010444,No,82.8,10,899.65,Premium,4,No,1.27,No,No,4G,2,800,Yes,6
MRD-010445,No,32.04,40,726.03,Basic,1,Yes,2.41,Yes,Yes,5G,2,1055,No,4
MRD-010446,No,68.59,58,6829.35,Plus,2,No,0.05,No,No,5G,2,1219,No,4
MRD-010447,No,61.59,18,905.52,Plus,1,No,0.54,Yes,Yes,4G,0,228,No,7
MRD-010448,No,88.32,82,5789.89,Premium,1,No,2.1,No,No,5G,2,1214,No,9
MRD-010449,No,56.75,85,5484.81,Plus,2,Yes,3.85,No,No,4G,1,77,No,2
MRD-010450,Yes,56.98,32,982.74,Plus,4,No,1.56,Yes,Yes,4G,2,493,Yes,4
MRD-010451,No,58.89,16,989.54,Plus,2,No,1.18,No,Yes,5G,2,375,No,9
MRD-010452,No,45.96,27,2300.62,Basic,2,No,3.98,Yes,Yes,5G,2,15,No,10
MRD-010453,No,35.25,46,1393.09,Basic,1,Yes,1.47,Yes,Yes,5G,1,578,No,5
MRD-010454,No,39.12,72,2759.51,Basic,5,No,0.31,Yes,No,5G,0,887,Yes,2
MRD-010455,No,113.11,18,3818.61,Premium,1,No,2.07,Yes,Yes,4G,1,481,No,2
MRD-010456,No,103.53,83,13740.25,Premium,4,No,5.06,Yes,No,4G,0,255,Yes,1
MRD-010457,No,33.7,54,2026.48,Basic,1,No,4.41,Yes,Yes,4G,2,1334,No,2
MRD-010458,No,54.84,47,3725.78,Plus,5,No,5.64,Yes,No,5G,2,349,Yes,3
MRD-010459,No,44.99,83,6214.1,Plus,1,No,1.06,Yes,No,5G,3,1251,No,5
MRD-010460,No,98.96,37,7535.43,Premium,3,No,0.53,Yes,Yes,5G,2,186,Yes,10
MRD-010461,No,41.84,74,2636.02,Basic,2,Yes,7.02,Yes,No,5G,1,1322,No,5
MRD-010462,No,37.86,35,1816.17,Basic,5,No,4.6,Yes,No,5G,1,1339,Yes,1
MRD-010463,No,70.9,26,1132.8,Plus,2,No,1.27,Yes,Yes,5G,3,1037,No,9
MRD-010464,Yes,63.2,73,5013.85,Plus,2,No,0.13,No,No,4G,2,550,No,6
MRD-010465,No,35.41,48,2662.23,Basic,3,No,0.01,Yes,No,4G,0,533,Yes,4
MRD-010466,No,60.83,30,2296.7,Plus,1,No,7.48,No,No,5G,4,990,No,2
MRD-010467,No,67.73,41,2832.1,Plus,4,No,0.76,No,Yes,5G,2,567,Yes,1
MRD-010468,No,87.81,53,6242.15,Premium,3,No,6.74,Yes,No,4G,4,746,Yes,3
MRD-010469,No,109.78,26,1860.89,Premium,2,No,3.2,Yes,No,5G,2,646,No,3
MRD-010470,Yes,34.68,33,442.12,Basic,1,No,0.11,Yes,Yes,5G,1,476,No,9
MRD-010471,Yes,51.08,2,450.53,Plus,2,No,5.23,No,Yes,5G,2,292,No,6
MRD-010472,Yes,24.62,49,1695.17,Basic,2,No,1.38,Yes,Yes,5G,1,564,No,10
MRD-010473,No,40.07,72,1716.83,Basic,2,No,2.91,No,No,5G,1,402,No,2
MRD-010474,No,92.68,15,3233.55,Premium,1,No,0.17,Yes,No,5G,1,674,No,7
MRD-010475,No,73.97,66,3835.66,Premium,1,No,4.11,No,No,5G,1,931,No,1
MRD-010476,No,62.18,42,921.63,Plus,2,No,1.29,No,No,5G,3,1156,No,5
MRD-010477,No,34.56,10,807.57,Basic,2,No,2.65,No,Yes,5G,4,380,No,3
MRD-010478,No,66.54,44,4487.54,Plus,3,No,5.7,Yes,Yes,5G,1,1188,Yes,3
MRD-010479,No,40.73,64,5626.75,Basic,1,No,0.83,No,Yes,4G,3,1441,No,2
MRD-010480,Yes,37.29,84,4273.7,Basic,3,No,0.07,Yes,No,4G,1,1488,Yes,2
MRD-010481,No,109.31,64,8609.24,Premium,2,No,0.67,Yes,No,5G,0,1004,No,7
MRD-010482,No,94.18,67,13255.71,Premium,5,Yes,3.3,No,No,5G,2,80,Yes,2
MRD-010483,No,58.25,87,4489.09,Plus,4,No,1.85,No,No,4G,2,6,Yes,7
MRD-010484,No,56.45,57,5938.43,Plus,1,No,2.28,Yes,Yes,5G,2,43,No,1
MRD-010485,No,67.07,34,2913.76,Plus,4,No,1.76,No,No,4G,0,540,Yes,4
MRD-010486,Yes,35.47,23,527.38,Basic,2,No,0.84,No,Yes,5G,1,859,No,1
MRD-010487,Yes,30.4,82,2122.98,Basic,2,No,5.55,Yes,No,4G,1,966,No,4
MRD-010488,No,52.57,3,330.14,Plus,5,No,2.61,No,Yes,5G,1,707,Yes,7
MRD-010489,No,64.9,6,479.0,Plus,1,No,2.55,Yes,Yes,5G,3,773,No,9
MRD-010490,Yes,41.62,0,49.02,Basic,3,No,2.75,Yes,No,5G,0,817,Yes,7
MRD-010491,Yes,59.86,40,4259.16,Plus,2,No,2.58,Yes,No,5G,1,979,No,9
MRD-010492,No,62.44,25,1689.65,Plus,2,No,1.51,Yes,Yes,5G,0,1280,No,7
MRD-010493,No,36.28,50,962.4,Basic,3,No,2.24,No,Yes,4G,0,689,Yes,7
MRD-010494,No,56.24,32,1730.49,Plus,5,No,5.43,Yes,Yes,5G,3,1149,Yes,2
MRD-010495,Yes,30.87,47,1883.52,Basic,1,No,0.97,Yes,No,5G,1,48,No,3
MRD-010496,Yes,36.5,25,1759.35,Basic,3,No,7.35,Yes,Yes,5G,1,474,Yes,1
MRD-010497,No,29.77,81,2964.84,Basic,3,No,0.38,Yes,Yes,4G,2,195,Yes,9
MRD-010498,No,128.72,25,1179.76,Premium,1,No,0.78,No,No,5G,4,1376,No,4
MRD-010499,No,60.43,8,922.96,Plus,1,No,0.79,Yes,No,4G,3,32,No,3
MRD-010500,Yes,53.62,45,3306.62,Plus,2,No,1.3,Yes,Yes,4G,1,119,No,4
MRD-010501,No,91.45,48,1362.95,Premium,3,No,8.05,Yes,No,5G,0,404,Yes,1
MRD-010502,No,66.91,83,4238.66,Plus,1,No,0.33,Yes,Yes,5G,2,1416,No,10
MRD-010503,No,53.89,47,1612.94,Plus,1,No,3.55,Yes,No,5G,0,792,No,9
MRD-010504,No,31.4,49,1672.53,Basic,1,No,3.02,No,No,4G,2,1106,No,2
MRD-010505,No,103.4,3,313.49,Premium,4,No,2.75,Yes,No,5G,2,1171,Yes,8
MRD-010506,Yes,50.69,47,3467.84,Plus,4,No,2.41,No,No,4G,3,1051,Yes,8
MRD-010507,No,58.32,63,2539.87,Plus,1,Yes,11.0,Yes,No,5G,1,865,No,7
MRD-010508,No,63.53,41,1594.9,Plus,1,No,4.81,Yes,No,5G,2,1284,No,10
MRD-010509,No,52.55,42,1220.0,Plus,2,No,3.77,Yes,Yes,5G,0,975,No,2
MRD-010510,No,78.37,95,7435.64,Premium,1,No,4.62,No,No,4G,4,14,No,10
MRD-010511,Yes,63.02,65,4551.39,Plus,1,No,0.16,Yes,Yes,5G,1,1342,No,9
MRD-010512,No,30.3,31,1496.01,Basic,4,No,1.79,Yes,No,5G,0,559,Yes,2
MRD-010513,No,63.68,19,1928.58,Plus,2,No,3.35,No,No,4G,1,15,No,7
MRD-010514,No,68.8,29,2195.46,Plus,1,No,0.76,No,Yes,4G,0,368,No,7
MRD-010515,No,60.33,28,948.96,Plus,1,No,1.64,Yes,No,5G,3,191,No,4
MRD-010516,Yes,37.0,94,1344.24,Basic,3,Yes,1.55,Yes,Yes,5G,0,1455,Yes,6
MRD-010517,No,35.52,88,3638.55,Basic,3,No,2.08,Yes,No,4G,1,1351,Yes,6
MRD-010518,Yes,29.29,71,2180.63,Basic,1,No,3.07,Yes,Yes,5G,3,642,No,7
MRD-010519,No,58.34,79,2799.75,Plus,1,Yes,2.63,No,No,5G,1,591,No,4
MRD-010520,No,68.87,84,8117.85,Plus,1,No,4.68,No,Yes,5G,3,369,No,5
MRD-010521,No,32.52,30,1780.36,Basic,2,No,4.9,No,No,5G,2,341,No,1
MRD-010522,No,98.42,70,7388.07,Premium,1,Yes,1.45,No,Yes,5G,0,1295,No,9
MRD-010523,No,105.0,16,2232.34,Premium,4,Yes,7.31,No,No,4G,1,573,Yes,10
MRD-010524,No,61.2,89,2775.98,Plus,1,No,6.23,No,No,5G,0,1478,No,2
MRD-010525,No,29.99,27,879.12,Basic,4,No,1.76,Yes,No,5G,3,218,Yes,8
MRD-010526,Yes,33.5,54,1299.62,Basic,2,Yes,8.48,No,Yes,4G,2,1492,No,2
MRD-010527,No,45.7,74,3402.52,Basic,4,No,0.37,Yes,No,5G,0,1204,Yes,6
MRD-010528,No,91.83,3,493.21,Premium,1,No,5.97,Yes,Yes,5G,5,40,No,5
MRD-010529,No,87.52,21,1898.59,Premium,2,No,1.56,Yes,No,4G,2,491,No,9
MRD-010530,No,46.89,1,40.77,Plus,2,No,2.0,Yes,No,4G,1,1256,No,6
MRD-010531,No,35.57,20,656.15,Basic,2,Yes,2.57,Yes,No,5G,1,1367,No,1
MRD-010532,No,54.75,12,333.22,Plus,1,No,1.91,Yes,Yes,5G,1,200,No,10
MRD-010533,No,40.37,93,4138.63,Basic,2,No,0.62,Yes,No,5G,1,60,No,3
MRD-010534,No,54.6,37,1073.38,Plus,1,No,5.78,No,No,5G,0,1254,No,7
MRD-010535,No,35.91,46,2174.47,Basic,2,No,1.74,Yes,No,4G,0,1446,No,10
MRD-010536,No,106.31,21,2210.44,Premium,2,No,1.48,No,Yes,5G,1,1095,No,6
MRD-010537,No,48.5,25,1348.15,Plus,1,No,2.76,Yes,No,5G,1,677,No,8
MRD-010538,Yes,38.98,64,1751.53,Basic,2,No,7.77,No,No,5G,1,835,No,5
MRD-010539,No,76.85,33,3739.09,Plus,2,No,6.69,Yes,No,4G,5,1216,No,8
MRD-010540,No,91.32,72,4373.37,Premium,4,No,5.66,Yes,No,5G,0,425,Yes,7
MRD-010541,No,61.09,93,6272.77,Plus,3,No,2.55,Yes,No,5G,2,497,Yes,8
MRD-010542,No,63.88,21,1584.13,Plus,4,No,2.74,Yes,Yes,4G,1,63,Yes,9
MRD-010543,No,64.11,2,0.0,Plus,3,Yes,2.16,Yes,No,5G,0,735,Yes,8
MRD-010544,No,57.81,58,3460.58,Plus,1,No,14.81,Yes,No,5G,1,1261,No,6
MRD-010545,No,85.13,3,520.28,Premium,1,No,2.61,Yes,No,5G,2,1130,No,3
MRD-010546,No,53.24,90,5177.53,Plus,2,No,1.49,Yes,No,4G,1,955,No,4
MRD-010547,Yes,95.17,62,10126.49,Premium,2,No,0.22,No,Yes,4G,2,474,No,1
MRD-010548,No,91.28,3,135.96,Premium,1,No,7.55,Yes,No,5G,2,1439,No,8
MRD-010549,No,70.27,67,7641.67,Plus,3,No,0.63,No,Yes,4G,1,83,Yes,7
MRD-010550,No,59.11,39,1236.02,Plus,4,No,8.4,Yes,Yes,5G,0,232,Yes,1
MRD-010551,No,35.52,14,556.68,Basic,1,No,0.64,Yes,Yes,4G,1,267,No,10
MRD-010552,No,45.92,57,2425.08,Plus,5,No,1.46,Yes,Yes,4G,4,334,Yes,2
MRD-010553,Yes,37.59,83,1066.81,Basic,1,No,10.47,Yes,No,5G,2,1463,No,3
MRD-010554,No,38.75,83,2846.44,Basic,2,No,11.99,Yes,Yes,4G,3,581,No,5
MRD-010555,No,57.1,8,719.74,Plus,1,No,1.87,Yes,Yes,5G,1,1135,No,6
MRD-010556,Yes,50.57,28,1432.35,Plus,1,No,2.43,Yes,No,4G,1,1031,No,9
MRD-010557,Yes,103.97,49,2892.91,Premium,1,No,3.03,Yes,No,4G,2,1443,No,2
MRD-010558,No,72.86,52,3240.66,Plus,5,No,1.37,No,No,5G,1,925,Yes,2
MRD-010559,No,59.59,66,3103.23,Plus,3,No,1.47,Yes,No,5G,2,216,Yes,6
MRD-010560,No,38.11,48,784.86,Basic,2,No,5.19,Yes,No,5G,2,143,No,8
MRD-010561,No,58.29,28,2503.12,Plus,4,Yes,0.96,Yes,Yes,4G,1,1468,Yes,9
MRD-010562,No,130.83,14,1852.86,Premium,4,No,5.93,Yes,No,5G,5,1066,Yes,7
MRD-010563,No,84.49,59,7178.2,Premium,1,No,0.14,Yes,Yes,4G,1,163,No,7
MRD-010564,No,54.27,7,680.3,Plus,4,No,2.24,Yes,Yes,5G,1,921,Yes,4
MRD-010565,Yes,34.85,93,3615.49,Basic,3,No,4.04,Yes,No,5G,0,1284,Yes,2
MRD-010566,No,98.0,58,3223.16,Premium,1,No,8.94,Yes,No,5G,4,659,No,5
MRD-010567,No,55.0,14,1713.7,Plus,1,Yes,1.26,No,Yes,5G,0,524,No,1
MRD-010568,Yes,37.76,34,842.67,Basic,3,No,2.09,Yes,No,4G,1,700,Yes,9
MRD-010569,Yes,36.16,72,2205.48,Basic,1,No,1.06,No,Yes,5G,2,555,No,3
MRD-010570,No,89.16,96,5917.76,Premium,2,No,2.07,No,Yes,5G,1,656,No,5
MRD-010571,No,33.35,65,2579.83,Basic,4,No,1.75,Yes,No,4G,0,187,Yes,2
MRD-010572,Yes,65.66,2,277.77,Plus,2,No,3.83,No,Yes,5G,2,338,No,9
MRD-010573,No,63.65,95,13589.52,Plus,2,No,3.25,Yes,No,5G,2,211,No,2
MRD-010574,Yes,36.08,27,750.3,Basic,2,No,5.37,No,Yes,4G,1,1360,No,4
MRD-010575,No,56.95,75,3140.56,Plus,2,No,2.31,Yes,Yes,5G,1,128,No,7
MRD-010576,No,74.61,63,4949.87,Premium,2,No,5.13,Yes,Yes,5G,1,1143,No,8
MRD-010577,No,66.31,83,2989.57,Plus,2,No,2.32,Yes,Yes,5G,2,400,No,6
MRD-010578,No,125.79,88,7130.09,Premium,1,Yes,3.03,No,No,5G,0,608,No,7
MRD-010579,No,34.4,51,2616.79,Basic,1,Yes,3.31,Yes,No,5G,0,381,No,7
MRD-010580,Yes,31.95,39,911.52,Basic,1,No,1.95,No,No,5G,2,179,No,2
MRD-010581,Yes,31.52,61,1931.21,Basic,2,No,0.82,No,Yes,5G,2,950,No,4
MRD-010582,Yes,34.14,34,767.45,Basic,5,No,0.63,No,No,4G,0,492,Yes,2
MRD-010583,No,51.81,15,809.13,Plus,1,No,7.86,Yes,No,5G,2,1129,No,5
MRD-010584,No,78.05,55,2949.04,Premium,1,No,2.97,No,Yes,4G,0,1105,No,6
MRD-010585,No,28.99,92,5742.52,Basic,1,No,1.95,No,No,5G,1,196,No,1
MRD-010586,Yes,32.08,81,1359.03,Basic,4,No,3.42,No,Yes,5G,1,577,Yes,9
MRD-010587,No,41.11,63,2037.39,Basic,2,No,1.63,No,Yes,5G,1,190,No,4
MRD-010588,No,87.49,81,11509.56,Premium,3,No,0.89,No,No,5G,1,1393,Yes,4
MRD-010589,No,90.01,77,9437.96,Premium,3,No,5.27,Yes,No,4G,3,274,Yes,7
MRD-010590,Yes,26.34,65,1331.76,Basic,4,No,1.47,Yes,No,5G,1,918,Yes,4
MRD-010591,Yes,57.32,38,1975.32,Plus,1,No,2.69,Yes,No,5G,0,545,No,1
MRD-010592,Yes,60.56,9,664.37,Plus,1,Yes,0.82,Yes,No,5G,1,1067,No,1
MRD-010593,No,32.06,82,2629.3,Basic,2,No,2.53,Yes,Yes,5G,0,805,No,3
MRD-010594,No,63.76,63,5370.21,Plus,5,No,6.59,Yes,No,5G,3,404,Yes,1
MRD-010595,No,67.33,95,8477.18,Plus,2,No,2.42,Yes,Yes,5G,3,1136,No,5
MRD-010596,Yes,34.21,1,0.0,Basic,1,No,0.92,Yes,No,5G,2,1048,No,4
MRD-010597,No,89.45,23,783.63,Premium,2,No,4.3,Yes,Yes,5G,0,659,No,6
MRD-010598,No,37.56,82,2175.74,Basic,1,No,3.55,Yes,No,5G,3,486,No,4
MRD-010599,No,31.88,33,1355.54,Basic,1,No,1.14,No,Yes,4G,2,893,No,4
MRD-010600,No,60.82,60,3109.17,Plus,1,No,0.58,Yes,No,5G,0,118,No,9
MRD-010601,No,50.88,72,2663.62,Plus,1,No,0.13,Yes,No,4G,0,297,No,4
MRD-010602,No,58.61,88,4759.34,Plus,2,Yes,9.8,Yes,No,5G,2,882,No,1
MRD-010603,No,117.43,61,5891.41,Premium,2,No,6.14,Yes,No,5G,1,719,No,8
MRD-010604,No,89.85,4,253.82,Premium,1,Yes,3.42,Yes,No,4G,0,514,No,7
MRD-010605,No,90.79,96,12725.12,Premium,1,No,0.83,Yes,Yes,4G,1,834,No,10
MRD-010606,Yes,34.05,73,1774.7,Basic,3,Yes,5.35,No,Yes,5G,2,1292,Yes,10
MRD-010607,No,100.76,46,4101.58,Premium,5,No,4.57,Yes,No,4G,2,713,Yes,6
MRD-010608,No,86.5,68,6774.49,Premium,2,Yes,2.02,Yes,No,5G,2,669,No,4
MRD-010609,No,58.21,62,4065.29,Plus,1,No,2.03,Yes,No,4G,0,582,No,5
MRD-010610,No,59.29,56,3082.34,Plus,3,Yes,7.36,No,Yes,4G,2,1293,Yes,3
MRD-010611,No,87.14,92,15493.21,Premium,1,No,0.32,Yes,No,5G,2,606,No,3
MRD-010612,Yes,36.03,31,811.88,Basic,3,No,2.68,Yes,Yes,5G,0,681,Yes,3
MRD-010613,No,49.84,18,888.01,Plus,4,Yes,0.69,No,Yes,4G,0,938,Yes,7
MRD-010614,No,62.78,32,1772.18,Plus,2,Yes,7.41,Yes,No,5G,2,269,No,5
MRD-010615,No,65.16,34,4859.6,Plus,1,No,4.13,No,No,5G,1,1419,No,8
MRD-010616,Yes,51.58,86,9308.06,Plus,3,No,10.94,No,No,5G,2,1023,Yes,8
MRD-010617,No,49.72,19,1081.28,Plus,3,No,0.02,No,Yes,5G,1,627,Yes,9
MRD-010618,Yes,30.41,3,82.9,Basic,1,No,0.57,Yes,No,5G,2,1370,No,1
MRD-010619,Yes,62.23,82,2226.88,Plus,2,No,3.91,No,Yes,4G,3,1181,No,6
MRD-010620,No,91.09,4,520.45,Premium,2,No,4.69,Yes,Yes,5G,2,742,No,7
MRD-010621,No,35.5,53,1303.95,Basic,2,No,7.28,Yes,No,5G,3,406,No,9
MRD-010622,No,50.8,63,3650.58,Plus,3,No,0.94,No,Yes,5G,1,1018,Yes,8
MRD-010623,No,96.84,39,4925.56,Premium,2,No,15.91,Yes,No,5G,1,134,No,10
MRD-010624,No,37.83,66,2244.87,Basic,1,No,0.4,Yes,No,5G,0,664,No,2
MRD-010625,No,52.8,19,1812.85,Plus,4,No,2.55,Yes,Yes,5G,2,97,Yes,9
MRD-010626,No,29.38,80,2708.22,Basic,2,No,1.64,Yes,Yes,4G,3,92,No,4
MRD-010627,No,68.52,75,5341.19,Plus,2,No,0.18,Yes,No,5G,1,1297,No,6
MRD-010628,No,64.67,36,1811.65,Plus,2,No,6.68,No,No,5G,0,729,No,3
MRD-010629,No,79.53,75,5073.71,Premium,2,No,2.13,Yes,No,5G,1,623,No,10
MRD-010630,No,96.82,49,4705.97,Premium,3,No,0.52,Yes,Yes,5G,1,32,Yes,6
MRD-010631,No,64.45,65,4684.85,Plus,3,No,9.18,No,No,5G,2,1206,Yes,6
MRD-010632,No,78.47,91,4743.34,Premium,4,No,1.58,Yes,Yes,5G,1,1022,Yes,2
MRD-010633,Yes,30.84,79,1332.84,Basic,3,No,2.01,Yes,No,4G,2,1401,Yes,3
MRD-010634,No,88.18,81,17013.77,Premium,2,No,5.98,No,Yes,4G,3,488,No,5
MRD-010635,Yes,30.78,71,2618.84,Basic,1,Yes,2.52,No,No,4G,1,0,No,2
MRD-010636,No,62.92,89,8279.85,Plus,1,No,2.01,No,No,5G,2,712,No,3
MRD-010637,No,120.35,57,8333.89,Premium,2,No,2.91,No,Yes,5G,2,1173,No,9
MRD-010638,No,67.28,93,14246.15,Plus,3,No,4.68,Yes,No,5G,0,52,Yes,1
MRD-010639,No,87.81,27,1592.88,Premium,2,No,0.48,Yes,No,5G,4,901,No,2
MRD-010640,No,104.46,86,8766.76,Premium,5,No,3.91,Yes,No,5G,2,882,Yes,10
MRD-010641,No,26.03,69,1210.03,Basic,1,No,2.68,Yes,No,5G,1,600,No,7
MRD-010642,No,63.45,88,6062.42,Plus,1,No,6.07,Yes,No,5G,1,480,No,6
MRD-010643,No,59.07,54,3566.51,Plus,2,Yes,0.57,Yes,Yes,5G,0,903,No,5
MRD-010644,No,33.99,35,1661.33,Basic,1,Yes,2.96,Yes,No,5G,0,178,No,5
MRD-010645,No,109.6,91,9621.86,Premium,3,No,1.7,Yes,Yes,5G,2,586,Yes,10
MRD-010646,No,91.37,43,2627.53,Premium,1,No,0.26,Yes,No,4G,1,790,No,5
MRD-010647,No,65.39,58,3892.06,Plus,3,No,4.01,Yes,No,5G,1,193,Yes,7
MRD-010648,No,58.64,42,3379.63,Plus,1,No,1.75,Yes,No,5G,1,960,No,9
MRD-010649,No,63.35,29,2244.07,Plus,1,No,0.71,No,Yes,5G,2,969,No,1
MRD-010650,Yes,25.15,44,1730.12,Basic,2,No,5.69,No,No,5G,2,712,No,9
MRD-010651,No,61.45,38,1259.81,Plus,1,Yes,7.09,No,Yes,5G,3,797,No,4
MRD-010652,No,83.68,77,5619.28,Premium,3,No,3.46,No,Yes,5G,1,1066,Yes,9
MRD-010653,No,39.13,85,4309.68,Basic,2,No,6.51,No,Yes,4G,1,1383,No,10
MRD-010654,No,20.0,91,866.75,Basic,1,No,3.29,Yes,Yes,4G,1,1458,No,10
MRD-010655,No,96.1,2,702.96,Premium,2,No,1.71,Yes,Yes,5G,1,1330,No,4
MRD-010656,No,60.76,3,364.36,Plus,2,Yes,0.87,Yes,No,4G,0,808,No,4
MRD-010657,No,23.12,20,592.9,Basic,3,No,5.53,Yes,Yes,5G,0,771,Yes,3
MRD-010658,No,77.92,48,3176.39,Premium,1,No,2.56,Yes,No,4G,1,106,No,1
MRD-010659,No,65.87,10,800.07,Plus,1,No,4.89,Yes,No,5G,2,696,No,6
MRD-010660,No,34.81,75,1918.1,Basic,3,No,0.59,Yes,No,4G,0,361,Yes,3
MRD-010661,No,69.63,73,2512.49,Plus,1,Yes,2.85,Yes,Yes,5G,2,1097,No,10
MRD-010662,No,34.97,72,3704.28,Basic,3,No,5.63,No,No,4G,1,1221,Yes,10
MRD-010663,No,111.43,1,375.2,Premium,2,No,0.24,Yes,No,4G,0,1183,No,5
MRD-010664,No,67.95,60,4725.62,Plus,2,No,2.51,Yes,No,5G,1,1168,No,5
MRD-010665,No,35.01,59,1380.38,Basic,5,Yes,3.38,Yes,Yes,4G,1,1176,Yes,9
MRD-010666,No,62.34,71,2435.32,Plus,2,Yes,1.05,Yes,No,5G,0,690,No,8
MRD-010667,Yes,26.94,62,3413.62,Basic,1,No,3.4,Yes,No,4G,1,926,No,4
MRD-010668,Yes,39.27,95,4160.3,Basic,1,No,0.79,Yes,No,5G,4,881,No,5
MRD-010669,No,66.83,64,5198.1,Plus,2,No,2.45,No,Yes,4G,3,1021,No,6
MRD-010670,No,98.88,54,4458.42,Premium,1,No,1.7,Yes,Yes,5G,2,1203,No,8
MRD-010671,No,82.18,24,1398.11,Premium,3,No,6.69,Yes,No,5G,0,506,Yes,2
MRD-010672,No,37.18,50,5977.0,Basic,4,No,0.57,Yes,Yes,4G,0,514,Yes,6
MRD-010673,No,41.91,82,5620.02,Basic,1,Yes,1.69,Yes,Yes,4G,1,1192,No,4
MRD-010674,No,33.5,87,3968.92,Basic,1,No,6.96,Yes,No,5G,2,84,No,8
MRD-010675,No,43.11,85,5577.24,Basic,1,No,5.29,Yes,No,5G,2,265,No,2
MRD-010676,No,20.95,49,946.96,Basic,2,No,0.74,Yes,Yes,5G,0,82,No,4
MRD-010677,No,65.92,73,3109.3,Plus,2,No,0.94,Yes,No,5G,2,17,No,6
MRD-010678,No,29.39,77,1568.83,Basic,2,No,4.27,No,No,4G,2,1455,No,8
MRD-010679,No,72.85,15,1597.11,Premium,5,No,3.01,Yes,No,5G,0,571,Yes,8
MRD-010680,No,101.74,68,3924.72,Premium,2,No,2.03,Yes,No,5G,1,747,No,7
MRD-010681,No,103.39,96,9141.41,Premium,3,Yes,1.5,No,Yes,5G,3,119,Yes,8
MRD-010682,No,33.02,75,2536.02,Basic,1,No,3.61,Yes,Yes,4G,2,1396,No,10
MRD-010683,No,27.38,32,1205.0,Basic,3,No,3.17,No,Yes,5G,2,1227,Yes,8
MRD-010684,No,87.11,35,5312.61,Premium,1,No,3.15,No,No,5G,2,1297,No,7
MRD-010685,No,41.0,20,796.73,Basic,2,Yes,1.79,Yes,No,5G,2,1080,No,4
MRD-010686,No,65.58,90,10365.1,Plus,3,No,4.4,No,Yes,4G,1,924,Yes,8
MRD-010687,No,94.67,75,8153.41,Premium,3,No,3.42,Yes,Yes,5G,4,158,Yes,2
MRD-010688,No,38.71,80,3552.99,Basic,1,No,1.07,No,Yes,5G,2,1107,No,6
MRD-010689,No,49.63,80,4380.7,Basic,3,No,6.68,Yes,No,5G,1,128,Yes,3
MRD-010690,No,95.94,70,5906.09,Premium,1,No,6.32,Yes,No,5G,0,777,No,6
MRD-010691,No,92.25,95,7593.53,Premium,2,No,4.66,No,Yes,4G,1,595,No,3
MRD-010692,No,67.64,19,3043.55,Plus,4,No,9.84,Yes,No,5G,1,190,Yes,6
MRD-010693,No,49.12,81,4028.37,Plus,3,No,2.59,Yes,No,4G,0,1136,Yes,8
MRD-010694,No,61.73,44,4558.01,Plus,3,No,2.27,Yes,No,5G,2,1274,Yes,1
MRD-010695,No,49.59,39,1940.95,Plus,1,No,3.66,Yes,Yes,4G,0,1081,No,6
MRD-010696,No,76.8,5,684.96,Premium,4,No,7.33,No,No,5G,2,66,Yes,1
MRD-010697,No,51.48,74,2612.67,Plus,3,No,1.62,Yes,No,5G,0,973,Yes,5
MRD-010698,No,83.15,76,9100.96,Premium,1,Yes,2.43,No,No,4G,1,619,No,7
MRD-010699,No,99.31,81,6242.53,Premium,1,No,5.79,Yes,Yes,5G,1,1303,No,4
MRD-010700,Yes,37.49,5,455.41,Basic,3,No,6.7,Yes,No,5G,0,1286,Yes,7
MRD-010701,No,98.53,39,2317.66,Premium,1,No,0.74,No,No,5G,1,732,No,9
MRD-010702,Yes,64.67,88,4336.1,Plus,1,No,2.14,Yes,No,4G,1,420,No,10
MRD-010703,No,94.44,72,3073.02,Premium,2,No,1.27,Yes,No,4G,4,681,No,6
MRD-010704,No,80.81,64,7977.23,Plus,2,No,1.42,Yes,Yes,4G,4,1077,No,9
MRD-010705,No,96.83,40,7393.85,Premium,1,Yes,5.82,Yes,No,5G,1,1318,No,3
MRD-010706,No,55.72,33,3031.4,Plus,3,No,2.16,Yes,No,5G,0,1334,Yes,9
MRD-010707,No,99.57,76,8586.8,Premium,2,No,2.87,No,Yes,4G,1,1080,No,2
MRD-010708,No,32.14,7,322.52,Basic,5,No,2.41,Yes,No,4G,4,1453,Yes,2
MRD-010709,No,95.24,48,3457.24,Premium,3,No,1.35,Yes,No,5G,0,1274,Yes,8
MRD-010710,No,33.48,71,2215.36,Basic,5,Yes,3.45,No,No,5G,2,272,Yes,10
MRD-010711,No,98.85,62,13088.86,Premium,1,No,0.1,Yes,Yes,5G,0,314,No,8
MRD-010712,Yes,32.59,92,4183.59,Basic,2,No,5.64,No,No,5G,0,532,No,7
MRD-010713,No,90.4,38,4570.87,Premium,2,No,0.51,Yes,No,4G,1,899,No,4
MRD-010714,Yes,40.51,23,955.74,Basic,4,No,10.05,Yes,No,5G,0,19,Yes,2
MRD-010715,Yes,36.02,50,3408.5,Basic,1,No,2.98,Yes,Yes,5G,2,733,No,3
MRD-010716,Yes,42.78,27,1221.19,Basic,2,No,3.67,No,No,5G,2,1225,No,2
MRD-010717,No,33.87,21,618.58,Basic,5,No,0.49,Yes,Yes,4G,2,981,Yes,7
MRD-010718,No,58.45,58,2898.63,Plus,1,No,5.09,Yes,No,4G,3,379,No,5
MRD-010719,No,72.17,79,11086.98,Plus,1,No,0.62,Yes,No,4G,1,566,No,5
MRD-010720,No,57.78,34,1146.4,Plus,3,No,0.45,Yes,No,5G,3,1148,Yes,8
MRD-010721,No,40.07,54,2056.91,Basic,4,No,3.62,Yes,No,5G,2,921,Yes,4
MRD-010722,No,86.34,18,1660.14,Premium,2,No,1.43,Yes,No,4G,1,586,No,9
MRD-010723,No,82.55,77,4996.2,Premium,4,No,1.59,No,No,5G,3,567,Yes,1
MRD-010724,Yes,30.46,28,916.08,Basic,1,No,3.33,No,No,5G,0,485,No,7
MRD-010725,No,89.87,76,6130.68,Premium,3,No,2.79,Yes,No,5G,3,1293,Yes,1
MRD-010726,No,34.53,11,727.16,Basic,4,No,2.97,No,Yes,5G,1,793,Yes,2
MRD-010727,No,57.04,63,1964.11,Plus,2,No,1.64,No,Yes,5G,2,852,No,2
MRD-010728,No,34.95,27,1164.2,Basic,2,No,9.33,No,Yes,4G,2,192,No,2
MRD-010729,Yes,38.94,28,1063.1,Basic,1,No,2.64,Yes,No,4G,2,878,No,1
MRD-010730,No,63.69,34,2426.59,Plus,2,No,4.36,Yes,Yes,5G,0,382,No,6
MRD-010731,No,40.71,46,1165.72,Basic,4,Yes,1.54,Yes,No,5G,2,72,Yes,3
MRD-010732,No,62.5,0,0.0,Plus,1,No,2.4,Yes,No,5G,0,12,No,2
MRD-010733,Yes,27.2,49,1629.83,Basic,1,No,1.51,No,Yes,5G,0,156,No,2
MRD-010734,Yes,35.08,4,140.7,Basic,4,No,7.23,No,No,5G,0,593,Yes,8
MRD-010735,No,63.13,66,4150.21,Plus,1,No,4.96,Yes,No,5G,4,386,No,4
MRD-010736,No,42.33,68,3579.91,Basic,4,Yes,0.65,No,No,5G,2,115,Yes,1
MRD-010737,No,60.58,9,809.54,Plus,4,No,3.45,No,Yes,5G,1,230,Yes,5
MRD-010738,No,72.76,50,7104.72,Plus,1,No,0.99,No,No,4G,0,776,No,6
MRD-010739,No,31.25,84,2972.15,Basic,1,No,4.09,Yes,No,5G,1,160,No,5
MRD-010740,No,54.27,68,4676.47,Plus,1,No,6.31,No,No,5G,0,723,No,6
MRD-010741,No,64.92,11,970.3,Plus,1,Yes,6.99,No,Yes,5G,0,127,No,7
MRD-010742,No,87.61,5,349.93,Premium,5,No,1.6,No,No,5G,1,926,Yes,10
MRD-010743,No,73.25,44,3242.61,Plus,1,No,2.78,Yes,Yes,4G,1,1266,No,3
MRD-010744,No,58.91,84,3230.27,Plus,3,No,3.22,Yes,No,5G,3,232,Yes,7
MRD-010745,No,61.52,84,5014.8,Plus,1,No,2.09,No,Yes,5G,1,1419,No,9
MRD-010746,No,42.05,28,1659.69,Basic,2,No,2.52,Yes,Yes,5G,1,597,No,2
MRD-010747,Yes,44.11,96,3109.76,Basic,4,No,0.42,Yes,Yes,4G,1,111,Yes,1
MRD-010748,No,60.75,65,2680.49,Plus,3,No,3.69,Yes,No,5G,1,515,Yes,1
MRD-010749,No,48.95,2,304.18,Plus,1,No,7.4,Yes,No,4G,2,989,No,10
MRD-010750,Yes,33.36,20,637.71,Basic,1,No,4.48,No,No,5G,1,1023,No,8
MRD-010751,No,61.46,68,5795.6,Plus,1,No,2.73,No,No,4G,1,643,No,7
MRD-010752,No,48.63,19,2011.25,Plus,5,No,2.91,No,Yes,4G,0,207,Yes,8
MRD-010753,Yes,40.27,35,839.41,Basic,1,No,1.66,No,Yes,5G,1,962,No,1
MRD-010754,No,41.31,44,2691.48,Basic,2,No,1.95,Yes,No,5G,0,1131,No,4
MRD-010755,No,112.05,10,1360.79,Premium,1,No,3.4,Yes,Yes,5G,1,576,No,10
MRD-010756,Yes,26.97,26,1100.02,Basic,3,No,13.93,Yes,Yes,5G,2,856,Yes,6
MRD-010757,No,95.86,11,723.0,Premium,2,No,1.34,No,Yes,5G,0,1112,No,7
MRD-010758,Yes,58.45,3,377.68,Plus,2,Yes,0.23,No,Yes,4G,1,893,No,2
MRD-010759,No,49.2,65,2227.94,Plus,1,Yes,3.13,No,No,5G,1,703,No,2
MRD-010760,No,99.75,3,775.72,Premium,2,No,4.92,No,Yes,4G,1,1390,No,8
MRD-010761,No,57.22,22,2204.3,Plus,4,No,3.64,Yes,Yes,4G,2,297,Yes,4
MRD-010762,Yes,63.17,36,2005.54,Plus,1,No,1.37,Yes,No,4G,1,686,No,2
MRD-010763,No,66.75,87,4276.01,Plus,5,No,2.07,Yes,No,5G,2,453,Yes,1
MRD-010764,No,73.8,41,3571.79,Plus,3,No,2.05,Yes,No,5G,1,498,Yes,2
MRD-010765,No,93.6,95,7209.16,Premium,2,Yes,0.14,No,Yes,4G,1,1344,No,8
MRD-010766,No,32.21,59,2679.78,Basic,5,Yes,4.78,Yes,No,5G,1,1038,Yes,7
MRD-010767,No,29.37,73,2301.99,Basic,2,No,2.35,Yes,No,4G,2,497,No,7
MRD-010768,No,42.85,56,3388.01,Basic,3,Yes,2.44,No,No,4G,2,1160,Yes,10
MRD-010769,No,34.75,72,3553.15,Basic,1,Yes,1.52,Yes,Yes,5G,1,848,No,10
MRD-010770,No,53.34,67,2794.11,Plus,2,No,2.92,Yes,No,5G,4,1058,No,3
MRD-010771,Yes,39.43,25,2001.18,Basic,2,No,0.36,Yes,Yes,5G,1,569,No,3
MRD-010772,No,30.47,91,2754.04,Basic,2,No,0.46,No,No,5G,1,686,No,5
MRD-010773,No,47.27,0,220.35,Plus,2,Yes,7.69,No,Yes,5G,0,112,No,10
MRD-010774,Yes,48.4,13,1066.02,Plus,4,Yes,3.15,Yes,Yes,4G,0,922,Yes,10
MRD-010775,No,73.48,61,4443.49,Premium,4,No,6.04,Yes,Yes,4G,2,782,Yes,8
MRD-010776,No,55.47,18,1464.97,Plus,2,No,6.16,No,Yes,5G,1,725,No,2
MRD-010777,No,34.76,23,309.3,Basic,1,No,7.21,Yes,No,4G,1,197,No,5
MRD-010778,No,89.28,91,4088.75,Premium,4,Yes,2.68,Yes,No,5G,1,662,Yes,2
MRD-010779,No,59.69,81,6538.98,Plus,1,Yes,5.23,Yes,Yes,4G,1,1447,No,4
MRD-010780,No,97.82,93,9212.78,Premium,1,No,5.51,No,No,5G,1,725,No,5
MRD-010781,No,60.36,6,1531.01,Plus,3,No,0.73,Yes,No,5G,4,144,Yes,7
MRD-010782,No,35.01,25,612.09,Basic,1,No,6.23,Yes,Yes,5G,1,712,No,10
MRD-010783,Yes,38.32,20,322.9,Basic,2,No,5.49,Yes,No,5G,1,774,No,7
MRD-010784,No,48.47,78,3897.05,Plus,1,No,5.97,Yes,No,5G,1,837,No,9
MRD-010785,No,54.22,94,3612.04,Plus,1,No,2.56,Yes,No,4G,1,740,No,7
MRD-010786,No,102.74,26,3552.42,Premium,1,No,0.68,Yes,Yes,5G,2,960,No,1
MRD-010787,No,60.58,25,1562.42,Plus,3,No,5.56,Yes,Yes,5G,2,30,Yes,10
MRD-010788,No,53.4,60,3641.48,Plus,2,No,6.62,No,Yes,5G,2,330,No,1
MRD-010789,No,36.57,18,74.11,Basic,5,Yes,6.52,Yes,No,5G,3,27,Yes,9
MRD-010790,Yes,55.79,80,4040.4,Plus,3,No,3.24,Yes,No,5G,2,550,Yes,9
MRD-010791,No,36.98,7,402.32,Basic,1,No,1.6,Yes,Yes,5G,2,782,No,9
MRD-010792,Yes,55.94,74,3549.72,Plus,5,Yes,5.3,Yes,Yes,5G,2,20,Yes,5
MRD-010793,No,86.11,9,1193.0,Premium,4,No,7.57,No,No,5G,0,499,Yes,5
MRD-010794,Yes,72.49,2,277.94,Plus,2,Yes,0.42,Yes,Yes,5G,1,905,No,6
MRD-010795,No,69.97,36,2396.93,Premium,1,No,2.13,No,No,5G,0,958,No,3
MRD-010796,No,38.48,0,307.1,Basic,1,No,0.76,Yes,No,5G,1,296,No,1
MRD-010797,No,62.89,77,7501.17,Plus,4,No,2.0,Yes,Yes,4G,1,1377,Yes,1
MRD-010798,Yes,54.86,40,2766.08,Plus,2,No,0.81,Yes,No,4G,0,686,No,5
MRD-010799,No,104.43,50,10329.74,Premium,1,No,3.87,Yes,Yes,4G,2,169,No,1
MRD-010800,Yes,62.72,58,4328.31,Plus,5,Yes,3.51,No,No,5G,2,309,Yes,6
MRD-010801,No,67.07,53,4475.86,Plus,3,No,4.19,No,No,5G,0,1007,Yes,1
MRD-010802,No,25.81,60,713.8,Basic,3,Yes,1.95,Yes,No,5G,3,119,Yes,10
MRD-010803,No,58.45,9,628.89,Plus,4,No,3.23,No,No,4G,1,219,Yes,4
MRD-010804,No,48.29,52,2421.92,Plus,4,No,1.05,Yes,Yes,4G,1,227,Yes,7
MRD-010805,No,33.93,52,641.29,Basic,4,No,2.61,No,Yes,5G,1,663,Yes,1
MRD-010806,No,58.63,38,1903.81,Plus,1,No,1.8,Yes,Yes,5G,1,605,No,8
MRD-010807,No,88.21,20,2966.68,Premium,1,No,1.97,Yes,No,5G,3,1103,No,1
MRD-010808,Yes,89.15,90,12250.49,Premium,1,No,0.21,Yes,No,5G,3,283,No,7
MRD-010809,No,47.86,16,1704.35,Plus,2,No,6.61,Yes,No,4G,0,747,No,6
MRD-010810,No,64.47,14,1337.54,Plus,2,Yes,5.23,Yes,Yes,5G,0,331,No,7
MRD-010811,No,50.58,86,2588.62,Plus,2,No,2.15,Yes,No,4G,1,120,No,8
MRD-010812,Yes,39.29,5,622.49,Basic,2,Yes,4.83,Yes,Yes,5G,3,45,No,5
MRD-010813,No,86.75,37,4054.13,Premium,3,No,1.85,No,Yes,4G,0,115,Yes,3
MRD-010814,No,38.54,76,1064.73,Basic,3,No,1.35,Yes,No,5G,2,158,Yes,8
MRD-010815,No,29.94,35,966.53,Basic,3,Yes,0.35,Yes,Yes,5G,2,862,Yes,9
MRD-010816,No,53.17,80,4047.13,Plus,1,No,4.15,Yes,No,5G,1,1276,No,5
MRD-010817,No,98.45,85,11971.56,Premium,2,Yes,8.03,Yes,No,5G,3,407,No,10
MRD-010818,No,41.26,80,5771.95,Basic,3,No,4.69,Yes,No,5G,3,1172,Yes,4
MRD-010819,No,61.76,53,2338.34,Plus,4,No,5.85,No,No,5G,2,771,Yes,4
MRD-010820,Yes,34.59,32,2889.33,Basic,2,No,0.99,Yes,Yes,5G,2,277,No,1
MRD-010821,No,101.94,44,4354.13,Premium,2,No,2.45,No,No,5G,1,99,No,3
MRD-010822,Yes,59.62,46,2202.15,Plus,2,No,5.07,Yes,Yes,5G,1,717,No,9
MRD-010823,No,58.53,73,5326.22,Plus,2,No,0.25,No,Yes,5G,2,584,No,1
MRD-010824,No,36.81,77,1803.1,Basic,1,No,1.36,Yes,No,5G,0,1001,No,7
MRD-010825,Yes,36.49,87,4247.7,Basic,5,No,3.4,No,No,4G,0,311,Yes,6
MRD-010826,No,31.9,54,2088.03,Basic,2,No,0.93,Yes,Yes,4G,2,771,No,7
MRD-010827,No,104.46,75,15621.03,Premium,1,No,2.86,No,Yes,5G,2,891,No,2
MRD-010828,Yes,42.88,46,2057.35,Basic,1,No,0.56,Yes,No,5G,0,1186,No,1
MRD-010829,No,31.15,24,434.65,Basic,2,Yes,2.1,Yes,No,5G,0,220,No,9
MRD-010830,Yes,63.66,51,1854.38,Plus,4,No,0.32,No,Yes,4G,4,368,Yes,6
MRD-010831,No,56.33,32,1275.49,Plus,1,No,7.36,Yes,No,4G,1,191,No,8
MRD-010832,No,91.53,71,10294.51,Premium,2,No,0.53,Yes,Yes,5G,1,1348,No,6
MRD-010833,No,59.68,17,692.47,Plus,1,Yes,2.11,Yes,No,5G,5,622,No,8
MRD-010834,No,38.27,27,1250.68,Basic,1,No,3.3,Yes,No,5G,1,568,No,2
MRD-010835,No,62.57,42,2250.53,Plus,3,No,3.43,No,Yes,5G,2,268,Yes,4
MRD-010836,No,54.05,70,4891.25,Plus,1,Yes,2.19,No,No,5G,2,1246,No,8
MRD-010837,No,53.23,96,4302.21,Plus,1,Yes,0.44,Yes,Yes,5G,3,307,No,3
MRD-010838,No,68.52,67,4899.27,Plus,2,No,2.7,No,Yes,5G,5,954,No,4
MRD-010839,No,39.04,54,2658.94,Basic,1,No,2.4,Yes,No,5G,1,1246,No,2
MRD-010840,No,80.21,2,309.92,Premium,3,No,4.99,Yes,No,5G,0,464,Yes,1
MRD-010841,No,34.15,62,3819.91,Basic,1,No,2.58,No,Yes,4G,5,1403,No,8
MRD-010842,No,33.82,4,403.23,Basic,3,No,2.73,Yes,Yes,5G,0,371,Yes,10
MRD-010843,Yes,53.59,79,4751.8,Plus,2,No,0.57,Yes,Yes,5G,0,1402,No,8
MRD-010844,Yes,36.85,80,1046.15,Basic,5,No,2.65,Yes,No,5G,1,631,Yes,2
MRD-010845,Yes,37.79,16,998.69,Basic,2,Yes,4.71,No,Yes,4G,0,82,No,9
MRD-010846,Yes,32.31,21,903.82,Basic,4,No,5.8,No,Yes,5G,3,642,Yes,3
MRD-010847,No,75.27,20,1810.53,Plus,1,No,0.26,No,Yes,5G,2,45,No,6
MRD-010848,No,59.25,3,122.81,Plus,5,No,4.35,Yes,No,4G,1,1060,Yes,6
MRD-010849,No,61.08,64,4411.95,Plus,4,No,5.57,No,Yes,5G,1,29,Yes,6
MRD-010850,No,73.72,29,4139.44,Premium,1,No,3.71,Yes,Yes,5G,2,478,No,6
MRD-010851,No,98.17,25,3529.71,Premium,1,No,0.04,Yes,Yes,5G,2,1477,No,2
MRD-010852,No,62.75,50,3379.32,Plus,1,Yes,2.45,No,Yes,5G,3,592,No,2
MRD-010853,Yes,31.14,29,821.45,Basic,1,No,1.89,Yes,No,5G,1,1092,No,6
MRD-010854,No,33.12,18,576.28,Basic,4,No,3.92,No,No,5G,0,634,Yes,6
MRD-010855,No,90.42,14,1041.02,Premium,1,No,4.83,Yes,Yes,5G,4,129,No,5
MRD-010856,Yes,31.79,42,1503.63,Basic,2,No,7.27,No,Yes,5G,4,77,No,2
MRD-010857,No,31.19,30,667.43,Basic,2,No,0.47,Yes,No,5G,2,1382,No,6
MRD-010858,Yes,36.64,69,4871.61,Basic,1,No,0.64,No,No,5G,1,235,No,10
MRD-010859,No,35.74,27,633.07,Basic,2,No,2.62,Yes,Yes,5G,2,64,No,2
MRD-010860,No,67.95,14,1698.29,Plus,2,No,4.46,Yes,No,5G,0,830,No,4
MRD-010861,Yes,34.63,89,2457.25,Basic,4,No,10.45,Yes,Yes,5G,1,1061,Yes,1
MRD-010862,No,53.33,58,4555.56,Plus,2,No,2.42,No,Yes,5G,2,317,No,9
MRD-010863,No,99.24,19,889.42,Premium,1,Yes,1.38,Yes,No,5G,0,1067,No,3
MRD-010864,No,26.46,48,1512.01,Basic,3,No,6.44,Yes,Yes,5G,3,1138,Yes,5
MRD-010865,No,37.73,78,1702.38,Basic,5,No,3.22,No,No,5G,2,851,Yes,7
MRD-010866,No,115.8,56,13077.8,Premium,3,No,1.76,Yes,Yes,4G,1,1262,Yes,5
MRD-010867,No,42.0,49,1273.98,Plus,1,No,3.38,No,Yes,5G,1,1085,No,4
MRD-010868,No,29.97,55,2701.16,Basic,2,No,0.41,Yes,No,5G,0,384,No,2
MRD-010869,No,65.34,15,1778.93,Plus,4,No,2.08,Yes,No,5G,2,1139,Yes,6
MRD-010870,No,30.03,29,1162.6,Basic,2,No,1.65,No,Yes,4G,1,1120,No,7
MRD-010871,No,34.54,26,768.93,Basic,4,Yes,0.09,No,No,4G,1,62,Yes,7
MRD-010872,No,36.24,77,4655.11,Basic,2,Yes,5.18,Yes,No,5G,2,1263,No,6
MRD-010873,Yes,57.89,90,2336.11,Plus,2,No,3.31,No,No,5G,0,480,No,6
MRD-010874,No,96.53,24,2208.12,Premium,1,Yes,5.69,Yes,No,5G,1,164,No,9
MRD-010875,Yes,57.57,88,5813.31,Plus,1,No,1.37,No,No,5G,1,946,No,1
MRD-010876,No,114.88,40,3195.0,Premium,3,No,1.8,Yes,No,5G,1,6,Yes,4
MRD-010877,No,29.12,91,6167.1,Basic,2,No,2.78,No,No,5G,4,1224,No,1
MRD-010878,No,63.18,37,2091.9,Plus,1,No,6.55,Yes,No,5G,3,712,No,7
MRD-010879,No,99.03,58,7236.22,Premium,1,Yes,0.19,No,No,5G,3,643,No,2
MRD-010880,Yes,38.23,84,5501.26,Basic,1,No,2.78,Yes,No,4G,0,1294,No,7
MRD-010881,Yes,31.01,81,2035.77,Basic,2,No,2.26,Yes,Yes,4G,2,1429,No,1
MRD-010882,No,89.58,75,8098.27,Premium,2,No,3.42,No,Yes,5G,2,797,No,10
MRD-010883,No,30.67,66,3650.26,Basic,1,No,1.09,Yes,Yes,5G,0,367,No,10
MRD-010884,Yes,34.06,83,1857.65,Basic,1,No,0.54,No,No,4G,2,1263,No,3
MRD-010885,No,99.11,89,12985.23,Premium,1,No,4.64,No,Yes,5G,4,873,No,5
MRD-010886,No,106.2,40,5929.82,Premium,2,No,0.86,Yes,Yes,5G,2,1088,No,3
MRD-010887,No,65.13,67,5786.45,Plus,1,No,1.21,Yes,No,5G,1,351,No,1
MRD-010888,No,85.52,90,6680.95,Premium,1,No,2.85,No,No,5G,2,719,No,9
MRD-010889,No,33.63,61,942.93,Basic,1,Yes,6.36,No,No,4G,1,852,No,2
MRD-010890,Yes,56.49,96,4097.78,Plus,1,Yes,2.44,No,No,5G,2,134,No,2
MRD-010891,Yes,29.99,64,1479.39,Basic,4,No,3.32,No,No,4G,2,428,Yes,9
MRD-010892,No,64.43,35,1939.48,Plus,1,No,7.53,No,Yes,4G,0,547,No,9
MRD-010893,Yes,33.45,27,1390.93,Basic,2,Yes,4.89,Yes,Yes,5G,0,723,No,3
MRD-010894,No,42.5,41,2211.64,Basic,3,No,4.14,Yes,Yes,4G,2,7,Yes,6
MRD-010895,Yes,41.14,15,771.55,Basic,5,No,9.12,Yes,No,4G,3,1388,Yes,3
MRD-010896,No,96.74,62,5052.95,Premium,1,Yes,9.77,Yes,Yes,5G,0,1270,No,5
MRD-010897,No,64.7,48,3924.78,Plus,1,Yes,8.2,No,No,5G,2,1145,No,1
MRD-010898,No,44.94,11,788.83,Basic,1,No,4.07,No,Yes,4G,0,828,No,10
MRD-010899,No,44.64,28,1155.59,Plus,1,Yes,1.47,Yes,No,5G,1,385,No,4
MRD-010900,No,33.82,46,3314.76,Basic,4,No,0.6,Yes,No,4G,1,913,Yes,5
MRD-010901,Yes,33.15,65,3822.06,Basic,1,No,5.71,Yes,No,4G,1,631,No,1
MRD-010902,Yes,63.49,10,887.09,Plus,2,Yes,2.38,Yes,Yes,4G,5,1085,No,6
MRD-010903,No,83.92,8,1380.9,Premium,2,No,12.52,Yes,No,5G,2,621,No,9
MRD-010904,No,116.89,19,2332.59,Premium,2,No,6.57,No,Yes,5G,1,701,No,7
MRD-010905,No,40.49,57,5847.77,Basic,2,No,6.24,No,No,4G,1,380,No,10
MRD-010906,No,83.94,72,4722.05,Premium,1,No,3.71,No,No,5G,1,961,No,10
MRD-010907,No,43.31,75,1775.05,Basic,1,No,4.92,Yes,Yes,4G,4,51,No,9
MRD-010908,Yes,62.27,60,5427.81,Plus,2,No,1.64,No,No,4G,2,858,No,2
MRD-010909,No,61.75,31,1559.24,Plus,2,No,3.32,No,No,4G,2,464,No,7
MRD-010910,No,61.52,69,3218.21,Plus,1,No,2.32,Yes,Yes,5G,2,320,No,6
MRD-010911,No,71.7,6,892.71,Premium,1,No,6.15,No,Yes,5G,2,1328,No,4
MRD-010912,No,65.0,7,246.94,Premium,1,No,5.25,Yes,Yes,5G,4,489,No,10
MRD-010913,No,58.86,57,2898.67,Plus,3,No,1.88,Yes,Yes,5G,2,801,Yes,10
MRD-010914,Yes,29.16,5,0.0,Basic,3,Yes,4.19,No,No,5G,2,745,Yes,5
MRD-010915,Yes,81.03,5,509.48,Premium,1,No,4.69,No,No,5G,1,728,No,5
MRD-010916,No,105.27,82,10473.42,Premium,1,No,8.13,No,No,4G,4,693,No,9
MRD-010917,No,59.53,94,4370.45,Plus,3,No,3.18,Yes,No,4G,1,976,Yes,7
MRD-010918,Yes,35.57,72,3375.54,Basic,1,No,8.33,Yes,No,5G,1,516,No,6
MRD-010919,No,67.66,8,546.51,Plus,1,No,12.23,Yes,No,5G,2,1308,No,3
MRD-010920,No,34.73,26,1967.1,Basic,1,No,3.57,No,No,5G,2,1453,No,6
MRD-010921,No,53.18,58,2803.51,Plus,2,No,10.28,No,No,5G,1,610,No,6
MRD-010922,No,84.43,60,4519.4,Premium,3,No,9.05,Yes,No,5G,0,1219,Yes,5
MRD-010923,Yes,31.4,16,731.06,Basic,1,No,1.25,No,Yes,4G,2,1147,No,2
MRD-010924,Yes,60.99,65,9978.97,Plus,3,No,1.56,No,No,4G,0,496,Yes,2
MRD-010925,No,92.15,93,5273.16,Premium,2,No,5.39,Yes,Yes,4G,1,383,No,9
MRD-010926,Yes,30.5,85,2057.98,Basic,4,No,2.29,Yes,No,5G,1,1392,Yes,2
MRD-010927,Yes,37.41,40,1195.54,Basic,4,No,3.72,Yes,No,5G,1,329,Yes,2
MRD-010928,No,64.35,81,5367.13,Plus,1,Yes,1.98,Yes,Yes,4G,3,1210,No,5
MRD-010929,No,101.28,11,596.6,Premium,1,Yes,13.08,No,No,5G,0,222,No,2
MRD-010930,No,42.07,86,3025.17,Basic,1,No,2.08,No,No,4G,1,297,No,5
MRD-010931,No,53.76,36,1676.5,Plus,1,No,3.62,Yes,No,4G,2,736,No,9
MRD-010932,No,73.89,5,627.01,Premium,2,No,2.9,Yes,Yes,5G,2,352,No,2
MRD-010933,No,58.53,37,2566.72,Plus,3,No,0.34,Yes,Yes,5G,3,1458,Yes,1
MRD-010934,No,84.42,9,886.71,Premium,1,No,0.08,Yes,No,5G,0,777,No,7
MRD-010935,Yes,35.13,92,2695.71,Basic,5,Yes,1.03,No,Yes,5G,1,1262,Yes,5
MRD-010936,No,88.9,71,3955.8,Premium,1,No,1.98,No,Yes,4G,1,823,No,4
MRD-010937,Yes,71.55,47,4861.49,Plus,2,Yes,6.52,Yes,No,5G,3,234,No,10
MRD-010938,No,59.85,39,1312.87,Plus,1,No,3.9,Yes,Yes,5G,3,595,No,4
MRD-010939,No,28.34,92,2817.7,Basic,2,No,1.8,Yes,No,5G,1,59,No,4
MRD-010940,No,61.63,58,4123.83,Plus,2,No,5.68,Yes,Yes,5G,2,459,No,10
MRD-010941,No,52.02,90,5032.89,Plus,1,No,2.23,No,No,5G,0,1326,No,2
MRD-010942,No,60.0,81,5994.98,Plus,1,No,4.06,No,No,4G,3,711,No,1
MRD-010943,No,107.85,44,2785.94,Premium,3,No,0.69,No,Yes,4G,0,1058,Yes,7
MRD-010944,No,59.56,6,0.0,Plus,1,Yes,3.91,No,No,5G,4,142,No,3
MRD-010945,Yes,41.55,87,4260.49,Basic,5,No,9.92,Yes,No,5G,2,810,Yes,8
MRD-010946,No,42.0,65,2943.32,Plus,1,No,1.03,Yes,Yes,4G,4,1380,No,6
MRD-010947,No,66.02,49,6311.65,Plus,2,No,2.75,No,Yes,5G,1,636,No,5
MRD-010948,No,38.14,14,1165.81,Basic,2,Yes,10.99,Yes,Yes,5G,2,820,No,2
MRD-010949,No,66.73,66,2926.36,Plus,3,No,2.21,Yes,No,4G,2,458,Yes,5
MRD-010950,No,94.03,6,296.58,Premium,1,No,3.04,Yes,No,5G,3,1152,No,1
MRD-010951,No,110.68,41,9903.74,Premium,1,No,0.9,Yes,No,5G,3,327,No,8
MRD-010952,No,61.62,65,2050.25,Plus,1,No,10.94,No,No,5G,2,837,No,3
MRD-010953,No,35.36,43,950.15,Basic,1,No,6.85,Yes,Yes,4G,1,154,No,2
MRD-010954,No,41.84,25,1823.77,Basic,1,Yes,4.8,No,No,4G,2,346,No,10
MRD-010955,No,59.04,53,3405.31,Plus,3,No,2.08,No,Yes,4G,2,847,Yes,9
MRD-010956,No,53.23,7,106.69,Plus,1,No,0.48,No,No,5G,1,1048,No,3
MRD-010957,No,56.1,3,420.32,Plus,2,No,3.01,No,No,5G,1,855,No,6
MRD-010958,No,33.85,82,6404.46,Basic,1,No,4.79,Yes,Yes,5G,0,1306,No,8
MRD-010959,No,46.65,52,2056.37,Plus,3,No,8.92,No,Yes,5G,2,1479,Yes,10
MRD-010960,Yes,30.62,65,994.22,Basic,2,Yes,2.37,Yes,No,5G,2,1409,No,3
MRD-010961,No,84.34,10,571.11,Premium,1,Yes,0.68,No,No,5G,2,636,No,10
MRD-010962,No,66.62,61,2860.13,Plus,2,No,1.8,Yes,No,5G,4,707,No,5
MRD-010963,No,106.66,19,1652.87,Premium,4,Yes,1.62,No,No,5G,1,931,Yes,7
MRD-010964,No,36.82,59,1876.72,Basic,1,No,4.41,Yes,No,5G,1,1487,No,7
MRD-010965,No,87.66,64,3093.42,Premium,2,No,5.93,Yes,Yes,4G,1,1408,No,6
MRD-010966,No,115.51,80,12711.54,Premium,1,No,0.3,Yes,No,4G,0,847,No,6
MRD-010967,Yes,59.47,75,2586.28,Plus,3,No,1.22,No,Yes,4G,1,120,Yes,5
MRD-010968,No,35.32,21,752.08,Basic,3,No,2.05,Yes,Yes,4G,2,610,Yes,9
MRD-010969,Yes,67.98,12,930.33,Plus,4,No,1.97,Yes,No,5G,2,259,Yes,2
MRD-010970,No,36.21,37,1470.66,Basic,3,No,2.53,Yes,No,4G,0,1215,Yes,1
MRD-010971,No,100.31,16,3060.02,Premium,1,No,0.11,Yes,No,5G,0,472,No,6
MRD-010972,No,59.88,34,2368.08,Plus,5,No,0.03,Yes,No,5G,2,157,Yes,10
MRD-010973,No,27.36,59,1365.71,Basic,2,No,0.54,Yes,No,5G,4,602,No,7
MRD-010974,No,93.89,74,7314.05,Premium,4,No,2.57,Yes,No,4G,5,997,Yes,8
MRD-010975,No,29.26,68,2412.1,Basic,2,No,1.76,Yes,Yes,5G,2,1471,No,6
MRD-010976,No,60.47,15,973.83,Plus,1,No,2.06,Yes,Yes,5G,2,1460,No,10
MRD-010977,No,47.63,74,2491.03,Plus,2,No,3.65,Yes,No,5G,0,1345,No,4
MRD-010978,No,30.98,34,1731.59,Basic,1,No,2.35,Yes,Yes,5G,2,1186,No,9
MRD-010979,Yes,61.82,90,2236.81,Plus,3,No,3.19,No,Yes,5G,1,410,Yes,6
MRD-010980,No,67.96,88,8541.91,Premium,1,No,0.17,No,Yes,4G,1,632,No,4
MRD-010981,No,103.7,26,1984.63,Premium,1,No,5.51,Yes,Yes,5G,1,1382,No,6
MRD-010982,Yes,31.39,39,1112.02,Basic,1,No,1.3,Yes,No,4G,1,305,No,3
MRD-010983,No,34.85,21,1121.25,Basic,2,Yes,0.76,Yes,Yes,4G,2,508,No,6
MRD-010984,Yes,43.86,46,3040.01,Basic,1,No,0.16,Yes,Yes,4G,0,957,No,2
MRD-010985,No,65.85,71,3300.33,Plus,2,No,3.33,Yes,No,5G,1,1336,No,6
MRD-010986,Yes,35.09,57,1823.96,Basic,2,No,1.24,No,Yes,4G,2,112,No,8
MRD-010987,No,35.72,34,3721.07,Basic,3,No,5.17,Yes,No,5G,1,135,Yes,1
MRD-010988,No,47.29,73,3676.3,Basic,1,No,1.69,Yes,No,4G,1,1242,No,3
MRD-010989,Yes,25.19,34,1522.15,Basic,4,No,1.48,No,No,5G,2,342,Yes,4
MRD-010990,Yes,47.82,57,2837.44,Basic,4,No,0.48,Yes,No,4G,4,423,Yes,5
MRD-010991,No,32.06,41,1065.68,Basic,1,No,5.47,Yes,No,4G,3,1265,No,9
MRD-010992,No,58.23,26,1029.18,Plus,4,No,3.18,No,Yes,5G,1,1350,Yes,4
MRD-010993,No,100.97,68,2828.0,Premium,1,No,1.72,Yes,No,5G,1,245,No,9
MRD-010994,No,33.09,24,771.14,Basic,3,No,0.61,Yes,Yes,5G,2,677,Yes,3
MRD-010995,No,68.71,31,725.81,Plus,3,No,4.24,Yes,No,5G,0,1310,Yes,6
MRD-010996,No,63.28,64,2494.02,Plus,1,No,3.29,Yes,No,4G,1,109,No,8
MRD-010997,No,63.06,44,3451.51,Plus,1,No,2.84,Yes,Yes,5G,1,1001,No,10
MRD-010998,No,66.76,48,2660.72,Plus,1,Yes,3.5,No,Yes,5G,0,894,No,3
MRD-010999,No,86.99,51,3465.58,Premium,3,No,10.54,Yes,No,5G,1,344,Yes,8
MRD-011000,No,42.69,13,627.09,Basic,3,Yes,5.16,Yes,No,4G,0,322,Yes,2
MRD-011001,No,77.04,74,3180.48,Plus,1,No,2.04,Yes,Yes,4G,0,1341,No,2
MRD-011002,No,102.72,67,6239.67,Premium,2,No,5.57,Yes,No,5G,2,963,No,9
MRD-011003,No,94.49,34,2859.53,Premium,3,No,1.7,Yes,No,4G,0,1227,Yes,10
MRD-011004,Yes,55.67,68,2781.96,Plus,1,No,2.6,No,No,4G,0,896,No,8
MRD-011005,No,58.83,71,2586.45,Plus,3,Yes,2.1,No,No,5G,0,1388,Yes,3
MRD-011006,No,65.63,1,163.51,Plus,1,No,7.46,Yes,No,5G,1,603,No,10
MRD-011007,Yes,37.15,10,948.31,Basic,2,No,5.25,No,Yes,4G,2,1390,No,1
MRD-011008,No,77.03,74,7596.83,Premium,2,No,1.98,No,No,5G,1,74,No,4
MRD-011009,No,25.13,42,1190.06,Basic,2,No,1.93,Yes,No,4G,3,1285,No,3
MRD-011010,Yes,54.54,5,117.44,Plus,3,No,1.79,Yes,No,5G,1,589,Yes,6
MRD-011011,No,60.91,96,6130.29,Plus,4,No,5.39,Yes,Yes,4G,0,115,Yes,9
MRD-011012,Yes,40.19,37,1363.54,Basic,2,Yes,7.1,Yes,No,5G,4,1449,No,2
MRD-011013,Yes,62.69,79,4972.95,Plus,1,No,3.86,No,No,5G,3,1456,No,7
MRD-011014,No,61.99,8,599.52,Plus,1,Yes,6.25,No,Yes,5G,0,1426,No,10
MRD-011015,No,68.05,78,6721.49,Plus,4,No,6.56,Yes,No,4G,1,1165,Yes,8
MRD-011016,No,24.36,76,2983.64,Basic,2,No,1.12,No,No,5G,2,241,No,3
MRD-011017,No,47.81,12,587.46,Plus,2,No,3.62,Yes,No,4G,1,769,No,9
MRD-011018,No,82.28,82,5012.25,Premium,4,No,1.54,Yes,No,5G,0,1332,Yes,8
MRD-011019,Yes,37.28,53,3184.69,Basic,5,No,4.29,No,No,5G,2,581,Yes,1
MRD-011020,Yes,54.22,90,3714.07,Plus,1,No,1.55,Yes,Yes,4G,2,853,No,6
MRD-011021,Yes,89.1,38,4662.23,Premium,2,No,2.35,No,No,5G,3,63,No,3
MRD-011022,No,39.3,54,3483.43,Basic,4,No,2.01,Yes,No,5G,1,353,Yes,6
MRD-011023,No,64.53,95,3446.8,Plus,5,Yes,0.37,No,Yes,4G,2,2,Yes,9
MRD-011024,Yes,32.4,93,8050.9,Basic,1,Yes,1.53,Yes,No,5G,3,547,No,3
MRD-011025,No,59.18,19,1506.76,Plus,2,No,4.03,No,Yes,5G,0,1464,No,3
MRD-011026,No,103.02,56,9256.91,Premium,1,No,2.76,Yes,No,4G,2,743,No,1
MRD-011027,No,51.45,94,6598.28,Plus,3,No,5.56,Yes,Yes,5G,1,119,Yes,9
MRD-011028,No,41.11,44,797.24,Basic,3,No,1.37,Yes,Yes,5G,1,294,Yes,2
MRD-011029,No,73.57,86,10387.58,Plus,1,No,1.61,No,Yes,4G,1,222,No,9
MRD-011030,No,78.8,91,5130.72,Premium,3,Yes,5.58,No,No,4G,2,1342,Yes,4
MRD-011031,No,50.16,94,5881.38,Plus,2,No,3.5,Yes,No,5G,1,43,No,1
MRD-011032,Yes,31.01,95,3334.7,Basic,1,No,1.3,Yes,No,5G,1,1184,No,2
MRD-011033,No,88.15,13,702.34,Premium,4,No,2.47,No,Yes,5G,2,720,Yes,8
MRD-011034,No,63.24,40,3074.51,Plus,2,No,3.71,Yes,Yes,5G,0,662,No,3
MRD-011035,No,64.25,94,6439.0,Plus,2,No,2.21,Yes,No,5G,2,213,No,4
MRD-011036,No,57.27,30,3155.51,Plus,3,Yes,1.59,No,No,4G,0,320,Yes,8
MRD-011037,No,51.74,11,373.42,Plus,4,No,3.75,Yes,No,4G,0,421,Yes,5
MRD-011038,No,40.98,37,1114.57,Basic,3,Yes,4.61,Yes,Yes,5G,1,1460,Yes,3
MRD-011039,No,60.01,38,2556.77,Plus,1,No,1.14,Yes,No,4G,1,1361,No,6
MRD-011040,No,34.92,91,3602.12,Basic,2,No,0.57,No,No,5G,2,800,No,7
MRD-011041,Yes,71.42,7,758.05,Plus,1,Yes,5.44,Yes,Yes,4G,2,701,No,5
MRD-011042,No,38.3,45,1537.97,Basic,2,No,2.56,Yes,Yes,5G,1,338,No,8
MRD-011043,No,41.04,57,2776.97,Basic,4,Yes,6.08,No,Yes,4G,2,1189,Yes,10
MRD-011044,No,101.57,5,800.91,Premium,2,No,2.07,No,Yes,4G,1,1472,No,4
MRD-011045,No,35.05,45,1762.01,Basic,1,No,1.17,Yes,Yes,5G,1,1279,No,7
MRD-011046,No,68.84,26,1527.82,Plus,2,No,1.87,Yes,Yes,4G,0,769,No,5
MRD-011047,No,31.53,33,1237.64,Basic,2,No,3.85,No,No,4G,2,1183,No,3
MRD-011048,No,34.98,9,535.25,Basic,1,No,2.97,Yes,Yes,4G,1,1482,No,9
MRD-011049,No,64.37,60,5177.14,Plus,1,No,0.75,No,No,4G,0,1319,No,1
MRD-011050,No,47.16,28,640.92,Plus,1,No,2.56,Yes,No,4G,1,1416,No,6
MRD-011051,No,92.96,31,5133.68,Premium,1,No,4.73,Yes,Yes,5G,1,828,No,3
MRD-011052,Yes,68.05,36,2551.91,Plus,5,No,3.7,Yes,No,5G,7,407,Yes,1
MRD-011053,No,100.61,22,3031.91,Premium,4,No,4.24,Yes,Yes,5G,0,423,Yes,10
MRD-011054,No,92.44,84,3348.57,Premium,3,No,1.73,Yes,No,5G,1,1348,Yes,7
MRD-011055,No,89.22,61,5048.42,Premium,2,No,3.88,No,No,5G,1,154,No,3
MRD-011056,No,60.45,94,10883.27,Plus,1,Yes,8.5,Yes,Yes,5G,1,1095,No,6
MRD-011057,No,43.03,49,2768.97,Basic,3,No,1.13,No,No,4G,3,246,Yes,6
MRD-011058,No,63.67,89,3540.43,Plus,2,No,1.48,No,Yes,5G,1,1115,No,5
MRD-011059,Yes,38.1,58,2717.67,Basic,1,No,7.45,Yes,Yes,5G,0,713,No,2
MRD-011060,No,54.68,92,5184.99,Plus,3,No,2.24,Yes,No,5G,1,1013,Yes,5
MRD-011061,No,84.71,91,9702.47,Premium,1,No,2.79,Yes,Yes,5G,2,1116,No,10
MRD-011062,No,39.05,75,3408.84,Basic,5,No,4.13,No,No,5G,1,712,Yes,8
MRD-011063,No,46.21,53,2745.09,Plus,1,No,7.49,Yes,No,4G,3,276,No,6
MRD-011064,No,32.28,34,1456.16,Basic,1,No,0.2,No,No,5G,2,1474,No,9
MRD-011065,No,36.2,47,1577.26,Basic,1,No,3.03,Yes,Yes,5G,1,1129,No,7
MRD-011066,Yes,34.76,4,0.0,Basic,1,No,4.34,Yes,Yes,5G,2,1305,No,3
MRD-011067,No,63.41,23,1871.9,Plus,1,Yes,3.53,Yes,No,4G,2,1016,No,7
MRD-011068,No,33.72,22,1466.87,Basic,2,Yes,9.8,Yes,Yes,5G,1,586,No,9
MRD-011069,No,51.84,48,911.4,Plus,4,Yes,3.7,Yes,Yes,5G,2,654,Yes,2
MRD-011070,Yes,33.62,3,262.09,Basic,4,No,1.82,Yes,No,5G,1,133,Yes,8
MRD-011071,No,60.76,51,2458.41,Plus,2,No,3.37,Yes,No,4G,0,1304,No,6
MRD-011072,No,33.59,81,2614.64,Basic,5,No,0.89,No,No,5G,3,842,Yes,10
MRD-011073,No,44.8,35,1528.43,Plus,1,No,2.99,Yes,No,5G,1,1024,No,6
MRD-011074,No,113.58,44,4316.06,Premium,1,No,3.67,Yes,No,4G,2,621,No,1
MRD-011075,No,61.94,41,2635.82,Plus,3,No,1.99,No,Yes,4G,3,358,Yes,5
MRD-011076,No,47.59,85,2507.89,Plus,4,Yes,0.82,No,No,4G,3,58,Yes,8
MRD-011077,No,37.93,19,972.6,Basic,1,No,5.51,Yes,Yes,5G,1,1055,No,1
MRD-011078,No,38.09,52,3505.82,Basic,1,No,6.47,Yes,No,5G,3,798,No,8
MRD-011079,No,82.92,50,5617.5,Premium,1,Yes,1.63,No,Yes,5G,2,366,No,9
MRD-011080,Yes,35.26,38,928.93,Basic,4,No,0.3,Yes,No,5G,0,1216,Yes,3
MRD-011081,No,61.97,27,1413.55,Plus,1,No,3.57,Yes,No,5G,0,1135,No,1
MRD-011082,No,97.95,95,5415.17,Premium,1,No,7.02,Yes,No,5G,2,234,No,8
MRD-011083,No,27.39,81,3425.4,Basic,1,Yes,6.37,Yes,Yes,5G,2,9,No,5
MRD-011084,No,89.02,15,1047.3,Premium,5,No,5.9,Yes,Yes,5G,3,510,Yes,10
MRD-011085,No,62.92,41,2624.62,Plus,1,No,0.68,Yes,No,5G,0,355,No,9
MRD-011086,Yes,64.85,19,1523.57,Plus,1,No,0.89,Yes,No,4G,4,21,No,4
MRD-011087,No,53.15,42,6451.13,Plus,1,No,1.67,Yes,Yes,5G,2,693,No,3
MRD-011088,No,96.59,80,5853.55,Premium,1,Yes,0.64,No,Yes,5G,2,597,No,8
MRD-011089,No,33.88,33,1492.49,Basic,2,No,1.66,Yes,Yes,5G,5,1386,No,9
MRD-011090,No,66.3,26,2042.31,Plus,4,No,2.89,Yes,No,4G,1,1386,Yes,6
MRD-011091,No,50.0,20,685.21,Basic,2,No,5.09,Yes,No,4G,1,230,No,10
MRD-011092,No,76.09,46,5276.75,Plus,3,No,9.23,Yes,Yes,5G,3,1380,Yes,3
MRD-011093,Yes,43.04,89,3843.78,Basic,1,No,4.74,No,No,5G,1,1472,No,7
MRD-011094,No,36.24,92,4409.79,Basic,4,No,5.61,No,No,5G,0,507,Yes,9
MRD-011095,No,58.08,68,3778.4,Plus,2,No,5.37,Yes,No,5G,2,769,No,3
MRD-011096,No,39.33,48,2811.07,Basic,3,No,8.38,No,No,5G,1,916,Yes,3
MRD-011097,No,52.63,32,1349.55,Plus,4,No,4.22,Yes,No,5G,3,586,Yes,10
MRD-011098,No,56.77,52,3667.6,Plus,1,No,5.75,Yes,Yes,4G,4,9,No,1
MRD-011099,No,99.19,81,3934.89,Premium,5,No,1.06,Yes,No,5G,2,247,Yes,5
MRD-011100,No,27.09,7,347.93,Basic,1,No,0.95,Yes,Yes,5G,2,114,No,1
MRD-011101,No,100.05,52,4747.02,Premium,1,No,2.17,No,Yes,5G,0,84,No,5
MRD-011102,No,96.01,47,3621.44,Premium,2,No,7.01,No,Yes,5G,2,658,No,7
MRD-011103,No,64.51,31,1157.16,Plus,1,No,2.18,Yes,No,4G,0,302,No,10
MRD-011104,No,66.76,90,8153.21,Plus,5,No,3.63,No,Yes,5G,1,524,Yes,6
MRD-011105,Yes,43.92,40,1561.65,Basic,5,No,3.72,Yes,No,4G,2,1114,Yes,2
MRD-011106,Yes,65.42,52,3783.52,Plus,2,Yes,2.34,Yes,Yes,4G,2,875,No,8
MRD-011107,No,53.91,82,5050.6,Plus,2,No,7.97,Yes,Yes,5G,1,623,No,2
MRD-011108,No,47.18,32,1909.34,Plus,4,Yes,2.16,Yes,Yes,4G,1,1096,Yes,6
MRD-011109,No,97.94,1,361.84,Premium,2,No,4.58,Yes,Yes,4G,2,129,No,6
MRD-011110,No,55.49,64,3095.4,Plus,1,Yes,0.11,Yes,No,5G,2,1127,No,2
MRD-011111,No,66.26,85,6381.19,Plus,1,No,1.37,No,No,4G,3,722,No,5
MRD-011112,Yes,39.32,64,5843.39,Basic,2,Yes,1.09,Yes,No,5G,5,1079,No,1
MRD-011113,Yes,56.58,9,394.29,Plus,1,No,0.29,No,No,4G,3,983,No,4
MRD-011114,Yes,30.93,3,237.11,Basic,1,No,10.97,No,No,5G,1,1316,No,3
MRD-011115,No,66.82,74,2186.8,Plus,2,No,4.74,Yes,No,5G,0,958,No,9
MRD-011116,No,35.14,28,1111.34,Basic,5,Yes,2.91,Yes,Yes,4G,1,986,Yes,3
MRD-011117,No,48.69,94,4948.45,Plus,2,No,8.38,No,No,5G,1,1076,No,2
MRD-011118,Yes,27.99,26,814.89,Basic,3,No,3.71,Yes,No,5G,0,115,Yes,4
MRD-011119,No,76.84,14,2807.12,Premium,1,No,0.35,Yes,No,5G,2,50,No,4
MRD-011120,No,44.31,25,1449.1,Basic,1,No,1.35,Yes,Yes,5G,2,53,No,10
MRD-011121,No,111.39,96,12016.73,Premium,2,Yes,4.68,No,No,5G,3,1415,No,9
MRD-011122,No,102.66,82,11808.47,Premium,2,No,2.12,No,No,4G,0,1412,No,4
MRD-011123,No,97.09,53,6373.53,Premium,2,No,4.67,Yes,No,5G,0,1465,No,5
MRD-011124,No,89.54,92,5928.74,Premium,2,Yes,2.5,Yes,No,5G,6,11,No,9
MRD-011125,No,56.56,44,5200.74,Plus,3,No,2.63,Yes,No,5G,0,1423,Yes,7
MRD-011126,No,97.73,52,9498.94,Premium,2,No,3.01,Yes,Yes,5G,2,569,No,5
MRD-011127,No,41.33,85,6405.81,Basic,3,No,3.8,Yes,No,5G,1,1138,Yes,10
MRD-011128,Yes,33.08,16,318.91,Basic,1,No,2.66,Yes,No,5G,0,1399,No,10
MRD-011129,No,62.94,47,2805.17,Plus,2,No,2.05,No,Yes,5G,0,1267,No,2
MRD-011130,No,28.31,6,433.39,Basic,1,No,1.46,Yes,Yes,5G,0,1300,No,5
MRD-011131,No,68.74,0,88.84,Plus,1,No,3.08,No,No,5G,2,957,No,2
MRD-011132,No,36.09,67,3061.8,Basic,4,No,0.9,No,Yes,4G,2,1482,Yes,9
MRD-011133,No,40.25,47,2768.06,Basic,3,No,2.8,Yes,Yes,4G,4,936,Yes,8
MRD-011134,No,94.96,5,969.51,Premium,2,No,4.22,No,Yes,4G,1,1373,No,1
MRD-011135,No,54.0,72,1663.91,Plus,2,No,7.66,Yes,No,4G,0,570,No,6
MRD-011136,No,88.62,62,6625.83,Premium,2,No,1.51,Yes,No,5G,3,883,No,3
MRD-011137,Yes,57.73,63,2692.57,Plus,3,No,6.59,Yes,No,5G,1,466,Yes,2
MRD-011138,Yes,59.87,37,1991.98,Plus,4,No,2.16,Yes,No,5G,1,919,Yes,3
MRD-011139,Yes,36.52,32,926.25,Basic,2,No,8.14,Yes,Yes,5G,4,565,No,9
MRD-011140,No,54.84,68,3883.77,Plus,1,No,4.54,No,No,5G,3,951,No,5
MRD-011141,No,33.22,30,968.23,Basic,2,No,4.44,Yes,Yes,5G,0,195,No,6
MRD-011142,No,62.23,25,1728.55,Plus,4,No,2.81,Yes,No,4G,3,237,Yes,8
MRD-011143,Yes,24.67,87,1219.12,Basic,3,No,0.52,No,No,4G,3,806,Yes,4
MRD-011144,No,111.19,91,6113.93,Premium,3,No,3.07,Yes,Yes,5G,2,62,Yes,2
MRD-011145,No,58.62,70,3544.25,Plus,3,No,4.76,Yes,Yes,4G,3,891,Yes,10
MRD-011146,No,102.57,49,4890.44,Premium,2,No,3.98,Yes,No,5G,1,1211,No,5
MRD-011147,No,99.87,40,3376.42,Premium,1,No,1.16,No,No,5G,1,193,No,2
MRD-011148,No,74.06,66,5121.9,Plus,2,No,0.73,Yes,No,4G,1,906,No,7
MRD-011149,Yes,53.12,30,1524.88,Plus,1,No,6.03,Yes,No,4G,2,1225,No,3
MRD-011150,No,58.23,90,9052.25,Plus,5,No,4.91,Yes,No,4G,3,1165,Yes,10
MRD-011151,No,63.42,65,1655.43,Plus,2,No,5.59,Yes,Yes,5G,3,699,No,10
MRD-011152,No,55.41,22,741.58,Plus,5,No,0.61,No,No,5G,2,797,Yes,8
MRD-011153,Yes,47.6,56,3049.14,Plus,2,No,1.24,Yes,No,5G,1,1344,No,7
MRD-011154,No,34.66,63,1907.37,Basic,2,Yes,4.58,Yes,No,5G,0,900,No,9
MRD-011155,No,66.91,37,8174.15,Plus,2,No,2.22,No,No,4G,0,1115,No,1
MRD-011156,No,52.1,26,1022.95,Plus,4,No,0.52,No,No,5G,4,687,Yes,8
MRD-011157,No,32.75,21,827.71,Basic,2,No,3.03,Yes,Yes,4G,1,1383,No,7
MRD-011158,No,83.16,80,7036.4,Premium,1,No,1.25,Yes,Yes,4G,1,156,No,1
MRD-011159,No,60.98,0,120.33,Plus,2,No,0.27,No,Yes,5G,0,1195,No,8
MRD-011160,Yes,32.26,10,201.7,Basic,1,No,3.95,Yes,No,4G,0,456,No,8
MRD-011161,No,97.13,42,3041.36,Premium,3,Yes,2.92,Yes,Yes,5G,1,125,Yes,9
MRD-011162,No,54.69,68,2709.68,Plus,2,No,3.23,No,No,5G,0,1050,No,2
MRD-011163,Yes,26.83,38,740.45,Basic,4,No,0.68,Yes,Yes,4G,1,390,Yes,9
MRD-011164,Yes,36.97,75,3184.09,Basic,1,Yes,2.84,No,No,4G,1,767,No,10
MRD-011165,No,43.55,17,851.71,Basic,1,No,2.98,No,No,5G,3,869,No,2
MRD-011166,No,70.28,26,3566.13,Plus,1,Yes,2.75,Yes,No,5G,0,1353,No,6
MRD-011167,No,35.06,52,3060.63,Basic,1,No,3.35,Yes,No,4G,0,1069,No,2
MRD-011168,Yes,36.71,66,3926.76,Basic,3,Yes,1.51,Yes,No,4G,3,1056,Yes,9
MRD-011169,No,62.24,64,3159.14,Plus,1,Yes,3.01,Yes,No,5G,0,1121,No,5
MRD-011170,No,28.61,32,797.58,Basic,3,No,6.27,Yes,No,4G,0,585,Yes,8
MRD-011171,No,73.58,5,507.85,Plus,1,No,4.53,Yes,No,5G,1,341,No,5
MRD-011172,No,67.08,22,1251.05,Plus,5,No,7.25,Yes,Yes,4G,1,525,Yes,6
MRD-011173,No,34.3,58,3041.78,Basic,2,Yes,1.04,No,No,5G,3,758,No,9
MRD-011174,No,33.94,83,2384.72,Basic,1,No,3.19,Yes,No,4G,2,1096,No,10
MRD-011175,Yes,53.46,16,1022.74,Plus,1,No,0.51,No,Yes,5G,2,1483,No,3
MRD-011176,Yes,34.63,95,2978.46,Basic,2,Yes,2.97,Yes,No,5G,3,599,No,9
MRD-011177,No,69.16,59,1806.45,Plus,5,No,0.97,Yes,Yes,4G,0,467,Yes,9
MRD-011178,Yes,35.72,22,686.71,Basic,2,No,3.56,Yes,Yes,4G,1,48,No,4
MRD-011179,No,83.27,6,529.27,Premium,5,No,2.36,No,Yes,5G,0,788,Yes,2
MRD-011180,No,32.09,49,874.7,Basic,1,No,2.46,Yes,No,5G,1,332,No,2
MRD-011181,Yes,48.18,81,3040.23,Plus,1,No,3.13,Yes,No,4G,2,1146,No,3
MRD-011182,No,62.11,67,5385.63,Plus,1,No,10.0,Yes,No,5G,2,715,No,10
MRD-011183,No,40.89,13,69.69,Basic,1,No,1.45,Yes,No,4G,1,291,No,3
MRD-011184,No,66.58,1,296.54,Plus,5,No,0.78,No,Yes,4G,0,233,Yes,7
MRD-011185,No,34.49,82,1834.61,Basic,2,Yes,0.24,No,Yes,4G,1,765,No,9
MRD-011186,No,37.45,74,7764.74,Basic,1,No,2.52,No,No,4G,4,165,No,3
MRD-011187,No,67.11,2,0.0,Plus,2,No,2.22,No,No,4G,2,838,No,7
MRD-011188,No,33.33,48,1189.18,Basic,1,No,6.6,No,No,5G,0,337,No,5
MRD-011189,No,58.83,36,2170.04,Plus,3,No,0.41,No,No,5G,2,718,Yes,2
MRD-011190,No,49.08,31,2353.53,Plus,2,No,8.2,Yes,No,5G,2,1284,No,5
MRD-011191,Yes,96.88,2,51.36,Premium,2,No,4.42,Yes,No,4G,1,487,No,9
MRD-011192,No,89.6,12,885.38,Premium,2,No,1.29,Yes,No,4G,1,957,No,6
MRD-011193,No,52.22,93,5148.36,Plus,3,Yes,4.66,Yes,Yes,5G,2,959,Yes,5
MRD-011194,No,93.17,38,3114.84,Premium,4,Yes,3.07,Yes,No,5G,2,82,Yes,8
MRD-011195,No,64.87,39,2476.16,Plus,5,No,9.95,Yes,No,5G,2,879,Yes,10
MRD-011196,No,56.98,59,2548.22,Plus,1,No,2.18,No,No,5G,1,832,No,3
MRD-011197,No,95.79,40,6114.61,Premium,2,No,4.68,Yes,Yes,4G,3,1256,No,3
MRD-011198,No,37.44,16,392.87,Basic,1,No,1.09,Yes,Yes,5G,1,419,No,2
MRD-011199,No,28.78,54,1253.37,Basic,1,No,4.32,Yes,No,5G,3,748,No,5
MRD-011200,Yes,59.84,3,282.99,Plus,3,Yes,2.09,Yes,No,5G,1,219,Yes,5
MRD-011201,No,53.27,53,4182.12,Plus,2,No,7.82,Yes,No,5G,3,1399,No,2
MRD-011202,No,52.1,25,1014.64,Plus,3,No,12.19,No,No,4G,1,750,Yes,8
MRD-011203,No,45.96,31,3211.37,Plus,1,No,1.01,Yes,No,4G,3,624,No,3
MRD-011204,Yes,28.35,67,2750.65,Basic,1,No,3.37,No,No,5G,1,593,No,10
MRD-011205,No,56.79,12,801.82,Plus,2,No,1.15,Yes,Yes,5G,2,873,No,10
MRD-011206,No,59.08,40,854.97,Plus,1,Yes,5.04,Yes,No,5G,1,695,No,7
MRD-011207,Yes,58.97,41,4604.09,Plus,2,No,1.94,No,No,5G,3,726,No,8
MRD-011208,No,20.0,81,1595.94,Basic,2,No,2.24,Yes,Yes,4G,1,810,No,2
MRD-011209,No,32.09,40,1963.17,Basic,1,No,0.67,Yes,Yes,5G,0,742,No,1
MRD-011210,No,105.44,95,16221.58,Premium,1,No,0.72,No,No,4G,1,1499,No,2
MRD-011211,No,62.09,54,9156.21,Plus,3,No,3.54,No,No,5G,2,426,Yes,9
MRD-011212,No,51.59,52,840.49,Plus,1,No,5.26,No,No,4G,0,980,No,7
MRD-011213,No,73.13,69,3216.89,Plus,2,No,0.25,No,No,5G,1,468,No,2
MRD-011214,No,95.05,89,4790.3,Premium,1,No,2.43,Yes,No,5G,2,973,No,7
MRD-011215,No,75.09,49,3401.29,Premium,2,No,3.28,Yes,Yes,4G,1,1481,No,3
MRD-011216,Yes,63.13,41,3642.02,Plus,1,Yes,6.4,Yes,No,5G,0,1465,No,1
MRD-011217,No,35.61,60,2893.51,Basic,3,No,3.69,No,No,4G,0,652,Yes,10
MRD-011218,No,73.77,91,5222.6,Plus,4,Yes,3.7,Yes,No,5G,2,348,Yes,3
MRD-011219,No,88.28,33,4162.8,Premium,5,No,5.92,No,No,4G,1,578,Yes,4
MRD-011220,No,55.02,9,1365.11,Plus,4,No,4.23,No,Yes,4G,3,1231,Yes,8
MRD-011221,No,109.94,78,11777.31,Premium,1,No,2.0,No,No,5G,1,1071,No,8
MRD-011222,No,31.03,62,2031.48,Basic,3,No,2.46,No,No,5G,1,922,Yes,6
MRD-011223,Yes,33.88,8,374.08,Basic,2,No,1.07,Yes,Yes,4G,4,1412,No,2
MRD-011224,No,108.35,73,6155.23,Premium,2,No,2.21,Yes,Yes,5G,2,1330,No,3
MRD-011225,No,35.58,35,1291.98,Basic,1,Yes,4.59,Yes,Yes,4G,0,97,No,6
MRD-011226,No,33.29,29,1047.58,Basic,1,No,7.01,Yes,Yes,5G,2,2,No,5
MRD-011227,No,62.74,78,1716.54,Plus,1,No,5.02,No,No,5G,0,937,No,10
MRD-011228,Yes,64.69,77,7374.06,Plus,2,No,6.17,Yes,No,4G,0,410,No,1
MRD-011229,No,65.39,31,2375.98,Plus,3,No,0.95,Yes,Yes,5G,1,1394,Yes,1
MRD-011230,No,81.47,18,1486.92,Premium,2,No,2.66,Yes,No,5G,2,505,No,10
MRD-011231,No,59.92,16,1438.49,Plus,1,No,3.77,No,No,5G,0,693,No,2
MRD-011232,No,34.69,43,2482.43,Basic,3,No,2.0,Yes,No,5G,3,69,Yes,1
MRD-011233,No,85.96,43,8051.85,Premium,1,No,3.7,Yes,Yes,5G,1,723,No,4
MRD-011234,Yes,33.3,2,249.91,Basic,2,No,7.59,Yes,No,5G,3,775,No,8
MRD-011235,No,65.39,54,4384.08,Plus,1,Yes,1.23,Yes,Yes,5G,1,606,No,6
MRD-011236,Yes,47.9,33,1590.62,Plus,3,No,4.49,No,No,5G,0,354,Yes,8
MRD-011237,No,32.92,41,1186.45,Basic,1,No,2.39,Yes,No,5G,0,607,No,3
MRD-011238,No,29.66,17,715.47,Basic,2,No,4.5,Yes,No,5G,2,34,No,4
MRD-011239,No,103.31,20,1571.06,Premium,3,No,1.21,No,Yes,4G,0,764,Yes,8
MRD-011240,No,65.41,86,7318.91,Plus,3,Yes,0.53,Yes,Yes,5G,2,891,Yes,2
MRD-011241,No,66.74,68,2537.52,Plus,4,No,0.5,Yes,No,4G,4,259,Yes,9
MRD-011242,No,60.62,83,3336.69,Plus,3,No,1.91,Yes,No,4G,1,795,Yes,7
MRD-011243,No,30.49,5,158.1,Basic,2,No,2.38,Yes,No,5G,2,742,No,9
MRD-011244,No,51.78,36,1533.72,Plus,2,Yes,0.33,No,Yes,4G,1,1272,No,9
MRD-011245,No,80.33,72,9149.56,Plus,2,No,2.1,Yes,No,5G,1,548,No,8
MRD-011246,No,89.64,56,3956.85,Premium,3,No,1.23,No,Yes,5G,0,1494,Yes,10
MRD-011247,No,43.79,31,1758.11,Basic,3,No,7.28,No,No,4G,2,1030,Yes,10
MRD-011248,No,106.22,63,7597.3,Premium,1,No,11.8,No,No,4G,1,1469,No,3
MRD-011249,Yes,45.5,37,1422.69,Basic,5,Yes,18.1,Yes,Yes,5G,1,533,Yes,4
MRD-011250,Yes,37.74,27,830.4,Basic,1,No,3.2,No,Yes,5G,1,1363,No,3
MRD-011251,Yes,27.52,33,779.49,Basic,4,No,7.41,Yes,Yes,5G,0,231,Yes,1
MRD-011252,No,33.3,58,2496.64,Basic,1,No,1.57,Yes,No,5G,2,346,No,10
MRD-011253,No,59.69,73,4826.76,Plus,1,No,1.09,Yes,No,5G,1,122,No,6
MRD-011254,Yes,115.57,95,11810.76,Premium,2,No,1.4,No,No,5G,0,267,No,1
MRD-011255,No,38.28,82,4940.58,Basic,1,No,0.27,Yes,No,5G,1,1439,No,5
MRD-011256,No,78.63,70,5777.65,Premium,3,No,7.04,No,No,5G,0,1166,Yes,3
MRD-011257,No,57.77,17,882.73,Plus,1,No,3.73,No,No,4G,0,325,No,9
MRD-011258,No,58.6,25,1009.24,Plus,1,No,11.9,No,Yes,5G,2,1182,No,6
MRD-011259,Yes,110.83,0,0.0,Premium,1,No,2.45,Yes,Yes,5G,1,927,No,5
MRD-011260,No,84.02,62,5106.29,Premium,1,Yes,0.07,No,Yes,4G,4,584,No,5
MRD-011261,Yes,33.78,11,758.14,Basic,1,No,1.43,Yes,No,4G,1,41,No,3
MRD-011262,Yes,59.35,29,1428.77,Plus,1,No,6.83,No,Yes,4G,0,924,No,2
MRD-011263,No,58.42,7,677.4,Plus,1,No,1.77,No,Yes,5G,0,596,No,3
MRD-011264,No,85.98,47,1708.45,Premium,3,No,0.33,No,Yes,5G,1,199,Yes,2
MRD-011265,No,65.06,83,5883.59,Plus,4,No,2.98,No,No,5G,1,1227,Yes,10
MRD-011266,No,41.56,58,3778.14,Basic,3,Yes,0.71,No,No,5G,0,1168,Yes,8
MRD-011267,No,39.37,46,1382.41,Basic,1,No,2.07,Yes,No,4G,1,1181,No,5
MRD-011268,No,82.34,50,11231.03,Plus,5,No,1.62,Yes,No,5G,3,1423,Yes,8
MRD-011269,No,44.81,78,2655.75,Basic,4,No,7.53,No,No,5G,2,1473,Yes,7
MRD-011270,No,38.08,14,553.7,Basic,2,No,2.81,Yes,No,4G,2,124,No,9
MRD-011271,No,98.59,48,5379.23,Premium,2,No,6.5,Yes,Yes,5G,0,1217,No,8
MRD-011272,No,63.31,29,825.77,Plus,1,No,2.37,Yes,Yes,5G,2,479,No,10
MRD-011273,No,33.91,94,2168.14,Basic,5,Yes,7.0,Yes,No,5G,0,995,Yes,2
MRD-011274,Yes,50.86,1,284.9,Plus,5,No,1.27,Yes,Yes,5G,2,141,Yes,2
MRD-011275,No,101.72,85,13861.31,Premium,2,No,2.9,No,No,4G,3,799,No,8
MRD-011276,No,48.13,0,338.93,Basic,5,No,2.45,No,No,5G,3,744,Yes,3
MRD-011277,Yes,37.3,35,1711.63,Basic,1,No,1.13,Yes,No,4G,2,1134,No,9
MRD-011278,No,67.74,75,4121.05,Plus,2,No,0.23,No,No,5G,0,1372,No,2
MRD-011279,No,72.69,12,473.87,Plus,2,No,4.54,Yes,No,5G,1,30,No,1
MRD-011280,No,67.09,39,3012.57,Plus,2,No,3.83,Yes,Yes,5G,1,1092,No,2
MRD-011281,No,92.84,33,1157.97,Premium,1,No,3.09,Yes,No,5G,0,631,No,10
MRD-011282,No,103.59,50,6672.23,Premium,3,Yes,6.4,Yes,No,5G,3,681,Yes,1
MRD-011283,No,35.0,40,4425.86,Basic,4,No,0.71,No,Yes,4G,2,1237,Yes,10
MRD-011284,No,50.78,24,2528.73,Plus,3,No,4.15,Yes,No,4G,2,326,Yes,6
MRD-011285,No,61.51,93,3431.09,Plus,2,Yes,3.68,Yes,Yes,5G,2,393,No,1
MRD-011286,No,40.8,96,3472.86,Basic,2,No,3.14,Yes,Yes,4G,1,1326,No,1
MRD-011287,No,36.45,17,799.19,Basic,2,No,6.31,Yes,No,4G,2,217,No,3
MRD-011288,No,32.1,31,1236.87,Basic,2,No,3.91,Yes,No,5G,0,947,No,2
MRD-011289,No,58.34,15,1078.73,Plus,1,No,2.63,Yes,Yes,5G,2,759,No,8
MRD-011290,No,84.94,66,13943.52,Premium,1,No,3.17,Yes,No,4G,1,337,No,6
MRD-011291,No,51.93,74,4319.54,Plus,2,No,6.12,Yes,No,4G,0,353,No,2
MRD-011292,No,43.51,20,919.3,Basic,3,No,1.87,Yes,No,4G,3,650,Yes,9
MRD-011293,No,28.68,5,316.8,Basic,1,Yes,8.3,No,Yes,5G,2,33,No,6
MRD-011294,No,54.35,53,3193.4,Plus,4,Yes,2.57,Yes,No,4G,1,123,Yes,9
MRD-011295,No,96.68,78,7285.84,Premium,1,Yes,1.07,No,Yes,5G,2,128,No,6
MRD-011296,No,96.68,8,1282.59,Premium,2,No,5.92,Yes,Yes,5G,1,1175,No,6
MRD-011297,No,67.59,57,5157.5,Plus,1,No,2.75,Yes,No,5G,0,1332,No,2
MRD-011298,No,57.47,96,7505.58,Plus,2,Yes,5.01,Yes,No,4G,2,343,No,6
MRD-011299,Yes,52.42,48,2463.12,Plus,4,No,2.49,Yes,No,5G,1,690,Yes,1
MRD-011300,No,63.65,31,3201.94,Plus,1,No,3.22,Yes,Yes,5G,1,74,No,1
MRD-011301,No,32.73,30,1071.28,Basic,1,Yes,1.23,Yes,No,4G,2,396,No,3
MRD-011302,No,32.64,58,1998.41,Basic,4,No,7.38,No,No,5G,4,1053,Yes,7
MRD-011303,Yes,58.6,46,1256.99,Plus,2,No,1.69,Yes,Yes,4G,0,1132,No,10
MRD-011304,No,101.45,37,6687.83,Premium,5,No,1.53,Yes,Yes,5G,3,731,Yes,3
MRD-011305,No,66.91,4,198.04,Plus,1,No,3.78,Yes,No,5G,2,1415,No,2
MRD-011306,No,63.43,70,5198.17,Plus,3,No,0.86,Yes,No,5G,0,861,Yes,1
MRD-011307,No,37.84,34,1527.87,Basic,4,No,1.67,Yes,Yes,5G,2,383,Yes,6
MRD-011308,No,36.98,48,2104.47,Basic,3,No,3.07,Yes,No,5G,1,988,Yes,8
MRD-011309,Yes,32.92,69,5885.58,Basic,2,No,1.67,Yes,No,5G,2,1184,No,6
MRD-011310,No,82.47,92,11008.36,Premium,1,Yes,1.39,No,No,5G,0,1224,No,3
MRD-011311,No,96.11,84,19905.82,Premium,5,No,0.09,Yes,No,4G,2,433,Yes,10
MRD-011312,No,37.06,78,1986.43,Basic,5,No,11.14,Yes,No,5G,3,387,Yes,4
MRD-011313,No,92.41,55,2893.92,Premium,2,No,3.16,Yes,No,5G,0,483,No,3
MRD-011314,No,34.46,86,5230.02,Basic,2,No,4.21,Yes,Yes,4G,0,729,No,2
MRD-011315,Yes,31.9,4,311.8,Basic,2,No,9.47,No,Yes,5G,1,644,No,2
MRD-011316,No,58.42,8,366.05,Plus,1,No,1.25,No,Yes,4G,0,1384,No,10
MRD-011317,No,34.79,51,1727.16,Basic,3,No,6.1,No,No,5G,3,430,Yes,8
MRD-011318,No,59.04,94,2441.32,Plus,3,No,3.68,Yes,No,5G,2,597,Yes,5
MRD-011319,No,47.09,35,1580.05,Plus,1,No,6.97,Yes,No,4G,1,1273,No,4
MRD-011320,No,109.96,27,3377.38,Premium,2,No,3.46,Yes,Yes,5G,2,695,No,3
MRD-011321,No,89.35,85,3930.5,Premium,3,No,5.13,No,No,5G,2,1052,Yes,7
MRD-011322,No,32.39,21,2048.6,Basic,2,No,2.1,Yes,Yes,5G,1,780,No,3
MRD-011323,No,78.55,52,3900.32,Premium,1,Yes,0.76,Yes,Yes,5G,1,1369,No,3
MRD-011324,No,47.78,68,2945.85,Plus,2,No,3.9,Yes,No,5G,0,474,No,1
MRD-011325,Yes,23.32,8,245.5,Basic,2,No,2.09,No,Yes,4G,0,1411,No,10
MRD-011326,No,55.28,56,2429.51,Plus,5,No,7.3,No,Yes,4G,1,481,Yes,9
MRD-011327,No,96.1,72,7405.41,Premium,1,No,0.2,Yes,Yes,5G,0,276,No,9
MRD-011328,Yes,31.37,90,3149.1,Basic,1,No,8.38,No,No,5G,1,1077,No,7
MRD-011329,No,54.08,74,2536.84,Plus,4,No,9.9,No,Yes,5G,2,486,Yes,1
MRD-011330,No,58.66,57,4683.37,Plus,4,No,7.28,No,No,5G,0,938,Yes,10
MRD-011331,Yes,39.33,79,9420.8,Basic,4,No,1.73,No,No,5G,2,1133,Yes,1
MRD-011332,Yes,34.08,81,2116.23,Basic,1,No,6.75,Yes,No,4G,3,297,No,10
MRD-011333,No,60.41,15,482.78,Plus,2,No,0.45,Yes,No,4G,3,1495,No,6
MRD-011334,No,96.0,85,6563.34,Premium,3,No,1.62,Yes,No,5G,2,1441,Yes,6
MRD-011335,No,93.51,48,3638.64,Premium,1,No,3.21,Yes,Yes,5G,0,393,No,7
MRD-011336,No,62.43,45,5363.28,Plus,2,Yes,4.89,No,Yes,4G,2,434,No,6
MRD-011337,No,62.73,2,151.24,Plus,4,No,1.8,Yes,No,5G,2,23,Yes,9
MRD-011338,No,33.95,26,1632.42,Basic,4,No,0.13,Yes,Yes,4G,1,1316,Yes,2
MRD-011339,No,89.39,33,3502.09,Premium,2,No,0.18,No,Yes,5G,1,765,No,3
MRD-011340,No,28.48,19,971.21,Basic,2,No,2.32,Yes,No,5G,2,1061,No,8
MRD-011341,No,82.56,89,4395.66,Premium,2,No,0.44,Yes,No,4G,5,584,No,2
MRD-011342,No,65.3,87,2891.24,Plus,1,No,1.3,No,No,5G,1,1383,No,2
MRD-011343,No,32.45,0,274.88,Basic,2,No,7.55,Yes,Yes,5G,1,1341,No,7
MRD-011344,No,33.32,21,884.78,Basic,1,No,1.28,Yes,Yes,5G,4,891,No,10
MRD-011345,No,99.64,1,49.41,Premium,2,No,5.36,Yes,No,4G,4,854,No,10
MRD-011346,No,57.18,41,3381.28,Plus,1,No,4.46,No,No,5G,0,904,No,1
MRD-011347,Yes,50.23,77,4186.62,Plus,1,No,0.59,No,No,4G,3,395,No,1
MRD-011348,No,65.09,54,3253.86,Plus,1,No,0.16,Yes,Yes,4G,1,1384,No,5
MRD-011349,Yes,36.29,37,935.22,Basic,4,Yes,4.65,Yes,No,4G,1,411,Yes,3
MRD-011350,Yes,32.44,78,2373.74,Basic,1,No,0.62,No,Yes,5G,0,654,No,3
MRD-011351,Yes,33.99,63,929.71,Basic,2,No,1.46,No,Yes,5G,1,1037,No,2
MRD-011352,No,59.69,27,901.86,Plus,3,No,0.57,Yes,No,5G,1,303,Yes,3
MRD-011353,No,68.81,3,93.1,Plus,1,Yes,1.44,Yes,No,5G,1,174,No,2
MRD-011354,No,72.19,89,6799.74,Plus,2,No,0.76,Yes,Yes,5G,1,367,No,7
MRD-011355,No,47.81,71,3155.76,Plus,1,No,1.38,No,No,5G,0,352,No,5
MRD-011356,No,70.48,25,1634.95,Plus,5,Yes,0.73,Yes,Yes,5G,1,1121,Yes,1
MRD-011357,No,71.48,20,1927.49,Plus,2,No,1.03,Yes,Yes,5G,2,1237,No,9
MRD-011358,No,53.96,17,1356.53,Plus,3,Yes,6.02,No,No,5G,2,283,Yes,10
MRD-011359,Yes,49.15,78,6752.21,Plus,4,No,6.82,Yes,No,5G,1,961,Yes,5
MRD-011360,Yes,32.65,36,2041.11,Basic,1,No,2.6,Yes,Yes,4G,1,1429,No,8
MRD-011361,No,101.08,1,142.69,Premium,1,No,8.74,Yes,No,5G,5,1112,No,2
MRD-011362,Yes,36.77,65,1715.16,Basic,1,No,5.53,Yes,Yes,5G,3,1367,No,7
MRD-011363,No,56.81,24,885.84,Plus,4,No,2.49,No,No,5G,0,61,Yes,3
MRD-011364,No,62.5,49,4813.42,Plus,1,No,1.54,No,No,5G,1,132,No,2
MRD-011365,No,36.73,57,2084.69,Basic,3,No,7.64,Yes,Yes,5G,3,1432,Yes,1
MRD-011366,No,66.34,55,4303.36,Plus,1,No,2.89,No,Yes,4G,0,4,No,9
MRD-011367,No,100.19,85,5066.09,Premium,5,No,4.17,Yes,Yes,5G,0,1199,Yes,10
MRD-011368,No,69.6,70,6836.56,Plus,3,Yes,5.23,No,Yes,5G,3,290,Yes,2
MRD-011369,No,31.88,74,4934.93,Basic,2,Yes,2.51,No,No,4G,0,571,No,7
MRD-011370,No,37.45,89,3179.64,Basic,2,No,2.1,No,Yes,5G,1,1271,No,9
MRD-011371,No,38.56,13,802.0,Basic,5,No,0.96,Yes,Yes,5G,2,449,Yes,5
MRD-011372,Yes,41.37,47,2500.85,Basic,3,Yes,3.43,No,No,5G,5,1277,Yes,9
MRD-011373,No,30.61,58,580.96,Basic,2,No,5.13,Yes,No,5G,1,737,No,3
MRD-011374,No,70.14,64,4148.56,Plus,2,Yes,10.94,No,Yes,5G,0,11,No,2
MRD-011375,No,53.99,3,273.52,Plus,5,No,3.52,Yes,No,4G,4,797,Yes,6
MRD-011376,No,63.09,41,2811.77,Plus,4,No,3.57,No,Yes,5G,0,999,Yes,8
MRD-011377,No,87.56,77,11691.15,Premium,3,No,3.97,Yes,Yes,5G,2,997,Yes,10
MRD-011378,No,36.27,64,1676.72,Basic,1,No,2.49,No,No,5G,0,591,No,8
MRD-011379,No,55.86,90,6003.3,Plus,1,No,0.23,Yes,No,5G,2,618,No,6
MRD-011380,Yes,32.34,32,512.6,Basic,2,No,9.64,No,Yes,5G,0,1146,No,5
MRD-011381,Yes,29.04,20,499.34,Basic,5,Yes,0.98,No,No,5G,3,858,Yes,6
MRD-011382,Yes,35.3,37,798.01,Basic,1,No,0.66,No,Yes,4G,3,671,No,5
MRD-011383,No,47.84,86,3786.98,Plus,5,No,1.96,Yes,Yes,4G,2,1137,Yes,2
MRD-011384,Yes,40.0,90,3160.37,Basic,1,No,5.91,No,No,5G,1,1376,No,9
MRD-011385,No,36.26,12,826.42,Basic,1,No,9.19,Yes,Yes,4G,1,1145,No,7
MRD-011386,Yes,32.53,28,1600.13,Basic,1,No,1.5,Yes,Yes,5G,1,1181,No,3
MRD-011387,Yes,35.89,31,1254.39,Basic,5,Yes,3.43,Yes,No,5G,3,264,Yes,3
MRD-011388,No,38.03,76,5335.56,Basic,1,No,6.58,Yes,Yes,5G,1,336,No,1
MRD-011389,No,37.64,7,122.22,Basic,3,No,5.55,No,No,4G,2,1341,Yes,5
MRD-011390,No,32.91,29,2168.2,Basic,2,No,2.42,Yes,No,4G,1,1481,No,3
MRD-011391,No,104.86,89,7827.01,Premium,1,No,2.69,Yes,Yes,4G,2,407,No,9
MRD-011392,Yes,69.14,87,6615.09,Plus,3,No,10.42,Yes,No,5G,2,581,Yes,6
MRD-011393,Yes,34.82,34,977.9,Basic,2,Yes,2.11,Yes,No,4G,3,53,No,6
MRD-011394,No,53.52,34,2428.86,Plus,1,No,0.59,Yes,No,5G,2,380,No,9
MRD-011395,No,67.43,59,1428.28,Plus,3,No,1.91,No,Yes,5G,0,365,Yes,4
MRD-011396,Yes,31.64,96,2644.94,Basic,1,No,5.33,No,Yes,5G,4,750,No,2
MRD-011397,No,63.21,45,1799.11,Plus,2,No,3.32,No,No,5G,1,190,No,10
MRD-011398,Yes,32.87,92,5571.88,Basic,1,Yes,0.5,No,Yes,5G,1,158,No,10
MRD-011399,Yes,32.17,78,3781.7,Basic,1,No,2.5,No,No,5G,2,310,No,3
MRD-011400,No,62.08,78,3763.97,Plus,2,No,5.8,Yes,No,4G,2,950,No,4
MRD-011401,No,95.75,87,4427.54,Premium,1,No,1.45,Yes,No,4G,3,359,No,8
MRD-011402,No,36.5,10,223.81,Basic,1,No,2.73,Yes,No,5G,0,1476,No,9
MRD-011403,No,90.7,11,701.11,Premium,1,No,2.3,No,Yes,4G,2,1251,No,2
MRD-011404,No,55.68,34,1208.17,Plus,1,No,2.1,Yes,No,5G,2,252,No,5
MRD-011405,No,69.58,54,6060.21,Plus,2,No,1.19,Yes,No,4G,3,757,No,3
MRD-011406,No,37.05,55,6760.98,Basic,2,No,3.73,Yes,No,5G,1,1429,No,3
MRD-011407,No,84.23,82,13012.05,Premium,3,Yes,10.34,No,Yes,5G,0,1221,Yes,5
MRD-011408,No,91.94,93,10725.22,Premium,2,No,2.11,Yes,No,4G,1,1127,No,10
MRD-011409,No,90.11,16,1062.31,Premium,2,No,2.1,No,No,4G,1,1384,No,3
MRD-011410,Yes,54.62,78,4577.41,Plus,1,No,2.88,Yes,No,5G,0,72,No,1
MRD-011411,Yes,48.86,45,2945.11,Plus,1,No,3.79,Yes,No,5G,1,501,No,4
MRD-011412,Yes,33.06,53,1945.24,Basic,1,No,2.9,No,No,5G,2,17,No,6
MRD-011413,No,62.45,1,137.0,Plus,1,No,3.83,Yes,Yes,4G,0,712,No,5
MRD-011414,Yes,36.61,21,842.72,Basic,3,No,1.5,Yes,No,5G,2,571,Yes,8
MRD-011415,No,41.63,84,7324.04,Basic,1,No,1.39,Yes,No,5G,2,1367,No,6
MRD-011416,No,42.81,40,1759.62,Basic,3,No,1.55,Yes,Yes,5G,0,765,Yes,4
MRD-011417,No,57.11,39,2897.33,Plus,1,No,2.19,Yes,No,5G,2,858,No,8
MRD-011418,No,35.13,81,2042.14,Basic,2,No,5.32,No,No,4G,1,753,No,4
MRD-011419,No,95.78,84,9916.91,Premium,3,No,1.69,Yes,Yes,5G,1,845,Yes,2
MRD-011420,No,100.55,3,370.79,Premium,1,Yes,6.13,Yes,Yes,4G,2,235,No,1
MRD-011421,No,47.57,67,1899.86,Plus,3,No,7.19,No,No,5G,1,163,Yes,9
MRD-011422,No,59.65,89,4100.99,Plus,1,No,10.85,No,No,5G,0,1102,No,10
MRD-011423,No,71.68,23,1312.69,Plus,1,No,0.42,Yes,No,5G,2,183,No,7
MRD-011424,No,62.75,79,4655.22,Plus,5,Yes,0.33,Yes,Yes,4G,2,1305,Yes,1
MRD-011425,No,38.15,91,4400.42,Basic,4,No,2.25,Yes,No,4G,2,187,Yes,6
MRD-011426,No,57.23,86,2727.58,Plus,2,Yes,0.05,No,No,4G,3,459,No,2
MRD-011427,No,29.92,15,317.15,Basic,1,No,1.16,No,No,4G,1,1012,No,9
MRD-011428,No,94.04,48,7131.18,Premium,4,No,6.29,Yes,No,4G,4,1181,Yes,4
MRD-011429,Yes,61.07,2,434.85,Plus,2,Yes,0.78,No,No,4G,1,841,No,2
MRD-011430,No,48.37,93,4385.17,Plus,2,No,1.67,No,Yes,5G,2,1379,No,6
MRD-011431,No,54.89,76,4116.34,Plus,2,No,5.63,No,Yes,5G,1,447,No,5
MRD-011432,No,104.49,77,7961.83,Premium,1,No,2.84,Yes,No,4G,1,998,No,2
MRD-011433,No,58.71,22,1246.44,Plus,1,No,1.66,No,Yes,4G,2,0,No,1
MRD-011434,Yes,54.14,64,5007.76,Plus,2,No,3.34,Yes,No,5G,3,240,No,3
MRD-011435,Yes,35.77,50,2515.37,Basic,1,Yes,6.35,Yes,No,5G,1,4,No,2
MRD-011436,No,36.02,77,2289.86,Basic,2,No,1.33,Yes,Yes,5G,1,1188,No,8
MRD-011437,No,107.58,39,2849.59,Premium,2,No,3.61,No,No,5G,0,1358,No,2
MRD-011438,No,111.89,89,21753.33,Premium,3,No,1.29,No,Yes,4G,0,669,Yes,10
MRD-011439,No,53.08,49,2317.28,Plus,4,No,0.09,Yes,No,5G,0,474,Yes,2
MRD-011440,No,56.62,9,495.98,Plus,4,No,2.27,Yes,No,5G,3,880,Yes,9
MRD-011441,No,40.14,65,4156.07,Basic,3,Yes,4.25,Yes,No,4G,5,1318,Yes,6
MRD-011442,No,73.04,63,3033.47,Premium,2,No,1.8,Yes,No,5G,2,226,No,2
MRD-011443,No,60.0,17,2595.62,Plus,4,Yes,2.16,Yes,Yes,5G,1,451,Yes,4
MRD-011444,No,69.94,89,3966.18,Plus,2,Yes,1.54,Yes,Yes,4G,2,271,No,8
MRD-011445,No,26.28,15,926.25,Basic,2,No,2.57,No,No,5G,2,818,No,1
MRD-011446,No,57.28,3,360.26,Plus,1,No,1.08,Yes,Yes,5G,1,575,No,7
MRD-011447,No,41.81,91,3409.7,Basic,1,No,3.43,Yes,No,5G,0,308,No,2
MRD-011448,Yes,65.35,3,64.61,Plus,2,No,4.38,Yes,No,4G,2,172,No,1
MRD-011449,No,101.88,14,1838.08,Premium,3,No,1.17,No,No,4G,1,854,Yes,3
MRD-011450,No,38.78,5,65.37,Basic,2,No,1.71,Yes,No,5G,0,593,No,4
MRD-011451,No,112.23,33,5819.32,Premium,4,No,5.15,Yes,No,5G,0,198,Yes,3
MRD-011452,Yes,36.16,47,2770.87,Basic,1,No,2.02,Yes,Yes,5G,3,36,No,4
MRD-011453,Yes,30.75,34,1637.98,Basic,1,No,2.92,Yes,Yes,5G,2,1309,No,1
MRD-011454,No,36.94,18,1053.06,Basic,1,Yes,0.51,No,No,4G,0,240,No,10
MRD-011455,No,61.44,17,1578.81,Plus,4,Yes,3.24,Yes,Yes,5G,1,391,Yes,9
MRD-011456,No,36.79,42,2426.09,Basic,4,No,3.75,Yes,No,5G,2,1362,Yes,2
MRD-011457,No,31.36,55,3258.93,Basic,5,Yes,6.72,Yes,Yes,5G,3,1384,Yes,5
MRD-011458,No,87.33,75,5187.32,Premium,3,Yes,6.26,Yes,Yes,5G,1,83,Yes,4
MRD-011459,No,67.04,93,4088.94,Plus,4,No,8.14,Yes,No,5G,1,1328,Yes,2
MRD-011460,No,34.17,85,5106.64,Basic,4,No,0.52,No,No,5G,1,3,Yes,9
MRD-011461,No,71.35,24,775.11,Plus,2,No,1.7,Yes,No,4G,1,1138,No,4
MRD-011462,No,34.54,52,1745.88,Basic,2,No,3.12,No,No,4G,1,1319,No,6
MRD-011463,No,59.4,6,317.08,Plus,2,No,6.72,No,No,5G,1,859,No,4
MRD-011464,Yes,38.93,47,2082.29,Basic,2,No,2.51,Yes,Yes,4G,3,890,No,3
MRD-011465,No,94.5,41,1715.84,Premium,1,No,1.85,Yes,No,5G,0,827,No,1
MRD-011466,No,36.04,52,2678.26,Basic,1,Yes,1.9,No,No,4G,0,477,No,4
MRD-011467,Yes,52.75,11,615.29,Plus,2,No,2.8,Yes,No,5G,4,1294,No,8
MRD-011468,Yes,43.17,42,1481.71,Basic,2,No,2.69,Yes,No,5G,0,211,No,9
MRD-011469,No,108.8,18,848.04,Premium,2,Yes,3.39,Yes,No,4G,1,248,No,5
MRD-011470,Yes,42.93,81,2669.56,Basic,1,No,7.87,Yes,No,4G,1,174,No,1
MRD-011471,No,50.98,56,1179.45,Plus,1,No,0.53,No,No,5G,2,921,No,2
MRD-011472,No,91.06,46,4206.95,Premium,1,No,2.26,Yes,No,4G,4,1027,No,8
MRD-011473,No,106.56,91,9435.94,Premium,2,No,1.88,Yes,No,4G,5,954,No,9
MRD-011474,No,97.79,21,2781.2,Premium,1,Yes,7.12,Yes,No,5G,4,316,No,10
MRD-011475,No,56.52,27,1988.54,Plus,3,No,5.1,Yes,No,5G,2,1280,Yes,1
MRD-011476,No,99.9,22,1205.42,Premium,4,No,0.76,Yes,Yes,5G,1,166,Yes,10
MRD-011477,No,35.8,47,1834.86,Basic,4,No,1.74,Yes,Yes,5G,0,1,Yes,10
MRD-011478,No,63.19,96,6666.06,Plus,2,No,11.81,Yes,No,5G,1,198,No,7
MRD-011479,No,43.99,87,6954.42,Plus,3,No,2.79,Yes,No,4G,1,357,Yes,10
MRD-011480,No,33.09,45,1114.0,Basic,1,No,0.59,Yes,No,5G,2,174,No,9
MRD-011481,No,65.44,3,288.05,Plus,3,Yes,3.29,Yes,No,5G,0,1120,Yes,8
MRD-011482,No,27.39,27,831.56,Basic,1,No,0.49,Yes,No,4G,4,566,No,1
MRD-011483,No,77.49,4,399.5,Plus,1,No,2.78,Yes,No,4G,3,256,No,8
MRD-011484,No,52.07,64,5642.24,Plus,3,No,2.37,No,Yes,5G,2,465,Yes,8
MRD-011485,No,52.94,71,2650.41,Plus,1,No,1.64,No,No,5G,4,1181,No,5
MRD-011486,No,35.96,63,1786.79,Basic,2,No,2.51,Yes,Yes,5G,1,433,No,4
MRD-011487,No,74.21,40,2047.59,Premium,2,No,2.07,Yes,No,5G,0,336,No,1
MRD-011488,No,28.76,14,627.03,Basic,2,No,1.15,Yes,Yes,4G,1,574,No,7
MRD-011489,No,40.45,38,1491.88,Basic,4,No,0.43,Yes,Yes,4G,1,491,Yes,5
MRD-011490,No,37.01,28,1149.59,Basic,3,Yes,0.17,Yes,Yes,5G,1,915,Yes,10
MRD-011491,No,88.19,51,3401.89,Premium,2,No,0.71,No,Yes,5G,1,301,No,2
MRD-011492,No,85.56,93,6139.32,Premium,1,No,0.18,Yes,Yes,5G,1,28,No,4
MRD-011493,No,55.09,34,1099.17,Plus,1,No,10.24,Yes,No,5G,1,1469,No,2
MRD-011494,Yes,96.88,7,552.27,Premium,2,No,10.22,No,Yes,5G,2,1298,No,7
MRD-011495,No,39.8,27,1030.69,Basic,2,No,4.0,Yes,No,5G,1,923,No,3
MRD-011496,No,58.79,56,3195.15,Plus,1,No,1.8,Yes,Yes,4G,3,377,No,6
MRD-011497,Yes,32.49,62,3314.86,Basic,5,No,1.5,Yes,Yes,4G,3,440,Yes,2
MRD-011498,No,41.16,61,3793.38,Basic,3,No,2.13,Yes,No,5G,1,7,Yes,1
MRD-011499,No,32.1,17,410.99,Basic,2,Yes,0.74,Yes,Yes,4G,2,1068,No,6
MRD-011500,No,88.43,15,1824.67,Premium,1,Yes,1.8,Yes,No,5G,1,709,No,7
MRD-011501,Yes,20.0,36,1003.93,Basic,1,No,6.35,Yes,No,4G,3,1166,No,4
MRD-011502,No,48.99,10,614.57,Plus,1,No,0.97,No,Yes,5G,2,1285,No,6
MRD-011503,No,35.01,14,1068.28,Basic,3,No,0.11,Yes,No,4G,1,1130,Yes,7
MRD-011504,No,52.7,18,814.68,Plus,1,No,9.01,No,No,4G,0,820,No,5
MRD-011505,No,51.78,46,2699.66,Plus,2,No,1.78,Yes,No,4G,2,1228,No,7
MRD-011506,No,80.82,11,880.02,Premium,2,No,0.88,Yes,Yes,4G,1,567,No,1
MRD-011507,No,56.29,27,880.6,Plus,2,No,1.31,No,No,5G,0,481,No,1
MRD-011508,Yes,35.91,78,1741.3,Basic,5,No,2.14,Yes,No,4G,1,149,Yes,6
MRD-011509,No,104.9,67,8527.15,Premium,1,No,0.75,No,No,4G,2,672,No,6
MRD-011510,No,93.14,89,17880.23,Premium,2,No,8.9,Yes,No,4G,1,941,No,2
MRD-011511,No,33.53,0,135.76,Basic,2,Yes,3.98,Yes,No,4G,2,1448,No,7
MRD-011512,No,60.3,68,3110.06,Plus,3,No,0.41,Yes,No,5G,1,945,Yes,4
MRD-011513,No,56.01,77,7134.25,Plus,1,No,1.77,Yes,Yes,4G,2,305,No,1
MRD-011514,No,60.1,72,3759.94,Plus,1,No,3.65,Yes,Yes,4G,0,416,No,9
MRD-011515,No,58.08,23,1891.95,Plus,1,No,7.71,Yes,Yes,4G,2,1337,No,2
MRD-011516,Yes,90.22,8,1057.58,Premium,1,No,12.47,Yes,No,4G,1,1190,No,10
MRD-011517,No,98.72,12,1593.85,Premium,5,No,3.21,Yes,No,4G,1,494,Yes,2
MRD-011518,No,65.64,23,1422.74,Plus,1,Yes,0.89,No,No,5G,1,1164,No,9
MRD-011519,Yes,42.58,79,3235.63,Basic,2,No,2.3,Yes,Yes,5G,1,1199,No,5
MRD-011520,No,52.87,36,2811.84,Plus,1,No,10.38,Yes,No,5G,0,675,No,5
MRD-011521,No,21.96,76,2709.33,Basic,2,No,5.78,No,No,4G,1,630,No,3
MRD-011522,No,96.25,14,1196.3,Premium,4,No,8.63,No,Yes,4G,0,636,Yes,4
MRD-011523,No,67.15,80,7617.47,Plus,1,Yes,1.48,Yes,No,5G,1,1084,No,1
MRD-011524,Yes,34.09,85,2445.66,Basic,3,No,4.4,No,No,5G,0,1167,Yes,1
MRD-011525,No,58.32,57,1982.79,Plus,1,No,3.14,Yes,No,4G,1,556,No,5
MRD-011526,No,70.03,24,1475.99,Plus,2,No,4.99,Yes,No,4G,2,1463,No,8
MRD-011527,No,101.59,52,5057.1,Premium,2,Yes,0.72,Yes,No,5G,0,1007,No,1
MRD-011528,No,39.3,35,2784.54,Basic,2,No,2.94,Yes,Yes,4G,0,519,No,8
MRD-011529,No,47.62,38,1351.61,Plus,2,No,4.54,No,No,5G,2,1445,No,2
MRD-011530,No,114.83,5,693.01,Premium,1,No,5.28,Yes,No,5G,1,268,No,8
MRD-011531,No,103.14,26,1805.59,Premium,2,No,5.75,Yes,Yes,5G,2,1146,No,6
MRD-011532,Yes,27.33,83,7598.73,Basic,2,No,1.83,Yes,No,5G,0,566,No,7
MRD-011533,No,68.27,66,3608.37,Plus,1,Yes,1.67,No,No,5G,1,1257,No,9
MRD-011534,Yes,59.11,3,365.62,Plus,4,No,4.63,No,Yes,5G,1,198,Yes,5
MRD-011535,No,103.41,51,3947.7,Premium,1,No,4.28,No,Yes,5G,3,1259,No,6
MRD-011536,No,51.08,61,4903.91,Plus,2,No,16.44,Yes,No,4G,0,917,No,3
MRD-011537,Yes,27.23,92,1284.12,Basic,2,Yes,0.38,Yes,Yes,5G,2,580,No,9
MRD-011538,No,51.19,65,2463.74,Plus,2,Yes,1.96,No,No,4G,1,922,No,1
MRD-011539,No,27.0,96,2101.7,Basic,1,No,3.38,No,No,5G,1,774,No,7
MRD-011540,No,99.73,45,2145.74,Premium,2,Yes,2.87,Yes,Yes,5G,2,8,No,6
MRD-011541,No,98.8,79,6416.57,Premium,3,Yes,8.4,Yes,Yes,5G,0,735,Yes,1
MRD-011542,No,38.49,21,2132.25,Basic,2,Yes,1.94,Yes,No,5G,2,1487,No,8
MRD-011543,No,62.73,90,3635.64,Plus,1,No,0.35,No,No,5G,0,716,No,8
MRD-011544,No,70.41,20,759.96,Premium,1,Yes,2.82,Yes,No,5G,3,429,No,10
MRD-011545,No,74.18,62,4048.87,Plus,3,Yes,1.57,No,Yes,5G,1,985,Yes,8
MRD-011546,No,93.04,27,1348.43,Premium,2,No,5.06,No,Yes,5G,0,807,No,6
MRD-011547,Yes,25.37,73,1178.88,Basic,2,No,6.37,No,No,4G,2,306,No,1
MRD-011548,No,69.6,41,1755.14,Plus,1,Yes,0.67,Yes,Yes,5G,1,343,No,7
MRD-011549,No,26.72,43,639.94,Basic,2,No,1.08,Yes,Yes,5G,0,1183,No,8
MRD-011550,No,112.0,83,3717.04,Premium,4,No,1.14,Yes,Yes,5G,4,166,Yes,8
MRD-011551,No,95.47,87,9716.22,Premium,3,No,0.21,Yes,No,5G,2,648,Yes,1
MRD-011552,No,53.68,10,481.33,Plus,2,Yes,3.22,Yes,Yes,4G,3,1082,No,1
MRD-011553,Yes,32.06,75,1061.53,Basic,1,No,1.87,No,No,5G,3,1180,No,5
MRD-011554,No,58.66,84,8458.14,Plus,5,No,0.41,No,No,5G,2,27,Yes,5
MRD-011555,No,70.78,72,3656.09,Plus,1,No,0.18,No,No,4G,1,1393,No,7
MRD-011556,No,122.16,4,264.33,Premium,3,Yes,1.89,No,Yes,5G,1,672,Yes,10
MRD-011557,No,85.22,89,6266.57,Premium,2,No,6.14,Yes,Yes,5G,0,109,No,8
MRD-011558,No,29.53,21,1290.69,Basic,3,No,7.1,Yes,No,5G,1,1390,Yes,2
MRD-011559,No,43.99,73,4069.72,Plus,4,No,5.85,Yes,No,5G,1,254,Yes,7
MRD-011560,No,106.13,64,3704.09,Premium,2,No,0.29,No,No,5G,2,1149,No,7
MRD-011561,No,93.78,40,3552.97,Premium,1,No,3.52,Yes,Yes,5G,1,857,No,6
MRD-011562,No,59.7,36,4058.93,Plus,2,No,4.05,No,Yes,5G,1,978,No,3
MRD-011563,No,39.76,0,68.61,Basic,1,Yes,3.28,Yes,No,5G,3,238,No,8
MRD-011564,Yes,30.59,85,3074.86,Basic,1,No,3.79,Yes,No,5G,2,667,No,1
MRD-011565,No,36.07,40,1503.18,Basic,3,Yes,4.83,Yes,Yes,5G,2,1108,Yes,10
MRD-011566,Yes,41.19,80,4320.24,Basic,2,Yes,4.81,Yes,Yes,5G,1,1389,No,7
MRD-011567,Yes,30.34,76,2550.89,Basic,1,No,3.94,No,No,5G,2,69,No,1
MRD-011568,No,36.31,23,1140.71,Basic,4,No,3.17,Yes,Yes,4G,0,1171,Yes,10
MRD-011569,Yes,68.41,83,3583.09,Plus,2,No,4.8,Yes,No,5G,1,1425,No,1
MRD-011570,No,59.4,39,3663.85,Plus,2,No,4.59,Yes,Yes,5G,2,817,No,3
MRD-011571,No,35.94,87,4938.49,Basic,5,Yes,0.75,Yes,No,5G,0,1074,Yes,2
MRD-011572,No,91.43,90,6106.24,Premium,1,Yes,1.84,No,No,5G,0,244,No,9
MRD-011573,Yes,62.2,17,645.92,Plus,1,No,2.8,Yes,No,5G,0,212,No,1
MRD-011574,No,35.7,65,2166.22,Basic,1,No,2.32,Yes,No,4G,1,922,No,2
MRD-011575,No,109.46,14,1594.83,Premium,4,No,1.27,No,Yes,4G,0,643,Yes,2
MRD-011576,No,64.42,47,2699.76,Plus,1,No,0.83,Yes,No,5G,3,222,No,1
MRD-011577,No,66.63,89,2995.08,Plus,3,No,4.97,No,Yes,5G,1,155,Yes,9
MRD-011578,Yes,34.51,93,3210.02,Basic,1,No,1.96,Yes,No,4G,1,407,No,3
MRD-011579,No,61.18,61,2429.5,Plus,2,Yes,2.33,No,No,4G,2,1072,No,4
MRD-011580,No,52.21,59,4671.04,Plus,1,Yes,0.21,Yes,No,4G,2,930,No,3
MRD-011581,No,73.85,55,1665.75,Plus,2,Yes,0.1,Yes,Yes,5G,3,255,No,5
MRD-011582,No,94.18,90,9767.93,Premium,3,No,3.91,Yes,No,4G,0,979,Yes,9
MRD-011583,No,63.23,90,9774.88,Plus,2,No,3.9,No,No,5G,6,979,No,10
MRD-011584,No,108.66,23,2513.72,Premium,1,No,2.58,No,No,5G,1,976,No,8
MRD-011585,No,35.86,61,1574.66,Basic,1,Yes,5.52,Yes,No,5G,0,530,No,1
MRD-011586,No,37.86,30,1051.76,Basic,3,No,1.33,Yes,Yes,4G,1,1123,Yes,7
MRD-011587,No,32.27,78,3807.12,Basic,1,Yes,2.72,Yes,No,5G,3,826,No,1
MRD-011588,No,123.44,14,893.39,Premium,3,No,1.17,No,Yes,4G,1,307,Yes,2
MRD-011589,No,68.07,19,1112.32,Plus,4,No,1.07,No,Yes,5G,2,803,Yes,1
MRD-011590,No,28.69,33,1283.56,Basic,1,No,1.92,Yes,Yes,5G,5,638,No,7
MRD-011591,No,36.6,30,1143.55,Basic,5,Yes,1.48,Yes,No,5G,4,1100,Yes,7
MRD-011592,Yes,44.53,17,533.57,Basic,4,No,3.73,No,No,5G,1,1177,Yes,6
MRD-011593,No,29.89,12,107.32,Basic,1,No,6.5,Yes,No,5G,0,1218,No,1
MRD-011594,No,94.49,88,9707.1,Premium,2,No,6.85,Yes,Yes,5G,2,1011,No,5
MRD-011595,No,61.79,67,4467.01,Plus,4,No,3.15,Yes,No,4G,2,784,Yes,9
MRD-011596,No,36.47,67,1157.28,Basic,5,No,0.72,Yes,No,5G,3,63,Yes,4
MRD-011597,No,42.73,43,3168.06,Basic,1,No,4.71,Yes,No,5G,5,872,No,5
MRD-011598,Yes,36.81,35,1752.19,Basic,4,No,4.33,No,Yes,4G,1,208,Yes,9
MRD-011599,No,124.27,96,10757.05,Premium,2,No,1.53,Yes,Yes,5G,3,945,No,3
MRD-011600,No,87.4,92,4454.17,Premium,2,No,1.84,Yes,Yes,5G,1,537,No,2
MRD-011601,No,66.09,81,8668.77,Plus,4,No,0.9,Yes,Yes,5G,1,1355,Yes,7
MRD-011602,Yes,69.31,79,2882.92,Plus,2,Yes,1.58,Yes,No,4G,1,159,No,1
MRD-011603,No,96.69,24,2647.35,Premium,3,No,1.54,Yes,Yes,5G,2,76,Yes,8
MRD-011604,Yes,31.82,74,1446.36,Basic,3,No,3.48,Yes,No,5G,2,75,Yes,1
MRD-011605,Yes,34.09,61,5087.47,Basic,2,No,3.29,No,No,4G,2,643,No,6
MRD-011606,Yes,33.76,31,548.57,Basic,2,No,4.22,Yes,No,4G,3,944,No,4
MRD-011607,Yes,57.3,1,0.0,Plus,1,No,7.47,No,No,5G,0,39,No,6
MRD-011608,No,40.89,4,490.27,Basic,3,No,6.86,Yes,No,5G,1,1302,Yes,1
MRD-011609,Yes,79.31,27,2399.44,Plus,3,No,3.37,No,Yes,5G,0,790,Yes,2
MRD-011610,No,96.63,94,7376.23,Premium,4,No,7.15,Yes,No,5G,2,1425,Yes,7
MRD-011611,Yes,40.64,40,7593.89,Basic,1,No,0.64,Yes,Yes,4G,0,184,No,1
MRD-011612,No,65.65,44,2540.41,Plus,4,No,1.77,No,Yes,5G,1,70,Yes,3
MRD-011613,No,114.29,50,9707.14,Premium,1,Yes,2.84,Yes,No,4G,4,356,No,5
MRD-011614,No,34.51,95,2499.83,Basic,1,No,2.39,Yes,No,5G,1,719,No,10
MRD-011615,No,44.96,23,2696.41,Basic,4,No,4.34,No,No,5G,2,1228,Yes,7
MRD-011616,No,57.23,44,6667.03,Plus,1,No,3.15,Yes,No,5G,0,1389,No,1
MRD-011617,No,65.0,91,5602.76,Premium,1,No,3.38,Yes,Yes,5G,1,1080,No,9
MRD-011618,No,107.79,75,11089.14,Premium,2,No,3.21,Yes,No,5G,0,205,No,8
MRD-011619,No,97.42,90,7840.03,Premium,3,No,11.13,Yes,No,5G,1,1447,Yes,6
MRD-011620,Yes,31.33,54,1519.05,Basic,1,No,3.08,Yes,No,4G,3,1211,No,1
MRD-011621,No,61.52,38,4686.78,Plus,3,No,3.14,No,Yes,5G,2,863,Yes,2
MRD-011622,No,117.43,22,1656.83,Premium,2,No,0.84,No,No,5G,1,145,No,5
MRD-011623,No,57.16,0,0.0,Plus,1,No,0.62,No,Yes,5G,1,603,No,5
MRD-011624,No,36.57,81,2915.56,Basic,1,No,1.6,Yes,Yes,5G,3,276,No,10
MRD-011625,No,31.29,30,817.18,Basic,4,No,1.63,Yes,Yes,4G,0,392,Yes,7
MRD-011626,No,57.85,44,3530.81,Plus,3,No,0.51,No,No,4G,2,1084,Yes,9
MRD-011627,No,100.1,39,3082.96,Premium,1,No,2.18,No,No,5G,3,1101,No,8
MRD-011628,No,84.92,24,1896.2,Premium,1,Yes,8.91,No,Yes,5G,0,1241,No,9
MRD-011629,No,50.72,8,561.25,Plus,1,No,9.76,No,Yes,5G,2,1225,No,10
MRD-011630,Yes,24.43,94,3297.28,Basic,3,Yes,0.33,No,No,4G,0,939,Yes,10
MRD-011631,No,34.65,79,3090.13,Basic,1,No,2.02,Yes,No,5G,1,537,No,4
MRD-011632,No,63.55,77,3833.54,Plus,2,Yes,5.76,Yes,No,4G,1,1351,No,2
MRD-011633,No,94.6,20,2487.91,Premium,1,No,0.17,No,Yes,5G,3,222,No,6
MRD-011634,No,54.96,9,310.28,Plus,4,No,1.05,No,Yes,4G,0,1318,Yes,1
MRD-011635,Yes,32.64,42,1794.13,Basic,1,No,3.17,No,Yes,5G,1,775,No,7
MRD-011636,Yes,33.03,52,1760.18,Basic,2,No,1.57,Yes,Yes,5G,0,1073,No,7
MRD-011637,Yes,64.02,38,2796.65,Plus,2,No,6.63,No,No,4G,1,11,No,1
MRD-011638,No,54.39,84,6767.81,Plus,1,No,2.32,No,No,5G,1,1494,No,2
MRD-011639,No,112.4,93,7834.69,Premium,3,No,6.3,Yes,Yes,4G,3,1275,Yes,6
MRD-011640,No,70.52,59,4111.97,Plus,4,Yes,4.67,Yes,No,4G,0,1477,Yes,5
MRD-011641,Yes,37.24,12,769.26,Basic,5,No,1.22,Yes,Yes,4G,0,941,Yes,2
MRD-011642,No,73.3,32,3090.02,Plus,1,Yes,6.28,Yes,Yes,5G,1,1009,No,2
MRD-011643,Yes,38.52,95,2439.96,Basic,2,No,6.28,Yes,No,4G,3,468,No,8
MRD-011644,No,66.19,95,6716.72,Plus,2,No,2.85,No,No,5G,0,909,No,5
MRD-011645,No,53.8,34,2154.04,Plus,2,No,12.29,Yes,No,4G,1,1494,No,7
MRD-011646,No,39.32,37,1139.44,Basic,4,Yes,8.53,No,No,4G,0,36,Yes,9
MRD-011647,Yes,69.32,67,4785.04,Plus,5,No,0.49,Yes,Yes,5G,0,1070,Yes,7
MRD-011648,No,90.13,22,1886.47,Premium,1,No,0.31,Yes,No,5G,1,1057,No,10
MRD-011649,No,67.76,57,5067.85,Plus,4,No,0.32,No,No,5G,2,590,Yes,6
MRD-011650,No,30.81,12,253.02,Basic,3,No,0.99,No,No,4G,0,505,Yes,8
MRD-011651,No,53.6,76,7782.04,Plus,4,No,1.66,No,No,4G,0,1368,Yes,2
MRD-011652,No,102.23,36,3144.64,Premium,2,Yes,3.81,No,Yes,4G,4,621,No,4
MRD-011653,No,97.42,59,4107.67,Premium,3,No,0.6,Yes,No,5G,4,1420,Yes,1
MRD-011654,No,40.83,55,2240.81,Basic,1,No,1.47,Yes,No,4G,1,960,No,10
MRD-011655,Yes,60.99,82,4141.88,Plus,1,No,0.64,Yes,No,4G,3,742,No,10
MRD-011656,No,36.5,54,3008.84,Basic,3,Yes,0.87,No,No,4G,2,520,Yes,6
MRD-011657,No,95.13,77,4460.08,Premium,1,No,7.76,Yes,Yes,5G,0,1453,No,4
MRD-011658,No,42.92,88,10616.49,Basic,1,Yes,1.66,Yes,No,5G,1,1395,No,5
MRD-011659,No,34.3,32,745.18,Basic,1,No,4.69,Yes,Yes,5G,3,920,No,2
MRD-011660,No,68.29,2,93.35,Plus,5,No,1.51,Yes,Yes,4G,0,29,Yes,8
MRD-011661,No,60.56,12,615.0,Plus,3,No,8.68,Yes,No,5G,3,397,Yes,10
MRD-011662,No,111.33,81,13279.18,Premium,1,No,1.01,No,Yes,4G,2,742,No,1
MRD-011663,No,60.36,63,4361.92,Plus,2,No,2.48,No,Yes,4G,0,303,No,10
MRD-011664,No,58.53,33,971.65,Plus,3,No,2.8,Yes,No,4G,3,719,Yes,6
MRD-011665,Yes,42.72,85,2554.33,Basic,5,No,9.58,Yes,Yes,5G,3,1027,Yes,3
MRD-011666,No,52.2,95,6365.6,Plus,2,No,3.06,Yes,No,4G,1,446,No,6
MRD-011667,No,93.17,11,2395.19,Premium,2,No,13.15,No,Yes,5G,1,1327,No,1
MRD-011668,No,85.99,4,173.69,Premium,1,No,6.08,No,No,5G,3,481,No,9
MRD-011669,No,94.93,19,2501.3,Premium,1,Yes,2.72,Yes,Yes,5G,3,1131,No,8
MRD-011670,Yes,33.24,48,1973.25,Basic,2,No,3.46,Yes,No,5G,1,359,No,5
MRD-011671,No,25.02,47,1748.4,Basic,2,No,5.92,No,No,4G,1,1422,No,8
MRD-011672,No,97.02,75,2663.23,Premium,2,Yes,11.7,No,No,4G,1,890,No,8
MRD-011673,Yes,65.27,21,1501.93,Plus,1,No,7.33,Yes,No,5G,4,1273,No,8
MRD-011674,No,57.59,85,2306.83,Plus,1,No,2.49,Yes,Yes,5G,1,20,No,5
MRD-011675,Yes,59.92,25,886.11,Plus,1,No,3.26,Yes,No,5G,1,277,No,6
MRD-011676,No,72.13,62,3367.36,Plus,3,No,4.48,Yes,No,5G,2,541,Yes,4
MRD-011677,No,41.65,63,2227.14,Basic,5,No,1.11,Yes,Yes,4G,0,298,Yes,2
MRD-011678,No,61.23,93,5675.91,Plus,1,Yes,3.21,Yes,Yes,5G,2,136,No,10
MRD-011679,No,37.65,1,236.64,Basic,2,No,2.33,Yes,Yes,5G,0,709,No,6
MRD-011680,No,63.11,72,3271.38,Plus,4,Yes,9.23,Yes,No,4G,3,197,Yes,1
MRD-011681,No,28.92,36,492.39,Basic,1,No,9.02,No,No,5G,4,554,No,10
MRD-011682,No,75.09,82,7877.65,Premium,4,No,7.0,No,No,4G,1,1473,Yes,2
MRD-011683,No,66.9,18,1882.62,Plus,4,No,4.31,No,Yes,5G,4,676,Yes,7
MRD-011684,No,56.51,15,933.98,Plus,1,No,1.26,Yes,No,5G,1,1208,No,5
MRD-011685,Yes,26.14,81,3271.7,Basic,2,No,1.59,Yes,No,5G,3,257,No,7
MRD-011686,No,91.98,5,314.63,Premium,2,No,3.06,Yes,No,5G,1,421,No,2
MRD-011687,No,54.94,49,2844.9,Plus,1,Yes,4.41,No,No,4G,2,616,No,9
MRD-011688,No,33.91,34,1023.05,Basic,1,No,0.59,Yes,Yes,5G,0,549,No,1
MRD-011689,No,64.82,24,3186.89,Plus,3,No,8.41,No,No,4G,2,543,Yes,7
MRD-011690,No,54.21,53,8947.97,Plus,2,No,2.31,Yes,Yes,5G,0,889,No,3
MRD-011691,No,57.93,35,2755.12,Plus,4,No,3.49,Yes,Yes,4G,1,1251,Yes,3
MRD-011692,Yes,63.13,3,281.03,Plus,1,No,7.9,Yes,Yes,5G,1,351,No,5
MRD-011693,No,89.08,81,10254.64,Premium,5,No,4.28,No,No,4G,0,541,Yes,8
MRD-011694,No,32.02,11,53.85,Basic,3,No,4.14,Yes,No,5G,1,806,Yes,7
MRD-011695,No,96.53,23,2805.5,Premium,3,No,6.27,Yes,No,4G,2,1233,Yes,5
MRD-011696,Yes,30.58,5,50.56,Basic,1,No,1.68,No,No,5G,0,781,No,8
MRD-011697,Yes,36.15,28,1930.12,Basic,3,No,2.33,Yes,Yes,5G,2,1433,Yes,7
MRD-011698,Yes,83.85,6,720.76,Premium,1,Yes,1.45,No,Yes,4G,3,84,No,10
MRD-011699,No,53.14,27,1209.83,Plus,2,No,0.61,Yes,No,5G,1,1047,No,1
MRD-011700,No,86.19,14,2199.53,Premium,2,No,0.22,Yes,No,5G,4,214,No,4
MRD-011701,No,74.8,27,3614.9,Plus,1,Yes,2.61,No,No,4G,1,1090,No,5
MRD-011702,No,53.0,27,2367.4,Plus,1,No,2.26,No,Yes,5G,0,1078,No,3
MRD-011703,No,61.74,13,297.89,Plus,1,No,2.67,Yes,No,5G,3,19,No,7
MRD-011704,Yes,38.67,43,1472.47,Basic,2,No,3.02,Yes,No,5G,0,826,No,4
MRD-011705,No,61.71,71,5556.48,Plus,1,No,1.73,Yes,Yes,5G,4,187,No,1
MRD-011706,No,40.16,83,1981.76,Basic,3,No,1.33,No,No,4G,1,934,Yes,4
MRD-011707,No,62.01,69,6363.0,Plus,1,No,6.63,No,No,5G,1,311,No,4
MRD-011708,No,68.05,92,11701.45,Plus,1,No,2.12,Yes,Yes,5G,1,1103,No,6
MRD-011709,No,34.22,38,1811.73,Basic,1,No,0.82,No,No,4G,1,1301,No,4
MRD-011710,No,65.55,70,4964.23,Plus,4,No,4.48,No,No,5G,2,1456,Yes,1
MRD-011711,No,70.86,68,2220.64,Plus,2,No,0.31,Yes,No,5G,1,640,No,5
MRD-011712,No,37.93,87,1898.32,Basic,2,No,0.32,No,Yes,4G,1,1056,No,5
MRD-011713,No,35.73,80,4393.66,Basic,3,No,8.04,Yes,Yes,5G,0,127,Yes,4
MRD-011714,No,101.58,11,1960.95,Premium,1,No,3.69,Yes,Yes,5G,3,384,No,2
MRD-011715,Yes,32.79,64,1334.26,Basic,1,No,7.28,Yes,No,5G,1,1341,No,7
MRD-011716,No,69.77,16,1635.2,Plus,1,No,5.87,Yes,No,4G,0,1263,No,1
MRD-011717,No,44.06,7,348.14,Basic,1,No,9.36,Yes,No,4G,1,626,No,7
MRD-011718,No,54.56,3,275.85,Plus,2,No,1.36,Yes,No,5G,4,1153,No,4
MRD-011719,No,112.34,94,12500.23,Premium,3,No,2.52,Yes,Yes,5G,1,1233,Yes,2
MRD-011720,No,43.01,59,2423.37,Basic,5,No,0.53,Yes,No,5G,1,449,Yes,6
MRD-011721,No,106.47,25,6940.37,Premium,1,No,5.1,Yes,Yes,5G,2,340,No,10
MRD-011722,Yes,42.81,34,3438.04,Basic,3,No,1.36,Yes,Yes,5G,1,834,Yes,4
MRD-011723,Yes,37.05,13,354.35,Basic,1,No,5.3,Yes,No,4G,3,1404,No,7
MRD-011724,No,60.35,56,4437.29,Plus,2,No,6.54,Yes,No,4G,0,1471,No,8
MRD-011725,No,55.59,65,6088.71,Plus,1,No,0.47,No,No,5G,0,1391,No,5
MRD-011726,No,60.95,27,868.82,Plus,3,No,0.7,Yes,No,5G,2,1215,Yes,10
MRD-011727,No,62.65,54,5593.44,Plus,1,No,1.28,Yes,No,4G,2,862,No,10
MRD-011728,Yes,38.06,31,965.23,Basic,2,No,1.41,Yes,No,5G,1,1152,No,3
MRD-011729,No,58.08,4,0.11,Plus,2,Yes,1.74,Yes,No,5G,3,680,No,1
MRD-011730,No,54.69,66,1805.94,Plus,2,No,4.33,Yes,No,4G,1,736,No,7
MRD-011731,No,54.15,29,2037.23,Plus,2,No,1.43,No,Yes,5G,2,276,No,8
MRD-011732,No,34.79,32,1645.42,Basic,1,No,2.57,Yes,Yes,4G,0,607,No,2
MRD-011733,No,62.81,10,1116.3,Plus,2,No,7.51,No,Yes,5G,1,1119,No,2
MRD-011734,Yes,36.65,68,4092.5,Basic,2,No,2.19,Yes,No,4G,1,1193,No,4
MRD-011735,No,37.66,15,937.75,Basic,2,No,3.26,No,Yes,4G,3,38,No,4
MRD-011736,No,63.75,35,4251.38,Plus,3,No,1.44,Yes,Yes,4G,1,496,Yes,10
MRD-011737,No,74.21,76,11237.07,Plus,2,No,2.05,Yes,No,5G,3,591,No,9
MRD-011738,No,35.63,41,2495.67,Basic,1,Yes,1.1,Yes,Yes,4G,0,783,No,7
MRD-011739,No,56.43,44,2283.97,Plus,2,No,6.14,No,No,5G,0,1366,No,8
MRD-011740,No,27.32,27,1460.06,Basic,4,No,0.37,No,Yes,5G,1,1385,Yes,4
MRD-011741,No,34.51,62,1219.14,Basic,3,No,4.13,No,No,4G,3,138,Yes,9
MRD-011742,Yes,58.85,13,1326.13,Plus,3,Yes,0.79,Yes,No,5G,0,470,Yes,8
MRD-011743,No,35.8,95,1614.41,Basic,3,No,0.07,No,No,5G,1,1427,Yes,6
MRD-011744,No,50.46,40,1682.75,Plus,1,No,1.68,No,No,5G,1,1048,No,4
MRD-011745,No,41.81,27,1419.55,Basic,2,No,4.31,No,No,5G,2,884,No,10
MRD-011746,No,52.71,30,2158.82,Plus,1,No,1.37,Yes,Yes,5G,2,329,No,4
MRD-011747,No,84.27,10,1073.91,Premium,2,No,10.56,No,No,5G,0,548,No,8
MRD-011748,No,26.79,40,1781.64,Basic,1,No,12.66,Yes,Yes,5G,1,482,No,4
MRD-011749,Yes,40.12,96,5997.7,Basic,1,No,7.73,Yes,Yes,5G,2,910,No,4
MRD-011750,Yes,31.79,88,2059.12,Basic,1,Yes,11.55,Yes,Yes,5G,0,276,No,6
MRD-011751,No,57.56,54,2086.26,Plus,3,No,3.27,No,No,5G,1,787,Yes,5
MRD-011752,Yes,53.3,71,3926.19,Plus,5,No,1.82,Yes,Yes,5G,2,1175,Yes,9
MRD-011753,No,29.41,50,1824.2,Basic,4,No,4.84,No,No,5G,1,142,Yes,2
MRD-011754,No,68.81,61,10754.8,Plus,2,No,2.02,Yes,No,4G,1,1424,No,5
MRD-011755,No,92.59,2,445.25,Premium,1,No,3.3,Yes,No,4G,0,1,No,5
MRD-011756,No,81.07,70,2565.01,Premium,3,No,3.86,Yes,Yes,4G,2,1081,Yes,10
MRD-011757,No,59.56,68,7492.84,Plus,1,No,2.82,Yes,Yes,5G,1,396,No,2
MRD-011758,Yes,20.7,22,1076.15,Basic,5,No,3.16,No,No,5G,3,547,Yes,4
MRD-011759,No,108.62,76,6539.39,Premium,2,No,2.14,Yes,No,5G,0,234,No,10
MRD-011760,No,64.79,30,2921.43,Plus,4,Yes,2.14,Yes,No,5G,1,484,Yes,1
MRD-011761,No,53.05,17,1226.12,Plus,2,No,9.12,No,No,4G,1,622,No,5
MRD-011762,No,39.04,64,1108.28,Basic,4,No,2.96,Yes,No,5G,3,144,Yes,9
MRD-011763,No,63.15,16,1056.39,Plus,2,Yes,1.93,Yes,Yes,5G,2,1134,No,9
MRD-011764,No,56.9,47,2506.33,Plus,1,Yes,2.66,Yes,No,5G,2,851,No,9
MRD-011765,Yes,56.44,93,5494.5,Plus,5,No,1.13,Yes,No,5G,3,960,Yes,4
MRD-011766,Yes,62.92,3,222.69,Plus,1,No,1.7,Yes,Yes,5G,1,832,No,9
MRD-011767,No,26.36,42,2338.84,Basic,3,No,2.34,No,No,5G,1,699,Yes,10
MRD-011768,No,53.59,51,3476.95,Plus,2,Yes,1.93,No,Yes,5G,0,100,No,1
MRD-011769,No,36.61,21,1853.56,Basic,3,No,1.18,No,Yes,4G,1,290,Yes,3
MRD-011770,No,97.24,16,986.17,Premium,1,No,4.26,No,Yes,5G,0,1353,No,7
MRD-011771,No,70.18,76,4391.4,Plus,2,No,3.86,Yes,No,5G,1,1161,No,3
MRD-011772,No,94.64,90,11332.39,Premium,2,No,4.67,Yes,Yes,4G,3,1327,No,5
MRD-011773,No,51.24,52,1589.28,Plus,4,No,5.46,Yes,No,5G,2,564,Yes,7
MRD-011774,Yes,32.66,64,3127.25,Basic,1,No,8.93,No,No,5G,0,642,No,2
MRD-011775,No,46.68,22,1118.63,Plus,1,No,5.02,Yes,No,5G,3,1122,No,7
MRD-011776,Yes,39.07,52,2299.25,Basic,4,No,7.45,Yes,No,4G,4,992,Yes,3
MRD-011777,No,61.66,4,614.4,Plus,3,No,4.41,No,No,5G,2,828,Yes,5
MRD-011778,No,49.04,45,3904.29,Plus,3,No,0.67,No,No,5G,0,1271,Yes,6
MRD-011779,No,58.12,26,1564.85,Plus,3,No,5.05,No,Yes,4G,2,353,Yes,8
MRD-011780,No,55.08,77,3085.73,Plus,3,No,5.58,No,No,5G,2,1221,Yes,9
MRD-011781,Yes,44.84,32,2812.31,Basic,2,No,6.58,No,Yes,5G,2,1320,No,4
MRD-011782,No,108.47,22,1856.61,Premium,3,No,8.39,Yes,No,4G,1,1263,Yes,6
MRD-011783,Yes,26.45,3,170.54,Basic,1,No,5.84,Yes,No,5G,2,3,No,4
MRD-011784,No,38.06,47,3264.09,Basic,4,Yes,1.41,No,Yes,5G,1,1288,Yes,4
MRD-011785,No,56.89,77,5701.69,Plus,2,No,1.58,Yes,No,5G,2,1237,No,1
MRD-011786,No,89.55,18,1517.2,Premium,1,No,1.01,Yes,Yes,5G,1,1462,No,7
MRD-011787,No,57.87,71,3116.62,Plus,1,Yes,4.58,No,No,4G,3,1482,No,6
MRD-011788,No,90.95,54,9490.8,Premium,3,No,1.6,Yes,Yes,5G,1,1245,Yes,3
MRD-011789,No,77.66,83,7457.89,Premium,2,No,7.93,Yes,Yes,4G,3,1067,No,7
MRD-011790,No,52.25,35,1407.11,Plus,1,No,5.86,Yes,No,5G,1,1326,No,5
MRD-011791,No,105.35,83,2832.96,Premium,2,No,5.45,No,No,5G,2,742,No,9
MRD-011792,No,37.95,39,1784.13,Basic,4,Yes,0.64,No,Yes,5G,1,1200,Yes,5
MRD-011793,No,70.74,9,1549.3,Plus,1,No,1.44,Yes,Yes,5G,1,1480,No,8
MRD-011794,Yes,37.08,66,2747.84,Basic,2,No,2.77,No,Yes,4G,1,1201,No,3
MRD-011795,No,100.9,56,3419.68,Premium,3,No,1.15,Yes,Yes,5G,1,313,Yes,9
MRD-011796,No,55.32,75,2360.51,Plus,3,No,3.17,Yes,Yes,5G,1,1025,Yes,8
MRD-011797,Yes,43.24,67,2376.48,Plus,3,No,4.83,No,No,5G,2,846,Yes,7
MRD-011798,No,65.26,9,280.58,Plus,2,Yes,3.04,Yes,No,4G,2,806,No,3
MRD-011799,No,106.38,92,8626.2,Premium,3,No,0.25,Yes,Yes,5G,2,329,Yes,6
MRD-011800,No,42.52,19,1013.25,Basic,1,No,6.26,Yes,Yes,4G,3,872,No,7
MRD-011801,No,40.21,83,3520.74,Basic,4,No,0.93,Yes,Yes,5G,1,315,Yes,2
MRD-011802,No,78.51,46,2139.68,Premium,1,Yes,1.49,No,No,5G,2,1117,No,6
MRD-011803,No,62.87,71,4129.12,Plus,2,Yes,6.46,Yes,No,4G,2,909,No,2
MRD-011804,No,33.31,49,2205.02,Basic,1,Yes,2.61,Yes,Yes,5G,0,236,No,9
MRD-011805,No,116.51,49,3732.3,Premium,1,No,8.07,Yes,No,5G,2,244,No,1
MRD-011806,No,26.11,42,1464.83,Basic,3,No,4.04,Yes,Yes,5G,4,219,Yes,10
MRD-011807,No,66.21,30,1487.35,Plus,1,No,2.91,Yes,No,5G,2,235,No,9
MRD-011808,No,42.99,51,1280.94,Basic,2,No,1.41,No,No,4G,0,767,No,8
MRD-011809,No,67.75,95,6466.28,Plus,1,No,3.62,Yes,Yes,5G,4,796,No,10
MRD-011810,No,30.12,60,3666.12,Basic,3,No,2.83,Yes,No,4G,3,98,Yes,2
MRD-011811,No,38.51,4,359.86,Basic,1,No,4.03,Yes,No,4G,4,407,No,8
MRD-011812,No,34.91,12,477.74,Basic,2,No,3.6,Yes,Yes,5G,2,94,No,7
MRD-011813,No,39.31,51,2215.18,Basic,1,No,1.15,No,Yes,5G,0,1293,No,6
MRD-011814,No,29.78,81,1979.13,Basic,1,No,5.46,Yes,Yes,5G,2,552,No,10
MRD-011815,Yes,38.02,13,771.16,Basic,1,No,0.2,Yes,Yes,5G,2,601,No,3
MRD-011816,No,29.46,65,2632.37,Basic,2,Yes,1.17,Yes,Yes,5G,1,436,No,6
MRD-011817,No,110.3,41,3641.69,Premium,2,No,4.23,Yes,Yes,5G,2,397,No,8
MRD-011818,Yes,34.65,22,777.64,Basic,1,Yes,5.08,No,No,5G,1,351,No,6
MRD-011819,No,51.77,14,768.81,Plus,2,Yes,3.95,Yes,No,4G,1,441,No,9
MRD-011820,No,111.04,20,2464.26,Premium,5,No,5.04,No,No,4G,0,521,Yes,1
MRD-011821,No,37.6,73,1881.02,Basic,1,No,5.8,No,Yes,5G,0,101,No,5
MRD-011822,Yes,33.64,75,4907.53,Basic,2,No,8.88,No,No,4G,2,1444,No,4
MRD-011823,No,55.04,49,1218.03,Plus,2,No,6.0,No,Yes,4G,4,775,No,4
MRD-011824,Yes,37.89,28,1069.45,Basic,3,Yes,0.52,Yes,No,5G,3,601,Yes,6
MRD-011825,No,92.8,20,2974.8,Premium,2,No,0.66,No,No,4G,2,574,No,2
MRD-011826,No,55.68,94,1054.52,Plus,1,No,0.37,Yes,No,5G,1,326,No,4
MRD-011827,Yes,38.36,48,2970.56,Basic,3,No,2.39,Yes,No,5G,2,1154,Yes,2
MRD-011828,No,33.96,0,383.34,Basic,2,No,0.18,Yes,Yes,5G,1,456,No,3
MRD-011829,No,36.25,62,2463.47,Basic,2,No,0.67,Yes,Yes,5G,0,303,No,7
MRD-011830,No,53.68,45,1986.31,Plus,1,No,1.81,Yes,No,5G,3,1352,No,2
MRD-011831,No,57.69,41,4025.34,Plus,1,No,3.43,Yes,No,5G,2,582,No,7
MRD-011832,Yes,33.02,22,1075.28,Basic,4,No,8.34,No,Yes,4G,0,751,Yes,7
MRD-011833,No,39.51,84,6272.47,Basic,2,No,0.34,Yes,Yes,5G,3,508,No,6
MRD-011834,No,66.96,58,4461.26,Plus,1,No,1.55,No,Yes,4G,1,234,No,6
MRD-011835,No,70.98,2,150.99,Plus,1,No,8.44,No,No,5G,2,515,No,3
MRD-011836,No,52.37,27,2601.15,Plus,3,No,2.21,No,Yes,5G,0,1086,Yes,9
MRD-011837,No,68.22,96,4959.51,Plus,4,No,2.35,Yes,Yes,5G,1,1286,Yes,9
MRD-011838,No,105.14,15,1313.09,Premium,2,No,1.18,No,Yes,4G,1,556,No,10
MRD-011839,No,67.79,14,1265.43,Plus,2,No,4.96,Yes,Yes,5G,4,873,No,1
MRD-011840,No,78.43,94,3356.37,Plus,2,No,3.38,Yes,No,5G,2,1364,No,7
MRD-011841,No,64.63,5,32.93,Plus,1,No,2.88,Yes,No,4G,1,151,No,8
MRD-011842,No,58.96,66,5297.97,Plus,2,No,0.79,Yes,No,4G,3,586,No,4
MRD-011843,No,35.49,62,1543.85,Basic,3,No,3.35,Yes,No,5G,0,77,Yes,4
MRD-011844,No,52.51,59,5715.46,Plus,1,No,9.95,Yes,Yes,4G,2,227,No,10
MRD-011845,No,52.41,24,1655.57,Plus,5,No,2.49,Yes,No,5G,3,1111,Yes,10
MRD-011846,No,58.73,23,608.93,Plus,2,No,4.68,Yes,No,4G,2,1166,No,9
MRD-011847,No,55.68,47,2725.34,Plus,4,No,7.81,Yes,No,4G,4,907,Yes,5
MRD-011848,No,63.01,45,2408.75,Plus,3,Yes,4.32,No,Yes,5G,1,343,Yes,7
MRD-011849,No,36.35,41,1707.68,Basic,2,No,1.32,Yes,No,4G,3,964,No,3
MRD-011850,No,97.59,52,5543.41,Premium,1,No,3.02,Yes,Yes,5G,3,460,No,9
MRD-011851,No,29.46,10,628.75,Basic,1,Yes,1.34,Yes,Yes,4G,3,221,No,10
MRD-011852,No,37.75,69,2529.22,Basic,1,No,7.19,No,No,5G,1,971,No,8
MRD-011853,No,31.96,81,2800.59,Basic,3,Yes,10.69,Yes,No,5G,2,461,Yes,8
MRD-011854,Yes,121.25,48,21769.4,Premium,1,No,0.15,No,Yes,5G,1,188,No,6
MRD-011855,No,63.2,50,11254.36,Plus,3,No,11.16,Yes,Yes,4G,1,1192,Yes,10
MRD-011856,No,97.89,90,17526.95,Premium,1,No,1.21,No,Yes,4G,3,1125,No,5
MRD-011857,No,74.6,87,9628.4,Plus,2,No,5.27,Yes,Yes,5G,1,252,No,7
MRD-011858,No,52.72,51,2109.3,Plus,2,No,1.91,Yes,No,5G,1,1226,No,2
MRD-011859,No,33.04,2,235.55,Basic,2,No,2.93,No,No,5G,0,587,No,6
MRD-011860,No,101.05,46,5771.08,Premium,3,No,5.33,Yes,No,5G,1,1244,Yes,10
MRD-011861,No,61.26,22,2180.11,Plus,2,Yes,0.99,Yes,Yes,5G,0,1406,No,3
MRD-011862,No,92.6,11,2682.61,Premium,3,No,2.54,Yes,No,5G,3,1341,Yes,6
MRD-011863,No,94.19,19,2219.7,Premium,2,No,2.48,No,Yes,5G,1,68,No,2
MRD-011864,Yes,51.64,93,10180.6,Plus,2,No,5.11,No,No,5G,1,1437,No,1
MRD-011865,No,56.32,38,1942.45,Plus,3,No,7.16,No,No,4G,2,1156,Yes,1
MRD-011866,No,58.52,73,3016.79,Plus,3,No,2.4,Yes,Yes,5G,2,297,Yes,8
MRD-011867,Yes,61.35,80,2784.96,Plus,1,Yes,5.89,No,No,5G,1,943,No,9
MRD-011868,No,60.12,4,984.19,Plus,5,No,5.45,No,Yes,4G,3,725,Yes,7
MRD-011869,No,52.0,35,2136.56,Plus,2,No,5.93,Yes,Yes,5G,1,569,No,9
MRD-011870,No,29.48,67,1949.43,Basic,1,No,1.52,Yes,Yes,4G,0,1417,No,2
MRD-011871,Yes,32.22,96,3090.93,Basic,5,Yes,13.26,No,No,4G,1,1102,Yes,2
MRD-011872,Yes,62.83,9,398.85,Plus,1,Yes,3.2,No,No,5G,1,296,No,6
MRD-011873,No,39.77,59,3196.28,Basic,1,No,0.12,No,No,5G,1,1111,No,2
MRD-011874,No,60.55,15,304.98,Plus,1,No,1.77,Yes,No,4G,0,1053,No,7
MRD-011875,Yes,41.92,53,2136.38,Basic,1,No,3.43,No,No,4G,3,1402,No,8
MRD-011876,No,28.42,49,2467.58,Basic,4,No,4.29,Yes,Yes,5G,1,1447,Yes,5
MRD-011877,No,54.88,90,6969.32,Plus,1,Yes,8.64,Yes,No,5G,0,27,No,5
MRD-011878,Yes,34.15,50,3710.78,Basic,2,No,3.24,No,No,5G,3,1406,No,9
MRD-011879,Yes,36.37,23,404.34,Basic,4,No,4.47,Yes,No,5G,1,467,Yes,1
MRD-011880,No,35.0,34,1712.26,Basic,1,No,8.12,Yes,Yes,5G,1,1001,No,10
MRD-011881,No,59.05,45,2514.01,Plus,4,No,3.97,No,Yes,4G,0,958,Yes,3
MRD-011882,No,57.19,81,5821.24,Plus,3,No,10.23,No,Yes,4G,0,106,Yes,7
MRD-011883,No,40.61,47,2045.0,Basic,2,Yes,5.71,Yes,Yes,5G,2,37,No,3
MRD-011884,No,43.23,66,2520.98,Plus,4,No,5.23,Yes,No,4G,2,369,Yes,10
MRD-011885,No,95.4,71,11080.63,Premium,3,No,5.79,Yes,No,5G,1,104,Yes,6
MRD-011886,Yes,37.19,40,1099.29,Basic,3,No,8.46,Yes,Yes,4G,3,1146,Yes,9
MRD-011887,No,58.3,21,961.42,Plus,3,No,3.65,Yes,Yes,5G,4,248,Yes,5
MRD-011888,No,68.08,45,3542.62,Plus,3,Yes,0.51,Yes,No,5G,3,528,Yes,1
MRD-011889,No,97.39,96,11149.83,Premium,4,No,2.43,No,Yes,5G,0,529,Yes,8
MRD-011890,No,30.59,72,2993.23,Basic,1,No,1.49,Yes,Yes,5G,3,1014,No,7
MRD-011891,Yes,66.85,10,785.19,Plus,3,No,1.71,No,Yes,5G,1,1385,Yes,2
MRD-011892,No,100.74,75,6584.94,Premium,4,No,10.1,Yes,Yes,4G,0,793,Yes,7
MRD-011893,No,33.56,53,3341.19,Basic,3,Yes,1.32,Yes,Yes,5G,3,95,Yes,5
MRD-011894,No,89.49,42,2487.92,Premium,4,No,1.81,No,Yes,5G,0,985,Yes,2
MRD-011895,No,63.84,57,4546.02,Plus,2,Yes,4.33,Yes,No,5G,0,40,No,10
MRD-011896,Yes,29.75,29,1969.16,Basic,1,No,1.73,Yes,Yes,5G,1,914,No,3
MRD-011897,No,37.63,51,1560.03,Basic,4,No,1.64,Yes,No,4G,2,982,Yes,2
MRD-011898,Yes,59.09,59,3458.83,Plus,1,Yes,1.38,Yes,No,4G,1,27,No,4
MRD-011899,No,38.38,24,978.4,Basic,1,No,2.28,No,Yes,4G,2,164,No,4
MRD-011900,No,83.05,58,7326.09,Premium,3,No,2.51,Yes,No,4G,1,210,Yes,9
MRD-011901,No,62.75,33,6333.77,Plus,2,No,2.93,No,Yes,5G,4,1167,No,9
MRD-011902,No,42.4,24,560.03,Plus,1,No,0.55,Yes,No,4G,3,1418,No,1
MRD-011903,No,26.99,88,1776.5,Basic,2,No,5.08,Yes,No,5G,4,8,No,6
MRD-011904,No,57.01,74,3170.32,Plus,1,Yes,8.86,Yes,No,5G,2,904,No,5
MRD-011905,No,38.4,75,1750.6,Basic,3,No,3.58,Yes,Yes,5G,0,1357,Yes,7
MRD-011906,No,34.67,88,5360.67,Basic,2,No,2.48,Yes,Yes,5G,2,1060,No,6
MRD-011907,No,92.04,55,6309.49,Premium,2,Yes,0.56,Yes,No,5G,3,847,No,7
MRD-011908,No,29.58,18,176.56,Basic,1,No,1.48,Yes,No,5G,2,1084,No,4
MRD-011909,No,38.46,93,2845.6,Basic,3,No,5.53,No,Yes,5G,1,203,Yes,2
MRD-011910,No,62.83,47,4335.77,Plus,1,No,1.27,Yes,Yes,4G,1,856,No,6
MRD-011911,No,108.72,83,13062.09,Premium,2,Yes,0.28,Yes,No,5G,2,515,No,4
MRD-011912,No,39.66,82,6540.84,Basic,2,No,4.45,Yes,No,5G,0,497,No,4
MRD-011913,No,113.15,25,2529.2,Premium,2,No,2.44,Yes,Yes,5G,0,611,No,10
MRD-011914,Yes,113.3,9,1682.47,Premium,1,No,0.92,Yes,No,5G,4,1363,No,9
MRD-011915,No,97.07,92,8379.13,Premium,4,No,1.45,Yes,Yes,5G,0,1190,Yes,5
MRD-011916,No,57.47,1,331.78,Plus,1,No,6.5,Yes,No,5G,1,888,No,8
MRD-011917,No,34.24,82,3690.41,Basic,2,No,1.91,Yes,Yes,4G,2,1154,No,10
MRD-011918,No,55.15,64,3812.36,Plus,1,No,5.1,Yes,Yes,5G,4,1403,No,3
MRD-011919,Yes,84.69,48,4843.1,Premium,2,No,8.61,Yes,No,5G,1,717,No,6
MRD-011920,No,60.93,54,3069.66,Plus,3,No,4.53,No,No,5G,2,1088,Yes,5
MRD-011921,No,107.83,12,1433.61,Premium,3,No,3.15,No,No,5G,0,900,Yes,8
MRD-011922,No,63.29,26,2365.83,Plus,2,No,5.1,No,Yes,5G,0,1072,No,2
MRD-011923,No,90.65,25,1087.6,Premium,1,No,1.12,Yes,Yes,5G,1,270,No,8
MRD-011924,No,69.43,7,745.61,Plus,1,No,3.02,Yes,No,5G,1,44,No,7
MRD-011925,No,54.41,65,3247.42,Plus,1,No,1.17,Yes,No,5G,0,142,No,6
MRD-011926,No,36.08,2,11.46,Basic,1,No,1.34,Yes,No,5G,2,1016,No,9
MRD-011927,No,94.11,25,3019.86,Premium,5,No,0.19,Yes,No,4G,0,246,Yes,7
MRD-011928,No,114.06,96,5524.29,Premium,1,No,0.28,Yes,No,4G,1,866,No,3
MRD-011929,No,94.64,40,4076.55,Premium,2,No,5.11,No,No,5G,1,923,No,2
MRD-011930,No,33.88,49,1293.36,Basic,1,No,3.94,Yes,Yes,5G,3,1484,No,5
MRD-011931,No,70.09,19,1566.4,Plus,1,No,5.13,Yes,No,5G,4,204,No,9
MRD-011932,No,50.64,92,2272.67,Plus,1,No,4.47,Yes,Yes,5G,4,684,No,7
MRD-011933,No,39.88,31,1903.32,Basic,4,No,2.68,Yes,Yes,4G,2,926,Yes,2
MRD-011934,No,54.16,39,1296.62,Plus,2,No,6.64,Yes,No,5G,2,1032,No,7
MRD-011935,No,49.83,86,2778.27,Plus,1,Yes,6.25,Yes,No,5G,2,321,No,10
MRD-011936,No,30.16,63,2374.92,Basic,1,No,3.29,No,Yes,5G,1,1479,No,4
MRD-011937,Yes,56.9,46,2355.4,Plus,2,No,8.17,No,No,5G,1,774,No,3
MRD-011938,No,95.53,64,4836.68,Premium,1,No,3.17,Yes,No,4G,0,993,No,2
MRD-011939,No,67.81,70,4103.27,Plus,1,No,2.01,Yes,Yes,5G,1,59,No,10
MRD-011940,No,40.99,58,2592.27,Basic,1,No,3.91,No,No,5G,2,949,No,8
MRD-011941,No,101.3,13,2253.94,Premium,3,No,0.86,No,Yes,5G,1,926,Yes,4
MRD-011942,No,95.24,46,7767.88,Premium,1,Yes,2.34,Yes,No,5G,2,858,No,10
MRD-011943,No,113.61,14,1479.65,Premium,5,Yes,0.33,Yes,No,5G,1,944,Yes,6
MRD-011944,No,52.33,75,6135.57,Plus,2,No,1.66,Yes,No,5G,0,1247,No,5
MRD-011945,No,34.42,45,1396.87,Basic,5,No,0.45,No,Yes,4G,3,1335,Yes,10
MRD-011946,No,109.9,87,16708.35,Premium,5,No,3.17,Yes,No,4G,3,426,Yes,6
MRD-011947,No,97.34,68,22113.94,Premium,1,No,0.12,No,No,5G,2,460,No,5
MRD-011948,No,56.81,18,595.83,Plus,2,No,1.36,Yes,No,5G,2,460,No,1
MRD-011949,No,64.36,35,2557.84,Plus,1,No,1.01,Yes,Yes,4G,1,1006,No,2
MRD-011950,No,74.9,66,3272.97,Plus,3,No,1.77,Yes,Yes,4G,2,833,Yes,8
MRD-011951,Yes,40.88,45,1283.0,Basic,3,No,1.05,Yes,No,4G,1,986,Yes,1
MRD-011952,Yes,36.69,79,2791.14,Basic,2,No,7.9,No,No,5G,1,1407,No,7
MRD-011953,No,67.79,50,5577.51,Plus,4,No,5.55,Yes,Yes,4G,3,1316,Yes,2
MRD-011954,Yes,32.81,22,520.87,Basic,2,No,5.45,Yes,No,5G,1,514,No,7
MRD-011955,No,63.69,72,5319.32,Plus,2,No,3.36,Yes,Yes,4G,0,894,No,4
MRD-011956,No,62.0,31,1228.01,Plus,5,No,0.91,Yes,No,4G,1,620,Yes,6
MRD-011957,Yes,67.5,0,128.7,Plus,1,No,2.11,Yes,Yes,4G,2,203,No,4
MRD-011958,No,60.46,87,9435.43,Plus,4,No,4.77,No,No,5G,2,326,Yes,5
MRD-011959,No,38.46,14,646.57,Basic,5,No,5.46,No,Yes,5G,1,1402,Yes,8
MRD-011960,Yes,51.12,65,5239.41,Plus,2,Yes,7.12,No,No,4G,0,380,No,8
MRD-011961,No,61.82,12,1293.75,Plus,3,No,2.34,Yes,No,5G,1,946,Yes,3
MRD-011962,No,98.95,45,2984.15,Premium,1,No,9.45,Yes,Yes,4G,0,670,No,2
MRD-011963,No,100.57,46,4978.38,Premium,2,No,1.75,No,Yes,5G,0,1480,No,9
MRD-011964,No,65.33,31,6214.0,Plus,1,Yes,0.58,No,No,5G,1,1271,No,7
MRD-011965,Yes,53.83,41,1415.9,Plus,2,No,3.53,Yes,No,5G,2,1051,No,5
MRD-011966,No,29.54,41,2109.36,Basic,1,No,5.64,No,Yes,5G,3,1466,No,9
MRD-011967,Yes,49.64,22,331.98,Plus,1,Yes,1.76,Yes,No,4G,0,800,No,6
MRD-011968,No,81.49,53,5379.21,Premium,2,No,5.48,No,No,4G,2,1452,No,8
MRD-011969,No,24.61,91,2268.87,Basic,1,No,2.76,No,Yes,4G,1,1227,No,5
MRD-011970,No,64.18,74,2181.23,Plus,1,No,1.92,Yes,No,5G,5,416,No,1
MRD-011971,No,105.36,32,2501.09,Premium,2,No,1.04,Yes,Yes,5G,1,545,No,8
MRD-011972,Yes,38.17,83,6398.17,Basic,1,No,6.59,No,Yes,5G,0,637,No,1
MRD-011973,No,47.69,32,1333.81,Plus,1,Yes,4.55,Yes,Yes,4G,5,696,No,7
MRD-011974,No,59.97,87,9805.47,Plus,3,No,2.63,Yes,No,5G,1,778,Yes,6
MRD-011975,No,35.86,45,1399.34,Basic,4,No,1.56,No,No,5G,1,1370,Yes,6
MRD-011976,No,61.58,10,391.24,Plus,1,No,2.8,Yes,No,4G,1,696,No,3
MRD-011977,No,63.18,70,6809.59,Plus,4,Yes,3.47,Yes,No,5G,1,970,Yes,10
MRD-011978,No,47.38,5,287.63,Plus,3,No,7.33,Yes,No,5G,2,1401,Yes,2
MRD-011979,No,122.07,78,13897.7,Premium,2,Yes,3.21,Yes,No,4G,2,1146,No,4
MRD-011980,No,71.7,84,5222.65,Plus,3,No,2.41,Yes,No,5G,3,1489,Yes,6
MRD-011981,Yes,36.02,50,4189.38,Basic,1,No,0.15,No,No,5G,1,187,No,7
MRD-011982,No,37.41,96,2625.53,Basic,3,Yes,2.57,Yes,No,5G,2,581,Yes,9
MRD-011983,Yes,34.45,93,3476.96,Basic,3,No,4.58,Yes,No,4G,5,96,Yes,4
MRD-011984,No,60.15,4,649.29,Plus,1,No,3.46,No,Yes,5G,3,337,No,3
MRD-011985,No,33.01,53,1503.01,Basic,2,No,0.6,Yes,No,4G,1,376,No,8
MRD-011986,No,63.05,33,1054.79,Plus,2,No,11.33,Yes,No,5G,2,78,No,5
MRD-011987,No,54.32,91,9051.05,Plus,1,No,2.19,Yes,No,5G,1,996,No,7
MRD-011988,No,98.58,74,14824.16,Premium,1,No,0.2,Yes,No,5G,0,81,No,3
MRD-011989,No,57.31,67,4692.93,Plus,1,No,7.68,Yes,No,4G,1,840,No,5
MRD-011990,No,111.98,68,17197.03,Premium,2,Yes,0.18,No,No,5G,3,883,No,5
MRD-011991,No,35.1,82,2859.4,Basic,1,Yes,3.38,Yes,Yes,5G,4,1426,No,5
MRD-011992,Yes,59.34,8,591.03,Plus,5,No,0.62,No,No,5G,3,739,Yes,10
MRD-011993,No,33.63,1,140.01,Basic,1,No,10.6,Yes,No,5G,1,933,No,5
MRD-011994,No,56.68,86,3648.6,Plus,2,Yes,0.62,Yes,No,4G,2,1422,No,9
MRD-011995,No,37.26,2,109.24,Basic,1,No,2.06,No,Yes,4G,1,257,No,6
MRD-011996,No,35.95,20,965.2,Basic,3,Yes,1.29,Yes,Yes,4G,1,1012,Yes,2
MRD-011997,Yes,30.09,39,840.28,Basic,1,No,3.46,No,No,5G,1,229,No,3
MRD-011998,No,67.53,78,4363.02,Plus,2,No,1.25,No,No,4G,0,559,No,10
MRD-011999,No,60.54,82,6181.63,Plus,3,No,2.11,No,No,4G,2,492,Yes,4
MRD-012000,Yes,63.7,59,4854.95,Plus,5,No,1.01,Yes,No,4G,0,1016,Yes,2
MRD-012001,Yes,32.8,43,1777.64,Basic,2,No,1.31,Yes,No,5G,3,1168,No,4
MRD-012002,Yes,35.02,88,2984.18,Basic,2,No,5.66,Yes,Yes,5G,0,38,No,8
MRD-012003,No,37.86,62,1221.61,Basic,2,No,0.54,No,No,5G,0,551,No,8
MRD-012004,Yes,35.64,0,43.88,Basic,1,No,1.41,Yes,No,4G,1,1211,No,7
MRD-012005,No,40.3,75,4091.01,Basic,3,No,0.87,Yes,No,5G,3,91,Yes,2
MRD-012006,No,37.68,21,109.98,Basic,2,No,5.56,Yes,No,4G,1,152,No,1
MRD-012007,No,53.6,26,727.5,Plus,4,No,0.29,No,Yes,5G,0,483,Yes,7
MRD-012008,No,76.9,48,4159.59,Premium,3,No,4.38,Yes,No,5G,0,407,Yes,10
MRD-012009,No,56.87,2,467.93,Plus,3,No,5.48,No,No,4G,1,1042,Yes,3
MRD-012010,No,65.75,62,6387.15,Plus,3,No,6.18,Yes,Yes,4G,1,1044,Yes,10
MRD-012011,No,33.19,68,2163.05,Basic,1,No,2.05,No,Yes,4G,1,42,No,7
MRD-012012,No,77.2,53,4631.95,Premium,4,No,2.96,No,No,5G,5,1281,Yes,6
MRD-012013,No,60.27,42,3372.97,Plus,2,No,3.12,Yes,Yes,5G,1,532,No,8
MRD-012014,No,108.46,93,9934.87,Premium,1,Yes,1.24,Yes,No,4G,1,1243,No,1
MRD-012015,Yes,60.53,8,370.23,Plus,1,No,1.06,Yes,No,5G,3,913,No,3
MRD-012016,No,53.18,59,3553.4,Plus,3,No,3.28,No,No,5G,2,231,Yes,1
MRD-012017,No,89.44,90,2959.88,Premium,2,No,1.25,Yes,Yes,4G,2,1154,No,8
MRD-012018,Yes,34.02,61,3766.59,Basic,2,No,4.7,No,No,5G,1,709,No,6
MRD-012019,Yes,44.0,37,1259.06,Basic,2,No,3.51,Yes,No,5G,2,516,No,4
MRD-012020,Yes,33.86,3,0.0,Basic,2,No,4.22,No,No,5G,0,438,No,10
MRD-012021,No,73.41,13,1747.5,Plus,2,No,0.26,Yes,No,4G,2,1046,No,6
MRD-012022,No,51.94,75,7551.57,Plus,1,Yes,1.83,Yes,No,4G,3,969,No,10
MRD-012023,No,94.05,74,8573.84,Premium,3,No,0.76,Yes,Yes,5G,0,693,Yes,9
MRD-012024,No,85.28,49,3565.3,Premium,3,No,2.86,Yes,Yes,4G,2,273,Yes,10
MRD-012025,No,49.92,34,1366.15,Plus,1,No,1.31,No,No,5G,0,354,No,6
MRD-012026,No,53.74,82,10796.1,Plus,2,No,0.86,Yes,No,5G,1,1284,No,3
MRD-012027,Yes,29.62,72,1815.27,Basic,1,No,5.95,Yes,No,5G,0,1174,No,6
MRD-012028,No,49.51,90,9064.06,Plus,3,No,0.36,Yes,Yes,5G,0,1448,Yes,8
MRD-012029,No,101.46,18,2668.11,Premium,2,No,3.86,No,Yes,5G,0,1264,No,10
MRD-012030,No,58.89,38,1905.96,Plus,1,No,0.55,No,Yes,4G,0,1399,No,8
MRD-012031,No,49.82,77,4647.28,Plus,3,No,1.33,Yes,No,5G,2,1385,Yes,2
MRD-012032,Yes,39.47,46,1303.52,Basic,4,No,6.39,No,No,5G,0,1022,Yes,5
MRD-012033,No,34.2,9,568.71,Basic,1,Yes,1.12,Yes,Yes,5G,4,110,No,10
MRD-012034,No,66.98,63,4279.74,Plus,3,No,0.81,Yes,No,4G,1,350,Yes,8
MRD-012035,No,82.82,75,2312.47,Premium,4,No,5.65,No,Yes,4G,3,1273,Yes,9
MRD-012036,No,54.62,92,3297.18,Plus,1,No,0.39,No,No,4G,0,1442,No,8
MRD-012037,No,66.09,55,6823.49,Plus,5,No,1.19,Yes,Yes,5G,0,773,Yes,7
MRD-012038,No,100.1,79,5094.85,Premium,3,Yes,8.55,Yes,No,5G,1,1062,Yes,6
MRD-012039,No,100.53,8,504.18,Premium,4,No,2.58,No,No,5G,1,453,Yes,3
MRD-012040,Yes,33.09,17,367.44,Basic,5,No,0.8,Yes,No,5G,0,7,Yes,7
MRD-012041,No,36.33,85,1576.98,Basic,2,Yes,2.02,Yes,Yes,5G,0,1445,No,10
MRD-012042,No,36.54,18,524.5,Basic,4,No,3.0,Yes,No,5G,1,602,Yes,6
MRD-012043,No,92.73,38,4373.83,Premium,1,Yes,4.13,Yes,No,5G,0,1490,No,5
MRD-012044,No,32.21,33,1701.72,Basic,1,No,3.3,No,No,5G,0,10,No,4
MRD-012045,No,63.54,83,4236.03,Plus,1,No,1.06,Yes,Yes,5G,1,1444,No,9
MRD-012046,No,65.31,51,3651.88,Plus,2,No,0.47,Yes,No,5G,1,964,No,10
MRD-012047,No,84.43,87,4225.46,Premium,3,No,4.33,Yes,No,4G,1,1046,Yes,1
MRD-012048,No,69.91,80,9680.33,Plus,1,No,9.91,No,Yes,4G,1,33,No,6
MRD-012049,Yes,33.42,88,2849.49,Basic,1,No,0.71,Yes,Yes,5G,2,1410,No,5
MRD-012050,Yes,33.35,9,641.5,Basic,1,No,1.67,Yes,Yes,5G,3,862,No,1
MRD-012051,No,28.9,45,1214.18,Basic,5,No,0.58,No,No,5G,0,609,Yes,8
MRD-012052,No,44.1,77,4350.96,Plus,1,No,1.94,Yes,Yes,4G,1,627,No,10
MRD-012053,No,66.34,21,1472.93,Plus,3,No,2.12,Yes,No,4G,2,136,Yes,1
MRD-012054,No,104.01,60,5425.15,Premium,4,Yes,4.83,Yes,Yes,4G,0,615,Yes,1
MRD-012055,No,42.84,83,4557.89,Basic,4,No,2.29,No,No,5G,1,447,Yes,5
MRD-012056,No,60.03,38,3682.59,Plus,2,No,0.81,Yes,No,5G,2,247,No,2
MRD-012057,No,49.58,16,831.92,Plus,1,No,5.44,Yes,No,5G,1,426,No,5
MRD-012058,No,33.63,89,2709.59,Basic,5,No,0.92,Yes,No,4G,4,1147,Yes,5
MRD-012059,No,53.61,39,3311.6,Plus,2,No,2.71,Yes,Yes,4G,1,910,No,5
MRD-012060,No,65.97,49,3039.09,Plus,3,No,5.23,Yes,Yes,5G,4,1310,Yes,7
MRD-012061,Yes,35.32,51,1503.0,Basic,2,No,0.84,No,No,5G,1,540,No,2
MRD-012062,No,55.04,35,3942.97,Plus,2,Yes,2.48,No,Yes,4G,3,347,No,6
MRD-012063,No,60.24,12,414.19,Plus,2,No,4.19,Yes,No,4G,0,1466,No,5
MRD-012064,No,65.18,66,4053.53,Plus,1,No,6.13,Yes,No,5G,1,205,No,8
MRD-012065,No,40.96,44,1536.44,Basic,1,No,0.98,Yes,No,5G,3,135,No,3
MRD-012066,Yes,33.6,31,336.08,Basic,4,Yes,1.91,Yes,No,5G,3,974,Yes,10
MRD-012067,No,58.6,44,2364.17,Plus,1,No,1.84,Yes,Yes,4G,2,648,No,4
MRD-012068,No,80.3,3,563.5,Premium,1,No,3.89,No,No,4G,0,161,No,8
MRD-012069,No,69.09,73,2319.3,Plus,2,No,0.46,No,No,5G,0,1185,No,2
MRD-012070,No,106.42,85,12188.86,Premium,5,Yes,0.64,No,Yes,4G,0,416,Yes,5
MRD-012071,No,25.28,15,448.02,Basic,3,No,2.08,No,No,4G,1,1221,Yes,7
MRD-012072,No,35.42,83,2159.76,Basic,5,No,0.86,Yes,No,5G,1,531,Yes,2
MRD-012073,Yes,34.87,30,1092.84,Basic,1,No,0.38,No,No,5G,1,211,No,9
MRD-012074,No,38.75,46,1264.77,Basic,4,No,3.89,Yes,No,5G,1,1041,Yes,5
MRD-012075,Yes,38.29,26,597.21,Basic,1,Yes,5.86,Yes,No,4G,2,1117,No,9
MRD-012076,Yes,59.39,44,6524.69,Plus,1,No,8.48,Yes,Yes,5G,1,179,No,10
MRD-012077,No,61.57,27,1523.89,Plus,3,No,6.71,Yes,Yes,5G,0,1182,Yes,5
MRD-012078,No,43.41,96,6445.59,Basic,5,No,2.86,Yes,No,4G,1,776,Yes,5
MRD-012079,No,31.93,12,379.67,Basic,1,No,0.13,Yes,Yes,4G,1,266,No,1
MRD-012080,No,88.42,85,8089.31,Premium,3,No,0.48,No,No,4G,3,638,Yes,4
MRD-012081,Yes,95.55,57,3821.89,Premium,2,No,1.75,Yes,No,4G,1,951,No,8
MRD-012082,No,84.09,65,4723.56,Premium,1,No,2.55,No,Yes,5G,1,1309,No,4
MRD-012083,No,30.81,77,3660.85,Basic,1,Yes,0.09,Yes,Yes,5G,0,948,No,6
MRD-012084,No,35.05,56,3444.81,Basic,3,No,0.64,Yes,Yes,4G,4,980,Yes,4
MRD-012085,No,56.5,18,1123.89,Plus,1,Yes,2.57,No,No,4G,0,565,No,2
MRD-012086,No,25.15,83,1268.72,Basic,1,No,2.77,Yes,No,4G,2,1057,No,5
MRD-012087,No,56.62,94,8507.58,Plus,2,No,2.75,Yes,No,5G,4,751,No,10
MRD-012088,No,29.77,29,706.06,Basic,2,No,0.56,Yes,No,5G,1,677,No,6
MRD-012089,Yes,36.59,23,1100.61,Basic,1,No,1.41,No,No,4G,3,1498,No,7
MRD-012090,No,52.97,41,1336.88,Plus,1,No,4.02,Yes,No,4G,0,38,No,6
MRD-012091,Yes,26.23,26,610.55,Basic,1,No,5.13,Yes,Yes,5G,1,344,No,6
MRD-012092,No,105.9,20,3496.38,Premium,1,Yes,0.63,Yes,No,4G,1,699,No,9
MRD-012093,No,33.45,30,1202.84,Basic,1,No,0.06,Yes,No,4G,1,52,No,4
MRD-012094,No,67.29,46,2002.76,Plus,4,Yes,0.07,Yes,No,4G,1,1351,Yes,5
MRD-012095,Yes,31.18,17,850.93,Basic,2,No,5.84,No,Yes,4G,2,1483,No,6
MRD-012096,No,61.43,1,184.9,Plus,1,No,7.48,Yes,No,4G,0,614,No,2
MRD-012097,Yes,41.67,51,2011.27,Basic,3,No,3.91,No,No,5G,2,1264,Yes,6
MRD-012098,No,70.33,81,9316.2,Plus,1,No,0.72,Yes,Yes,5G,2,180,No,4
MRD-012099,No,88.95,44,3042.94,Premium,1,No,2.65,Yes,No,5G,1,1417,No,3
MRD-012100,No,57.83,35,1438.15,Plus,1,No,7.86,No,No,5G,1,1235,No,10
MRD-012101,Yes,62.44,15,534.72,Plus,2,Yes,2.35,No,Yes,4G,1,1058,No,1
MRD-012102,Yes,36.9,28,581.23,Basic,2,No,7.31,No,No,5G,0,179,No,6
MRD-012103,Yes,31.85,16,451.95,Basic,1,No,1.26,Yes,No,4G,3,429,No,2
MRD-012104,No,97.89,40,12449.15,Premium,2,No,3.56,Yes,Yes,5G,3,912,No,4
MRD-012105,No,56.49,25,1259.38,Plus,3,No,3.81,Yes,No,4G,1,31,Yes,9
MRD-012106,No,49.88,11,656.49,Plus,2,No,2.08,Yes,No,4G,0,834,No,5
MRD-012107,No,29.92,32,1260.53,Basic,1,No,0.47,No,No,5G,0,1283,No,7
MRD-012108,Yes,65.93,9,660.81,Plus,2,No,7.96,Yes,No,4G,2,1328,No,2
MRD-012109,Yes,63.33,27,4129.19,Plus,1,No,4.15,Yes,No,4G,4,1382,No,4
MRD-012110,No,101.98,36,4884.14,Premium,5,No,1.34,Yes,No,5G,2,1271,Yes,8
MRD-012111,No,101.74,18,2123.59,Premium,1,No,9.8,Yes,No,5G,0,1196,No,7
MRD-012112,No,57.68,88,5886.97,Plus,4,No,4.57,Yes,No,4G,2,485,Yes,3
MRD-012113,No,34.6,63,1086.03,Basic,1,No,0.64,Yes,No,5G,1,1030,No,9
MRD-012114,No,48.32,69,3776.38,Plus,3,No,3.31,No,Yes,4G,1,60,Yes,3
MRD-012115,No,36.15,14,695.05,Basic,3,No,7.35,Yes,Yes,5G,2,928,Yes,6
MRD-012116,No,87.54,86,10113.45,Premium,1,No,11.24,No,No,5G,3,60,No,10
MRD-012117,No,59.41,29,1056.82,Plus,2,No,3.13,Yes,Yes,5G,1,1029,No,2
MRD-012118,No,58.87,73,4498.42,Plus,3,No,4.44,Yes,No,5G,1,431,Yes,7
MRD-012119,No,99.71,46,2088.72,Premium,2,No,0.74,No,No,5G,1,827,No,3
MRD-012120,No,39.01,48,833.03,Basic,1,No,1.76,Yes,Yes,5G,2,1159,No,5
MRD-012121,No,31.15,74,2828.16,Basic,2,No,2.47,Yes,No,5G,1,887,No,10
MRD-012122,No,59.41,91,4154.43,Plus,2,No,6.87,No,No,5G,2,611,No,5
MRD-012123,Yes,36.58,29,1665.72,Basic,2,No,10.25,Yes,Yes,4G,3,1022,No,2
MRD-012124,Yes,95.7,23,3582.78,Premium,1,No,9.63,Yes,No,5G,2,1020,No,3
MRD-012125,No,60.61,7,227.53,Plus,3,No,5.82,Yes,No,5G,0,238,Yes,6
MRD-012126,No,73.88,50,1973.08,Plus,4,No,1.75,Yes,Yes,4G,0,582,Yes,1
MRD-012127,No,35.81,81,3068.81,Basic,1,No,1.36,No,No,5G,1,417,No,10
MRD-012128,No,95.76,16,1999.39,Premium,5,No,4.16,No,No,5G,3,373,Yes,9
MRD-012129,No,105.17,94,7205.42,Premium,1,Yes,0.35,Yes,Yes,5G,1,1457,No,10
MRD-012130,No,63.17,2,0.0,Plus,3,No,3.91,Yes,No,4G,1,1049,Yes,6
MRD-012131,Yes,42.71,2,165.46,Basic,2,No,1.56,No,Yes,5G,1,678,No,10
MRD-012132,No,58.47,83,15488.87,Plus,2,No,3.85,Yes,Yes,4G,0,953,No,5
MRD-012133,No,59.56,62,3135.82,Plus,2,Yes,2.95,No,No,5G,2,336,No,1
MRD-012134,No,36.08,18,522.46,Basic,4,No,1.11,No,No,5G,0,267,Yes,6
MRD-012135,No,85.95,61,6055.55,Premium,1,No,3.66,Yes,No,4G,1,1130,No,8
MRD-012136,No,97.0,21,2184.7,Premium,1,No,1.46,Yes,Yes,5G,1,1396,No,10
MRD-012137,No,38.04,83,3424.41,Basic,2,No,1.76,Yes,Yes,4G,0,911,No,3
MRD-012138,No,64.81,15,466.52,Plus,2,No,0.99,No,No,5G,0,374,No,4
MRD-012139,Yes,23.11,85,3350.15,Basic,1,No,2.95,Yes,No,5G,0,1201,No,1
MRD-012140,Yes,34.78,81,5520.19,Basic,1,No,3.92,No,No,5G,2,500,No,1
MRD-012141,No,50.95,4,298.14,Plus,3,No,3.19,Yes,No,5G,3,1476,Yes,1
MRD-012142,No,81.42,85,6549.13,Premium,1,No,5.49,No,Yes,5G,1,72,No,8
MRD-012143,No,89.55,78,3759.86,Premium,1,No,4.82,No,Yes,5G,0,299,No,10
MRD-012144,No,30.13,35,835.67,Basic,2,No,0.83,No,No,4G,1,98,No,10
MRD-012145,No,67.62,26,2995.18,Plus,4,Yes,7.07,No,Yes,5G,1,1299,Yes,9
MRD-012146,No,65.69,37,2384.09,Plus,2,No,0.77,Yes,No,5G,2,1152,No,7
MRD-012147,No,33.71,10,485.17,Basic,2,No,3.16,No,No,5G,3,1015,No,2
MRD-012148,No,57.66,40,3927.02,Plus,3,No,3.87,Yes,No,5G,1,941,Yes,4
MRD-012149,No,33.09,45,1811.91,Basic,1,No,3.98,Yes,No,5G,1,82,No,7
MRD-012150,No,81.43,89,5068.52,Premium,1,No,4.49,Yes,Yes,5G,0,621,No,3
MRD-012151,No,110.98,18,1966.71,Premium,1,No,5.69,Yes,No,4G,1,33,No,6
MRD-012152,No,97.88,57,10216.26,Premium,3,No,2.21,Yes,No,5G,2,618,Yes,6
MRD-012153,No,33.22,47,1642.51,Basic,3,No,3.28,Yes,No,5G,1,371,Yes,6
MRD-012154,No,64.99,75,5931.27,Plus,2,No,1.46,Yes,Yes,5G,1,779,No,2
MRD-012155,No,88.25,45,3646.15,Premium,1,No,1.81,Yes,Yes,4G,1,13,No,1
MRD-012156,No,38.21,55,2655.28,Basic,3,No,2.57,Yes,Yes,5G,0,1250,Yes,8
MRD-012157,No,81.76,88,6184.36,Premium,2,No,6.0,No,Yes,4G,2,1046,No,10
MRD-012158,No,45.44,81,3755.65,Basic,1,No,4.48,No,No,5G,2,1344,No,6
MRD-012159,No,35.48,63,1607.28,Basic,3,No,5.23,Yes,No,5G,2,915,Yes,7
MRD-012160,No,50.04,16,1342.72,Plus,3,No,0.7,Yes,Yes,5G,1,13,Yes,6
MRD-012161,No,55.25,95,6413.79,Plus,2,No,6.96,Yes,No,5G,2,590,No,1
MRD-012162,Yes,31.66,86,1082.69,Basic,2,No,1.28,No,No,5G,2,733,No,1
MRD-012163,No,58.13,47,2773.15,Plus,1,No,1.86,No,No,4G,1,1052,No,5
MRD-012164,No,69.56,77,3902.98,Plus,4,No,4.66,No,No,4G,2,1433,Yes,8
MRD-012165,No,59.41,14,896.9,Plus,4,No,5.48,No,No,5G,1,859,Yes,10
MRD-012166,No,39.13,73,1831.34,Basic,4,No,0.63,Yes,No,5G,2,1296,Yes,4
MRD-012167,No,64.65,12,1211.69,Plus,5,No,1.68,No,Yes,5G,2,649,Yes,1
MRD-012168,No,42.27,18,771.09,Basic,2,Yes,0.32,Yes,Yes,5G,3,889,No,10
MRD-012169,No,35.96,70,2230.34,Basic,1,No,3.9,Yes,No,5G,1,224,No,7
MRD-012170,No,38.42,46,3004.42,Basic,2,No,3.12,No,No,5G,0,1049,No,2
MRD-012171,No,77.94,44,5229.67,Premium,1,No,2.24,Yes,No,5G,2,1433,No,1
MRD-012172,No,62.67,25,2252.99,Plus,2,No,0.49,Yes,No,5G,1,794,No,6
MRD-012173,No,69.97,9,794.77,Plus,1,No,0.73,No,Yes,5G,2,1211,No,6
MRD-012174,Yes,57.98,76,6713.54,Plus,1,No,6.38,Yes,No,5G,3,667,No,2
MRD-012175,No,55.12,66,2261.94,Plus,1,No,3.61,Yes,No,5G,2,407,No,6
MRD-012176,No,38.18,76,2918.3,Basic,3,No,3.26,Yes,No,5G,2,50,Yes,7
MRD-012177,No,32.09,30,1113.28,Basic,1,No,0.48,Yes,No,4G,2,352,No,9
MRD-012178,No,89.58,51,4324.68,Premium,2,No,4.74,Yes,No,4G,1,392,No,1
MRD-012179,No,63.67,78,5094.06,Plus,3,No,0.5,Yes,No,5G,3,853,Yes,8
MRD-012180,No,51.58,34,1536.56,Plus,2,No,4.0,Yes,No,5G,3,454,No,10
MRD-012181,No,54.57,11,581.6,Plus,4,No,11.6,Yes,No,4G,0,1208,Yes,3
MRD-012182,No,111.08,37,4123.82,Premium,1,Yes,2.83,No,No,5G,2,231,No,5
MRD-012183,No,54.14,79,4227.45,Plus,2,No,2.09,No,No,4G,2,805,No,2
MRD-012184,Yes,41.57,0,0.0,Basic,1,No,5.66,Yes,No,5G,2,694,No,9
MRD-012185,Yes,56.42,12,836.44,Plus,2,No,0.77,No,Yes,5G,2,615,No,9
MRD-012186,No,53.0,11,520.51,Plus,1,No,1.96,Yes,Yes,5G,3,942,No,8
MRD-012187,No,30.74,10,451.39,Basic,2,No,1.47,Yes,No,4G,1,226,No,10
MRD-012188,No,51.88,7,377.28,Plus,1,No,0.63,Yes,Yes,5G,0,653,No,3
MRD-012189,Yes,38.3,66,1941.31,Basic,1,Yes,1.11,No,No,5G,0,862,No,4
MRD-012190,No,98.62,47,7980.98,Premium,2,No,0.71,No,Yes,4G,0,1271,No,10
MRD-012191,No,103.33,63,6330.16,Premium,3,No,0.64,Yes,No,5G,0,549,Yes,4
MRD-012192,No,28.85,50,2308.76,Basic,4,No,6.79,Yes,No,5G,4,939,Yes,2
MRD-012193,Yes,63.39,5,621.05,Plus,1,No,0.66,No,Yes,4G,1,580,No,5
MRD-012194,No,51.76,41,2036.14,Plus,4,No,3.15,No,No,5G,1,1009,Yes,6
MRD-012195,No,36.75,64,925.51,Basic,1,No,7.6,No,No,5G,4,393,No,6
MRD-012196,No,67.44,5,277.82,Plus,5,No,0.13,No,Yes,5G,1,1456,Yes,2
MRD-012197,No,98.67,90,17855.36,Premium,5,No,5.42,Yes,Yes,5G,0,1229,Yes,6
MRD-012198,No,25.25,67,3260.67,Basic,2,No,6.34,No,No,5G,2,649,No,8
MRD-012199,No,68.75,17,1015.14,Plus,2,No,0.98,No,No,4G,1,466,No,10
MRD-012200,No,38.18,7,329.03,Basic,1,No,4.85,No,No,5G,1,986,No,1
MRD-012201,No,52.04,61,4744.51,Plus,1,No,9.08,No,No,5G,2,194,No,4
MRD-012202,No,66.72,12,970.29,Plus,4,No,4.23,No,No,5G,2,1356,Yes,10
MRD-012203,No,55.02,78,7797.87,Plus,4,No,15.53,Yes,Yes,5G,2,591,Yes,3
MRD-012204,No,78.49,70,7132.69,Premium,4,No,0.93,Yes,No,5G,2,473,Yes,5
MRD-012205,No,71.83,67,6655.51,Premium,4,No,8.91,Yes,No,5G,0,1224,Yes,2
MRD-012206,No,62.87,63,10594.96,Plus,5,No,0.57,Yes,Yes,4G,1,287,Yes,6
MRD-012207,No,66.39,95,7533.57,Plus,2,No,3.94,Yes,Yes,5G,1,1213,No,6
MRD-012208,No,56.2,91,4432.76,Plus,2,Yes,6.76,Yes,No,5G,0,117,No,6
MRD-012209,Yes,38.47,62,5910.44,Basic,5,No,2.42,Yes,No,5G,3,1323,Yes,1
MRD-012210,No,54.81,37,2055.29,Plus,1,No,0.91,Yes,No,5G,1,1419,No,2
MRD-012211,Yes,69.14,33,2852.53,Plus,3,No,1.1,No,Yes,5G,1,1423,Yes,1
MRD-012212,No,79.04,16,882.11,Premium,5,No,1.34,Yes,Yes,5G,2,16,Yes,1
MRD-012213,No,99.5,1,370.42,Premium,3,Yes,6.19,Yes,Yes,5G,1,150,Yes,3
MRD-012214,No,94.98,38,2514.61,Premium,1,No,11.59,Yes,No,5G,2,1467,No,10
MRD-012215,No,37.11,5,180.59,Basic,2,No,2.14,Yes,Yes,4G,0,466,No,4
MRD-012216,No,36.01,24,1015.34,Basic,1,Yes,5.05,No,Yes,5G,2,553,No,1
MRD-012217,Yes,32.19,18,513.75,Basic,1,No,0.88,No,Yes,5G,1,1442,No,10
MRD-012218,Yes,41.77,55,2844.64,Basic,1,No,0.42,Yes,Yes,5G,2,567,No,6
MRD-012219,No,34.31,68,4051.1,Basic,1,Yes,0.09,Yes,No,5G,3,231,No,6
MRD-012220,No,37.28,26,1452.42,Basic,5,No,2.7,Yes,Yes,4G,2,1452,Yes,1
MRD-012221,Yes,41.31,75,1652.18,Basic,2,No,3.65,Yes,Yes,5G,2,939,No,5
MRD-012222,No,67.56,9,395.06,Plus,2,Yes,10.33,No,No,5G,1,541,No,2
MRD-012223,No,90.3,85,38250.62,Premium,1,No,2.86,No,Yes,4G,2,810,No,8
MRD-012224,No,51.23,8,238.13,Plus,1,No,2.47,Yes,Yes,5G,0,72,No,7
MRD-012225,No,29.46,31,680.9,Basic,1,No,0.42,No,Yes,5G,2,803,No,2
MRD-012226,No,65.81,27,1015.91,Plus,3,No,7.26,Yes,No,4G,1,70,Yes,10
MRD-012227,No,38.91,66,2951.8,Basic,1,No,13.44,Yes,Yes,5G,2,806,No,8
MRD-012228,Yes,43.48,90,2647.17,Basic,2,No,4.85,Yes,No,5G,3,1022,No,3
MRD-012229,No,33.22,46,1761.11,Basic,1,No,12.23,Yes,Yes,5G,0,1441,No,2
MRD-012230,No,38.1,34,1133.81,Basic,4,No,3.75,No,Yes,5G,3,1314,Yes,4
MRD-012231,No,33.1,34,917.58,Basic,4,No,7.46,Yes,No,4G,1,507,Yes,8
MRD-012232,No,26.76,65,2166.98,Basic,1,No,0.58,No,No,4G,1,281,No,6
MRD-012233,No,56.39,81,7117.9,Plus,1,No,4.43,Yes,No,5G,0,909,No,5
MRD-012234,No,94.72,84,15606.41,Premium,5,No,2.63,No,Yes,4G,4,1434,Yes,5
MRD-012235,No,60.4,93,5676.91,Plus,1,No,1.21,Yes,Yes,5G,1,62,No,10
MRD-012236,No,36.92,63,1732.38,Basic,3,No,0.16,Yes,No,5G,2,588,Yes,7
MRD-012237,Yes,31.73,66,938.54,Basic,3,Yes,0.55,Yes,Yes,4G,3,824,Yes,4
MRD-012238,No,45.45,33,1616.05,Basic,3,Yes,5.03,Yes,No,5G,0,964,Yes,5
MRD-012239,No,57.05,31,793.51,Plus,2,No,1.39,No,No,4G,2,1006,No,4
MRD-012240,No,30.43,30,1539.3,Basic,1,No,5.41,Yes,Yes,5G,0,1115,No,9
MRD-012241,No,38.77,39,2626.62,Basic,1,No,6.1,Yes,No,5G,1,1096,No,5
MRD-012242,No,60.64,96,6590.52,Plus,1,No,5.82,Yes,No,4G,3,372,No,3
MRD-012243,Yes,32.45,2,562.72,Basic,5,Yes,2.1,Yes,Yes,4G,2,538,Yes,7
MRD-012244,No,35.52,64,2070.38,Basic,1,No,4.88,Yes,Yes,4G,0,585,No,10
MRD-012245,No,69.15,84,6427.16,Plus,4,Yes,6.11,Yes,No,5G,2,714,Yes,9
MRD-012246,No,26.16,45,1289.97,Basic,3,No,1.59,Yes,Yes,4G,1,1493,Yes,2
MRD-012247,Yes,60.66,11,338.2,Plus,2,No,5.93,Yes,No,4G,2,768,No,2
MRD-012248,No,82.62,35,2760.77,Premium,1,No,0.61,No,Yes,4G,2,803,No,5
MRD-012249,No,37.06,54,2351.43,Basic,1,No,3.85,No,Yes,5G,3,153,No,2
MRD-012250,No,53.48,85,5041.08,Plus,1,No,1.49,Yes,Yes,4G,2,246,No,7
MRD-012251,No,94.21,90,9327.93,Premium,3,No,4.17,Yes,Yes,5G,0,9,Yes,5
MRD-012252,Yes,35.5,37,1889.81,Basic,1,No,5.22,No,Yes,4G,2,676,No,1
MRD-012253,No,87.77,88,5641.38,Premium,4,Yes,2.62,Yes,No,4G,1,1322,Yes,9
MRD-012254,No,33.63,73,2300.01,Basic,1,No,3.05,Yes,Yes,4G,3,130,No,8
MRD-012255,No,56.0,11,763.29,Plus,3,Yes,3.16,No,No,5G,3,1174,Yes,3
MRD-012256,No,61.36,84,3836.32,Plus,2,No,0.59,Yes,Yes,5G,3,1220,No,3
MRD-012257,No,84.33,44,1055.21,Premium,1,Yes,4.43,No,No,5G,6,399,No,7
MRD-012258,No,63.54,91,11242.21,Plus,3,No,1.64,No,Yes,5G,0,910,Yes,3
MRD-012259,No,75.09,62,3978.29,Premium,2,No,1.52,Yes,Yes,4G,3,1094,No,5
MRD-012260,No,43.75,68,3499.7,Basic,5,No,0.99,No,Yes,4G,1,878,Yes,10
MRD-012261,Yes,35.19,45,663.83,Basic,1,No,9.92,Yes,Yes,4G,1,1073,No,7
MRD-012262,No,78.93,3,79.13,Premium,1,No,4.46,Yes,No,4G,1,983,No,1
MRD-012263,No,83.29,40,3055.48,Premium,1,No,2.25,Yes,Yes,5G,2,698,No,10
MRD-012264,No,60.67,16,965.58,Plus,1,No,13.42,Yes,Yes,5G,2,1324,No,9
MRD-012265,No,91.2,41,5674.68,Premium,2,No,0.92,Yes,No,4G,2,1038,No,7
MRD-012266,No,41.88,21,1369.29,Basic,3,Yes,0.82,Yes,No,5G,2,312,Yes,4
MRD-012267,No,34.31,51,1884.92,Basic,2,No,3.77,Yes,Yes,5G,1,78,No,7
MRD-012268,No,65.49,89,7213.51,Plus,1,Yes,3.76,No,No,4G,2,391,No,8
MRD-012269,No,57.63,15,599.27,Plus,1,Yes,7.93,Yes,No,5G,2,981,No,10
MRD-012270,No,29.41,46,1065.52,Basic,2,Yes,8.63,Yes,No,5G,0,1103,No,8
MRD-012271,No,28.56,50,1688.98,Basic,1,Yes,2.93,Yes,No,5G,3,973,No,5
MRD-012272,No,37.97,83,6988.97,Basic,2,No,1.93,Yes,No,4G,1,766,No,2
MRD-012273,No,62.42,38,2704.04,Plus,1,No,5.22,No,No,5G,1,241,No,1
MRD-012274,No,58.84,90,3939.71,Plus,4,No,4.98,No,No,5G,3,939,Yes,1
MRD-012275,No,35.69,0,56.72,Basic,3,No,5.38,Yes,Yes,5G,2,1170,Yes,4
MRD-012276,No,53.42,90,5736.31,Plus,2,Yes,2.61,Yes,No,5G,1,684,No,10
MRD-012277,Yes,56.12,25,2237.16,Plus,2,No,0.91,No,No,5G,1,140,No,3
MRD-012278,No,63.4,63,1894.32,Plus,3,No,5.71,Yes,No,5G,2,28,Yes,6
MRD-012279,No,63.57,87,6948.72,Plus,4,No,1.94,Yes,No,4G,0,1468,Yes,2
MRD-012280,No,23.51,78,1041.96,Basic,1,Yes,1.37,No,No,4G,0,30,No,5
MRD-012281,No,72.36,42,5550.33,Plus,1,No,6.72,No,No,5G,2,1321,No,9
MRD-012282,No,59.79,53,3233.87,Plus,5,No,4.01,Yes,Yes,5G,2,976,Yes,8
MRD-012283,No,90.73,24,2789.48,Premium,1,Yes,3.79,No,Yes,5G,0,133,No,3
MRD-012284,No,33.83,10,208.8,Basic,1,No,0.38,No,Yes,5G,1,740,No,2
MRD-012285,No,35.77,22,1239.78,Basic,3,No,0.53,Yes,No,5G,0,955,Yes,4
MRD-012286,No,59.1,49,2773.68,Plus,1,No,2.72,No,No,5G,2,1003,No,10
MRD-012287,Yes,60.75,0,0.0,Plus,2,Yes,6.35,No,Yes,5G,3,1035,No,9
MRD-012288,No,34.16,29,749.6,Basic,2,No,1.01,No,Yes,5G,2,1364,No,6
MRD-012289,No,94.62,42,3499.8,Premium,4,No,6.59,No,No,5G,1,170,Yes,4
MRD-012290,Yes,71.97,20,896.71,Plus,3,No,4.27,Yes,No,5G,2,592,Yes,4
MRD-012291,Yes,67.57,16,1181.43,Plus,5,No,0.69,No,No,4G,2,1168,Yes,2
MRD-012292,No,35.25,50,3171.51,Basic,2,No,2.78,Yes,No,5G,4,1158,No,4
MRD-012293,No,96.49,41,3786.61,Premium,2,No,3.0,Yes,No,5G,2,884,No,2
MRD-012294,No,57.52,84,4754.94,Plus,3,No,2.08,No,Yes,5G,0,178,Yes,7
MRD-012295,No,35.67,89,4668.37,Basic,1,No,2.32,Yes,No,5G,1,158,No,3
MRD-012296,Yes,93.3,71,3804.43,Premium,1,Yes,2.63,Yes,Yes,5G,0,507,No,8
MRD-012297,No,53.41,82,5385.96,Plus,2,No,1.31,No,No,5G,3,1441,No,2
MRD-012298,No,42.0,8,352.76,Plus,2,Yes,4.9,Yes,No,4G,0,640,No,6
MRD-012299,No,78.35,8,1216.05,Premium,4,No,3.71,Yes,Yes,5G,0,630,Yes,5
MRD-012300,No,104.5,45,3004.05,Premium,1,No,0.5,No,No,4G,0,1307,No,8
MRD-012301,No,54.72,56,2591.11,Plus,2,No,4.53,Yes,Yes,5G,4,243,No,2
MRD-012302,No,57.08,67,5222.16,Plus,2,Yes,1.01,Yes,No,5G,3,1206,No,10
MRD-012303,No,87.38,88,7529.87,Premium,4,No,2.79,Yes,Yes,5G,1,1477,Yes,7
MRD-012304,No,90.62,28,1989.47,Premium,2,No,2.09,Yes,No,5G,1,1158,No,2
MRD-012305,No,109.52,85,6900.39,Premium,2,No,0.2,Yes,No,4G,0,1309,No,6
MRD-012306,No,92.25,67,5935.78,Premium,1,No,2.48,Yes,No,5G,3,32,No,10
MRD-012307,Yes,40.47,12,274.39,Basic,5,No,0.55,Yes,Yes,5G,1,686,Yes,1
MRD-012308,No,36.62,30,850.63,Basic,1,No,1.69,Yes,No,5G,1,542,No,8
MRD-012309,No,87.97,24,3793.17,Premium,1,No,1.24,Yes,No,5G,0,956,No,3
MRD-012310,Yes,65.34,15,805.25,Plus,2,No,2.79,No,Yes,4G,0,111,No,9
MRD-012311,No,58.57,51,1696.77,Plus,1,No,0.93,Yes,Yes,4G,1,691,No,2
MRD-012312,Yes,39.34,31,1102.49,Basic,1,No,7.34,Yes,No,4G,2,45,No,5
MRD-012313,No,38.25,44,3624.89,Basic,1,Yes,3.43,Yes,Yes,5G,3,418,No,6
MRD-012314,Yes,36.8,14,1045.5,Basic,2,No,1.47,No,No,4G,3,1168,No,8
MRD-012315,No,86.15,70,8128.44,Premium,2,Yes,6.17,Yes,No,5G,0,315,No,1
MRD-012316,No,41.22,13,543.53,Basic,2,No,5.88,Yes,No,5G,1,238,No,3
MRD-012317,Yes,38.3,9,629.79,Basic,3,No,3.47,Yes,Yes,5G,0,693,Yes,3
MRD-012318,No,57.82,9,416.12,Plus,1,No,3.33,Yes,No,4G,1,1383,No,3
MRD-012319,No,94.52,83,4457.76,Premium,1,No,0.41,Yes,Yes,5G,1,542,No,5
MRD-012320,No,64.46,7,234.29,Plus,5,No,0.49,Yes,No,4G,1,646,Yes,9
MRD-012321,Yes,91.4,14,1631.98,Premium,1,Yes,0.39,Yes,No,5G,1,1423,No,6
MRD-012322,No,53.79,55,2448.92,Plus,1,No,3.61,Yes,No,5G,2,1337,No,5
MRD-012323,Yes,38.15,3,118.35,Basic,1,No,3.79,No,Yes,4G,3,96,No,5
MRD-012324,No,55.56,35,2842.65,Plus,2,No,3.02,Yes,No,4G,0,199,No,10
MRD-012325,Yes,32.18,21,326.13,Basic,2,No,1.15,Yes,No,4G,2,593,No,8
MRD-012326,No,62.23,52,2366.4,Plus,1,No,3.06,Yes,Yes,4G,0,1446,No,3
MRD-012327,Yes,35.21,88,4733.29,Basic,1,Yes,1.52,No,Yes,5G,3,237,No,3
MRD-012328,No,63.23,49,3653.52,Plus,2,No,0.51,Yes,No,5G,1,1156,No,7
MRD-012329,Yes,82.74,95,10368.36,Premium,2,No,11.64,Yes,No,4G,1,1404,No,8
MRD-012330,No,58.23,69,7226.69,Plus,2,No,3.81,No,Yes,5G,1,189,No,8
MRD-012331,Yes,82.32,30,830.68,Premium,2,Yes,1.6,No,No,4G,5,819,No,2
MRD-012332,No,105.31,62,3769.63,Premium,4,No,1.74,No,No,5G,1,1002,Yes,10
MRD-012333,No,36.43,84,3660.87,Basic,3,No,0.14,Yes,Yes,4G,0,1174,Yes,9
MRD-012334,No,59.74,61,3220.59,Plus,3,Yes,2.28,Yes,No,4G,1,1314,Yes,6
MRD-012335,No,42.02,18,1002.09,Basic,2,No,0.34,Yes,Yes,5G,0,807,No,9
MRD-012336,No,26.56,68,1600.28,Basic,2,No,1.75,Yes,No,5G,0,242,No,6
MRD-012337,No,53.78,8,756.71,Plus,3,No,3.17,No,No,5G,1,279,Yes,4
MRD-012338,Yes,62.09,71,3029.55,Plus,3,Yes,1.96,Yes,No,4G,0,437,Yes,2
MRD-012339,No,63.13,26,2816.61,Plus,1,Yes,5.46,Yes,No,5G,3,110,No,7
MRD-012340,No,68.27,63,3321.29,Plus,4,No,2.33,Yes,No,4G,2,1402,Yes,8
MRD-012341,No,90.95,83,4853.78,Premium,4,No,6.39,Yes,Yes,4G,1,306,Yes,8
MRD-012342,No,43.76,85,5418.03,Basic,1,No,3.16,No,Yes,5G,2,955,No,9
MRD-012343,Yes,39.72,22,1539.95,Basic,2,Yes,3.75,Yes,No,4G,1,823,No,5
MRD-012344,Yes,31.1,19,666.33,Basic,2,No,1.19,No,No,4G,3,261,No,5
MRD-012345,No,85.77,26,1238.45,Premium,1,Yes,1.87,Yes,Yes,4G,0,218,No,8
MRD-012346,No,107.94,72,7147.28,Premium,4,Yes,1.08,Yes,No,4G,0,352,Yes,8
MRD-012347,Yes,33.58,20,304.4,Basic,2,No,3.49,No,No,4G,2,381,No,7
MRD-012348,No,38.71,7,299.24,Basic,1,No,0.13,No,No,4G,1,1081,No,9
MRD-012349,Yes,29.31,61,1444.18,Basic,2,No,2.34,Yes,No,4G,2,1237,No,6
MRD-012350,No,32.66,88,5493.67,Basic,3,Yes,1.23,Yes,No,5G,1,1171,Yes,10
MRD-012351,No,57.68,12,1193.21,Plus,1,Yes,1.97,No,Yes,4G,0,258,No,4
MRD-012352,No,64.72,58,964.82,Plus,1,No,0.34,No,No,4G,1,1182,No,8
MRD-012353,Yes,30.88,69,1403.22,Basic,1,No,3.94,Yes,No,4G,2,1019,No,5
MRD-012354,No,104.95,77,6144.08,Premium,1,No,1.71,No,No,5G,1,1275,No,8
MRD-012355,No,34.72,53,2175.68,Basic,4,No,1.97,No,Yes,5G,3,39,Yes,10
MRD-012356,No,55.38,61,3740.72,Plus,1,No,1.32,Yes,Yes,5G,0,35,No,2
MRD-012357,No,61.0,23,1822.19,Plus,2,No,0.47,No,No,5G,1,874,No,10
MRD-012358,No,62.78,5,635.41,Plus,3,No,2.61,Yes,Yes,5G,2,1077,Yes,9
MRD-012359,No,45.34,68,2363.35,Plus,3,No,0.48,Yes,No,4G,1,214,Yes,4
MRD-012360,Yes,63.02,13,709.78,Plus,1,No,3.02,Yes,No,4G,1,125,No,2
MRD-012361,Yes,23.55,38,915.95,Basic,2,No,2.21,No,Yes,4G,1,1428,No,7
MRD-012362,No,35.13,74,2751.34,Basic,1,Yes,0.6,Yes,Yes,5G,2,1363,No,9
MRD-012363,No,69.49,85,5748.0,Plus,3,No,1.47,No,No,5G,0,430,Yes,6
MRD-012364,Yes,63.44,36,3350.32,Plus,1,No,0.98,No,Yes,5G,0,710,No,8
MRD-012365,No,71.88,31,3157.08,Plus,2,No,2.02,Yes,No,4G,1,263,No,7
MRD-012366,No,35.81,77,4495.2,Basic,1,No,2.97,Yes,No,5G,0,1460,No,8
MRD-012367,No,86.08,40,4314.08,Premium,2,No,0.5,Yes,No,5G,0,1383,No,6
MRD-012368,No,34.1,29,1949.85,Basic,2,No,1.31,No,Yes,5G,0,1418,No,10
MRD-012369,No,113.3,68,4448.9,Premium,2,No,4.8,No,Yes,5G,1,762,No,10
MRD-012370,No,49.83,72,4705.04,Plus,1,No,2.64,No,No,4G,1,272,No,6
MRD-012371,Yes,30.16,4,353.84,Basic,1,No,4.22,Yes,Yes,5G,2,390,No,5
MRD-012372,No,31.94,26,244.5,Basic,1,No,0.68,Yes,No,5G,1,801,No,9
MRD-012373,No,34.54,57,2411.63,Basic,4,Yes,4.33,No,Yes,5G,0,1190,Yes,3
MRD-012374,No,65.68,15,805.22,Plus,2,Yes,5.19,No,No,5G,1,440,No,4
MRD-012375,No,55.92,96,10325.46,Plus,1,No,0.93,Yes,No,5G,3,884,No,9
MRD-012376,No,78.71,60,3062.03,Premium,2,Yes,3.46,Yes,No,5G,0,1264,No,10
MRD-012377,No,30.94,65,3312.9,Basic,1,No,0.95,Yes,No,5G,1,17,No,4
MRD-012378,No,47.57,19,928.93,Plus,4,Yes,2.04,Yes,No,5G,0,793,Yes,2
MRD-012379,No,32.35,22,874.4,Basic,3,Yes,3.13,Yes,Yes,5G,1,644,Yes,7
MRD-012380,No,59.19,79,2089.28,Plus,2,No,0.97,Yes,No,4G,1,881,No,5
MRD-012381,No,62.36,59,5231.71,Plus,2,No,5.16,Yes,No,5G,0,1081,No,10
MRD-012382,No,59.74,59,2812.09,Plus,3,Yes,3.17,No,No,5G,0,737,Yes,6
MRD-012383,No,73.16,25,2093.94,Plus,1,No,1.39,Yes,No,4G,1,1205,No,6
MRD-012384,Yes,32.59,20,860.36,Basic,4,No,1.23,No,No,4G,1,589,Yes,1
MRD-012385,Yes,37.37,3,35.5,Basic,1,No,3.49,No,No,4G,1,1381,No,10
MRD-012386,Yes,35.37,18,622.9,Basic,3,No,0.91,Yes,No,4G,1,171,Yes,8
MRD-012387,No,57.71,27,1750.29,Plus,2,No,4.68,Yes,No,5G,3,1284,No,8
MRD-012388,No,101.14,5,566.15,Premium,4,No,0.74,No,No,5G,4,1326,Yes,3
MRD-012389,No,61.36,93,11710.83,Plus,1,No,5.74,Yes,Yes,5G,0,1488,No,2
MRD-012390,Yes,27.42,69,3940.7,Basic,1,No,2.37,Yes,No,5G,2,651,No,1
MRD-012391,Yes,26.03,12,695.6,Basic,2,No,1.54,Yes,Yes,4G,0,659,No,7
MRD-012392,No,37.38,86,7184.89,Basic,3,No,7.6,Yes,No,4G,2,1303,Yes,5
MRD-012393,No,90.71,26,2661.97,Premium,3,No,0.06,Yes,Yes,5G,2,697,Yes,1
MRD-012394,No,66.46,40,3472.46,Plus,3,No,3.28,Yes,No,5G,2,687,Yes,8
MRD-012395,No,84.37,12,909.77,Premium,1,Yes,2.74,No,No,4G,2,504,No,2
MRD-012396,No,34.01,36,2229.87,Basic,1,No,3.51,No,No,5G,1,47,No,10
MRD-012397,No,92.12,92,4931.49,Premium,1,No,6.68,No,No,5G,1,625,No,3
MRD-012398,Yes,58.46,74,9203.23,Plus,1,Yes,1.46,No,Yes,5G,3,1254,No,2
MRD-012399,No,98.89,44,1439.75,Premium,2,No,0.98,No,No,5G,0,797,No,6
MRD-012400,No,57.83,35,1103.69,Plus,1,Yes,0.16,Yes,Yes,4G,1,1305,No,9
MRD-012401,Yes,29.06,29,983.95,Basic,4,No,1.24,Yes,No,5G,2,1313,Yes,1
MRD-012402,No,37.48,60,1532.76,Basic,2,No,0.79,No,No,5G,0,653,No,4
MRD-012403,No,29.48,53,2279.95,Basic,1,No,4.75,No,Yes,5G,0,223,No,3
MRD-012404,No,84.26,66,3794.46,Premium,1,No,6.12,Yes,Yes,4G,2,1328,No,3
MRD-012405,No,92.0,68,8457.55,Premium,3,No,2.89,Yes,No,5G,4,391,Yes,9
MRD-012406,No,108.95,61,3877.53,Premium,2,No,5.17,No,Yes,5G,2,149,No,9
MRD-012407,Yes,42.5,26,666.02,Plus,1,No,5.27,Yes,Yes,5G,0,630,No,9
MRD-012408,No,76.8,4,257.91,Plus,4,No,0.24,No,No,5G,2,1265,Yes,6
MRD-012409,No,59.19,50,1600.39,Plus,2,No,1.45,No,No,5G,0,727,No,5
MRD-012410,No,60.25,15,625.01,Plus,2,No,0.84,Yes,Yes,5G,2,124,No,6
MRD-012411,No,83.12,0,17.38,Premium,1,No,7.17,Yes,Yes,5G,3,266,No,7
MRD-012412,No,69.03,12,988.62,Plus,1,No,3.89,No,Yes,4G,3,502,No,2
MRD-012413,No,55.11,86,4620.03,Plus,3,No,13.27,Yes,No,5G,5,1155,Yes,4
MRD-012414,No,72.28,78,7262.83,Plus,4,No,0.77,Yes,Yes,5G,2,98,Yes,3
MRD-012415,No,97.48,32,6746.55,Premium,4,Yes,2.92,Yes,No,5G,1,476,Yes,8
MRD-012416,No,67.31,8,801.99,Plus,1,No,4.68,No,No,5G,4,968,No,4
MRD-012417,Yes,32.51,20,677.57,Basic,4,No,4.16,No,Yes,5G,3,679,Yes,7
MRD-012418,Yes,36.86,12,491.94,Basic,2,Yes,7.18,Yes,Yes,4G,2,24,No,3
MRD-012419,No,41.07,45,2121.76,Basic,4,Yes,1.35,Yes,No,4G,1,124,Yes,1
MRD-012420,No,28.08,12,387.68,Basic,3,No,6.85,Yes,No,5G,2,90,Yes,3
MRD-012421,No,66.96,57,3886.59,Plus,3,No,1.71,No,No,5G,2,1237,Yes,9
MRD-012422,Yes,31.88,50,1612.96,Basic,1,No,7.96,No,No,4G,4,139,No,9
MRD-012423,No,56.8,96,6233.75,Plus,4,No,1.02,Yes,Yes,5G,2,880,Yes,5
MRD-012424,Yes,33.91,3,0.0,Basic,2,No,2.78,Yes,No,5G,3,687,No,2
MRD-012425,No,35.78,49,2415.85,Basic,2,No,1.66,Yes,Yes,5G,2,379,No,2
MRD-012426,Yes,28.86,15,932.35,Basic,2,No,0.42,Yes,Yes,5G,1,26,No,4
MRD-012427,No,32.64,85,1402.72,Basic,3,No,2.76,Yes,Yes,4G,1,863,Yes,10
MRD-012428,No,56.25,20,631.89,Plus,3,No,0.59,Yes,No,5G,1,416,Yes,4
MRD-012429,Yes,33.18,64,2606.44,Basic,2,No,0.81,No,Yes,5G,1,446,No,1
MRD-012430,No,76.0,55,4833.13,Premium,1,No,4.86,Yes,No,5G,0,797,No,2
MRD-012431,Yes,105.93,18,1187.88,Premium,1,Yes,1.13,No,Yes,5G,2,930,No,3
MRD-012432,Yes,42.64,10,414.3,Basic,1,No,2.49,Yes,Yes,5G,1,1040,No,9
MRD-012433,No,61.2,86,2433.02,Plus,1,Yes,1.45,Yes,No,5G,1,1199,No,8
MRD-012434,No,78.85,59,2512.69,Premium,3,No,2.45,Yes,No,5G,2,60,Yes,3
MRD-012435,No,46.79,60,5290.09,Plus,2,No,8.97,Yes,Yes,5G,1,60,No,3
MRD-012436,No,35.56,28,1217.02,Basic,5,No,0.34,Yes,Yes,5G,1,1447,Yes,1
MRD-012437,Yes,59.76,47,2539.17,Plus,1,No,0.95,Yes,Yes,4G,3,493,No,9
MRD-012438,Yes,62.52,13,1082.03,Plus,4,No,2.59,Yes,Yes,5G,1,308,Yes,2
MRD-012439,No,93.43,39,7071.74,Premium,3,No,1.13,No,No,4G,3,840,Yes,7
MRD-012440,No,64.4,62,5258.16,Plus,4,No,1.07,Yes,Yes,4G,3,890,Yes,8
MRD-012441,No,82.93,35,4120.52,Premium,1,No,1.52,No,Yes,4G,1,247,No,2
MRD-012442,No,74.76,13,1079.68,Premium,5,No,4.44,Yes,Yes,5G,3,710,Yes,7
MRD-012443,No,59.35,39,1564.43,Plus,2,No,3.13,Yes,Yes,5G,0,1302,No,7
MRD-012444,No,115.16,79,11591.09,Premium,2,No,0.21,Yes,Yes,5G,1,30,No,4
MRD-012445,No,58.03,77,4173.09,Plus,1,No,2.12,Yes,No,4G,4,186,No,7
MRD-012446,No,92.67,79,6756.48,Premium,5,No,1.27,Yes,Yes,4G,0,597,Yes,7
MRD-012447,No,49.19,71,2491.69,Plus,4,No,3.03,No,No,4G,3,420,Yes,4
MRD-012448,No,37.28,21,460.94,Basic,1,No,14.18,Yes,Yes,5G,2,738,No,4
MRD-012449,No,56.06,21,1380.93,Plus,2,No,0.73,Yes,No,5G,1,300,No,6
MRD-012450,No,74.2,54,8099.35,Premium,1,No,1.85,Yes,No,5G,0,308,No,6
MRD-012451,No,98.57,3,184.59,Premium,4,No,5.06,Yes,No,5G,2,543,Yes,1
MRD-012452,Yes,51.59,58,3607.22,Plus,2,No,8.81,No,No,4G,3,987,No,3
MRD-012453,Yes,29.07,79,1831.75,Basic,5,No,5.69,No,No,4G,0,689,Yes,1
MRD-012454,No,94.64,51,3714.22,Premium,2,No,1.55,Yes,No,5G,3,566,No,8
MRD-012455,No,35.7,50,1624.33,Basic,1,No,2.81,Yes,Yes,4G,1,583,No,6
MRD-012456,No,56.4,11,787.05,Plus,1,Yes,1.51,Yes,Yes,4G,3,1181,No,4
MRD-012457,No,96.3,73,6515.81,Premium,1,Yes,4.07,No,No,4G,1,830,No,1
MRD-012458,No,103.06,89,5504.35,Premium,3,No,0.78,No,No,4G,1,790,Yes,9
MRD-012459,Yes,46.41,0,107.61,Plus,3,No,1.23,No,Yes,5G,1,579,Yes,6
MRD-012460,Yes,34.86,17,393.38,Basic,2,No,0.94,Yes,Yes,5G,3,988,No,9
MRD-012461,No,49.01,71,3056.83,Basic,3,No,6.26,Yes,No,4G,1,598,Yes,8
MRD-012462,Yes,29.0,53,1246.33,Basic,1,Yes,8.07,Yes,No,5G,0,769,No,2
MRD-012463,No,35.55,46,1278.54,Basic,5,Yes,2.32,Yes,No,4G,4,1236,Yes,1
MRD-012464,No,101.5,29,3399.02,Premium,1,No,1.7,Yes,Yes,5G,1,1368,No,8
MRD-012465,No,95.23,38,5395.88,Premium,5,No,5.97,Yes,No,4G,2,1084,Yes,6
MRD-012466,Yes,29.72,42,1217.46,Basic,1,No,2.77,Yes,No,4G,1,679,No,4
MRD-012467,Yes,35.89,72,4398.92,Basic,1,No,5.57,Yes,No,4G,2,150,No,9
MRD-012468,No,44.99,52,1987.98,Basic,1,No,10.5,Yes,Yes,5G,0,1015,No,7
MRD-012469,Yes,40.05,42,1976.16,Basic,1,No,4.25,Yes,No,4G,1,1356,No,10
MRD-012470,Yes,29.3,42,1770.11,Basic,2,No,4.03,Yes,No,4G,2,845,No,1
MRD-012471,Yes,51.68,45,4982.79,Plus,3,No,0.81,No,Yes,5G,4,1442,Yes,10
MRD-012472,Yes,39.91,93,4919.99,Basic,2,No,4.36,No,Yes,5G,2,545,No,2
MRD-012473,Yes,33.3,32,1263.95,Basic,1,No,0.49,No,No,5G,3,982,No,10
MRD-012474,No,63.42,79,6620.66,Plus,1,No,0.22,Yes,No,5G,3,1041,No,9
MRD-012475,Yes,35.87,3,21.87,Basic,1,Yes,8.45,Yes,No,5G,2,208,No,9
MRD-012476,Yes,67.22,79,7756.65,Plus,3,No,2.2,Yes,Yes,4G,0,1419,Yes,9
MRD-012477,No,32.26,36,2044.51,Basic,2,No,2.36,Yes,Yes,4G,1,1423,No,9
MRD-012478,Yes,31.92,81,1761.07,Basic,2,No,2.14,No,No,4G,2,161,No,10
MRD-012479,No,62.92,55,4082.69,Plus,2,No,0.06,Yes,No,4G,2,1325,No,8
MRD-012480,Yes,65.86,30,3259.41,Plus,3,No,9.01,Yes,No,5G,2,929,Yes,5
MRD-012481,No,30.16,9,540.44,Basic,4,No,5.12,Yes,No,5G,1,559,Yes,2
MRD-012482,No,106.23,89,10398.57,Premium,1,No,4.29,Yes,No,5G,1,848,No,7
MRD-012483,No,103.46,85,10655.54,Premium,1,No,2.84,No,No,5G,4,187,No,10
MRD-012484,Yes,58.93,21,658.22,Plus,2,No,0.34,Yes,No,5G,2,554,No,5
MRD-012485,No,59.36,21,973.56,Plus,4,No,2.76,No,Yes,5G,2,1187,Yes,4
MRD-012486,Yes,37.29,4,156.47,Basic,3,No,15.6,Yes,No,5G,0,348,Yes,8
MRD-012487,Yes,61.42,70,4675.56,Plus,1,Yes,7.9,Yes,No,5G,1,1022,No,9
MRD-012488,Yes,57.56,4,291.68,Plus,2,Yes,1.84,No,No,5G,0,575,No,2
MRD-012489,No,65.9,16,1105.67,Plus,2,No,2.45,Yes,Yes,5G,0,350,No,7
MRD-012490,No,35.74,3,197.42,Basic,2,No,7.45,Yes,No,5G,1,1476,No,4
MRD-012491,Yes,38.77,14,831.93,Basic,1,No,8.88,Yes,No,5G,2,1043,No,1
MRD-012492,No,103.93,15,2062.42,Premium,4,No,2.07,Yes,Yes,5G,1,356,Yes,10
MRD-012493,No,40.52,42,1346.17,Basic,2,No,0.75,Yes,No,5G,0,921,No,6
MRD-012494,No,63.03,42,1814.34,Plus,1,No,10.78,Yes,Yes,5G,0,1421,No,9
MRD-012495,No,90.68,41,2824.35,Premium,3,No,4.92,Yes,Yes,5G,2,770,Yes,3
MRD-012496,No,86.95,33,2635.17,Premium,1,No,7.6,No,Yes,5G,1,9,No,10
MRD-012497,No,31.29,6,22.38,Basic,2,No,1.22,Yes,No,4G,2,737,No,4
MRD-012498,No,79.27,88,6952.69,Premium,4,No,1.35,No,No,5G,0,688,Yes,8
MRD-012499,No,32.1,74,3211.79,Basic,2,No,3.3,No,No,5G,0,318,No,1
MRD-012500,No,68.2,5,438.28,Premium,1,No,0.87,Yes,Yes,4G,2,764,No,9
MRD-012501,Yes,64.92,39,3842.47,Plus,1,No,5.39,No,Yes,5G,2,227,No,4
MRD-012502,No,42.0,78,2444.19,Plus,2,No,5.98,Yes,Yes,5G,1,1319,No,2
MRD-012503,No,69.58,90,19303.78,Plus,2,No,2.2,Yes,No,5G,1,693,No,9
MRD-012504,No,85.69,87,17046.71,Premium,1,No,5.69,No,No,5G,1,329,No,2
MRD-012505,Yes,25.65,44,943.72,Basic,1,No,2.99,No,Yes,5G,4,600,No,7
MRD-012506,Yes,43.26,38,1035.54,Basic,2,Yes,1.67,No,Yes,5G,2,333,No,3
MRD-012507,Yes,57.17,2,96.24,Plus,2,Yes,0.18,Yes,No,5G,1,557,No,8
MRD-012508,Yes,34.03,56,1195.45,Basic,1,No,2.9,Yes,Yes,4G,3,1155,No,8
MRD-012509,No,36.87,54,1427.14,Basic,1,No,3.9,Yes,No,5G,2,1333,No,4
MRD-012510,No,94.68,64,4996.72,Premium,4,No,4.42,No,Yes,4G,0,1320,Yes,1
MRD-012511,No,51.97,13,369.9,Plus,2,Yes,5.1,Yes,No,4G,1,165,No,9
MRD-012512,No,24.75,13,642.3,Basic,3,No,0.38,Yes,No,4G,1,1275,Yes,4
MRD-012513,No,54.37,30,1054.57,Plus,1,No,1.99,Yes,No,5G,1,1426,No,1
MRD-012514,No,68.6,94,5621.66,Plus,2,Yes,4.35,No,Yes,4G,2,1250,No,3
MRD-012515,No,71.51,86,10964.32,Plus,3,No,1.11,No,Yes,4G,1,1184,Yes,5
MRD-012516,No,28.28,20,1042.55,Basic,1,No,1.2,Yes,Yes,5G,1,893,No,8
MRD-012517,No,115.22,21,1893.81,Premium,1,No,12.94,No,No,5G,0,451,No,2
MRD-012518,No,63.47,73,4256.82,Plus,1,No,4.68,Yes,No,5G,1,1478,No,8
MRD-012519,No,27.28,73,2292.56,Basic,1,No,5.79,Yes,No,5G,3,1090,No,4
MRD-012520,No,49.36,58,3794.5,Plus,2,Yes,3.95,No,No,5G,0,764,No,5
MRD-012521,No,74.58,31,1046.73,Premium,1,No,0.06,Yes,No,4G,2,148,No,7
MRD-012522,No,31.06,41,1425.81,Basic,4,No,1.17,Yes,Yes,4G,2,591,Yes,7
MRD-012523,No,68.49,75,7287.6,Plus,5,Yes,4.69,No,No,5G,3,666,Yes,8
MRD-012524,No,63.21,29,2909.89,Plus,1,No,3.16,Yes,Yes,5G,3,267,No,9
MRD-012525,No,62.63,3,355.95,Plus,5,No,4.92,No,No,4G,0,1214,Yes,9
MRD-012526,No,95.28,13,1125.44,Premium,1,No,4.23,Yes,Yes,5G,1,1094,No,10
MRD-012527,No,67.99,29,1287.92,Plus,1,Yes,0.8,Yes,No,5G,1,60,No,4
MRD-012528,No,93.91,72,5646.78,Premium,5,Yes,0.67,Yes,No,5G,2,1298,Yes,3
MRD-012529,Yes,40.84,47,3612.99,Basic,2,No,8.19,Yes,Yes,5G,4,902,No,1
MRD-012530,No,37.67,53,2829.27,Basic,4,Yes,5.4,Yes,Yes,5G,0,1026,Yes,4
MRD-012531,No,24.17,71,1987.71,Basic,2,No,2.63,No,No,4G,3,1164,No,7
MRD-012532,No,31.61,57,1964.91,Basic,1,No,3.78,Yes,No,5G,3,497,No,4
MRD-012533,Yes,36.88,20,631.51,Basic,1,No,2.52,No,Yes,4G,2,867,No,8
MRD-012534,No,28.14,43,1959.87,Basic,1,No,0.54,Yes,No,5G,1,147,No,3
MRD-012535,Yes,74.54,85,6041.72,Plus,1,No,0.89,No,No,4G,0,948,No,3
MRD-012536,Yes,41.88,4,69.28,Basic,1,No,3.74,No,No,4G,2,1250,No,2
MRD-012537,Yes,51.54,88,3444.99,Plus,2,No,2.53,Yes,No,5G,2,914,No,5
MRD-012538,No,85.29,59,3046.56,Premium,1,No,2.06,Yes,No,5G,1,805,No,7
MRD-012539,No,34.2,89,1823.01,Basic,3,No,1.5,Yes,No,5G,1,337,Yes,6
MRD-012540,No,84.66,58,4446.61,Premium,1,No,1.39,Yes,No,5G,3,1398,No,1
MRD-012541,Yes,35.68,86,1848.49,Basic,1,No,2.24,No,Yes,5G,1,598,No,4
MRD-012542,No,50.46,94,3579.26,Plus,3,No,7.74,Yes,No,5G,3,1486,Yes,6
MRD-012543,Yes,38.07,54,1781.08,Basic,1,No,17.08,No,No,5G,1,1423,No,10
MRD-012544,Yes,40.47,51,2095.98,Basic,1,No,12.28,Yes,No,5G,0,1331,No,5
MRD-012545,No,80.52,47,6349.93,Premium,1,No,3.3,Yes,Yes,4G,4,526,No,2
MRD-012546,No,100.75,81,9805.03,Premium,1,No,1.32,Yes,No,5G,2,803,No,1
MRD-012547,No,56.58,52,3408.17,Plus,2,No,1.46,Yes,Yes,5G,0,453,No,2
MRD-012548,Yes,34.67,75,1201.11,Basic,5,No,3.03,No,No,5G,1,607,Yes,2
MRD-012549,No,58.42,96,5068.11,Plus,4,No,1.62,No,Yes,5G,1,1160,Yes,4
MRD-012550,Yes,55.73,6,155.49,Plus,2,No,1.18,No,No,5G,1,107,No,5
MRD-012551,No,57.14,6,516.21,Plus,1,Yes,0.74,Yes,Yes,5G,0,1180,No,5
MRD-012552,No,32.64,54,2610.86,Basic,2,No,3.38,No,No,5G,1,1492,No,3
MRD-012553,Yes,30.74,7,829.29,Basic,2,No,1.64,Yes,Yes,4G,0,639,No,2
MRD-012554,No,52.1,47,3573.54,Plus,4,No,4.34,Yes,No,4G,0,1400,Yes,8
MRD-012555,No,76.03,13,854.81,Premium,2,No,3.44,No,No,4G,1,1022,No,10
MRD-012556,No,60.33,58,4310.84,Plus,1,No,0.23,Yes,Yes,4G,0,1087,No,4
MRD-012557,No,88.05,37,3329.54,Premium,4,No,4.61,No,No,4G,3,1232,Yes,3
MRD-012558,No,85.75,66,5053.35,Premium,1,Yes,1.79,Yes,No,5G,1,1293,No,2
MRD-012559,No,44.81,9,1104.74,Plus,2,Yes,2.0,Yes,Yes,5G,2,464,No,4
MRD-012560,No,61.58,21,1161.86,Plus,2,No,2.53,Yes,Yes,5G,2,274,No,9
MRD-012561,No,89.34,77,6057.16,Premium,1,No,2.81,No,No,4G,3,490,No,3
MRD-012562,No,63.45,22,1621.91,Plus,1,No,0.2,Yes,Yes,5G,0,278,No,8
MRD-012563,No,100.28,16,1998.41,Premium,1,No,3.66,Yes,No,4G,1,1219,No,9
MRD-012564,No,68.2,41,3104.49,Plus,1,No,0.34,Yes,No,5G,5,1091,No,9
MRD-012565,No,31.7,8,398.54,Basic,2,No,0.25,Yes,Yes,5G,1,33,No,2
MRD-012566,No,36.47,45,1053.31,Basic,4,No,1.21,No,No,5G,0,398,Yes,8
MRD-012567,No,101.66,87,16387.05,Premium,4,Yes,3.98,Yes,No,5G,3,1261,Yes,4
MRD-012568,Yes,28.43,29,1023.8,Basic,2,No,0.75,No,No,5G,2,82,No,3
MRD-012569,No,34.81,35,2850.36,Basic,1,No,2.82,Yes,No,4G,0,481,No,10
MRD-012570,No,61.23,17,1379.81,Plus,4,No,2.84,Yes,Yes,4G,4,270,Yes,7
MRD-012571,No,94.6,91,8492.9,Premium,4,No,3.38,Yes,No,4G,2,671,Yes,4
MRD-012572,No,107.05,33,3045.19,Premium,1,No,8.15,No,Yes,5G,4,1356,No,8
MRD-012573,No,63.11,43,2603.55,Plus,2,No,2.8,Yes,No,5G,3,938,No,4
MRD-012574,No,35.4,61,1652.73,Basic,2,No,2.19,No,Yes,4G,1,175,No,10
MRD-012575,Yes,44.1,15,445.16,Basic,3,Yes,5.98,Yes,No,4G,2,609,Yes,10
MRD-012576,No,54.55,42,1841.03,Plus,1,No,6.34,No,Yes,4G,1,996,No,9
MRD-012577,No,86.17,92,8171.48,Premium,1,No,11.83,Yes,No,5G,0,456,No,8
MRD-012578,No,99.36,88,10023.83,Premium,2,No,1.65,Yes,Yes,5G,0,204,No,1
MRD-012579,No,63.8,64,4641.1,Plus,5,No,0.49,No,Yes,5G,2,1156,Yes,6
MRD-012580,No,53.18,33,2704.27,Plus,4,No,4.35,Yes,Yes,5G,1,1006,Yes,2
MRD-012581,No,52.17,48,3017.43,Plus,2,No,2.62,No,No,5G,1,555,No,3
MRD-012582,No,99.45,93,6107.07,Premium,1,No,4.59,Yes,No,5G,2,151,No,6
MRD-012583,Yes,67.4,27,2914.99,Plus,2,No,1.76,No,No,4G,3,820,No,5
MRD-012584,No,107.5,58,5030.71,Premium,5,No,1.11,Yes,No,5G,1,547,Yes,4
MRD-012585,No,94.19,57,5422.26,Premium,1,Yes,10.21,Yes,Yes,5G,1,613,No,8
MRD-012586,No,37.31,93,4356.97,Basic,3,No,5.98,Yes,Yes,5G,1,70,Yes,8
MRD-012587,No,52.82,24,2175.02,Plus,1,No,1.5,Yes,No,4G,1,548,No,1
MRD-012588,No,69.11,47,4495.14,Plus,1,No,2.62,No,No,5G,2,1465,No,8
MRD-012589,Yes,34.56,84,2459.48,Basic,1,No,4.41,Yes,No,5G,1,726,No,2
MRD-012590,No,52.38,35,1338.33,Plus,4,No,0.47,Yes,Yes,5G,1,767,Yes,4
MRD-012591,No,61.93,8,791.89,Plus,3,No,1.42,Yes,No,4G,2,268,Yes,9
MRD-012592,Yes,31.93,45,1348.98,Basic,2,Yes,2.3,No,Yes,5G,1,207,No,5
MRD-012593,Yes,36.03,88,1649.02,Basic,5,No,2.62,Yes,No,5G,3,1476,Yes,8
MRD-012594,No,75.98,32,1506.45,Premium,4,No,9.32,Yes,Yes,5G,4,1325,Yes,2
MRD-012595,Yes,36.55,4,265.04,Basic,1,No,1.38,No,No,5G,1,884,No,8
MRD-012596,No,52.93,76,6792.32,Plus,3,No,3.48,Yes,No,5G,0,774,Yes,9
MRD-012597,No,70.15,0,189.03,Plus,1,Yes,0.84,Yes,Yes,5G,2,233,No,2
MRD-012598,No,37.5,69,2684.64,Basic,2,Yes,2.12,No,No,5G,4,667,No,3
MRD-012599,No,73.55,80,5592.18,Premium,2,No,3.65,No,Yes,4G,0,190,No,4
MRD-012600,No,25.06,73,4076.74,Basic,5,No,3.38,Yes,No,4G,2,1448,Yes,5
MRD-012601,No,33.89,0,230.62,Basic,2,No,3.43,No,Yes,5G,2,802,No,4
MRD-012602,No,58.78,76,14239.01,Plus,2,No,4.35,Yes,No,4G,2,512,No,3
MRD-012603,No,28.48,78,1279.56,Basic,5,Yes,1.06,No,Yes,4G,1,579,Yes,3
MRD-012604,No,56.78,15,643.65,Plus,1,Yes,1.24,No,No,4G,1,526,No,7
MRD-012605,No,68.23,96,13188.04,Plus,4,No,0.59,Yes,Yes,5G,1,997,Yes,2
MRD-012606,No,45.2,51,1794.54,Basic,4,No,2.18,Yes,Yes,4G,0,556,Yes,5
MRD-012607,No,56.76,50,1497.12,Plus,1,No,1.3,No,Yes,5G,3,1075,No,5
MRD-012608,No,58.54,3,342.83,Plus,4,No,1.81,Yes,Yes,5G,0,183,Yes,4
MRD-012609,No,35.45,11,261.11,Basic,2,No,2.62,Yes,Yes,5G,0,517,No,7
MRD-012610,No,44.61,57,1884.36,Plus,3,No,7.83,Yes,Yes,5G,0,1323,Yes,1
MRD-012611,Yes,51.09,80,6842.5,Plus,2,No,1.49,Yes,Yes,5G,3,419,No,10
MRD-012612,No,88.38,31,3022.24,Premium,2,No,2.77,Yes,Yes,5G,2,181,No,3
MRD-012613,Yes,29.9,75,1332.52,Basic,1,No,3.93,Yes,No,5G,3,289,No,4
MRD-012614,No,106.74,45,5779.47,Premium,1,Yes,0.85,Yes,Yes,5G,3,1365,No,3
MRD-012615,No,28.46,68,2528.57,Basic,1,No,0.25,Yes,Yes,5G,2,1483,No,7
MRD-012616,No,34.6,56,4027.63,Basic,1,No,2.46,Yes,No,5G,1,1095,No,7
MRD-012617,No,93.16,15,1714.91,Premium,1,No,11.7,No,Yes,5G,2,428,No,5
MRD-012618,No,111.29,20,3684.5,Premium,2,No,7.09,Yes,Yes,5G,2,812,No,2
MRD-012619,No,99.33,84,20314.91,Premium,1,No,5.21,No,Yes,4G,0,1006,No,8
MRD-012620,No,59.98,76,2848.94,Plus,3,Yes,0.83,No,Yes,5G,1,265,Yes,2
MRD-012621,No,61.7,61,4561.04,Plus,2,No,8.91,Yes,Yes,5G,3,351,No,5
MRD-012622,No,92.93,54,11250.71,Premium,3,No,7.14,Yes,Yes,5G,3,380,Yes,6
MRD-012623,No,35.99,13,343.84,Basic,1,No,1.92,Yes,Yes,4G,5,940,No,8
MRD-012624,Yes,60.83,72,12393.32,Plus,3,Yes,1.99,Yes,Yes,4G,1,1387,Yes,8
MRD-012625,No,32.76,36,1086.32,Basic,3,No,13.66,No,No,5G,0,825,Yes,7
MRD-012626,No,85.7,15,1240.98,Premium,1,No,2.76,Yes,Yes,5G,1,1072,No,3
MRD-012627,Yes,33.72,1,235.8,Basic,1,No,15.21,Yes,Yes,4G,2,337,No,6
MRD-012628,No,84.42,30,2883.76,Premium,4,No,3.92,Yes,No,4G,1,1026,Yes,2
MRD-012629,No,44.25,23,3081.82,Plus,3,No,1.59,No,No,5G,1,751,Yes,10
MRD-012630,Yes,31.97,65,3366.53,Basic,5,No,0.44,Yes,Yes,5G,1,607,Yes,4
MRD-012631,No,99.63,88,5352.78,Premium,2,No,2.28,No,Yes,4G,5,844,No,6
MRD-012632,Yes,61.97,65,4720.15,Plus,1,Yes,2.14,No,Yes,5G,1,386,No,3
MRD-012633,No,58.17,83,3449.41,Plus,2,No,2.76,Yes,No,5G,1,865,No,6
MRD-012634,No,52.97,45,3928.38,Plus,5,No,4.02,No,No,5G,2,366,Yes,5
MRD-012635,No,66.26,90,9408.26,Plus,4,No,2.19,Yes,No,5G,6,216,Yes,1
MRD-012636,No,43.87,23,759.18,Basic,2,No,4.62,No,Yes,4G,0,101,No,8
MRD-012637,Yes,35.51,3,185.37,Basic,5,No,8.26,Yes,Yes,4G,0,15,Yes,1
MRD-012638,No,26.6,22,842.53,Basic,3,No,2.65,Yes,No,4G,0,393,Yes,1
MRD-012639,No,83.04,3,151.46,Premium,1,No,3.09,Yes,No,5G,1,997,No,8
MRD-012640,No,73.81,24,2074.43,Plus,4,No,2.98,No,No,4G,2,497,Yes,1
MRD-012641,No,85.47,22,2767.45,Premium,3,No,3.08,Yes,Yes,5G,0,779,Yes,6
MRD-012642,No,26.76,68,2680.19,Basic,1,No,0.83,No,Yes,5G,1,185,No,5
MRD-012643,No,93.64,36,4688.0,Premium,2,No,0.97,Yes,Yes,5G,3,469,No,6
MRD-012644,Yes,32.65,2,174.79,Basic,4,No,3.04,No,No,4G,3,298,Yes,5
MRD-012645,No,68.22,42,2586.02,Plus,2,No,4.24,No,Yes,5G,2,18,No,8
MRD-012646,No,86.59,48,5810.15,Premium,3,No,0.14,Yes,No,4G,1,344,Yes,8
MRD-012647,No,58.8,10,932.51,Plus,1,No,12.92,Yes,Yes,4G,3,86,No,2
MRD-012648,No,60.79,3,300.84,Plus,2,No,5.1,Yes,No,5G,2,497,No,10
MRD-012649,Yes,35.03,88,2929.68,Basic,4,No,1.36,Yes,No,4G,2,824,Yes,1
MRD-012650,No,69.52,82,7260.18,Plus,1,Yes,9.58,Yes,Yes,5G,0,181,No,8
MRD-012651,No,88.43,0,0.0,Premium,3,No,4.64,Yes,No,4G,2,279,Yes,9
MRD-012652,No,41.28,53,3337.63,Basic,5,Yes,3.16,Yes,Yes,5G,1,1464,Yes,9
MRD-012653,No,35.66,51,1384.2,Basic,1,No,7.54,Yes,No,5G,2,1269,No,8
MRD-012654,No,29.79,48,1114.45,Basic,4,No,3.63,Yes,No,5G,1,1247,Yes,8
MRD-012655,No,59.34,64,2106.1,Plus,2,No,0.4,Yes,Yes,4G,2,84,No,9
MRD-012656,No,76.3,75,3810.19,Premium,1,No,3.46,No,Yes,5G,0,455,No,7
MRD-012657,No,56.37,83,6715.14,Plus,1,No,5.7,Yes,No,5G,2,108,No,7
MRD-012658,No,57.92,13,501.11,Plus,5,No,0.67,Yes,No,4G,2,884,Yes,4
MRD-012659,Yes,33.85,15,653.25,Basic,4,No,1.52,No,Yes,5G,2,1211,Yes,8
MRD-012660,No,64.06,90,9726.68,Plus,3,Yes,4.72,No,Yes,4G,0,1134,Yes,5
MRD-012661,No,42.18,35,1709.88,Basic,1,No,1.08,No,Yes,5G,0,887,No,10
MRD-012662,No,63.78,87,6490.89,Plus,1,No,3.05,No,Yes,4G,0,119,No,1
MRD-012663,No,34.51,88,3219.44,Basic,2,Yes,0.68,Yes,Yes,5G,0,534,No,6
MRD-012664,Yes,27.33,82,4314.93,Basic,1,Yes,2.64,Yes,Yes,5G,2,372,No,3
MRD-012665,No,39.06,42,1792.68,Basic,2,Yes,4.16,No,Yes,4G,1,126,No,8
MRD-012666,Yes,58.55,61,3631.17,Plus,1,No,2.79,Yes,Yes,4G,3,829,No,1
MRD-012667,No,95.44,83,5939.92,Premium,1,No,1.54,Yes,Yes,5G,0,1300,No,8
MRD-012668,No,95.31,50,7867.26,Premium,4,No,6.2,No,Yes,5G,1,1095,Yes,7
MRD-012669,No,62.17,83,5527.37,Plus,5,No,11.81,Yes,Yes,4G,2,846,Yes,10
MRD-012670,Yes,29.03,28,964.79,Basic,3,No,1.15,Yes,Yes,5G,3,1259,Yes,5
MRD-012671,No,50.21,14,664.23,Plus,1,Yes,2.4,No,Yes,5G,3,1168,No,3
MRD-012672,No,39.39,14,1003.9,Basic,3,No,1.38,Yes,No,4G,1,428,Yes,3
MRD-012673,No,39.08,49,3716.51,Basic,2,No,0.85,No,No,5G,1,414,No,3
MRD-012674,No,68.9,58,4901.43,Plus,2,Yes,19.45,Yes,Yes,5G,3,898,No,10
MRD-012675,No,87.79,7,1231.32,Premium,1,No,4.1,Yes,Yes,5G,1,1212,No,2
MRD-012676,No,60.98,63,5348.63,Plus,2,No,3.82,Yes,No,5G,1,1477,No,5
MRD-012677,Yes,39.01,39,2944.0,Basic,3,No,4.45,No,No,4G,1,1221,Yes,7
MRD-012678,No,65.38,12,802.0,Plus,2,No,6.24,No,No,5G,1,608,No,8
MRD-012679,No,26.16,72,1770.75,Basic,2,No,4.13,Yes,No,5G,2,846,No,2
MRD-012680,No,63.13,78,14441.73,Plus,1,No,1.38,No,Yes,4G,1,1176,No,7
MRD-012681,No,32.69,14,621.4,Basic,1,No,4.38,No,Yes,5G,2,566,No,3
MRD-012682,No,49.15,10,344.23,Plus,2,Yes,3.52,Yes,No,5G,3,935,No,7
MRD-012683,No,87.89,63,4259.65,Premium,5,No,4.84,No,No,5G,0,979,Yes,10
MRD-012684,No,97.51,4,420.33,Premium,3,No,4.42,Yes,No,5G,2,111,Yes,10
MRD-012685,No,98.13,54,6235.22,Premium,1,No,0.66,Yes,No,5G,1,854,No,2
MRD-012686,No,38.32,71,2638.39,Basic,5,No,0.46,No,No,5G,2,948,Yes,7
MRD-012687,Yes,39.89,31,2502.04,Basic,1,No,1.3,Yes,No,4G,0,349,No,3
MRD-012688,Yes,44.86,27,1792.45,Basic,1,Yes,1.58,No,No,5G,1,447,No,5
MRD-012689,No,88.21,36,2461.47,Premium,1,Yes,0.33,Yes,No,4G,1,1114,No,9
MRD-012690,Yes,34.52,58,3048.82,Basic,1,No,5.67,No,Yes,4G,2,1393,No,2
MRD-012691,No,62.98,34,2399.81,Plus,1,Yes,1.77,No,Yes,5G,4,543,No,4
MRD-012692,No,97.75,18,1731.08,Premium,2,Yes,4.84,Yes,No,4G,3,1046,No,10
MRD-012693,No,67.31,94,7550.48,Plus,3,Yes,5.56,No,Yes,5G,5,1054,Yes,4
MRD-012694,No,114.52,19,1815.83,Premium,3,Yes,1.38,No,Yes,5G,1,273,Yes,5
MRD-012695,No,93.03,62,4488.75,Premium,1,No,5.3,Yes,No,5G,2,750,No,10
MRD-012696,No,40.42,92,3792.13,Basic,4,No,4.43,No,Yes,5G,1,194,Yes,10
MRD-012697,No,99.77,50,6125.88,Premium,4,No,0.7,Yes,Yes,4G,1,1181,Yes,5
MRD-012698,Yes,35.89,47,1071.69,Basic,1,No,0.51,Yes,No,5G,1,361,No,1
MRD-012699,No,59.92,34,1044.96,Plus,1,No,7.31,No,No,5G,0,1420,No,4
MRD-012700,No,30.88,12,498.87,Basic,1,No,5.51,Yes,Yes,5G,0,268,No,8
MRD-012701,Yes,28.71,62,1515.13,Basic,3,Yes,0.68,No,No,5G,1,578,Yes,5
MRD-012702,No,29.34,26,667.96,Basic,1,No,5.77,Yes,Yes,5G,0,1005,No,3
MRD-012703,Yes,31.93,63,3060.34,Basic,1,No,1.83,No,Yes,4G,5,114,No,9
MRD-012704,Yes,28.48,2,77.71,Basic,5,No,4.48,Yes,No,5G,0,279,Yes,7
MRD-012705,Yes,35.43,6,610.06,Basic,1,No,1.5,Yes,No,5G,2,1321,No,3
MRD-012706,No,33.25,52,1894.19,Basic,1,No,1.47,Yes,No,5G,1,503,No,6
MRD-012707,No,34.53,60,1792.87,Basic,5,No,3.35,Yes,Yes,4G,2,398,Yes,1
MRD-012708,No,105.52,12,1341.69,Premium,1,No,8.8,Yes,Yes,5G,1,1197,No,8
MRD-012709,No,67.13,52,6073.33,Plus,2,No,4.98,Yes,No,5G,2,484,No,3
MRD-012710,No,72.49,3,455.84,Plus,4,Yes,8.98,No,No,4G,1,1437,Yes,6
MRD-012711,Yes,38.36,37,2325.17,Basic,2,No,6.66,No,Yes,4G,2,937,No,6
MRD-012712,No,104.32,8,917.36,Premium,3,No,2.27,No,No,5G,2,1492,Yes,9
MRD-012713,Yes,57.62,1,215.46,Plus,2,No,6.85,Yes,No,5G,3,372,No,5
MRD-012714,Yes,55.37,75,6093.28,Plus,2,No,4.92,Yes,No,4G,1,102,No,2
MRD-012715,No,85.78,17,1044.89,Premium,2,No,1.85,Yes,Yes,5G,1,1360,No,4
MRD-012716,No,85.38,85,5807.43,Premium,2,Yes,5.85,Yes,No,5G,4,676,No,7
MRD-012717,No,52.73,6,431.29,Plus,1,No,1.23,Yes,Yes,4G,2,900,No,7
MRD-012718,No,37.45,36,2435.63,Basic,1,No,6.01,Yes,Yes,4G,1,611,No,9
MRD-012719,Yes,33.37,53,1133.89,Basic,3,No,9.74,No,Yes,5G,1,1224,Yes,5
MRD-012720,No,91.31,38,4577.08,Premium,2,No,5.79,Yes,No,5G,2,1275,No,6
MRD-012721,Yes,55.39,51,3722.73,Plus,4,No,2.38,Yes,Yes,5G,1,942,Yes,4
MRD-012722,No,57.73,37,1377.21,Plus,3,Yes,0.48,Yes,Yes,5G,2,512,Yes,8
MRD-012723,Yes,46.14,89,6071.56,Plus,1,No,3.5,Yes,No,4G,3,1470,No,1
MRD-012724,No,107.2,36,2682.35,Premium,3,No,3.99,Yes,No,5G,1,422,Yes,1
MRD-012725,No,26.91,94,2550.34,Basic,1,No,5.24,No,Yes,4G,0,60,No,8
MRD-012726,No,101.98,64,4620.62,Premium,1,No,2.64,Yes,Yes,5G,3,1261,No,9
MRD-012727,No,31.11,54,3039.86,Basic,4,No,5.44,Yes,No,5G,1,213,Yes,4
MRD-012728,No,72.76,25,3437.25,Plus,3,No,1.02,Yes,No,5G,3,713,Yes,9
MRD-012729,No,65.21,66,6226.2,Plus,1,No,5.06,Yes,No,5G,0,95,No,4
MRD-012730,No,31.87,7,435.76,Basic,4,No,0.08,Yes,No,4G,3,371,Yes,5
MRD-012731,No,60.75,61,3367.1,Plus,3,Yes,0.84,Yes,No,5G,2,122,Yes,5
MRD-012732,No,33.01,82,3296.12,Basic,1,No,3.96,Yes,No,4G,5,849,No,10
MRD-012733,Yes,37.26,90,4592.15,Basic,4,No,6.1,No,Yes,4G,5,1439,Yes,6
MRD-012734,No,31.32,0,255.64,Basic,2,No,7.22,Yes,Yes,5G,0,429,No,2
MRD-012735,No,31.13,19,471.13,Basic,1,Yes,2.7,Yes,No,4G,2,14,No,9
MRD-012736,No,53.31,86,2517.64,Plus,2,No,2.72,Yes,Yes,4G,2,314,No,4
MRD-012737,Yes,26.28,67,1471.05,Basic,2,No,3.13,No,No,5G,2,342,No,7
MRD-012738,No,31.35,70,4177.32,Basic,5,Yes,4.51,No,Yes,5G,1,1053,Yes,9
MRD-012739,Yes,31.35,7,717.57,Basic,1,No,2.85,No,Yes,5G,1,23,No,5
MRD-012740,No,95.43,86,7713.63,Premium,3,No,4.77,No,No,5G,0,479,Yes,4
MRD-012741,No,114.98,14,2047.85,Premium,2,No,5.98,No,Yes,5G,2,223,No,10
MRD-012742,No,40.89,16,555.02,Basic,1,No,4.86,Yes,Yes,5G,0,908,No,10
MRD-012743,No,85.92,37,2608.29,Premium,1,Yes,0.26,Yes,No,5G,1,1441,No,10
MRD-012744,No,82.54,15,1750.45,Premium,2,No,0.96,No,Yes,5G,2,1416,No,9
MRD-012745,Yes,30.12,2,387.77,Basic,4,No,10.75,Yes,Yes,5G,3,974,Yes,9
MRD-012746,No,77.81,10,1147.17,Premium,1,Yes,4.09,Yes,Yes,4G,1,922,No,6
MRD-012747,Yes,45.45,43,1791.33,Basic,1,No,2.23,No,Yes,5G,0,308,No,7
MRD-012748,No,30.73,41,1527.62,Basic,1,No,4.58,Yes,Yes,5G,1,1254,No,2
MRD-012749,Yes,37.43,82,2177.23,Basic,3,No,1.88,Yes,Yes,5G,3,1372,Yes,4
MRD-012750,No,44.26,10,551.95,Plus,4,No,1.38,Yes,No,5G,1,188,Yes,6
MRD-012751,No,57.85,50,4398.01,Plus,1,No,4.26,No,Yes,4G,1,195,No,5
MRD-012752,Yes,32.86,47,1265.98,Basic,4,No,3.65,No,No,4G,0,185,Yes,5
MRD-012753,No,51.01,68,7465.16,Plus,2,No,12.23,No,No,5G,0,1494,No,7
MRD-012754,No,62.05,53,2528.83,Plus,5,No,1.99,Yes,Yes,4G,0,1374,Yes,1
MRD-012755,No,59.55,41,2271.27,Plus,2,No,1.12,No,No,5G,1,64,No,8
MRD-012756,No,28.27,78,1360.76,Basic,2,No,4.77,Yes,No,5G,1,645,No,9
MRD-012757,No,73.06,77,4854.88,Plus,1,No,4.76,Yes,No,5G,2,1241,No,9
MRD-012758,Yes,26.47,78,3587.25,Basic,2,No,5.86,No,Yes,5G,4,787,No,4
MRD-012759,No,57.47,77,3996.07,Plus,1,No,5.71,No,Yes,5G,0,1099,No,10
MRD-012760,Yes,32.43,44,1420.33,Basic,1,No,5.09,No,Yes,5G,4,1259,No,5
MRD-012761,No,104.41,18,1818.08,Premium,4,No,2.0,No,No,4G,1,1037,Yes,8
MRD-012762,No,34.22,95,3895.69,Basic,1,No,0.5,Yes,Yes,5G,5,515,No,5
MRD-012763,No,102.72,76,8446.76,Premium,1,No,2.22,No,No,5G,0,935,No,10
MRD-012764,No,29.16,81,2351.1,Basic,5,Yes,1.29,Yes,Yes,5G,0,486,Yes,3
MRD-012765,Yes,31.69,31,654.88,Basic,4,No,7.47,Yes,No,5G,1,854,Yes,10
MRD-012766,No,27.98,82,1647.67,Basic,1,No,8.64,Yes,No,4G,2,645,No,3
MRD-012767,No,92.89,91,11267.69,Premium,4,Yes,8.14,Yes,No,5G,3,642,Yes,3
MRD-012768,No,42.0,72,1912.88,Plus,2,No,5.69,Yes,No,4G,1,909,No,5
MRD-012769,No,55.69,44,3465.87,Plus,3,No,1.51,No,Yes,4G,1,690,Yes,9
MRD-012770,No,64.72,68,6000.36,Plus,2,No,2.28,Yes,Yes,4G,1,1218,No,8
MRD-012771,No,57.63,18,654.04,Plus,2,No,0.64,No,No,5G,1,410,No,9
MRD-012772,Yes,36.87,55,2726.66,Basic,1,No,0.97,Yes,No,5G,1,450,No,10
MRD-012773,Yes,38.63,84,2350.86,Basic,3,No,3.31,No,Yes,4G,3,107,Yes,5
MRD-012774,No,61.71,89,6206.74,Plus,1,No,1.22,No,Yes,5G,0,252,No,3
MRD-012775,No,84.91,19,2066.87,Premium,4,No,2.92,Yes,No,5G,1,225,Yes,8
MRD-012776,No,88.27,75,5040.59,Premium,1,No,5.82,Yes,No,5G,2,367,No,7
MRD-012777,No,68.3,51,4357.01,Plus,1,No,0.75,Yes,Yes,5G,0,37,No,3
MRD-012778,No,32.01,83,3696.76,Basic,4,No,3.01,Yes,Yes,4G,2,620,Yes,8
MRD-012779,No,61.45,10,746.57,Plus,2,No,2.16,Yes,No,4G,0,24,No,9
MRD-012780,No,56.91,67,2057.54,Plus,3,No,3.66,No,No,5G,1,761,Yes,9
MRD-012781,No,33.05,64,1896.97,Basic,2,No,6.11,Yes,No,4G,2,1013,No,3
MRD-012782,No,73.77,86,8774.7,Premium,4,No,3.89,No,Yes,5G,1,1015,Yes,7
MRD-012783,No,40.03,43,1807.16,Basic,2,No,8.32,Yes,No,4G,2,1136,No,5
MRD-012784,No,62.64,70,2956.63,Plus,4,Yes,1.25,Yes,No,5G,1,1485,Yes,2
MRD-012785,No,87.27,95,4378.09,Premium,1,No,3.7,No,Yes,5G,0,338,No,9
MRD-012786,No,73.55,48,3129.17,Premium,5,No,7.31,Yes,No,5G,0,673,Yes,9
MRD-012787,No,86.05,26,1062.38,Premium,1,No,1.25,Yes,No,4G,1,1076,No,9
MRD-012788,No,31.96,71,1873.06,Basic,4,Yes,0.79,Yes,No,5G,1,762,Yes,9
MRD-012789,No,50.98,48,2112.36,Plus,1,No,5.45,Yes,Yes,5G,1,828,No,10
MRD-012790,No,67.52,34,2890.21,Plus,2,No,1.85,No,Yes,5G,0,463,No,8
MRD-012791,No,70.42,60,4304.52,Plus,1,No,2.11,Yes,No,5G,0,583,No,5
MRD-012792,No,53.09,11,1088.4,Plus,5,No,0.47,No,Yes,4G,0,1448,Yes,1
MRD-012793,No,34.12,92,3515.07,Basic,2,No,9.38,No,No,4G,2,87,No,10
MRD-012794,No,81.44,7,676.98,Premium,2,No,4.78,No,Yes,4G,1,603,No,3
MRD-012795,No,28.88,80,1875.81,Basic,3,No,2.02,Yes,No,5G,0,584,Yes,6
MRD-012796,No,50.67,96,5078.4,Plus,1,No,4.84,Yes,Yes,5G,1,696,No,5
MRD-012797,No,110.79,70,8303.39,Premium,1,Yes,3.72,Yes,Yes,4G,0,991,No,3
MRD-012798,No,45.45,71,2109.18,Basic,1,No,1.34,Yes,Yes,5G,0,634,No,10
MRD-012799,No,32.12,13,626.08,Basic,3,No,3.6,Yes,No,5G,4,102,Yes,6
MRD-012800,Yes,70.95,69,3759.97,Plus,2,Yes,4.88,No,Yes,5G,1,1056,No,1
MRD-012801,No,86.29,41,2754.47,Premium,3,Yes,3.77,Yes,No,5G,2,45,Yes,9
MRD-012802,No,69.68,36,1261.45,Plus,1,No,0.87,Yes,No,5G,2,1131,No,5
MRD-012803,Yes,59.92,1,173.13,Plus,2,No,6.15,No,No,4G,2,350,No,4
MRD-012804,No,60.33,92,5832.42,Plus,2,No,10.45,Yes,No,4G,0,1409,No,9
MRD-012805,No,104.96,72,8668.78,Premium,1,No,3.19,No,Yes,4G,0,746,No,10
MRD-012806,Yes,25.56,2,59.36,Basic,5,Yes,6.16,Yes,Yes,5G,2,1180,Yes,4
MRD-012807,Yes,34.86,16,1441.3,Basic,1,No,1.46,Yes,Yes,4G,2,860,No,3
MRD-012808,Yes,108.46,51,4777.78,Premium,1,No,2.76,Yes,No,5G,2,681,No,1
MRD-012809,No,60.46,71,6444.43,Plus,1,No,3.25,Yes,No,5G,2,430,No,5
MRD-012810,No,58.22,76,2339.34,Plus,3,Yes,0.16,No,Yes,4G,1,1417,Yes,10
MRD-012811,No,58.22,10,709.29,Plus,1,No,2.04,Yes,Yes,5G,2,204,No,5
MRD-012812,No,96.41,31,2336.48,Premium,2,No,7.97,Yes,No,5G,0,513,No,4
MRD-012813,No,98.47,4,247.62,Premium,3,Yes,1.82,Yes,Yes,5G,0,200,Yes,6
MRD-012814,No,56.17,28,1957.9,Plus,2,No,4.29,Yes,No,4G,0,764,No,7
MRD-012815,Yes,34.48,24,743.38,Basic,4,No,3.16,No,No,5G,3,940,Yes,8
MRD-012816,No,55.68,46,7100.51,Plus,1,No,3.43,Yes,No,5G,1,696,No,10
MRD-012817,No,39.12,39,379.66,Basic,1,No,13.41,Yes,No,4G,2,271,No,1
MRD-012818,Yes,46.07,81,2495.64,Basic,3,No,4.12,Yes,No,4G,2,930,Yes,1
MRD-012819,No,102.47,13,445.91,Premium,1,Yes,9.71,Yes,No,4G,1,248,No,9
MRD-012820,No,49.81,50,1665.19,Plus,5,No,1.08,Yes,No,5G,0,233,Yes,1
MRD-012821,Yes,65.14,67,6922.33,Plus,2,No,1.94,No,No,5G,2,1299,No,5
MRD-012822,Yes,32.33,49,855.79,Basic,1,No,2.73,No,No,5G,1,559,No,4
MRD-012823,Yes,62.66,0,31.75,Plus,5,No,4.96,Yes,No,4G,1,1107,Yes,9
MRD-012824,Yes,28.71,91,2442.18,Basic,2,No,1.81,No,No,5G,2,33,No,3
MRD-012825,Yes,28.93,39,1131.65,Basic,1,No,0.62,No,No,4G,1,877,No,5
MRD-012826,Yes,57.38,68,4044.36,Plus,2,No,6.9,Yes,Yes,5G,2,1364,No,6
MRD-012827,No,41.27,95,2694.15,Basic,3,Yes,1.86,Yes,No,4G,3,539,Yes,6
MRD-012828,No,53.7,24,1490.25,Plus,2,Yes,1.54,No,No,5G,2,774,No,1
MRD-012829,Yes,63.54,58,7571.95,Plus,2,No,4.79,Yes,Yes,4G,2,443,No,10
MRD-012830,Yes,38.31,74,4811.49,Basic,1,No,1.97,Yes,Yes,5G,2,1056,No,2
MRD-012831,No,36.93,32,1994.9,Basic,1,No,1.47,No,Yes,4G,1,136,No,4
MRD-012832,Yes,29.41,20,773.04,Basic,4,No,3.99,No,No,5G,1,54,Yes,8
MRD-012833,No,65.0,15,876.33,Premium,1,No,0.05,No,No,5G,0,1090,No,10
MRD-012834,No,63.35,20,1346.45,Plus,2,No,1.91,Yes,No,4G,0,993,No,7
MRD-012835,No,89.2,29,5578.33,Premium,1,No,4.25,No,No,5G,2,493,No,4
MRD-012836,No,71.23,35,4793.3,Plus,1,No,5.84,No,No,5G,1,318,No,10
MRD-012837,No,46.83,53,2670.22,Plus,3,No,4.12,Yes,Yes,5G,2,215,Yes,2
MRD-012838,No,56.19,56,4968.74,Plus,3,No,1.2,Yes,No,5G,4,395,Yes,10
MRD-012839,No,55.27,66,4383.35,Plus,1,No,1.87,No,Yes,5G,1,1382,No,4
MRD-012840,No,83.26,50,3285.01,Premium,4,Yes,2.02,Yes,Yes,4G,1,802,Yes,1
MRD-012841,No,58.16,40,1940.82,Plus,1,No,3.29,No,Yes,5G,3,271,No,3
MRD-012842,No,59.68,71,3924.56,Plus,2,No,5.48,Yes,No,5G,1,1323,No,3
MRD-012843,No,94.47,48,6566.06,Premium,1,Yes,6.01,No,Yes,5G,0,441,No,6
MRD-012844,No,78.26,60,2881.06,Premium,2,No,8.21,Yes,Yes,5G,2,85,No,9
MRD-012845,No,57.37,24,1582.34,Plus,1,No,8.37,Yes,Yes,5G,2,618,No,10
MRD-012846,Yes,30.93,62,1725.01,Basic,2,No,7.68,Yes,Yes,5G,2,709,No,10
MRD-012847,No,38.6,9,729.5,Basic,2,Yes,8.38,Yes,No,4G,4,452,No,8
MRD-012848,No,64.88,21,1202.03,Plus,2,No,1.33,Yes,No,4G,3,1138,No,5
MRD-012849,Yes,39.87,75,2378.05,Basic,2,No,1.84,Yes,No,4G,0,1031,No,6
MRD-012850,No,56.12,59,3613.8,Plus,1,No,3.25,No,No,5G,2,489,No,9
MRD-012851,No,66.46,5,189.18,Plus,2,Yes,2.35,Yes,No,5G,1,237,No,7
MRD-012852,No,34.29,75,4106.75,Basic,3,No,8.2,Yes,No,4G,3,6,Yes,8
MRD-012853,No,71.93,78,7664.27,Plus,2,No,5.01,Yes,Yes,5G,0,34,No,8
MRD-012854,No,54.41,4,487.28,Plus,1,No,0.87,Yes,Yes,4G,1,692,No,8
MRD-012855,No,73.08,88,2583.51,Plus,2,No,0.17,No,No,4G,1,255,No,2
MRD-012856,Yes,34.52,68,3301.87,Basic,4,No,1.83,No,No,4G,2,1332,Yes,2
MRD-012857,No,104.87,17,1996.66,Premium,1,Yes,0.41,Yes,No,4G,0,1445,No,4
MRD-012858,No,64.88,68,3004.28,Plus,2,No,1.82,No,Yes,5G,0,1373,No,7
MRD-012859,No,31.83,25,839.32,Basic,2,No,1.82,Yes,No,4G,2,455,No,10
MRD-012860,No,68.18,23,2047.56,Plus,4,No,2.14,Yes,Yes,5G,2,332,Yes,4
MRD-012861,Yes,55.82,51,5386.34,Plus,3,No,3.22,No,Yes,4G,3,936,Yes,8
MRD-012862,No,29.81,48,2154.27,Basic,2,No,4.31,Yes,Yes,4G,2,384,No,5
MRD-012863,No,55.97,83,8134.59,Plus,3,No,1.84,Yes,Yes,5G,5,1125,Yes,8
MRD-012864,No,38.93,0,38.97,Basic,2,No,0.23,Yes,No,5G,1,476,No,9
MRD-012865,No,33.61,4,199.52,Basic,1,Yes,2.81,Yes,Yes,5G,1,1092,No,3
MRD-012866,No,63.91,34,2214.21,Plus,4,No,3.73,No,Yes,4G,1,1383,Yes,7
MRD-012867,No,31.71,86,1971.0,Basic,3,No,1.01,Yes,No,4G,3,1387,Yes,10
MRD-012868,No,77.15,91,8625.86,Premium,3,Yes,9.11,No,No,5G,3,812,Yes,2
MRD-012869,No,54.32,7,809.14,Plus,4,No,0.91,Yes,Yes,5G,3,531,Yes,1
MRD-012870,Yes,32.65,35,685.63,Basic,1,No,1.05,Yes,No,5G,0,505,No,2
MRD-012871,No,84.93,34,2186.92,Premium,4,No,3.11,Yes,No,5G,2,193,Yes,5
MRD-012872,No,28.87,94,3318.22,Basic,2,No,1.18,No,No,4G,1,1295,No,7
MRD-012873,No,103.81,31,3264.84,Premium,5,No,2.28,Yes,No,5G,3,1289,Yes,2
MRD-012874,Yes,33.0,82,2086.91,Basic,1,No,1.42,Yes,No,5G,1,1142,No,3
MRD-012875,No,101.91,1,395.55,Premium,5,No,3.83,No,Yes,4G,0,58,Yes,9
MRD-012876,No,39.04,72,3803.3,Basic,4,No,0.81,Yes,Yes,4G,2,396,Yes,6
MRD-012877,Yes,37.67,31,1130.87,Basic,1,No,1.92,Yes,No,4G,0,8,No,6
MRD-012878,No,37.65,45,109.59,Basic,1,No,4.77,No,No,4G,3,1312,No,2
MRD-012879,No,30.62,22,335.35,Basic,1,No,0.86,No,No,5G,2,1314,No,2
MRD-012880,No,82.08,59,4648.65,Premium,1,No,1.92,No,No,5G,0,1301,No,1
MRD-012881,Yes,24.03,41,1504.04,Basic,2,Yes,1.85,Yes,Yes,4G,2,1412,No,4
MRD-012882,Yes,53.38,55,1738.76,Plus,3,No,4.33,No,Yes,5G,2,1331,Yes,5
MRD-012883,No,57.99,44,2008.86,Plus,5,No,0.54,Yes,Yes,4G,4,133,Yes,9
MRD-012884,No,30.44,36,905.47,Basic,2,Yes,1.73,Yes,No,4G,1,104,No,7
MRD-012885,No,30.27,74,1327.49,Basic,2,No,3.24,Yes,No,5G,2,1196,No,6
MRD-012886,No,98.69,23,2873.82,Premium,1,No,4.28,No,No,5G,1,1268,No,4
MRD-012887,No,73.71,15,1765.2,Premium,5,Yes,2.44,Yes,Yes,5G,2,1400,Yes,10
MRD-012888,No,56.11,20,768.13,Plus,2,No,0.78,No,No,4G,0,373,No,8
MRD-012889,No,60.91,69,2648.48,Plus,2,No,4.97,Yes,No,5G,2,259,No,3
MRD-012890,No,92.2,6,766.27,Premium,2,No,3.61,Yes,Yes,5G,2,387,No,10
MRD-012891,No,65.32,68,4933.37,Plus,4,No,1.04,No,No,5G,3,1276,Yes,1
MRD-012892,No,76.94,24,1395.43,Premium,2,No,1.88,Yes,No,5G,2,814,No,6
MRD-012893,No,31.53,92,1968.46,Basic,1,No,5.51,Yes,No,5G,2,306,No,8
MRD-012894,No,41.48,26,1307.02,Basic,2,No,4.79,No,Yes,4G,1,1430,No,5
MRD-012895,No,58.17,19,1700.18,Plus,1,Yes,2.96,Yes,Yes,4G,1,1317,No,8
MRD-012896,No,73.13,80,4903.59,Plus,3,No,5.58,Yes,Yes,5G,0,1412,Yes,2
MRD-012897,Yes,37.09,87,1675.84,Basic,1,No,0.29,No,No,5G,2,49,No,6
MRD-012898,No,99.84,42,2959.95,Premium,3,No,5.36,Yes,No,5G,1,1309,Yes,2
MRD-012899,No,91.86,4,691.98,Premium,1,No,3.51,No,Yes,5G,1,909,No,8
MRD-012900,No,36.08,58,2797.12,Basic,4,No,6.82,Yes,Yes,4G,0,123,Yes,6
MRD-012901,Yes,39.4,86,2712.06,Basic,1,No,4.22,Yes,No,5G,3,705,No,10
MRD-012902,No,37.19,19,863.02,Basic,2,No,5.7,No,No,5G,1,323,No,10
MRD-012903,No,99.89,42,2879.13,Premium,1,No,2.42,No,Yes,4G,0,512,No,8
MRD-012904,No,119.88,87,8470.25,Premium,1,No,0.3,No,No,5G,1,11,No,9
MRD-012905,No,33.27,44,1691.81,Basic,1,No,4.7,No,Yes,5G,2,65,No,5
MRD-012906,No,52.26,81,3604.93,Plus,2,No,8.62,No,Yes,5G,3,983,No,1
MRD-012907,No,105.65,80,7608.01,Premium,2,No,0.24,No,No,4G,1,23,No,9
MRD-012908,No,61.13,13,1365.13,Plus,4,Yes,5.24,No,No,5G,5,630,Yes,5
MRD-012909,No,40.77,77,4033.81,Basic,3,No,0.12,No,No,5G,2,591,Yes,8
MRD-012910,No,58.69,92,7531.22,Plus,1,No,2.14,Yes,No,5G,3,129,No,10
MRD-012911,Yes,40.83,92,5851.9,Basic,2,No,3.43,No,No,4G,0,521,No,3
MRD-012912,No,33.35,47,841.23,Basic,2,No,3.07,Yes,Yes,5G,0,576,No,8
MRD-012913,No,51.43,14,349.55,Plus,3,No,0.17,Yes,Yes,4G,1,836,Yes,1
MRD-012914,No,48.28,81,4578.93,Plus,1,No,0.72,Yes,Yes,5G,0,1381,No,8
MRD-012915,No,86.42,32,1364.51,Premium,1,No,1.31,Yes,Yes,4G,2,1230,No,2
MRD-012916,No,52.65,23,1280.35,Plus,1,Yes,2.74,Yes,No,5G,1,886,No,4
MRD-012917,No,33.37,35,1062.6,Basic,5,No,0.06,Yes,No,4G,2,938,Yes,1
MRD-012918,No,85.85,71,3697.94,Premium,2,No,5.38,Yes,Yes,5G,0,265,No,10
MRD-012919,No,71.5,67,2115.02,Plus,2,No,7.14,Yes,Yes,4G,1,347,No,3
MRD-012920,No,33.61,19,647.42,Basic,3,No,0.9,Yes,No,5G,0,398,Yes,6
MRD-012921,No,39.99,29,1530.03,Basic,4,No,0.56,Yes,Yes,5G,1,407,Yes,4
MRD-012922,No,33.53,88,3080.73,Basic,1,No,2.3,Yes,No,5G,2,700,No,6
MRD-012923,No,55.05,9,189.1,Plus,2,Yes,0.79,Yes,Yes,4G,1,65,No,1
MRD-012924,No,76.99,77,4180.16,Plus,3,No,2.35,Yes,No,5G,2,1450,Yes,9
MRD-012925,No,73.46,36,1705.6,Premium,2,No,0.99,Yes,Yes,4G,0,935,No,9
MRD-012926,Yes,45.29,44,1219.44,Plus,1,No,6.18,No,No,5G,1,575,No,4
MRD-012927,No,38.65,31,1457.41,Basic,1,No,9.09,No,Yes,5G,3,536,No,2
MRD-012928,No,35.85,45,2526.83,Basic,2,No,1.46,Yes,Yes,5G,2,1231,No,5
MRD-012929,No,55.41,15,315.58,Plus,2,No,7.04,Yes,No,4G,0,643,No,8
MRD-012930,Yes,70.36,90,5932.29,Plus,4,No,1.88,Yes,Yes,4G,1,1300,Yes,8
MRD-012931,Yes,41.74,94,5264.9,Basic,3,No,0.16,Yes,No,5G,0,172,Yes,6
MRD-012932,No,62.23,26,2548.96,Plus,2,No,0.75,Yes,No,4G,2,387,No,3
MRD-012933,No,31.88,70,1848.47,Basic,1,No,1.19,Yes,Yes,4G,1,1121,No,7
MRD-012934,Yes,41.61,4,169.74,Basic,2,No,0.64,No,No,5G,3,113,No,4
MRD-012935,No,48.0,78,4768.73,Plus,1,No,2.36,No,Yes,4G,4,902,No,10
MRD-012936,No,31.59,27,765.54,Basic,3,No,1.93,Yes,Yes,4G,1,378,Yes,9
MRD-012937,Yes,37.27,11,462.86,Basic,2,No,4.54,No,Yes,5G,4,300,No,10
MRD-012938,No,32.32,9,346.08,Basic,1,No,1.08,No,No,4G,1,1196,No,9
MRD-012939,No,67.42,72,6677.75,Plus,3,No,2.24,No,Yes,4G,1,873,Yes,7
MRD-012940,No,33.05,6,185.2,Basic,2,No,6.87,No,No,5G,2,735,No,6
MRD-012941,No,42.17,7,363.47,Basic,1,No,0.46,No,Yes,5G,1,185,No,4
MRD-012942,No,42.1,81,3895.42,Basic,1,No,0.64,No,Yes,5G,1,240,No,7
MRD-012943,No,54.96,27,4114.12,Plus,1,No,2.92,Yes,No,5G,0,14,No,7
MRD-012944,No,35.05,89,3671.38,Basic,2,No,3.36,Yes,Yes,4G,1,218,No,7
MRD-012945,No,55.8,51,1913.85,Plus,2,No,4.13,Yes,No,5G,1,1011,No,3
MRD-012946,Yes,57.7,4,0.0,Plus,2,No,0.2,Yes,Yes,5G,2,565,No,3
MRD-012947,Yes,112.2,36,3574.14,Premium,2,No,10.02,Yes,Yes,5G,1,56,No,9
MRD-012948,No,26.4,91,2323.92,Basic,1,No,2.43,Yes,No,4G,0,288,No,1
MRD-012949,Yes,46.89,91,1890.58,Plus,1,No,8.98,Yes,No,5G,3,188,No,2
MRD-012950,No,51.39,2,132.49,Plus,2,No,1.87,Yes,Yes,5G,1,1069,No,5
MRD-012951,No,83.28,61,4065.4,Premium,3,No,2.96,Yes,No,4G,2,1349,Yes,9
MRD-012952,No,114.41,24,2027.35,Premium,1,No,2.97,Yes,Yes,5G,1,1185,No,7
MRD-012953,No,66.57,3,425.61,Plus,3,No,2.92,No,No,5G,0,1452,Yes,10
MRD-012954,No,35.09,83,1875.4,Basic,1,No,2.62,No,No,5G,0,1269,No,6
MRD-012955,No,65.35,88,3666.21,Plus,3,No,0.77,Yes,No,4G,3,448,Yes,3
MRD-012956,Yes,41.55,65,1488.23,Basic,1,No,0.44,Yes,No,5G,4,1102,No,5
MRD-012957,No,105.74,17,2185.18,Premium,2,No,4.97,Yes,No,4G,2,921,No,1
MRD-012958,No,38.16,15,80.1,Basic,1,No,4.33,Yes,No,5G,3,346,No,8
MRD-012959,No,57.63,84,5547.25,Plus,2,No,2.0,Yes,Yes,5G,0,585,No,3
MRD-012960,No,57.14,48,1852.14,Plus,4,No,4.79,No,Yes,5G,1,230,Yes,4
MRD-012961,No,111.74,94,8366.16,Premium,3,No,2.85,No,No,5G,2,893,Yes,5
MRD-012962,No,37.07,61,4664.31,Basic,3,No,0.34,Yes,Yes,5G,2,340,Yes,7
MRD-012963,No,75.56,73,10632.67,Premium,1,No,0.92,Yes,Yes,5G,1,1090,No,3
MRD-012964,No,33.08,21,726.36,Basic,1,No,5.52,No,Yes,4G,2,648,No,2
MRD-012965,No,55.77,75,3078.1,Plus,1,No,3.95,No,No,4G,1,271,No,10
MRD-012966,No,39.61,55,4692.13,Basic,1,No,3.97,Yes,Yes,5G,1,425,No,6
MRD-012967,No,66.3,70,2720.17,Plus,5,No,1.45,Yes,No,4G,2,944,Yes,2
MRD-012968,No,55.96,27,1876.85,Plus,5,No,5.56,Yes,No,4G,0,413,Yes,7
MRD-012969,No,67.88,18,1398.18,Plus,2,No,3.64,No,No,4G,3,481,No,6
MRD-012970,Yes,27.54,20,1760.53,Basic,1,No,0.77,No,Yes,5G,1,556,No,4
MRD-012971,No,38.97,87,3339.96,Basic,5,No,3.33,Yes,Yes,5G,2,1489,Yes,4
MRD-012972,No,89.44,70,6476.5,Premium,1,No,1.53,No,No,5G,1,481,No,7
MRD-012973,No,33.26,72,2446.58,Basic,4,No,0.08,Yes,No,5G,4,949,Yes,8
MRD-012974,No,111.68,86,11411.45,Premium,2,No,2.91,No,No,5G,2,325,No,4
MRD-012975,No,101.57,21,3019.68,Premium,2,No,1.55,Yes,Yes,5G,1,1249,No,6
MRD-012976,No,35.8,65,3272.95,Basic,1,No,6.19,Yes,No,4G,0,403,No,4
MRD-012977,No,82.21,21,1653.72,Premium,1,Yes,1.29,Yes,No,4G,0,834,No,5
MRD-012978,No,63.93,51,2341.05,Plus,4,No,4.34,No,Yes,5G,3,222,Yes,3
MRD-012979,No,51.8,2,56.0,Plus,4,No,2.03,No,No,4G,1,1493,Yes,3
MRD-012980,No,101.3,11,1869.4,Premium,2,No,6.5,Yes,Yes,4G,2,766,No,9
MRD-012981,No,61.52,42,1171.06,Plus,2,No,1.11,Yes,Yes,5G,3,1087,No,2
MRD-012982,Yes,27.74,44,362.29,Basic,1,No,2.42,No,No,4G,0,868,No,4
MRD-012983,Yes,64.44,53,5899.97,Plus,1,No,7.89,Yes,No,5G,1,1210,No,1
MRD-012984,No,35.37,76,1969.77,Basic,1,Yes,4.29,No,No,4G,3,899,No,7
MRD-012985,No,65.6,3,428.84,Plus,1,No,1.95,Yes,Yes,5G,4,1127,No,8
MRD-012986,No,33.34,57,6303.44,Basic,2,No,3.58,Yes,No,4G,3,1058,No,10
MRD-012987,No,65.56,51,3714.79,Plus,1,No,12.78,Yes,No,5G,0,450,No,5
MRD-012988,Yes,54.69,50,3063.73,Plus,3,Yes,5.73,No,No,4G,1,1210,Yes,10
MRD-012989,No,35.53,95,3524.35,Basic,1,No,7.66,Yes,Yes,5G,0,563,No,8
MRD-012990,No,86.84,24,1237.46,Premium,1,No,2.17,No,Yes,5G,1,1433,No,8
MRD-012991,No,35.11,38,2049.92,Basic,2,No,6.12,Yes,No,4G,1,1289,No,5
MRD-012992,No,57.98,40,2770.4,Plus,1,No,2.58,No,No,5G,1,862,No,3
MRD-012993,No,27.8,84,3877.43,Basic,2,No,3.06,Yes,Yes,4G,2,1014,No,6
MRD-012994,Yes,32.54,40,1705.71,Basic,1,No,0.88,Yes,No,4G,3,15,No,4
MRD-012995,No,26.45,34,847.01,Basic,1,No,4.54,No,No,4G,1,843,No,6
MRD-012996,No,51.2,92,1959.88,Plus,4,No,1.83,Yes,No,4G,0,1309,Yes,10
MRD-012997,No,38.75,21,943.23,Basic,4,No,3.89,Yes,Yes,4G,3,279,Yes,5
MRD-012998,No,44.18,66,3019.99,Basic,2,No,0.63,Yes,Yes,5G,1,1031,No,10
MRD-012999,No,87.36,0,24.79,Premium,3,No,10.9,No,Yes,5G,0,423,Yes,10
MRD-013000,No,70.27,70,5974.96,Plus,1,No,1.74,Yes,No,5G,1,1264,No,2
MRD-013001,No,65.96,36,2287.89,Plus,5,No,2.77,Yes,Yes,5G,1,46,Yes,1
MRD-013002,No,98.43,9,933.64,Premium,4,Yes,2.65,No,Yes,5G,6,1358,Yes,2
MRD-013003,No,101.78,8,2870.31,Premium,2,Yes,0.36,No,No,5G,0,329,No,10
MRD-013004,No,33.52,46,2697.56,Basic,3,Yes,10.67,Yes,No,5G,1,94,Yes,7
MRD-013005,No,69.37,4,178.92,Plus,4,No,0.16,No,No,5G,5,45,Yes,1
MRD-013006,No,37.15,7,436.3,Basic,2,No,3.17,Yes,No,5G,1,622,No,8
MRD-013007,No,67.79,82,4892.62,Plus,1,No,1.35,No,No,5G,2,1490,No,7
MRD-013008,No,54.82,81,2787.34,Plus,3,No,0.47,Yes,No,5G,4,1172,Yes,4
MRD-013009,No,86.03,58,8637.52,Premium,4,No,1.86,Yes,No,5G,2,843,Yes,7
MRD-013010,No,105.21,81,8824.69,Premium,2,No,1.16,Yes,No,4G,1,440,No,2
MRD-013011,No,59.47,36,2486.82,Plus,2,Yes,6.73,Yes,Yes,5G,2,196,No,2
MRD-013012,No,34.61,65,1764.62,Basic,2,No,0.97,No,Yes,5G,2,532,No,6
MRD-013013,No,34.02,72,3712.48,Basic,2,No,2.16,Yes,No,5G,0,806,No,1
MRD-013014,No,86.64,88,9239.85,Premium,1,Yes,0.36,Yes,No,5G,2,1263,No,7
MRD-013015,No,65.46,53,3467.42,Plus,1,No,4.05,No,Yes,5G,0,907,No,8
MRD-013016,No,101.32,51,16520.17,Premium,1,No,0.46,Yes,Yes,4G,0,190,No,8
MRD-013017,Yes,36.46,86,5592.67,Basic,1,No,4.61,No,Yes,5G,1,971,No,2
MRD-013018,No,101.93,13,2087.8,Premium,2,No,1.09,Yes,Yes,5G,1,406,No,10
MRD-013019,No,106.98,35,6493.35,Premium,1,Yes,1.03,Yes,No,5G,0,919,No,9
MRD-013020,No,52.3,73,6304.56,Plus,1,No,2.31,Yes,No,5G,1,1444,No,4
MRD-013021,No,30.13,67,1803.66,Basic,3,No,8.82,No,No,5G,2,685,Yes,5
MRD-013022,No,29.02,63,2591.97,Basic,1,Yes,2.3,No,Yes,5G,1,1400,No,6
MRD-013023,Yes,34.85,3,75.5,Basic,1,Yes,2.94,No,Yes,5G,3,690,No,2
MRD-013024,No,55.91,29,1730.01,Plus,1,Yes,1.75,Yes,No,5G,1,816,No,10
MRD-013025,Yes,53.58,0,255.89,Plus,4,No,4.71,No,Yes,4G,3,581,Yes,5
MRD-013026,Yes,53.99,15,695.64,Plus,3,No,0.16,Yes,Yes,5G,2,1142,Yes,2
MRD-013027,No,62.61,78,6422.9,Plus,2,No,0.63,No,No,5G,1,190,No,9
MRD-013028,Yes,40.05,56,2819.48,Basic,4,Yes,3.11,No,Yes,4G,1,1277,Yes,6
MRD-013029,Yes,49.28,44,2585.77,Plus,1,No,5.41,Yes,No,4G,1,1118,No,2
MRD-013030,Yes,38.12,3,260.56,Basic,1,No,1.53,No,Yes,4G,4,713,No,3
MRD-013031,Yes,42.08,5,593.69,Basic,2,Yes,1.64,Yes,Yes,4G,2,39,No,2
MRD-013032,No,62.16,38,1901.1,Plus,1,Yes,0.84,No,Yes,4G,0,840,No,4
MRD-013033,No,56.69,3,237.27,Plus,4,Yes,2.82,Yes,No,4G,2,1047,Yes,1
MRD-013034,No,27.34,68,1508.38,Basic,3,Yes,0.43,No,No,5G,1,84,Yes,5
MRD-013035,No,61.48,69,3371.74,Plus,2,No,6.81,Yes,No,4G,0,1230,No,8
MRD-013036,No,32.79,59,1417.13,Basic,2,No,2.94,No,Yes,5G,1,789,No,5
MRD-013037,No,52.4,11,332.41,Plus,3,No,4.11,Yes,No,5G,3,122,Yes,5
MRD-013038,No,69.32,68,2130.15,Plus,4,Yes,1.38,Yes,No,4G,2,1476,Yes,7
MRD-013039,No,34.9,17,653.23,Basic,2,No,7.16,Yes,Yes,4G,0,1269,No,10
MRD-013040,No,29.03,35,1458.41,Basic,2,Yes,5.31,No,Yes,5G,0,1337,No,8
MRD-013041,Yes,45.39,78,3030.9,Basic,4,Yes,8.06,No,No,5G,2,854,Yes,4
MRD-013042,No,61.75,8,443.74,Plus,1,Yes,2.33,No,Yes,5G,3,1004,No,3
MRD-013043,No,99.9,36,5233.05,Premium,1,No,2.41,Yes,Yes,5G,4,932,No,10
MRD-013044,Yes,27.11,61,1171.47,Basic,1,No,2.87,Yes,No,5G,1,1418,No,9
MRD-013045,Yes,39.32,28,842.93,Basic,3,No,4.63,Yes,No,4G,0,933,Yes,9
MRD-013046,No,63.41,72,6005.61,Plus,5,No,1.08,No,Yes,5G,0,975,Yes,1
MRD-013047,No,23.65,86,3388.55,Basic,2,No,2.4,No,Yes,5G,2,1439,No,6
MRD-013048,No,58.24,75,3080.42,Plus,1,Yes,1.94,Yes,No,4G,3,1399,No,5
MRD-013049,No,101.38,47,2836.86,Premium,1,No,7.65,Yes,Yes,5G,1,1015,No,3
MRD-013050,No,103.07,86,6436.31,Premium,1,Yes,2.98,No,Yes,5G,3,812,No,1
MRD-013051,No,36.27,2,252.78,Basic,4,No,2.42,No,No,4G,2,230,Yes,7
MRD-013052,Yes,37.45,44,3086.04,Basic,2,No,3.34,Yes,Yes,5G,2,1025,No,10
MRD-013053,No,60.95,81,4871.47,Plus,3,No,3.54,Yes,No,5G,1,382,Yes,8
MRD-013054,No,89.43,42,5324.74,Premium,1,No,4.02,Yes,Yes,5G,2,944,No,4
MRD-013055,No,54.87,73,3577.51,Plus,4,Yes,2.43,Yes,No,4G,2,1146,Yes,4
MRD-013056,No,38.05,77,3325.87,Basic,1,No,2.78,Yes,Yes,4G,1,519,No,4
MRD-013057,No,72.11,67,4611.44,Plus,3,No,11.32,Yes,Yes,4G,2,368,Yes,10
MRD-013058,No,84.8,72,12836.92,Premium,3,No,2.77,Yes,No,5G,2,124,Yes,10
MRD-013059,No,51.44,40,2876.67,Plus,2,Yes,0.4,Yes,No,5G,2,837,No,9
MRD-013060,No,52.46,33,2065.94,Plus,2,No,1.15,Yes,No,5G,0,1071,No,9
MRD-013061,No,91.75,28,2559.5,Premium,2,Yes,2.29,Yes,No,5G,0,1079,No,6
MRD-013062,No,31.13,32,1533.46,Basic,4,No,1.56,No,Yes,5G,2,1401,Yes,2
MRD-013063,No,53.08,1,415.88,Plus,1,No,1.11,Yes,Yes,5G,2,1159,No,6
MRD-013064,Yes,95.83,31,2776.17,Premium,2,No,2.76,No,Yes,4G,3,1167,No,10
MRD-013065,No,36.66,71,2862.08,Basic,3,No,6.23,Yes,Yes,5G,1,1265,Yes,6
MRD-013066,No,28.43,33,354.71,Basic,1,No,5.36,Yes,No,4G,1,485,No,5
MRD-013067,No,68.72,29,2128.82,Plus,1,Yes,14.49,No,No,4G,5,1221,No,3
MRD-013068,No,35.99,87,4608.01,Basic,2,Yes,1.46,Yes,No,5G,3,1061,No,4
MRD-013069,Yes,40.51,89,3639.46,Basic,1,No,1.63,Yes,No,5G,1,50,No,8
MRD-013070,No,96.77,59,8304.96,Premium,5,No,9.66,Yes,No,5G,3,1029,Yes,4
MRD-013071,No,32.56,42,2292.65,Basic,4,No,9.7,Yes,No,4G,1,587,Yes,8
MRD-013072,Yes,94.96,90,7408.65,Premium,5,No,5.27,Yes,No,4G,3,863,Yes,2
MRD-013073,No,87.01,56,8319.42,Premium,2,No,10.44,No,No,5G,2,1274,No,1
MRD-013074,No,105.95,62,4798.02,Premium,1,No,1.76,No,Yes,5G,4,1453,No,7
MRD-013075,No,52.21,24,1999.51,Plus,1,No,5.12,Yes,Yes,5G,2,1337,No,1
MRD-013076,No,69.88,93,3790.21,Plus,4,No,4.39,No,No,5G,0,656,Yes,7
MRD-013077,No,66.66,25,1456.54,Premium,2,No,1.21,Yes,Yes,4G,2,293,No,6
MRD-013078,Yes,89.96,90,7287.51,Premium,1,Yes,2.74,Yes,No,4G,3,1286,No,6
MRD-013079,No,76.51,43,4507.08,Plus,3,No,2.42,Yes,No,5G,0,1078,Yes,6
MRD-013080,No,53.38,46,2984.21,Plus,5,No,5.79,No,Yes,4G,1,1428,Yes,3
MRD-013081,No,92.86,16,1488.22,Premium,2,No,8.55,Yes,Yes,5G,0,873,No,10
MRD-013082,No,61.06,62,3007.02,Plus,2,Yes,3.29,No,No,5G,0,1097,No,5
MRD-013083,No,62.37,65,4860.2,Plus,2,No,7.99,Yes,Yes,5G,2,661,No,4
MRD-013084,No,94.24,73,5596.35,Premium,1,Yes,2.01,Yes,No,5G,2,1403,No,9
MRD-013085,No,33.56,72,1920.66,Basic,1,No,2.95,Yes,Yes,5G,0,493,No,7
MRD-013086,No,80.98,11,700.46,Premium,2,No,8.14,Yes,No,5G,0,413,No,5
MRD-013087,No,103.4,87,5371.39,Premium,1,No,2.05,No,Yes,4G,2,325,No,9
MRD-013088,No,59.91,80,4116.91,Plus,2,No,2.52,No,No,5G,1,349,No,6
MRD-013089,No,33.11,9,891.7,Basic,4,No,4.0,Yes,No,4G,1,550,Yes,4
MRD-013090,No,90.58,24,3563.3,Premium,1,No,12.14,No,Yes,4G,2,235,No,8
MRD-013091,Yes,37.84,23,2258.02,Basic,2,Yes,5.68,Yes,Yes,4G,1,1074,No,5
MRD-013092,No,67.76,17,1681.77,Plus,4,No,4.02,No,No,4G,3,364,Yes,6
MRD-013093,No,26.15,70,1061.46,Basic,1,No,13.27,Yes,Yes,5G,1,110,No,8
MRD-013094,No,62.46,82,6675.74,Plus,4,No,1.45,Yes,Yes,5G,1,497,Yes,7
MRD-013095,No,64.12,51,2667.8,Plus,4,No,8.59,Yes,No,5G,3,166,Yes,5
MRD-013096,No,41.99,26,1981.5,Basic,1,No,9.02,Yes,Yes,5G,0,535,No,10
MRD-013097,Yes,41.46,4,238.42,Basic,1,No,0.1,Yes,No,5G,2,453,No,7
MRD-013098,No,76.76,47,1722.21,Premium,3,No,0.86,No,No,5G,2,941,Yes,8
MRD-013099,No,59.19,20,773.88,Plus,3,Yes,2.71,No,Yes,4G,1,1268,Yes,5
MRD-013100,No,92.93,91,11492.15,Premium,3,No,1.95,No,Yes,5G,2,504,Yes,2
MRD-013101,No,32.44,84,2550.34,Basic,1,No,2.51,Yes,Yes,5G,1,1475,No,3
MRD-013102,No,35.98,46,1367.23,Basic,5,No,10.47,Yes,No,5G,0,1401,Yes,8
MRD-013103,No,34.98,56,1797.45,Basic,3,No,0.55,Yes,No,4G,1,613,Yes,10
MRD-013104,No,63.5,47,3174.32,Plus,1,No,5.38,No,No,4G,2,18,No,5
MRD-013105,No,92.97,5,586.65,Premium,1,No,7.0,No,No,4G,3,1478,No,5
MRD-013106,Yes,36.46,78,2368.33,Basic,1,No,3.1,Yes,No,5G,1,73,No,8
MRD-013107,No,98.06,88,3480.46,Premium,1,Yes,0.15,No,No,5G,0,627,No,6
MRD-013108,Yes,32.63,93,4020.76,Basic,2,No,1.49,No,Yes,4G,1,1094,No,2
MRD-013109,No,69.3,24,2044.05,Plus,2,No,0.9,Yes,No,4G,6,17,No,6
MRD-013110,No,56.14,57,2125.01,Plus,1,No,0.52,No,No,5G,1,275,No,1
MRD-013111,No,58.13,43,2693.9,Plus,3,No,10.78,Yes,Yes,4G,2,823,Yes,9
MRD-013112,No,33.5,6,408.42,Basic,2,Yes,10.54,Yes,Yes,4G,0,375,No,8
MRD-013113,No,65.72,94,6050.41,Plus,2,No,0.99,Yes,Yes,4G,4,611,No,3
MRD-013114,Yes,49.41,9,293.52,Plus,2,No,1.62,No,Yes,4G,4,1085,No,4
MRD-013115,No,104.11,75,5331.76,Premium,5,No,8.65,No,No,4G,2,301,Yes,8
MRD-013116,No,31.69,90,2105.52,Basic,2,No,5.47,Yes,No,4G,3,432,No,1
MRD-013117,No,65.7,87,6621.48,Plus,2,No,4.32,Yes,Yes,4G,3,1121,No,5
MRD-013118,Yes,63.75,47,3719.84,Plus,3,Yes,0.95,No,No,5G,1,611,Yes,7
MRD-013119,No,28.02,86,1908.0,Basic,3,No,1.25,Yes,Yes,5G,1,1281,Yes,10
MRD-013120,No,51.32,13,485.99,Plus,2,Yes,8.47,Yes,No,5G,0,810,No,2
MRD-013121,No,36.98,21,160.32,Basic,3,No,7.55,Yes,No,5G,3,264,Yes,5
MRD-013122,No,95.36,47,4085.57,Premium,1,Yes,5.76,Yes,Yes,4G,2,1411,No,7
MRD-013123,No,58.85,75,6413.12,Plus,3,No,1.37,Yes,No,5G,2,311,Yes,10
MRD-013124,Yes,32.85,56,1874.56,Basic,2,Yes,1.69,No,Yes,5G,1,439,No,10
MRD-013125,No,26.17,18,279.22,Basic,2,Yes,0.81,No,Yes,5G,2,253,No,7
MRD-013126,No,35.26,53,2878.86,Basic,2,Yes,4.35,Yes,Yes,5G,2,939,No,8
MRD-013127,No,102.81,27,1527.98,Premium,5,No,10.26,No,No,5G,0,429,Yes,8
MRD-013128,No,87.19,40,3844.3,Premium,2,Yes,2.08,Yes,Yes,5G,0,558,No,5
MRD-013129,Yes,49.92,46,3645.98,Plus,3,No,0.41,No,No,5G,1,744,Yes,7
MRD-013130,No,61.66,50,2101.39,Plus,1,No,6.57,Yes,Yes,4G,1,1033,No,5
MRD-013131,Yes,51.44,75,5404.11,Plus,1,No,2.61,Yes,Yes,5G,2,899,No,5
MRD-013132,Yes,26.26,64,772.34,Basic,2,No,5.07,Yes,No,5G,4,935,No,4
MRD-013133,Yes,34.72,83,1798.82,Basic,1,No,0.14,Yes,Yes,4G,4,229,No,5
MRD-013134,No,33.55,76,3644.57,Basic,1,Yes,0.08,Yes,No,5G,4,93,No,4
MRD-013135,No,61.73,76,3081.52,Plus,4,No,6.66,No,Yes,4G,3,1499,Yes,3
MRD-013136,No,34.19,11,285.9,Basic,1,No,1.69,Yes,No,5G,1,697,No,4
MRD-013137,No,39.54,6,322.05,Basic,2,No,0.58,No,Yes,4G,0,428,No,6
MRD-013138,Yes,33.19,58,2490.98,Basic,2,Yes,2.79,Yes,Yes,5G,4,528,No,9
MRD-013139,No,66.08,67,3091.46,Plus,2,No,1.61,Yes,Yes,5G,1,1286,No,7
MRD-013140,No,99.93,63,10048.18,Premium,2,No,3.12,No,No,5G,4,1420,No,5
MRD-013141,Yes,30.06,8,336.0,Basic,1,Yes,2.19,No,Yes,5G,3,1143,No,3
MRD-013142,Yes,43.43,88,7579.98,Basic,1,No,3.95,Yes,Yes,5G,0,99,No,8
MRD-013143,No,64.54,35,4185.99,Plus,5,No,1.27,No,No,5G,2,1491,Yes,2
MRD-013144,No,110.39,77,18867.18,Premium,2,No,7.07,Yes,No,5G,2,614,No,6
MRD-013145,No,39.99,89,3387.25,Basic,5,No,9.89,Yes,No,4G,1,926,Yes,4
MRD-013146,No,55.66,66,759.67,Plus,4,No,3.33,Yes,No,5G,0,1420,Yes,4
MRD-013147,No,31.11,37,2953.94,Basic,2,Yes,7.87,Yes,No,5G,2,543,No,8
MRD-013148,No,36.53,74,3569.01,Basic,1,No,1.09,No,No,5G,2,4,No,1
MRD-013149,No,102.99,79,11742.7,Premium,1,No,1.99,Yes,Yes,4G,2,1296,No,1
MRD-013150,No,60.69,2,80.87,Plus,2,Yes,9.38,Yes,No,5G,3,1493,No,4
MRD-013151,No,89.21,9,1258.06,Premium,1,No,2.89,Yes,Yes,4G,1,801,No,10
MRD-013152,No,56.81,26,2593.58,Plus,2,Yes,0.72,No,Yes,4G,1,1033,No,4
MRD-013153,No,85.01,70,5186.63,Premium,1,No,0.95,No,No,5G,1,1130,No,9
MRD-013154,No,60.86,79,7060.8,Plus,1,No,2.68,No,Yes,4G,1,1244,No,9
MRD-013155,Yes,38.77,63,1993.52,Basic,3,No,1.46,Yes,Yes,4G,1,1032,Yes,4
MRD-013156,Yes,72.03,63,5367.5,Plus,1,No,0.99,Yes,No,4G,4,1214,No,8
MRD-013157,No,40.41,24,2339.56,Basic,2,No,0.74,Yes,Yes,4G,2,1454,No,10
MRD-013158,No,31.26,65,2917.72,Basic,1,No,1.0,Yes,No,5G,2,196,No,5
MRD-013159,No,66.05,44,2197.05,Plus,1,No,2.37,Yes,No,5G,0,995,No,8
MRD-013160,Yes,44.64,19,850.9,Basic,3,No,1.11,Yes,No,4G,2,281,Yes,4
MRD-013161,Yes,42.0,57,2236.98,Plus,1,Yes,4.11,No,Yes,4G,1,127,No,8
MRD-013162,No,85.57,13,1215.66,Premium,1,No,6.73,No,Yes,5G,0,604,No,4
MRD-013163,No,67.51,71,9950.44,Plus,1,No,0.63,No,No,5G,2,872,No,8
MRD-013164,No,54.62,45,1570.54,Plus,2,No,4.16,Yes,No,5G,1,1211,No,5
MRD-013165,No,62.4,58,2503.39,Plus,1,No,3.43,Yes,Yes,5G,0,939,No,5
MRD-013166,No,54.98,23,2037.63,Plus,4,No,3.36,Yes,Yes,5G,1,1239,Yes,10
MRD-013167,Yes,34.69,35,1102.01,Basic,2,No,0.85,Yes,Yes,5G,3,511,No,2
MRD-013168,No,54.34,26,1915.02,Plus,1,Yes,3.55,Yes,No,5G,5,1040,No,5
MRD-013169,No,42.34,33,1444.41,Basic,3,No,2.88,No,No,4G,0,1382,Yes,8
MRD-013170,No,58.52,83,3081.35,Plus,2,No,3.19,No,No,4G,2,1069,No,4
MRD-013171,No,62.3,38,5078.98,Plus,1,No,5.44,No,No,5G,0,934,No,10
MRD-013172,No,118.9,57,10224.08,Premium,1,No,5.57,Yes,No,4G,0,1400,No,3
MRD-013173,No,34.89,81,2392.89,Basic,1,No,3.12,Yes,No,5G,2,1486,No,4
MRD-013174,No,38.97,42,1450.41,Basic,4,No,0.95,Yes,No,5G,3,1116,Yes,10
MRD-013175,No,42.35,11,803.38,Basic,1,Yes,9.72,Yes,No,5G,2,1088,No,6
MRD-013176,Yes,39.08,38,993.94,Basic,1,No,7.54,No,Yes,5G,2,156,No,1
MRD-013177,No,104.21,7,675.06,Premium,4,No,2.56,No,No,5G,4,1315,Yes,6
MRD-013178,No,31.79,46,2469.31,Basic,1,No,4.31,Yes,Yes,4G,2,1091,No,8
MRD-013179,Yes,58.04,64,3115.35,Plus,2,Yes,5.38,No,No,5G,1,719,No,9
MRD-013180,No,88.95,64,7988.57,Premium,1,No,5.71,Yes,No,5G,1,1026,No,9
MRD-013181,No,52.58,76,9864.37,Plus,2,No,15.26,Yes,No,5G,3,1109,No,7
MRD-013182,No,53.5,41,1977.9,Plus,3,Yes,4.99,Yes,No,4G,0,1356,Yes,6
MRD-013183,Yes,28.61,85,1869.85,Basic,1,No,1.87,Yes,No,4G,3,1404,No,9
MRD-013184,No,91.87,71,2690.48,Premium,2,Yes,3.4,Yes,No,5G,1,632,No,6
MRD-013185,No,29.75,59,2263.57,Basic,1,No,2.51,Yes,No,4G,1,121,No,8
MRD-013186,Yes,51.15,43,2008.06,Plus,2,No,0.84,Yes,No,4G,1,391,No,4
MRD-013187,Yes,56.99,23,3317.16,Plus,2,No,1.11,No,No,5G,1,1250,No,5
MRD-013188,Yes,106.76,51,6503.13,Premium,1,No,3.07,Yes,No,5G,3,1410,No,10
MRD-013189,Yes,59.09,37,2018.66,Plus,1,No,2.16,Yes,No,4G,2,1457,No,10
MRD-013190,Yes,60.42,33,1842.67,Plus,1,Yes,0.47,No,No,4G,4,800,No,10
MRD-013191,No,56.94,18,815.3,Plus,2,No,0.34,No,Yes,5G,1,55,No,9
MRD-013192,No,59.28,64,3832.66,Plus,1,No,5.62,No,No,4G,1,1134,No,5
MRD-013193,No,97.71,51,6459.46,Premium,1,No,0.41,Yes,No,5G,2,1258,No,6
MRD-013194,No,62.58,13,595.29,Plus,1,No,0.41,No,No,4G,2,546,No,10
MRD-013195,No,92.32,23,6240.94,Premium,3,No,1.77,No,Yes,5G,1,283,Yes,7
MRD-013196,Yes,40.88,53,1291.72,Basic,2,No,2.59,Yes,No,5G,1,776,No,7
MRD-013197,No,30.81,86,2456.05,Basic,1,No,0.51,No,Yes,4G,2,174,No,7
MRD-013198,No,75.27,64,1868.03,Premium,2,No,0.21,No,Yes,5G,2,13,No,10
MRD-013199,Yes,44.59,10,384.43,Plus,1,No,0.77,Yes,Yes,5G,1,1193,No,9
MRD-013200,No,56.77,56,6301.57,Plus,5,No,1.13,Yes,No,5G,0,330,Yes,8
MRD-013201,No,48.08,45,1489.81,Plus,1,No,2.38,Yes,No,4G,1,32,No,9
MRD-013202,No,28.24,28,476.3,Basic,1,Yes,7.54,Yes,No,5G,3,1376,No,2
MRD-013203,Yes,29.52,23,1124.43,Basic,4,No,6.21,No,Yes,5G,0,129,Yes,9
MRD-013204,No,106.68,0,83.17,Premium,2,No,2.81,Yes,No,5G,1,407,No,3
MRD-013205,No,61.34,72,5256.11,Plus,1,Yes,2.1,No,Yes,4G,2,1426,No,10
MRD-013206,No,112.25,32,2105.82,Premium,1,Yes,6.8,No,No,4G,0,830,No,1
MRD-013207,No,63.56,60,5394.54,Plus,2,No,6.35,Yes,Yes,4G,1,40,No,8
MRD-013208,No,73.19,49,1868.18,Premium,1,No,0.82,No,Yes,5G,2,216,No,8
MRD-013209,No,55.67,38,1438.83,Plus,4,No,6.63,Yes,No,4G,2,663,Yes,2
MRD-013210,No,31.22,11,287.05,Basic,1,No,1.43,Yes,Yes,5G,1,1108,No,7
MRD-013211,No,65.37,1,435.15,Plus,4,No,4.06,No,Yes,5G,1,1184,Yes,6
MRD-013212,No,45.86,35,1637.84,Plus,3,Yes,0.93,Yes,Yes,5G,0,1367,Yes,4
MRD-013213,No,63.57,70,5370.92,Plus,2,No,3.9,Yes,Yes,5G,0,1289,No,5
MRD-013214,No,62.73,96,2203.8,Plus,4,Yes,14.65,Yes,No,5G,0,838,Yes,5
MRD-013215,No,62.65,25,1144.27,Plus,2,No,5.28,No,No,5G,0,351,No,9
MRD-013216,Yes,35.25,94,2750.44,Basic,2,No,3.32,No,No,5G,1,197,No,3
MRD-013217,Yes,33.06,40,914.74,Basic,2,Yes,3.75,No,Yes,5G,1,134,No,2
MRD-013218,No,34.09,36,2155.79,Basic,2,No,11.83,Yes,Yes,5G,1,253,No,4
MRD-013219,Yes,90.26,52,4295.46,Premium,1,No,0.64,No,No,5G,2,1030,No,4
MRD-013220,No,55.06,60,2423.85,Plus,4,No,5.67,Yes,Yes,4G,1,904,Yes,8
MRD-013221,No,63.42,12,423.33,Plus,2,No,4.36,Yes,No,5G,0,1310,No,5
MRD-013222,No,63.39,42,2284.67,Plus,1,No,3.11,No,Yes,5G,1,354,No,4
MRD-013223,No,32.79,31,731.22,Basic,3,No,2.97,Yes,No,5G,2,775,Yes,4
MRD-013224,No,33.16,50,4144.63,Basic,2,No,5.87,No,No,4G,1,1077,No,10
MRD-013225,Yes,41.07,84,4478.61,Basic,5,No,1.03,Yes,No,5G,3,1357,Yes,5
MRD-013226,No,58.73,52,2847.97,Plus,1,Yes,6.6,Yes,Yes,5G,1,387,No,6
MRD-013227,Yes,33.15,2,301.13,Basic,5,No,4.88,Yes,No,5G,0,19,Yes,2
MRD-013228,No,72.04,35,1577.7,Plus,3,No,10.01,Yes,Yes,4G,3,1093,Yes,6
MRD-013229,No,58.87,9,199.93,Plus,2,No,1.2,Yes,No,4G,1,963,No,1
MRD-013230,No,61.85,19,2389.57,Plus,4,No,4.91,No,No,5G,4,515,Yes,7
MRD-013231,No,57.48,88,7028.49,Plus,3,No,5.44,Yes,No,5G,1,1235,Yes,10
MRD-013232,No,39.54,85,4591.42,Basic,2,No,11.23,No,Yes,5G,1,25,No,10
MRD-013233,No,66.41,20,1685.48,Plus,1,No,0.4,Yes,Yes,5G,1,810,No,9
MRD-013234,Yes,29.73,12,560.24,Basic,2,No,5.63,Yes,No,4G,2,794,No,9
MRD-013235,No,62.02,95,4635.99,Plus,1,No,1.76,Yes,Yes,4G,3,464,No,7
MRD-013236,No,97.92,51,6651.81,Premium,3,No,3.58,Yes,No,4G,0,228,Yes,9
MRD-013237,No,29.76,37,1304.7,Basic,3,Yes,6.03,Yes,Yes,5G,1,576,Yes,1
MRD-013238,No,36.9,70,3078.94,Basic,2,No,1.77,Yes,No,5G,2,639,No,4
MRD-013239,Yes,29.3,6,721.1,Basic,3,No,1.79,Yes,Yes,5G,1,311,Yes,7
MRD-013240,Yes,59.79,79,5836.53,Plus,2,Yes,9.7,Yes,No,5G,2,1442,No,8
MRD-013241,No,68.2,38,1522.88,Plus,2,No,8.77,No,No,4G,1,613,No,5
MRD-013242,No,32.0,17,2008.21,Basic,2,No,2.19,Yes,No,4G,1,304,No,6
MRD-013243,No,59.76,2,325.24,Plus,3,No,3.06,No,No,5G,2,1270,Yes,7
MRD-013244,No,76.12,36,1781.54,Premium,3,No,2.01,Yes,Yes,5G,1,1031,Yes,7
MRD-013245,No,121.36,52,6832.83,Premium,4,Yes,1.2,No,Yes,5G,0,1038,Yes,4
MRD-013246,Yes,57.9,41,2751.68,Plus,4,No,5.34,No,No,4G,2,32,Yes,3
MRD-013247,No,55.63,59,2867.72,Plus,3,No,4.87,Yes,Yes,4G,1,706,Yes,9
MRD-013248,No,86.42,72,3639.26,Premium,3,No,1.14,No,No,5G,1,124,Yes,1
MRD-013249,No,105.58,67,2715.57,Premium,2,No,0.78,Yes,No,4G,1,790,No,9
MRD-013250,No,70.73,66,4490.43,Plus,1,Yes,7.03,Yes,Yes,5G,3,1433,No,6
MRD-013251,Yes,38.9,5,293.7,Basic,4,No,6.0,No,Yes,5G,0,604,Yes,10
MRD-013252,No,62.19,5,745.65,Plus,2,No,3.5,Yes,Yes,5G,3,1036,No,1
MRD-013253,No,69.9,7,598.89,Plus,4,No,0.65,Yes,Yes,5G,3,1062,Yes,8
MRD-013254,No,28.75,64,2152.38,Basic,5,No,2.92,Yes,Yes,5G,1,1346,Yes,6
MRD-013255,No,71.02,16,2053.32,Plus,3,No,5.17,No,No,4G,1,228,Yes,10
MRD-013256,No,61.12,31,1757.48,Plus,1,No,3.52,Yes,No,5G,2,412,No,7
MRD-013257,No,61.11,51,1884.82,Plus,5,No,1.12,No,Yes,5G,2,1093,Yes,2
MRD-013258,Yes,40.82,24,1103.21,Basic,2,No,2.72,Yes,Yes,4G,0,626,No,2
MRD-013259,No,82.47,66,4127.16,Premium,5,No,4.08,No,Yes,5G,1,788,Yes,6
MRD-013260,No,58.66,69,5984.83,Plus,2,No,7.81,No,Yes,5G,2,1499,No,3
MRD-013261,No,59.49,39,1979.84,Plus,2,No,2.55,Yes,No,4G,2,770,No,7
MRD-013262,No,42.82,17,684.6,Basic,1,No,11.07,Yes,No,4G,3,1017,No,2
MRD-013263,No,39.44,8,139.47,Basic,3,No,1.31,No,No,5G,2,1027,Yes,1
MRD-013264,No,61.33,23,2633.09,Plus,5,No,2.07,No,No,5G,0,471,Yes,6
MRD-013265,No,69.65,35,2487.8,Premium,1,No,5.75,Yes,No,5G,0,287,No,10
MRD-013266,No,51.49,64,5283.04,Plus,2,No,1.56,Yes,Yes,5G,1,1468,No,5
MRD-013267,No,75.09,5,318.85,Plus,1,No,4.43,Yes,No,5G,2,38,No,9
MRD-013268,No,34.93,13,441.62,Basic,1,No,2.87,Yes,No,4G,2,888,No,9
MRD-013269,No,56.09,69,1296.07,Plus,1,No,4.39,Yes,No,4G,1,1059,No,8
MRD-013270,No,53.17,43,2459.37,Plus,2,Yes,7.12,Yes,Yes,5G,2,327,No,4
MRD-013271,No,64.65,93,4708.95,Plus,1,No,7.29,Yes,No,5G,1,1254,No,2
MRD-013272,No,35.06,86,5616.03,Basic,2,No,6.16,Yes,No,4G,1,1036,No,5
MRD-013273,No,67.93,58,1590.39,Plus,3,No,0.97,Yes,Yes,5G,1,1429,Yes,9
MRD-013274,No,28.28,40,969.68,Basic,2,No,0.87,Yes,No,5G,1,847,No,9
MRD-013275,No,64.62,84,2260.34,Plus,2,No,6.56,Yes,Yes,5G,0,808,No,5
MRD-013276,No,59.11,23,1052.75,Plus,1,Yes,6.27,Yes,Yes,5G,0,911,No,4
MRD-013277,No,26.42,0,330.32,Basic,2,No,1.67,Yes,Yes,4G,2,1243,No,8
MRD-013278,No,57.42,5,631.62,Plus,1,No,1.91,Yes,No,5G,1,996,No,9
MRD-013279,No,41.81,82,4364.73,Basic,5,No,2.03,Yes,Yes,5G,0,427,Yes,2
MRD-013280,No,63.35,15,1110.89,Plus,1,No,1.0,Yes,Yes,4G,1,1235,No,7
MRD-013281,No,35.64,39,891.76,Basic,4,No,2.71,Yes,Yes,4G,0,400,Yes,6
MRD-013282,No,28.89,96,2929.95,Basic,1,No,2.75,Yes,No,5G,0,198,No,9
MRD-013283,No,37.94,24,1599.72,Basic,3,No,5.2,Yes,Yes,5G,1,162,Yes,3
MRD-013284,Yes,37.86,5,67.62,Basic,2,No,6.76,Yes,No,4G,1,994,No,3
MRD-013285,Yes,39.24,17,496.8,Basic,2,No,1.26,No,No,5G,0,846,No,3
MRD-013286,Yes,28.21,37,1365.14,Basic,2,No,6.76,Yes,Yes,5G,1,504,No,1
MRD-013287,No,86.31,41,4484.47,Premium,3,No,0.26,No,No,5G,0,1094,Yes,9
MRD-013288,No,57.12,14,985.7,Plus,2,No,2.36,Yes,Yes,5G,2,858,No,4
MRD-013289,Yes,39.88,50,1466.56,Basic,2,Yes,2.5,Yes,No,4G,0,498,No,7
MRD-013290,No,53.61,62,2124.53,Plus,1,No,1.97,Yes,No,4G,0,1385,No,4
MRD-013291,No,58.82,21,1292.49,Plus,2,No,3.8,No,Yes,4G,0,802,No,3
MRD-013292,No,41.21,92,3824.53,Basic,1,Yes,0.85,Yes,No,5G,1,735,No,3
MRD-013293,No,54.72,32,624.63,Plus,1,No,5.18,Yes,No,5G,3,759,No,6
MRD-013294,No,57.68,82,7421.55,Plus,3,No,3.17,Yes,No,5G,4,828,Yes,1
MRD-013295,No,33.38,83,4207.75,Basic,4,No,4.72,Yes,Yes,5G,2,475,Yes,7
MRD-013296,No,60.91,37,1777.33,Plus,3,No,9.35,Yes,No,5G,0,1069,Yes,7
MRD-013297,No,57.22,37,1251.48,Plus,1,No,4.12,No,Yes,5G,0,655,No,10
MRD-013298,No,51.21,53,2869.08,Plus,1,No,1.72,Yes,Yes,5G,1,343,No,2
MRD-013299,No,33.57,25,1236.9,Basic,1,No,5.48,Yes,Yes,4G,0,1134,No,3
MRD-013300,No,36.94,8,400.49,Basic,1,Yes,1.87,Yes,No,5G,2,1072,No,1
MRD-013301,No,62.33,24,1502.26,Plus,1,No,0.26,No,Yes,5G,0,119,No,9
MRD-013302,Yes,33.45,6,293.7,Basic,2,No,24.46,Yes,Yes,4G,0,462,No,4
MRD-013303,Yes,63.22,1,299.37,Plus,3,No,4.13,Yes,Yes,4G,0,439,Yes,6
MRD-013304,Yes,35.08,25,1012.83,Basic,1,No,0.92,Yes,No,5G,2,88,No,7
MRD-013305,No,33.77,56,1949.75,Basic,3,No,5.25,Yes,Yes,4G,3,1427,Yes,6
MRD-013306,No,93.57,16,1636.57,Premium,1,No,2.62,Yes,Yes,4G,5,812,No,5
MRD-013307,No,106.26,76,2850.05,Premium,4,Yes,5.8,Yes,Yes,4G,3,336,Yes,2
MRD-013308,No,62.51,19,876.68,Plus,3,No,2.01,No,No,5G,0,1220,Yes,4
MRD-013309,Yes,30.67,30,784.39,Basic,1,No,14.96,Yes,Yes,5G,2,169,No,3
MRD-013310,No,61.34,50,2743.15,Plus,1,Yes,2.16,Yes,Yes,5G,2,696,No,8
MRD-013311,No,66.47,15,1262.38,Premium,3,Yes,2.7,Yes,Yes,5G,1,1106,Yes,8
MRD-013312,No,55.02,79,3238.33,Plus,1,No,0.24,Yes,No,5G,2,31,No,10
MRD-013313,No,106.79,75,6211.41,Premium,2,No,1.45,Yes,No,5G,0,151,No,7
MRD-013314,No,33.76,27,448.6,Basic,4,No,5.73,No,No,5G,2,700,Yes,1
MRD-013315,No,67.89,86,9057.19,Plus,2,No,2.92,Yes,No,4G,0,853,No,10
MRD-013316,No,49.3,65,2015.36,Plus,1,No,11.08,Yes,Yes,4G,3,612,No,5
MRD-013317,No,35.6,80,3322.42,Basic,3,No,2.61,Yes,No,5G,0,1067,Yes,8
MRD-013318,No,98.04,53,2837.44,Premium,1,No,0.65,Yes,No,4G,1,1147,No,9
MRD-013319,No,116.09,17,2542.33,Premium,2,No,1.92,No,No,5G,1,1108,No,10
MRD-013320,No,62.04,44,2884.91,Plus,1,No,1.47,No,No,5G,0,1043,No,2
MRD-013321,Yes,38.94,83,3359.22,Basic,1,No,1.02,Yes,Yes,5G,2,1433,No,9
MRD-013322,No,42.0,28,3707.38,Plus,2,No,6.32,Yes,Yes,5G,0,573,No,10
MRD-013323,No,101.51,24,2002.14,Premium,3,No,4.88,Yes,No,5G,1,127,Yes,10
MRD-013324,No,33.86,45,839.02,Basic,1,Yes,1.77,Yes,No,5G,3,827,No,10
MRD-013325,No,96.58,70,9329.5,Premium,1,No,2.3,Yes,No,5G,3,79,No,1
MRD-013326,No,72.96,5,578.92,Premium,1,No,8.13,Yes,Yes,5G,1,557,No,10
MRD-013327,No,32.74,34,1139.45,Basic,5,No,3.09,Yes,No,5G,2,1123,Yes,5
MRD-013328,No,88.32,43,4423.4,Premium,2,No,6.46,Yes,Yes,4G,1,1284,No,2
MRD-013329,Yes,34.39,35,1105.78,Basic,4,No,1.06,No,Yes,5G,2,1335,Yes,2
MRD-013330,No,103.27,96,10473.33,Premium,2,No,1.76,Yes,Yes,5G,1,745,No,7
MRD-013331,No,89.33,28,4611.7,Premium,1,Yes,1.51,Yes,No,4G,2,1250,No,8
MRD-013332,No,42.32,35,1563.55,Basic,1,No,0.98,Yes,No,5G,1,1005,No,4
MRD-013333,No,109.09,51,8120.24,Premium,2,No,6.29,No,No,4G,0,571,No,4
MRD-013334,Yes,47.55,39,2005.85,Basic,4,Yes,3.72,Yes,No,5G,1,527,Yes,2
MRD-013335,No,39.49,72,2330.6,Basic,4,No,2.06,Yes,Yes,5G,2,734,Yes,7
MRD-013336,Yes,47.03,51,2198.8,Basic,1,Yes,3.58,Yes,No,4G,3,839,No,4
MRD-013337,Yes,31.51,41,843.8,Basic,1,Yes,5.97,No,No,5G,1,1300,No,10
MRD-013338,No,67.5,4,424.17,Plus,4,Yes,0.45,Yes,No,4G,2,730,Yes,3
MRD-013339,Yes,32.63,43,1267.12,Basic,3,No,2.1,No,Yes,4G,1,751,Yes,6
MRD-013340,No,63.8,44,1977.01,Plus,1,No,0.29,Yes,No,5G,0,845,No,6
MRD-013341,No,57.06,58,3427.25,Plus,2,No,3.91,Yes,Yes,5G,0,99,No,1
MRD-013342,Yes,58.15,39,1342.18,Plus,4,No,5.22,Yes,Yes,4G,2,480,Yes,7
MRD-013343,No,40.73,20,1211.15,Basic,3,Yes,1.21,No,Yes,5G,3,114,Yes,8
MRD-013344,No,35.94,23,1089.81,Basic,2,No,6.82,Yes,Yes,5G,2,503,No,3
MRD-013345,No,70.98,49,3893.79,Plus,3,Yes,2.43,Yes,No,4G,3,2,Yes,9
MRD-013346,No,95.67,65,6255.76,Premium,1,Yes,5.55,No,No,5G,0,580,No,2
MRD-013347,No,53.37,26,1735.54,Plus,4,Yes,1.07,Yes,No,5G,0,1401,Yes,3
MRD-013348,No,81.58,22,3728.59,Premium,1,No,3.76,Yes,No,5G,1,1072,No,6
MRD-013349,No,62.87,75,4259.94,Plus,1,No,3.35,No,No,4G,2,449,No,9
MRD-013350,No,36.12,60,4634.65,Basic,4,No,2.08,Yes,Yes,5G,0,1200,Yes,2
MRD-013351,Yes,39.2,66,1960.6,Basic,2,Yes,5.24,Yes,No,5G,0,340,No,6
MRD-013352,No,84.76,22,1891.54,Premium,1,Yes,2.3,Yes,No,4G,3,25,No,10
MRD-013353,No,58.27,31,2163.04,Plus,3,No,1.13,No,Yes,5G,1,1076,Yes,7
MRD-013354,Yes,39.95,75,3718.04,Basic,5,No,1.99,Yes,Yes,5G,0,781,Yes,8
MRD-013355,No,50.32,53,3717.49,Plus,2,No,2.23,No,No,5G,0,64,No,6
MRD-013356,No,97.24,67,9038.42,Premium,1,No,3.78,No,Yes,4G,2,1251,No,6
MRD-013357,No,70.0,89,3592.04,Plus,1,No,5.82,No,Yes,5G,0,125,No,4
MRD-013358,No,47.01,22,2795.8,Plus,3,No,2.34,No,Yes,5G,1,994,Yes,2
MRD-013359,No,72.94,96,14457.14,Plus,2,No,1.81,Yes,Yes,4G,4,189,No,5
MRD-013360,No,118.37,64,11417.55,Premium,4,No,8.07,Yes,Yes,5G,1,793,Yes,10
MRD-013361,No,91.66,79,8697.67,Premium,5,No,5.0,No,No,4G,2,522,Yes,4
MRD-013362,No,29.25,24,1007.48,Basic,1,No,6.46,Yes,No,5G,4,808,No,6
MRD-013363,Yes,38.89,82,1531.16,Basic,2,No,1.98,No,No,5G,3,558,No,8
MRD-013364,No,37.1,3,480.22,Basic,2,Yes,0.33,Yes,Yes,5G,0,837,No,3
MRD-013365,No,91.39,58,2015.18,Premium,4,Yes,3.41,Yes,No,5G,0,828,Yes,2
MRD-013366,No,98.94,49,4339.69,Premium,2,No,0.38,Yes,No,5G,2,507,No,1
MRD-013367,No,64.34,91,4835.24,Plus,5,No,0.84,Yes,Yes,5G,1,1426,Yes,6
MRD-013368,Yes,42.34,23,873.0,Basic,4,No,0.99,No,No,4G,0,1476,Yes,7
MRD-013369,No,56.5,8,352.9,Plus,3,No,1.13,Yes,No,4G,2,1261,Yes,9
MRD-013370,No,61.39,41,4923.25,Plus,4,No,2.73,Yes,No,5G,0,1042,Yes,10
MRD-013371,No,62.73,35,3701.9,Plus,3,No,6.51,Yes,No,4G,1,562,Yes,4
MRD-013372,No,35.87,89,2130.55,Basic,3,Yes,0.41,No,No,5G,1,811,Yes,4
MRD-013373,No,96.98,82,6379.43,Premium,2,No,6.17,Yes,No,4G,1,920,No,1
MRD-013374,No,79.98,51,2085.39,Premium,1,No,5.64,Yes,No,4G,2,1366,No,5
MRD-013375,Yes,32.23,93,3574.73,Basic,3,No,8.44,Yes,Yes,4G,2,631,Yes,7
MRD-013376,Yes,31.64,65,3958.91,Basic,2,No,7.66,Yes,Yes,5G,1,84,No,6
MRD-013377,No,54.06,31,1416.84,Plus,4,No,0.24,Yes,No,4G,0,969,Yes,7
MRD-013378,No,92.26,93,7086.97,Premium,1,No,2.25,No,No,5G,1,1472,No,10
MRD-013379,Yes,65.53,86,5993.79,Plus,4,No,2.64,Yes,No,4G,3,1272,Yes,6
MRD-013380,No,76.4,49,5779.62,Premium,3,No,2.07,Yes,Yes,5G,2,1176,Yes,8
MRD-013381,No,122.79,70,13199.69,Premium,5,Yes,6.22,Yes,No,5G,3,1310,Yes,6
MRD-013382,Yes,34.28,28,2116.58,Basic,3,No,3.11,No,Yes,5G,3,1358,Yes,4
MRD-013383,No,34.56,72,3744.91,Basic,1,No,6.11,Yes,Yes,5G,0,932,No,1
MRD-013384,No,63.19,28,2478.5,Plus,1,No,4.82,No,No,5G,0,440,No,2
MRD-013385,No,101.38,46,8531.09,Premium,5,No,2.81,No,No,5G,2,1140,Yes,4
MRD-013386,No,97.48,31,3915.07,Premium,4,Yes,2.46,Yes,No,5G,3,314,Yes,5
MRD-013387,Yes,32.6,54,1267.09,Basic,3,No,1.4,Yes,No,5G,1,1464,Yes,5
MRD-013388,Yes,45.06,28,744.56,Basic,3,No,1.34,No,Yes,4G,0,1203,Yes,2
MRD-013389,No,103.86,41,2463.96,Premium,1,No,1.87,No,Yes,4G,2,1087,No,6
MRD-013390,No,28.84,66,1562.9,Basic,4,No,1.33,Yes,No,5G,3,528,Yes,8
MRD-013391,No,31.92,86,1860.8,Basic,2,No,2.33,Yes,No,4G,2,1308,No,10
MRD-013392,Yes,30.43,14,123.64,Basic,1,No,2.25,Yes,No,5G,3,856,No,2
MRD-013393,No,57.74,92,7233.03,Plus,3,Yes,0.11,Yes,No,4G,0,456,Yes,3
MRD-013394,No,70.21,43,2248.88,Plus,1,No,4.24,No,No,5G,2,729,No,3
MRD-013395,No,103.39,51,4515.7,Premium,1,No,0.38,Yes,No,5G,2,692,No,5
MRD-013396,No,32.3,26,1928.76,Basic,3,No,1.17,Yes,No,5G,2,772,Yes,7
MRD-013397,No,53.31,59,4343.07,Plus,1,No,0.09,No,Yes,4G,2,1015,No,2
MRD-013398,No,59.12,8,978.67,Plus,3,No,1.94,No,No,5G,0,1353,Yes,8
MRD-013399,Yes,63.02,80,2937.25,Plus,1,No,1.18,Yes,Yes,4G,2,861,No,2
MRD-013400,No,89.11,11,480.46,Premium,1,No,1.1,Yes,Yes,5G,3,188,No,10
MRD-013401,No,92.88,40,3384.04,Premium,2,No,1.55,No,No,5G,0,484,No,8
MRD-013402,Yes,33.97,7,365.67,Basic,1,No,2.3,No,No,4G,3,373,No,3
MRD-013403,No,28.43,85,2401.71,Basic,2,Yes,0.24,Yes,Yes,5G,0,1161,No,3
MRD-013404,Yes,36.58,49,2482.68,Basic,1,No,0.9,Yes,No,5G,3,66,No,10
MRD-013405,No,41.73,78,3943.4,Basic,1,No,3.76,No,No,5G,1,1099,No,5
MRD-013406,No,64.73,58,3169.74,Plus,4,No,2.62,Yes,No,4G,2,466,Yes,8
MRD-013407,No,31.05,35,1135.39,Basic,1,No,0.51,Yes,Yes,4G,1,747,No,2
MRD-013408,No,109.99,54,7265.11,Premium,1,Yes,3.16,Yes,No,5G,2,549,No,6
MRD-013409,No,65.88,16,602.34,Plus,2,No,9.38,Yes,Yes,5G,2,778,No,9
MRD-013410,No,100.02,45,2345.3,Premium,1,No,7.03,Yes,Yes,5G,1,299,No,4
MRD-013411,No,58.88,1,447.08,Plus,2,No,0.51,Yes,Yes,5G,2,254,No,4
MRD-013412,No,64.94,70,2564.45,Plus,3,No,6.01,Yes,Yes,5G,2,422,Yes,7
MRD-013413,Yes,34.04,25,738.12,Basic,1,No,3.32,No,No,5G,0,484,No,3
MRD-013414,No,50.37,17,1488.3,Plus,2,No,2.66,Yes,Yes,5G,1,1011,No,6
MRD-013415,No,35.8,0,64.13,Basic,3,No,1.52,Yes,No,5G,0,841,Yes,8
MRD-013416,Yes,35.79,73,3129.81,Basic,1,Yes,0.47,No,Yes,5G,1,722,No,5
MRD-013417,No,48.82,24,985.41,Plus,2,No,3.29,Yes,Yes,5G,1,866,No,2
MRD-013418,Yes,64.47,43,2491.92,Plus,1,No,6.88,No,No,5G,3,131,No,7
MRD-013419,No,56.26,27,1249.72,Plus,2,No,1.53,Yes,Yes,5G,4,1234,No,10
MRD-013420,No,33.86,20,1028.41,Basic,4,Yes,6.17,Yes,Yes,5G,0,283,Yes,3
MRD-013421,No,67.42,67,3091.26,Plus,2,No,2.02,Yes,No,5G,2,1191,No,10
MRD-013422,No,30.74,53,1521.2,Basic,1,No,0.8,Yes,Yes,5G,1,1412,No,8
MRD-013423,No,45.06,42,2354.11,Basic,2,No,1.51,Yes,Yes,5G,3,744,No,4
MRD-013424,No,80.44,64,4846.21,Premium,3,Yes,5.48,Yes,No,4G,1,1292,Yes,6
MRD-013425,Yes,33.48,12,527.16,Basic,1,No,3.13,Yes,No,5G,1,796,No,5
MRD-013426,No,54.36,75,4311.17,Plus,1,No,4.45,Yes,No,4G,1,1363,No,6
MRD-013427,Yes,54.9,68,5205.47,Plus,4,No,1.07,Yes,Yes,5G,1,56,Yes,1
MRD-013428,No,93.52,67,4497.55,Premium,4,Yes,1.52,Yes,Yes,5G,1,202,Yes,2
MRD-013429,No,64.91,53,2389.41,Plus,1,No,1.37,Yes,No,4G,3,894,No,2
MRD-013430,No,105.4,33,3942.01,Premium,3,No,3.55,No,Yes,4G,0,1460,Yes,1
MRD-013431,No,102.16,95,16898.4,Premium,1,No,4.42,Yes,No,4G,2,764,No,1
MRD-013432,No,63.42,3,353.6,Plus,5,No,1.48,Yes,No,5G,2,88,Yes,10
MRD-013433,No,58.65,32,1702.53,Plus,2,No,0.34,Yes,No,5G,0,14,No,10
MRD-013434,No,55.73,26,1295.09,Plus,2,No,1.43,Yes,Yes,4G,0,371,No,4
MRD-013435,No,111.5,39,3285.65,Premium,4,No,1.38,Yes,No,5G,2,1009,Yes,3
MRD-013436,Yes,27.3,69,2254.89,Basic,1,No,9.43,Yes,No,4G,2,1233,No,1
MRD-013437,Yes,35.3,20,1257.41,Basic,3,No,3.48,No,Yes,5G,2,1008,Yes,9
MRD-013438,No,58.46,63,7787.71,Plus,2,No,0.25,No,No,4G,2,195,No,6
MRD-013439,No,39.61,45,1941.19,Basic,1,Yes,6.0,No,No,4G,0,918,No,10
MRD-013440,No,33.32,38,1420.59,Basic,1,No,3.65,No,No,5G,0,144,No,5
MRD-013441,Yes,59.55,13,1167.35,Plus,2,No,0.17,No,Yes,4G,3,145,No,5
MRD-013442,Yes,85.65,3,726.41,Premium,1,No,3.63,Yes,No,5G,0,1476,No,7
MRD-013443,No,59.89,44,1790.73,Plus,4,No,3.48,Yes,No,4G,3,748,Yes,8
MRD-013444,No,38.95,86,5854.08,Basic,1,Yes,3.93,Yes,Yes,5G,1,155,No,8
MRD-013445,No,68.05,50,2413.05,Plus,4,Yes,7.29,Yes,No,5G,4,1043,Yes,6
MRD-013446,No,104.24,53,8823.85,Premium,1,No,5.16,Yes,Yes,5G,0,683,No,4
MRD-013447,No,65.05,44,3372.03,Plus,5,No,2.78,Yes,Yes,5G,5,743,Yes,2
MRD-013448,No,34.0,75,2293.88,Basic,2,No,7.23,Yes,No,4G,2,1483,No,5
MRD-013449,No,43.73,66,4901.33,Basic,1,No,4.0,Yes,Yes,4G,2,826,No,3
MRD-013450,Yes,48.4,79,3940.11,Plus,1,No,0.16,No,No,4G,3,583,No,5
MRD-013451,No,49.93,58,4759.12,Plus,1,No,1.74,No,No,5G,2,816,No,2
MRD-013452,No,122.59,11,1304.92,Premium,2,No,1.42,Yes,Yes,5G,2,979,No,1
MRD-013453,No,42.19,37,1077.93,Basic,4,No,5.55,Yes,Yes,4G,2,1281,Yes,5
MRD-013454,No,95.33,57,5009.23,Premium,1,No,0.17,Yes,Yes,5G,0,564,No,8
MRD-013455,Yes,34.49,41,1212.25,Basic,1,No,1.98,No,No,5G,2,1070,No,9
MRD-013456,No,106.6,55,5470.55,Premium,2,No,1.13,Yes,Yes,5G,2,876,No,3
MRD-013457,Yes,29.78,86,4644.73,Basic,1,No,0.89,Yes,No,5G,2,787,No,3
MRD-013458,No,41.5,62,823.44,Basic,1,No,3.14,Yes,No,4G,3,1390,No,7
MRD-013459,No,40.73,66,1994.07,Basic,3,Yes,2.96,Yes,No,4G,1,838,Yes,4
MRD-013460,No,49.94,87,9443.01,Plus,2,No,5.7,Yes,Yes,5G,2,685,No,5
MRD-013461,No,74.82,26,1491.92,Premium,1,No,0.15,Yes,Yes,5G,4,43,No,3
MRD-013462,No,54.33,32,1393.79,Plus,2,No,2.44,Yes,Yes,5G,4,474,No,8
MRD-013463,No,69.59,40,6341.44,Plus,1,Yes,1.88,Yes,Yes,4G,3,1239,No,9
MRD-013464,Yes,34.56,33,1755.6,Basic,1,No,1.11,Yes,No,5G,0,431,No,6
MRD-013465,Yes,37.95,55,2290.96,Basic,1,No,4.1,No,No,4G,2,64,No,1
MRD-013466,No,24.68,59,1632.78,Basic,1,No,0.24,Yes,No,5G,1,152,No,9
MRD-013467,No,65.0,63,4977.31,Plus,2,No,5.89,Yes,Yes,5G,5,993,No,4
MRD-013468,No,114.01,95,12880.77,Premium,1,No,4.02,Yes,Yes,5G,1,796,No,10
MRD-013469,Yes,31.63,34,1135.07,Basic,5,No,0.99,Yes,No,5G,1,994,Yes,5
MRD-013470,No,67.55,11,144.15,Plus,3,Yes,10.38,No,No,5G,1,1019,Yes,6
MRD-013471,No,96.09,96,10848.91,Premium,3,No,2.87,No,Yes,4G,0,388,Yes,2
MRD-013472,Yes,57.86,39,3338.72,Plus,4,No,2.17,Yes,Yes,5G,1,1405,Yes,7
MRD-013473,Yes,38.2,88,3638.24,Basic,1,Yes,3.26,Yes,No,5G,1,921,No,2
MRD-013474,No,55.63,93,1370.8,Plus,1,Yes,6.73,No,No,5G,3,979,No,9
MRD-013475,No,49.83,76,3678.76,Plus,3,Yes,3.65,No,Yes,4G,1,1430,Yes,5
MRD-013476,No,89.97,38,7120.96,Premium,5,No,9.18,Yes,No,4G,2,619,Yes,9
MRD-013477,No,38.41,46,1743.19,Basic,5,Yes,2.06,Yes,No,4G,1,159,Yes,9
MRD-013478,Yes,35.69,93,2735.93,Basic,2,No,16.52,No,Yes,4G,0,737,No,7
MRD-013479,No,57.26,9,455.53,Plus,5,No,1.89,No,No,5G,0,294,Yes,7
MRD-013480,No,113.77,25,2131.66,Premium,4,No,7.12,Yes,Yes,4G,1,121,Yes,1
MRD-013481,No,117.29,24,4704.7,Premium,5,No,3.9,Yes,No,5G,1,176,Yes,1
MRD-013482,No,91.38,46,6043.08,Premium,2,Yes,0.11,Yes,Yes,4G,1,386,No,6
MRD-013483,Yes,51.5,73,2615.83,Plus,1,No,2.74,Yes,Yes,5G,3,45,No,2
MRD-013484,No,55.15,0,443.29,Plus,5,No,0.74,No,Yes,5G,1,572,Yes,7
MRD-013485,No,64.83,75,5902.55,Plus,3,No,4.12,No,No,5G,0,11,Yes,2
MRD-013486,Yes,52.82,82,3378.91,Plus,2,No,6.71,Yes,No,5G,3,1214,No,8
MRD-013487,No,88.11,49,3754.2,Premium,2,No,2.06,Yes,No,5G,2,1004,No,4
MRD-013488,No,40.86,89,2821.6,Basic,2,No,0.65,Yes,No,5G,0,1177,No,1
MRD-013489,No,103.82,65,7965.79,Premium,2,Yes,0.19,No,No,5G,2,451,No,3
MRD-013490,Yes,61.24,95,4125.23,Plus,2,No,0.89,Yes,No,5G,1,1210,No,3
MRD-013491,No,112.66,45,3013.41,Premium,1,No,3.51,No,Yes,5G,1,1186,No,10
MRD-013492,Yes,46.34,31,1662.98,Plus,1,No,7.58,Yes,No,4G,1,30,No,1
MRD-013493,No,47.08,73,4405.98,Plus,1,Yes,5.18,Yes,Yes,5G,0,391,No,3
MRD-013494,Yes,50.31,7,433.32,Plus,2,No,1.1,No,No,5G,1,5,No,2
MRD-013495,No,57.21,68,9207.06,Plus,1,No,1.16,Yes,No,5G,1,835,No,1
MRD-013496,No,51.73,75,4803.09,Plus,4,No,2.79,Yes,Yes,4G,1,939,Yes,3
MRD-013497,No,38.47,96,3393.38,Basic,1,Yes,3.45,Yes,Yes,5G,2,976,No,2
MRD-013498,No,86.9,59,7423.25,Premium,2,No,7.09,Yes,Yes,5G,0,1,No,9
MRD-013499,No,58.68,93,19901.08,Plus,3,No,1.51,Yes,No,4G,3,964,Yes,5
MRD-013500,No,20.78,85,1781.77,Basic,5,Yes,4.84,Yes,Yes,4G,0,77,Yes,1
MRD-013501,Yes,37.06,54,3378.0,Basic,5,No,3.28,No,Yes,4G,1,366,Yes,5
MRD-013502,No,62.59,61,1934.64,Plus,1,No,0.98,Yes,Yes,5G,1,369,No,8
MRD-013503,Yes,26.22,36,1087.93,Basic,4,No,6.75,No,Yes,5G,2,12,Yes,3
MRD-013504,Yes,50.87,43,1632.67,Plus,3,No,4.71,No,Yes,5G,0,1380,Yes,8
MRD-013505,Yes,41.23,7,400.7,Basic,3,No,1.93,Yes,No,4G,1,489,Yes,3
MRD-013506,No,34.22,88,2243.75,Basic,3,No,18.3,Yes,Yes,5G,1,921,Yes,4
MRD-013507,No,87.58,56,4297.36,Premium,2,No,0.52,Yes,Yes,5G,1,405,No,4
MRD-013508,Yes,42.77,86,2181.81,Basic,1,No,1.07,No,Yes,5G,1,864,No,6
MRD-013509,No,42.91,51,2165.18,Basic,1,No,1.22,Yes,Yes,4G,2,1226,No,8
MRD-013510,No,72.08,4,262.37,Plus,1,Yes,8.72,Yes,No,5G,1,649,No,9
MRD-013511,No,103.77,87,13686.42,Premium,1,Yes,4.13,No,Yes,4G,0,1094,No,6
MRD-013512,Yes,31.81,46,2881.49,Basic,2,Yes,2.08,Yes,Yes,5G,4,919,No,6
MRD-013513,No,30.6,8,732.36,Basic,1,No,1.45,Yes,Yes,5G,1,53,No,10
MRD-013514,No,42.0,11,570.08,Plus,3,No,1.63,Yes,Yes,5G,3,931,Yes,8
MRD-013515,No,117.14,26,1499.72,Premium,3,No,4.0,Yes,No,4G,0,436,Yes,3
MRD-013516,No,69.92,1,240.08,Plus,1,Yes,1.7,Yes,No,5G,1,288,No,8
MRD-013517,Yes,42.0,9,548.39,Plus,1,No,0.39,Yes,No,5G,3,1324,No,1
MRD-013518,No,34.71,71,1924.3,Basic,1,No,1.1,Yes,No,4G,2,415,No,8
MRD-013519,No,34.2,18,1436.74,Basic,1,Yes,2.1,No,Yes,4G,1,1297,No,6
MRD-013520,Yes,56.22,34,1061.79,Plus,1,No,1.09,No,Yes,5G,0,192,No,3
MRD-013521,No,71.64,79,5729.13,Plus,1,Yes,0.98,Yes,Yes,4G,0,1154,No,9
MRD-013522,No,65.09,40,3036.84,Plus,2,No,10.12,Yes,No,5G,1,425,No,10
MRD-013523,No,36.54,64,2211.93,Basic,1,No,2.12,Yes,Yes,5G,1,1309,No,2
MRD-013524,No,28.68,66,1350.4,Basic,2,No,1.02,Yes,No,4G,0,857,No,7
MRD-013525,No,26.97,88,2157.26,Basic,4,No,4.78,No,No,4G,0,861,Yes,4
MRD-013526,No,57.44,75,3642.09,Plus,5,No,13.26,No,No,4G,1,1200,Yes,2
MRD-013527,No,37.72,75,3611.12,Basic,1,No,1.97,Yes,No,5G,1,1328,No,7
MRD-013528,No,79.09,30,3303.57,Premium,1,No,5.9,Yes,Yes,5G,1,713,No,4
MRD-013529,Yes,30.59,54,979.32,Basic,1,No,10.32,No,No,4G,1,636,No,5
MRD-013530,No,61.88,92,4117.7,Plus,1,No,3.63,Yes,No,4G,0,1176,No,3
MRD-013531,No,113.21,42,17258.64,Premium,2,No,2.67,No,No,5G,3,1020,No,7
MRD-013532,No,110.9,92,8289.2,Premium,1,No,4.48,No,No,5G,0,1031,No,1
MRD-013533,No,130.7,32,6682.49,Premium,4,No,0.91,Yes,No,5G,1,884,Yes,10
MRD-013534,No,100.53,75,7330.88,Premium,2,No,3.49,No,No,4G,2,1172,No,7
MRD-013535,No,105.68,70,26114.82,Premium,2,No,3.75,No,No,5G,1,471,No,10
MRD-013536,No,57.11,26,1892.42,Plus,1,No,4.29,No,No,5G,1,474,No,8
MRD-013537,No,59.3,12,782.02,Plus,2,No,10.06,Yes,No,5G,2,1149,No,5
MRD-013538,No,37.97,34,2652.65,Basic,2,No,4.35,Yes,No,5G,1,841,No,9
MRD-013539,No,44.63,71,1918.68,Basic,2,No,3.35,Yes,Yes,5G,3,807,No,2
MRD-013540,No,75.23,95,5674.99,Premium,3,No,14.05,Yes,No,5G,2,1050,Yes,4
MRD-013541,No,98.3,36,4412.29,Premium,1,No,0.86,Yes,No,5G,0,196,No,1
MRD-013542,No,45.24,23,1065.78,Plus,1,No,0.72,Yes,No,4G,2,1439,No,2
MRD-013543,Yes,38.65,17,313.21,Basic,3,No,3.91,No,No,4G,1,529,Yes,3
MRD-013544,No,63.39,8,536.8,Plus,2,Yes,1.52,Yes,Yes,5G,2,286,No,9
MRD-013545,No,36.91,9,142.34,Basic,2,No,1.77,Yes,No,5G,0,258,No,6
MRD-013546,No,47.3,4,181.07,Plus,4,Yes,1.85,Yes,Yes,5G,1,925,Yes,4
MRD-013547,No,53.89,64,2546.64,Plus,1,No,2.11,No,No,4G,0,1001,No,3
MRD-013548,No,31.58,69,2355.35,Basic,2,No,10.38,Yes,No,5G,2,669,No,9
MRD-013549,Yes,56.44,51,3417.05,Plus,4,No,3.71,Yes,No,4G,1,527,Yes,5
MRD-013550,No,68.42,57,3741.76,Plus,2,No,1.89,No,No,4G,1,575,No,7
MRD-013551,No,59.16,42,1887.1,Plus,4,Yes,2.19,Yes,Yes,5G,2,210,Yes,8
MRD-013552,Yes,40.85,71,1602.6,Basic,1,No,0.68,Yes,No,5G,0,985,No,7
MRD-013553,No,99.28,59,5680.83,Premium,4,No,1.98,Yes,No,5G,0,590,Yes,2
MRD-013554,No,66.07,24,1882.23,Plus,4,No,8.93,Yes,Yes,4G,0,1309,Yes,1
MRD-013555,No,76.6,73,12376.63,Plus,1,No,3.64,Yes,No,4G,1,531,No,7
MRD-013556,No,73.47,22,2932.89,Plus,3,No,9.52,No,Yes,4G,2,1323,Yes,10
MRD-013557,No,102.88,50,8000.7,Premium,3,No,17.06,No,Yes,4G,2,76,Yes,7
MRD-013558,Yes,90.41,73,3706.85,Premium,4,No,0.77,No,No,5G,2,829,Yes,2
MRD-013559,No,62.79,31,2073.48,Plus,3,Yes,0.17,Yes,Yes,5G,2,741,Yes,10
MRD-013560,No,93.83,35,5762.08,Premium,3,No,1.91,Yes,Yes,5G,0,119,Yes,4
MRD-013561,No,69.5,19,1591.69,Premium,1,No,6.78,Yes,Yes,5G,0,889,No,6
MRD-013562,No,105.79,28,2323.42,Premium,4,Yes,0.41,Yes,No,4G,2,475,Yes,3
MRD-013563,No,31.54,68,2487.91,Basic,5,Yes,0.27,Yes,Yes,5G,0,1454,Yes,4
MRD-013564,No,31.44,87,2082.3,Basic,2,No,1.69,Yes,No,4G,1,1052,No,8
MRD-013565,No,29.75,12,265.98,Basic,3,No,1.75,Yes,No,5G,0,130,Yes,9
MRD-013566,No,56.93,63,2708.31,Plus,2,Yes,2.79,Yes,No,5G,1,225,No,10
MRD-013567,No,57.8,78,3388.93,Plus,4,No,1.5,Yes,No,5G,0,401,Yes,4
MRD-013568,No,59.89,78,4825.52,Plus,3,No,0.86,Yes,Yes,5G,1,206,Yes,4
MRD-013569,No,37.58,92,2682.12,Basic,2,Yes,1.58,Yes,No,5G,4,384,No,8
MRD-013570,Yes,39.3,13,702.87,Basic,2,No,0.69,Yes,No,5G,1,852,No,2
MRD-013571,No,48.3,23,1431.6,Plus,1,No,3.07,Yes,Yes,5G,1,735,No,6
MRD-013572,No,35.9,65,2831.65,Basic,2,Yes,9.36,Yes,No,5G,2,807,No,7
MRD-013573,No,59.58,21,1577.27,Plus,2,No,1.37,Yes,Yes,5G,0,1348,No,6
MRD-013574,Yes,40.12,32,1825.98,Basic,5,No,8.41,Yes,No,5G,3,332,Yes,8
MRD-013575,No,48.66,65,2451.01,Plus,3,Yes,2.36,Yes,Yes,4G,0,1315,Yes,10
MRD-013576,No,68.73,67,4349.19,Premium,1,Yes,2.28,Yes,No,4G,0,745,No,1
MRD-013577,No,103.0,77,5747.84,Premium,2,Yes,10.94,Yes,No,5G,0,1408,No,7
MRD-013578,No,36.48,81,1960.77,Basic,3,Yes,4.78,Yes,No,4G,1,96,Yes,2
MRD-013579,No,58.3,1,199.9,Plus,3,No,8.6,Yes,No,5G,1,1478,Yes,5
MRD-013580,No,116.38,75,7568.73,Premium,4,Yes,5.06,Yes,Yes,5G,2,200,Yes,7
MRD-013581,Yes,86.71,8,940.91,Premium,2,No,1.2,No,Yes,5G,0,1083,No,10
MRD-013582,No,32.14,57,2895.46,Basic,1,No,1.59,Yes,Yes,5G,1,1101,No,3
MRD-013583,No,52.93,55,4000.33,Plus,1,No,0.36,Yes,No,5G,1,262,No,3
MRD-013584,No,82.71,38,4328.04,Premium,1,Yes,1.99,Yes,No,5G,0,550,No,3
MRD-013585,No,58.94,37,1718.78,Plus,2,No,0.64,Yes,No,5G,2,639,No,9
MRD-013586,No,74.94,56,1604.88,Plus,1,No,0.59,Yes,Yes,5G,2,641,No,10
MRD-013587,No,59.79,87,8205.42,Plus,3,No,4.49,Yes,No,4G,0,243,Yes,4
MRD-013588,No,53.03,43,1945.48,Plus,1,No,0.72,No,No,4G,1,673,No,4
MRD-013589,No,60.19,72,2916.06,Plus,2,Yes,1.09,Yes,No,4G,3,671,No,6
MRD-013590,No,33.35,6,780.44,Basic,1,No,1.98,Yes,No,5G,0,1427,No,7
MRD-013591,No,59.97,50,2625.59,Plus,2,Yes,0.43,No,No,5G,1,633,No,5
MRD-013592,No,63.95,5,494.95,Plus,2,No,2.25,Yes,Yes,5G,1,424,No,9
MRD-013593,No,51.66,67,2691.68,Plus,5,No,15.7,No,No,5G,1,498,Yes,5
MRD-013594,No,55.52,91,8252.21,Plus,1,No,1.31,Yes,Yes,5G,1,426,No,3
MRD-013595,No,62.14,87,6720.63,Plus,3,No,0.5,No,Yes,5G,2,1003,Yes,10
MRD-013596,No,58.41,90,2722.1,Plus,2,No,0.67,Yes,Yes,5G,3,663,No,3
MRD-013597,No,71.23,82,12200.16,Plus,5,No,0.33,No,No,5G,2,1066,Yes,5
MRD-013598,No,111.52,58,5501.66,Premium,4,No,2.47,No,No,5G,1,670,Yes,3
MRD-013599,No,62.68,60,2326.42,Plus,1,Yes,3.75,Yes,No,4G,1,449,No,9
MRD-013600,No,57.47,28,1663.21,Plus,4,No,0.26,Yes,No,5G,2,520,Yes,10
MRD-013601,Yes,56.25,66,5048.2,Plus,4,No,9.25,No,Yes,4G,4,610,Yes,1
MRD-013602,Yes,39.86,36,1425.18,Basic,1,Yes,3.45,Yes,No,5G,2,1487,No,8
MRD-013603,No,59.75,16,693.5,Plus,1,No,3.77,Yes,No,5G,0,1237,No,4
MRD-013604,No,26.88,27,437.82,Basic,2,No,0.12,Yes,No,4G,0,630,No,10
MRD-013605,No,33.49,12,1047.26,Basic,1,No,2.53,Yes,Yes,5G,2,905,No,8
MRD-013606,No,65.41,27,2174.83,Plus,2,Yes,4.08,Yes,Yes,5G,1,872,No,9
MRD-013607,No,39.25,91,3224.77,Basic,1,No,0.3,Yes,Yes,5G,2,778,No,8
MRD-013608,No,40.62,21,969.4,Basic,2,Yes,2.16,Yes,Yes,5G,2,1351,No,6
MRD-013609,No,52.21,1,423.95,Plus,2,No,5.67,Yes,Yes,5G,3,835,No,9
MRD-013610,No,34.52,30,1695.22,Basic,2,Yes,3.93,No,No,5G,1,13,No,5
MRD-013611,No,52.3,52,2435.61,Plus,1,No,2.64,No,Yes,4G,1,1198,No,9
MRD-013612,Yes,88.85,87,9058.11,Premium,1,No,0.11,No,Yes,5G,0,139,No,10
MRD-013613,Yes,63.23,13,1285.77,Plus,1,Yes,7.86,No,No,5G,3,1216,No,1
MRD-013614,No,37.42,28,1716.81,Basic,3,No,5.58,No,Yes,5G,0,204,Yes,8
MRD-013615,No,33.33,0,0.0,Basic,2,No,2.56,Yes,No,5G,3,1428,No,4
MRD-013616,No,81.28,1,300.54,Premium,2,No,2.53,No,No,5G,3,478,No,6
MRD-013617,No,108.61,12,1462.74,Premium,1,No,8.31,No,No,5G,3,1495,No,1
MRD-013618,No,49.47,19,1618.12,Plus,1,No,5.9,No,No,5G,0,104,No,8
MRD-013619,No,58.35,83,7931.17,Plus,2,No,1.43,No,Yes,5G,0,1040,No,9
MRD-013620,No,40.7,96,4209.91,Basic,1,No,1.36,Yes,No,4G,1,934,No,6
MRD-013621,No,61.51,94,6853.78,Plus,3,No,3.35,Yes,Yes,5G,1,531,Yes,2
MRD-013622,Yes,29.59,58,1619.42,Basic,1,No,0.72,No,No,4G,1,847,No,9
MRD-013623,Yes,53.01,11,459.86,Plus,1,No,2.45,Yes,No,4G,4,1110,No,9
MRD-013624,No,32.16,83,4093.0,Basic,3,No,3.13,No,Yes,4G,0,39,Yes,8
MRD-013625,No,103.62,38,4026.09,Premium,3,No,4.44,No,No,4G,0,109,Yes,10
MRD-013626,No,73.28,66,6490.99,Plus,2,No,3.89,No,No,5G,0,973,No,4
MRD-013627,No,91.12,88,3784.01,Premium,5,Yes,0.07,Yes,No,5G,5,630,Yes,1
MRD-013628,No,90.49,22,3614.7,Premium,2,Yes,2.75,No,Yes,5G,0,665,No,2
MRD-013629,No,88.08,9,613.51,Premium,4,No,2.95,Yes,No,5G,1,651,Yes,4
MRD-013630,No,108.97,95,4090.59,Premium,2,No,3.81,Yes,No,5G,0,550,No,7
MRD-013631,No,77.85,79,7526.99,Premium,2,No,8.73,Yes,Yes,4G,3,1482,No,6
MRD-013632,No,74.75,35,3975.19,Premium,1,No,1.49,Yes,No,5G,0,1489,No,4
MRD-013633,No,39.79,33,1110.95,Basic,3,No,3.32,Yes,Yes,5G,1,656,Yes,8
MRD-013634,No,65.5,64,5760.73,Plus,2,No,8.42,Yes,Yes,5G,1,100,No,2
MRD-013635,No,54.71,43,3872.08,Plus,2,Yes,0.77,Yes,No,5G,1,757,No,1
MRD-013636,No,38.94,28,1816.83,Basic,2,No,4.4,Yes,Yes,5G,1,404,No,5
MRD-013637,No,67.24,22,2476.32,Plus,3,No,0.54,Yes,Yes,5G,2,314,Yes,3
MRD-013638,No,74.49,11,1395.73,Plus,1,No,1.33,Yes,No,5G,2,1152,No,10
MRD-013639,No,33.67,55,1023.41,Basic,4,No,4.33,No,No,5G,2,295,Yes,10
MRD-013640,No,100.76,63,4671.21,Premium,3,Yes,8.8,Yes,Yes,4G,1,939,Yes,8
MRD-013641,No,68.18,19,1243.85,Plus,1,No,3.77,No,Yes,5G,3,67,No,3
MRD-013642,No,92.99,57,3408.94,Premium,2,No,3.04,Yes,Yes,4G,1,1358,No,2
MRD-013643,No,56.79,37,1941.92,Plus,1,No,5.27,Yes,Yes,5G,1,1299,No,4
MRD-013644,Yes,46.66,62,5009.47,Basic,2,No,5.19,Yes,No,4G,1,185,No,1
MRD-013645,No,100.93,0,131.83,Premium,2,No,1.82,Yes,Yes,4G,2,684,No,9
MRD-013646,No,59.93,77,6002.08,Plus,2,Yes,4.95,Yes,Yes,5G,2,773,No,9
MRD-013647,No,88.29,5,124.81,Premium,2,No,3.58,Yes,No,5G,1,343,No,1
MRD-013648,Yes,45.83,95,7361.32,Basic,1,No,0.8,No,No,4G,1,1025,No,10
MRD-013649,No,43.57,96,6355.46,Basic,3,No,2.48,Yes,No,4G,1,275,Yes,5
MRD-013650,Yes,52.27,68,2580.31,Plus,1,No,4.55,No,No,4G,0,72,No,3
MRD-013651,Yes,28.32,24,606.51,Basic,1,No,4.44,Yes,Yes,4G,3,555,No,10
MRD-013652,No,57.06,78,3654.86,Plus,1,No,3.47,Yes,No,5G,0,21,No,10
MRD-013653,No,39.97,71,2874.5,Basic,4,No,2.28,Yes,Yes,4G,1,1213,Yes,1
MRD-013654,No,37.61,38,2149.66,Basic,1,No,3.96,No,No,4G,2,1453,No,8
MRD-013655,No,28.69,44,2295.51,Basic,1,No,0.05,Yes,No,4G,5,1304,No,6
MRD-013656,No,26.78,10,505.73,Basic,3,No,0.15,No,Yes,5G,0,1289,Yes,9
MRD-013657,Yes,41.22,70,1928.57,Basic,5,No,3.43,Yes,Yes,5G,2,1157,Yes,1
MRD-013658,No,58.31,46,2048.93,Plus,2,Yes,0.61,Yes,No,5G,0,436,No,7
MRD-013659,No,38.59,65,3685.95,Basic,2,No,1.93,Yes,No,4G,1,1125,No,2
MRD-013660,No,31.91,79,2544.18,Basic,1,No,1.46,Yes,Yes,5G,3,97,No,6
MRD-013661,No,50.59,31,910.19,Plus,4,Yes,3.23,No,Yes,5G,1,1080,Yes,5
MRD-013662,No,32.28,3,110.05,Basic,2,No,0.85,Yes,No,4G,0,257,No,1
MRD-013663,No,104.59,20,3476.93,Premium,3,No,0.59,Yes,Yes,4G,1,1268,Yes,7
MRD-013664,No,100.06,90,7809.48,Premium,1,No,6.37,Yes,No,4G,1,1467,No,3
MRD-013665,No,96.82,63,9127.31,Premium,1,No,3.1,Yes,No,5G,0,350,No,4
MRD-013666,No,106.09,86,14202.07,Premium,2,No,8.71,Yes,Yes,5G,1,1463,No,6
MRD-013667,No,31.68,66,2915.44,Basic,1,No,0.39,Yes,No,4G,1,224,No,2
MRD-013668,No,59.81,87,4985.1,Plus,3,No,0.74,Yes,No,5G,2,1123,Yes,6
MRD-013669,No,70.84,62,2647.9,Plus,1,No,1.31,Yes,No,4G,3,1245,No,9
MRD-013670,No,104.42,72,5340.97,Premium,3,No,0.95,Yes,No,5G,0,1027,Yes,1
MRD-013671,No,61.29,76,5439.65,Plus,1,No,2.59,No,No,5G,1,227,No,7
MRD-013672,No,34.84,47,2074.61,Basic,1,No,1.03,No,Yes,5G,0,1473,No,6
MRD-013673,No,58.56,34,3148.08,Plus,4,Yes,5.77,No,No,4G,2,797,Yes,9
MRD-013674,No,67.7,15,1048.08,Plus,2,No,2.71,No,No,5G,1,528,No,10
MRD-013675,Yes,26.97,23,315.8,Basic,2,Yes,8.16,Yes,No,4G,1,498,No,1
MRD-013676,No,78.11,56,6677.49,Premium,1,No,1.91,Yes,Yes,5G,3,27,No,4
MRD-013677,No,64.46,14,904.81,Plus,1,No,2.5,Yes,Yes,5G,1,193,No,1
MRD-013678,No,38.18,65,3353.6,Basic,1,No,2.2,No,Yes,5G,1,1084,No,6
MRD-013679,Yes,36.09,35,1000.18,Basic,3,No,2.1,No,Yes,5G,1,773,Yes,5
MRD-013680,No,50.68,80,4231.27,Plus,1,No,0.78,No,Yes,5G,2,989,No,2
MRD-013681,Yes,60.47,27,1904.39,Plus,1,No,3.09,Yes,No,5G,1,914,No,9
MRD-013682,No,70.23,69,2953.28,Plus,1,Yes,13.34,No,No,5G,1,352,No,8
MRD-013683,No,53.49,63,3865.21,Plus,5,Yes,2.37,Yes,Yes,5G,1,804,Yes,5
MRD-013684,No,64.43,9,235.6,Plus,1,No,4.53,Yes,Yes,5G,1,467,No,3
MRD-013685,Yes,65.82,78,16547.9,Plus,1,Yes,6.83,Yes,Yes,5G,2,1320,No,3
MRD-013686,Yes,38.38,71,2006.17,Basic,4,No,2.71,No,No,4G,0,153,Yes,1
MRD-013687,No,42.37,73,6219.07,Basic,1,No,0.28,Yes,Yes,5G,1,178,No,1
MRD-013688,No,117.55,82,7240.52,Premium,2,Yes,2.93,Yes,No,5G,3,1041,No,10
MRD-013689,No,38.1,2,86.73,Basic,2,No,6.63,No,No,5G,1,1417,No,3
MRD-013690,No,55.52,3,92.33,Plus,1,No,3.23,Yes,No,4G,0,1358,No,10
MRD-013691,No,119.36,49,11249.99,Premium,2,No,6.55,Yes,Yes,5G,0,435,No,3
MRD-013692,No,70.75,25,2121.66,Plus,4,No,0.1,Yes,No,4G,1,156,Yes,6
MRD-013693,No,94.65,17,1577.87,Premium,2,No,0.56,Yes,Yes,5G,1,853,No,8
MRD-013694,No,40.17,93,3048.12,Basic,3,Yes,0.29,Yes,No,5G,1,76,Yes,8
MRD-013695,No,55.31,87,4818.66,Plus,2,No,1.44,Yes,Yes,5G,3,1485,No,8
MRD-013696,No,85.49,16,4057.08,Premium,2,No,6.25,Yes,Yes,5G,3,821,No,3
MRD-013697,No,88.39,72,4175.01,Premium,1,Yes,2.44,Yes,Yes,5G,1,385,No,6
MRD-013698,No,70.51,63,4528.7,Plus,3,No,0.68,Yes,No,5G,3,1130,Yes,7
MRD-013699,No,114.63,47,7064.72,Premium,1,No,19.02,Yes,Yes,4G,1,250,No,9
MRD-013700,No,87.94,49,4262.67,Premium,2,Yes,3.01,Yes,Yes,4G,2,1289,No,9
MRD-013701,No,49.54,15,597.52,Plus,2,No,5.59,Yes,No,5G,2,528,No,9
MRD-013702,No,72.18,12,1055.82,Premium,1,No,0.41,Yes,No,4G,2,283,No,8
MRD-013703,Yes,27.61,27,441.97,Basic,1,No,1.29,Yes,No,5G,1,386,No,6
MRD-013704,Yes,31.76,70,899.23,Basic,1,No,1.36,No,No,5G,0,774,No,1
MRD-013705,No,60.09,13,1210.37,Plus,1,No,2.58,Yes,No,5G,1,821,No,7
MRD-013706,No,96.45,1,311.53,Premium,1,No,3.72,Yes,Yes,4G,2,1325,No,6
MRD-013707,Yes,82.98,4,504.98,Premium,1,No,2.47,Yes,No,4G,1,1357,No,7
MRD-013708,Yes,40.61,34,2350.54,Basic,1,No,3.92,No,No,5G,1,359,No,2
MRD-013709,No,58.5,66,2314.96,Plus,2,No,1.15,Yes,No,5G,1,1258,No,4
MRD-013710,No,27.49,17,174.85,Basic,4,No,3.96,No,No,4G,0,129,Yes,2
MRD-013711,No,69.44,67,3356.23,Plus,2,No,2.31,Yes,Yes,5G,3,268,No,4
MRD-013712,No,65.07,29,1267.99,Plus,2,No,1.18,No,No,5G,1,467,No,5
MRD-013713,No,86.8,91,6053.75,Premium,1,Yes,2.06,Yes,No,4G,0,83,No,7
MRD-013714,No,63.51,36,2955.54,Plus,1,No,2.41,Yes,Yes,5G,4,264,No,6
MRD-013715,No,91.64,1,360.92,Premium,3,No,2.86,No,Yes,5G,0,903,Yes,3
MRD-013716,No,98.09,29,2848.16,Premium,2,No,2.87,No,No,5G,1,1252,No,7
MRD-013717,No,30.38,30,1056.08,Basic,3,No,1.07,Yes,No,5G,2,793,Yes,10
MRD-013718,Yes,60.88,52,4831.13,Plus,4,No,2.1,Yes,No,4G,1,492,Yes,3
MRD-013719,No,95.11,30,3871.91,Premium,1,Yes,1.27,No,No,4G,3,195,No,2
MRD-013720,No,32.19,77,2240.86,Basic,1,No,2.08,Yes,Yes,4G,2,625,No,9
MRD-013721,No,94.04,50,3510.61,Premium,1,No,4.75,Yes,No,5G,1,699,No,10
MRD-013722,No,60.97,20,2299.78,Plus,2,No,10.25,Yes,Yes,5G,3,163,No,7
MRD-013723,No,38.67,30,1295.74,Basic,1,No,4.44,Yes,No,5G,1,226,No,5
MRD-013724,No,55.29,22,2219.39,Plus,3,No,3.67,No,Yes,5G,1,458,Yes,3
MRD-013725,No,31.87,48,2140.62,Basic,1,No,4.72,No,No,5G,1,1488,No,10
MRD-013726,No,78.34,52,3293.78,Plus,3,No,0.87,Yes,Yes,5G,3,525,Yes,3
MRD-013727,No,34.12,90,2743.53,Basic,1,No,1.95,Yes,No,5G,1,526,No,5
MRD-013728,Yes,101.16,54,4864.5,Premium,5,No,9.75,Yes,No,5G,0,935,Yes,5
MRD-013729,No,28.82,88,2191.56,Basic,1,No,7.34,Yes,No,5G,1,888,No,3
MRD-013730,No,110.02,28,3399.31,Premium,2,No,0.1,Yes,Yes,5G,1,978,No,5
MRD-013731,Yes,38.7,40,1149.57,Basic,3,No,0.3,Yes,Yes,5G,4,482,Yes,2
MRD-013732,Yes,27.36,80,2912.63,Basic,1,No,4.19,No,No,5G,2,187,No,2
MRD-013733,No,61.73,62,3042.88,Plus,2,No,1.45,Yes,No,5G,2,91,No,4
MRD-013734,No,61.54,67,2321.22,Plus,3,No,8.04,Yes,Yes,5G,4,335,Yes,1
MRD-013735,No,40.63,45,1836.74,Basic,2,No,1.79,Yes,Yes,5G,4,870,No,8
MRD-013736,No,102.72,74,6979.93,Premium,3,No,1.93,Yes,No,5G,2,319,Yes,4
MRD-013737,No,25.35,64,1828.64,Basic,5,No,5.61,Yes,Yes,4G,5,1484,Yes,4
MRD-013738,No,114.43,46,10894.4,Premium,2,Yes,1.21,No,No,5G,1,626,No,5
MRD-013739,Yes,40.36,33,2346.37,Basic,1,No,1.42,Yes,No,5G,0,887,No,10
MRD-013740,Yes,99.49,31,3370.65,Premium,1,No,4.82,Yes,Yes,5G,1,569,No,1
MRD-013741,No,93.34,70,9991.6,Premium,1,No,6.2,No,Yes,4G,2,671,No,8
MRD-013742,No,28.59,78,2361.1,Basic,2,No,9.11,No,Yes,4G,2,425,No,10
MRD-013743,No,37.03,38,793.35,Basic,1,No,2.06,No,Yes,4G,0,621,No,4
MRD-013744,No,56.52,5,555.24,Plus,1,No,13.51,Yes,Yes,5G,1,22,No,1
MRD-013745,No,29.71,20,513.78,Basic,1,No,2.3,Yes,No,5G,5,373,No,8
MRD-013746,No,34.57,3,471.4,Basic,3,No,1.92,Yes,Yes,4G,1,364,Yes,8
MRD-013747,No,29.82,47,1112.72,Basic,2,No,1.73,Yes,No,4G,1,1264,No,3
MRD-013748,No,96.46,29,2572.48,Premium,1,No,2.92,Yes,Yes,4G,3,938,No,9
MRD-013749,No,37.34,42,1554.63,Basic,4,No,0.14,No,No,5G,1,603,Yes,9
MRD-013750,No,33.76,90,4827.17,Basic,2,No,1.79,No,No,5G,4,528,No,2
MRD-013751,No,38.25,80,3270.22,Basic,5,No,1.48,Yes,Yes,5G,1,1010,Yes,10
MRD-013752,Yes,38.68,93,2435.75,Basic,2,No,5.52,Yes,No,5G,2,343,No,2
MRD-013753,No,34.19,86,2260.08,Basic,1,No,4.53,No,No,4G,2,537,No,8
MRD-013754,No,32.42,0,281.44,Basic,3,No,11.4,Yes,Yes,4G,1,205,Yes,5
MRD-013755,No,34.53,18,421.88,Basic,2,No,1.84,Yes,Yes,5G,1,985,No,4
MRD-013756,Yes,41.74,24,718.33,Basic,2,No,3.21,Yes,Yes,5G,0,1341,No,2
MRD-013757,No,57.97,15,714.06,Plus,1,No,2.98,No,No,5G,2,264,No,2
MRD-013758,Yes,27.01,42,1293.42,Basic,3,No,5.62,Yes,Yes,4G,3,1474,Yes,4
MRD-013759,No,57.1,33,1477.76,Plus,1,Yes,2.16,No,Yes,5G,1,299,No,8
MRD-013760,No,103.45,49,5933.23,Premium,3,Yes,0.31,Yes,No,4G,1,478,Yes,1
MRD-013761,No,50.22,75,3499.84,Plus,2,No,8.16,Yes,Yes,5G,0,1154,No,10
MRD-013762,No,64.26,49,2692.9,Plus,1,No,9.22,Yes,Yes,4G,3,1496,No,5
MRD-013763,Yes,40.19,80,4059.35,Basic,2,No,0.3,No,Yes,4G,1,353,No,8
MRD-013764,No,66.97,30,2039.64,Plus,5,No,0.71,Yes,No,5G,1,893,Yes,10
MRD-013765,No,98.77,21,1882.89,Premium,4,No,0.85,No,No,4G,2,451,Yes,3
MRD-013766,Yes,64.67,95,3769.52,Plus,1,No,6.39,Yes,Yes,5G,1,836,No,7
MRD-013767,No,50.84,19,1350.71,Plus,4,No,4.31,Yes,Yes,5G,2,1494,Yes,8
MRD-013768,No,64.61,90,9768.92,Plus,4,No,10.25,No,No,4G,3,704,Yes,4
MRD-013769,No,35.87,6,241.57,Basic,5,No,0.64,Yes,No,5G,1,752,Yes,5
MRD-013770,No,105.83,75,6157.1,Premium,3,No,2.59,No,Yes,4G,1,659,Yes,7
MRD-013771,No,89.73,86,4025.91,Premium,1,No,0.76,Yes,Yes,4G,1,1111,No,2
MRD-013772,No,51.17,16,1031.02,Plus,3,No,1.44,No,No,5G,1,1095,Yes,7
MRD-013773,No,72.4,76,5560.6,Plus,5,Yes,0.35,Yes,No,4G,2,1312,Yes,10
MRD-013774,No,43.93,69,6160.49,Basic,4,No,3.06,Yes,No,5G,1,1208,Yes,4
MRD-013775,No,65.0,62,6298.62,Premium,4,No,2.95,Yes,No,5G,1,519,Yes,10
MRD-013776,No,57.95,15,1124.89,Plus,4,No,4.05,Yes,No,5G,2,174,Yes,2
MRD-013777,Yes,56.75,89,5506.27,Plus,5,No,12.34,Yes,No,5G,1,84,Yes,3
MRD-013778,No,33.24,15,809.17,Basic,1,No,4.43,Yes,Yes,4G,0,623,No,8
MRD-013779,No,94.2,28,4078.56,Premium,1,No,2.56,Yes,No,5G,3,126,No,8
MRD-013780,No,79.08,63,10954.54,Premium,1,No,4.33,Yes,No,5G,2,686,No,1
MRD-013781,Yes,35.37,4,196.22,Basic,1,No,0.75,No,No,5G,1,80,No,2
MRD-013782,No,41.75,52,2179.82,Basic,5,No,1.25,No,Yes,5G,4,388,Yes,4
MRD-013783,Yes,49.66,74,4255.86,Plus,4,No,3.44,No,Yes,4G,5,196,Yes,5
MRD-013784,No,57.14,61,2585.89,Plus,2,No,3.07,Yes,Yes,4G,2,1217,No,6
MRD-013785,No,101.24,96,10727.6,Premium,5,No,0.56,No,Yes,5G,4,2,Yes,2
MRD-013786,Yes,26.74,75,2410.08,Basic,1,No,3.57,No,No,4G,1,207,No,10
MRD-013787,No,64.39,38,1589.19,Plus,2,Yes,3.5,No,No,5G,2,1182,No,2
MRD-013788,No,94.12,11,611.01,Premium,1,Yes,1.33,No,No,5G,1,601,No,6
MRD-013789,No,37.79,59,2105.48,Basic,3,No,1.3,No,No,5G,2,610,Yes,9
MRD-013790,No,54.91,80,4464.25,Plus,1,No,2.63,Yes,Yes,4G,3,1409,No,9
MRD-013791,No,55.68,63,3711.46,Plus,1,Yes,0.81,Yes,No,4G,1,837,No,6
MRD-013792,No,60.64,19,1353.52,Plus,3,No,1.91,Yes,Yes,4G,3,1307,Yes,2
MRD-013793,No,95.63,79,8238.51,Premium,1,No,5.51,Yes,No,5G,1,40,No,10
MRD-013794,No,56.26,14,605.46,Plus,2,Yes,9.5,Yes,No,4G,1,1240,No,7
MRD-013795,No,70.79,76,4735.33,Premium,4,No,1.72,Yes,Yes,5G,0,509,Yes,10
MRD-013796,Yes,38.35,50,1017.16,Basic,3,No,3.59,No,No,5G,3,621,Yes,10
MRD-013797,Yes,54.57,73,1557.35,Plus,1,No,5.1,No,Yes,5G,1,233,No,7
MRD-013798,Yes,36.07,87,2817.78,Basic,1,No,3.27,No,No,4G,0,301,No,7
MRD-013799,No,51.68,13,985.06,Plus,5,No,1.08,No,No,5G,0,1317,Yes,6
MRD-013800,No,32.87,3,97.64,Basic,4,No,3.28,Yes,No,5G,3,404,Yes,1
MRD-013801,Yes,36.05,83,3397.04,Basic,4,No,2.07,Yes,No,5G,2,1241,Yes,1
MRD-013802,No,52.7,5,666.37,Plus,2,Yes,4.79,Yes,Yes,5G,0,606,No,2
MRD-013803,No,66.39,62,4921.84,Plus,3,Yes,5.01,Yes,No,5G,1,829,Yes,2
MRD-013804,No,36.22,73,3081.14,Basic,2,No,1.59,No,No,4G,2,660,No,3
MRD-013805,No,93.86,15,1830.16,Premium,1,No,1.85,Yes,No,5G,0,715,No,4
MRD-013806,No,55.78,64,10285.61,Plus,4,No,3.23,Yes,No,4G,1,1405,Yes,8
MRD-013807,No,115.05,55,2531.45,Premium,3,Yes,2.08,Yes,No,5G,3,6,Yes,7
MRD-013808,No,41.59,27,2021.06,Basic,2,No,5.25,No,Yes,5G,1,402,No,6
MRD-013809,No,59.13,53,2926.51,Plus,3,Yes,1.44,Yes,Yes,5G,2,70,Yes,2
MRD-013810,No,84.67,70,5923.85,Premium,2,Yes,0.95,Yes,No,4G,0,646,No,1
MRD-013811,No,55.55,32,1659.65,Plus,1,No,6.87,No,No,4G,1,1110,No,7
MRD-013812,No,56.83,1,53.43,Plus,3,No,2.55,Yes,No,5G,1,1000,Yes,9
MRD-013813,No,81.04,58,6384.43,Premium,2,No,1.67,No,No,4G,2,529,No,5
MRD-013814,No,101.88,61,5343.61,Premium,3,No,2.77,No,Yes,5G,1,213,Yes,4
MRD-013815,No,66.23,96,8021.34,Plus,2,No,3.68,Yes,No,5G,2,206,No,6
MRD-013816,Yes,30.8,24,1457.05,Basic,3,Yes,5.06,Yes,No,5G,2,385,Yes,5
MRD-013817,No,43.9,58,1375.28,Basic,2,Yes,2.26,No,No,4G,2,822,No,9
MRD-013818,No,53.53,44,2912.81,Plus,1,No,3.74,No,No,5G,1,1152,No,10
MRD-013819,Yes,67.91,72,3441.97,Plus,4,No,4.69,No,Yes,4G,3,1064,Yes,9
MRD-013820,No,96.03,14,2301.51,Premium,1,No,3.54,Yes,No,5G,0,1026,No,10
MRD-013821,No,59.41,12,1514.99,Plus,1,No,1.26,No,Yes,4G,1,1123,No,5
MRD-013822,No,32.46,39,2020.87,Basic,2,No,2.8,Yes,Yes,5G,2,1053,No,3
MRD-013823,No,94.63,16,1152.8,Premium,1,Yes,4.38,No,No,4G,2,1041,No,1
MRD-013824,No,66.39,83,2475.46,Plus,1,No,1.62,No,No,4G,2,635,No,2
MRD-013825,No,33.66,17,450.09,Basic,5,Yes,1.37,No,No,5G,1,954,Yes,7
MRD-013826,No,38.86,11,1252.23,Basic,5,No,4.68,Yes,Yes,5G,1,1004,Yes,7
MRD-013827,No,49.04,31,2220.42,Plus,5,No,8.41,No,No,4G,0,971,Yes,9
MRD-013828,No,70.81,48,4525.02,Plus,5,No,2.73,No,No,5G,1,1411,Yes,9
MRD-013829,Yes,25.48,90,2014.81,Basic,1,No,2.18,No,No,4G,0,817,No,3
MRD-013830,Yes,55.96,21,1799.62,Plus,1,Yes,1.76,No,No,4G,3,597,No,5
MRD-013831,No,50.19,52,3696.16,Plus,2,No,3.08,Yes,Yes,4G,1,1118,No,1
MRD-013832,Yes,94.17,9,1012.24,Premium,3,No,0.07,Yes,No,4G,1,524,Yes,3
MRD-013833,No,30.89,81,1679.45,Basic,1,No,3.92,No,No,5G,1,258,No,5
MRD-013834,No,61.91,65,8632.89,Plus,2,No,6.31,No,No,5G,1,1221,No,2
MRD-013835,No,67.19,63,12413.78,Plus,1,No,2.22,No,Yes,5G,1,1471,No,5
MRD-013836,No,61.36,15,1810.45,Plus,1,No,0.69,Yes,No,4G,1,1338,No,2
MRD-013837,Yes,37.35,7,171.06,Basic,2,Yes,0.15,Yes,No,4G,1,493,No,10
MRD-013838,No,106.73,93,14187.8,Premium,2,No,3.24,Yes,No,4G,3,1470,No,3
MRD-013839,No,50.91,10,297.52,Plus,5,Yes,7.47,No,No,5G,1,154,Yes,7
MRD-013840,No,31.58,15,516.69,Basic,1,No,4.68,Yes,Yes,4G,1,543,No,2
MRD-013841,No,53.95,13,662.24,Plus,1,Yes,3.68,Yes,Yes,5G,1,483,No,3
MRD-013842,No,30.95,1,276.82,Basic,4,No,7.34,Yes,No,5G,3,277,Yes,9
MRD-013843,No,36.36,86,5273.07,Basic,1,Yes,0.12,Yes,Yes,5G,1,935,No,3
MRD-013844,No,89.13,19,1380.62,Premium,3,No,3.62,No,Yes,5G,1,796,Yes,5
MRD-013845,No,60.28,59,6199.13,Plus,4,No,0.49,Yes,No,5G,0,1113,Yes,7
MRD-013846,No,70.92,40,4554.56,Plus,2,No,1.18,No,Yes,4G,4,201,No,1
MRD-013847,No,33.55,45,2176.7,Basic,4,No,7.95,Yes,No,4G,3,845,Yes,1
MRD-013848,No,65.96,41,1721.55,Premium,1,No,2.63,Yes,No,4G,1,54,No,3
MRD-013849,No,35.73,59,3675.84,Basic,1,Yes,0.84,Yes,No,5G,2,147,No,9
MRD-013850,No,61.66,7,903.74,Plus,1,No,5.44,Yes,No,4G,0,207,No,10
MRD-013851,No,38.0,29,1010.14,Basic,4,No,1.51,Yes,No,5G,1,1314,Yes,8
MRD-013852,No,72.49,64,5225.73,Plus,2,No,1.95,Yes,No,5G,1,788,No,1
MRD-013853,No,109.23,18,1860.28,Premium,3,No,9.74,Yes,Yes,4G,0,1012,Yes,5
MRD-013854,No,58.42,95,5732.51,Plus,1,No,3.54,Yes,Yes,4G,0,513,No,4
MRD-013855,Yes,33.58,20,598.35,Basic,1,No,3.64,No,Yes,5G,1,116,No,6
MRD-013856,Yes,57.79,23,2107.75,Plus,4,No,1.99,No,No,4G,2,826,Yes,2
MRD-013857,No,24.36,15,820.55,Basic,1,Yes,1.18,Yes,No,4G,1,101,No,1
MRD-013858,No,65.1,24,1450.74,Plus,1,No,0.1,No,No,5G,2,151,No,8
MRD-013859,No,33.13,96,1977.88,Basic,1,No,3.33,No,No,4G,0,643,No,5
MRD-013860,No,55.86,10,495.7,Plus,2,No,6.97,Yes,No,5G,2,437,No,1
MRD-013861,Yes,28.73,80,3926.18,Basic,3,Yes,1.06,Yes,Yes,5G,0,812,Yes,6
MRD-013862,Yes,30.16,26,1418.65,Basic,2,No,5.56,Yes,No,5G,1,461,No,6
MRD-013863,No,34.38,62,2018.84,Basic,1,No,2.6,Yes,Yes,5G,0,1431,No,5
MRD-013864,No,64.59,53,4929.95,Plus,1,No,0.98,No,Yes,4G,1,742,No,6
MRD-013865,No,69.81,77,7635.58,Plus,2,Yes,2.29,Yes,Yes,4G,1,1256,No,2
MRD-013866,No,37.17,41,1603.39,Basic,3,No,1.75,Yes,No,5G,2,1113,Yes,2
MRD-013867,No,94.47,70,4318.7,Premium,2,No,3.6,Yes,No,5G,4,561,No,6
MRD-013868,No,71.31,69,6688.53,Plus,1,No,9.15,No,No,4G,3,1037,No,3
MRD-013869,No,33.22,9,285.95,Basic,1,No,0.85,Yes,No,5G,1,551,No,7
MRD-013870,No,58.6,84,3401.61,Plus,1,No,6.24,No,Yes,4G,1,484,No,9
MRD-013871,No,52.45,14,665.49,Plus,1,No,0.86,Yes,No,5G,2,486,No,7
MRD-013872,Yes,29.79,94,5557.19,Basic,3,No,6.21,Yes,Yes,5G,4,177,Yes,1
MRD-013873,No,88.56,78,12686.91,Premium,2,No,3.23,Yes,No,4G,3,529,No,2
MRD-013874,Yes,34.34,96,2706.28,Basic,2,No,2.66,Yes,Yes,5G,1,919,No,2
MRD-013875,No,94.36,2,351.26,Premium,1,No,0.93,Yes,Yes,4G,2,317,No,9
MRD-013876,No,36.83,63,2328.1,Basic,1,No,4.6,Yes,No,5G,0,710,No,2
MRD-013877,No,65.83,62,4203.06,Plus,2,No,3.06,Yes,Yes,4G,1,1312,No,5
MRD-013878,No,89.42,34,3461.1,Premium,2,No,9.99,No,No,5G,2,999,No,8
MRD-013879,No,38.82,88,4652.5,Basic,2,No,4.74,No,No,5G,2,245,No,3
MRD-013880,No,64.36,84,3442.61,Plus,1,No,1.58,Yes,Yes,5G,2,1090,No,10
MRD-013881,No,44.96,4,224.13,Basic,4,Yes,7.16,Yes,No,5G,0,825,Yes,9
MRD-013882,No,57.4,31,2010.58,Plus,3,No,0.97,Yes,Yes,5G,3,185,Yes,4
MRD-013883,Yes,78.16,76,2829.26,Plus,2,No,3.22,No,Yes,4G,0,467,No,10
MRD-013884,Yes,44.75,24,1163.0,Basic,2,No,3.25,Yes,Yes,4G,2,712,No,9
MRD-013885,No,62.84,9,807.76,Plus,2,Yes,7.65,Yes,No,5G,2,1068,No,2
MRD-013886,Yes,42.52,64,4617.99,Basic,2,No,1.46,Yes,No,5G,1,1407,No,2
MRD-013887,No,36.78,36,1447.48,Basic,1,Yes,5.47,Yes,No,5G,2,1018,No,6
MRD-013888,No,85.21,38,4915.39,Premium,2,No,1.18,Yes,Yes,5G,0,204,No,5
MRD-013889,No,37.28,58,667.51,Basic,1,No,0.51,No,No,4G,1,336,No,3
MRD-013890,No,101.13,94,8637.29,Premium,2,No,1.4,Yes,Yes,5G,2,1293,No,1
MRD-013891,No,56.55,61,5225.39,Plus,4,No,1.12,Yes,No,4G,1,1046,Yes,8
MRD-013892,No,59.3,45,1887.89,Plus,1,No,11.01,Yes,Yes,5G,1,1146,No,1
MRD-013893,Yes,31.92,4,236.59,Basic,2,No,3.08,No,No,5G,2,1144,No,10
MRD-013894,No,122.05,23,3619.12,Premium,3,No,3.67,Yes,No,5G,0,146,Yes,9
MRD-013895,No,68.01,41,7457.05,Plus,1,No,1.26,Yes,No,4G,1,569,No,9
MRD-013896,Yes,65.37,13,1037.47,Plus,1,No,0.62,No,No,5G,2,919,No,1
MRD-013897,Yes,34.74,29,1141.08,Basic,2,No,4.03,Yes,No,4G,1,1452,No,3
MRD-013898,No,73.31,85,9799.1,Premium,1,Yes,0.24,Yes,No,4G,1,942,No,2
MRD-013899,No,54.91,22,946.49,Plus,2,No,1.48,No,No,4G,0,1275,No,5
MRD-013900,No,64.42,85,2978.27,Plus,5,No,0.8,No,Yes,4G,0,1383,Yes,9
MRD-013901,No,33.13,26,319.0,Basic,3,Yes,2.07,Yes,No,5G,0,120,Yes,1
MRD-013902,No,37.39,40,1391.58,Basic,1,No,3.47,Yes,No,4G,2,1151,No,9
MRD-013903,No,35.77,25,1944.45,Basic,3,Yes,8.42,Yes,Yes,4G,0,1063,Yes,8
MRD-013904,No,106.37,53,5336.35,Premium,3,No,3.64,Yes,Yes,4G,2,676,Yes,5
MRD-013905,Yes,31.45,26,373.71,Basic,1,Yes,5.61,Yes,Yes,5G,4,1175,No,3
MRD-013906,No,64.07,61,4061.69,Plus,1,No,1.39,Yes,Yes,5G,0,1493,No,3
MRD-013907,No,60.68,49,7079.12,Plus,3,No,1.4,Yes,No,4G,2,1208,Yes,8
MRD-013908,No,100.79,1,236.27,Premium,2,No,2.39,Yes,Yes,5G,3,219,No,2
MRD-013909,No,57.31,36,2555.11,Plus,2,No,2.57,Yes,Yes,5G,0,158,No,10
MRD-013910,No,70.44,56,6936.13,Plus,1,No,5.06,Yes,No,5G,3,1269,No,1
MRD-013911,No,30.34,83,3241.69,Basic,2,No,3.76,No,Yes,4G,0,1220,No,7
MRD-013912,No,92.84,50,3377.04,Premium,1,No,2.13,Yes,Yes,5G,1,1230,No,9
MRD-013913,No,60.36,34,1715.35,Plus,1,No,1.07,Yes,No,5G,1,807,No,5
MRD-013914,No,102.56,93,12821.1,Premium,5,Yes,11.32,No,No,4G,1,1291,Yes,2
MRD-013915,No,31.66,7,383.31,Basic,1,No,12.82,No,No,4G,2,1292,No,1
MRD-013916,No,60.07,41,3121.85,Plus,4,No,5.44,No,No,5G,1,259,Yes,2
MRD-013917,Yes,110.57,3,806.61,Premium,2,No,3.82,Yes,Yes,4G,1,1253,No,8
MRD-013918,Yes,63.24,85,4672.66,Plus,1,No,1.64,Yes,Yes,5G,0,1143,No,2
MRD-013919,No,34.65,7,210.88,Basic,1,No,0.49,Yes,No,5G,2,988,No,5
MRD-013920,Yes,42.14,35,1771.94,Basic,1,No,6.39,No,No,4G,4,1258,No,4
MRD-013921,No,59.3,85,5790.54,Plus,1,Yes,12.61,No,Yes,4G,3,325,No,5
MRD-013922,No,59.98,47,2713.98,Plus,2,No,4.63,Yes,No,5G,3,932,No,9
MRD-013923,No,99.5,32,1598.55,Premium,1,No,1.59,Yes,No,5G,0,929,No,3
MRD-013924,No,90.88,73,6880.89,Premium,2,No,2.13,No,No,5G,0,1149,No,5
MRD-013925,No,66.28,40,2940.92,Premium,4,No,0.3,Yes,No,5G,1,158,Yes,1
MRD-013926,No,64.74,39,1972.56,Plus,1,No,11.5,Yes,No,5G,0,1212,No,7
MRD-013927,No,102.85,11,805.91,Premium,4,Yes,1.78,Yes,No,4G,2,427,Yes,7
MRD-013928,No,68.93,52,4820.99,Plus,4,No,2.88,No,No,4G,3,753,Yes,2
MRD-013929,No,33.3,30,1549.2,Basic,2,No,6.11,No,Yes,5G,1,722,No,2
MRD-013930,No,93.82,91,11756.65,Premium,1,Yes,3.05,No,No,5G,2,332,No,8
MRD-013931,Yes,33.42,41,1167.63,Basic,2,No,1.07,Yes,No,5G,3,538,No,9
MRD-013932,No,94.3,24,1392.65,Premium,1,No,1.81,Yes,No,5G,2,1024,No,7
MRD-013933,No,99.76,62,6867.15,Premium,3,No,6.74,Yes,Yes,4G,0,56,Yes,6
MRD-013934,No,31.39,2,291.09,Basic,2,No,3.35,No,Yes,5G,0,676,No,4
MRD-013935,No,69.75,36,2045.42,Plus,4,Yes,2.71,Yes,No,5G,0,1156,Yes,8
MRD-013936,No,65.29,38,1939.72,Plus,1,No,1.55,No,Yes,4G,3,933,No,10
MRD-013937,No,32.58,66,1671.69,Basic,1,Yes,2.74,Yes,Yes,5G,1,1298,No,6
MRD-013938,Yes,28.7,77,2734.97,Basic,1,No,0.06,Yes,No,4G,0,710,No,9
MRD-013939,No,67.46,79,3929.07,Plus,1,No,2.82,Yes,Yes,4G,0,285,No,5
MRD-013940,No,33.52,34,2057.97,Basic,1,No,2.37,Yes,Yes,4G,0,1279,No,3
MRD-013941,No,39.3,29,1064.5,Basic,2,No,9.52,No,Yes,5G,2,1228,No,9
MRD-013942,No,46.95,83,4787.76,Plus,4,No,7.06,Yes,No,4G,0,343,Yes,10
MRD-013943,No,93.66,27,2406.57,Premium,1,No,3.48,Yes,No,5G,0,103,No,1
MRD-013944,No,32.37,10,537.71,Basic,1,No,6.17,Yes,Yes,5G,1,210,No,7
MRD-013945,Yes,34.07,26,512.4,Basic,4,No,5.2,No,Yes,5G,1,540,Yes,7
MRD-013946,Yes,28.17,71,2115.59,Basic,4,No,2.46,No,No,5G,1,661,Yes,7
MRD-013947,Yes,80.45,68,7015.46,Premium,2,No,1.03,Yes,No,5G,4,934,No,7
MRD-013948,No,58.12,91,5656.16,Plus,3,No,6.49,No,No,5G,0,203,Yes,7
MRD-013949,No,35.81,84,2022.58,Basic,2,No,0.66,No,No,5G,2,67,No,4
MRD-013950,No,102.09,29,6725.64,Premium,1,No,4.52,No,Yes,5G,1,711,No,10
MRD-013951,No,36.17,3,251.33,Basic,1,No,4.19,Yes,Yes,5G,2,142,No,4
MRD-013952,No,85.02,22,1741.4,Premium,2,No,0.49,Yes,No,5G,0,940,No,9
MRD-013953,Yes,30.08,61,1334.84,Basic,3,No,3.82,Yes,No,5G,2,225,Yes,9
MRD-013954,No,67.76,42,5868.67,Plus,1,No,2.41,Yes,No,4G,3,563,No,8
MRD-013955,No,85.94,67,3682.03,Premium,2,No,1.66,Yes,No,4G,0,1249,No,10
MRD-013956,No,46.89,60,4615.4,Basic,4,Yes,2.35,Yes,Yes,5G,2,1464,Yes,9
MRD-013957,Yes,26.98,2,320.71,Basic,1,No,2.35,No,No,4G,2,1405,No,7
MRD-013958,No,28.03,56,1236.89,Basic,1,No,0.51,Yes,No,4G,1,672,No,7
MRD-013959,No,95.82,17,2845.99,Premium,2,No,0.93,Yes,Yes,5G,1,378,No,5
MRD-013960,No,39.75,50,2201.36,Basic,1,No,1.17,Yes,Yes,5G,2,289,No,10
MRD-013961,No,115.64,61,15033.81,Premium,2,No,4.67,Yes,No,4G,1,115,No,3
MRD-013962,No,60.57,95,5086.73,Plus,2,No,0.49,Yes,No,4G,0,179,No,2
MRD-013963,No,39.99,27,951.11,Basic,1,No,0.36,No,No,5G,2,1059,No,2
MRD-013964,No,92.32,41,5278.87,Premium,1,No,0.64,Yes,No,5G,1,1060,No,3
MRD-013965,No,27.12,0,133.99,Basic,2,No,4.53,Yes,No,5G,1,1455,No,5
MRD-013966,Yes,52.01,33,1767.06,Plus,1,No,5.0,No,No,5G,1,827,No,8
MRD-013967,No,61.35,96,5531.95,Plus,2,No,4.31,No,No,4G,2,1422,No,10
MRD-013968,No,42.31,7,232.92,Basic,3,Yes,4.11,Yes,Yes,4G,1,436,Yes,10
MRD-013969,No,62.28,62,4657.68,Plus,2,No,1.11,No,Yes,5G,2,715,No,4
MRD-013970,Yes,37.37,6,382.64,Basic,2,No,2.28,No,Yes,4G,0,741,No,5
MRD-013971,Yes,34.26,83,4204.37,Basic,3,Yes,4.63,No,No,5G,4,700,Yes,6
MRD-013972,No,89.42,48,1953.19,Premium,1,Yes,7.95,Yes,No,5G,1,992,No,4
MRD-013973,Yes,38.82,77,2285.53,Basic,4,No,2.07,Yes,No,5G,1,1159,Yes,6
MRD-013974,No,76.08,44,4758.8,Premium,3,Yes,0.6,Yes,No,4G,4,670,Yes,4
MRD-013975,No,101.22,40,3204.09,Premium,5,No,2.88,Yes,No,5G,4,850,Yes,7
MRD-013976,No,31.67,55,1905.19,Basic,5,No,0.51,Yes,Yes,5G,2,1255,Yes,7
MRD-013977,No,40.22,30,1465.68,Basic,2,No,5.77,No,No,5G,0,1487,No,3
MRD-013978,No,68.47,47,2006.39,Plus,4,Yes,4.07,Yes,No,5G,1,1122,Yes,6
MRD-013979,No,58.02,70,3793.5,Plus,3,No,4.04,No,Yes,5G,3,1299,Yes,3
MRD-013980,No,61.2,66,6725.68,Plus,4,No,8.31,No,Yes,4G,0,249,Yes,7
MRD-013981,Yes,71.78,3,515.0,Plus,2,No,1.5,No,No,4G,0,1441,No,1
MRD-013982,No,42.21,30,1245.02,Basic,1,No,2.98,Yes,No,5G,1,844,No,7
MRD-013983,No,55.87,22,1892.54,Plus,4,No,5.76,Yes,Yes,4G,1,376,Yes,8
MRD-013984,Yes,35.64,88,1780.82,Basic,1,No,1.85,No,Yes,4G,3,824,No,5
MRD-013985,No,103.41,7,2029.82,Premium,1,No,0.41,Yes,No,5G,1,645,No,5
MRD-013986,No,61.14,84,5210.02,Plus,1,No,1.72,Yes,No,4G,2,683,No,8
MRD-013987,No,92.26,81,7247.48,Premium,1,No,2.87,Yes,No,5G,2,16,No,5
MRD-013988,Yes,31.53,26,691.52,Basic,2,No,2.62,No,No,5G,1,1191,No,1
MRD-013989,Yes,101.21,12,1352.38,Premium,4,No,3.51,No,No,4G,2,412,Yes,10
MRD-013990,No,41.26,51,2218.2,Basic,1,No,10.22,No,No,5G,1,13,No,2
MRD-013991,No,35.45,0,195.33,Basic,3,Yes,1.44,Yes,Yes,4G,1,69,Yes,6
MRD-013992,No,92.11,35,3085.83,Premium,4,Yes,7.87,Yes,Yes,4G,0,1398,Yes,1
MRD-013993,No,97.26,10,1382.87,Premium,2,No,0.66,Yes,No,5G,4,885,No,2
MRD-013994,No,54.1,49,7568.93,Plus,4,No,5.36,Yes,No,5G,1,329,Yes,5
MRD-013995,No,55.65,30,2727.89,Plus,3,No,5.47,No,Yes,5G,2,1006,Yes,10
MRD-013996,No,57.11,65,4759.16,Plus,2,No,0.3,Yes,Yes,5G,0,1416,No,4
MRD-013997,No,67.32,47,5613.14,Plus,2,No,2.56,No,Yes,5G,1,352,No,9
MRD-013998,No,27.71,74,1484.83,Basic,1,No,4.85,Yes,Yes,5G,3,795,No,7
MRD-013999,No,31.22,39,2221.84,Basic,1,Yes,4.79,Yes,No,5G,1,1403,No,6
MRD-014000,No,71.36,29,1602.04,Plus,1,No,1.22,No,Yes,5G,2,465,No,8
