{
  "run_id": "v1",
  "timestamp": "2026-07-11T14:22:07.996232",
  "config_used": {
    "split": {
      "test_size": 0.2,
      "seed": 42
    },
    "model": {
      "n_estimators": 200,
      "max_depth": 3,
      "learning_rate": 0.05,
      "random_state": 42
    }
  },
  "n_train": 5634,
  "n_test": 1409,
  "churn_rate_train": 0.2653532126375577,
  "churn_rate_test": 0.2654364797728886,
  "roc_auc": 0.8421956134232348,
  "pr_auc": 0.6607384136110945
}